locus_tag	ftype	length_bp	gene	EC_number	COG	product
EKHJKCLP_00001	CDS	1413	dnaA	3.6.4.-	COG0593	Chromosomal replication initiator protein DnaA
EKHJKCLP_00002	CDS	744	nfrA2	1.5.1.39	COG0778	FMN reductase [NAD(P)H]
EKHJKCLP_00003	CDS	2538				hypothetical protein
EKHJKCLP_00004	CDS	2682				hypothetical protein
EKHJKCLP_00005	CDS	393	folB	4.1.2.25		Dihydroneopterin aldolase
EKHJKCLP_00006	CDS	522	mgsA_1	4.2.3.3	COG1803	Methylglyoxal synthase
EKHJKCLP_00007	CDS	1083				hypothetical protein
EKHJKCLP_00008	CDS	936	lpxL	2.3.1.241		Lipid A biosynthesis lauroyltransferase
EKHJKCLP_00009	CDS	1320	mtaB	2.8.4.5	COG0621	Threonylcarbamoyladenosine tRNA methylthiotransferase MtaB
EKHJKCLP_00010	CDS	1674		6.2.1.3	COG1022	Long-chain-fatty-acid--CoA ligase FadD15
EKHJKCLP_00011	CDS	216				hypothetical protein
EKHJKCLP_00012	CDS	906	iolE	4.2.1.44		Inosose dehydratase
EKHJKCLP_00013	CDS	864		3.2.1.218	COG2152	3-keto-disaccharide hydrolase
EKHJKCLP_00014	CDS	1488	iolG_1	1.1.1.369		Inositol 2-dehydrogenase/D-chiro-inositol 3-dehydrogenase
EKHJKCLP_00015	CDS	1113	iolG_2	1.1.1.369		Inositol 2-dehydrogenase/D-chiro-inositol 3-dehydrogenase
EKHJKCLP_00016	CDS	1662				hypothetical protein
EKHJKCLP_00017	CDS	444	rplI			Large ribosomal subunit protein bL9
EKHJKCLP_00018	CDS	273	rpsR			Small ribosomal subunit protein bS18
EKHJKCLP_00019	CDS	345	rpsF			Small ribosomal subunit protein bS6
EKHJKCLP_00020	CDS	447	slyA			Transcriptional regulator SlyA
EKHJKCLP_00021	CDS	177				hypothetical protein
EKHJKCLP_00022	CDS	702	mprA		COG0745	Response regulator MprA
EKHJKCLP_00023	CDS	1548	sasA_1	2.7.13.3		Adaptive-response sensory-kinase SasA
EKHJKCLP_00024	CDS	2157	fusA_1		COG0480	Elongation factor G
EKHJKCLP_00025	CDS	1131	hemW_1		COG0635	Heme chaperone HemW
EKHJKCLP_00026	CDS	561				hypothetical protein
EKHJKCLP_00027	CDS	891				hypothetical protein
EKHJKCLP_00028	CDS	2685				hypothetical protein
EKHJKCLP_00029	CDS	1041				hypothetical protein
EKHJKCLP_00030	CDS	678	lptB_1	7.5.2.-	COG1137	Lipopolysaccharide export system ATP-binding protein LptB
EKHJKCLP_00031	CDS	306				hypothetical protein
EKHJKCLP_00032	CDS	288				hypothetical protein
EKHJKCLP_00033	CDS	609	lysO_1		COG2431	Lysine exporter LysO
EKHJKCLP_00034	CDS	156				hypothetical protein
EKHJKCLP_00035	CDS	1059				hypothetical protein
EKHJKCLP_00036	CDS	126				hypothetical protein
EKHJKCLP_00037	CDS	693		3.1.3.3		Phosphoserine phosphatase
EKHJKCLP_00038	CDS	1059				hypothetical protein
EKHJKCLP_00039	CDS	1233	aroA	2.5.1.19	COG0128	3-phosphoshikimate 1-carboxyvinyltransferase
EKHJKCLP_00040	CDS	3114			COG4771	TonB-dependent receptor P3
EKHJKCLP_00041	CDS	1971				hypothetical protein
EKHJKCLP_00042	CDS	1131				hypothetical protein
EKHJKCLP_00043	CDS	1002				hypothetical protein
EKHJKCLP_00044	CDS	1122				hypothetical protein
EKHJKCLP_00045	CDS	417				hypothetical protein
EKHJKCLP_00046	CDS	810	znuB		COG1108	High-affinity zinc uptake system membrane protein ZnuB
EKHJKCLP_00047	CDS	414	tsaE		COG0802	tRNA threonylcarbamoyladenosine biosynthesis protein TsaE
EKHJKCLP_00048	CDS	255				hypothetical protein
EKHJKCLP_00049	CDS	1311				hypothetical protein
EKHJKCLP_00050	CDS	975	moxR1_1		COG0714	Chaperone MoxR1
EKHJKCLP_00051	CDS	1284				hypothetical protein
EKHJKCLP_00052	CDS	615				hypothetical protein
EKHJKCLP_00053	CDS	942				hypothetical protein
EKHJKCLP_00054	CDS	963				hypothetical protein
EKHJKCLP_00055	CDS	726				hypothetical protein
EKHJKCLP_00056	CDS	336				hypothetical protein
EKHJKCLP_00057	CDS	315	trxA			Thioredoxin 1
EKHJKCLP_00058	CDS	3807	dnaE	2.7.7.7		DNA polymerase III subunit alpha
EKHJKCLP_00059	CDS	687	psd	4.1.1.65		Phosphatidylserine decarboxylase proenzyme
EKHJKCLP_00060	CDS	708				hypothetical protein
EKHJKCLP_00061	CDS	285				hypothetical protein
EKHJKCLP_00062	CDS	438	tadA_1	3.5.4.33		tRNA-specific adenosine deaminase
EKHJKCLP_00063	CDS	204				hypothetical protein
EKHJKCLP_00064	CDS	366				hypothetical protein
EKHJKCLP_00065	CDS	357	yjbR		COG2315	putative protein YjbR
EKHJKCLP_00066	CDS	759	birA	6.3.4.15	COG0340	Bifunctional ligase/repressor BirA
EKHJKCLP_00067	CDS	1068				hypothetical protein
EKHJKCLP_00068	CDS	660				hypothetical protein
EKHJKCLP_00069	CDS	1329	dinF		COG0534	DNA damage-inducible protein F
EKHJKCLP_00070	CDS	711	pyrH	2.7.4.22	COG0528	Uridylate kinase
EKHJKCLP_00071	CDS	912				hypothetical protein
EKHJKCLP_00072	CDS	561	frr		COG0233	Ribosome-recycling factor
EKHJKCLP_00073	CDS	933	rsgA	3.6.1.-	COG1162	Small ribosomal subunit biogenesis GTPase RsgA
EKHJKCLP_00074	CDS	1086	mdtA_1			Multidrug resistance protein MdtA
EKHJKCLP_00075	CDS	3033	bepE_1			Efflux pump membrane transporter BepE
EKHJKCLP_00076	CDS	1347				hypothetical protein
EKHJKCLP_00077	CDS	1161	wecH	2.3.1.-		O-acetyltransferase WecH
EKHJKCLP_00078	CDS	1638	fumB	4.2.1.2	COG1838	Fumarate hydratase class I, anaerobic
EKHJKCLP_00079	CDS	2031				hypothetical protein
EKHJKCLP_00080	CDS	1257	hflX			GTPase HflX
EKHJKCLP_00081	CDS	882				hypothetical protein
EKHJKCLP_00082	CDS	1626				hypothetical protein
EKHJKCLP_00083	CDS	3009			COG4771	TonB-dependent receptor P39
EKHJKCLP_00084	CDS	1035	xerC_1			Tyrosine recombinase XerC
EKHJKCLP_00085	CDS	120				hypothetical protein
EKHJKCLP_00086	CDS	99				hypothetical protein
EKHJKCLP_00087	CDS	3174				hypothetical protein
EKHJKCLP_00088	CDS	1560				hypothetical protein
EKHJKCLP_00089	CDS	660				hypothetical protein
EKHJKCLP_00090	CDS	693	yfnB	3.-.-.-	COG1011	Putative HAD-hydrolase YfnB
EKHJKCLP_00091	CDS	858				hypothetical protein
EKHJKCLP_00092	CDS	675	rsmI_1	2.1.1.198	COG0313	Ribosomal RNA small subunit methyltransferase I
EKHJKCLP_00093	CDS	600				hypothetical protein
EKHJKCLP_00094	CDS	1839				hypothetical protein
EKHJKCLP_00095	CDS	1521				hypothetical protein
EKHJKCLP_00096	CDS	3207	susC_1		COG1629	TonB-dependent receptor SusC
EKHJKCLP_00097	CDS	600	tdk	2.7.1.21	COG1435	Thymidine kinase
EKHJKCLP_00098	CDS	1134				hypothetical protein
EKHJKCLP_00099	tRNA	74				tRNA-Lys(ttt)
EKHJKCLP_00100	CDS	858				hypothetical protein
EKHJKCLP_00101	CDS	1143			COG2885	Outer membrane protein 41
EKHJKCLP_00102	CDS	843		3.2.1.103		Keratan-sulfate endo-1,4-beta-galactosidase
EKHJKCLP_00103	CDS	825		3.2.1.103		Keratan-sulfate endo-1,4-beta-galactosidase
EKHJKCLP_00104	CDS	1578				hypothetical protein
EKHJKCLP_00105	CDS	3246	susC_2		COG1629	TonB-dependent receptor SusC
EKHJKCLP_00106	CDS	3924	rcsC_1	2.7.13.3		Sensor histidine kinase RcsC
EKHJKCLP_00107	CDS	141				hypothetical protein
EKHJKCLP_00108	CDS	219				hypothetical protein
EKHJKCLP_00109	CDS	171				hypothetical protein
EKHJKCLP_00110	CDS	636				hypothetical protein
EKHJKCLP_00111	CDS	2130	kefB_1			Glutathione-regulated potassium-efflux system protein KefB
EKHJKCLP_00112	CDS	1266				hypothetical protein
EKHJKCLP_00113	CDS	1761	nag3	3.2.1.21		Beta-N-acetylglucosaminidase/beta-glucosidase
EKHJKCLP_00114	CDS	4077	rcsC_2	2.7.13.3		Sensor histidine kinase RcsC
EKHJKCLP_00115	CDS	1716				hypothetical protein
EKHJKCLP_00116	CDS	3162			COG4771	TonB-dependent receptor P39
EKHJKCLP_00117	CDS	2115				hypothetical protein
EKHJKCLP_00118	CDS	1749				hypothetical protein
EKHJKCLP_00119	CDS	777				hypothetical protein
EKHJKCLP_00120	CDS	1386				hypothetical protein
EKHJKCLP_00121	CDS	636	sipS	3.4.21.89	COG0681	Signal peptidase I S
EKHJKCLP_00122	CDS	705	arnC	2.4.2.53		Undecaprenyl-phosphate 4-deoxy-4-formamido-L-arabinose transferase
EKHJKCLP_00123	CDS	1455				hypothetical protein
EKHJKCLP_00124	CDS	459				hypothetical protein
EKHJKCLP_00125	CDS	630				hypothetical protein
EKHJKCLP_00126	CDS	1218				hypothetical protein
EKHJKCLP_00127	CDS	462				hypothetical protein
EKHJKCLP_00128	CDS	1284				hypothetical protein
EKHJKCLP_00129	CDS	522				hypothetical protein
EKHJKCLP_00130	CDS	1554				hypothetical protein
EKHJKCLP_00131	CDS	1956				hypothetical protein
EKHJKCLP_00132	CDS	1374	mepA_1			Multidrug export protein MepA
EKHJKCLP_00133	CDS	501				hypothetical protein
EKHJKCLP_00134	CDS	1077				hypothetical protein
EKHJKCLP_00135	CDS	1830	rlhA		COG0826	23S rRNA 5-hydroxycytidine synthase
EKHJKCLP_00136	CDS	918	metAA	2.3.1.31	COG1897	Homoserine O-acetyltransferase
EKHJKCLP_00137	CDS	171				Ferredoxin
EKHJKCLP_00138	CDS	1194		2.6.1.1		Aspartate/prephenate aminotransferase
EKHJKCLP_00139	CDS	1215	ribBA		COG0108	Riboflavin biosynthesis protein RibBA
EKHJKCLP_00140	CDS	1917				hypothetical protein
EKHJKCLP_00141	CDS	387				hypothetical protein
EKHJKCLP_00142	tRNA	75				tRNA-Met(cat)
EKHJKCLP_00143	CDS	1287				hypothetical protein
EKHJKCLP_00144	CDS	495				hypothetical protein
EKHJKCLP_00145	CDS	810				hypothetical protein
EKHJKCLP_00146	CDS	252				hypothetical protein
EKHJKCLP_00147	CDS	936				hypothetical protein
EKHJKCLP_00148	CDS	153				hypothetical protein
EKHJKCLP_00149	CDS	96				hypothetical protein
EKHJKCLP_00150	CDS	384				hypothetical protein
EKHJKCLP_00151	CDS	432				hypothetical protein
EKHJKCLP_00152	CDS	405				hypothetical protein
EKHJKCLP_00153	CDS	636	tnpR_1			Transposon gamma-delta resolvase
EKHJKCLP_00154	CDS	1026				hypothetical protein
EKHJKCLP_00155	CDS	624				hypothetical protein
EKHJKCLP_00156	CDS	1209				hypothetical protein
EKHJKCLP_00157	CDS	981				hypothetical protein
EKHJKCLP_00158	CDS	1323				hypothetical protein
EKHJKCLP_00159	CDS	435				hypothetical protein
EKHJKCLP_00160	CDS	366				hypothetical protein
EKHJKCLP_00161	CDS	1587				IS66 family transposase ISBthe6
EKHJKCLP_00162	CDS	1221				hypothetical protein
EKHJKCLP_00163	CDS	1230	xerC_2			Tyrosine recombinase XerC
EKHJKCLP_00164	CDS	543				hypothetical protein
EKHJKCLP_00165	CDS	891				hypothetical protein
EKHJKCLP_00166	CDS	3363			COG4771	TonB-dependent receptor P3
EKHJKCLP_00167	CDS	1548				hypothetical protein
EKHJKCLP_00168	CDS	2574		3.2.1.23	COG3250	Beta-galactosidase BoGH2A
EKHJKCLP_00169	CDS	1491				hypothetical protein
EKHJKCLP_00170	CDS	1308	guaA_1	6.3.5.2		GMP synthase [glutamine-hydrolyzing]
EKHJKCLP_00171	CDS	1440	srrB	2.7.13.3		Sensor protein SrrB
EKHJKCLP_00172	CDS	1131	kdpD	2.7.13.3	COG2205	Sensor protein KdpD
EKHJKCLP_00173	CDS	744				hypothetical protein
EKHJKCLP_00174	CDS	576	kdpC		COG2156	Potassium-transporting ATPase KdpC subunit
EKHJKCLP_00175	CDS	2034	kdpB	7.2.2.6	COG2216	Potassium-transporting ATPase ATP-binding subunit
EKHJKCLP_00176	CDS	1707	kdpA		COG2060	Potassium-transporting ATPase potassium-binding subunit
EKHJKCLP_00177	CDS	2256				hypothetical protein
EKHJKCLP_00178	CDS	114				hypothetical protein
EKHJKCLP_00179	rRNA	111				5S ribosomal RNA
EKHJKCLP_00180	rRNA	2880				23S ribosomal RNA
EKHJKCLP_00181	tRNA	75				tRNA-Ala(tgc)
EKHJKCLP_00182	tRNA	75				tRNA-Ile(gat)
EKHJKCLP_00183	rRNA	1529				16S ribosomal RNA
EKHJKCLP_00184	CDS	126				hypothetical protein
EKHJKCLP_00185	CDS	1341	atoC_1		COG2204	Regulatory protein AtoC
EKHJKCLP_00186	CDS	2472	cdr	1.8.1.14		Coenzyme A disulfide reductase
EKHJKCLP_00187	CDS	336				hypothetical protein
EKHJKCLP_00188	CDS	636				hypothetical protein
EKHJKCLP_00189	CDS	627				hypothetical protein
EKHJKCLP_00190	CDS	3012	yfeW	3.4.16.4		Putative D-alanyl-D-alanine carboxypeptidase
EKHJKCLP_00191	CDS	831	yfkN_1		COG0737	Trifunctional nucleotide phosphoesterase protein YfkN
EKHJKCLP_00192	CDS	786				hypothetical protein
EKHJKCLP_00193	CDS	354	rplS		COG0335	Large ribosomal subunit protein bL19
EKHJKCLP_00194	CDS	192				hypothetical protein
EKHJKCLP_00195	CDS	981	glk	2.7.1.2		Glucokinase
EKHJKCLP_00196	CDS	717	yknY_1	7.6.2.-	COG1136	putative ABC transporter ATP-binding protein YknY
EKHJKCLP_00197	CDS	1260	macB_1	7.6.2.-	COG0577	Macrolide export ATP-binding/permease protein MacB
EKHJKCLP_00198	CDS	1242	macB_2	7.6.2.-	COG0577	Macrolide export ATP-binding/permease protein MacB
EKHJKCLP_00199	CDS	1101	macA		COG0845	Macrolide export protein MacA
EKHJKCLP_00200	CDS	1338	bepC_1			Outer membrane efflux protein BepC
EKHJKCLP_00201	CDS	972	msrAB		COG0225	Peptide methionine sulfoxide reductase MsrA/MsrB
EKHJKCLP_00202	CDS	1962	mtgA_1	2.4.99.28		Biosynthetic peptidoglycan transglycosylase
EKHJKCLP_00203	CDS	1128				hypothetical protein
EKHJKCLP_00204	CDS	678				hypothetical protein
EKHJKCLP_00205	CDS	669				hypothetical protein
EKHJKCLP_00206	CDS	840	cvfB			Conserved virulence factor B
EKHJKCLP_00207	CDS	1002	mdh_1	1.1.1.37		Malate dehydrogenase
EKHJKCLP_00208	CDS	432				hypothetical protein
EKHJKCLP_00209	CDS	1947	ziaA	7.2.2.12	COG2217	Zinc-transporting ATPase
EKHJKCLP_00210	CDS	657				hypothetical protein
EKHJKCLP_00211	CDS	1833	ispG	1.17.7.3		4-hydroxy-3-methylbut-2-en-1-yl diphosphate synthase (ferredoxin)
EKHJKCLP_00212	CDS	510	purE	5.4.99.18	COG0041	N5-carboxyaminoimidazole ribonucleotide mutase
EKHJKCLP_00213	CDS	381	gcvH		COG0509	Glycine cleavage system H protein
EKHJKCLP_00214	CDS	672				hypothetical protein
EKHJKCLP_00215	CDS	1485	rpoN		COG1508	RNA polymerase sigma-54 factor
EKHJKCLP_00216	CDS	1374	pepP	3.4.11.9	COG0006	Xaa-Pro aminopeptidase
EKHJKCLP_00217	CDS	399				hypothetical protein
EKHJKCLP_00218	CDS	1674	udk_1	2.7.1.48		Uridine kinase
EKHJKCLP_00219	CDS	1698				hypothetical protein
EKHJKCLP_00220	CDS	747				hypothetical protein
EKHJKCLP_00221	CDS	165	rd	1.-.-.-	COG1773	Rubredoxin
EKHJKCLP_00222	CDS	1176	rcsC_3	2.7.13.3		Sensor histidine kinase RcsC
EKHJKCLP_00223	CDS	2706	yoaB	7.2.2.10	COG0474	Calcium-transporting ATPase 1
EKHJKCLP_00224	CDS	624		3.1.3.-	COG1011	D-ribitol-5-phosphate phosphatase
EKHJKCLP_00225	CDS	987	ribCF		COG0196	Bifunctional riboflavin kinase/FMN adenylyltransferase
EKHJKCLP_00226	CDS	90				hypothetical protein
EKHJKCLP_00227	CDS	774				hypothetical protein
EKHJKCLP_00228	CDS	888				hypothetical protein
EKHJKCLP_00229	CDS	2847				hypothetical protein
EKHJKCLP_00230	CDS	1212				hypothetical protein
EKHJKCLP_00231	CDS	1392				hypothetical protein
EKHJKCLP_00232	CDS	3057			COG4771	TonB-dependent receptor P3
EKHJKCLP_00233	CDS	426	sufE		COG2166	Cysteine desulfuration protein SufE
EKHJKCLP_00234	CDS	1020				hypothetical protein
EKHJKCLP_00235	CDS	909	ykfA	3.4.16.-	COG1619	putative murein peptide carboxypeptidase
EKHJKCLP_00236	CDS	804		3.2.1.103		Keratan-sulfate endo-1,4-beta-galactosidase
EKHJKCLP_00237	CDS	957	ptb	2.3.1.19	COG0280	Phosphate butyryltransferase
EKHJKCLP_00238	CDS	1062	buk2	2.7.2.7	COG3426	Butyrate kinase 2
EKHJKCLP_00239	CDS	180				hypothetical protein
EKHJKCLP_00240	CDS	2127	pnp_1	2.7.7.8	COG1185	Polyribonucleotide nucleotidyltransferase
EKHJKCLP_00241	CDS	1152	resA_1			Thiol-disulfide oxidoreductase ResA
EKHJKCLP_00242	CDS	531	greA		COG0782	Transcription elongation factor GreA
EKHJKCLP_00243	CDS	393			COG0537	putative HIT-like protein
EKHJKCLP_00244	CDS	921				hypothetical protein
EKHJKCLP_00245	CDS	1230				hypothetical protein
EKHJKCLP_00246	CDS	111				hypothetical protein
EKHJKCLP_00247	CDS	504	ecfG_1			ECF RNA polymerase sigma factor EcfG
EKHJKCLP_00248	CDS	1443	gadB	4.1.1.15	COG0076	Glutamate decarboxylase
EKHJKCLP_00249	CDS	966	glsA1	3.5.1.2	COG2066	Glutaminase 1
EKHJKCLP_00250	CDS	777				hypothetical protein
EKHJKCLP_00251	CDS	1611	gadC		COG0531	Glutamate/gamma-aminobutyrate antiporter
EKHJKCLP_00252	CDS	183				hypothetical protein
EKHJKCLP_00253	tRNA	76				tRNA-Phe(gaa)
EKHJKCLP_00254	CDS	1236	xerC_3			Tyrosine recombinase XerC
EKHJKCLP_00255	CDS	285				hypothetical protein
EKHJKCLP_00256	CDS	1131				hypothetical protein
EKHJKCLP_00257	CDS	888				hypothetical protein
EKHJKCLP_00258	CDS	237				hypothetical protein
EKHJKCLP_00259	CDS	1047				hypothetical protein
EKHJKCLP_00260	CDS	480				hypothetical protein
EKHJKCLP_00261	CDS	291				hypothetical protein
EKHJKCLP_00262	CDS	264				hypothetical protein
EKHJKCLP_00263	CDS	807				hypothetical protein
EKHJKCLP_00264	CDS	771				hypothetical protein
EKHJKCLP_00265	CDS	1230				hypothetical protein
EKHJKCLP_00266	CDS	828				hypothetical protein
EKHJKCLP_00267	CDS	1158				hypothetical protein
EKHJKCLP_00268	CDS	462				hypothetical protein
EKHJKCLP_00269	CDS	1293	speB	3.4.22.10		Streptopain
EKHJKCLP_00270	CDS	1125		3.4.24.76		Flavastacin
EKHJKCLP_00271	CDS	369				hypothetical protein
EKHJKCLP_00272	CDS	264				hypothetical protein
EKHJKCLP_00273	CDS	1245	spt_1	2.3.1.50		Serine palmitoyltransferase
EKHJKCLP_00274	CDS	723				hypothetical protein
EKHJKCLP_00275	CDS	351				hypothetical protein
EKHJKCLP_00276	CDS	1032	xerD_1			Tyrosine recombinase XerD
EKHJKCLP_00277	CDS	999	xerC_4			Tyrosine recombinase XerC
EKHJKCLP_00278	CDS	1233	xerC_5			Tyrosine recombinase XerC
EKHJKCLP_00279	CDS	147				hypothetical protein
EKHJKCLP_00280	CDS	456				hypothetical protein
EKHJKCLP_00281	CDS	579				hypothetical protein
EKHJKCLP_00282	CDS	915				hypothetical protein
EKHJKCLP_00283	CDS	1287				hypothetical protein
EKHJKCLP_00284	CDS	624				hypothetical protein
EKHJKCLP_00285	CDS	1014				hypothetical protein
EKHJKCLP_00286	CDS	630				hypothetical protein
EKHJKCLP_00287	CDS	354				hypothetical protein
EKHJKCLP_00288	CDS	2538				hypothetical protein
EKHJKCLP_00289	CDS	327				hypothetical protein
EKHJKCLP_00290	CDS	273				hypothetical protein
EKHJKCLP_00291	CDS	1059				hypothetical protein
EKHJKCLP_00292	CDS	1125				hypothetical protein
EKHJKCLP_00293	CDS	381				hypothetical protein
EKHJKCLP_00294	CDS	291				hypothetical protein
EKHJKCLP_00295	CDS	3990	rcsC_4	2.7.13.3		Sensor histidine kinase RcsC
EKHJKCLP_00296	CDS	1152				hypothetical protein
EKHJKCLP_00297	CDS	1143			COG2885	Outer membrane protein 41
EKHJKCLP_00298	CDS	1224	puuB	1.4.3.-	COG0665	Gamma-glutamylputrescine oxidoreductase
EKHJKCLP_00299	CDS	207				hypothetical protein
EKHJKCLP_00300	CDS	291				hypothetical protein
EKHJKCLP_00301	CDS	111				hypothetical protein
EKHJKCLP_00302	CDS	933				hypothetical protein
EKHJKCLP_00303	CDS	297				hypothetical protein
EKHJKCLP_00304	CDS	297				hypothetical protein
EKHJKCLP_00305	CDS	258				hypothetical protein
EKHJKCLP_00306	CDS	144				hypothetical protein
EKHJKCLP_00307	CDS	516				hypothetical protein
EKHJKCLP_00308	CDS	351				hypothetical protein
EKHJKCLP_00309	CDS	204				hypothetical protein
EKHJKCLP_00310	CDS	282				hypothetical protein
EKHJKCLP_00311	CDS	696				hypothetical protein
EKHJKCLP_00312	CDS	2178	comA	3.4.22.-	COG2274	Transport/processing ATP-binding protein ComA
EKHJKCLP_00313	CDS	1635				hypothetical protein
EKHJKCLP_00314	CDS	195				hypothetical protein
EKHJKCLP_00315	CDS	666				hypothetical protein
EKHJKCLP_00316	CDS	453				hypothetical protein
EKHJKCLP_00317	CDS	762				hypothetical protein
EKHJKCLP_00318	CDS	639				hypothetical protein
EKHJKCLP_00319	CDS	1257				hypothetical protein
EKHJKCLP_00320	CDS	2034				hypothetical protein
EKHJKCLP_00321	CDS	108				hypothetical protein
EKHJKCLP_00322	CDS	255				hypothetical protein
EKHJKCLP_00323	CDS	369				hypothetical protein
EKHJKCLP_00324	CDS	897				hypothetical protein
EKHJKCLP_00325	CDS	603				hypothetical protein
EKHJKCLP_00326	CDS	1035				hypothetical protein
EKHJKCLP_00327	CDS	729				hypothetical protein
EKHJKCLP_00328	CDS	2493				hypothetical protein
EKHJKCLP_00329	CDS	906				hypothetical protein
EKHJKCLP_00330	CDS	516				hypothetical protein
EKHJKCLP_00331	CDS	501				hypothetical protein
EKHJKCLP_00332	CDS	963				hypothetical protein
EKHJKCLP_00333	CDS	1167				hypothetical protein
EKHJKCLP_00334	CDS	879				hypothetical protein
EKHJKCLP_00335	CDS	1845				hypothetical protein
EKHJKCLP_00336	CDS	465				hypothetical protein
EKHJKCLP_00337	CDS	444				hypothetical protein
EKHJKCLP_00338	CDS	402				hypothetical protein
EKHJKCLP_00339	CDS	294				hypothetical protein
EKHJKCLP_00340	CDS	369				hypothetical protein
EKHJKCLP_00341	CDS	951				hypothetical protein
EKHJKCLP_00342	CDS	417				hypothetical protein
EKHJKCLP_00343	CDS	423				hypothetical protein
EKHJKCLP_00344	CDS	2481	clpB		COG0542	Chaperone protein ClpB
EKHJKCLP_00345	CDS	399				hypothetical protein
EKHJKCLP_00346	CDS	1809				hypothetical protein
EKHJKCLP_00347	CDS	1359				hypothetical protein
EKHJKCLP_00348	CDS	474				hypothetical protein
EKHJKCLP_00349	CDS	1380				hypothetical protein
EKHJKCLP_00350	CDS	4347				hypothetical protein
EKHJKCLP_00351	CDS	573				hypothetical protein
EKHJKCLP_00352	CDS	531				hypothetical protein
EKHJKCLP_00353	CDS	1038				hypothetical protein
EKHJKCLP_00354	CDS	861				hypothetical protein
EKHJKCLP_00355	CDS	1062				hypothetical protein
EKHJKCLP_00356	CDS	1131				hypothetical protein
EKHJKCLP_00357	CDS	855				hypothetical protein
EKHJKCLP_00358	CDS	1236				hypothetical protein
EKHJKCLP_00359	CDS	534				hypothetical protein
EKHJKCLP_00360	CDS	981				hypothetical protein
EKHJKCLP_00361	CDS	243				hypothetical protein
EKHJKCLP_00362	CDS	663				hypothetical protein
EKHJKCLP_00363	CDS	1140	fabH_1	2.3.1.180	COG0332	Beta-ketoacyl-[acyl-carrier-protein] synthase III
EKHJKCLP_00364	CDS	531				hypothetical protein
EKHJKCLP_00365	CDS	2145	rcsC_5	2.7.13.3		Sensor histidine kinase RcsC
EKHJKCLP_00366	CDS	1329	zraR_1		COG2204	Transcriptional regulatory protein ZraR
EKHJKCLP_00367	CDS	1830				hypothetical protein
EKHJKCLP_00368	CDS	270				hypothetical protein
EKHJKCLP_00369	CDS	1755	topB_1	5.6.2.1	COG0550	DNA topoisomerase 3
EKHJKCLP_00370	CDS	213				hypothetical protein
EKHJKCLP_00371	CDS	210				hypothetical protein
EKHJKCLP_00372	CDS	1080				hypothetical protein
EKHJKCLP_00373	CDS	222				hypothetical protein
EKHJKCLP_00374	CDS	1110				hypothetical protein
EKHJKCLP_00375	CDS	702				hypothetical protein
EKHJKCLP_00376	CDS	792				hypothetical protein
EKHJKCLP_00377	CDS	699				hypothetical protein
EKHJKCLP_00378	CDS	417				hypothetical protein
EKHJKCLP_00379	CDS	819				hypothetical protein
EKHJKCLP_00380	CDS	285				hypothetical protein
EKHJKCLP_00381	CDS	297				hypothetical protein
EKHJKCLP_00382	CDS	267				hypothetical protein
EKHJKCLP_00383	CDS	1599				hypothetical protein
EKHJKCLP_00384	CDS	945				hypothetical protein
EKHJKCLP_00385	CDS	177				hypothetical protein
EKHJKCLP_00386	CDS	849				hypothetical protein
EKHJKCLP_00387	CDS	1323				hypothetical protein
EKHJKCLP_00388	CDS	876				hypothetical protein
EKHJKCLP_00389	CDS	309				hypothetical protein
EKHJKCLP_00390	CDS	369				hypothetical protein
EKHJKCLP_00391	CDS	366				hypothetical protein
EKHJKCLP_00392	CDS	756				IS66 family transposase ISBthe6
EKHJKCLP_00393	CDS	1992				hypothetical protein
EKHJKCLP_00394	CDS	825				hypothetical protein
EKHJKCLP_00395	CDS	933				hypothetical protein
EKHJKCLP_00396	CDS	963				hypothetical protein
EKHJKCLP_00397	CDS	1227				hypothetical protein
EKHJKCLP_00398	CDS	723				hypothetical protein
EKHJKCLP_00399	CDS	1293				hypothetical protein
EKHJKCLP_00400	tRNA	74				tRNA-Pro(cgg)
EKHJKCLP_00401	CDS	1638				hypothetical protein
EKHJKCLP_00402	CDS	807				hypothetical protein
EKHJKCLP_00403	CDS	369	ytrA		COG1725	HTH-type transcriptional repressor YtrA
EKHJKCLP_00404	CDS	852				hypothetical protein
EKHJKCLP_00405	CDS	846	uup_1	3.6.1.-		ATP-binding protein Uup
EKHJKCLP_00406	CDS	1467				hypothetical protein
EKHJKCLP_00407	CDS	945				hypothetical protein
EKHJKCLP_00408	CDS	816				hypothetical protein
EKHJKCLP_00409	CDS	654				hypothetical protein
EKHJKCLP_00410	CDS	606	tolR_1			Tol-Pal system protein TolR
EKHJKCLP_00411	CDS	804	tolQ_1			Tol-Pal system protein TolQ
EKHJKCLP_00412	CDS	444				hypothetical protein
EKHJKCLP_00413	rRNA	111				5S ribosomal RNA
EKHJKCLP_00414	rRNA	2880				23S ribosomal RNA
EKHJKCLP_00415	tRNA	75				tRNA-Ala(tgc)
EKHJKCLP_00416	tRNA	75				tRNA-Ile(gat)
EKHJKCLP_00417	rRNA	1529				16S ribosomal RNA
EKHJKCLP_00418	CDS	126				hypothetical protein
EKHJKCLP_00419	CDS	2325				hypothetical protein
EKHJKCLP_00420	CDS	1245		3.2.1.-	COG0673	Glycosyl hydrolase family 109 protein 1
EKHJKCLP_00421	CDS	2148				hypothetical protein
EKHJKCLP_00422	CDS	1581				hypothetical protein
EKHJKCLP_00423	CDS	1677				hypothetical protein
EKHJKCLP_00424	CDS	1311				hypothetical protein
EKHJKCLP_00425	CDS	1632				hypothetical protein
EKHJKCLP_00426	CDS	1866				hypothetical protein
EKHJKCLP_00427	CDS	3438			COG1629	TonB-dependent receptor P26
EKHJKCLP_00428	CDS	981				hypothetical protein
EKHJKCLP_00429	CDS	558	algU_1			RNA polymerase sigma-H factor
EKHJKCLP_00430	CDS	1014	gpr	1.1.1.-	COG0667	L-glyceraldehyde 3-phosphate reductase
EKHJKCLP_00431	CDS	123				hypothetical protein
EKHJKCLP_00432	CDS	1494				hypothetical protein
EKHJKCLP_00433	CDS	924				hypothetical protein
EKHJKCLP_00434	CDS	1404				hypothetical protein
EKHJKCLP_00435	CDS	294				hypothetical protein
EKHJKCLP_00436	CDS	3159	mdtB			Multidrug resistance protein MdtB
EKHJKCLP_00437	CDS	1017	mdtE_1		COG0845	Multidrug resistance protein MdtE
EKHJKCLP_00438	CDS	1347				hypothetical protein
EKHJKCLP_00439	CDS	645				hypothetical protein
EKHJKCLP_00440	CDS	378	hutH	4.3.1.3		Histidine ammonia-lyase
EKHJKCLP_00441	CDS	645				hypothetical protein
EKHJKCLP_00442	CDS	1815	mutS_1			DNA mismatch repair protein MutS
EKHJKCLP_00443	CDS	543				hypothetical protein
EKHJKCLP_00444	CDS	396				hypothetical protein
EKHJKCLP_00445	CDS	498	rplQ			Large ribosomal subunit protein bL17
EKHJKCLP_00446	CDS	993	rpoA	2.7.7.6	COG0202	DNA-directed RNA polymerase subunit alpha
EKHJKCLP_00447	CDS	606	rpsD			Small ribosomal subunit protein uS4
EKHJKCLP_00448	CDS	390	rpsK		COG0100	Small ribosomal subunit protein uS11
EKHJKCLP_00449	CDS	381	rpsM			Small ribosomal subunit protein uS13
EKHJKCLP_00450	CDS	117	rpmJ		COG0257	Large ribosomal subunit protein bL36
EKHJKCLP_00451	CDS	219	infA		COG0361	Translation initiation factor IF-1
EKHJKCLP_00452	CDS	798	map_1	3.4.11.18	COG0024	Methionine aminopeptidase 1
EKHJKCLP_00453	CDS	1344	secY		COG0201	Protein translocase subunit SecY
EKHJKCLP_00454	CDS	447	rplO		COG0200	Large ribosomal subunit protein uL15
EKHJKCLP_00455	CDS	177	rpmD		COG1841	Large ribosomal subunit protein uL30
EKHJKCLP_00456	CDS	519	rpsE		COG0098	Small ribosomal subunit protein uS5
EKHJKCLP_00457	CDS	345	rplR		COG0256	Large ribosomal subunit protein uL18
EKHJKCLP_00458	CDS	570	rplF		COG0097	Large ribosomal subunit protein uL6
EKHJKCLP_00459	CDS	396	rpsH		COG0096	Small ribosomal subunit protein uS8
EKHJKCLP_00460	CDS	300	rpsN		COG0199	Small ribosomal subunit protein uS14
EKHJKCLP_00461	CDS	558	rplE		COG0094	Large ribosomal subunit protein uL5
EKHJKCLP_00462	CDS	318	rplX		COG0198	Large ribosomal subunit protein uL24
EKHJKCLP_00463	CDS	366	rplN		COG0093	Large ribosomal subunit protein uL14
EKHJKCLP_00464	CDS	258	rpsQ		COG0186	Small ribosomal subunit protein uS17
EKHJKCLP_00465	CDS	198	rpmC		COG0255	Large ribosomal subunit protein uL29
EKHJKCLP_00466	CDS	435	rplP		COG0197	Large ribosomal subunit protein uL16
EKHJKCLP_00467	CDS	732	rpsC		COG0092	Small ribosomal subunit protein uS3
EKHJKCLP_00468	CDS	411				hypothetical protein
EKHJKCLP_00469	CDS	270	rpsS			Small ribosomal subunit protein uS19
EKHJKCLP_00470	CDS	825	rplB		COG0090	Large ribosomal subunit protein uL2
EKHJKCLP_00471	CDS	291	rplW		COG0089	Large ribosomal subunit protein uL23
EKHJKCLP_00472	CDS	627	rplD			Large ribosomal subunit protein uL4
EKHJKCLP_00473	CDS	618	rplC		COG0087	Large ribosomal subunit protein uL3
EKHJKCLP_00474	CDS	306	rpsJ		COG0051	Small ribosomal subunit protein uS10
EKHJKCLP_00475	CDS	2118	fusA_2			Elongation factor G
EKHJKCLP_00476	CDS	477	rpsG			Small ribosomal subunit protein uS7
EKHJKCLP_00477	CDS	402	rpsL			Small ribosomal subunit protein uS12
EKHJKCLP_00478	CDS	309				hypothetical protein
EKHJKCLP_00479	CDS	4284	rpoC	2.7.7.6	COG0086	DNA-directed RNA polymerase subunit beta'
EKHJKCLP_00480	CDS	3813	rpoB			DNA-directed RNA polymerase subunit beta RpoB
EKHJKCLP_00481	CDS	375	rplL			Large ribosomal subunit protein bL12
EKHJKCLP_00482	CDS	519	rplJ		COG0244	Large ribosomal subunit protein uL10
EKHJKCLP_00483	CDS	699	rplA			Large ribosomal subunit protein uL1
EKHJKCLP_00484	CDS	444	rplK		COG0080	Large ribosomal subunit protein uL11
EKHJKCLP_00485	CDS	543	nusG		COG0250	Transcription termination/antitermination protein NusG
EKHJKCLP_00486	CDS	192	secE			Protein translocase subunit SecE
EKHJKCLP_00487	tRNA	74				tRNA-Trp(cca)
EKHJKCLP_00488	CDS	1185	tufA	3.6.5.3		Elongation factor Tu
EKHJKCLP_00489	tRNA	73				tRNA-Thr(ggt)
EKHJKCLP_00490	tRNA	74				tRNA-Gly(tcc)
EKHJKCLP_00491	tRNA	84				tRNA-Tyr(gta)
EKHJKCLP_00492	tRNA	75				tRNA-Thr(tgt)
EKHJKCLP_00493	CDS	300	hpf			Ribosome hibernation promoting factor
EKHJKCLP_00494	CDS	882	xerD_2			Tyrosine recombinase XerD
EKHJKCLP_00495	CDS	192	rpsU			Small ribosomal subunit protein bS21
EKHJKCLP_00496	CDS	1782				hypothetical protein
EKHJKCLP_00497	CDS	516		4.2.1.1	COG0663	Carbonic anhydrase
EKHJKCLP_00498	CDS	423				hypothetical protein
EKHJKCLP_00499	CDS	1635				hypothetical protein
EKHJKCLP_00500	CDS	1224	waaA	2.4.99.12	COG1519	3-deoxy-D-manno-octulosonic acid transferase
EKHJKCLP_00501	CDS	1518	gltX	6.1.1.17	COG0008	Glutamate--tRNA ligase
EKHJKCLP_00502	CDS	2073	rny_1	3.1.-.-		Ribonuclease Y
EKHJKCLP_00503	CDS	471		3.1.3.48	COG0394	Putative low molecular weight protein-tyrosine-phosphatase
EKHJKCLP_00504	CDS	1797				hypothetical protein
EKHJKCLP_00505	CDS	2457	priA	5.6.2.4	COG1198	Replication restart protein PriA
EKHJKCLP_00506	CDS	573				hypothetical protein
EKHJKCLP_00507	CDS	432				hypothetical protein
EKHJKCLP_00508	CDS	1371	rclA_1		COG1249	putative pyridine nucleotide-disulfide oxidoreductase RclA
EKHJKCLP_00509	CDS	1434		4.3.1.1		Aspartate ammonia-lyase
EKHJKCLP_00510	CDS	1311	dcuA		COG2704	C4-dicarboxylate transporter DcuA
EKHJKCLP_00511	CDS	1059	ansB	3.5.1.1	COG0252	L-asparaginase 2
EKHJKCLP_00512	CDS	1188				hypothetical protein
EKHJKCLP_00513	CDS	2934				hypothetical protein
EKHJKCLP_00514	CDS	1392				hypothetical protein
EKHJKCLP_00515	CDS	2076				hypothetical protein
EKHJKCLP_00516	CDS	3351			COG1629	TonB-dependent receptor P26
EKHJKCLP_00517	CDS	1035				hypothetical protein
EKHJKCLP_00518	CDS	552				hypothetical protein
EKHJKCLP_00519	CDS	1548		3.1.6.-	COG3119	N-acetylgalactosamine-6-O-sulfatase
EKHJKCLP_00520	CDS	222				hypothetical protein
EKHJKCLP_00521	CDS	564	yvqK	2.5.1.17	COG2096	Corrinoid adenosyltransferase
EKHJKCLP_00522	CDS	624				hypothetical protein
EKHJKCLP_00523	CDS	684				hypothetical protein
EKHJKCLP_00524	CDS	345				hypothetical protein
EKHJKCLP_00525	CDS	216				hypothetical protein
EKHJKCLP_00526	CDS	750	xerC_6			Tyrosine recombinase XerC
EKHJKCLP_00527	CDS	501	yhcG_1	3.1.-.-	COG4804	Putative nuclease YhcG
EKHJKCLP_00528	CDS	105				hypothetical protein
EKHJKCLP_00529	CDS	459	yhcG_2	3.1.-.-	COG4804	Putative nuclease YhcG
EKHJKCLP_00530	CDS	564				hypothetical protein
EKHJKCLP_00531	CDS	627				hypothetical protein
EKHJKCLP_00532	CDS	621	gph_1	3.1.3.18	COG0546	Phosphoglycolate phosphatase
EKHJKCLP_00533	CDS	219				hypothetical protein
EKHJKCLP_00534	CDS	948				hypothetical protein
EKHJKCLP_00535	tRNA	85				tRNA-Leu(caa)
EKHJKCLP_00536	CDS	1083	rfbM_1	2.7.7.13		Mannose-1-phosphate guanylyltransferase RfbM
EKHJKCLP_00537	CDS	1650	fadD3_1	6.2.1.41	COG0318	3-[(3aS,4S,7aS)-7a-methyl-1,5-dioxo-octahydro-1H-inden-4-yl]propanoyl:CoA ligase
EKHJKCLP_00538	CDS	576				hypothetical protein
EKHJKCLP_00539	CDS	270	rpsO		COG0184	Small ribosomal subunit protein uS15
EKHJKCLP_00540	CDS	1800	bipA	3.6.5.-		Large ribosomal subunit assembly factor BipA
EKHJKCLP_00541	CDS	1317	mutS_2			DNA mismatch repair protein MutS
EKHJKCLP_00542	CDS	525				hypothetical protein
EKHJKCLP_00543	CDS	558				hypothetical protein
EKHJKCLP_00544	CDS	2496				hypothetical protein
EKHJKCLP_00545	CDS	1809	glaB_1	3.2.1.-	COG5434	Alpha-1,3-galactosidase B
EKHJKCLP_00546	CDS	1179				hypothetical protein
EKHJKCLP_00547	CDS	1257				hypothetical protein
EKHJKCLP_00548	CDS	1926				hypothetical protein
EKHJKCLP_00549	CDS	3264			COG4771	TonB-dependent receptor P3
EKHJKCLP_00550	CDS	189				hypothetical protein
EKHJKCLP_00551	CDS	1128				hypothetical protein
EKHJKCLP_00552	CDS	471				hypothetical protein
EKHJKCLP_00553	CDS	1854				hypothetical protein
EKHJKCLP_00554	CDS	3402			COG4771	TonB-dependent receptor P39
EKHJKCLP_00555	CDS	936				hypothetical protein
EKHJKCLP_00556	CDS	570	sigW_1		COG1595	ECF RNA polymerase sigma factor SigW
EKHJKCLP_00557	CDS	1608	pckA	4.1.1.49		Phosphoenolpyruvate carboxykinase (ATP)
EKHJKCLP_00558	CDS	654	upp	2.4.2.9	COG0035	Uracil phosphoribosyltransferase
EKHJKCLP_00559	CDS	876	rhaS_1			HTH-type transcriptional activator RhaS
EKHJKCLP_00560	CDS	1638				hypothetical protein
EKHJKCLP_00561	CDS	1083	emrA_1			Colistin resistance protein EmrA
EKHJKCLP_00562	CDS	1332	tolC		COG1538	Outer membrane protein TolC
EKHJKCLP_00563	CDS	2601				hypothetical protein
EKHJKCLP_00564	CDS	1419	ahcY	3.13.2.1	COG0499	Adenosylhomocysteinase
EKHJKCLP_00565	CDS	1191	arcB	2.7.13.3	COG0784	Aerobic respiration control sensor protein ArcB
EKHJKCLP_00566	CDS	1689				hypothetical protein
EKHJKCLP_00567	CDS	990	deoK_1	2.7.1.15		Deoxyribokinase
EKHJKCLP_00568	tRNA	75				tRNA-Asn(gtt)
EKHJKCLP_00569	tRNA	75				tRNA-Asn(gtt)
EKHJKCLP_00570	CDS	1416				hypothetical protein
EKHJKCLP_00571	CDS	714				hypothetical protein
EKHJKCLP_00572	CDS	804	suhB	3.1.3.25		Nus factor SuhB
EKHJKCLP_00573	CDS	1542				hypothetical protein
EKHJKCLP_00574	CDS	924	rbsK_1	2.7.1.15		Ribokinase
EKHJKCLP_00575	CDS	936	rbsK_2	2.7.1.15		Ribokinase
EKHJKCLP_00576	CDS	1176				hypothetical protein
EKHJKCLP_00577	CDS	2946			COG1629	TonB-dependent receptor P26
EKHJKCLP_00578	CDS	1416			COG0702	SusD-like protein P25
EKHJKCLP_00579	CDS	1623				hypothetical protein
EKHJKCLP_00580	CDS	1614				hypothetical protein
EKHJKCLP_00581	CDS	1041				hypothetical protein
EKHJKCLP_00582	CDS	1005				hypothetical protein
EKHJKCLP_00583	CDS	1944		3.2.1.22	COG4948	Retaining alpha-galactosidase
EKHJKCLP_00584	CDS	1827				hypothetical protein
EKHJKCLP_00585	CDS	1551	ahpF	1.8.1.-		Alkyl hydroperoxide reductase subunit F
EKHJKCLP_00586	CDS	567	ahpC	1.11.1.26		Alkyl hydroperoxide reductase C
EKHJKCLP_00587	CDS	3072			COG1629	TonB-dependent receptor P26
EKHJKCLP_00588	CDS	1794			COG0702	SusD-like protein P2
EKHJKCLP_00589	CDS	1104				hypothetical protein
EKHJKCLP_00590	CDS	4131	rcsC_6	2.7.13.3		Sensor histidine kinase RcsC
EKHJKCLP_00591	CDS	1587	yicI	3.2.1.177	COG1501	Alpha-xylosidase
EKHJKCLP_00592	CDS	1470				hypothetical protein
EKHJKCLP_00593	CDS	522	nudC_1	3.6.1.22		NAD-capped RNA hydrolase NudC
EKHJKCLP_00594	CDS	3018	cpoB			Cell division coordinator CpoB
EKHJKCLP_00595	CDS	1725				hypothetical protein
EKHJKCLP_00596	CDS	552				hypothetical protein
EKHJKCLP_00597	CDS	96				hypothetical protein
EKHJKCLP_00598	CDS	3174			COG4771	TonB-dependent receptor P3
EKHJKCLP_00599	CDS	1758				hypothetical protein
EKHJKCLP_00600	CDS	2787			COG1629	TonB-dependent receptor P26
EKHJKCLP_00601	CDS	1716				hypothetical protein
EKHJKCLP_00602	CDS	1476				hypothetical protein
EKHJKCLP_00603	CDS	1461				hypothetical protein
EKHJKCLP_00604	CDS	1125				hypothetical protein
EKHJKCLP_00605	CDS	3948	rcsC_7	2.7.13.3		Sensor histidine kinase RcsC
EKHJKCLP_00606	CDS	363				hypothetical protein
EKHJKCLP_00607	CDS	375				hypothetical protein
EKHJKCLP_00608	CDS	789				hypothetical protein
EKHJKCLP_00609	CDS	777				hypothetical protein
EKHJKCLP_00610	CDS	294				hypothetical protein
EKHJKCLP_00611	CDS	1233	xerC_7			Tyrosine recombinase XerC
EKHJKCLP_00612	CDS	999	xerC_8			Tyrosine recombinase XerC
EKHJKCLP_00613	CDS	1032	xerD_3			Tyrosine recombinase XerD
EKHJKCLP_00614	CDS	471				hypothetical protein
EKHJKCLP_00615	CDS	465				hypothetical protein
EKHJKCLP_00616	CDS	471				hypothetical protein
EKHJKCLP_00617	CDS	474				hypothetical protein
EKHJKCLP_00618	CDS	585				hypothetical protein
EKHJKCLP_00619	CDS	894				hypothetical protein
EKHJKCLP_00620	CDS	1071				hypothetical protein
EKHJKCLP_00621	CDS	204				hypothetical protein
EKHJKCLP_00622	CDS	564				hypothetical protein
EKHJKCLP_00623	CDS	1020				hypothetical protein
EKHJKCLP_00624	CDS	627				hypothetical protein
EKHJKCLP_00625	CDS	996				hypothetical protein
EKHJKCLP_00626	CDS	864				hypothetical protein
EKHJKCLP_00627	CDS	351				hypothetical protein
EKHJKCLP_00628	CDS	657				hypothetical protein
EKHJKCLP_00629	CDS	192				hypothetical protein
EKHJKCLP_00630	CDS	234				hypothetical protein
EKHJKCLP_00631	CDS	930				hypothetical protein
EKHJKCLP_00632	CDS	789				hypothetical protein
EKHJKCLP_00633	CDS	360				hypothetical protein
EKHJKCLP_00634	CDS	417				hypothetical protein
EKHJKCLP_00635	CDS	2010				hypothetical protein
EKHJKCLP_00636	CDS	1587				hypothetical protein
EKHJKCLP_00637	CDS	651				hypothetical protein
EKHJKCLP_00638	CDS	1254				hypothetical protein
EKHJKCLP_00639	CDS	1134				hypothetical protein
EKHJKCLP_00640	CDS	870				hypothetical protein
EKHJKCLP_00641	CDS	699				hypothetical protein
EKHJKCLP_00642	CDS	189				hypothetical protein
EKHJKCLP_00643	CDS	663				hypothetical protein
EKHJKCLP_00644	CDS	654				hypothetical protein
EKHJKCLP_00645	CDS	1047				hypothetical protein
EKHJKCLP_00646	CDS	1089				hypothetical protein
EKHJKCLP_00647	CDS	1002				hypothetical protein
EKHJKCLP_00648	CDS	792				hypothetical protein
EKHJKCLP_00649	CDS	927				hypothetical protein
EKHJKCLP_00650	CDS	837				hypothetical protein
EKHJKCLP_00651	CDS	1029				hypothetical protein
EKHJKCLP_00652	CDS	963				hypothetical protein
EKHJKCLP_00653	CDS	486				hypothetical protein
EKHJKCLP_00654	CDS	282				hypothetical protein
EKHJKCLP_00655	CDS	567				hypothetical protein
EKHJKCLP_00656	CDS	732				hypothetical protein
EKHJKCLP_00657	CDS	2403	rcsC_8	2.7.13.3		Sensor histidine kinase RcsC
EKHJKCLP_00658	CDS	1290	zraR_2		COG2204	Transcriptional regulatory protein ZraR
EKHJKCLP_00659	CDS	393				hypothetical protein
EKHJKCLP_00660	CDS	627				hypothetical protein
EKHJKCLP_00661	CDS	210				hypothetical protein
EKHJKCLP_00662	CDS	339				hypothetical protein
EKHJKCLP_00663	CDS	1230				hypothetical protein
EKHJKCLP_00664	CDS	576				hypothetical protein
EKHJKCLP_00665	CDS	1425				hypothetical protein
EKHJKCLP_00666	CDS	168	dpnM_1	2.1.1.72		Type II methyltransferase M1.DpnII
EKHJKCLP_00667	CDS	648				hypothetical protein
EKHJKCLP_00668	CDS	666				hypothetical protein
EKHJKCLP_00669	CDS	693				hypothetical protein
EKHJKCLP_00670	CDS	423				hypothetical protein
EKHJKCLP_00671	CDS	1140				hypothetical protein
EKHJKCLP_00672	CDS	1179				hypothetical protein
EKHJKCLP_00673	CDS	1449				hypothetical protein
EKHJKCLP_00674	CDS	966				hypothetical protein
EKHJKCLP_00675	CDS	954				hypothetical protein
EKHJKCLP_00676	CDS	1140				hypothetical protein
EKHJKCLP_00677	CDS	1227				hypothetical protein
EKHJKCLP_00678	CDS	870				hypothetical protein
EKHJKCLP_00679	CDS	114				hypothetical protein
EKHJKCLP_00680	CDS	1944	topB_2	5.6.2.1		DNA topoisomerase 3
EKHJKCLP_00681	CDS	414				hypothetical protein
EKHJKCLP_00682	CDS	120				hypothetical protein
EKHJKCLP_00683	CDS	303				hypothetical protein
EKHJKCLP_00684	CDS	1230	xerC_9			Tyrosine recombinase XerC
EKHJKCLP_00685	CDS	2346	topA	5.6.2.1		DNA topoisomerase 1
EKHJKCLP_00686	CDS	1980				hypothetical protein
EKHJKCLP_00687	CDS	1818	argS	6.1.1.19	COG0018	Arginine--tRNA ligase
EKHJKCLP_00688	CDS	273	hupB			DNA-binding protein HU
EKHJKCLP_00689	CDS	681				hypothetical protein
EKHJKCLP_00690	CDS	906				hypothetical protein
EKHJKCLP_00691	CDS	1107				hypothetical protein
EKHJKCLP_00692	CDS	2088	dcp	3.4.15.5	COG0339	Dipeptidyl carboxypeptidase
EKHJKCLP_00693	CDS	3024				hypothetical protein
EKHJKCLP_00694	tRNA	73				tRNA-Arg(cct)
EKHJKCLP_00695	CDS	1839	korA_1	1.2.7.3	COG0674	2-oxoglutarate oxidoreductase subunit KorA
EKHJKCLP_00696	CDS	1011	korB_1	1.2.7.3	COG1013	2-oxoglutarate oxidoreductase subunit KorB
EKHJKCLP_00697	CDS	2388				hypothetical protein
EKHJKCLP_00698	CDS	1227	lolE_1		COG4591	Lipoprotein-releasing system transmembrane protein LolE
EKHJKCLP_00699	CDS	333	rbfA		COG0858	Ribosome-binding factor A
EKHJKCLP_00700	CDS	639		2.1.1.6	COG4122	Catechol O-methyltransferase
EKHJKCLP_00701	CDS	1458	pyk	2.7.1.40		Pyruvate kinase
EKHJKCLP_00702	CDS	423	aroQ	4.2.1.10	COG0757	3-dehydroquinate dehydratase
EKHJKCLP_00703	CDS	951	xerD_4			Tyrosine recombinase XerD
EKHJKCLP_00704	CDS	1695				hypothetical protein
EKHJKCLP_00705	CDS	1629				hypothetical protein
EKHJKCLP_00706	CDS	1209				hypothetical protein
EKHJKCLP_00707	CDS	1071	resA_2			Thiol-disulfide oxidoreductase ResA
EKHJKCLP_00708	CDS	1002	comM_1		COG0606	Competence protein ComM
EKHJKCLP_00709	CDS	123				hypothetical protein
EKHJKCLP_00710	CDS	696				hypothetical protein
EKHJKCLP_00711	CDS	246				hypothetical protein
EKHJKCLP_00712	CDS	240				hypothetical protein
EKHJKCLP_00713	CDS	192				hypothetical protein
EKHJKCLP_00714	CDS	183				hypothetical protein
EKHJKCLP_00715	CDS	813				hypothetical protein
EKHJKCLP_00716	CDS	1017				hypothetical protein
EKHJKCLP_00717	CDS	588	xerC_10			Tyrosine recombinase XerC
EKHJKCLP_00718	CDS	168				hypothetical protein
EKHJKCLP_00719	CDS	351				hypothetical protein
EKHJKCLP_00720	CDS	357				hypothetical protein
EKHJKCLP_00721	CDS	354				hypothetical protein
EKHJKCLP_00722	CDS	321				hypothetical protein
EKHJKCLP_00723	CDS	1083	ftsI_1	3.4.16.4		Peptidoglycan D,D-transpeptidase FtsI
EKHJKCLP_00724	CDS	615				hypothetical protein
EKHJKCLP_00725	CDS	192				hypothetical protein
EKHJKCLP_00726	CDS	216				hypothetical protein
EKHJKCLP_00727	CDS	207				hypothetical protein
EKHJKCLP_00728	CDS	453				hypothetical protein
EKHJKCLP_00729	CDS	159				hypothetical protein
EKHJKCLP_00730	CDS	231				hypothetical protein
EKHJKCLP_00731	CDS	159				hypothetical protein
EKHJKCLP_00732	CDS	225				hypothetical protein
EKHJKCLP_00733	CDS	276				hypothetical protein
EKHJKCLP_00734	CDS	258				hypothetical protein
EKHJKCLP_00735	CDS	1839				hypothetical protein
EKHJKCLP_00736	CDS	495	comM_2		COG0606	Competence protein ComM
EKHJKCLP_00737	CDS	654				hypothetical protein
EKHJKCLP_00738	CDS	1332				hypothetical protein
EKHJKCLP_00739	CDS	1968				hypothetical protein
EKHJKCLP_00740	CDS	4635				hypothetical protein
EKHJKCLP_00741	CDS	1209		3.2.1.-	COG4225	Unsaturated glucuronyl hydrolase
EKHJKCLP_00742	CDS	1431		3.1.6.-	COG3119	Ulvan-active sulfatase
EKHJKCLP_00743	CDS	975				hypothetical protein
EKHJKCLP_00744	CDS	1239				hypothetical protein
EKHJKCLP_00745	CDS	1851				hypothetical protein
EKHJKCLP_00746	CDS	3105	susC_3		COG1629	TonB-dependent receptor SusC
EKHJKCLP_00747	CDS	1083		3.2.1.-		Unsaturated 3S-rhamnoglycuronyl hydrolase
EKHJKCLP_00748	CDS	1815	lacZ_1	3.2.1.23		Beta-galactosidase
EKHJKCLP_00749	CDS	675				hypothetical protein
EKHJKCLP_00750	CDS	1215				hypothetical protein
EKHJKCLP_00751	CDS	1923				hypothetical protein
EKHJKCLP_00752	CDS	3195			COG4771	TonB-dependent receptor P3
EKHJKCLP_00753	CDS	111				hypothetical protein
EKHJKCLP_00754	CDS	4017	rcsC_9	2.7.13.3		Sensor histidine kinase RcsC
EKHJKCLP_00755	CDS	2061	FCS1	6.2.1.34		Trans-feruloyl-CoA synthase FCS1
EKHJKCLP_00756	CDS	297				hypothetical protein
EKHJKCLP_00757	CDS	258				hypothetical protein
EKHJKCLP_00758	CDS	3069				hypothetical protein
EKHJKCLP_00759	CDS	2853				hypothetical protein
EKHJKCLP_00760	CDS	96				hypothetical protein
EKHJKCLP_00761	CDS	516				hypothetical protein
EKHJKCLP_00762	CDS	498				hypothetical protein
EKHJKCLP_00763	CDS	405				hypothetical protein
EKHJKCLP_00764	CDS	195				hypothetical protein
EKHJKCLP_00765	CDS	1275				hypothetical protein
EKHJKCLP_00766	CDS	915				hypothetical protein
EKHJKCLP_00767	CDS	342				hypothetical protein
EKHJKCLP_00768	CDS	129				hypothetical protein
EKHJKCLP_00769	CDS	714				hypothetical protein
EKHJKCLP_00770	CDS	2040	metG	6.1.1.10	COG0073	Methionine--tRNA ligase
EKHJKCLP_00771	CDS	1449				hypothetical protein
EKHJKCLP_00772	CDS	876				hypothetical protein
EKHJKCLP_00773	CDS	1053				hypothetical protein
EKHJKCLP_00774	CDS	864				hypothetical protein
EKHJKCLP_00775	CDS	1023				hypothetical protein
EKHJKCLP_00776	CDS	1116				hypothetical protein
EKHJKCLP_00777	CDS	1266	mshA_1	2.4.1.250		D-inositol-3-phosphate glycosyltransferase
EKHJKCLP_00778	CDS	756		2.4.1.-	COG0463	PGL/p-HBAD biosynthesis glycosyltransferase
EKHJKCLP_00779	CDS	855				hypothetical protein
EKHJKCLP_00780	CDS	1083	resA_3			Thiol-disulfide oxidoreductase ResA
EKHJKCLP_00781	CDS	234				hypothetical protein
EKHJKCLP_00782	CDS	1404				hypothetical protein
EKHJKCLP_00783	CDS	390	resA_4		COG0526	Thiol-disulfide oxidoreductase ResA
EKHJKCLP_00784	CDS	726				hypothetical protein
EKHJKCLP_00785	CDS	714	resA_5			Thiol-disulfide oxidoreductase ResA
EKHJKCLP_00786	CDS	381				hypothetical protein
EKHJKCLP_00787	CDS	168				hypothetical protein
EKHJKCLP_00788	CDS	162				hypothetical protein
EKHJKCLP_00789	CDS	237				hypothetical protein
EKHJKCLP_00790	CDS	864				hypothetical protein
EKHJKCLP_00791	CDS	375				hypothetical protein
EKHJKCLP_00792	CDS	2949				hypothetical protein
EKHJKCLP_00793	CDS	3870				hypothetical protein
EKHJKCLP_00794	CDS	771				hypothetical protein
EKHJKCLP_00795	CDS	2724				hypothetical protein
EKHJKCLP_00796	CDS	1146				hypothetical protein
EKHJKCLP_00797	CDS	2406				hypothetical protein
EKHJKCLP_00798	CDS	2028				hypothetical protein
EKHJKCLP_00799	CDS	3465			COG1629	TonB-dependent receptor P26
EKHJKCLP_00800	CDS	2109	lacZ_2	3.2.1.31	COG3250	Beta-glucuronidase
EKHJKCLP_00801	CDS	1431				hypothetical protein
EKHJKCLP_00802	CDS	132				hypothetical protein
EKHJKCLP_00803	CDS	4035	rcsC_10	2.7.13.3		Sensor histidine kinase RcsC
EKHJKCLP_00804	CDS	774	bioC_1	2.1.1.197		Malonyl-[acyl-carrier protein] O-methyltransferase
EKHJKCLP_00805	CDS	351				putative HTH-type transcriptional regulator
EKHJKCLP_00806	CDS	219				hypothetical protein
EKHJKCLP_00807	CDS	699	cobB	2.3.1.286	COG0846	NAD-dependent protein deacylase
EKHJKCLP_00808	CDS	585	fklB	5.2.1.8	COG0545	FKBP-type 22 kDa peptidyl-prolyl cis-trans isomerase
EKHJKCLP_00809	CDS	885				hypothetical protein
EKHJKCLP_00810	CDS	465	asnC_1		COG1522	Regulatory protein AsnC
EKHJKCLP_00811	CDS	312				hypothetical protein
EKHJKCLP_00812	tRNA	75				tRNA-Met(cat)
EKHJKCLP_00813	CDS	333				hypothetical protein
EKHJKCLP_00814	CDS	774	ddpX	3.4.13.22		D-alanyl-D-alanine dipeptidase
EKHJKCLP_00815	CDS	1191				hypothetical protein
EKHJKCLP_00816	CDS	1818				hypothetical protein
EKHJKCLP_00817	CDS	981				hypothetical protein
EKHJKCLP_00818	CDS	1569				hypothetical protein
EKHJKCLP_00819	CDS	918	gpmI_1	5.4.2.12		2,3-bisphosphoglycerate-independent phosphoglycerate mutase
EKHJKCLP_00820	CDS	1119				hypothetical protein
EKHJKCLP_00821	CDS	417				hypothetical protein
EKHJKCLP_00822	CDS	1200		2.4.1.281	COG2152	4-O-beta-D-mannosyl-D-glucose phosphorylase
EKHJKCLP_00823	CDS	2583			COG4771	TonB-dependent receptor P39
EKHJKCLP_00824	CDS	1359	xerC_11			Tyrosine recombinase XerC
EKHJKCLP_00825	CDS	678				hypothetical protein
EKHJKCLP_00826	CDS	330				hypothetical protein
EKHJKCLP_00827	CDS	1506				hypothetical protein
EKHJKCLP_00828	CDS	1119				hypothetical protein
EKHJKCLP_00829	CDS	1551				hypothetical protein
EKHJKCLP_00830	CDS	969				hypothetical protein
EKHJKCLP_00831	CDS	993	xerC_12		COG4974	Tyrosine recombinase XerC
EKHJKCLP_00832	CDS	603				hypothetical protein
EKHJKCLP_00833	CDS	1284				hypothetical protein
EKHJKCLP_00834	CDS	411				hypothetical protein
EKHJKCLP_00835	CDS	1149	yhcG_3	3.1.-.-	COG4804	Putative nuclease YhcG
EKHJKCLP_00836	CDS	1662				hypothetical protein
EKHJKCLP_00837	CDS	3234				hypothetical protein
EKHJKCLP_00838	CDS	204				hypothetical protein
EKHJKCLP_00839	CDS	1404				hypothetical protein
EKHJKCLP_00840	CDS	2316	htpG_1			Chaperone protein HtpG
EKHJKCLP_00841	CDS	621			COG4771	TonB-dependent receptor P3
EKHJKCLP_00842	CDS	1788			COG0702	SusD-like protein P2
EKHJKCLP_00843	CDS	1878				hypothetical protein
EKHJKCLP_00844	CDS	2466	bamB			Outer membrane protein assembly factor BamB
EKHJKCLP_00845	CDS	630				hypothetical protein
EKHJKCLP_00846	CDS	1137	bcerS	2.3.1.-		Bacterial ceramide synthase
EKHJKCLP_00847	CDS	1878	gyrB_1	5.6.2.2	COG0187	DNA gyrase subunit B
EKHJKCLP_00848	CDS	456	coaD	2.7.7.3		Phosphopantetheine adenylyltransferase
EKHJKCLP_00849	CDS	1590				hypothetical protein
EKHJKCLP_00850	CDS	624				hypothetical protein
EKHJKCLP_00851	CDS	1617		3.1.6.-	COG3119	N-acetylglucosamine-6-O-sulfatase
EKHJKCLP_00852	CDS	873				hypothetical protein
EKHJKCLP_00853	CDS	705				hypothetical protein
EKHJKCLP_00854	CDS	1980	sdhA	1.3.5.1	COG1053	Succinate dehydrogenase flavoprotein subunit
EKHJKCLP_00855	CDS	756	frdB	1.3.5.1	COG0479	Fumarate reductase iron-sulfur subunit
EKHJKCLP_00856	CDS	2070	ptpA_1	3.4.14.12	COG0823	Prolyl tripeptidyl peptidase
EKHJKCLP_00857	CDS	2196	agaA_1	3.2.1.22		Alpha-galactosidase AgaA
EKHJKCLP_00858	CDS	180				hypothetical protein
EKHJKCLP_00859	CDS	4290	rcsC_11	2.7.13.3		Sensor histidine kinase RcsC
EKHJKCLP_00860	CDS	3099			COG1629	TonB-dependent receptor P26
EKHJKCLP_00861	CDS	1980				hypothetical protein
EKHJKCLP_00862	CDS	1428				hypothetical protein
EKHJKCLP_00863	CDS	933				hypothetical protein
EKHJKCLP_00864	CDS	1665				hypothetical protein
EKHJKCLP_00865	CDS	2463				hypothetical protein
EKHJKCLP_00866	CDS	129				hypothetical protein
EKHJKCLP_00867	CDS	957				hypothetical protein
EKHJKCLP_00868	CDS	2190	agaA_2	3.2.1.22		Alpha-galactosidase AgaA
EKHJKCLP_00869	CDS	1992		3.2.1.22	COG4948	Retaining alpha-galactosidase
EKHJKCLP_00870	CDS	1995				hypothetical protein
EKHJKCLP_00871	CDS	1251	dsbD_1	1.8.1.8		Thiol:disulfide interchange protein DsbD
EKHJKCLP_00872	CDS	828				hypothetical protein
EKHJKCLP_00873	CDS	996	fim1C_1			Fimbrium subunit Fim1C
EKHJKCLP_00874	CDS	996				Putative fimbrium anchoring subunit Fim4B
EKHJKCLP_00875	CDS	1278				hypothetical protein
EKHJKCLP_00876	CDS	498				hypothetical protein
EKHJKCLP_00877	CDS	1416		3.1.6.-	COG3119	N-acetylgalactosamine-6-O-sulfatase
EKHJKCLP_00878	CDS	2190				hypothetical protein
EKHJKCLP_00879	CDS	1497		3.1.6.-	COG3119	N-acetylgalactosamine-6-O-sulfatase
EKHJKCLP_00880	CDS	1368	atsA_1	3.1.6.1		Arylsulfatase
EKHJKCLP_00881	CDS	495				hypothetical protein
EKHJKCLP_00882	CDS	1953				hypothetical protein
EKHJKCLP_00883	CDS	3102			COG1629	TonB-dependent receptor P26
EKHJKCLP_00884	CDS	1143		3.1.6.-	COG3119	N-acetylgalactosamine-6-O-sulfatase
EKHJKCLP_00885	CDS	144				hypothetical protein
EKHJKCLP_00886	CDS	1587				IS66 family transposase ISBthe6
EKHJKCLP_00887	CDS	366				hypothetical protein
EKHJKCLP_00888	CDS	435				hypothetical protein
EKHJKCLP_00889	CDS	372		3.1.6.-	COG3119	N-acetylgalactosamine-6-O-sulfatase
EKHJKCLP_00890	CDS	4278	rcsC_12	2.7.13.3		Sensor histidine kinase RcsC
EKHJKCLP_00891	CDS	492				hypothetical protein
EKHJKCLP_00892	CDS	2688				hypothetical protein
EKHJKCLP_00893	CDS	219				hypothetical protein
EKHJKCLP_00894	CDS	924	Int-Tn		COG0582	Transposase from transposon Tn916
EKHJKCLP_00895	CDS	1173				hypothetical protein
EKHJKCLP_00896	CDS	852				hypothetical protein
EKHJKCLP_00897	CDS	1059	ecoRIM	2.1.1.72		Type II methyltransferase M.EcoRI
EKHJKCLP_00898	CDS	114				hypothetical protein
EKHJKCLP_00899	CDS	222				hypothetical protein
EKHJKCLP_00900	CDS	2985	lacZ_3	3.2.1.23		Beta-galactosidase
EKHJKCLP_00901	CDS	345				hypothetical protein
EKHJKCLP_00902	CDS	1248				hypothetical protein
EKHJKCLP_00903	CDS	2475				hypothetical protein
EKHJKCLP_00904	CDS	2769				hypothetical protein
EKHJKCLP_00905	CDS	918				hypothetical protein
EKHJKCLP_00906	CDS	1908				hypothetical protein
EKHJKCLP_00907	CDS	3375			COG4771	TonB-dependent receptor P3
EKHJKCLP_00908	CDS	1077				hypothetical protein
EKHJKCLP_00909	CDS	615				hypothetical protein
EKHJKCLP_00910	CDS	1125				hypothetical protein
EKHJKCLP_00911	CDS	402		3.1.-.-	COG0824	Putative esterase
EKHJKCLP_00912	CDS	1290	ubiU	1.97.1.15		Ubiquinone biosynthesis hydroxylase UbiU
EKHJKCLP_00913	CDS	996	dusB	1.3.1.-	COG0042	tRNA-dihydrouridine synthase B
EKHJKCLP_00914	CDS	966				hypothetical protein
EKHJKCLP_00915	CDS	1008		1.1.1.51		3-beta-hydroxysteroid dehydrogenase
EKHJKCLP_00916	CDS	135				hypothetical protein
EKHJKCLP_00917	CDS	2157	rnr	3.1.13.1	COG0557	Ribonuclease R
EKHJKCLP_00918	CDS	480				hypothetical protein
EKHJKCLP_00919	CDS	2361		3.2.1.-	COG1472	Beta-xylosidase
EKHJKCLP_00920	CDS	1767				hypothetical protein
EKHJKCLP_00921	CDS	948	cysK1_1	2.5.1.47	COG0031	O-acetylserine sulfhydrylase
EKHJKCLP_00922	CDS	339				hypothetical protein
EKHJKCLP_00923	CDS	1422				hypothetical protein
EKHJKCLP_00924	CDS	1143	araJ		COG2814	Putative transporter AraJ
EKHJKCLP_00925	CDS	102				hypothetical protein
EKHJKCLP_00926	CDS	3441	rocA	1.2.1.88		1-pyrroline-5-carboxylate dehydrogenase
EKHJKCLP_00927	CDS	1104	ychF		COG0012	Ribosome-binding ATPase YchF
EKHJKCLP_00928	CDS	912				hypothetical protein
EKHJKCLP_00929	CDS	843	lgt	2.5.1.145	COG0682	Phosphatidylglycerol--prolipoprotein diacylglyceryl transferase
EKHJKCLP_00930	CDS	2619	mutS_3			DNA mismatch repair protein MutS
EKHJKCLP_00931	CDS	1656				IS1182 family transposase ISBthe2
EKHJKCLP_00932	CDS	2124	lacZ_4	3.2.1.31	COG3250	Beta-glucuronidase
EKHJKCLP_00933	CDS	1119		3.2.1.-		Unsaturated 3S-rhamnoglycuronyl hydrolase
EKHJKCLP_00934	CDS	1857				hypothetical protein
EKHJKCLP_00935	CDS	3363	susC_4		COG1629	TonB-dependent receptor SusC
EKHJKCLP_00936	CDS	1071				hypothetical protein
EKHJKCLP_00937	CDS	576	sigW_2		COG1595	ECF RNA polymerase sigma factor SigW
EKHJKCLP_00938	CDS	876	eamA		COG0697	putative amino-acid metabolite efflux pump
EKHJKCLP_00939	CDS	1983	leuS	6.1.1.4		Leucine--tRNA ligase
EKHJKCLP_00940	CDS	984	valS_1	6.1.1.9		Valine--tRNA ligase
EKHJKCLP_00941	CDS	918				hypothetical protein
EKHJKCLP_00942	CDS	582		3.6.1.66		dITP/XTP pyrophosphatase
EKHJKCLP_00943	CDS	837	pal			Peptidoglycan-associated lipoprotein
EKHJKCLP_00944	CDS	1236				hypothetical protein
EKHJKCLP_00945	CDS	1224		3.2.1.-	COG4225	Unsaturated glucuronyl hydrolase
EKHJKCLP_00946	CDS	2262				hypothetical protein
EKHJKCLP_00947	CDS	4023	rcsC_13	2.7.13.3		Sensor histidine kinase RcsC
EKHJKCLP_00948	CDS	1383				hypothetical protein
EKHJKCLP_00949	CDS	1059				hypothetical protein
EKHJKCLP_00950	CDS	729				hypothetical protein
EKHJKCLP_00951	CDS	1692				hypothetical protein
EKHJKCLP_00952	CDS	2778			COG4771	TonB-dependent receptor P39
EKHJKCLP_00953	CDS	1857				hypothetical protein
EKHJKCLP_00954	CDS	3183			COG4771	TonB-dependent receptor P3
EKHJKCLP_00955	CDS	909	cpdA	3.1.4.53		3',5'-cyclic adenosine monophosphate phosphodiesterase CpdA
EKHJKCLP_00956	CDS	1359				hypothetical protein
EKHJKCLP_00957	CDS	939	nadA	2.5.1.72		Quinolinate synthase
EKHJKCLP_00958	CDS	528	trmH	2.1.1.34	COG0566	tRNA (guanosine(18)-2'-O)-methyltransferase
EKHJKCLP_00959	CDS	579				hypothetical protein
EKHJKCLP_00960	CDS	2049				hypothetical protein
EKHJKCLP_00961	CDS	510				hypothetical protein
EKHJKCLP_00962	CDS	1170				hypothetical protein
EKHJKCLP_00963	CDS	3318	susC_5		COG1629	TonB-dependent receptor SusC
EKHJKCLP_00964	CDS	1554				hypothetical protein
EKHJKCLP_00965	CDS	843				hypothetical protein
EKHJKCLP_00966	CDS	1695				hypothetical protein
EKHJKCLP_00967	CDS	1410				hypothetical protein
EKHJKCLP_00968	CDS	1398	resA_6			Thiol-disulfide oxidoreductase ResA
EKHJKCLP_00969	CDS	1245				hypothetical protein
EKHJKCLP_00970	CDS	774				hypothetical protein
EKHJKCLP_00971	CDS	549	rpoE_1		COG1595	ECF RNA polymerase sigma factor RpoE
EKHJKCLP_00972	CDS	948				hypothetical protein
EKHJKCLP_00973	CDS	3399			COG4771	TonB-dependent receptor P3
EKHJKCLP_00974	CDS	1917				hypothetical protein
EKHJKCLP_00975	CDS	1365				hypothetical protein
EKHJKCLP_00976	CDS	2814				hypothetical protein
EKHJKCLP_00977	CDS	2181	agaA_3	3.2.1.22		Alpha-galactosidase AgaA
EKHJKCLP_00978	CDS	2238				hypothetical protein
EKHJKCLP_00979	CDS	3291	lacZ_5	3.2.1.23		Beta-galactosidase
EKHJKCLP_00980	CDS	1098				hypothetical protein
EKHJKCLP_00981	CDS	555	sigH_1		COG1595	ECF RNA polymerase sigma factor SigH
EKHJKCLP_00982	CDS	3405			COG1629	TonB-dependent receptor P26
EKHJKCLP_00983	CDS	1926				hypothetical protein
EKHJKCLP_00984	CDS	102				hypothetical protein
EKHJKCLP_00985	CDS	1677				hypothetical protein
EKHJKCLP_00986	CDS	2922				hypothetical protein
EKHJKCLP_00987	CDS	1392	atsA_2	3.1.6.1		Arylsulfatase
EKHJKCLP_00988	CDS	1422		3.1.6.-	COG3119	N-acetylgalactosamine-6-O-sulfatase
EKHJKCLP_00989	CDS	1539		3.1.6.-	COG3119	N-acetylgalactosamine-6-O-sulfatase
EKHJKCLP_00990	CDS	1506	atsA_3	3.1.6.1		Arylsulfatase
EKHJKCLP_00991	CDS	2286				hypothetical protein
EKHJKCLP_00992	CDS	1515		3.1.6.-	COG3119	N-acetylgalactosamine-6-O-sulfatase
EKHJKCLP_00993	CDS	3858				hypothetical protein
EKHJKCLP_00994	CDS	516				hypothetical protein
EKHJKCLP_00995	CDS	1680	dauA		COG0659	C4-dicarboxylic acid transporter DauA
EKHJKCLP_00996	CDS	159				hypothetical protein
EKHJKCLP_00997	CDS	579	rbr		COG1592	Rubrerythrin
EKHJKCLP_00998	CDS	1656				IS1182 family transposase ISBthe2
EKHJKCLP_00999	CDS	276				hypothetical protein
EKHJKCLP_01000	CDS	1572	nadB	1.4.3.16	COG0029	L-aspartate oxidase
EKHJKCLP_01001	CDS	393				hypothetical protein
EKHJKCLP_01002	CDS	1344	pdhD	1.8.1.4		Dihydrolipoyl dehydrogenase
EKHJKCLP_01003	CDS	1203	resA_7			Thiol-disulfide oxidoreductase ResA
EKHJKCLP_01004	CDS	1407	dac	3.4.16.4		D-alanyl-D-alanine carboxypeptidase
EKHJKCLP_01005	CDS	1365				hypothetical protein
EKHJKCLP_01006	CDS	1500	scpC	2.8.3.27	COG0427	Propanoyl-CoA:succinate CoA transferase
EKHJKCLP_01007	CDS	462				hypothetical protein
EKHJKCLP_01008	CDS	1368	miaB	2.8.4.3	COG0621	tRNA-2-methylthio-N(6)-dimethylallyladenosine synthase
EKHJKCLP_01009	CDS	714				hypothetical protein
EKHJKCLP_01010	CDS	129				hypothetical protein
EKHJKCLP_01011	CDS	342				hypothetical protein
EKHJKCLP_01012	CDS	825				hypothetical protein
EKHJKCLP_01013	CDS	1275				hypothetical protein
EKHJKCLP_01014	CDS	195				hypothetical protein
EKHJKCLP_01015	CDS	405				hypothetical protein
EKHJKCLP_01016	CDS	498				hypothetical protein
EKHJKCLP_01017	CDS	96				hypothetical protein
EKHJKCLP_01018	CDS	489				hypothetical protein
EKHJKCLP_01019	CDS	2355				hypothetical protein
EKHJKCLP_01020	CDS	3267				hypothetical protein
EKHJKCLP_01021	CDS	510				hypothetical protein
EKHJKCLP_01022	CDS	1923				hypothetical protein
EKHJKCLP_01023	CDS	504				hypothetical protein
EKHJKCLP_01024	CDS	162				hypothetical protein
EKHJKCLP_01025	CDS	684				hypothetical protein
EKHJKCLP_01026	CDS	900	ubiG	2.1.1.222		Ubiquinone biosynthesis O-methyltransferase
EKHJKCLP_01027	CDS	882	ftsX		COG2177	Cell division protein FtsX
EKHJKCLP_01028	CDS	237				hypothetical protein
EKHJKCLP_01029	CDS	792	uppP	3.6.1.27	COG1968	Undecaprenyl-diphosphatase
EKHJKCLP_01030	CDS	723	truB	5.4.99.25	COG0130	tRNA pseudouridine synthase B
EKHJKCLP_01031	CDS	1059	queA_1	2.4.99.17		S-adenosylmethionine:tRNA ribosyltransferase-isomerase
EKHJKCLP_01032	CDS	486	sulD		COG0801	Bifunctional folate synthesis protein
EKHJKCLP_01033	CDS	189				hypothetical protein
EKHJKCLP_01034	CDS	1293	metK	2.5.1.6		S-adenosylmethionine synthase
EKHJKCLP_01035	CDS	1656				hypothetical protein
EKHJKCLP_01036	CDS	372				hypothetical protein
EKHJKCLP_01037	CDS	588		3.2.2.-		Cytokinin riboside 5'-monophosphate phosphoribohydrolase
EKHJKCLP_01038	CDS	852				hypothetical protein
EKHJKCLP_01039	CDS	726				hypothetical protein
EKHJKCLP_01040	CDS	330	rnpA	3.1.26.5		Ribonuclease P protein component
EKHJKCLP_01041	CDS	276				hypothetical protein
EKHJKCLP_01042	CDS	663	dtd3_1	3.1.1.96	COG0084	D-aminoacyl-tRNA deacylase
EKHJKCLP_01043	CDS	1293	tyrS	6.1.1.1		Tyrosine--tRNA ligase
EKHJKCLP_01044	tRNA	72				tRNA-Gln(ttg)
EKHJKCLP_01045	CDS	843	kduI_1	5.3.1.17	COG3717	4-deoxy-L-threo-5-hexosulose-uronate ketol-isomerase
EKHJKCLP_01046	CDS	804	kduD	1.1.1.127	COG1028	2-dehydro-3-deoxy-D-gluconate 5-dehydrogenase
EKHJKCLP_01047	CDS	1242				hypothetical protein
EKHJKCLP_01048	CDS	318				hypothetical protein
EKHJKCLP_01049	CDS	3120				hypothetical protein
EKHJKCLP_01050	CDS	1503				hypothetical protein
EKHJKCLP_01051	CDS	894				hypothetical protein
EKHJKCLP_01052	CDS	1275				hypothetical protein
EKHJKCLP_01053	CDS	1041				hypothetical protein
EKHJKCLP_01054	CDS	723				hypothetical protein
EKHJKCLP_01055	CDS	660				hypothetical protein
EKHJKCLP_01056	CDS	483				hypothetical protein
EKHJKCLP_01057	CDS	924	queG	1.17.99.6		Epoxyqueuosine reductase
EKHJKCLP_01058	CDS	615	pgdA	3.5.1.104	COG0726	Peptidoglycan-N-acetylglucosamine deacetylase
EKHJKCLP_01059	CDS	3414				hypothetical protein
EKHJKCLP_01060	CDS	750	mntB		COG1121	Manganese transport system ATP-binding protein MntB
EKHJKCLP_01061	CDS	948	mtsA			Iron ABC transporter substrate-binding lipoprotein MtsA
EKHJKCLP_01062	CDS	699	mnmC		COG0665	tRNA 5-methylaminomethyl-2-thiouridine biosynthesis bifunctional protein MnmC
EKHJKCLP_01063	CDS	480				hypothetical protein
EKHJKCLP_01064	CDS	1011				hypothetical protein
EKHJKCLP_01065	CDS	1275	purD	6.3.4.13	COG0151	Phosphoribosylamine--glycine ligase
EKHJKCLP_01066	CDS	2196	ptpA_2	3.4.14.12	COG0823	Prolyl tripeptidyl peptidase
EKHJKCLP_01067	CDS	1470	rlmL	2.1.1.264		Ribosomal RNA large subunit methyltransferase K/L
EKHJKCLP_01068	CDS	906	srpH	2.3.1.30	COG1045	Serine acetyltransferase, plasmid
EKHJKCLP_01069	CDS	2097				hypothetical protein
EKHJKCLP_01070	CDS	777	cheB	3.5.1.44		Protein-glutamate methylesterase/protein-glutamine glutaminase
EKHJKCLP_01071	CDS	396				hypothetical protein
EKHJKCLP_01072	CDS	2850	polA	2.7.7.7	COG0258	DNA polymerase I
EKHJKCLP_01073	CDS	975	ispB	2.5.1.90	COG0142	Octaprenyl diphosphate synthase
EKHJKCLP_01074	CDS	678				hypothetical protein
EKHJKCLP_01075	CDS	903	deoC	4.1.2.4		Deoxyribose-phosphate aldolase
EKHJKCLP_01076	CDS	339	ypjD		COG1694	putative protein YpjD
EKHJKCLP_01077	CDS	453	dtd	3.1.1.96	COG1490	D-aminoacyl-tRNA deacylase
EKHJKCLP_01078	CDS	1830	uvrC		COG0322	UvrABC system protein C
EKHJKCLP_01079	CDS	525	apt	2.4.2.7		Adenine phosphoribosyltransferase
EKHJKCLP_01080	CDS	1887	mnmG		COG0445	tRNA uridine 5-carboxymethylaminomethyl modification enzyme MnmG
EKHJKCLP_01081	CDS	567	sigX		COG1595	ECF RNA polymerase sigma factor SigX
EKHJKCLP_01082	CDS	1203				hypothetical protein
EKHJKCLP_01083	CDS	3345			COG4771	TonB-dependent receptor P39
EKHJKCLP_01084	CDS	1515				hypothetical protein
EKHJKCLP_01085	CDS	759				hypothetical protein
EKHJKCLP_01086	CDS	1707				hypothetical protein
EKHJKCLP_01087	CDS	2355				hypothetical protein
EKHJKCLP_01088	CDS	2358	ptpA_3	3.4.14.12	COG0823	Prolyl tripeptidyl peptidase
EKHJKCLP_01089	CDS	2724				hypothetical protein
EKHJKCLP_01090	CDS	423				hypothetical protein
EKHJKCLP_01091	CDS	150				hypothetical protein
EKHJKCLP_01092	CDS	1656				IS1182 family transposase ISBthe2
EKHJKCLP_01093	CDS	417	ybeY	3.1.-.-	COG0319	Endoribonuclease YbeY
EKHJKCLP_01094	CDS	816	dpnA	2.1.1.72		Type II methyltransferase M2.DpnII
EKHJKCLP_01095	CDS	1299				hypothetical protein
EKHJKCLP_01096	CDS	846	dpnM_2	2.1.1.72		Type II methyltransferase M1.DpnII
EKHJKCLP_01097	CDS	1233				hypothetical protein
EKHJKCLP_01098	CDS	1032	ruvB_1	3.6.4.-	COG2255	Holliday junction branch migration complex subunit RuvB
EKHJKCLP_01099	CDS	441				hypothetical protein
EKHJKCLP_01100	CDS	1497				hypothetical protein
EKHJKCLP_01101	CDS	1356				hypothetical protein
EKHJKCLP_01102	CDS	2139	dpp7_1	3.4.14.-	COG3591	Dipeptidyl-peptidase 7
EKHJKCLP_01103	CDS	270				hypothetical protein
EKHJKCLP_01104	CDS	1923	deaD	3.6.4.13	COG0513	ATP-dependent RNA helicase DeaD
EKHJKCLP_01105	CDS	921	scrK	2.7.1.4		Fructokinase
EKHJKCLP_01106	CDS	606	kdsD	5.3.1.13		Arabinose 5-phosphate isomerase KdsD
EKHJKCLP_01107	CDS	534	yvdD		COG1611	LOG family protein YvdD
EKHJKCLP_01108	CDS	1221		3.4.24.-	COG0612	putative zinc protease
EKHJKCLP_01109	CDS	1272				hypothetical protein
EKHJKCLP_01110	CDS	1302		3.2.1.-	COG4225	Unsaturated glucuronyl hydrolase
EKHJKCLP_01111	CDS	3189			COG1629	TonB-dependent receptor P26
EKHJKCLP_01112	CDS	1935				hypothetical protein
EKHJKCLP_01113	CDS	2832				hypothetical protein
EKHJKCLP_01114	CDS	1533				hypothetical protein
EKHJKCLP_01115	CDS	1809				hypothetical protein
EKHJKCLP_01116	CDS	1545		3.2.1.-	COG0673	Glycosyl hydrolase family 109 protein 1
EKHJKCLP_01117	CDS	3975	rcsC_14	2.7.13.3		Sensor histidine kinase RcsC
EKHJKCLP_01118	CDS	630				hypothetical protein
EKHJKCLP_01119	CDS	939				hypothetical protein
EKHJKCLP_01120	CDS	1485				hypothetical protein
EKHJKCLP_01121	CDS	765	dapB	1.17.1.8	COG0289	4-hydroxy-tetrahydrodipicolinate reductase
EKHJKCLP_01122	CDS	1284				hypothetical protein
EKHJKCLP_01123	CDS	2622	resA_8			Thiol-disulfide oxidoreductase ResA
EKHJKCLP_01124	CDS	558				hypothetical protein
EKHJKCLP_01125	CDS	693				hypothetical protein
EKHJKCLP_01126	CDS	3075	chonabc_1	4.2.2.21	COG5492	Chondroitin sulfate ABC exolyase
EKHJKCLP_01127	CDS	1236				hypothetical protein
EKHJKCLP_01128	CDS	945	dusC	1.3.1.-		tRNA-dihydrouridine(16) synthase
EKHJKCLP_01129	CDS	3180			COG4771	TonB-dependent receptor P3
EKHJKCLP_01130	CDS	1800				hypothetical protein
EKHJKCLP_01131	CDS	1125				hypothetical protein
EKHJKCLP_01132	CDS	1935				hypothetical protein
EKHJKCLP_01133	CDS	891				hypothetical protein
EKHJKCLP_01134	CDS	1920				hypothetical protein
EKHJKCLP_01135	CDS	2292				hypothetical protein
EKHJKCLP_01136	CDS	1536		3.1.6.-	COG3119	N-acetylgalactosamine-6-O-sulfatase
EKHJKCLP_01137	CDS	4083	rcsC_15	2.7.13.3		Sensor histidine kinase RcsC
EKHJKCLP_01138	CDS	2328				hypothetical protein
EKHJKCLP_01139	CDS	2598	lacZ_6	3.2.1.23		Beta-galactosidase
EKHJKCLP_01140	CDS	3417				hypothetical protein
EKHJKCLP_01141	CDS	1020				hypothetical protein
EKHJKCLP_01142	CDS	1611			COG0702	SusD-like protein P25
EKHJKCLP_01143	CDS	3171			COG1629	TonB-dependent receptor P26
EKHJKCLP_01144	CDS	3936	rcsC_16	2.7.13.3		Sensor histidine kinase RcsC
EKHJKCLP_01145	CDS	642				hypothetical protein
EKHJKCLP_01146	CDS	771	lpxA_1	2.3.1.129	COG1043	Acyl-[acyl-carrier-protein]--UDP-N-acetylglucosamine O-acyltransferase
EKHJKCLP_01147	CDS	1392	oprM_1			Outer membrane protein OprM
EKHJKCLP_01148	CDS	3429	mepB			Multidrug/solvent efflux pump membrane transporter MepB
EKHJKCLP_01149	CDS	1176	mdtE_2		COG0845	Multidrug resistance protein MdtE
EKHJKCLP_01150	CDS	3108	lacZ_7	3.2.1.23	COG3250	Beta-galactosidase
EKHJKCLP_01151	CDS	234				hypothetical protein
EKHJKCLP_01152	CDS	3177			COG1629	TonB-dependent receptor P26
EKHJKCLP_01153	CDS	1797				hypothetical protein
EKHJKCLP_01154	CDS	2766			COG4771	TonB-dependent receptor P39
EKHJKCLP_01155	CDS	1650				hypothetical protein
EKHJKCLP_01156	CDS	1950				hypothetical protein
EKHJKCLP_01157	CDS	873				hypothetical protein
EKHJKCLP_01158	CDS	411	paaI	3.1.2.-	COG2050	Acyl-coenzyme A thioesterase PaaI
EKHJKCLP_01159	CDS	1203		3.2.1.-	COG4225	Unsaturated glucuronyl hydrolase
EKHJKCLP_01160	CDS	1548		3.1.6.-	COG3119	Endo-4-O-sulfatase
EKHJKCLP_01161	CDS	2868	chonabc_2	4.2.2.21	COG5492	Chondroitin sulfate ABC exolyase
EKHJKCLP_01162	CDS	1482	cysS	6.1.1.16	COG0215	Cysteine--tRNA ligase
EKHJKCLP_01163	CDS	816	ycsE_1	3.1.3.104	COG0561	5-amino-6-(5-phospho-D-ribitylamino)uracil phosphatase YcsE
EKHJKCLP_01164	CDS	90				hypothetical protein
EKHJKCLP_01165	CDS	2847	rapA_1	3.6.4.-		RNA polymerase-associated protein RapA
EKHJKCLP_01166	CDS	1098	mnmA_1	2.8.1.13		tRNA-specific 2-thiouridylase MnmA
EKHJKCLP_01167	CDS	1521				hypothetical protein
EKHJKCLP_01168	CDS	1011	pfp_1	2.7.1.90		Pyrophosphate--fructose 6-phosphate 1-phosphotransferase
EKHJKCLP_01169	CDS	990	rnc	3.1.26.3		Ribonuclease 3
EKHJKCLP_01170	CDS	1263	fabF	2.3.1.179	COG0304	3-oxoacyl-[acyl-carrier-protein] synthase 2
EKHJKCLP_01171	CDS	237	acpP			Acyl carrier protein
EKHJKCLP_01172	CDS	624	purN	2.1.2.2		Phosphoribosylglycinamide formyltransferase
EKHJKCLP_01173	CDS	1434	patA	2.3.1.-	COG1696	Peptidoglycan O-acetyltransferase
EKHJKCLP_01174	CDS	936				hypothetical protein
EKHJKCLP_01175	CDS	1044	pdxB	1.1.1.290		Erythronate-4-phosphate dehydrogenase
EKHJKCLP_01176	CDS	606				hypothetical protein
EKHJKCLP_01177	CDS	1032				hypothetical protein
EKHJKCLP_01178	CDS	1110	glf	5.4.99.9	COG0562	UDP-galactopyranose mutase
EKHJKCLP_01179	CDS	1038	wbbI	2.4.1.-	COG0438	Beta-1,6-galactofuranosyltransferase WbbI
EKHJKCLP_01180	CDS	912				hypothetical protein
EKHJKCLP_01181	CDS	822				hypothetical protein
EKHJKCLP_01182	CDS	1134	mshA_2	2.4.1.250		D-inositol-3-phosphate glycosyltransferase
EKHJKCLP_01183	CDS	813				hypothetical protein
EKHJKCLP_01184	CDS	732				hypothetical protein
EKHJKCLP_01185	CDS	1053	hisC_1	2.6.1.9	COG0079	Histidinol-phosphate aminotransferase
EKHJKCLP_01186	CDS	801	kfoC_1			Chondroitin synthase
EKHJKCLP_01187	CDS	801	kfoC_2			Chondroitin synthase
EKHJKCLP_01188	CDS	837				hypothetical protein
EKHJKCLP_01189	CDS	1104	mshA_3	2.4.1.250		D-inositol-3-phosphate glycosyltransferase
EKHJKCLP_01190	CDS	840				hypothetical protein
EKHJKCLP_01191	CDS	963				hypothetical protein
EKHJKCLP_01192	CDS	984				hypothetical protein
EKHJKCLP_01193	CDS	870				hypothetical protein
EKHJKCLP_01194	CDS	903				hypothetical protein
EKHJKCLP_01195	CDS	204				hypothetical protein
EKHJKCLP_01196	CDS	1446			COG3385	IS4 family transposase ISBf8
EKHJKCLP_01197	CDS	1506				hypothetical protein
EKHJKCLP_01198	CDS	2193				hypothetical protein
EKHJKCLP_01199	CDS	837				hypothetical protein
EKHJKCLP_01200	CDS	1062				hypothetical protein
EKHJKCLP_01201	CDS	2361				hypothetical protein
EKHJKCLP_01202	CDS	2496				hypothetical protein
EKHJKCLP_01203	CDS	609				hypothetical protein
EKHJKCLP_01204	CDS	2130				hypothetical protein
EKHJKCLP_01205	CDS	1836	msbA	7.5.2.6	COG1132	ATP-dependent lipid A-core flippase
EKHJKCLP_01206	CDS	1986	mdoB	2.7.8.20		Phosphoglycerol transferase I
EKHJKCLP_01207	CDS	381				hypothetical protein
EKHJKCLP_01208	CDS	951	ykoT	2.4.-.-	COG0463	putative glycosyltransferase YkoT
EKHJKCLP_01209	CDS	1698	arnT	2.4.2.43		Undecaprenyl phosphate-alpha-4-amino-4-deoxy-L-arabinose arabinosyl transferase
EKHJKCLP_01210	CDS	630	rnhA	3.1.26.4	COG0328	Ribonuclease H
EKHJKCLP_01211	CDS	603				hypothetical protein
EKHJKCLP_01212	CDS	528	aroK	2.7.1.71	COG0703	Shikimate kinase
EKHJKCLP_01213	CDS	2499				hypothetical protein
EKHJKCLP_01214	CDS	1767	htpG_2			Chaperone protein HtpG
EKHJKCLP_01215	CDS	1071				hypothetical protein
EKHJKCLP_01216	CDS	1893	speA	4.1.1.19	COG1166	Biosynthetic arginine decarboxylase
EKHJKCLP_01217	CDS	774	argB	2.7.2.8	COG0548	Acetylglutamate kinase
EKHJKCLP_01218	CDS	510	sigL		COG1595	ECF RNA polymerase sigma factor SigL
EKHJKCLP_01219	CDS	480				hypothetical protein
EKHJKCLP_01220	CDS	705				hypothetical protein
EKHJKCLP_01221	CDS	396				hypothetical protein
EKHJKCLP_01222	CDS	468	rimP			Ribosome maturation factor RimP
EKHJKCLP_01223	CDS	1293				hypothetical protein
EKHJKCLP_01224	CDS	3081	lepA_1			Elongation factor 4
EKHJKCLP_01225	CDS	531				hypothetical protein
EKHJKCLP_01226	CDS	1455	sufB		COG0719	Iron-sulfur cluster assembly protein SufB
EKHJKCLP_01227	CDS	753	sufC		COG0396	putative ATP-dependent transporter SufC
EKHJKCLP_01228	CDS	1350	sufD		COG0719	Iron-sulfur cluster assembly protein SufD
EKHJKCLP_01229	CDS	1212	cyd	2.8.1.7	COG0520	Cysteine desulfurase
EKHJKCLP_01230	CDS	327				hypothetical protein
EKHJKCLP_01231	CDS	1521		3.1.6.-	COG3119	N-acetylgalactosamine-6-O-sulfatase
EKHJKCLP_01232	CDS	1950				hypothetical protein
EKHJKCLP_01233	CDS	3417			COG1629	TonB-dependent receptor P26
EKHJKCLP_01234	CDS	1086				hypothetical protein
EKHJKCLP_01235	CDS	642				hypothetical protein
EKHJKCLP_01236	CDS	900	gpmI_2	5.4.2.12		2,3-bisphosphoglycerate-independent phosphoglycerate mutase
EKHJKCLP_01237	CDS	2574				hypothetical protein
EKHJKCLP_01238	CDS	2190	agaA_4	3.2.1.22		Alpha-galactosidase AgaA
EKHJKCLP_01239	CDS	2205	hppA1	7.2.3.1	COG3808	Putative K(+)-stimulated pyrophosphate-energized sodium pump 1
EKHJKCLP_01240	CDS	603	rnhB	3.1.26.4	COG0164	Ribonuclease HII
EKHJKCLP_01241	CDS	1542				hypothetical protein
EKHJKCLP_01242	CDS	4041	rcsC_17	2.7.13.3		Sensor histidine kinase RcsC
EKHJKCLP_01243	CDS	3078			COG4771	TonB-dependent receptor P3
EKHJKCLP_01244	CDS	1899				hypothetical protein
EKHJKCLP_01245	CDS	708				hypothetical protein
EKHJKCLP_01246	CDS	1767				hypothetical protein
EKHJKCLP_01247	CDS	1962		3.2.1.22	COG4948	Retaining alpha-galactosidase
EKHJKCLP_01248	CDS	2142				hypothetical protein
EKHJKCLP_01249	CDS	2025				hypothetical protein
EKHJKCLP_01250	CDS	981	corA_1		COG0598	Cobalt/magnesium transport protein CorA
EKHJKCLP_01251	CDS	2484				hypothetical protein
EKHJKCLP_01252	CDS	1515	gpmI_3	5.4.2.12	COG0696	2,3-bisphosphoglycerate-independent phosphoglycerate mutase
EKHJKCLP_01253	CDS	582				hypothetical protein
EKHJKCLP_01254	CDS	192				hypothetical protein
EKHJKCLP_01255	CDS	1959	gyrB_2	5.6.2.2	COG0187	DNA gyrase subunit B
EKHJKCLP_01256	CDS	255	rpsT		COG0268	Small ribosomal subunit protein bS20
EKHJKCLP_01257	tRNA	73				tRNA-Glu(ttc)
EKHJKCLP_01258	CDS	447	sigM		COG1595	ECF RNA polymerase sigma factor SigM
EKHJKCLP_01259	CDS	582				hypothetical protein
EKHJKCLP_01260	CDS	579				hypothetical protein
EKHJKCLP_01261	CDS	729	recO			DNA repair protein RecO
EKHJKCLP_01262	CDS	945				hypothetical protein
EKHJKCLP_01263	CDS	1194				hypothetical protein
EKHJKCLP_01264	CDS	975				hypothetical protein
EKHJKCLP_01265	CDS	1497				hypothetical protein
EKHJKCLP_01266	CDS	528				hypothetical protein
EKHJKCLP_01267	CDS	888				hypothetical protein
EKHJKCLP_01268	CDS	192				hypothetical protein
EKHJKCLP_01269	CDS	564				hypothetical protein
EKHJKCLP_01270	CDS	1059				hypothetical protein
EKHJKCLP_01271	CDS	672				hypothetical protein
EKHJKCLP_01272	CDS	960	xerC_13			Tyrosine recombinase XerC
EKHJKCLP_01273	CDS	1230	xerC_14			Tyrosine recombinase XerC
EKHJKCLP_01274	CDS	303				hypothetical protein
EKHJKCLP_01275	CDS	120				hypothetical protein
EKHJKCLP_01276	CDS	303				hypothetical protein
EKHJKCLP_01277	CDS	432				hypothetical protein
EKHJKCLP_01278	CDS	774				hypothetical protein
EKHJKCLP_01279	CDS	321				hypothetical protein
EKHJKCLP_01280	CDS	687				hypothetical protein
EKHJKCLP_01281	CDS	177				hypothetical protein
EKHJKCLP_01282	CDS	948				hypothetical protein
EKHJKCLP_01283	CDS	636				hypothetical protein
EKHJKCLP_01284	CDS	1299	zraR_3			Transcriptional regulatory protein ZraR
EKHJKCLP_01285	CDS	2409	rcsC_18	2.7.13.3		Sensor histidine kinase RcsC
EKHJKCLP_01286	CDS	2142	susB_1	3.2.1.3	COG1082	Glucan 1,4-alpha-glucosidase SusB
EKHJKCLP_01287	CDS	2322				hypothetical protein
EKHJKCLP_01288	CDS	1479	imd	3.2.1.94		Isomalto-dextranase
EKHJKCLP_01289	CDS	1494				hypothetical protein
EKHJKCLP_01290	CDS	1857				hypothetical protein
EKHJKCLP_01291	CDS	3090			COG4771	TonB-dependent receptor P3
EKHJKCLP_01292	CDS	1659				hypothetical protein
EKHJKCLP_01293	CDS	294				hypothetical protein
EKHJKCLP_01294	CDS	1014				hypothetical protein
EKHJKCLP_01295	CDS	591				hypothetical protein
EKHJKCLP_01296	CDS	1956	noc_1			Nucleoid occlusion protein
EKHJKCLP_01297	CDS	240				hypothetical protein
EKHJKCLP_01298	CDS	462				hypothetical protein
EKHJKCLP_01299	CDS	912	htpX_1	3.4.24.-		Protease HtpX
EKHJKCLP_01300	CDS	462				hypothetical protein
EKHJKCLP_01301	CDS	591				hypothetical protein
EKHJKCLP_01302	CDS	900				hypothetical protein
EKHJKCLP_01303	CDS	405				hypothetical protein
EKHJKCLP_01304	CDS	852				hypothetical protein
EKHJKCLP_01305	CDS	288				hypothetical protein
EKHJKCLP_01306	CDS	450				hypothetical protein
EKHJKCLP_01307	CDS	108				hypothetical protein
EKHJKCLP_01308	CDS	1014				hypothetical protein
EKHJKCLP_01309	CDS	603				hypothetical protein
EKHJKCLP_01310	CDS	276				hypothetical protein
EKHJKCLP_01311	CDS	132				hypothetical protein
EKHJKCLP_01312	CDS	1824	ltrA_1			Group II intron-encoded protein LtrA
EKHJKCLP_01313	CDS	351				hypothetical protein
EKHJKCLP_01314	CDS	1167				hypothetical protein
EKHJKCLP_01315	CDS	624				hypothetical protein
EKHJKCLP_01316	CDS	171				hypothetical protein
EKHJKCLP_01317	CDS	321				hypothetical protein
EKHJKCLP_01318	CDS	300				hypothetical protein
EKHJKCLP_01319	CDS	438				hypothetical protein
EKHJKCLP_01320	CDS	456				hypothetical protein
EKHJKCLP_01321	CDS	909				hypothetical protein
EKHJKCLP_01322	CDS	429				hypothetical protein
EKHJKCLP_01323	CDS	450				hypothetical protein
EKHJKCLP_01324	CDS	225				hypothetical protein
EKHJKCLP_01325	CDS	93				hypothetical protein
EKHJKCLP_01326	CDS	1188				hypothetical protein
EKHJKCLP_01327	CDS	276				hypothetical protein
EKHJKCLP_01328	CDS	1503				hypothetical protein
EKHJKCLP_01329	CDS	1653				hypothetical protein
EKHJKCLP_01330	CDS	1182				hypothetical protein
EKHJKCLP_01331	CDS	1296				hypothetical protein
EKHJKCLP_01332	CDS	444				hypothetical protein
EKHJKCLP_01333	CDS	180				hypothetical protein
EKHJKCLP_01334	CDS	3081				hypothetical protein
EKHJKCLP_01335	CDS	1050	xerD_5			Tyrosine recombinase XerD
EKHJKCLP_01336	CDS	957	xerC_15			Tyrosine recombinase XerC
EKHJKCLP_01337	CDS	1212	xerC_16			Tyrosine recombinase XerC
EKHJKCLP_01338	CDS	987				hypothetical protein
EKHJKCLP_01339	CDS	1023				hypothetical protein
EKHJKCLP_01340	CDS	330				hypothetical protein
EKHJKCLP_01341	CDS	306				hypothetical protein
EKHJKCLP_01342	CDS	450	yqeY		COG1610	putative protein YqeY
EKHJKCLP_01343	CDS	1311	ftsZ			Cell division protein FtsZ
EKHJKCLP_01344	CDS	1446	ftsA			Cell division protein FtsA
EKHJKCLP_01345	CDS	747				hypothetical protein
EKHJKCLP_01346	CDS	1377	murC	6.3.2.8	COG0773	UDP-N-acetylmuramate--L-alanine ligase
EKHJKCLP_01347	CDS	1116	murG	2.4.1.227		UDP-N-acetylglucosamine--N-acetylmuramyl-(pentapeptide) pyrophosphoryl-undecaprenol N-acetylglucosamine transferase
EKHJKCLP_01348	CDS	1320	ftsW	2.4.99.28	COG0772	putative peptidoglycan glycosyltransferase FtsW
EKHJKCLP_01349	CDS	1335	murD	6.3.2.9		UDP-N-acetylmuramoylalanine--D-glutamate ligase
EKHJKCLP_01350	CDS	1269	mraY	2.7.8.13	COG0472	Phospho-N-acetylmuramoyl-pentapeptide-transferase
EKHJKCLP_01351	CDS	1449	murE_1	6.3.2.13		UDP-N-acetylmuramoyl-L-alanyl-D-glutamate--2,6-diaminopimelate ligase
EKHJKCLP_01352	CDS	2130	ftsI_2	3.4.16.4		Peptidoglycan D,D-transpeptidase FtsI
EKHJKCLP_01353	CDS	354				hypothetical protein
EKHJKCLP_01354	CDS	915	rsmH	2.1.1.199	COG0275	Ribosomal RNA small subunit methyltransferase H
EKHJKCLP_01355	CDS	471	mraZ			Transcriptional regulator MraZ
EKHJKCLP_01356	CDS	504	sigH_2			ECF RNA polymerase sigma factor SigH
EKHJKCLP_01357	CDS	819	glsA	2.3.1.-	COG0204	Lyso-glycine lipid O-acyltransferase
EKHJKCLP_01358	CDS	1014	glsB	2.3.2.-	COG3176	Glycine N(alpha)-acyltransferase
EKHJKCLP_01359	CDS	1344	dgt	3.1.5.1	COG0232	Deoxyguanosinetriphosphate triphosphohydrolase
EKHJKCLP_01360	CDS	435	dut	3.6.1.23	COG0756	Deoxyuridine 5'-triphosphate nucleotidohydrolase
EKHJKCLP_01361	CDS	1845	bepA_1	3.4.-.-		Beta-barrel assembly-enhancing protease
EKHJKCLP_01362	CDS	567				hypothetical protein
EKHJKCLP_01363	CDS	1308	envC		COG4942	Murein hydrolase activator EnvC
EKHJKCLP_01364	CDS	1131	mro_1	5.1.3.3		Aldose 1-epimerase
EKHJKCLP_01365	CDS	576	tag	3.2.2.20	COG2818	DNA-3-methyladenine glycosylase 1
EKHJKCLP_01366	CDS	801				hypothetical protein
EKHJKCLP_01367	CDS	258				hypothetical protein
EKHJKCLP_01368	CDS	651				hypothetical protein
EKHJKCLP_01369	CDS	1005				hypothetical protein
EKHJKCLP_01370	CDS	960				hypothetical protein
EKHJKCLP_01371	CDS	303				hypothetical protein
EKHJKCLP_01372	CDS	372				hypothetical protein
EKHJKCLP_01373	CDS	129				hypothetical protein
EKHJKCLP_01374	CDS	525	resA_9			Thiol-disulfide oxidoreductase ResA
EKHJKCLP_01375	CDS	1479				hypothetical protein
EKHJKCLP_01376	CDS	2085				hypothetical protein
EKHJKCLP_01377	CDS	1008				hypothetical protein
EKHJKCLP_01378	CDS	1068	dapE	3.5.1.18	COG0624	Putative succinyl-diaminopimelate desuccinylase DapE
EKHJKCLP_01379	CDS	762				hypothetical protein
EKHJKCLP_01380	CDS	981				hypothetical protein
EKHJKCLP_01381	CDS	1200				hypothetical protein
EKHJKCLP_01382	CDS	1116				hypothetical protein
EKHJKCLP_01383	CDS	1620				hypothetical protein
EKHJKCLP_01384	CDS	3279			COG1629	TonB-dependent receptor P26
EKHJKCLP_01385	CDS	990				hypothetical protein
EKHJKCLP_01386	CDS	546	fecI		COG1595	Ferric citrate uptake sigma factor FecI
EKHJKCLP_01387	CDS	135				hypothetical protein
EKHJKCLP_01388	CDS	1806		6.2.1.3	COG1022	Long-chain-fatty-acid--CoA ligase FadD15
EKHJKCLP_01389	CDS	960	prfB		COG1186	Peptide chain release factor RF2
EKHJKCLP_01390	CDS	135				hypothetical protein
EKHJKCLP_01391	CDS	1020				hypothetical protein
EKHJKCLP_01392	CDS	468		3.6.1.25	COG2954	Inorganic triphosphatase
EKHJKCLP_01393	CDS	1299				hypothetical protein
EKHJKCLP_01394	CDS	96				hypothetical protein
EKHJKCLP_01395	CDS	975				hypothetical protein
EKHJKCLP_01396	CDS	2745				hypothetical protein
EKHJKCLP_01397	CDS	1035				hypothetical protein
EKHJKCLP_01398	CDS	1197				hypothetical protein
EKHJKCLP_01399	CDS	2400				hypothetical protein
EKHJKCLP_01400	CDS	1563				hypothetical protein
EKHJKCLP_01401	CDS	2112				hypothetical protein
EKHJKCLP_01402	CDS	2553				hypothetical protein
EKHJKCLP_01403	CDS	1404		3.2.1.214	COG5368	Exo beta-1,2-glucooligosaccharide sophorohydrolase (non-reducing end)
EKHJKCLP_01404	CDS	2310		3.2.1.-	COG1472	Beta-xylosidase
EKHJKCLP_01405	CDS	1530			COG0702	SusD-like protein P2
EKHJKCLP_01406	CDS	3066			COG4771	TonB-dependent receptor P3
EKHJKCLP_01407	CDS	891	deoK_2	2.7.1.15		Deoxyribokinase
EKHJKCLP_01408	tRNA	85				tRNA-Leu(tag)
EKHJKCLP_01409	CDS	1023				hypothetical protein
EKHJKCLP_01410	CDS	864				hypothetical protein
EKHJKCLP_01411	CDS	2646	gyrA_1	5.6.2.2		DNA gyrase subunit A
EKHJKCLP_01412	CDS	2286				hypothetical protein
EKHJKCLP_01413	CDS	1542	glyQS	6.1.1.14		Glycine--tRNA ligase
EKHJKCLP_01414	CDS	570				hypothetical protein
EKHJKCLP_01415	CDS	831	murQ	4.2.1.126	COG2103	N-acetylmuramic acid 6-phosphate etherase
EKHJKCLP_01416	CDS	837				hypothetical protein
EKHJKCLP_01417	CDS	1116				hypothetical protein
EKHJKCLP_01418	CDS	1293	ampG_1		COG2223	Anhydromuropeptide permease
EKHJKCLP_01419	CDS	1341				hypothetical protein
EKHJKCLP_01420	CDS	2472				hypothetical protein
EKHJKCLP_01421	CDS	1473	siaT_1		COG0591	Sodium/sialic acid symporter SiaT
EKHJKCLP_01422	CDS	1443				hypothetical protein
EKHJKCLP_01423	CDS	1296				hypothetical protein
EKHJKCLP_01424	CDS	336				hypothetical protein
EKHJKCLP_01425	CDS	315				hypothetical protein
EKHJKCLP_01426	CDS	540				hypothetical protein
EKHJKCLP_01427	CDS	1008	asd	1.2.1.11	COG0136	Aspartate-semialdehyde dehydrogenase
EKHJKCLP_01428	CDS	2136	kefB_2			Glutathione-regulated potassium-efflux system protein KefB
EKHJKCLP_01429	CDS	735	tcdA	6.1.-.-	COG1179	tRNA threonylcarbamoyladenosine dehydratase
EKHJKCLP_01430	CDS	657	yknY_2	7.6.2.-	COG1136	putative ABC transporter ATP-binding protein YknY
EKHJKCLP_01431	CDS	924				hypothetical protein
EKHJKCLP_01432	CDS	1371				hypothetical protein
EKHJKCLP_01433	CDS	390				hypothetical protein
EKHJKCLP_01434	CDS	1299	murF	6.3.2.10	COG0770	UDP-N-acetylmuramoyl-tripeptide--D-alanyl-D-alanine ligase
EKHJKCLP_01435	CDS	2016	rcsC_19	2.7.13.3		Sensor histidine kinase RcsC
EKHJKCLP_01436	CDS	864	folP	2.5.1.15	COG0294	Dihydropteroate synthase
EKHJKCLP_01437	CDS	765	cdaA	2.7.7.85	COG1624	Cyclic di-AMP synthase CdaA
EKHJKCLP_01438	CDS	2337				hypothetical protein
EKHJKCLP_01439	CDS	966				hypothetical protein
EKHJKCLP_01440	CDS	2460				hypothetical protein
EKHJKCLP_01441	CDS	1959		3.2.1.22	COG4948	Retaining alpha-galactosidase
EKHJKCLP_01442	CDS	1005	xynD_1	3.2.1.55	COG3507	Arabinoxylan arabinofuranohydrolase
EKHJKCLP_01443	CDS	4155	rcsC_20	2.7.13.3		Sensor histidine kinase RcsC
EKHJKCLP_01444	CDS	3132	susC_6		COG1629	TonB-dependent receptor SusC
EKHJKCLP_01445	CDS	1929				hypothetical protein
EKHJKCLP_01446	CDS	3015			COG1629	TonB-dependent receptor P26
EKHJKCLP_01447	CDS	1638				hypothetical protein
EKHJKCLP_01448	CDS	894				hypothetical protein
EKHJKCLP_01449	CDS	1536				hypothetical protein
EKHJKCLP_01450	CDS	1908				hypothetical protein
EKHJKCLP_01451	CDS	1257				hypothetical protein
EKHJKCLP_01452	CDS	1023				hypothetical protein
EKHJKCLP_01453	CDS	1296				hypothetical protein
EKHJKCLP_01454	CDS	1134		3.2.1.-		Unsaturated 3S-rhamnoglycuronyl hydrolase
EKHJKCLP_01455	CDS	1011				hypothetical protein
EKHJKCLP_01456	CDS	843				hypothetical protein
EKHJKCLP_01457	CDS	918				hypothetical protein
EKHJKCLP_01458	CDS	696	yohK		COG1346	Inner membrane protein YohK
EKHJKCLP_01459	CDS	444	cidA			Holin-like protein CidA
EKHJKCLP_01460	CDS	1020	pta	2.3.1.8	COG0280	Phosphate acetyltransferase
EKHJKCLP_01461	CDS	1200	ackA	2.7.2.1	COG0282	Acetate kinase
EKHJKCLP_01462	CDS	990				hypothetical protein
EKHJKCLP_01463	CDS	696				hypothetical protein
EKHJKCLP_01464	CDS	312			COG2151	Fe-S protein maturation auxiliary factor
EKHJKCLP_01465	CDS	765		3.6.1.54	COG2908	UDP-2,3-diacylglucosamine hydrolase
EKHJKCLP_01466	CDS	1401	phoB_1	3.1.3.1	COG1785	Alkaline phosphatase 3
EKHJKCLP_01467	CDS	567	efp		COG0231	Elongation factor P
EKHJKCLP_01468	CDS	162	rpmH		COG0230	Large ribosomal subunit protein bL34
EKHJKCLP_01469	CDS	651				hypothetical protein
EKHJKCLP_01470	CDS	1074	rluD_1	5.4.99.23	COG0564	Ribosomal large subunit pseudouridine synthase D
EKHJKCLP_01471	CDS	975	ddl	6.3.2.4	COG1181	D-alanine--D-alanine ligase
EKHJKCLP_01472	CDS	1149				hypothetical protein
EKHJKCLP_01473	CDS	708				hypothetical protein
EKHJKCLP_01474	CDS	396	glpE	2.8.1.1		Thiosulfate sulfurtransferase GlpE
EKHJKCLP_01475	CDS	678				hypothetical protein
EKHJKCLP_01476	CDS	954	argF'	2.1.3.11		N-succinylornithine carbamoyltransferase
EKHJKCLP_01477	CDS	1254	proA	1.2.1.41	COG0014	Gamma-glutamyl phosphate reductase
EKHJKCLP_01478	CDS	1083	proB	2.7.2.11	COG0263	Glutamate 5-kinase
EKHJKCLP_01479	CDS	171				hypothetical protein
EKHJKCLP_01480	CDS	234				hypothetical protein
EKHJKCLP_01481	CDS	843	murI	5.1.1.3		Glutamate racemase
EKHJKCLP_01482	CDS	516				hypothetical protein
EKHJKCLP_01483	CDS	516	skp		COG2825	Chaperone protein Skp
EKHJKCLP_01484	CDS	2655	bamA_1			Outer membrane protein assembly factor BamA
EKHJKCLP_01485	CDS	735	uppS	2.5.1.31		Ditrans,polycis-undecaprenyl-diphosphate synthase ((2E,6E)-farnesyl-diphosphate specific)
EKHJKCLP_01486	CDS	1494				hypothetical protein
EKHJKCLP_01487	CDS	1047	ribD		COG0117	Riboflavin biosynthesis protein RibD
EKHJKCLP_01488	CDS	837	prmC	2.1.1.297		Release factor glutamine methyltransferase
EKHJKCLP_01489	CDS	483	recX			Regulatory protein RecX
EKHJKCLP_01490	CDS	639	pyrE_1	2.4.2.10	COG0461	Orotate phosphoribosyltransferase
EKHJKCLP_01491	CDS	411				hypothetical protein
EKHJKCLP_01492	CDS	1341	argH	4.3.2.1	COG0165	Argininosuccinate lyase
EKHJKCLP_01493	tRNA	74				tRNA-Gly(gcc)
EKHJKCLP_01494	tRNA	85				tRNA-Leu(taa)
EKHJKCLP_01495	CDS	2166	cslA_1	4.2.2.5	COG5492	Chondroitinase-AC
EKHJKCLP_01496	CDS	201				hypothetical protein
EKHJKCLP_01497	CDS	1656	acsA	6.2.1.1	COG0365	Acetyl-coenzyme A synthetase
EKHJKCLP_01498	CDS	555				hypothetical protein
EKHJKCLP_01499	CDS	774	proC_1	1.5.1.2	COG0345	Pyrroline-5-carboxylate reductase
EKHJKCLP_01500	CDS	1122	lysJ	2.6.1.118	COG4992	[LysW]-aminoadipate semialdehyde transaminase
EKHJKCLP_01501	CDS	969	argC	1.2.1.38	COG0002	N-acetyl-gamma-glutamyl-phosphate reductase
EKHJKCLP_01502	CDS	1209	argG	6.3.4.5	COG0137	Argininosuccinate synthase
EKHJKCLP_01503	CDS	579				hypothetical protein
EKHJKCLP_01504	CDS	474	argR			Arginine repressor
EKHJKCLP_01505	CDS	186				hypothetical protein
EKHJKCLP_01506	CDS	1458	rhaB_1	2.7.1.5	COG1070	L-Rhamnulokinase
EKHJKCLP_01507	CDS	1257	rhaA	5.3.1.14	COG4806	L-rhamnose isomerase
EKHJKCLP_01508	CDS	1020	rhaT			L-rhamnose-proton symporter
EKHJKCLP_01509	CDS	819	rhaD	4.1.2.19	COG0235	Rhamnulose-1-phosphate aldolase
EKHJKCLP_01510	CDS	1155	fucO	1.1.1.77	COG1454	Lactaldehyde reductase
EKHJKCLP_01511	CDS	165				hypothetical protein
EKHJKCLP_01512	CDS	336	gbdR			HTH-type transcriptional regulator GbdR
EKHJKCLP_01513	tRNA	74				tRNA-Met(cat)
EKHJKCLP_01514	CDS	591				hypothetical protein
EKHJKCLP_01515	CDS	747	fabG	1.1.1.100		3-oxoacyl-[acyl-carrier-protein] reductase FabG
EKHJKCLP_01516	CDS	672	rluD_2	5.4.99.23		Ribosomal large subunit pseudouridine synthase D
EKHJKCLP_01517	CDS	948				hypothetical protein
EKHJKCLP_01518	CDS	270				hypothetical protein
EKHJKCLP_01519	CDS	1557	atsA_4	3.1.6.1		Arylsulfatase
EKHJKCLP_01520	CDS	1383				hypothetical protein
EKHJKCLP_01521	CDS	156				hypothetical protein
EKHJKCLP_01522	CDS	1371	zraR_4		COG2204	Transcriptional regulatory protein ZraR
EKHJKCLP_01523	CDS	840		5.2.1.8		Putative peptidyl-prolyl cis-trans isomerase
EKHJKCLP_01524	CDS	1233	pqqE	3.4.24.-	COG0612	Zinc protease PqqE
EKHJKCLP_01525	CDS	1359	norM		COG0534	Multidrug resistance protein NorM
EKHJKCLP_01526	CDS	2292	rcsC_21	2.7.13.3		Sensor histidine kinase RcsC
EKHJKCLP_01527	CDS	4488				hypothetical protein
EKHJKCLP_01528	CDS	2343	bamA_2			Outer membrane protein assembly factor BamA
EKHJKCLP_01529	CDS	912				hypothetical protein
EKHJKCLP_01530	CDS	1956	yheS_1		COG0488	putative ATP-binding protein YheS
EKHJKCLP_01531	CDS	2061	pepO	3.4.24.-	COG3590	Neutral endopeptidase
EKHJKCLP_01532	CDS	1653	purH_1		COG0138	Bifunctional purine biosynthesis protein PurH
EKHJKCLP_01533	CDS	1023	mbl		COG1077	Cell shape-determining protein Mbl
EKHJKCLP_01534	CDS	846				hypothetical protein
EKHJKCLP_01535	CDS	498				hypothetical protein
EKHJKCLP_01536	CDS	1863	mrdA	3.4.16.4		Peptidoglycan D,D-transpeptidase MrdA
EKHJKCLP_01537	CDS	1458	mrdB	2.4.99.28		Peptidoglycan glycosyltransferase MrdB
EKHJKCLP_01538	CDS	480	gldH			Gliding motility lipoprotein GldH
EKHJKCLP_01539	CDS	1446				hypothetical protein
EKHJKCLP_01540	CDS	1125				hypothetical protein
EKHJKCLP_01541	CDS	954	metF	1.5.1.54	COG0685	5,10-methylenetetrahydrofolate reductase
EKHJKCLP_01542	CDS	513				hypothetical protein
EKHJKCLP_01543	rRNA	1529				16S ribosomal RNA
EKHJKCLP_01544	tRNA	75				tRNA-Ile(gat)
EKHJKCLP_01545	tRNA	75				tRNA-Ala(tgc)
EKHJKCLP_01546	rRNA	2880				23S ribosomal RNA
EKHJKCLP_01547	rRNA	111				5S ribosomal RNA
EKHJKCLP_01548	CDS	579				hypothetical protein
EKHJKCLP_01549	CDS	186	rpmF			Large ribosomal subunit protein bL32
EKHJKCLP_01550	CDS	1008	fabH_2	2.3.1.180	COG0332	Beta-ketoacyl-[acyl-carrier-protein] synthase III
EKHJKCLP_01551	CDS	882	era			GTPase Era
EKHJKCLP_01552	CDS	1314	der_1		COG1160	GTPase Der
EKHJKCLP_01553	CDS	762	lptB_2	7.5.2.-	COG1137	Lipopolysaccharide export system ATP-binding protein LptB
EKHJKCLP_01554	CDS	744	mlaE		COG0767	Intermembrane phospholipid transport system permease protein MlaE
EKHJKCLP_01555	CDS	771	mkl		COG1135	putative ribonucleotide transport ATP-binding protein mkl
EKHJKCLP_01556	CDS	246				hypothetical protein
EKHJKCLP_01557	CDS	255				hypothetical protein
EKHJKCLP_01558	CDS	1356	tig	5.2.1.8		Trigger factor
EKHJKCLP_01559	CDS	663	clpP	3.4.21.92	COG0740	ATP-dependent Clp protease proteolytic subunit
EKHJKCLP_01560	CDS	1245	clpX		COG1219	ATP-dependent Clp protease ATP-binding subunit ClpX
EKHJKCLP_01561	CDS	2181	recQ_1	5.6.2.4	COG0514	ATP-dependent DNA helicase RecQ
EKHJKCLP_01562	CDS	1479	guaB	1.1.1.205	COG0516	Inosine-5'-monophosphate dehydrogenase
EKHJKCLP_01563	CDS	1548	surA_1	5.2.1.8		Chaperone SurA
EKHJKCLP_01564	CDS	846				hypothetical protein
EKHJKCLP_01565	CDS	1383	surA_2	5.2.1.8		Chaperone SurA
EKHJKCLP_01566	CDS	1719	lptD_1			LPS-assembly protein LptD
EKHJKCLP_01567	CDS	303				hypothetical protein
EKHJKCLP_01568	CDS	1902	mutL		COG0323	DNA mismatch repair protein MutL
EKHJKCLP_01569	CDS	1188			COG2885	Outer membrane protein 40
EKHJKCLP_01570	CDS	1989		3.2.1.52	COG3525	Beta-hexosaminidase
EKHJKCLP_01571	CDS	639				hypothetical protein
EKHJKCLP_01572	CDS	702				hypothetical protein
EKHJKCLP_01573	CDS	459				hypothetical protein
EKHJKCLP_01574	CDS	1095	trpS2	6.1.1.2	COG0180	Tryptophan--tRNA ligase 2
EKHJKCLP_01575	CDS	3222	pyrAB_1	6.3.4.16	COG0458	Carbamoyl phosphate synthase pyrimidine-specific large chain
EKHJKCLP_01576	CDS	774	yaaA		COG3022	DNA-binding and peroxide stress resistance protein YaaA
EKHJKCLP_01577	CDS	552		2.3.1.-		Putative acetyltransferase
EKHJKCLP_01578	tRNA	76				tRNA-Val(tac)
EKHJKCLP_01579	tRNA	76				tRNA-Val(tac)
EKHJKCLP_01580	CDS	1347	purB	4.3.2.2		Adenylosuccinate lyase
EKHJKCLP_01581	CDS	1485				hypothetical protein
EKHJKCLP_01582	CDS	1404	asnS	6.1.1.22	COG0017	Asparagine--tRNA ligase
EKHJKCLP_01583	CDS	492				hypothetical protein
EKHJKCLP_01584	CDS	462	rplM			Large ribosomal subunit protein uL13
EKHJKCLP_01585	CDS	387	rpsI		COG0103	Small ribosomal subunit protein uS9
EKHJKCLP_01586	CDS	837	rpsB		COG0052	Small ribosomal subunit protein uS2
EKHJKCLP_01587	CDS	993	tsf			Elongation factor Ts
EKHJKCLP_01588	CDS	510	resA_10		COG0526	Thiol-disulfide oxidoreductase ResA
EKHJKCLP_01589	CDS	351				hypothetical protein
EKHJKCLP_01590	CDS	651	rex		COG2344	Redox-sensing transcriptional repressor Rex
EKHJKCLP_01591	CDS	615	ycgM	5.3.2.2	COG0179	Oxaloacetate tautomerase YcgM
EKHJKCLP_01592	CDS	483	ispF	4.6.1.12	COG0245	2-C-methyl-D-erythritol 2,4-cyclodiphosphate synthase
EKHJKCLP_01593	CDS	1008				hypothetical protein
EKHJKCLP_01594	CDS	864				hypothetical protein
EKHJKCLP_01595	CDS	591				hypothetical protein
EKHJKCLP_01596	CDS	1053	mnmA_2	2.8.1.13		tRNA-specific 2-thiouridylase MnmA
EKHJKCLP_01597	CDS	1365	aprN	3.4.21.62		Subtilisin NAT
EKHJKCLP_01598	CDS	1230	xseA	3.1.11.6	COG1570	Exodeoxyribonuclease 7 large subunit
EKHJKCLP_01599	CDS	210				hypothetical protein
EKHJKCLP_01600	CDS	1020	ilvE_1	2.6.1.42	COG0115	Branched-chain-amino-acid aminotransferase
EKHJKCLP_01601	CDS	759	trmB	2.1.1.33		tRNA (guanine-N(7)-)-methyltransferase
EKHJKCLP_01602	CDS	1101				Iron-sulfur cluster carrier protein
EKHJKCLP_01603	CDS	1896	resA_11			Thiol-disulfide oxidoreductase ResA
EKHJKCLP_01604	CDS	1806				hypothetical protein
EKHJKCLP_01605	CDS	366				hypothetical protein
EKHJKCLP_01606	CDS	588				hypothetical protein
EKHJKCLP_01607	CDS	1260				hypothetical protein
EKHJKCLP_01608	CDS	1182				hypothetical protein
EKHJKCLP_01609	CDS	993				hypothetical protein
EKHJKCLP_01610	CDS	1464				hypothetical protein
EKHJKCLP_01611	CDS	177				hypothetical protein
EKHJKCLP_01612	CDS	1443				hypothetical protein
EKHJKCLP_01613	CDS	1452				hypothetical protein
EKHJKCLP_01614	CDS	942	mdh_2	1.1.1.37		Malate dehydrogenase
EKHJKCLP_01615	CDS	873				hypothetical protein
EKHJKCLP_01616	CDS	873	nadK	2.7.1.23		NAD kinase
EKHJKCLP_01617	CDS	162				hypothetical protein
EKHJKCLP_01618	CDS	714	pdxJ	2.6.99.2	COG0854	Pyridoxine 5'-phosphate synthase
EKHJKCLP_01619	CDS	720	tolQ_2			Tol-Pal system protein TolQ
EKHJKCLP_01620	CDS	417	tolR_2			Tol-Pal system protein TolR
EKHJKCLP_01621	CDS	873				hypothetical protein
EKHJKCLP_01622	CDS	552	yajL	3.1.2.-	COG0693	Protein/nucleic acid deglycase 3
EKHJKCLP_01623	CDS	660	ispD	2.7.7.60	COG1211	2-C-methyl-D-erythritol 4-phosphate cytidylyltransferase
EKHJKCLP_01624	CDS	2097	recG	5.6.2.4		ATP-dependent DNA helicase RecG
EKHJKCLP_01625	CDS	465	ndk	2.7.4.6	COG0105	Nucleoside diphosphate kinase
EKHJKCLP_01626	CDS	873				hypothetical protein
EKHJKCLP_01627	CDS	564				hypothetical protein
EKHJKCLP_01628	CDS	1392				hypothetical protein
EKHJKCLP_01629	CDS	759	tpiA	5.3.1.1	COG0149	Triosephosphate isomerase
EKHJKCLP_01630	CDS	450				hypothetical protein
EKHJKCLP_01631	CDS	594	folE	3.5.4.16	COG0302	GTP cyclohydrolase 1
EKHJKCLP_01632	CDS	2103	dnaG_1	2.7.7.101		DNA primase
EKHJKCLP_01633	CDS	774				hypothetical protein
EKHJKCLP_01634	CDS	1062	kdsA_1	2.5.1.55		2-dehydro-3-deoxyphosphooctonate aldolase
EKHJKCLP_01635	CDS	1188	dapL_1	2.6.1.83	COG0436	LL-diaminopimelate aminotransferase
EKHJKCLP_01636	CDS	849	pheA		COG0077	Bifunctional chorismate mutase/prephenate dehydratase
EKHJKCLP_01637	CDS	963	bepA_2	3.4.-.-		Beta-barrel assembly-enhancing protease
EKHJKCLP_01638	CDS	1905	cshA_1	3.6.4.13		DEAD-box ATP-dependent RNA helicase CshA
EKHJKCLP_01639	CDS	1719	recJ	3.1.-.-	COG0608	Single-stranded-DNA-specific exonuclease RecJ
EKHJKCLP_01640	CDS	435				hypothetical protein
EKHJKCLP_01641	CDS	531	tsaC	2.7.7.87	COG0009	Threonylcarbamoyl-AMP synthase
EKHJKCLP_01642	CDS	1794	clcB			Voltage-gated ClC-type chloride channel ClcB
EKHJKCLP_01643	CDS	969	fmt	2.1.2.9	COG0223	Methionyl-tRNA formyltransferase
EKHJKCLP_01644	CDS	651	rpe	5.1.3.1	COG0036	Ribulose-phosphate 3-epimerase
EKHJKCLP_01645	CDS	2127				hypothetical protein
EKHJKCLP_01646	CDS	1038	nrnA	3.1.-.-	COG0618	Bifunctional oligoribonuclease and PAP phosphatase NrnA
EKHJKCLP_01647	CDS	654				hypothetical protein
EKHJKCLP_01648	CDS	1392	algC	5.4.2.2		Phosphomannomutase/phosphoglucomutase
EKHJKCLP_01649	CDS	2379	iacT		COG4773	Iron and copper transporter IacT
EKHJKCLP_01650	CDS	1335				hypothetical protein
EKHJKCLP_01651	CDS	603				hypothetical protein
EKHJKCLP_01652	CDS	711				hypothetical protein
EKHJKCLP_01653	CDS	1005				hypothetical protein
EKHJKCLP_01654	CDS	1368	radA	3.6.4.-	COG1066	DNA repair protein RadA
EKHJKCLP_01655	CDS	771	ansA_1	3.5.1.1	COG0252	L-asparaginase 1
EKHJKCLP_01656	CDS	2442	thrA		COG0460	Bifunctional aspartokinase/homoserine dehydrogenase 1
EKHJKCLP_01657	CDS	1209				hypothetical protein
EKHJKCLP_01658	CDS	1302	thrC	4.2.3.1	COG0498	Threonine synthase
EKHJKCLP_01659	CDS	627				hypothetical protein
EKHJKCLP_01660	CDS	606	pnuC		COG3201	Nicotinamide riboside transporter PnuC
EKHJKCLP_01661	CDS	2253	btuB_1			Vitamin B12 transporter BtuB
EKHJKCLP_01662	CDS	912	mscS		COG0668	Small-conductance mechanosensitive channel
EKHJKCLP_01663	CDS	240				hypothetical protein
EKHJKCLP_01664	CDS	1287		2.5.1.-	COG2873	O-acetyl-L-homoserine sulfhydrylase
EKHJKCLP_01665	CDS	471	lrp		COG1522	Leucine-responsive regulatory protein
EKHJKCLP_01666	CDS	801	kdgR		COG1414	HTH-type transcriptional regulator KdgR
EKHJKCLP_01667	CDS	1758				hypothetical protein
EKHJKCLP_01668	CDS	1095				hypothetical protein
EKHJKCLP_01669	CDS	570		5.3.1.15	COG3822	D-lyxose/D-mannose isomerase
EKHJKCLP_01670	CDS	3414	egtB_1	1.14.99.50		Hercynine oxygenase
EKHJKCLP_01671	CDS	2415	ccsA_1			Cytochrome c biogenesis protein CcsA
EKHJKCLP_01672	CDS	885				hypothetical protein
EKHJKCLP_01673	CDS	633	vat	2.3.1.-		Virginiamycin A acetyltransferase
EKHJKCLP_01674	CDS	543	bsaA			Glutathione peroxidase BsaA
EKHJKCLP_01675	CDS	519	idi	5.3.3.2	COG1443	Isopentenyl-diphosphate Delta-isomerase
EKHJKCLP_01676	CDS	1221	queA_2	2.4.99.17	COG0809	S-adenosylmethionine:tRNA ribosyltransferase-isomerase
EKHJKCLP_01677	tRNA	75				tRNA-Pro(ggg)
EKHJKCLP_01678	CDS	867				hypothetical protein
EKHJKCLP_01679	CDS	1062	aroB	4.2.3.4		3-dehydroquinate synthase
EKHJKCLP_01680	CDS	405				hypothetical protein
EKHJKCLP_01681	CDS	2919				hypothetical protein
EKHJKCLP_01682	CDS	1440	clsA	2.7.8.-	COG1502	Major cardiolipin synthase ClsA
EKHJKCLP_01683	CDS	492	rsmD	2.1.1.171	COG0742	Ribosomal RNA small subunit methyltransferase D
EKHJKCLP_01684	CDS	771				hypothetical protein
EKHJKCLP_01685	CDS	687				hypothetical protein
EKHJKCLP_01686	CDS	1419	recD2_1	5.6.2.3	COG0507	ATP-dependent RecD2 DNA helicase
EKHJKCLP_01687	CDS	1725				hypothetical protein
EKHJKCLP_01688	CDS	3387			COG4771	TonB-dependent receptor P3
EKHJKCLP_01689	CDS	216				hypothetical protein
EKHJKCLP_01690	CDS	435				hypothetical protein
EKHJKCLP_01691	CDS	2271				hypothetical protein
EKHJKCLP_01692	CDS	2277				hypothetical protein
EKHJKCLP_01693	CDS	969				hypothetical protein
EKHJKCLP_01694	CDS	555	fliA			RNA polymerase sigma factor FliA
EKHJKCLP_01695	CDS	2238				hypothetical protein
EKHJKCLP_01696	CDS	2619	alaS	6.1.1.7	COG0013	Alanine--tRNA ligase
EKHJKCLP_01697	CDS	969				hypothetical protein
EKHJKCLP_01698	CDS	345				hypothetical protein
EKHJKCLP_01699	CDS	2247	spoT	3.1.7.2	COG0317	Guanosine-3',5'-bis(diphosphate) 3'-pyrophosphohydrolase
EKHJKCLP_01700	CDS	1296				hypothetical protein
EKHJKCLP_01701	CDS	888				hypothetical protein
EKHJKCLP_01702	CDS	891	parB		COG1475	putative chromosome-partitioning protein ParB
EKHJKCLP_01703	CDS	948				Iron-sulfur cluster carrier protein
EKHJKCLP_01704	CDS	768	surE	3.1.3.5	COG0496	5'-nucleotidase SurE
EKHJKCLP_01705	CDS	1137	lpxB	2.4.1.182	COG0763	Lipid-A-disaccharide synthase
EKHJKCLP_01706	CDS	789				hypothetical protein
EKHJKCLP_01707	CDS	849				hypothetical protein
EKHJKCLP_01708	CDS	2130	ftsH	3.4.24.-	COG0465	ATP-dependent zinc metalloprotease FtsH
EKHJKCLP_01709	CDS	360	rsfS		COG0799	Ribosomal silencing factor RsfS
EKHJKCLP_01710	tRNA	72				tRNA-Gln(ctg)
EKHJKCLP_01711	CDS	1854				hypothetical protein
EKHJKCLP_01712	CDS	1341	mgtE		COG2239	Magnesium transporter MgtE
EKHJKCLP_01713	CDS	801	rsmA	2.1.1.182	COG0030	Ribosomal RNA small subunit methyltransferase A
EKHJKCLP_01714	CDS	987				hypothetical protein
EKHJKCLP_01715	CDS	1458	pepD_1	3.4.13.18	COG2195	Cytosol non-specific dipeptidase
EKHJKCLP_01716	CDS	99				hypothetical protein
EKHJKCLP_01717	CDS	90				hypothetical protein
EKHJKCLP_01718	CDS	5739				hypothetical protein
EKHJKCLP_01719	CDS	1068				hypothetical protein
EKHJKCLP_01720	CDS	1101		3.6.-.-	COG1703	putative GTPase
EKHJKCLP_01721	CDS	4107	lacZ_8	3.2.1.23		Beta-galactosidase
EKHJKCLP_01722	CDS	918				hypothetical protein
EKHJKCLP_01723	CDS	204				hypothetical protein
EKHJKCLP_01724	CDS	864				hypothetical protein
EKHJKCLP_01725	CDS	1002				hypothetical protein
EKHJKCLP_01726	CDS	1332	ybdG_1		COG0668	Mechanosensing system component YbdG
EKHJKCLP_01727	CDS	897	rhaR_1			HTH-type transcriptional activator RhaR
EKHJKCLP_01728	CDS	2667				hypothetical protein
EKHJKCLP_01729	CDS	1212				hypothetical protein
EKHJKCLP_01730	CDS	2793	rcsC_22	2.7.13.3		Sensor histidine kinase RcsC
EKHJKCLP_01731	CDS	1440	ndhB	7.1.1.-		NAD(P)H-quinone oxidoreductase subunit 2, chloroplastic
EKHJKCLP_01732	CDS	1485	ndhD1	7.1.1.-	COG1008	NAD(P)H-quinone oxidoreductase chain 4 1
EKHJKCLP_01733	CDS	1917	nuoL	7.1.1.-	COG1009	NADH-quinone oxidoreductase subunit L
EKHJKCLP_01734	CDS	309		7.1.1.-		NADH-quinone oxidoreductase subunit 11
EKHJKCLP_01735	CDS	513	nuoJ	7.1.1.-	COG0839	NADH-quinone oxidoreductase subunit J
EKHJKCLP_01736	CDS	489	nuoI	7.1.1.-	COG1143	NADH-quinone oxidoreductase subunit I
EKHJKCLP_01737	CDS	1077	nuoH	7.1.1.-	COG1005	NADH-quinone oxidoreductase subunit H
EKHJKCLP_01738	CDS	1593	nuoC2	7.1.1.-	COG0649	NADH-quinone oxidoreductase subunit C/D 2
EKHJKCLP_01739	CDS	603	nqo6	7.1.1.-	COG0377	NADH-quinone oxidoreductase subunit 6
EKHJKCLP_01740	CDS	351	ndhC	7.1.1.-	COG0838	NAD(P)H-quinone oxidoreductase subunit 3
EKHJKCLP_01741	CDS	378				hypothetical protein
EKHJKCLP_01742	CDS	1452	trkH		COG0168	Trk system potassium uptake protein TrkH
EKHJKCLP_01743	CDS	1341	trkA		COG0569	Trk system potassium uptake protein TrkA
EKHJKCLP_01744	CDS	1944	dxs_1	2.2.1.7	COG1154	1-deoxy-D-xylulose-5-phosphate synthase
EKHJKCLP_01745	CDS	990				hypothetical protein
EKHJKCLP_01746	CDS	2493		5.1.1.1		Alanine racemase
EKHJKCLP_01747	CDS	219	tatA			Sec-independent protein translocase protein TatA
EKHJKCLP_01748	CDS	804	tatC2		COG0805	Sec-independent protein translocase protein TatCy
EKHJKCLP_01749	CDS	3354				hypothetical protein
EKHJKCLP_01750	CDS	1419	exuT		COG2271	Hexuronate transporter
EKHJKCLP_01751	CDS	921	kduI_2	5.3.1.17	COG3717	4-deoxy-L-threo-5-hexosulose-uronate ketol-isomerase
EKHJKCLP_01752	CDS	1401	gatC		COG3775	PTS system galactitol-specific EIIC component
EKHJKCLP_01753	CDS	1200	yteR	3.2.1.172	COG4225	Unsaturated rhamnogalacturonyl hydrolase YteR
EKHJKCLP_01754	CDS	978	pemA	3.1.1.11	COG4677	Pectinesterase A
EKHJKCLP_01755	CDS	135				hypothetical protein
EKHJKCLP_01756	CDS	1740				hypothetical protein
EKHJKCLP_01757	CDS	4551	rcsC_23	2.7.13.3		Sensor histidine kinase RcsC
EKHJKCLP_01758	CDS	1590				hypothetical protein
EKHJKCLP_01759	CDS	1857				hypothetical protein
EKHJKCLP_01760	CDS	3201			COG4771	TonB-dependent receptor P3
EKHJKCLP_01761	CDS	1521				hypothetical protein
EKHJKCLP_01762	CDS	1617				hypothetical protein
EKHJKCLP_01763	CDS	783				hypothetical protein
EKHJKCLP_01764	CDS	813				hypothetical protein
EKHJKCLP_01765	CDS	981				hypothetical protein
EKHJKCLP_01766	CDS	1194	norV		COG0426	Anaerobic nitric oxide reductase flavorubredoxin
EKHJKCLP_01767	CDS	813	nagB_1	3.5.99.6		Glucosamine-6-phosphate deaminase
EKHJKCLP_01768	CDS	615	yciO		COG0009	putative protein YciO
EKHJKCLP_01769	CDS	2523				hypothetical protein
EKHJKCLP_01770	CDS	2001	recD2_2	5.6.2.3		ATP-dependent RecD2 DNA helicase
EKHJKCLP_01771	CDS	786				Putative bifunctional phosphatase/peptidyl-prolyl cis-trans isomerase
EKHJKCLP_01772	CDS	144				hypothetical protein
EKHJKCLP_01773	CDS	546				hypothetical protein
EKHJKCLP_01774	CDS	2034				hypothetical protein
EKHJKCLP_01775	CDS	2367				hypothetical protein
EKHJKCLP_01776	CDS	1170	patB_1	4.4.1.13	COG1168	Cystathionine beta-lyase PatB
EKHJKCLP_01777	CDS	603	algU_2			RNA polymerase sigma-H factor
EKHJKCLP_01778	CDS	1029				hypothetical protein
EKHJKCLP_01779	CDS	3453			COG4771	TonB-dependent receptor P3
EKHJKCLP_01780	CDS	1806				hypothetical protein
EKHJKCLP_01781	CDS	879				hypothetical protein
EKHJKCLP_01782	CDS	2793				hypothetical protein
EKHJKCLP_01783	CDS	2589		3.2.1.177	COG1501	Alpha-xylosidase BoGH31A
EKHJKCLP_01784	CDS	1590		3.2.1.-	COG3507	Beta-xylosidase
EKHJKCLP_01785	CDS	1986				hypothetical protein
EKHJKCLP_01786	CDS	2856				hypothetical protein
EKHJKCLP_01787	CDS	2460	lacZ_9	3.2.1.23		Beta-galactosidase
EKHJKCLP_01788	CDS	1797				hypothetical protein
EKHJKCLP_01789	CDS	4632				hypothetical protein
EKHJKCLP_01790	CDS	660	gph_2	3.1.3.18	COG0546	Phosphoglycolate phosphatase
EKHJKCLP_01791	CDS	1677		3.2.1.-	COG3507	Beta-xylosidase
EKHJKCLP_01792	CDS	1242				hypothetical protein
EKHJKCLP_01793	CDS	1620	pehX	3.2.1.82		Exo-poly-alpha-D-galacturonosidase
EKHJKCLP_01794	CDS	858	fabI	1.3.1.9		Enoyl-[acyl-carrier-protein] reductase [NADH] FabI
EKHJKCLP_01795	CDS	1008				hypothetical protein
EKHJKCLP_01796	CDS	705	rsmI_2	2.1.1.198	COG0313	Ribosomal RNA small subunit methyltransferase I
EKHJKCLP_01797	CDS	1122				hypothetical protein
EKHJKCLP_01798	CDS	849	lipA	2.8.1.8	COG0320	Lipoyl synthase
EKHJKCLP_01799	CDS	2211	dap4	3.4.14.5		Dipeptidyl aminopeptidase 4
EKHJKCLP_01800	CDS	948				hypothetical protein
EKHJKCLP_01801	CDS	222				hypothetical protein
EKHJKCLP_01802	CDS	303				hypothetical protein
EKHJKCLP_01803	CDS	369				hypothetical protein
EKHJKCLP_01804	CDS	2592				hypothetical protein
EKHJKCLP_01805	CDS	444				hypothetical protein
EKHJKCLP_01806	CDS	888	miaA_1	2.5.1.75	COG0324	tRNA dimethylallyltransferase
EKHJKCLP_01807	CDS	558				hypothetical protein
EKHJKCLP_01808	CDS	768	lpxA_2	2.3.1.129	COG1043	Acyl-[acyl-carrier-protein]--UDP-N-acetylglucosamine O-acyltransferase
EKHJKCLP_01809	CDS	1386	lpxC	3.5.1.108		UDP-3-O-acyl-N-acetylglucosamine deacetylase
EKHJKCLP_01810	CDS	1041	lpxD	2.3.1.191		UDP-3-O-acylglucosamine N-acyltransferase
EKHJKCLP_01811	CDS	1230				hypothetical protein
EKHJKCLP_01812	CDS	825	pyrF	4.1.1.23	COG0284	Orotidine 5'-phosphate decarboxylase
EKHJKCLP_01813	CDS	1113	prfA		COG0216	Peptide chain release factor RF1
EKHJKCLP_01814	CDS	1167	purM	6.3.3.1	COG0150	Phosphoribosylformylglycinamidine cyclo-ligase
EKHJKCLP_01815	CDS	582	lemA_1		COG1704	Protein LemA
EKHJKCLP_01816	CDS	921				hypothetical protein
EKHJKCLP_01817	CDS	951				hypothetical protein
EKHJKCLP_01818	CDS	747	aroE	1.1.1.25	COG0169	Shikimate dehydrogenase (NADP(+))
EKHJKCLP_01819	CDS	738	ubiE	2.1.1.163	COG2226	Ubiquinone/menaquinone biosynthesis C-methyltransferase UbiE
EKHJKCLP_01820	CDS	945	purC	6.3.2.6	COG0152	Phosphoribosylaminoimidazole-succinocarboxamide synthase
EKHJKCLP_01821	CDS	1017			COG1702	PhoH-like protein
EKHJKCLP_01822	CDS	1548				hypothetical protein
EKHJKCLP_01823	CDS	675				hypothetical protein
EKHJKCLP_01824	CDS	102				hypothetical protein
EKHJKCLP_01825	CDS	1515	floT		COG2268	Flotillin-like protein FloT
EKHJKCLP_01826	CDS	1146	xerC_17			Tyrosine recombinase XerC
EKHJKCLP_01827	CDS	705				hypothetical protein
EKHJKCLP_01828	CDS	375				hypothetical protein
EKHJKCLP_01829	CDS	1101				hypothetical protein
EKHJKCLP_01830	CDS	888				hypothetical protein
EKHJKCLP_01831	CDS	444				hypothetical protein
EKHJKCLP_01832	CDS	327				hypothetical protein
EKHJKCLP_01833	CDS	378				hypothetical protein
EKHJKCLP_01834	CDS	297				hypothetical protein
EKHJKCLP_01835	CDS	2709				hypothetical protein
EKHJKCLP_01836	CDS	2547				hypothetical protein
EKHJKCLP_01837	CDS	726				hypothetical protein
EKHJKCLP_01838	CDS	768				hypothetical protein
EKHJKCLP_01839	CDS	228				hypothetical protein
EKHJKCLP_01840	CDS	438				hypothetical protein
EKHJKCLP_01841	CDS	333				hypothetical protein
EKHJKCLP_01842	CDS	348				hypothetical protein
EKHJKCLP_01843	CDS	870				hypothetical protein
EKHJKCLP_01844	CDS	408				hypothetical protein
EKHJKCLP_01845	CDS	1212				hypothetical protein
EKHJKCLP_01846	CDS	546				hypothetical protein
EKHJKCLP_01847	CDS	738				hypothetical protein
EKHJKCLP_01848	CDS	444				hypothetical protein
EKHJKCLP_01849	CDS	720				hypothetical protein
EKHJKCLP_01850	CDS	615				hypothetical protein
EKHJKCLP_01851	CDS	933	pstIR	3.1.21.4		Type II restriction enzyme PstI
EKHJKCLP_01852	CDS	1455	hsdBM	2.1.1.72		Type II methyltransferase M.BsuBI
EKHJKCLP_01853	CDS	213				hypothetical protein
EKHJKCLP_01854	CDS	1170	xerC_18			Tyrosine recombinase XerC
EKHJKCLP_01855	CDS	1182	xerC_19			Tyrosine recombinase XerC
EKHJKCLP_01856	CDS	723				hypothetical protein
EKHJKCLP_01857	CDS	339				hypothetical protein
EKHJKCLP_01858	CDS	309				hypothetical protein
EKHJKCLP_01859	CDS	609				hypothetical protein
EKHJKCLP_01860	CDS	1437	smc_1			Chromosome partition protein Smc
EKHJKCLP_01861	CDS	1032				hypothetical protein
EKHJKCLP_01862	CDS	807	xerC_20			Tyrosine recombinase XerC
EKHJKCLP_01863	CDS	1413	hsdS_1		COG0732	Type I restriction enzyme EcoAI specificity subunit
EKHJKCLP_01864	CDS	591	hsdS_2		COG0732	Type I restriction enzyme EcoAI specificity subunit
EKHJKCLP_01865	CDS	477				hypothetical protein
EKHJKCLP_01866	CDS	1569	hsdS_3		COG0732	Type I restriction enzyme EcoAI specificity subunit
EKHJKCLP_01867	CDS	507				hypothetical protein
EKHJKCLP_01868	CDS	1026	yhcG_4	3.1.-.-	COG4804	Putative nuclease YhcG
EKHJKCLP_01869	CDS	1512	hsdM	2.1.1.72	COG0286	Type I restriction enzymeP methylase subunit
EKHJKCLP_01870	CDS	2361	hsdR	3.1.21.3		Type I restriction enzyme EcoAI endonuclease subunit
EKHJKCLP_01871	CDS	207				hypothetical protein
EKHJKCLP_01872	CDS	1155	xerC_21			Tyrosine recombinase XerC
EKHJKCLP_01873	CDS	1167	xerC_22			Tyrosine recombinase XerC
EKHJKCLP_01874	CDS	345				hypothetical protein
EKHJKCLP_01875	CDS	396				hypothetical protein
EKHJKCLP_01876	CDS	615				hypothetical protein
EKHJKCLP_01877	CDS	381				hypothetical protein
EKHJKCLP_01878	CDS	483				hypothetical protein
EKHJKCLP_01879	CDS	1152				hypothetical protein
EKHJKCLP_01880	CDS	786	ccrM_1	2.1.1.72		DNA methyltransferase CcrM
EKHJKCLP_01881	CDS	852				hypothetical protein
EKHJKCLP_01882	CDS	513				hypothetical protein
EKHJKCLP_01883	CDS	657				hypothetical protein
EKHJKCLP_01884	CDS	2187				hypothetical protein
EKHJKCLP_01885	CDS	1215	yhcG_5	3.1.-.-	COG4804	Putative nuclease YhcG
EKHJKCLP_01886	CDS	123				hypothetical protein
EKHJKCLP_01887	CDS	381				hypothetical protein
EKHJKCLP_01888	CDS	273				hypothetical protein
EKHJKCLP_01889	CDS	276				hypothetical protein
EKHJKCLP_01890	CDS	1728	noc_2			Nucleoid occlusion protein
EKHJKCLP_01891	CDS	255				hypothetical protein
EKHJKCLP_01892	CDS	756	soj	3.6.4.-	COG1192	Sporulation initiation inhibitor protein Soj
EKHJKCLP_01893	CDS	363				hypothetical protein
EKHJKCLP_01894	CDS	342				hypothetical protein
EKHJKCLP_01895	CDS	219				hypothetical protein
EKHJKCLP_01896	CDS	633				hypothetical protein
EKHJKCLP_01897	CDS	225				hypothetical protein
EKHJKCLP_01898	CDS	1275				hypothetical protein
EKHJKCLP_01899	CDS	654				hypothetical protein
EKHJKCLP_01900	CDS	759				hypothetical protein
EKHJKCLP_01901	CDS	225				hypothetical protein
EKHJKCLP_01902	CDS	1578				hypothetical protein
EKHJKCLP_01903	CDS	1389				hypothetical protein
EKHJKCLP_01904	CDS	498				hypothetical protein
EKHJKCLP_01905	CDS	690				hypothetical protein
EKHJKCLP_01906	CDS	684				hypothetical protein
EKHJKCLP_01907	CDS	666				hypothetical protein
EKHJKCLP_01908	CDS	831				hypothetical protein
EKHJKCLP_01909	CDS	1800				hypothetical protein
EKHJKCLP_01910	CDS	2262	mutS_4			DNA mismatch repair protein MutS
EKHJKCLP_01911	CDS	1557				hypothetical protein
EKHJKCLP_01912	CDS	177				hypothetical protein
EKHJKCLP_01913	CDS	609				hypothetical protein
EKHJKCLP_01914	CDS	1689				hypothetical protein
EKHJKCLP_01915	CDS	375				hypothetical protein
EKHJKCLP_01916	CDS	255				hypothetical protein
EKHJKCLP_01917	CDS	468				hypothetical protein
EKHJKCLP_01918	CDS	624				hypothetical protein
EKHJKCLP_01919	CDS	969				hypothetical protein
EKHJKCLP_01920	CDS	1902				hypothetical protein
EKHJKCLP_01921	CDS	2055				hypothetical protein
EKHJKCLP_01922	CDS	1080				hypothetical protein
EKHJKCLP_01923	CDS	444				hypothetical protein
EKHJKCLP_01924	CDS	2079	btuB_2			Vitamin B12 transporter BtuB
EKHJKCLP_01925	CDS	1140				hypothetical protein
EKHJKCLP_01926	CDS	981	hmuU_1		COG0609	Hemin transport system permease protein HmuU
EKHJKCLP_01927	CDS	759	fpuD_1	7.2.2.-		Petrobactin import ATP-binding protein FpuD
EKHJKCLP_01928	CDS	597				hypothetical protein
EKHJKCLP_01929	CDS	1401				hypothetical protein
EKHJKCLP_01930	CDS	1431	smc_2			Chromosome partition protein Smc
EKHJKCLP_01931	CDS	846				hypothetical protein
EKHJKCLP_01932	CDS	591				hypothetical protein
EKHJKCLP_01933	CDS	402				hypothetical protein
EKHJKCLP_01934	CDS	447				hypothetical protein
EKHJKCLP_01935	CDS	1050				hypothetical protein
EKHJKCLP_01936	CDS	612				hypothetical protein
EKHJKCLP_01937	CDS	105				hypothetical protein
EKHJKCLP_01938	CDS	282			COG0776	DNA-binding protein HU
EKHJKCLP_01939	CDS	381				Single-stranded DNA-binding protein
EKHJKCLP_01940	CDS	258				hypothetical protein
EKHJKCLP_01941	CDS	360				hypothetical protein
EKHJKCLP_01942	CDS	177				hypothetical protein
EKHJKCLP_01943	CDS	294				hypothetical protein
EKHJKCLP_01944	CDS	237				hypothetical protein
EKHJKCLP_01945	CDS	498				hypothetical protein
EKHJKCLP_01946	CDS	261				hypothetical protein
EKHJKCLP_01947	CDS	1140				hypothetical protein
EKHJKCLP_01948	CDS	1032				hypothetical protein
EKHJKCLP_01949	CDS	2142				hypothetical protein
EKHJKCLP_01950	CDS	993				hypothetical protein
EKHJKCLP_01951	CDS	1362				hypothetical protein
EKHJKCLP_01952	CDS	1080				hypothetical protein
EKHJKCLP_01953	CDS	1230				hypothetical protein
EKHJKCLP_01954	CDS	123				hypothetical protein
EKHJKCLP_01955	CDS	1452				hypothetical protein
EKHJKCLP_01956	CDS	570				hypothetical protein
EKHJKCLP_01957	CDS	633				hypothetical protein
EKHJKCLP_01958	CDS	4146	rcsC_24	2.7.13.3		Sensor histidine kinase RcsC
EKHJKCLP_01959	CDS	756	truA	5.4.99.12	COG0101	tRNA pseudouridine synthase A
EKHJKCLP_01960	CDS	903				hypothetical protein
EKHJKCLP_01961	CDS	651				hypothetical protein
EKHJKCLP_01962	CDS	1089	nahK	2.7.1.162		N-acetylhexosamine 1-kinase
EKHJKCLP_01963	CDS	3396	lacZ_10	3.2.1.23	COG3250	Beta-galactosidase
EKHJKCLP_01964	CDS	891				hypothetical protein
EKHJKCLP_01965	CDS	1413		3.2.1.-	COG0673	Glycosyl hydrolase family 109 protein 1
EKHJKCLP_01966	CDS	2400				hypothetical protein
EKHJKCLP_01967	CDS	2661				hypothetical protein
EKHJKCLP_01968	CDS	1413				hypothetical protein
EKHJKCLP_01969	CDS	1932				hypothetical protein
EKHJKCLP_01970	CDS	3336	susC_7		COG1629	TonB-dependent receptor SusC
EKHJKCLP_01971	CDS	939				hypothetical protein
EKHJKCLP_01972	CDS	627				hypothetical protein
EKHJKCLP_01973	CDS	3375	susC_8		COG1629	TonB-dependent receptor SusC
EKHJKCLP_01974	CDS	1908				hypothetical protein
EKHJKCLP_01975	CDS	822				hypothetical protein
EKHJKCLP_01976	CDS	2877				hypothetical protein
EKHJKCLP_01977	CDS	546				hypothetical protein
EKHJKCLP_01978	CDS	1848	glaB_2	3.2.1.-	COG5434	Alpha-1,3-galactosidase B
EKHJKCLP_01979	CDS	942				hypothetical protein
EKHJKCLP_01980	CDS	3384			COG1629	TonB-dependent receptor P26
EKHJKCLP_01981	CDS	1905				hypothetical protein
EKHJKCLP_01982	CDS	879				hypothetical protein
EKHJKCLP_01983	CDS	2871				hypothetical protein
EKHJKCLP_01984	CDS	627				hypothetical protein
EKHJKCLP_01985	CDS	1254		3.2.1.-	COG0673	Glycosyl hydrolase family 109 protein 1
EKHJKCLP_01986	tRNA	74				tRNA-Gly(tcc)
EKHJKCLP_01987	tRNA	84				tRNA-Tyr(gta)
EKHJKCLP_01988	CDS	495	ribH	2.5.1.78		6,7-dimethyl-8-ribityllumazine synthase
EKHJKCLP_01989	CDS	684				hypothetical protein
EKHJKCLP_01990	CDS	1110	recF		COG1195	DNA replication and repair protein RecF
EKHJKCLP_01991	CDS	288				hypothetical protein
EKHJKCLP_01992	CDS	792				hypothetical protein
EKHJKCLP_01993	CDS	525				hypothetical protein
EKHJKCLP_01994	CDS	1749				hypothetical protein
EKHJKCLP_01995	CDS	447	tadA_2	3.5.4.33		tRNA-specific adenosine deaminase
EKHJKCLP_01996	CDS	510				hypothetical protein
EKHJKCLP_01997	CDS	2061	prlC	3.4.24.70		Oligopeptidase A
EKHJKCLP_01998	CDS	1011	gapA	1.2.1.12	COG0057	Glyceraldehyde-3-phosphate dehydrogenase A
EKHJKCLP_01999	CDS	444	mscL		COG1970	Large-conductance mechanosensitive channel
EKHJKCLP_02000	CDS	963				hypothetical protein
EKHJKCLP_02001	CDS	618				hypothetical protein
EKHJKCLP_02002	CDS	792				hypothetical protein
EKHJKCLP_02003	CDS	1524	guaA_2	6.3.5.2		GMP synthase [glutamine-hydrolyzing]
EKHJKCLP_02004	CDS	3351	rhlB	3.6.4.13		ATP-dependent RNA helicase RhlB
EKHJKCLP_02005	CDS	537				hypothetical protein
EKHJKCLP_02006	CDS	321				hypothetical protein
EKHJKCLP_02007	CDS	348				hypothetical protein
EKHJKCLP_02008	CDS	96				hypothetical protein
EKHJKCLP_02009	CDS	1047				hypothetical protein
EKHJKCLP_02010	CDS	774				hypothetical protein
EKHJKCLP_02011	CDS	486				hypothetical protein
EKHJKCLP_02012	CDS	465				hypothetical protein
EKHJKCLP_02013	CDS	489				hypothetical protein
EKHJKCLP_02014	CDS	585				hypothetical protein
EKHJKCLP_02015	CDS	900				hypothetical protein
EKHJKCLP_02016	CDS	1056				hypothetical protein
EKHJKCLP_02017	CDS	189				hypothetical protein
EKHJKCLP_02018	CDS	261				hypothetical protein
EKHJKCLP_02019	CDS	447				hypothetical protein
EKHJKCLP_02020	CDS	108				hypothetical protein
EKHJKCLP_02021	CDS	1020				hypothetical protein
EKHJKCLP_02022	CDS	633				hypothetical protein
EKHJKCLP_02023	CDS	459				hypothetical protein
EKHJKCLP_02024	CDS	1812	ltrA_2			Group II intron-encoded protein LtrA
EKHJKCLP_02025	CDS	1830				hypothetical protein
EKHJKCLP_02026	CDS	171				hypothetical protein
EKHJKCLP_02027	CDS	351				hypothetical protein
EKHJKCLP_02028	CDS	198				hypothetical protein
EKHJKCLP_02029	CDS	753				hypothetical protein
EKHJKCLP_02030	CDS	414				hypothetical protein
EKHJKCLP_02031	CDS	780				Iron-sulfur cluster carrier protein
EKHJKCLP_02032	CDS	228				hypothetical protein
EKHJKCLP_02033	CDS	936				hypothetical protein
EKHJKCLP_02034	CDS	540	yfcE	3.1.4.-	COG0622	Phosphodiesterase YfcE
EKHJKCLP_02035	CDS	840				hypothetical protein
EKHJKCLP_02036	CDS	249				hypothetical protein
EKHJKCLP_02037	CDS	216	insK		COG2801	Putative transposase InsK for insertion sequence element IS150
EKHJKCLP_02038	CDS	1239				hypothetical protein
EKHJKCLP_02039	CDS	2343	btuB_3			Vitamin B12 transporter BtuB
EKHJKCLP_02040	CDS	456				hypothetical protein
EKHJKCLP_02041	CDS	1260				hypothetical protein
EKHJKCLP_02042	CDS	786				hypothetical protein
EKHJKCLP_02043	CDS	1743			COG1132	putative ABC transporter ATP-binding protein
EKHJKCLP_02044	CDS	1755	irtA	7.2.2.-	COG1132	Mycobactin import ATP-binding/permease protein IrtA
EKHJKCLP_02045	CDS	2367				hypothetical protein
EKHJKCLP_02046	CDS	666	zupT			Zinc transporter ZupT
EKHJKCLP_02047	CDS	231				hypothetical protein
EKHJKCLP_02048	CDS	234				hypothetical protein
EKHJKCLP_02049	CDS	627				hypothetical protein
EKHJKCLP_02050	CDS	162				hypothetical protein
EKHJKCLP_02051	CDS	903			COG2885	Outer membrane protein 41
EKHJKCLP_02052	CDS	255				hypothetical protein
EKHJKCLP_02053	CDS	1653				hypothetical protein
EKHJKCLP_02054	CDS	942				hypothetical protein
EKHJKCLP_02055	CDS	123				hypothetical protein
EKHJKCLP_02056	CDS	99				hypothetical protein
EKHJKCLP_02057	CDS	585				hypothetical protein
EKHJKCLP_02058	CDS	438				hypothetical protein
EKHJKCLP_02059	CDS	1404				hypothetical protein
EKHJKCLP_02060	CDS	2340	btuB_4			Vitamin B12 transporter BtuB
EKHJKCLP_02061	CDS	1017				hypothetical protein
EKHJKCLP_02062	CDS	1239				hypothetical protein
EKHJKCLP_02063	CDS	1782				hypothetical protein
EKHJKCLP_02064	CDS	123				hypothetical protein
EKHJKCLP_02065	CDS	567				hypothetical protein
EKHJKCLP_02066	CDS	1017				hypothetical protein
EKHJKCLP_02067	CDS	759				hypothetical protein
EKHJKCLP_02068	CDS	1161				hypothetical protein
EKHJKCLP_02069	CDS	132				hypothetical protein
EKHJKCLP_02070	CDS	924				hypothetical protein
EKHJKCLP_02071	CDS	909				hypothetical protein
EKHJKCLP_02072	CDS	507				hypothetical protein
EKHJKCLP_02073	CDS	891				hypothetical protein
EKHJKCLP_02074	CDS	2160				hypothetical protein
EKHJKCLP_02075	CDS	1098				hypothetical protein
EKHJKCLP_02076	CDS	201				hypothetical protein
EKHJKCLP_02077	CDS	270				hypothetical protein
EKHJKCLP_02078	CDS	1206				hypothetical protein
EKHJKCLP_02079	CDS	1125				hypothetical protein
EKHJKCLP_02080	CDS	645				IS66 family transposase ISBvu3
EKHJKCLP_02081	CDS	945				hypothetical protein
EKHJKCLP_02082	CDS	366				hypothetical protein
EKHJKCLP_02083	CDS	432				hypothetical protein
EKHJKCLP_02084	CDS	3966	rcsC_25	2.7.13.3		Sensor histidine kinase RcsC
EKHJKCLP_02085	CDS	492				hypothetical protein
EKHJKCLP_02086	CDS	453				hypothetical protein
EKHJKCLP_02087	CDS	1281				Putative fimbrium tip subunit Fim1C
EKHJKCLP_02088	CDS	750	UgpQ_1	3.1.4.46	COG0584	Glycerophosphodiester phosphodiesterase
EKHJKCLP_02089	CDS	1893				hypothetical protein
EKHJKCLP_02090	CDS	3159			COG1629	TonB-dependent receptor P26
EKHJKCLP_02091	CDS	129				hypothetical protein
EKHJKCLP_02092	CDS	3969	rcsC_26	2.7.13.3		Sensor histidine kinase RcsC
EKHJKCLP_02093	CDS	1992				hypothetical protein
EKHJKCLP_02094	CDS	243				hypothetical protein
EKHJKCLP_02095	CDS	1128	rhaR_2			HTH-type transcriptional activator RhaR
EKHJKCLP_02096	CDS	1287				IS1380 family transposase ISBfi1
EKHJKCLP_02097	CDS	456	ftnA_1	1.16.3.2		Bacterial non-heme ferritin
EKHJKCLP_02098	CDS	648				hypothetical protein
EKHJKCLP_02099	CDS	483	ftnA_2	1.16.3.2		Bacterial non-heme ferritin
EKHJKCLP_02100	CDS	1053	fbaB_1	4.1.2.13	COG1830	Fructose-bisphosphate aldolase class 1
EKHJKCLP_02101	CDS	750	gpmA_1	5.4.2.11	COG0588	2,3-bisphosphoglycerate-dependent phosphoglycerate mutase
EKHJKCLP_02102	CDS	429				Acid shock protein
EKHJKCLP_02103	CDS	498	sigH_3			ECF RNA polymerase sigma factor SigH
EKHJKCLP_02104	CDS	987	pfkA_1	2.7.1.11	COG0205	ATP-dependent 6-phosphofructokinase 1
EKHJKCLP_02105	CDS	1776	kefB_3			Glutathione-regulated potassium-efflux system protein KefB
EKHJKCLP_02106	CDS	2559	glgP_1	2.4.1.1	COG0058	Glycogen phosphorylase
EKHJKCLP_02107	CDS	819				hypothetical protein
EKHJKCLP_02108	CDS	540	mgsA_2	4.2.3.3	COG1803	Methylglyoxal synthase
EKHJKCLP_02109	CDS	2406	rcsC_27	2.7.13.3		Sensor histidine kinase RcsC
EKHJKCLP_02110	CDS	1287	zraR_5		COG2204	Transcriptional regulatory protein ZraR
EKHJKCLP_02111	CDS	618				hypothetical protein
EKHJKCLP_02112	CDS	246				hypothetical protein
EKHJKCLP_02113	CDS	687				hypothetical protein
EKHJKCLP_02114	CDS	273				hypothetical protein
EKHJKCLP_02115	CDS	1710				hypothetical protein
EKHJKCLP_02116	CDS	171				hypothetical protein
EKHJKCLP_02117	CDS	402	dpnM_3	2.1.1.72		Type II methyltransferase M1.DpnII
EKHJKCLP_02118	CDS	402				hypothetical protein
EKHJKCLP_02119	CDS	747				hypothetical protein
EKHJKCLP_02120	CDS	159				hypothetical protein
EKHJKCLP_02121	CDS	192				hypothetical protein
EKHJKCLP_02122	CDS	1140				hypothetical protein
EKHJKCLP_02123	CDS	1425				hypothetical protein
EKHJKCLP_02124	CDS	816				hypothetical protein
EKHJKCLP_02125	CDS	1449				hypothetical protein
EKHJKCLP_02126	CDS	312				hypothetical protein
EKHJKCLP_02127	CDS	1071				hypothetical protein
EKHJKCLP_02128	CDS	1767				hypothetical protein
EKHJKCLP_02129	CDS	1203				hypothetical protein
EKHJKCLP_02130	CDS	873				hypothetical protein
EKHJKCLP_02131	CDS	117	topB_3	5.6.2.1		DNA topoisomerase 3
EKHJKCLP_02132	CDS	1893	topB_4	5.6.2.1	COG0550	DNA topoisomerase 3
EKHJKCLP_02133	CDS	219				hypothetical protein
EKHJKCLP_02134	CDS	573				hypothetical protein
EKHJKCLP_02135	CDS	120				hypothetical protein
EKHJKCLP_02136	CDS	312				hypothetical protein
EKHJKCLP_02137	CDS	1230	xerC_23			Tyrosine recombinase XerC
EKHJKCLP_02138	CDS	867				hypothetical protein
EKHJKCLP_02139	CDS	1671				hypothetical protein
EKHJKCLP_02140	CDS	3087			COG4771	TonB-dependent receptor P39
EKHJKCLP_02141	CDS	1698				hypothetical protein
EKHJKCLP_02142	CDS	2856			COG1629	TonB-dependent receptor P26
EKHJKCLP_02143	CDS	1749				hypothetical protein
EKHJKCLP_02144	CDS	666				hypothetical protein
EKHJKCLP_02145	CDS	600				hypothetical protein
EKHJKCLP_02146	CDS	744				hypothetical protein
EKHJKCLP_02147	CDS	1938				hypothetical protein
EKHJKCLP_02148	CDS	1266	mshA_4	2.4.1.250		D-inositol-3-phosphate glycosyltransferase
EKHJKCLP_02149	CDS	1452				hypothetical protein
EKHJKCLP_02150	CDS	1689				hypothetical protein
EKHJKCLP_02151	CDS	840	glgA	2.4.1.21	COG0297	Glycogen synthase
EKHJKCLP_02152	CDS	846	panC	6.3.2.1	COG0414	Pantothenate synthetase
EKHJKCLP_02153	CDS	354	panD	4.1.1.11	COG0853	Aspartate 1-decarboxylase
EKHJKCLP_02154	CDS	2292	pyrK_1			Dihydroorotate dehydrogenase B (NAD(+)), electron transfer subunit
EKHJKCLP_02155	CDS	1212	fucP_1		COG0738	L-fucose-proton symporter
EKHJKCLP_02156	CDS	1275	serS	6.1.1.11	COG0172	Serine--tRNA ligase
EKHJKCLP_02157	CDS	264	rpmA			Large ribosomal subunit protein bL27
EKHJKCLP_02158	CDS	318	rplU			Large ribosomal subunit protein bL21
EKHJKCLP_02159	CDS	636	ppaX	3.6.1.1	COG0546	Pyrophosphatase PpaX
EKHJKCLP_02160	CDS	885				hypothetical protein
EKHJKCLP_02161	CDS	513				hypothetical protein
EKHJKCLP_02162	CDS	705	bcrA_1			Bacitracin transport ATP-binding protein BcrA
EKHJKCLP_02163	CDS	1494				hypothetical protein
EKHJKCLP_02164	CDS	2838	pqqL	3.4.24.-	COG0612	putative zinc protease PqqL
EKHJKCLP_02165	CDS	801	kdsA_2	2.5.1.55	COG2877	2-dehydro-3-deoxyphosphooctonate aldolase
EKHJKCLP_02166	CDS	927	dagK	2.7.1.107	COG1597	Diacylglycerol kinase
EKHJKCLP_02167	CDS	921	miaA_2	2.5.1.75	COG0324	tRNA dimethylallyltransferase
EKHJKCLP_02168	CDS	987				hypothetical protein
EKHJKCLP_02169	CDS	2022				hypothetical protein
EKHJKCLP_02170	CDS	3111			COG1629	TonB-dependent receptor P26
EKHJKCLP_02171	CDS	1359				hypothetical protein
EKHJKCLP_02172	CDS	1221				hypothetical protein
EKHJKCLP_02173	CDS	1299				hypothetical protein
EKHJKCLP_02174	CDS	4041	rcsC_28	2.7.13.3		Sensor histidine kinase RcsC
EKHJKCLP_02175	CDS	2649				hypothetical protein
EKHJKCLP_02176	CDS	1206				hypothetical protein
EKHJKCLP_02177	CDS	645	btuD_1	7.6.2.8		Vitamin B12 import ATP-binding protein BtuD
EKHJKCLP_02178	CDS	1548				hypothetical protein
EKHJKCLP_02179	CDS	702	rsmE	2.1.1.193	COG1385	Ribosomal RNA small subunit methyltransferase E
EKHJKCLP_02180	CDS	603				hypothetical protein
EKHJKCLP_02181	CDS	1251	xapB		COG2211	Xanthosine permease
EKHJKCLP_02182	CDS	1179	rlmI	2.1.1.191	COG1092	Ribosomal RNA large subunit methyltransferase I
EKHJKCLP_02183	CDS	645	rnd	3.1.13.5		Ribonuclease D
EKHJKCLP_02184	CDS	666				hypothetical protein
EKHJKCLP_02185	CDS	2499				hypothetical protein
EKHJKCLP_02186	CDS	648				hypothetical protein
EKHJKCLP_02187	CDS	951	trxB	1.8.1.9	COG0492	Thioredoxin reductase
EKHJKCLP_02188	CDS	1296	resA_12			Thiol-disulfide oxidoreductase ResA
EKHJKCLP_02189	CDS	1167				hypothetical protein
EKHJKCLP_02190	CDS	1716				hypothetical protein
EKHJKCLP_02191	CDS	1014	resA_13			Thiol-disulfide oxidoreductase ResA
EKHJKCLP_02192	CDS	1044				hypothetical protein
EKHJKCLP_02193	CDS	1557				hypothetical protein
EKHJKCLP_02194	CDS	3570			COG1629	TonB-dependent receptor P26
EKHJKCLP_02195	CDS	1215				hypothetical protein
EKHJKCLP_02196	CDS	543				hypothetical protein
EKHJKCLP_02197	CDS	687	crp			CRP-like cAMP-activated global transcriptional regulator
EKHJKCLP_02198	CDS	2190	glnA_1	6.3.1.2		Glutamine synthetase
EKHJKCLP_02199	CDS	2112				hypothetical protein
EKHJKCLP_02200	CDS	1131				hypothetical protein
EKHJKCLP_02201	CDS	5952	recD2_3	5.6.2.3		ATP-dependent RecD2 DNA helicase
EKHJKCLP_02202	CDS	1797	pnp_2	2.7.7.8		Polyribonucleotide nucleotidyltransferase
EKHJKCLP_02203	CDS	939	rnz	3.1.26.11	COG1234	Ribonuclease Z
EKHJKCLP_02204	CDS	1518				hypothetical protein
EKHJKCLP_02205	CDS	552	sigW_3		COG1595	ECF RNA polymerase sigma factor SigW
EKHJKCLP_02206	CDS	411				hypothetical protein
EKHJKCLP_02207	CDS	465				hypothetical protein
EKHJKCLP_02208	CDS	789	mazG	3.6.1.8	COG3956	Nucleoside triphosphate pyrophosphohydrolase
EKHJKCLP_02209	CDS	1044				hypothetical protein
EKHJKCLP_02210	CDS	639				hypothetical protein
EKHJKCLP_02211	CDS	2637	valS_2	6.1.1.9	COG0525	Valine--tRNA ligase
EKHJKCLP_02212	CDS	1896	rcsC_29	2.7.13.3		Sensor histidine kinase RcsC
EKHJKCLP_02213	CDS	576	rpoE_2		COG1595	ECF RNA polymerase sigma factor RpoE
EKHJKCLP_02214	CDS	1017				hypothetical protein
EKHJKCLP_02215	CDS	3312			COG4771	TonB-dependent receptor P3
EKHJKCLP_02216	CDS	1515				hypothetical protein
EKHJKCLP_02217	CDS	1311				hypothetical protein
EKHJKCLP_02218	CDS	1566				hypothetical protein
EKHJKCLP_02219	CDS	2328				hypothetical protein
EKHJKCLP_02220	CDS	1578				hypothetical protein
EKHJKCLP_02221	CDS	522				hypothetical protein
EKHJKCLP_02222	CDS	1056				hypothetical protein
EKHJKCLP_02223	CDS	1551				hypothetical protein
EKHJKCLP_02224	CDS	3162				hypothetical protein
EKHJKCLP_02225	CDS	1242		3.2.1.-	COG4225	Unsaturated glucuronyl hydrolase
EKHJKCLP_02226	CDS	4044	rcsC_30	2.7.13.3		Sensor histidine kinase RcsC
EKHJKCLP_02227	CDS	447				hypothetical protein
EKHJKCLP_02228	CDS	1107				hypothetical protein
EKHJKCLP_02229	CDS	3318	secA	7.4.2.8		Protein translocase subunit SecA
EKHJKCLP_02230	CDS	1575	pafA	3.1.3.1	COG1524	Alkaline phosphatase PafA
EKHJKCLP_02231	CDS	1188				hypothetical protein
EKHJKCLP_02232	CDS	732	coaX	2.7.1.33	COG1521	Type III pantothenate kinase
EKHJKCLP_02233	CDS	1314				hypothetical protein
EKHJKCLP_02234	CDS	1326				hypothetical protein
EKHJKCLP_02235	CDS	654				hypothetical protein
EKHJKCLP_02236	CDS	1227				hypothetical protein
EKHJKCLP_02237	CDS	2142				hypothetical protein
EKHJKCLP_02238	CDS	1011	rlmN	2.1.1.192	COG0820	Dual-specificity RNA methyltransferase RlmN
EKHJKCLP_02239	CDS	1041				hypothetical protein
EKHJKCLP_02240	CDS	1095	pdxA2	1.1.1.408	COG1995	D-threonate 4-phosphate dehydrogenase
EKHJKCLP_02241	CDS	1251	norR			Anaerobic nitric oxide reductase transcription regulator NorR
EKHJKCLP_02242	CDS	531				hypothetical protein
EKHJKCLP_02243	CDS	759				hypothetical protein
EKHJKCLP_02244	CDS	399				hypothetical protein
EKHJKCLP_02245	CDS	1398				hypothetical protein
EKHJKCLP_02246	CDS	351	pqqD			PqqA binding protein
EKHJKCLP_02247	CDS	285				hypothetical protein
EKHJKCLP_02248	CDS	1065				hypothetical protein
EKHJKCLP_02249	CDS	1512	nnr		COG0062	Bifunctional NAD(P)H-hydrate repair enzyme Nnr
EKHJKCLP_02250	CDS	222				hypothetical protein
EKHJKCLP_02251	CDS	537	hpt	2.4.2.8		Hypoxanthine phosphoribosyltransferase
EKHJKCLP_02252	CDS	570	adk	2.7.4.3		Adenylate kinase
EKHJKCLP_02253	CDS	1167	obg	3.6.5.-	COG0536	GTPase Obg
EKHJKCLP_02254	CDS	813		2.4.2.1	COG1496	Purine nucleoside phosphorylase
EKHJKCLP_02255	CDS	666				hypothetical protein
EKHJKCLP_02256	CDS	639				hypothetical protein
EKHJKCLP_02257	CDS	576	sigW_4		COG1595	ECF RNA polymerase sigma factor SigW
EKHJKCLP_02258	CDS	3372			COG1629	TonB-dependent receptor P26
EKHJKCLP_02259	CDS	1935				hypothetical protein
EKHJKCLP_02260	CDS	1563		3.1.6.-	COG3119	N-acetylglucosamine-6-O-sulfatase
EKHJKCLP_02261	CDS	948				hypothetical protein
EKHJKCLP_02262	CDS	1962		3.2.1.52	COG3525	Beta-hexosaminidase
EKHJKCLP_02263	CDS	108				hypothetical protein
EKHJKCLP_02264	CDS	2214		3.2.1.169	COG3525	O-GlcNAcase
EKHJKCLP_02265	CDS	894	araC		COG4977	Arabinose operon regulatory protein
EKHJKCLP_02266	CDS	2802	lacZ_11	3.2.1.23		Beta-galactosidase
EKHJKCLP_02267	CDS	1383	xylE_1		COG0477	D-xylose-proton symporter
EKHJKCLP_02268	CDS	3282				hypothetical protein
EKHJKCLP_02269	CDS	1194	pgl	3.1.1.31	COG2706	6-phosphogluconolactonase
EKHJKCLP_02270	CDS	1446			COG3385	IS4 family transposase ISBf8
EKHJKCLP_02271	CDS	3180			COG4771	TonB-dependent receptor P3
EKHJKCLP_02272	CDS	1737			COG0702	SusD-like protein P2
EKHJKCLP_02273	CDS	2841	nagZ	3.2.1.52		Beta-hexosaminidase
EKHJKCLP_02274	tmRNA	395	ssrA			transfer-messenger RNA, SsrA
EKHJKCLP_02275	tmRNA	396	ssrA			transfer-messenger RNA, SsrA
EKHJKCLP_02276	CDS	1890				hypothetical protein
EKHJKCLP_02277	CDS	615				hypothetical protein
EKHJKCLP_02278	CDS	180				hypothetical protein
EKHJKCLP_02279	CDS	1125				hypothetical protein
EKHJKCLP_02280	CDS	168				hypothetical protein
EKHJKCLP_02281	CDS	1347				hypothetical protein
EKHJKCLP_02282	CDS	969	dnaG_2	2.7.7.101		DNA primase
EKHJKCLP_02283	CDS	1068				hypothetical protein
EKHJKCLP_02284	CDS	309				hypothetical protein
EKHJKCLP_02285	CDS	177				hypothetical protein
EKHJKCLP_02286	CDS	1026				hypothetical protein
EKHJKCLP_02287	CDS	1293	xerC_24			Tyrosine recombinase XerC
EKHJKCLP_02288	CDS	3930	rcsC_31	2.7.13.3		Sensor histidine kinase RcsC
EKHJKCLP_02289	CDS	3120			COG4771	TonB-dependent receptor P3
EKHJKCLP_02290	CDS	1884				hypothetical protein
EKHJKCLP_02291	CDS	1449				hypothetical protein
EKHJKCLP_02292	CDS	2859				hypothetical protein
EKHJKCLP_02293	CDS	1704				hypothetical protein
EKHJKCLP_02294	CDS	2307		3.2.1.-	COG1472	Beta-xylosidase
EKHJKCLP_02295	CDS	1440	xynD_2	3.2.1.55	COG3507	Arabinoxylan arabinofuranohydrolase
EKHJKCLP_02296	CDS	1344				hypothetical protein
EKHJKCLP_02297	CDS	564				hypothetical protein
EKHJKCLP_02298	CDS	1155				hypothetical protein
EKHJKCLP_02299	CDS	1377				hypothetical protein
EKHJKCLP_02300	CDS	1092	dinB	2.7.7.7	COG0389	DNA polymerase IV
EKHJKCLP_02301	CDS	1935				hypothetical protein
EKHJKCLP_02302	CDS	702				hypothetical protein
EKHJKCLP_02303	CDS	1179				hypothetical protein
EKHJKCLP_02304	CDS	138				hypothetical protein
EKHJKCLP_02305	CDS	2700				hypothetical protein
EKHJKCLP_02306	CDS	450				hypothetical protein
EKHJKCLP_02307	CDS	432				hypothetical protein
EKHJKCLP_02308	CDS	1215	madB	7.2.4.1		Carboxybiotin decarboxylase
EKHJKCLP_02309	CDS	753	cutC			PF03932 family protein CutC
EKHJKCLP_02310	CDS	1536	rny_2	3.1.-.-	COG1418	Ribonuclease Y
EKHJKCLP_02311	CDS	291				hypothetical protein
EKHJKCLP_02312	CDS	315				hypothetical protein
EKHJKCLP_02313	CDS	111				hypothetical protein
EKHJKCLP_02314	CDS	567	mtnN	3.2.2.9		5'-methylthioadenosine/S-adenosylhomocysteine nucleosidase
EKHJKCLP_02315	CDS	360	ybaN		COG2832	Inner membrane protein YbaN
EKHJKCLP_02316	CDS	390	queD	4.1.2.50	COG0720	6-carboxy-5,6,7,8-tetrahydropterin synthase
EKHJKCLP_02317	CDS	546	queE	4.3.99.3	COG0602	7-carboxy-7-deazaguanine synthase
EKHJKCLP_02318	CDS	741	lutA		COG0247	Lactate utilization protein A
EKHJKCLP_02319	CDS	1386	lutB		COG1139	Lactate utilization protein B
EKHJKCLP_02320	CDS	582	lutC			Lactate utilization protein C
EKHJKCLP_02321	CDS	873	pdxK	2.7.1.35	COG2240	Pyridoxine/pyridoxal/pyridoxamine kinase
EKHJKCLP_02322	CDS	1218				hypothetical protein
EKHJKCLP_02323	CDS	570	algU_3			RNA polymerase sigma-H factor
EKHJKCLP_02324	CDS	1836				hypothetical protein
EKHJKCLP_02325	CDS	147				hypothetical protein
EKHJKCLP_02326	CDS	1560		3.2.1.52	COG3525	Beta-hexosaminidase
EKHJKCLP_02327	tRNA	74				tRNA-Trp(cca)
EKHJKCLP_02328	CDS	354	mgsR		COG1393	Regulatory protein MgsR
EKHJKCLP_02329	CDS	579				hypothetical protein
EKHJKCLP_02330	CDS	3135			COG1629	TonB-dependent receptor P26
EKHJKCLP_02331	CDS	1599				hypothetical protein
EKHJKCLP_02332	CDS	708				hypothetical protein
EKHJKCLP_02333	CDS	1317	xanP		COG2233	Xanthine permease XanP
EKHJKCLP_02334	CDS	2139				hypothetical protein
EKHJKCLP_02335	CDS	633				hypothetical protein
EKHJKCLP_02336	CDS	648				hypothetical protein
EKHJKCLP_02337	CDS	177				hypothetical protein
EKHJKCLP_02338	CDS	114				hypothetical protein
EKHJKCLP_02339	CDS	1446				hypothetical protein
EKHJKCLP_02340	CDS	939				hypothetical protein
EKHJKCLP_02341	CDS	3300				hypothetical protein
EKHJKCLP_02342	CDS	165				hypothetical protein
EKHJKCLP_02343	CDS	450				hypothetical protein
EKHJKCLP_02344	CDS	291				hypothetical protein
EKHJKCLP_02345	CDS	525				hypothetical protein
EKHJKCLP_02346	CDS	1362	dnaB_1	5.6.2.3		Replicative DNA helicase DnaB
EKHJKCLP_02347	CDS	621				hypothetical protein
EKHJKCLP_02348	CDS	297				hypothetical protein
EKHJKCLP_02349	CDS	1269				hypothetical protein
EKHJKCLP_02350	CDS	804				hypothetical protein
EKHJKCLP_02351	CDS	369				hypothetical protein
EKHJKCLP_02352	CDS	2502		3.2.1.23	COG3250	Beta-galactosidase BoGH2A
EKHJKCLP_02353	CDS	894				hypothetical protein
EKHJKCLP_02354	CDS	144				hypothetical protein
EKHJKCLP_02355	CDS	981				hypothetical protein
EKHJKCLP_02356	CDS	846	mutM	3.2.2.23		Formamidopyrimidine-DNA glycosylase
EKHJKCLP_02357	CDS	1314				hypothetical protein
EKHJKCLP_02358	CDS	270				hypothetical protein
EKHJKCLP_02359	CDS	276				hypothetical protein
EKHJKCLP_02360	CDS	270				hypothetical protein
EKHJKCLP_02361	CDS	735		1.-.-.-	COG4221	putative oxidoreductase
EKHJKCLP_02362	CDS	300				hypothetical protein
EKHJKCLP_02363	CDS	207				hypothetical protein
EKHJKCLP_02364	CDS	1419	murJ			lipid II flippase MurJ
EKHJKCLP_02365	CDS	993				hypothetical protein
EKHJKCLP_02366	CDS	1773				hypothetical protein
EKHJKCLP_02367	CDS	552				hypothetical protein
EKHJKCLP_02368	CDS	465	htdZ	4.2.1.-	COG2030	3-hydroxyacyl-thioester dehydratase Z
EKHJKCLP_02369	CDS	522				hypothetical protein
EKHJKCLP_02370	CDS	1404				hypothetical protein
EKHJKCLP_02371	CDS	891	blaVEB-1	3.5.2.6		Beta-lactamase VEB-1
EKHJKCLP_02372	CDS	435				hypothetical protein
EKHJKCLP_02373	CDS	1743				hypothetical protein
EKHJKCLP_02374	CDS	1044	mcrC		COG4268	Type IV methyl-directed restriction enzyme EcoKMcrBC
EKHJKCLP_02375	CDS	744				hypothetical protein
EKHJKCLP_02376	CDS	1065	adh	1.1.1.1	COG1063	Alcohol dehydrogenase
EKHJKCLP_02377	CDS	807	rlmB	2.1.1.185		23S rRNA (guanosine-2'-O-)-methyltransferase RlmB
EKHJKCLP_02378	CDS	414				hypothetical protein
EKHJKCLP_02379	CDS	1398	mnmE_1	3.6.-.-	COG0486	tRNA modification GTPase MnmE
EKHJKCLP_02380	CDS	519				hypothetical protein
EKHJKCLP_02381	CDS	192	rcsC_32	2.7.13.3		Sensor histidine kinase RcsC
EKHJKCLP_02382	CDS	660				hypothetical protein
EKHJKCLP_02383	CDS	879	deoD	2.4.2.1	COG0813	Purine nucleoside phosphorylase DeoD-type
EKHJKCLP_02384	CDS	1002	floA		COG4864	Flotillin-like protein FloA
EKHJKCLP_02385	CDS	471				hypothetical protein
EKHJKCLP_02386	CDS	1422				hypothetical protein
EKHJKCLP_02387	CDS	747	ttcA	2.8.1.-		tRNA-cytidine(32) 2-sulfurtransferase
EKHJKCLP_02388	CDS	372				hypothetical protein
EKHJKCLP_02389	CDS	1017	apbE	2.7.1.180	COG1477	FAD:protein FMN transferase
EKHJKCLP_02390	CDS	582	mntP		COG1971	putative manganese efflux pump MntP
EKHJKCLP_02391	CDS	801				hypothetical protein
EKHJKCLP_02392	CDS	951	rgtE	2.4.1.-	COG0463	Dodecaprenyl-phosphate galacturonate synthase
EKHJKCLP_02393	CDS	516				hypothetical protein
EKHJKCLP_02394	tRNA	75				tRNA-Thr(tgt)
EKHJKCLP_02395	CDS	1086				hypothetical protein
EKHJKCLP_02396	CDS	414				hypothetical protein
EKHJKCLP_02397	CDS	564	sigW_5		COG1595	ECF RNA polymerase sigma factor SigW
EKHJKCLP_02398	CDS	1281	eno	4.2.1.11	COG0148	Enolase
EKHJKCLP_02399	CDS	663	mfpA		COG1357	Pentapeptide repeat protein MfpA
EKHJKCLP_02400	CDS	378	fluC		COG0239	Fluoride-specific ion channel FluC
EKHJKCLP_02401	CDS	1410	purF_1	2.4.2.14	COG0034	Amidophosphoribosyltransferase
EKHJKCLP_02402	CDS	1224	pepT	3.4.11.4	COG2195	Peptidase T
EKHJKCLP_02403	CDS	1086	gcvT	2.1.2.10	COG0404	Aminomethyltransferase
EKHJKCLP_02404	CDS	2274	kefB_4			Glutathione-regulated potassium-efflux system protein KefB
EKHJKCLP_02405	CDS	426				hypothetical protein
EKHJKCLP_02406	CDS	423	rqcP			RQC P-site tRNA stabilizing factor
EKHJKCLP_02407	CDS	570	pth	3.1.1.29	COG0193	Peptidyl-tRNA hydrolase
EKHJKCLP_02408	CDS	591	rplY			Large ribosomal subunit protein bL25
EKHJKCLP_02409	CDS	405				hypothetical protein
EKHJKCLP_02410	CDS	129				hypothetical protein
EKHJKCLP_02411	CDS	927	nusB			Transcription antitermination protein NusB
EKHJKCLP_02412	CDS	324				hypothetical protein
EKHJKCLP_02413	CDS	1020				hypothetical protein
EKHJKCLP_02414	CDS	615	coaE	2.7.1.24		Dephospho-CoA kinase
EKHJKCLP_02415	CDS	432				hypothetical protein
EKHJKCLP_02416	CDS	2589	clpB1		COG0542	Chaperone protein ClpB 1
EKHJKCLP_02417	CDS	588				hypothetical protein
EKHJKCLP_02418	CDS	897	cmpR		COG0583	HTH-type transcriptional activator CmpR
EKHJKCLP_02419	CDS	627				hypothetical protein
EKHJKCLP_02420	CDS	435				hypothetical protein
EKHJKCLP_02421	CDS	1125				hypothetical protein
EKHJKCLP_02422	CDS	165				hypothetical protein
EKHJKCLP_02423	CDS	729				hypothetical protein
EKHJKCLP_02424	CDS	375	yccF		COG3304	Inner membrane protein YccF
EKHJKCLP_02425	CDS	993				hypothetical protein
EKHJKCLP_02426	CDS	1038	recA		COG0468	Protein RecA
EKHJKCLP_02427	CDS	456	bcp	1.11.1.24	COG1225	Putative peroxiredoxin bcp
EKHJKCLP_02428	CDS	1194		1.5.1.55	COG1748	Carboxyaminopropylagmatine dehydrogenase
EKHJKCLP_02429	CDS	1284				hypothetical protein
EKHJKCLP_02430	CDS	792				hypothetical protein
EKHJKCLP_02431	CDS	1257				hypothetical protein
EKHJKCLP_02432	CDS	174				hypothetical protein
EKHJKCLP_02433	CDS	1920	dnaK		COG0443	Chaperone protein DnaK
EKHJKCLP_02434	CDS	1017				hypothetical protein
EKHJKCLP_02435	CDS	648				hypothetical protein
EKHJKCLP_02436	CDS	636	dedA			DedA family protein
EKHJKCLP_02437	CDS	447				hypothetical protein
EKHJKCLP_02438	CDS	177				hypothetical protein
EKHJKCLP_02439	CDS	540	sigW_6		COG1595	ECF RNA polymerase sigma factor SigW
EKHJKCLP_02440	CDS	357				hypothetical protein
EKHJKCLP_02441	CDS	579				hypothetical protein
EKHJKCLP_02442	CDS	2751				hypothetical protein
EKHJKCLP_02443	CDS	1572	clcA			H(+)/Cl(-) exchange transporter ClcA
EKHJKCLP_02444	CDS	834	nfo	3.1.21.2	COG0648	Endonuclease 4
EKHJKCLP_02445	CDS	408	btrW	2.7.11.1	COG2172	Serine/threonine-protein kinase BtrW
EKHJKCLP_02446	CDS	789	rsbU	3.1.3.3	COG2208	Phosphoserine phosphatase RsbU
EKHJKCLP_02447	CDS	579				hypothetical protein
EKHJKCLP_02448	CDS	1176				hypothetical protein
EKHJKCLP_02449	CDS	420				hypothetical protein
EKHJKCLP_02450	CDS	756	rsbW	2.7.11.1		Serine-protein kinase RsbW
EKHJKCLP_02451	CDS	1371	trpB	4.2.1.20	COG0133	Tryptophan synthase beta chain
EKHJKCLP_02452	CDS	1830				hypothetical protein
EKHJKCLP_02453	CDS	687	ktrA		COG0569	Ktr system potassium uptake protein A
EKHJKCLP_02454	CDS	1032				hypothetical protein
EKHJKCLP_02455	CDS	2442		3.2.1.23	COG3250	Beta-galactosidase BoGH2A
EKHJKCLP_02456	CDS	1095	ganB	3.2.1.-	COG3867	Endo-beta-1,4-galactanase
EKHJKCLP_02457	CDS	1785				hypothetical protein
EKHJKCLP_02458	CDS	1578	susD		COG3637	Starch-binding protein SusD
EKHJKCLP_02459	CDS	2976	susC_9		COG1629	TonB-dependent receptor SusC
EKHJKCLP_02460	CDS	2607				hypothetical protein
EKHJKCLP_02461	CDS	3546	sasA_2	2.7.13.3		Adaptive-response sensory-kinase SasA
EKHJKCLP_02462	CDS	549				hypothetical protein
EKHJKCLP_02463	CDS	447				hypothetical protein
EKHJKCLP_02464	CDS	504				hypothetical protein
EKHJKCLP_02465	CDS	1209	tdcG	4.3.1.17	COG1760	L-serine dehydratase TdcG
EKHJKCLP_02466	CDS	1053	corA_2		COG0598	Cobalt/magnesium transport protein CorA
EKHJKCLP_02467	CDS	2505	mutS2	3.1.-.-		Endonuclease MutS2
EKHJKCLP_02468	tRNA	86				tRNA-Ser(tga)
EKHJKCLP_02469	CDS	1230	xerC_25			Tyrosine recombinase XerC
EKHJKCLP_02470	CDS	534				hypothetical protein
EKHJKCLP_02471	CDS	219				hypothetical protein
EKHJKCLP_02472	CDS	483				hypothetical protein
EKHJKCLP_02473	CDS	321				hypothetical protein
EKHJKCLP_02474	CDS	453				hypothetical protein
EKHJKCLP_02475	CDS	582				hypothetical protein
EKHJKCLP_02476	CDS	936				hypothetical protein
EKHJKCLP_02477	CDS	1323				hypothetical protein
EKHJKCLP_02478	CDS	288				hypothetical protein
EKHJKCLP_02479	CDS	624				hypothetical protein
EKHJKCLP_02480	CDS	996				hypothetical protein
EKHJKCLP_02481	CDS	627				hypothetical protein
EKHJKCLP_02482	CDS	2697				hypothetical protein
EKHJKCLP_02483	CDS	297				hypothetical protein
EKHJKCLP_02484	CDS	663				hypothetical protein
EKHJKCLP_02485	CDS	429				hypothetical protein
EKHJKCLP_02486	CDS	783				hypothetical protein
EKHJKCLP_02487	CDS	423				hypothetical protein
EKHJKCLP_02488	CDS	1242				hypothetical protein
EKHJKCLP_02489	CDS	2010				hypothetical protein
EKHJKCLP_02490	CDS	1038	yhcG_6	3.1.-.-	COG4804	Putative nuclease YhcG
EKHJKCLP_02491	CDS	1305				hypothetical protein
EKHJKCLP_02492	CDS	2088	topB_5	5.6.2.1	COG0550	DNA topoisomerase 3
EKHJKCLP_02493	CDS	519				hypothetical protein
EKHJKCLP_02494	CDS	2073				hypothetical protein
EKHJKCLP_02495	CDS	360				hypothetical protein
EKHJKCLP_02496	CDS	843				hypothetical protein
EKHJKCLP_02497	CDS	405				hypothetical protein
EKHJKCLP_02498	CDS	414				hypothetical protein
EKHJKCLP_02499	CDS	426				hypothetical protein
EKHJKCLP_02500	CDS	573				hypothetical protein
EKHJKCLP_02501	CDS	189				hypothetical protein
EKHJKCLP_02502	CDS	621				hypothetical protein
EKHJKCLP_02503	CDS	918	rlmF	2.1.1.181	COG3129	Ribosomal RNA large subunit methyltransferase F
EKHJKCLP_02504	CDS	156				hypothetical protein
EKHJKCLP_02505	CDS	1779				hypothetical protein
EKHJKCLP_02506	CDS	363				hypothetical protein
EKHJKCLP_02507	CDS	1233	menI	3.1.2.28		1,4-dihydroxy-2-naphthoyl-CoA hydrolase
EKHJKCLP_02508	CDS	1095	menF_1	5.4.4.2		Isochorismate synthase MenF
EKHJKCLP_02509	CDS	1668	menD	2.2.1.9		2-succinyl-5-enolpyruvyl-6-hydroxy-3-cyclohexene-1-carboxylate synthase
EKHJKCLP_02510	CDS	825	menB	4.1.3.36	COG0447	1,4-dihydroxy-2-naphthoyl-CoA synthase
EKHJKCLP_02511	CDS	1035	menC	4.2.1.113	COG4948	o-succinylbenzoate synthase
EKHJKCLP_02512	CDS	1113	menE	6.2.1.26		2-succinylbenzoate--CoA ligase
EKHJKCLP_02513	CDS	477	dps	1.16.-.-	COG0783	DNA protection during starvation protein
EKHJKCLP_02514	CDS	927	oxyR		COG0583	DNA-binding transcriptional dual regulator OxyR
EKHJKCLP_02515	CDS	921				hypothetical protein
EKHJKCLP_02516	CDS	1074				hypothetical protein
EKHJKCLP_02517	CDS	1587				IS66 family transposase ISBthe6
EKHJKCLP_02518	CDS	366				hypothetical protein
EKHJKCLP_02519	CDS	435				hypothetical protein
EKHJKCLP_02520	CDS	174				hypothetical protein
EKHJKCLP_02521	CDS	390				hypothetical protein
EKHJKCLP_02522	CDS	369				hypothetical protein
EKHJKCLP_02523	CDS	1371				hypothetical protein
EKHJKCLP_02524	CDS	1119				hypothetical protein
EKHJKCLP_02525	CDS	1434				hypothetical protein
EKHJKCLP_02526	CDS	1185				hypothetical protein
EKHJKCLP_02527	CDS	735				hypothetical protein
EKHJKCLP_02528	CDS	1155	rutC	3.5.-.-		3-aminoacrylate deaminase RutC
EKHJKCLP_02529	CDS	2061	ccsA_2			Cytochrome c biogenesis protein CcsA
EKHJKCLP_02530	CDS	2121				hypothetical protein
EKHJKCLP_02531	CDS	174				hypothetical protein
EKHJKCLP_02532	CDS	210				hypothetical protein
EKHJKCLP_02533	CDS	417				hypothetical protein
EKHJKCLP_02534	CDS	360				hypothetical protein
EKHJKCLP_02535	CDS	786				Iron-sulfur cluster carrier protein
EKHJKCLP_02536	CDS	930				hypothetical protein
EKHJKCLP_02537	CDS	234				hypothetical protein
EKHJKCLP_02538	CDS	1008				IS110 family transposase ISCaa7
EKHJKCLP_02539	CDS	396				hypothetical protein
EKHJKCLP_02540	CDS	609	pinR	3.1.22.-	COG1961	Serine recombinase PinR
EKHJKCLP_02541	CDS	936				hypothetical protein
EKHJKCLP_02542	CDS	3810				hypothetical protein
EKHJKCLP_02543	CDS	120				hypothetical protein
EKHJKCLP_02544	CDS	294				hypothetical protein
EKHJKCLP_02545	CDS	1212	xerC_26			Tyrosine recombinase XerC
EKHJKCLP_02546	CDS	1230	xerC_27			Tyrosine recombinase XerC
EKHJKCLP_02547	CDS	144				hypothetical protein
EKHJKCLP_02548	CDS	192	xerC_28			Tyrosine recombinase XerC
EKHJKCLP_02549	CDS	1326	xerC_29			Tyrosine recombinase XerC
EKHJKCLP_02550	CDS	312				hypothetical protein
EKHJKCLP_02551	CDS	294				hypothetical protein
EKHJKCLP_02552	CDS	324				hypothetical protein
EKHJKCLP_02553	CDS	417				hypothetical protein
EKHJKCLP_02554	CDS	1308	atoC_2		COG2204	Regulatory protein AtoC
EKHJKCLP_02555	CDS	2256	rcsC_33	2.7.13.3		Sensor histidine kinase RcsC
EKHJKCLP_02556	CDS	630				hypothetical protein
EKHJKCLP_02557	CDS	702				hypothetical protein
EKHJKCLP_02558	CDS	498				hypothetical protein
EKHJKCLP_02559	CDS	1698				hypothetical protein
EKHJKCLP_02560	CDS	1683				hypothetical protein
EKHJKCLP_02561	CDS	1572				hypothetical protein
EKHJKCLP_02562	CDS	888	fim1C_2			Putative fimbrium subunit Fim1C
EKHJKCLP_02563	CDS	855				hypothetical protein
EKHJKCLP_02564	CDS	1095				hypothetical protein
EKHJKCLP_02565	CDS	1128				hypothetical protein
EKHJKCLP_02566	CDS	789				hypothetical protein
EKHJKCLP_02567	CDS	720				hypothetical protein
EKHJKCLP_02568	CDS	1089				hypothetical protein
EKHJKCLP_02569	CDS	222				hypothetical protein
EKHJKCLP_02570	CDS	963				hypothetical protein
EKHJKCLP_02571	CDS	237				hypothetical protein
EKHJKCLP_02572	CDS	2097	topB_6	5.6.2.1	COG0550	DNA topoisomerase 3
EKHJKCLP_02573	CDS	264				hypothetical protein
EKHJKCLP_02574	CDS	1767				hypothetical protein
EKHJKCLP_02575	CDS	804				hypothetical protein
EKHJKCLP_02576	CDS	795				hypothetical protein
EKHJKCLP_02577	CDS	2142				hypothetical protein
EKHJKCLP_02578	CDS	891				hypothetical protein
EKHJKCLP_02579	CDS	279				hypothetical protein
EKHJKCLP_02580	CDS	549				hypothetical protein
EKHJKCLP_02581	CDS	258				hypothetical protein
EKHJKCLP_02582	CDS	264				hypothetical protein
EKHJKCLP_02583	CDS	2028				hypothetical protein
EKHJKCLP_02584	CDS	1254				hypothetical protein
EKHJKCLP_02585	CDS	453				hypothetical protein
EKHJKCLP_02586	CDS	753				hypothetical protein
EKHJKCLP_02587	CDS	420				hypothetical protein
EKHJKCLP_02588	CDS	789				hypothetical protein
EKHJKCLP_02589	CDS	258				hypothetical protein
EKHJKCLP_02590	CDS	297				hypothetical protein
EKHJKCLP_02591	CDS	2397				hypothetical protein
EKHJKCLP_02592	CDS	1824	ltrA_3			Group II intron-encoded protein LtrA
EKHJKCLP_02593	CDS	1050				hypothetical protein
EKHJKCLP_02594	CDS	630				hypothetical protein
EKHJKCLP_02595	CDS	1005				hypothetical protein
EKHJKCLP_02596	CDS	624				hypothetical protein
EKHJKCLP_02597	CDS	306				hypothetical protein
EKHJKCLP_02598	CDS	1269				hypothetical protein
EKHJKCLP_02599	CDS	984				hypothetical protein
EKHJKCLP_02600	CDS	573				hypothetical protein
EKHJKCLP_02601	CDS	867	dnaG_3	2.7.7.101		DNA primase
EKHJKCLP_02602	CDS	507				hypothetical protein
EKHJKCLP_02603	CDS	153				hypothetical protein
EKHJKCLP_02604	CDS	1032	xerD_6			Tyrosine recombinase XerD
EKHJKCLP_02605	CDS	999	xerC_30			Tyrosine recombinase XerC
EKHJKCLP_02606	CDS	1233	xerC_31			Tyrosine recombinase XerC
EKHJKCLP_02607	CDS	237				hypothetical protein
EKHJKCLP_02608	CDS	927				hypothetical protein
EKHJKCLP_02609	CDS	291				hypothetical protein
EKHJKCLP_02610	CDS	345				hypothetical protein
EKHJKCLP_02611	CDS	714				hypothetical protein
EKHJKCLP_02612	CDS	702				hypothetical protein
EKHJKCLP_02613	CDS	1020				hypothetical protein
EKHJKCLP_02614	CDS	210				hypothetical protein
EKHJKCLP_02615	CDS	633				hypothetical protein
EKHJKCLP_02616	CDS	600				hypothetical protein
EKHJKCLP_02617	CDS	504				hypothetical protein
EKHJKCLP_02618	CDS	933				hypothetical protein
EKHJKCLP_02619	CDS	288				hypothetical protein
EKHJKCLP_02620	CDS	321				hypothetical protein
EKHJKCLP_02621	CDS	498				hypothetical protein
EKHJKCLP_02622	CDS	198				hypothetical protein
EKHJKCLP_02623	CDS	3003				hypothetical protein
EKHJKCLP_02624	CDS	939				hypothetical protein
EKHJKCLP_02625	CDS	828				hypothetical protein
EKHJKCLP_02626	CDS	681	aqpZ2		COG0580	Aquaporin Z 2
EKHJKCLP_02627	CDS	723				hypothetical protein
EKHJKCLP_02628	CDS	549	algU_4			RNA polymerase sigma-H factor
EKHJKCLP_02629	CDS	1263				hypothetical protein
EKHJKCLP_02630	CDS	255	axe7A	3.1.1.-	COG3458	Acetyl esterase Axe7A
EKHJKCLP_02631	CDS	699	pflA	1.97.1.4	COG1180	Pyruvate formate-lyase 1-activating enzyme
EKHJKCLP_02632	CDS	2229	pflB	2.3.1.54		Formate acetyltransferase
EKHJKCLP_02633	tRNA	86				tRNA-Ser(tga)
EKHJKCLP_02634	CDS	1971				hypothetical protein
EKHJKCLP_02635	CDS	1404				hypothetical protein
EKHJKCLP_02636	CDS	957				hypothetical protein
EKHJKCLP_02637	CDS	1083				hypothetical protein
EKHJKCLP_02638	CDS	267				hypothetical protein
EKHJKCLP_02639	CDS	1026				hypothetical protein
EKHJKCLP_02640	CDS	1290	yhcG_7	3.1.-.-	COG4804	Putative nuclease YhcG
EKHJKCLP_02641	CDS	1284				hypothetical protein
EKHJKCLP_02642	CDS	135				hypothetical protein
EKHJKCLP_02643	tRNA	89				tRNA-Ser(gga)
EKHJKCLP_02644	CDS	477	hndA	1.12.1.3		NADP-reducing hydrogenase subunit HndA
EKHJKCLP_02645	CDS	1767	hndD	1.12.1.3		NADP-reducing hydrogenase subunit HndD
EKHJKCLP_02646	CDS	1908	rsxB_1	7.-.-.-		Ion-translocating oxidoreductase complex subunit B
EKHJKCLP_02647	CDS	303				hypothetical protein
EKHJKCLP_02648	CDS	375				hypothetical protein
EKHJKCLP_02649	CDS	477				hypothetical protein
EKHJKCLP_02650	CDS	1290	paeA		COG1253	Polyamine export protein
EKHJKCLP_02651	CDS	783	loiP	3.4.24.-	COG0501	Metalloprotease LoiP
EKHJKCLP_02652	CDS	2379				hypothetical protein
EKHJKCLP_02653	CDS	477				hypothetical protein
EKHJKCLP_02654	CDS	819				hypothetical protein
EKHJKCLP_02655	CDS	1410				hypothetical protein
EKHJKCLP_02656	CDS	1065	mnmA_3	2.8.1.13		tRNA-specific 2-thiouridylase MnmA
EKHJKCLP_02657	CDS	660	narL		COG2197	putative transcriptional regulatory protein NarL
EKHJKCLP_02658	CDS	591				hypothetical protein
EKHJKCLP_02659	CDS	1428	nhaC		COG1757	Na(+)/H(+) antiporter NhaC
EKHJKCLP_02660	CDS	435				hypothetical protein
EKHJKCLP_02661	CDS	1176			COG2814	putative transporter
EKHJKCLP_02662	CDS	2376	pbpC		COG4953	Penicillin-binding protein 1C
EKHJKCLP_02663	CDS	5637				hypothetical protein
EKHJKCLP_02664	CDS	402	mip	5.2.1.8	COG0545	Outer membrane protein MIP
EKHJKCLP_02665	CDS	2556				hypothetical protein
EKHJKCLP_02666	CDS	144				hypothetical protein
EKHJKCLP_02667	CDS	144				hypothetical protein
EKHJKCLP_02668	CDS	1011				hypothetical protein
EKHJKCLP_02669	CDS	702				hypothetical protein
EKHJKCLP_02670	CDS	405				hypothetical protein
EKHJKCLP_02671	CDS	168				hypothetical protein
EKHJKCLP_02672	CDS	501				hypothetical protein
EKHJKCLP_02673	CDS	768				hypothetical protein
EKHJKCLP_02674	CDS	546				hypothetical protein
EKHJKCLP_02675	CDS	453	smpB		COG0691	SsrA-binding protein
EKHJKCLP_02676	CDS	2748	metH_1	2.1.1.13	COG0646	Methionine synthase
EKHJKCLP_02677	CDS	600	nfrA1	1.5.1.38	COG0778	FMN reductase (NADPH)
EKHJKCLP_02678	CDS	126				hypothetical protein
EKHJKCLP_02679	CDS	1551	putP		COG0591	High-affinity proline transporter PutP
EKHJKCLP_02680	CDS	1386	mltF_1	4.2.2.-		Membrane-bound lytic murein transglycosylase F
EKHJKCLP_02681	CDS	654	udk_2	2.7.1.48	COG0572	Uridine kinase
EKHJKCLP_02682	CDS	300				hypothetical protein
EKHJKCLP_02683	CDS	2055	dsbD_2	1.8.1.8		Thiol:disulfide interchange protein DsbD
EKHJKCLP_02684	CDS	1317	fucP_2		COG0738	L-fucose-proton symporter
EKHJKCLP_02685	CDS	393		5.1.3.29	COG3254	L-fucose mutarotase
EKHJKCLP_02686	CDS	1431	rhaB_2	2.7.1.5	COG1070	L-Rhamnulokinase
EKHJKCLP_02687	CDS	639	otnC	4.1.1.104	COG0235	3-oxo-tetronate 4-phosphate decarboxylase
EKHJKCLP_02688	CDS	1776	fucI	5.3.1.25	COG2407	L-fucose isomerase
EKHJKCLP_02689	CDS	996				hypothetical protein
EKHJKCLP_02690	CDS	552	rpsP			Small ribosomal subunit protein bS16
EKHJKCLP_02691	CDS	1302	mleN		COG1757	Malate-2H(+)/Na(+)-lactate antiporter
EKHJKCLP_02692	CDS	1071	mdtA_2			Multidrug resistance protein MdtA
EKHJKCLP_02693	CDS	3033	acrD_1		COG0841	putative aminoglycoside efflux pump
EKHJKCLP_02694	CDS	1311				hypothetical protein
EKHJKCLP_02695	CDS	1035				hypothetical protein
EKHJKCLP_02696	CDS	801	lytR_1		COG3279	Transcriptional regulatory protein LytR
EKHJKCLP_02697	CDS	3120	rcsC_34	2.7.13.3		Sensor histidine kinase RcsC
EKHJKCLP_02698	CDS	261	sasA_3	2.7.13.3		Adaptive-response sensory-kinase SasA
EKHJKCLP_02699	CDS	528			COG0693	Protein ppBat
EKHJKCLP_02700	CDS	348	yybR		COG1733	putative HTH-type transcriptional regulator YybR
EKHJKCLP_02701	CDS	123				hypothetical protein
EKHJKCLP_02702	CDS	444	yvbK	2.3.1.-	COG0456	putative N-acetyltransferase YvbK
EKHJKCLP_02703	CDS	657				hypothetical protein
EKHJKCLP_02704	CDS	1905				hypothetical protein
EKHJKCLP_02705	CDS	492				hypothetical protein
EKHJKCLP_02706	CDS	852	hisG	2.4.2.17		ATP phosphoribosyltransferase
EKHJKCLP_02707	CDS	1287	hisD	1.1.1.23	COG0141	Histidinol dehydrogenase
EKHJKCLP_02708	CDS	1041	hisC_2	2.6.1.9		Histidinol-phosphate aminotransferase
EKHJKCLP_02709	CDS	1131	hisB		COG0131	Histidine biosynthesis bifunctional protein HisB
EKHJKCLP_02710	CDS	567				hypothetical protein
EKHJKCLP_02711	CDS	1926	nadE	6.3.5.1	COG0171	Glutamine-dependent NAD(+) synthetase
EKHJKCLP_02712	CDS	384	perR		COG0735	Peroxide operon regulator
EKHJKCLP_02713	CDS	558	rbr3A	1.11.1.1	COG1592	Reverse rubrerythrin-1
EKHJKCLP_02714	CDS	636				hypothetical protein
EKHJKCLP_02715	CDS	1326				hypothetical protein
EKHJKCLP_02716	CDS	1866				hypothetical protein
EKHJKCLP_02717	CDS	3450			COG4771	TonB-dependent receptor P3
EKHJKCLP_02718	CDS	1212				hypothetical protein
EKHJKCLP_02719	CDS	618				hypothetical protein
EKHJKCLP_02720	CDS	1551		3.1.6.1	COG3119	Arylsulfatase
EKHJKCLP_02721	CDS	468				hypothetical protein
EKHJKCLP_02722	CDS	300				Thioredoxin C-2
EKHJKCLP_02723	CDS	1128				hypothetical protein
EKHJKCLP_02724	CDS	183				hypothetical protein
EKHJKCLP_02725	CDS	2163	dpp7_2	3.4.14.-	COG3591	Dipeptidyl-peptidase 7
EKHJKCLP_02726	CDS	2160	dpp7_3	3.4.14.-	COG3591	Dipeptidyl-peptidase 7
EKHJKCLP_02727	CDS	1245	chuR	1.1.98.7	COG0641	Serine-type anaerobic sulfatase-maturating enzyme
EKHJKCLP_02728	CDS	783				hypothetical protein
EKHJKCLP_02729	CDS	126				hypothetical protein
EKHJKCLP_02730	CDS	759	plsC	2.3.1.51	COG0204	1-acyl-sn-glycerol-3-phosphate acyltransferase
EKHJKCLP_02731	CDS	1248				hypothetical protein
EKHJKCLP_02732	CDS	2865				hypothetical protein
EKHJKCLP_02733	CDS	1167				hypothetical protein
EKHJKCLP_02734	CDS	576				hypothetical protein
EKHJKCLP_02735	CDS	513	ylaC		COG1595	RNA polymerase sigma factor YlaC
EKHJKCLP_02736	CDS	909	metH_2	2.1.1.13	COG0646	Methionine synthase
EKHJKCLP_02737	CDS	1338	pyrC	3.5.2.3	COG0044	Dihydroorotase
EKHJKCLP_02738	CDS	744	ppm1	2.4.1.-	COG0463	Polyprenol monophosphomannose synthase
EKHJKCLP_02739	CDS	3426	mfd	3.6.4.-		Transcription-repair-coupling factor
EKHJKCLP_02740	CDS	1860				hypothetical protein
EKHJKCLP_02741	CDS	222				hypothetical protein
EKHJKCLP_02742	CDS	321				hypothetical protein
EKHJKCLP_02743	CDS	2910				hypothetical protein
EKHJKCLP_02744	CDS	1992	nagB_2	3.5.99.6		Glucosamine-6-phosphate deaminase
EKHJKCLP_02745	CDS	777	yafV	3.5.1.3	COG0388	Omega-amidase YafV
EKHJKCLP_02746	CDS	555				hypothetical protein
EKHJKCLP_02747	CDS	270				hypothetical protein
EKHJKCLP_02748	CDS	864	xerC_32			Tyrosine recombinase XerC
EKHJKCLP_02749	CDS	1236	xerC_33			Tyrosine recombinase XerC
EKHJKCLP_02750	CDS	363				hypothetical protein
EKHJKCLP_02751	CDS	276				hypothetical protein
EKHJKCLP_02752	CDS	354				hypothetical protein
EKHJKCLP_02753	CDS	357				hypothetical protein
EKHJKCLP_02754	CDS	315				hypothetical protein
EKHJKCLP_02755	CDS	1569				hypothetical protein
EKHJKCLP_02756	CDS	2091	topB_7	5.6.2.1	COG0550	DNA topoisomerase 3
EKHJKCLP_02757	CDS	588				hypothetical protein
EKHJKCLP_02758	CDS	3801				hypothetical protein
EKHJKCLP_02759	CDS	1050	xerD_7			Tyrosine recombinase XerD
EKHJKCLP_02760	CDS	957	xerC_34			Tyrosine recombinase XerC
EKHJKCLP_02761	CDS	1212	xerC_35			Tyrosine recombinase XerC
EKHJKCLP_02762	CDS	2091				hypothetical protein
EKHJKCLP_02763	CDS	1926	tet(Q)			tetracycline resistance ribosomal protection protein Tet(Q)
EKHJKCLP_02764	CDS	2319	rcsC_35	2.7.13.3		Sensor histidine kinase RcsC
EKHJKCLP_02765	CDS	1323	zraR_6			Transcriptional regulatory protein ZraR
EKHJKCLP_02766	CDS	909				hypothetical protein
EKHJKCLP_02767	CDS	423				hypothetical protein
EKHJKCLP_02768	CDS	606				hypothetical protein
EKHJKCLP_02769	CDS	963				hypothetical protein
EKHJKCLP_02770	CDS	2010				hypothetical protein
EKHJKCLP_02771	CDS	1248				hypothetical protein
EKHJKCLP_02772	CDS	504				hypothetical protein
EKHJKCLP_02773	CDS	762				hypothetical protein
EKHJKCLP_02774	CDS	441				hypothetical protein
EKHJKCLP_02775	CDS	360				hypothetical protein
EKHJKCLP_02776	CDS	729				hypothetical protein
EKHJKCLP_02777	CDS	318				hypothetical protein
EKHJKCLP_02778	CDS	333				hypothetical protein
EKHJKCLP_02779	CDS	1365				hypothetical protein
EKHJKCLP_02780	CDS	795				hypothetical protein
EKHJKCLP_02781	CDS	381				hypothetical protein
EKHJKCLP_02782	CDS	630				hypothetical protein
EKHJKCLP_02783	CDS	1005				hypothetical protein
EKHJKCLP_02784	CDS	624				hypothetical protein
EKHJKCLP_02785	CDS	288				hypothetical protein
EKHJKCLP_02786	CDS	1347				hypothetical protein
EKHJKCLP_02787	CDS	987				hypothetical protein
EKHJKCLP_02788	CDS	576				hypothetical protein
EKHJKCLP_02789	CDS	870	dnaG_4	2.7.7.101		DNA primase
EKHJKCLP_02790	CDS	504				hypothetical protein
EKHJKCLP_02791	CDS	1233	xerC_36			Tyrosine recombinase XerC
EKHJKCLP_02792	CDS	999	xerC_37			Tyrosine recombinase XerC
EKHJKCLP_02793	CDS	1032	xerD_8			Tyrosine recombinase XerD
EKHJKCLP_02794	CDS	1488				hypothetical protein
EKHJKCLP_02795	CDS	309				hypothetical protein
EKHJKCLP_02796	CDS	246				hypothetical protein
EKHJKCLP_02797	CDS	231				hypothetical protein
EKHJKCLP_02798	CDS	198				hypothetical protein
EKHJKCLP_02799	CDS	258				hypothetical protein
EKHJKCLP_02800	CDS	1332				hypothetical protein
EKHJKCLP_02801	CDS	417				hypothetical protein
EKHJKCLP_02802	CDS	222				hypothetical protein
EKHJKCLP_02803	CDS	216				hypothetical protein
EKHJKCLP_02804	CDS	822				hypothetical protein
EKHJKCLP_02805	CDS	1218				hypothetical protein
EKHJKCLP_02806	CDS	1434				hypothetical protein
EKHJKCLP_02807	CDS	894	btuD_2	7.6.2.8		Vitamin B12 import ATP-binding protein BtuD
EKHJKCLP_02808	CDS	3318				hypothetical protein
EKHJKCLP_02809	CDS	1497				hypothetical protein
EKHJKCLP_02810	CDS	1062	mdtA_3		COG0845	Multidrug resistance protein MdtA
EKHJKCLP_02811	CDS	3111	swrC		COG0841	Swarming motility protein SwrC
EKHJKCLP_02812	CDS	4716	mdtC_1			Multidrug resistance protein MdtC
EKHJKCLP_02813	CDS	714				hypothetical protein
EKHJKCLP_02814	CDS	2220				hypothetical protein
EKHJKCLP_02815	CDS	1236	bepF_1			Efflux pump periplasmic linker BepF
EKHJKCLP_02816	CDS	3105	bepE_2			multidrug efflux RND transporter permease subunit BepE
EKHJKCLP_02817	CDS	1374	oprM_2			Outer membrane protein OprM
EKHJKCLP_02818	CDS	1647	pfp_2	2.7.1.90		Pyrophosphate--fructose 6-phosphate 1-phosphotransferase
EKHJKCLP_02819	CDS	894				hypothetical protein
EKHJKCLP_02820	CDS	1344	lpd	1.8.1.4	COG1249	Dihydrolipoyl dehydrogenase
EKHJKCLP_02821	CDS	723		6.3.1.20		Lipoate--protein ligase 1
EKHJKCLP_02822	CDS	1359	pdhC	2.3.1.12		Dihydrolipoyllysine-residue acetyltransferase component of pyruvate dehydrogenase complex
EKHJKCLP_02823	CDS	2034	dxs_2	2.2.1.7		1-deoxy-D-xylulose-5-phosphate synthase
EKHJKCLP_02824	CDS	507	isiB		COG0716	Flavodoxin
EKHJKCLP_02825	CDS	849	prmA	2.1.1.-		Ribosomal protein L11 methyltransferase
EKHJKCLP_02826	CDS	1353				hypothetical protein
EKHJKCLP_02827	CDS	1629				hypothetical protein
EKHJKCLP_02828	CDS	810				hypothetical protein
EKHJKCLP_02829	CDS	471	guaD	3.5.4.3	COG0590	Guanine deaminase
EKHJKCLP_02830	CDS	1026		1.-.-.-	COG0673	Oxidoreductase P35
EKHJKCLP_02831	CDS	837	mltF_2			Membrane-bound lytic murein transglycosylase F
EKHJKCLP_02832	CDS	2052				hypothetical protein
EKHJKCLP_02833	CDS	543				hypothetical protein
EKHJKCLP_02834	CDS	765	korB_2	1.2.7.3	COG1013	2-oxoglutarate oxidoreductase subunit KorB
EKHJKCLP_02835	CDS	177				hypothetical protein
EKHJKCLP_02836	CDS	1083	korA_2	1.2.7.3	COG0674	2-oxoglutarate oxidoreductase subunit KorA
EKHJKCLP_02837	CDS	228	rsxB_2	7.-.-.-		Ion-translocating oxidoreductase complex subunit B
EKHJKCLP_02838	CDS	282				hypothetical protein
EKHJKCLP_02839	CDS	480				hypothetical protein
EKHJKCLP_02840	CDS	435	rpiB	5.3.1.6	COG0698	Ribose-5-phosphate isomerase B
EKHJKCLP_02841	CDS	2010	tkt	2.2.1.1		Transketolase
EKHJKCLP_02842	CDS	1599	xylB_1	2.7.1.17		Xylulose kinase
EKHJKCLP_02843	CDS	1527	araA	5.3.1.4		L-arabinose isomerase
EKHJKCLP_02844	CDS	684	ulaF	5.1.3.4	COG0235	L-ribulose-5-phosphate 4-epimerase UlaF
EKHJKCLP_02845	CDS	678			COG1051	ADPR responsive transcriptional repressor NtrR
EKHJKCLP_02846	CDS	1695	sglT			Sodium/glucose cotransporter
EKHJKCLP_02847	CDS	210				hypothetical protein
EKHJKCLP_02848	CDS	1983		3.2.1.55		Extracellular exo-alpha-L-arabinofuranosidase
EKHJKCLP_02849	CDS	1155	galK_1	2.7.1.6	COG0153	Galactokinase
EKHJKCLP_02850	CDS	1311	fucP_3		COG0738	L-fucose-proton symporter
EKHJKCLP_02851	CDS	1098	mro_2	5.1.3.3		Aldose 1-epimerase
EKHJKCLP_02852	CDS	897	manA	5.3.1.8	COG1482	Mannose-6-phosphate isomerase ManA
EKHJKCLP_02853	CDS	258				hypothetical protein
EKHJKCLP_02854	CDS	363				hypothetical protein
EKHJKCLP_02855	CDS	210				hypothetical protein
EKHJKCLP_02856	CDS	774	sdh	1.1.1.276	COG4221	Serine 3-dehydrogenase
EKHJKCLP_02857	CDS	495				hypothetical protein
EKHJKCLP_02858	CDS	183				hypothetical protein
EKHJKCLP_02859	CDS	825	cysQ	3.1.3.7		3'(2'),5'-bisphosphate nucleotidase CysQ
EKHJKCLP_02860	CDS	1554				hypothetical protein
EKHJKCLP_02861	CDS	609	cysC	2.7.1.25	COG0529	Adenylyl-sulfate kinase
EKHJKCLP_02862	CDS	909	cysD	2.7.7.4	COG0175	Sulfate adenylyltransferase subunit 2
EKHJKCLP_02863	CDS	1461	cysN	2.7.7.4	COG2895	Sulfate adenylyltransferase subunit 1
EKHJKCLP_02864	CDS	1107	stf3	2.8.2.40	COG0446	Omega-hydroxy-beta-dihydromenaquinone-9 sulfotransferase Stf3
EKHJKCLP_02865	CDS	969				hypothetical protein
EKHJKCLP_02866	CDS	117				hypothetical protein
EKHJKCLP_02867	CDS	1143			COG2885	Outer membrane protein 41
EKHJKCLP_02868	CDS	417	yrrK	3.1.-.-	COG0816	Putative pre-16S rRNA nuclease
EKHJKCLP_02869	CDS	555	def	3.5.1.88	COG0242	Peptide deformylase
EKHJKCLP_02870	CDS	2007	lapB			Lipopolysaccharide assembly protein B
EKHJKCLP_02871	CDS	1941	thrS	6.1.1.3	COG0441	Threonine--tRNA ligase
EKHJKCLP_02872	CDS	603	infC			Translation initiation factor IF-3
EKHJKCLP_02873	CDS	198	rpmI		COG0291	Large ribosomal subunit protein bL35
EKHJKCLP_02874	CDS	351	rplT			Large ribosomal subunit protein bL20
EKHJKCLP_02875	CDS	777	rsxB_3	7.-.-.-		Ion-translocating oxidoreductase complex subunit B
EKHJKCLP_02876	CDS	573	xpt	2.4.2.22	COG0503	Xanthine phosphoribosyltransferase
EKHJKCLP_02877	CDS	1308		6.2.1.30	COG1541	Phenylacetate-coenzyme A ligase
EKHJKCLP_02878	CDS	582				hypothetical protein
EKHJKCLP_02879	CDS	1593				hypothetical protein
EKHJKCLP_02880	CDS	1032	mltG	4.2.2.29	COG1559	Endolytic murein transglycosylase
EKHJKCLP_02881	CDS	876	nucA	3.1.30.-		Nuclease
EKHJKCLP_02882	tRNA	74				tRNA-Thr(cgt)
EKHJKCLP_02883	CDS	1209	nagC		COG1846	DNA-binding transcriptional dual regulator NagC
EKHJKCLP_02884	CDS	447	nanQ		COG2731	N-acetylneuraminate anomerase
EKHJKCLP_02885	CDS	1242	mdtG			Multidrug resistance protein MdtG
EKHJKCLP_02886	CDS	918	nanA_1	4.1.3.3	COG0329	N-acetylneuraminate lyase
EKHJKCLP_02887	CDS	1176	ce-ne1	5.1.3.11		Cellobiose 2-epimerase
EKHJKCLP_02888	CDS	3327				hypothetical protein
EKHJKCLP_02889	CDS	1587				hypothetical protein
EKHJKCLP_02890	CDS	1683				hypothetical protein
EKHJKCLP_02891	CDS	2019				hypothetical protein
EKHJKCLP_02892	CDS	666				hypothetical protein
EKHJKCLP_02893	CDS	3159	nanM_1	5.1.3.24		N-acetylneuraminate epimerase
EKHJKCLP_02894	CDS	2613	csxA	3.2.1.165	COG3250	Exo-beta-D-glucosaminidase
EKHJKCLP_02895	CDS	2325				hypothetical protein
EKHJKCLP_02896	CDS	2073				hypothetical protein
EKHJKCLP_02897	CDS	2751			COG4771	TonB-dependent receptor P3
EKHJKCLP_02898	CDS	1632				hypothetical protein
EKHJKCLP_02899	CDS	1176	dnaJ		COG0484	Chaperone protein DnaJ
EKHJKCLP_02900	CDS	582	grpE			Protein GrpE
EKHJKCLP_02901	CDS	147				hypothetical protein
EKHJKCLP_02902	CDS	1620	ybiT_1		COG0488	putative ATP-binding protein YbiT
EKHJKCLP_02903	CDS	1050				hypothetical protein
EKHJKCLP_02904	CDS	897				hypothetical protein
EKHJKCLP_02905	CDS	2133	yhgF		COG2183	Protein YhgF
EKHJKCLP_02906	CDS	1926	rcsC_36	2.7.13.3		Sensor histidine kinase RcsC
EKHJKCLP_02907	CDS	1746	yfkN_2		COG0737	Trifunctional nucleotide phosphoesterase protein YfkN
EKHJKCLP_02908	CDS	903	rhaR_3			HTH-type transcriptional activator RhaR
EKHJKCLP_02909	CDS	585				hypothetical protein
EKHJKCLP_02910	CDS	735				hypothetical protein
EKHJKCLP_02911	tRNA	73				tRNA-Glu(ctc)
EKHJKCLP_02912	tRNA	88				tRNA-Ser(gct)
EKHJKCLP_02913	CDS	96				hypothetical protein
EKHJKCLP_02914	CDS	324				hypothetical protein
EKHJKCLP_02915	CDS	609	viaA			Regulatory protein ViaA
EKHJKCLP_02916	CDS	585				hypothetical protein
EKHJKCLP_02917	CDS	447				hypothetical protein
EKHJKCLP_02918	CDS	1665	aspT_1			Aspartate/alanine antiporter
EKHJKCLP_02919	CDS	1995	fbp	3.1.3.11	COG3855	Fructose-1,6-bisphosphatase class 3
EKHJKCLP_02920	CDS	1149				hypothetical protein
EKHJKCLP_02921	CDS	1659	lcfB	6.2.1.3	COG0318	Long-chain-fatty-acid--CoA ligase
EKHJKCLP_02922	CDS	1071	fcl	1.1.1.271	COG0451	GDP-L-fucose synthase
EKHJKCLP_02923	CDS	1071	gmd	4.2.1.47	COG1089	GDP-mannose 4,6-dehydratase
EKHJKCLP_02924	CDS	1179	sstT		COG3633	Serine/threonine transporter SstT
EKHJKCLP_02925	CDS	1476	gnd	1.1.1.44		6-phosphogluconate dehydrogenase, decarboxylating
EKHJKCLP_02926	CDS	1497	zwf	1.1.1.49	COG0364	Glucose-6-phosphate 1-dehydrogenase
EKHJKCLP_02927	CDS	732	nagB_3	3.5.99.6		Glucosamine-6-phosphate deaminase
EKHJKCLP_02928	CDS	231				hypothetical protein
EKHJKCLP_02929	CDS	234				hypothetical protein
EKHJKCLP_02930	CDS	699	btsR		COG3279	Transcriptional regulatory protein BtsR
EKHJKCLP_02931	CDS	1056				hypothetical protein
EKHJKCLP_02932	CDS	1221	macB_3	7.6.2.-		Macrolide export ATP-binding/permease protein MacB
EKHJKCLP_02933	CDS	744	yknY_3	7.6.2.-	COG1136	putative ABC transporter ATP-binding protein YknY
EKHJKCLP_02934	CDS	1221	pvdR		COG0845	Pyoverdine export membrane fusion protein PvdR
EKHJKCLP_02935	CDS	1398				hypothetical protein
EKHJKCLP_02936	CDS	237				hypothetical protein
EKHJKCLP_02937	CDS	1548	cydA	7.1.1.7	COG1271	Cytochrome bd-I ubiquinol oxidase subunit 1
EKHJKCLP_02938	CDS	1143	cydB	7.1.1.7	COG1294	Cytochrome bd-I ubiquinol oxidase subunit 2
EKHJKCLP_02939	CDS	957	hpr	1.1.1.81	COG1052	Hydroxypyruvate reductase
EKHJKCLP_02940	CDS	1272	rarA		COG2256	Replication-associated recombination protein A
EKHJKCLP_02941	CDS	2577				hypothetical protein
EKHJKCLP_02942	CDS	1086	wbpI_1	5.1.3.23		UDP-2,3-diacetamido-2,3-dideoxy-D-glucuronate 2-epimerase
EKHJKCLP_02943	CDS	642				hypothetical protein
EKHJKCLP_02944	CDS	495				hypothetical protein
EKHJKCLP_02945	CDS	963	htpX_2	3.4.24.-		Protease HtpX
EKHJKCLP_02946	CDS	561	lemA_2		COG1704	Protein LemA
EKHJKCLP_02947	CDS	504	ecfG_2			ECF RNA polymerase sigma factor EcfG
EKHJKCLP_02948	CDS	738	mtgA_2	2.4.99.28	COG0744	Biosynthetic peptidoglycan transglycosylase
EKHJKCLP_02949	CDS	717	yiaD		COG2885	putative lipoprotein YiaD
EKHJKCLP_02950	CDS	1356	mepA_2			Multidrug export protein MepA
EKHJKCLP_02951	CDS	1386	axeA1	3.1.1.72	COG0657	Acetylxylan esterase
EKHJKCLP_02952	CDS	1902	rcsC_37	2.7.13.3		Sensor histidine kinase RcsC
EKHJKCLP_02953	CDS	276				hypothetical protein
EKHJKCLP_02954	tRNA	74				tRNA-Lys(ttt)
EKHJKCLP_02955	CDS	1692	ettA_1	3.6.1.-	COG0488	Energy-dependent translational throttle protein EttA
EKHJKCLP_02956	CDS	3282				hypothetical protein
EKHJKCLP_02957	CDS	1101				hypothetical protein
EKHJKCLP_02958	CDS	2709	rcsC_38	2.7.13.3		Sensor histidine kinase RcsC
EKHJKCLP_02959	CDS	1215				hypothetical protein
EKHJKCLP_02960	CDS	780				hypothetical protein
EKHJKCLP_02961	CDS	858				hypothetical protein
EKHJKCLP_02962	CDS	1158	gtfA_1	2.4.1.-		UDP-N-acetylglucosamine--peptide N-acetylglucosaminyltransferase GtfA subunit
EKHJKCLP_02963	CDS	1131				hypothetical protein
EKHJKCLP_02964	CDS	1455	tuaB		COG2244	Teichuronic acid biosynthesis protein TuaB
EKHJKCLP_02965	CDS	1206	gtfA_2	2.4.1.-		UDP-N-acetylglucosamine--peptide N-acetylglucosaminyltransferase GtfA subunit
EKHJKCLP_02966	CDS	1128				hypothetical protein
EKHJKCLP_02967	CDS	333				hypothetical protein
EKHJKCLP_02968	CDS	111				hypothetical protein
EKHJKCLP_02969	CDS	1086				hypothetical protein
EKHJKCLP_02970	CDS	531				hypothetical protein
EKHJKCLP_02971	CDS	102				hypothetical protein
EKHJKCLP_02972	CDS	444				hypothetical protein
EKHJKCLP_02973	CDS	1110	mshA_5	2.4.1.250		D-inositol-3-phosphate glycosyltransferase
EKHJKCLP_02974	CDS	1161				hypothetical protein
EKHJKCLP_02975	CDS	909				hypothetical protein
EKHJKCLP_02976	CDS	1311				hypothetical protein
EKHJKCLP_02977	CDS	2223				hypothetical protein
EKHJKCLP_02978	CDS	705				hypothetical protein
EKHJKCLP_02979	CDS	1236				hypothetical protein
EKHJKCLP_02980	CDS	135				hypothetical protein
EKHJKCLP_02981	CDS	1401	pepE	3.4.22.-	COG3579	Aminopeptidase E
EKHJKCLP_02982	CDS	1470	nqrA	7.2.1.1	COG1726	Na(+)-translocating NADH-quinone reductase subunit A
EKHJKCLP_02983	CDS	1173	nqrB	7.2.1.1	COG1805	Na(+)-translocating NADH-quinone reductase subunit B
EKHJKCLP_02984	CDS	675	nqrC	7.2.1.1	COG2869	Na(+)-translocating NADH-quinone reductase subunit C
EKHJKCLP_02985	CDS	642	nqrD	7.2.1.1	COG1347	Na(+)-translocating NADH-quinone reductase subunit D
EKHJKCLP_02986	CDS	627	nqrE	7.2.1.1	COG2209	Na(+)-translocating NADH-quinone reductase subunit E
EKHJKCLP_02987	CDS	1275	nqrF	7.2.1.1		Na(+)-translocating NADH-quinone reductase subunit F
EKHJKCLP_02988	CDS	180				hypothetical protein
EKHJKCLP_02989	CDS	1335	dbpA	3.6.4.13	COG0513	ATP-dependent RNA helicase DbpA
EKHJKCLP_02990	CDS	1068	serC	2.6.1.52	COG1932	Phosphoserine aminotransferase
EKHJKCLP_02991	CDS	921		1.1.1.81	COG1052	Hydroxypyruvate reductase
EKHJKCLP_02992	CDS	1248				hypothetical protein
EKHJKCLP_02993	CDS	609	yigZ		COG1739	IMPACT family member YigZ
EKHJKCLP_02994	CDS	804				hypothetical protein
EKHJKCLP_02995	CDS	1086				hypothetical protein
EKHJKCLP_02996	CDS	570	frp	1.5.1.38		NADPH-flavin oxidoreductase
EKHJKCLP_02997	CDS	2850	gcvP	1.4.4.2	COG0403	Glycine dehydrogenase (decarboxylating)
EKHJKCLP_02998	CDS	639	gloC	3.1.2.6	COG0491	Hydroxyacylglutathione hydrolase GloC
EKHJKCLP_02999	CDS	621	rsmG	2.1.1.-	COG0357	Ribosomal RNA small subunit methyltransferase G
EKHJKCLP_03000	CDS	849				hypothetical protein
EKHJKCLP_03001	CDS	468				hypothetical protein
EKHJKCLP_03002	CDS	2211				hypothetical protein
EKHJKCLP_03003	CDS	324				hypothetical protein
EKHJKCLP_03004	CDS	2208	pacS	7.2.2.8	COG2217	putative copper-transporting ATPase PacS
EKHJKCLP_03005	CDS	840	rhaS_2			HTH-type transcriptional activator RhaS
EKHJKCLP_03006	CDS	684	lipB	2.3.1.181	COG0321	Octanoyltransferase
EKHJKCLP_03007	CDS	939				hypothetical protein
EKHJKCLP_03008	CDS	780				hypothetical protein
EKHJKCLP_03009	CDS	1989				hypothetical protein
EKHJKCLP_03010	CDS	396				hypothetical protein
EKHJKCLP_03011	CDS	600				hypothetical protein
EKHJKCLP_03012	CDS	606	engB		COG0218	putative GTP-binding protein EngB
EKHJKCLP_03013	CDS	1455	siaT_2		COG0591	Sodium/sialic acid symporter SiaT
EKHJKCLP_03014	CDS	618	recR		COG0353	Recombination protein RecR
EKHJKCLP_03015	CDS	450				hypothetical protein
EKHJKCLP_03016	CDS	546	speG	2.3.1.57	COG1670	Spermidine N(1)-acetyltransferase
EKHJKCLP_03017	CDS	624				hypothetical protein
EKHJKCLP_03018	CDS	1317	dapL_2	2.6.1.83		LL-diaminopimelate aminotransferase
EKHJKCLP_03019	tRNA	75				tRNA-Asp(gtc)
EKHJKCLP_03020	CDS	1005	fabH_3	2.3.1.180	COG0332	Beta-ketoacyl-[acyl-carrier-protein] synthase III
EKHJKCLP_03021	CDS	1047	rfbM_2	2.7.7.13		Mannose-1-phosphate guanylyltransferase RfbM
EKHJKCLP_03022	CDS	900	rhaR_4			HTH-type transcriptional activator RhaR
EKHJKCLP_03023	CDS	1260				hypothetical protein
EKHJKCLP_03024	CDS	891				hypothetical protein
EKHJKCLP_03025	CDS	1470	rbbA		COG0842	Ribosome-associated ATPase
EKHJKCLP_03026	CDS	1107	ybhS		COG0842	putative multidrug ABC transporter permease YbhS
EKHJKCLP_03027	CDS	1116	ybhR		COG0842	putative multidrug ABC transporter permease YbhR
EKHJKCLP_03028	CDS	468				hypothetical protein
EKHJKCLP_03029	CDS	639				hypothetical protein
EKHJKCLP_03030	CDS	675				hypothetical protein
EKHJKCLP_03031	CDS	2034	uvrB_1		COG0556	UvrABC system protein B
EKHJKCLP_03032	CDS	1299		6.2.1.30	COG1541	Phenylacetate-coenzyme A ligase
EKHJKCLP_03033	CDS	426				hypothetical protein
EKHJKCLP_03034	CDS	804	bamD			Outer membrane protein assembly factor BamD
EKHJKCLP_03035	CDS	336				hypothetical protein
EKHJKCLP_03036	CDS	444				hypothetical protein
EKHJKCLP_03037	CDS	723				hypothetical protein
EKHJKCLP_03038	CDS	1761				hypothetical protein
EKHJKCLP_03039	CDS	2826	uvrA_1			UvrABC system protein A
EKHJKCLP_03040	CDS	480	ybaK	4.2.-.-	COG2606	Cys-tRNA(Pro)/Cys-tRNA(Cys) deacylase YbaK
EKHJKCLP_03041	CDS	1665				Peptide transporter YePEPT
EKHJKCLP_03042	CDS	528	rimI	2.3.1.266		[Ribosomal protein bS18]-alanine N-acetyltransferase
EKHJKCLP_03043	CDS	327				hypothetical protein
EKHJKCLP_03044	CDS	1098				hypothetical protein
EKHJKCLP_03045	CDS	1104				hypothetical protein
EKHJKCLP_03046	CDS	507				hypothetical protein
EKHJKCLP_03047	CDS	2103	dpp5	3.4.14.-	COG0823	Dipeptidyl-peptidase 5
EKHJKCLP_03048	CDS	1332	bexA			multidrug efflux MATE transporter BexA
EKHJKCLP_03049	CDS	1854	yidC			Membrane protein insertase YidC
EKHJKCLP_03050	CDS	1611	pyrG	6.3.4.2	COG0504	CTP synthase
EKHJKCLP_03051	CDS	1515				hypothetical protein
EKHJKCLP_03052	CDS	585				hypothetical protein
EKHJKCLP_03053	CDS	1416				hypothetical protein
EKHJKCLP_03054	CDS	1800				hypothetical protein
EKHJKCLP_03055	CDS	1062				hypothetical protein
EKHJKCLP_03056	CDS	1164				hypothetical protein
EKHJKCLP_03057	CDS	3288				hypothetical protein
EKHJKCLP_03058	CDS	567	rfaH_1			Transcription antitermination protein RfaH
EKHJKCLP_03059	CDS	2412				hypothetical protein
EKHJKCLP_03060	CDS	1122				hypothetical protein
EKHJKCLP_03061	CDS	1410	wcaJ_1	2.7.8.31	COG2148	UDP-glucose:undecaprenyl-phosphate glucose-1-phosphate transferase
EKHJKCLP_03062	CDS	1602	kdsB_1	2.7.7.38		8-amino-3,8-dideoxy-manno-octulosonate cytidylyltransferase
EKHJKCLP_03063	CDS	1038	neuB	2.5.1.101	COG2089	N,N'-diacetyllegionaminic acid synthase
EKHJKCLP_03064	CDS	1218				hypothetical protein
EKHJKCLP_03065	CDS	957				hypothetical protein
EKHJKCLP_03066	CDS	879				hypothetical protein
EKHJKCLP_03067	CDS	1131				hypothetical protein
EKHJKCLP_03068	CDS	1032				hypothetical protein
EKHJKCLP_03069	CDS	1002	epsJ	2.4.-.-	COG1216	putative glycosyltransferase EpsJ
EKHJKCLP_03070	CDS	1074				hypothetical protein
EKHJKCLP_03071	CDS	105				hypothetical protein
EKHJKCLP_03072	CDS	1122	mshA_6	2.4.1.250		D-inositol-3-phosphate glycosyltransferase
EKHJKCLP_03073	CDS	969	gnu_1	5.1.3.26	COG0451	N-acetyl-alpha-D-glucosaminyl-diphospho-ditrans,octacis-undecaprenol 4-epimerase
EKHJKCLP_03074	CDS	414				hypothetical protein
EKHJKCLP_03075	CDS	108				hypothetical protein
EKHJKCLP_03076	CDS	483				hypothetical protein
EKHJKCLP_03077	CDS	219				hypothetical protein
EKHJKCLP_03078	CDS	1836				hypothetical protein
EKHJKCLP_03079	CDS	651				hypothetical protein
EKHJKCLP_03080	CDS	144				hypothetical protein
EKHJKCLP_03081	CDS	159				hypothetical protein
EKHJKCLP_03082	CDS	426				hypothetical protein
EKHJKCLP_03083	CDS	903	rnfB	7.2.1.2	COG1245	Na(+)-translocating ferredoxin:NAD(+) oxidoreductase complex subunit B
EKHJKCLP_03084	CDS	1338	rnfC	7.1.1.-	COG4656	Proton-translocating ferredoxin:NAD(+) oxidoreductase complex subunit C
EKHJKCLP_03085	CDS	993	rnfD	7.2.1.2	COG4658	Na(+)-translocating ferredoxin:NAD(+) oxidoreductase complex subunit D
EKHJKCLP_03086	CDS	738	rsxG	7.-.-.-		Ion-translocating oxidoreductase complex subunit G
EKHJKCLP_03087	CDS	585	rnfE	7.2.1.2	COG4660	Na(+)-translocating ferredoxin:NAD(+) oxidoreductase complex subunit E
EKHJKCLP_03088	CDS	573	rnfA	7.2.1.2	COG4657	Na(+)-translocating ferredoxin:NAD(+) oxidoreductase complex subunit A
EKHJKCLP_03089	CDS	1035	galE	5.1.3.2	COG1087	UDP-glucose 4-epimerase
EKHJKCLP_03090	CDS	831	ispE	2.7.1.148	COG1947	4-diphosphocytidyl-2-C-methyl-D-erythritol kinase
EKHJKCLP_03091	CDS	1569	dnaC_1	5.6.2.3	COG0305	Replicative DNA helicase DnaC
EKHJKCLP_03092	CDS	2463	pheT	6.1.1.20	COG0072	Phenylalanine--tRNA ligase beta subunit
EKHJKCLP_03093	CDS	741			COG0217	putative transcriptional regulatory protein
EKHJKCLP_03094	CDS	246				hypothetical protein
EKHJKCLP_03095	CDS	1254	mntH		COG1914	Divalent metal cation transporter MntH
EKHJKCLP_03096	CDS	774	exoA	3.1.11.2	COG0708	Exodeoxyribonuclease
EKHJKCLP_03097	CDS	462				hypothetical protein
EKHJKCLP_03098	CDS	201				hypothetical protein
EKHJKCLP_03099	CDS	1782	lepA_2	3.6.5.-		Elongation factor 4
EKHJKCLP_03100	CDS	1179				hypothetical protein
EKHJKCLP_03101	CDS	369	mecI			Methicillin resistance regulatory protein MecI
EKHJKCLP_03102	CDS	1674				hypothetical protein
EKHJKCLP_03103	CDS	1233				hypothetical protein
EKHJKCLP_03104	CDS	855	map_2	3.4.11.18	COG0024	Methionine aminopeptidase
EKHJKCLP_03105	CDS	1635				hypothetical protein
EKHJKCLP_03106	CDS	399				hypothetical protein
EKHJKCLP_03107	CDS	921	rluD_3	5.4.99.23	COG0564	Ribosomal large subunit pseudouridine synthase D
EKHJKCLP_03108	CDS	1389	rlmCD	2.1.1.189	COG2265	23S rRNA (uracil-C(5))-methyltransferase RlmCD
EKHJKCLP_03109	CDS	2721	ppdK	2.7.9.1	COG0574	Pyruvate, phosphate dikinase
EKHJKCLP_03110	CDS	1497				hypothetical protein
EKHJKCLP_03111	CDS	210				hypothetical protein
EKHJKCLP_03112	CDS	399				hypothetical protein
EKHJKCLP_03113	CDS	1560				hypothetical protein
EKHJKCLP_03114	CDS	786				hypothetical protein
EKHJKCLP_03115	CDS	429				hypothetical protein
EKHJKCLP_03116	CDS	597				hypothetical protein
EKHJKCLP_03117	CDS	411				hypothetical protein
EKHJKCLP_03118	CDS	369				hypothetical protein
EKHJKCLP_03119	CDS	291				hypothetical protein
EKHJKCLP_03120	CDS	2835				hypothetical protein
EKHJKCLP_03121	CDS	756				hypothetical protein
EKHJKCLP_03122	CDS	693				hypothetical protein
EKHJKCLP_03123	CDS	687				hypothetical protein
EKHJKCLP_03124	CDS	1128				hypothetical protein
EKHJKCLP_03125	CDS	597				hypothetical protein
EKHJKCLP_03126	CDS	480				hypothetical protein
EKHJKCLP_03127	CDS	1176				hypothetical protein
EKHJKCLP_03128	CDS	891				hypothetical protein
EKHJKCLP_03129	CDS	465				hypothetical protein
EKHJKCLP_03130	CDS	2310				hypothetical protein
EKHJKCLP_03131	CDS	714				hypothetical protein
EKHJKCLP_03132	CDS	648				hypothetical protein
EKHJKCLP_03133	CDS	1125				hypothetical protein
EKHJKCLP_03134	CDS	204				hypothetical protein
EKHJKCLP_03135	CDS	627				hypothetical protein
EKHJKCLP_03136	CDS	780				hypothetical protein
EKHJKCLP_03137	CDS	1287	mutS_5			DNA mismatch repair protein MutS
EKHJKCLP_03138	CDS	231				hypothetical protein
EKHJKCLP_03139	CDS	1323				hypothetical protein
EKHJKCLP_03140	CDS	1185				hypothetical protein
EKHJKCLP_03141	CDS	717				hypothetical protein
EKHJKCLP_03142	CDS	546				hypothetical protein
EKHJKCLP_03143	CDS	543				hypothetical protein
EKHJKCLP_03144	CDS	243				hypothetical protein
EKHJKCLP_03145	CDS	423				hypothetical protein
EKHJKCLP_03146	CDS	1275				hypothetical protein
EKHJKCLP_03147	CDS	765			COG1192	putative protein
EKHJKCLP_03148	CDS	447				hypothetical protein
EKHJKCLP_03149	CDS	2703	recD_1	5.6.2.3		RecBCD enzyme subunit RecD
EKHJKCLP_03150	CDS	2952	uvrB_2			UvrABC system protein B
EKHJKCLP_03151	CDS	3063				hypothetical protein
EKHJKCLP_03152	CDS	1008				hypothetical protein
EKHJKCLP_03153	CDS	1914				hypothetical protein
EKHJKCLP_03154	CDS	678				hypothetical protein
EKHJKCLP_03155	CDS	3258	rapA_2	3.6.4.-		RNA polymerase-associated protein RapA
EKHJKCLP_03156	CDS	210				hypothetical protein
EKHJKCLP_03157	CDS	195				hypothetical protein
EKHJKCLP_03158	CDS	309				hypothetical protein
EKHJKCLP_03159	CDS	174				hypothetical protein
EKHJKCLP_03160	CDS	336				hypothetical protein
EKHJKCLP_03161	CDS	606				hypothetical protein
EKHJKCLP_03162	CDS	408				hypothetical protein
EKHJKCLP_03163	CDS	3192				hypothetical protein
EKHJKCLP_03164	CDS	246				hypothetical protein
EKHJKCLP_03165	CDS	564				hypothetical protein
EKHJKCLP_03166	CDS	501				hypothetical protein
EKHJKCLP_03167	CDS	624				hypothetical protein
EKHJKCLP_03168	CDS	876				hypothetical protein
EKHJKCLP_03169	CDS	975				hypothetical protein
EKHJKCLP_03170	CDS	3255	dnaG_5	2.7.7.101		DNA primase
EKHJKCLP_03171	CDS	204				hypothetical protein
EKHJKCLP_03172	CDS	318				hypothetical protein
EKHJKCLP_03173	CDS	192				hypothetical protein
EKHJKCLP_03174	CDS	453				hypothetical protein
EKHJKCLP_03175	CDS	516				hypothetical protein
EKHJKCLP_03176	CDS	105				hypothetical protein
EKHJKCLP_03177	CDS	564				hypothetical protein
EKHJKCLP_03178	CDS	609	thiE_1	2.5.1.3		Thiamine-phosphate synthase
EKHJKCLP_03179	CDS	693	ttuC	2.7.7.80	COG0476	Sulfur carrier protein adenylyltransferase
EKHJKCLP_03180	CDS	1125	thiH	4.1.99.19	COG0502	2-iminoacetate synthase
EKHJKCLP_03181	CDS	1689	thiC	4.1.99.17		Phosphomethylpyrimidine synthase
EKHJKCLP_03182	CDS	777	thiG	2.8.1.10	COG2022	Thiazole synthase
EKHJKCLP_03183	CDS	618	thiE_2	2.5.1.3	COG0352	Thiamine-phosphate synthase
EKHJKCLP_03184	CDS	201				hypothetical protein
EKHJKCLP_03185	CDS	1983	rcsC_39	2.7.13.3		Sensor histidine kinase RcsC
EKHJKCLP_03186	CDS	618	sodB	1.15.1.1		Superoxide dismutase [Fe]
EKHJKCLP_03187	CDS	1740				hypothetical protein
EKHJKCLP_03188	CDS	2373	pcrA	5.6.2.4		ATP-dependent DNA helicase PcrA
EKHJKCLP_03189	CDS	687				hypothetical protein
EKHJKCLP_03190	CDS	1209				hypothetical protein
EKHJKCLP_03191	CDS	1215				hypothetical protein
EKHJKCLP_03192	CDS	1140				hypothetical protein
EKHJKCLP_03193	CDS	1035				hypothetical protein
EKHJKCLP_03194	CDS	108				hypothetical protein
EKHJKCLP_03195	CDS	390				hypothetical protein
EKHJKCLP_03196	CDS	1182				hypothetical protein
EKHJKCLP_03197	CDS	612				hypothetical protein
EKHJKCLP_03198	CDS	264				hypothetical protein
EKHJKCLP_03199	CDS	1944				hypothetical protein
EKHJKCLP_03200	CDS	297				hypothetical protein
EKHJKCLP_03201	CDS	969				hypothetical protein
EKHJKCLP_03202	CDS	165				hypothetical protein
EKHJKCLP_03203	CDS	867				hypothetical protein
EKHJKCLP_03204	CDS	1647				hypothetical protein
EKHJKCLP_03205	CDS	885				hypothetical protein
EKHJKCLP_03206	CDS	1266				hypothetical protein
EKHJKCLP_03207	CDS	324				hypothetical protein
EKHJKCLP_03208	CDS	1101				hypothetical protein
EKHJKCLP_03209	CDS	3087	mdtC_2			Multidrug resistance protein MdtC
EKHJKCLP_03210	CDS	1560				hypothetical protein
EKHJKCLP_03211	CDS	126				hypothetical protein
EKHJKCLP_03212	CDS	3246	acrD_2		COG0841	putative aminoglycoside efflux pump
EKHJKCLP_03213	CDS	558	ywrO	1.6.99.-	COG2249	General stress protein 14
EKHJKCLP_03214	CDS	1140		4.1.1.127	COG0019	Carboxyaminopropylagmatine decarboxylase
EKHJKCLP_03215	tRNA	74				tRNA-Gly(gcc)
EKHJKCLP_03216	tRNA	83				tRNA-Leu(cag)
EKHJKCLP_03217	tRNA	85				tRNA-Leu(gag)
EKHJKCLP_03218	tRNA	74				tRNA-Gly(gcc)
EKHJKCLP_03219	tRNA	85				tRNA-Leu(cag)
EKHJKCLP_03220	tRNA	76				tRNA-Gly(gcc)
EKHJKCLP_03221	CDS	1167	nagA_1	3.5.1.25	COG1820	N-acetylglucosamine-6-phosphate deacetylase
EKHJKCLP_03222	CDS	1173	nagA_2	3.5.1.25	COG1820	N-acetylglucosamine-6-phosphate deacetylase
EKHJKCLP_03223	CDS	2010	susB_2	3.2.1.3	COG1082	Glucan 1,4-alpha-glucosidase SusB
EKHJKCLP_03224	CDS	1665	fadD3_2	6.2.1.41	COG0318	3-[(3aS,4S,7aS)-7a-methyl-1,5-dioxo-octahydro-1H-inden-4-yl]propanoyl:CoA ligase
EKHJKCLP_03225	CDS	1467	nhaP2		COG3263	K(+)/H(+) antiporter NhaP2
EKHJKCLP_03226	CDS	1185	pyrP		COG2233	Uracil permease
EKHJKCLP_03227	CDS	1632	hcp	1.7.99.1	COG1151	Hydroxylamine reductase
EKHJKCLP_03228	CDS	669	anr		COG0664	Transcriptional activator protein Anr
EKHJKCLP_03229	CDS	1317	sasA_4	2.7.13.3		Adaptive-response sensory-kinase SasA
EKHJKCLP_03230	CDS	1344	zraR_7			Transcriptional regulatory protein ZraR
EKHJKCLP_03231	CDS	780	ycsE_2	3.1.3.104	COG0561	5-amino-6-(5-phospho-D-ribitylamino)uracil phosphatase YcsE
EKHJKCLP_03232	CDS	810				hypothetical protein
EKHJKCLP_03233	CDS	804				hypothetical protein
EKHJKCLP_03234	CDS	2283				hypothetical protein
EKHJKCLP_03235	CDS	675	yknY_4	7.6.2.-	COG1136	putative ABC transporter ATP-binding protein YknY
EKHJKCLP_03236	CDS	2325				hypothetical protein
EKHJKCLP_03237	CDS	1359	mepA_3			Multidrug export protein MepA
EKHJKCLP_03238	CDS	648	cbbY	3.1.3.-		Protein CbbY
EKHJKCLP_03239	CDS	822	panB	2.1.2.11	COG0413	3-methyl-2-oxobutanoate hydroxymethyltransferase
EKHJKCLP_03240	CDS	1158				hypothetical protein
EKHJKCLP_03241	CDS	2217	relA	2.7.6.5	COG0317	GTP pyrophosphokinase
EKHJKCLP_03242	CDS	1518				hypothetical protein
EKHJKCLP_03243	CDS	624	cat3	2.3.1.28		Chloramphenicol acetyltransferase 3
EKHJKCLP_03244	CDS	1314				hypothetical protein
EKHJKCLP_03245	CDS	1167	purT	6.3.1.21	COG0027	Formate-dependent phosphoribosylglycinamide formyltransferase
EKHJKCLP_03246	CDS	1518	atpD_1	7.1.2.2	COG0055	ATP synthase subunit beta
EKHJKCLP_03247	CDS	246	atpC		COG0355	ATP synthase epsilon chain
EKHJKCLP_03248	CDS	432				hypothetical protein
EKHJKCLP_03249	CDS	1134	atpB			ATP synthase subunit a
EKHJKCLP_03250	CDS	258	atpE_1		COG0636	ATP synthase subunit c
EKHJKCLP_03251	CDS	504	atpF			ATP synthase subunit b
EKHJKCLP_03252	CDS	561	atpH		COG0712	ATP synthase subunit delta
EKHJKCLP_03253	CDS	1584	atpA_1	7.1.2.2	COG0056	ATP synthase subunit alpha
EKHJKCLP_03254	CDS	897	atpG		COG0224	ATP synthase gamma chain
EKHJKCLP_03255	CDS	2541	recD_2	5.6.2.3		RecBCD enzyme subunit RecD
EKHJKCLP_03256	CDS	621	lysO_2		COG2431	Lysine exporter LysO
EKHJKCLP_03257	CDS	279				hypothetical protein
EKHJKCLP_03258	CDS	918	rmlD_1	1.1.1.133		dTDP-4-dehydrorhamnose reductase
EKHJKCLP_03259	CDS	1260				hypothetical protein
EKHJKCLP_03260	CDS	900	rhaR_5			HTH-type transcriptional activator RhaR
EKHJKCLP_03261	CDS	903	rhaS_3			HTH-type transcriptional activator RhaS
EKHJKCLP_03262	CDS	1020				hypothetical protein
EKHJKCLP_03263	CDS	540				hypothetical protein
EKHJKCLP_03264	CDS	1644	asD	2.6.1.1		Bifunctional aspartate aminotransferase and L-aspartate beta-decarboxylase
EKHJKCLP_03265	CDS	1695	aspT_2			Aspartate/alanine antiporter
EKHJKCLP_03266	CDS	1668	fhs	6.3.4.3		Formate--tetrahydrofolate ligase
EKHJKCLP_03267	CDS	231				hypothetical protein
EKHJKCLP_03268	CDS	1281	glyA	2.1.2.1		Serine hydroxymethyltransferase
EKHJKCLP_03269	CDS	735				hypothetical protein
EKHJKCLP_03270	CDS	570	flr			Flavoredoxin
EKHJKCLP_03271	CDS	462	pyrI		COG1781	Aspartate carbamoyltransferase regulatory chain
EKHJKCLP_03272	CDS	942	pyrB	2.1.3.2	COG0540	Aspartate carbamoyltransferase catalytic subunit
EKHJKCLP_03273	CDS	780				hypothetical protein
EKHJKCLP_03274	CDS	345				hypothetical protein
EKHJKCLP_03275	CDS	402				hypothetical protein
EKHJKCLP_03276	CDS	810				hypothetical protein
EKHJKCLP_03277	CDS	810	pyrE_2	2.4.2.10		Orotate phosphoribosyltransferase
EKHJKCLP_03278	CDS	378				Single-stranded DNA-binding protein
EKHJKCLP_03279	CDS	243				hypothetical protein
EKHJKCLP_03280	CDS	303				hypothetical protein
EKHJKCLP_03281	CDS	195				hypothetical protein
EKHJKCLP_03282	CDS	117				hypothetical protein
EKHJKCLP_03283	CDS	96				hypothetical protein
EKHJKCLP_03284	CDS	456				hypothetical protein
EKHJKCLP_03285	CDS	3117				hypothetical protein
EKHJKCLP_03286	CDS	1212	xerC_38			Tyrosine recombinase XerC
EKHJKCLP_03287	CDS	957	xerC_39			Tyrosine recombinase XerC
EKHJKCLP_03288	CDS	1050	xerD_9			Tyrosine recombinase XerD
EKHJKCLP_03289	CDS	1914				hypothetical protein
EKHJKCLP_03290	CDS	1728	noc_3			Nucleoid occlusion protein
EKHJKCLP_03291	CDS	285				hypothetical protein
EKHJKCLP_03292	CDS	243				hypothetical protein
EKHJKCLP_03293	CDS	306				hypothetical protein
EKHJKCLP_03294	CDS	591				hypothetical protein
EKHJKCLP_03295	CDS	1116				hypothetical protein
EKHJKCLP_03296	CDS	447				hypothetical protein
EKHJKCLP_03297	CDS	351				hypothetical protein
EKHJKCLP_03298	CDS	516				hypothetical protein
EKHJKCLP_03299	CDS	825				hypothetical protein
EKHJKCLP_03300	CDS	1461	smc_3			Chromosome partition protein Smc
EKHJKCLP_03301	CDS	1434				hypothetical protein
EKHJKCLP_03302	CDS	1098				hypothetical protein
EKHJKCLP_03303	CDS	123				hypothetical protein
EKHJKCLP_03304	CDS	702				hypothetical protein
EKHJKCLP_03305	CDS	525				hypothetical protein
EKHJKCLP_03306	CDS	462				hypothetical protein
EKHJKCLP_03307	CDS	1788				hypothetical protein
EKHJKCLP_03308	CDS	630				hypothetical protein
EKHJKCLP_03309	CDS	1515				hypothetical protein
EKHJKCLP_03310	CDS	2652	mutS_6			DNA mismatch repair protein MutS
EKHJKCLP_03311	CDS	1782				hypothetical protein
EKHJKCLP_03312	CDS	297				hypothetical protein
EKHJKCLP_03313	CDS	828				hypothetical protein
EKHJKCLP_03314	CDS	1263	hgiCIM	2.1.1.37		Type II methyltransferase M.HgiCI
EKHJKCLP_03315	CDS	954				hypothetical protein
EKHJKCLP_03316	CDS	642				hypothetical protein
EKHJKCLP_03317	CDS	687				hypothetical protein
EKHJKCLP_03318	CDS	693				hypothetical protein
EKHJKCLP_03319	CDS	486				hypothetical protein
EKHJKCLP_03320	CDS	1686				hypothetical protein
EKHJKCLP_03321	CDS	1602				hypothetical protein
EKHJKCLP_03322	CDS	237				hypothetical protein
EKHJKCLP_03323	CDS	756				hypothetical protein
EKHJKCLP_03324	CDS	639				hypothetical protein
EKHJKCLP_03325	CDS	189				hypothetical protein
EKHJKCLP_03326	CDS	1008				hypothetical protein
EKHJKCLP_03327	CDS	618				hypothetical protein
EKHJKCLP_03328	CDS	2070				hypothetical protein
EKHJKCLP_03329	CDS	747				hypothetical protein
EKHJKCLP_03330	CDS	522				hypothetical protein
EKHJKCLP_03331	CDS	846				hypothetical protein
EKHJKCLP_03332	CDS	1251				hypothetical protein
EKHJKCLP_03333	CDS	342				hypothetical protein
EKHJKCLP_03334	CDS	615				hypothetical protein
EKHJKCLP_03335	CDS	1131				hypothetical protein
EKHJKCLP_03336	CDS	849				hypothetical protein
EKHJKCLP_03337	CDS	726				hypothetical protein
EKHJKCLP_03338	CDS	756				hypothetical protein
EKHJKCLP_03339	CDS	2463				hypothetical protein
EKHJKCLP_03340	CDS	324				hypothetical protein
EKHJKCLP_03341	CDS	2709				hypothetical protein
EKHJKCLP_03342	CDS	414				hypothetical protein
EKHJKCLP_03343	CDS	1545				hypothetical protein
EKHJKCLP_03344	CDS	303				hypothetical protein
EKHJKCLP_03345	CDS	366				hypothetical protein
EKHJKCLP_03346	CDS	336				hypothetical protein
EKHJKCLP_03347	CDS	420				hypothetical protein
EKHJKCLP_03348	CDS	1134	dnaN_1			Beta sliding clamp
EKHJKCLP_03349	CDS	315				hypothetical protein
EKHJKCLP_03350	CDS	1437				hypothetical protein
EKHJKCLP_03351	CDS	882	dnaG_6	2.7.7.101		DNA primase
EKHJKCLP_03352	CDS	1089				hypothetical protein
EKHJKCLP_03353	CDS	450				hypothetical protein
EKHJKCLP_03354	CDS	363				hypothetical protein
EKHJKCLP_03355	CDS	777				hypothetical protein
EKHJKCLP_03356	CDS	1146	xerC_40			Tyrosine recombinase XerC
EKHJKCLP_03357	CDS	1128	xerC_41			Tyrosine recombinase XerC
EKHJKCLP_03358	CDS	243				hypothetical protein
EKHJKCLP_03359	CDS	573	rfaH_2			Transcription antitermination protein RfaH
EKHJKCLP_03360	CDS	1926	pglF	4.2.1.135	COG1086	UDP-N-acetyl-alpha-D-glucosamine C6 dehydratase
EKHJKCLP_03361	CDS	831				hypothetical protein
EKHJKCLP_03362	CDS	2421	ptk_1	2.7.10.-		Tyrosine-protein kinase ptk
EKHJKCLP_03363	CDS	99				hypothetical protein
EKHJKCLP_03364	CDS	195				hypothetical protein
EKHJKCLP_03365	CDS	915				hypothetical protein
EKHJKCLP_03366	CDS	1074				hypothetical protein
EKHJKCLP_03367	CDS	1263				hypothetical protein
EKHJKCLP_03368	CDS	1086	mshA_7	2.4.1.250		D-inositol-3-phosphate glycosyltransferase
EKHJKCLP_03369	CDS	1326				hypothetical protein
EKHJKCLP_03370	CDS	147				hypothetical protein
EKHJKCLP_03371	CDS	294				hypothetical protein
EKHJKCLP_03372	CDS	168				hypothetical protein
EKHJKCLP_03373	CDS	540				hypothetical protein
EKHJKCLP_03374	CDS	933				hypothetical protein
EKHJKCLP_03375	CDS	897	wbgN	2.4.1.341		Alpha-1,2-colitosyltransferase
EKHJKCLP_03376	CDS	471	dapH_1	2.3.1.89		2,3,4,5-tetrahydropyridine-2,6-dicarboxylate N-acetyltransferase
EKHJKCLP_03377	CDS	870				hypothetical protein
EKHJKCLP_03378	CDS	1212	lysA_1	4.1.1.20	COG0019	Diaminopimelate decarboxylase
EKHJKCLP_03379	CDS	687	wcaJ_2	2.7.8.31	COG2148	UDP-glucose:undecaprenyl-phosphate glucose-1-phosphate transferase
EKHJKCLP_03380	CDS	930	ilvE_2	2.6.1.42		Branched-chain-amino-acid aminotransferase
EKHJKCLP_03381	CDS	813	wbbD	2.4.1.303		UDP-Gal:alpha-D-GlcNAc-diphosphoundecaprenol beta-1,3-galactosyltransferase
EKHJKCLP_03382	CDS	417				hypothetical protein
EKHJKCLP_03383	CDS	153				hypothetical protein
EKHJKCLP_03384	CDS	414	galK_2	2.7.1.6	COG0153	Galactokinase
EKHJKCLP_03385	CDS	591	galK_3	2.7.1.6	COG0153	Galactokinase
EKHJKCLP_03386	CDS	780	cugP	2.7.7.9		UTP--glucose-1-phosphate uridylyltransferase
EKHJKCLP_03387	CDS	1062	lpsL_1	5.1.3.6	COG0451	UDP-glucuronate 4-epimerase
EKHJKCLP_03388	CDS	1347	ugd_1	1.1.1.22	COG1004	UDP-glucose 6-dehydrogenase
EKHJKCLP_03389	CDS	582	rfbC_1	5.1.3.13		dTDP-4-dehydrorhamnose 3,5-epimerase
EKHJKCLP_03390	CDS	264				hypothetical protein
EKHJKCLP_03391	CDS	579	rmlD_2	1.1.1.133	COG1091	dTDP-4-dehydrorhamnose reductase
EKHJKCLP_03392	CDS	1131	rfbB_1	4.2.1.46		dTDP-glucose 4,6-dehydratase
EKHJKCLP_03393	CDS	363	rffH_1	2.7.7.24	COG1209	Glucose-1-phosphate thymidylyltransferase 2
EKHJKCLP_03394	CDS	513				hypothetical protein
EKHJKCLP_03395	CDS	120				hypothetical protein
EKHJKCLP_03396	CDS	2325	mrcA		COG5009	Penicillin-binding protein 1A
EKHJKCLP_03397	CDS	369				hypothetical protein
EKHJKCLP_03398	CDS	753	kdsB_2	2.7.7.90	COG1212	8-amino-3,8-dideoxy-manno-octulosonate cytidylyltransferase
EKHJKCLP_03399	CDS	1284		3.4.24.-	COG0612	putative zinc protease
EKHJKCLP_03400	CDS	1170				hypothetical protein
EKHJKCLP_03401	CDS	939	prs	2.7.6.1	COG0462	Ribose-phosphate pyrophosphokinase
EKHJKCLP_03402	CDS	4314	sasA_5	2.7.13.3		Adaptive-response sensory-kinase SasA
EKHJKCLP_03403	CDS	729				hypothetical protein
EKHJKCLP_03404	CDS	1455	abgT		COG2978	p-aminobenzoyl-glutamate transport protein
EKHJKCLP_03405	CDS	2040				hypothetical protein
EKHJKCLP_03406	CDS	306				hypothetical protein
EKHJKCLP_03407	CDS	300				hypothetical protein
EKHJKCLP_03408	CDS	561				hypothetical protein
EKHJKCLP_03409	CDS	279				hypothetical protein
EKHJKCLP_03410	CDS	258				hypothetical protein
EKHJKCLP_03411	CDS	267				hypothetical protein
EKHJKCLP_03412	CDS	177				hypothetical protein
EKHJKCLP_03413	CDS	183				hypothetical protein
EKHJKCLP_03414	CDS	2904				hypothetical protein
EKHJKCLP_03415	CDS	315				hypothetical protein
EKHJKCLP_03416	CDS	489				hypothetical protein
EKHJKCLP_03417	CDS	402				hypothetical protein
EKHJKCLP_03418	CDS	867				hypothetical protein
EKHJKCLP_03419	CDS	2205				hypothetical protein
EKHJKCLP_03420	CDS	807				hypothetical protein
EKHJKCLP_03421	CDS	948				hypothetical protein
EKHJKCLP_03422	CDS	675	ccrM_2	2.1.1.72		DNA methyltransferase CcrM
EKHJKCLP_03423	CDS	345				hypothetical protein
EKHJKCLP_03424	CDS	681				hypothetical protein
EKHJKCLP_03425	CDS	1722				hypothetical protein
EKHJKCLP_03426	CDS	387				hypothetical protein
EKHJKCLP_03427	CDS	252				hypothetical protein
EKHJKCLP_03428	CDS	351				hypothetical protein
EKHJKCLP_03429	CDS	357				hypothetical protein
EKHJKCLP_03430	CDS	375				hypothetical protein
EKHJKCLP_03431	CDS	234				hypothetical protein
EKHJKCLP_03432	CDS	228				hypothetical protein
EKHJKCLP_03433	CDS	345				hypothetical protein
EKHJKCLP_03434	CDS	522				hypothetical protein
EKHJKCLP_03435	CDS	1365				hypothetical protein
EKHJKCLP_03436	CDS	702				hypothetical protein
EKHJKCLP_03437	CDS	951				hypothetical protein
EKHJKCLP_03438	CDS	813				hypothetical protein
EKHJKCLP_03439	CDS	435	rrrD	3.2.1.17	COG3772	Lysozyme RrrD
EKHJKCLP_03440	CDS	441				hypothetical protein
EKHJKCLP_03441	CDS	411				hypothetical protein
EKHJKCLP_03442	CDS	306				hypothetical protein
EKHJKCLP_03443	CDS	240				hypothetical protein
EKHJKCLP_03444	CDS	228				hypothetical protein
EKHJKCLP_03445	CDS	237				hypothetical protein
EKHJKCLP_03446	CDS	4302				hypothetical protein
EKHJKCLP_03447	CDS	2136				hypothetical protein
EKHJKCLP_03448	CDS	210				hypothetical protein
EKHJKCLP_03449	CDS	1167				hypothetical protein
EKHJKCLP_03450	CDS	2151				hypothetical protein
EKHJKCLP_03451	CDS	4689				hypothetical protein
EKHJKCLP_03452	CDS	1296				hypothetical protein
EKHJKCLP_03453	CDS	495				hypothetical protein
EKHJKCLP_03454	CDS	1146	xerC_42			Tyrosine recombinase XerC
EKHJKCLP_03455	tRNA	75				tRNA-Arg(tct)
EKHJKCLP_03456	CDS	735				hypothetical protein
EKHJKCLP_03457	CDS	999	menF_2	5.4.4.2		Isochorismate synthase MenF
EKHJKCLP_03458	CDS	597				hypothetical protein
EKHJKCLP_03459	CDS	675				hypothetical protein
EKHJKCLP_03460	CDS	447	tabA		COG2731	Toxin-antitoxin biofilm protein TabA
EKHJKCLP_03461	CDS	2013	glgB	2.4.1.18		1,4-alpha-glucan branching enzyme GlgB
EKHJKCLP_03462	CDS	477				hypothetical protein
EKHJKCLP_03463	CDS	1698	glgE	2.4.99.16		Alpha-1,4-glucan:maltose-1-phosphate maltosyltransferase
EKHJKCLP_03464	CDS	807			COG1752	putative NTE family protein
EKHJKCLP_03465	CDS	942	napF_1			Ferredoxin-type protein NapF
EKHJKCLP_03466	CDS	459				hypothetical protein
EKHJKCLP_03467	CDS	936				hypothetical protein
EKHJKCLP_03468	CDS	510				hypothetical protein
EKHJKCLP_03469	CDS	714				hypothetical protein
EKHJKCLP_03470	CDS	888		2.7.4.-	COG2326	ADP-polyphosphate phosphotransferase
EKHJKCLP_03471	CDS	534	ogt	2.1.1.63	COG0350	Methylated-DNA--protein-cysteine methyltransferase
EKHJKCLP_03472	CDS	1503	glnA_2	6.3.1.2	COG0174	Glutamine synthetase
EKHJKCLP_03473	CDS	318				hypothetical protein
EKHJKCLP_03474	CDS	564				hypothetical protein
EKHJKCLP_03475	CDS	246				hypothetical protein
EKHJKCLP_03476	CDS	969	sucD	6.2.1.5	COG0074	Succinate--CoA ligase [ADP-forming] subunit alpha
EKHJKCLP_03477	CDS	1131	sucC	6.2.1.5		Succinate--CoA ligase [ADP-forming] subunit beta
EKHJKCLP_03478	CDS	888	fabD	2.3.1.39		Malonyl CoA-acyl carrier protein transacylase
EKHJKCLP_03479	CDS	837	thiD	2.7.1.49	COG0351	Hydroxymethylpyrimidine/phosphomethylpyrimidine kinase
EKHJKCLP_03480	CDS	732			COG1051	ADPR responsive transcriptional repressor NtrR
EKHJKCLP_03481	CDS	1521	xylB_2	2.7.1.17	COG1070	Xylulose kinase
EKHJKCLP_03482	CDS	1317	xylA	5.3.1.5	COG2115	Xylose isomerase
EKHJKCLP_03483	CDS	1464	xylE_2		COG0477	D-xylose-proton symporter
EKHJKCLP_03484	CDS	1539				hypothetical protein
EKHJKCLP_03485	CDS	1050	yhiM			Inner membrane protein YhiM
EKHJKCLP_03486	CDS	3489	ileS	6.1.1.5	COG0060	Isoleucine--tRNA ligase
EKHJKCLP_03487	CDS	381	dksA			RNA polymerase-binding transcription factor DksA
EKHJKCLP_03488	CDS	660	lspA	3.4.23.36		Lipoprotein signal peptidase
EKHJKCLP_03489	CDS	1077				hypothetical protein
EKHJKCLP_03490	CDS	387				hypothetical protein
EKHJKCLP_03491	CDS	768	rlmP	2.1.1.-	COG0566	23S rRNA (guanosine(2553)-2'-O)-methyltransferase RlmP
EKHJKCLP_03492	CDS	2310	bamA_3			Outer membrane protein assembly factor BamA
EKHJKCLP_03493	CDS	519				hypothetical protein
EKHJKCLP_03494	CDS	552				hypothetical protein
EKHJKCLP_03495	CDS	438				hypothetical protein
EKHJKCLP_03496	CDS	435				hypothetical protein
EKHJKCLP_03497	CDS	261				hypothetical protein
EKHJKCLP_03498	tRNA	74				tRNA-Lys(ctt)
EKHJKCLP_03499	tRNA	74				tRNA-Lys(ctt)
EKHJKCLP_03500	CDS	804	yycJ	3.1.11.-	COG1235	Exodeoxyribonuclease YycJ
EKHJKCLP_03501	CDS	1389	mdtH			Multidrug resistance protein MdtH
EKHJKCLP_03502	CDS	420				hypothetical protein
EKHJKCLP_03503	CDS	1404	uxaC	5.3.1.12	COG1904	Uronate isomerase
EKHJKCLP_03504	CDS	1068	purR_1			HTH-type transcriptional repressor PurR
EKHJKCLP_03505	CDS	1443	uxaB	1.1.1.58	COG0246	Altronate oxidoreductase
EKHJKCLP_03506	CDS	531				hypothetical protein
EKHJKCLP_03507	CDS	1059				hypothetical protein
EKHJKCLP_03508	CDS	549	rfbC_2	5.1.3.13		dTDP-4-dehydrorhamnose 3,5-epimerase
EKHJKCLP_03509	CDS	1314	tuaD_1	1.1.1.22	COG1004	UDP-glucose 6-dehydrogenase TuaD
EKHJKCLP_03510	CDS	798				hypothetical protein
EKHJKCLP_03511	CDS	1263	cshA_2	3.6.4.13	COG0513	ATP-dependent RNA helicase CshA
EKHJKCLP_03512	CDS	1230	serB2	3.1.3.3	COG0560	Phosphoserine phosphatase SerB2
EKHJKCLP_03513	CDS	504				hypothetical protein
EKHJKCLP_03514	CDS	1098				hypothetical protein
EKHJKCLP_03515	CDS	1131	tgt	2.4.2.29		Queuine tRNA-ribosyltransferase
EKHJKCLP_03516	CDS	2469	lon	3.4.21.53	COG0466	Lon protease
EKHJKCLP_03517	CDS	711	yfiC	2.1.1.223	COG4123	tRNA1(Val) (adenine(37)-N6)-methyltransferase
EKHJKCLP_03518	CDS	195				hypothetical protein
EKHJKCLP_03519	CDS	162				hypothetical protein
EKHJKCLP_03520	tRNA	76				tRNA-Pro(tgg)
EKHJKCLP_03521	tRNA	76				tRNA-Pro(tgg)
EKHJKCLP_03522	CDS	1257				hypothetical protein
EKHJKCLP_03523	CDS	1116	dnaN_2			Beta sliding clamp
EKHJKCLP_03524	CDS	402				hypothetical protein
EKHJKCLP_03525	CDS	1299				hypothetical protein
EKHJKCLP_03526	CDS	687				hypothetical protein
EKHJKCLP_03527	CDS	498				hypothetical protein
EKHJKCLP_03528	CDS	1503	dnaC_2	5.6.2.3	COG0305	Replicative DNA helicase DnaC
EKHJKCLP_03529	CDS	564				hypothetical protein
EKHJKCLP_03530	CDS	1470				hypothetical protein
EKHJKCLP_03531	CDS	786				hypothetical protein
EKHJKCLP_03532	CDS	852				hypothetical protein
EKHJKCLP_03533	CDS	495				hypothetical protein
EKHJKCLP_03534	CDS	1446				hypothetical protein
EKHJKCLP_03535	CDS	1449				hypothetical protein
EKHJKCLP_03536	CDS	1536				hypothetical protein
EKHJKCLP_03537	CDS	708				hypothetical protein
EKHJKCLP_03538	CDS	585				hypothetical protein
EKHJKCLP_03539	CDS	1128				hypothetical protein
EKHJKCLP_03540	CDS	333				hypothetical protein
EKHJKCLP_03541	CDS	276				hypothetical protein
EKHJKCLP_03542	CDS	456				hypothetical protein
EKHJKCLP_03543	CDS	381				hypothetical protein
EKHJKCLP_03544	CDS	561				hypothetical protein
EKHJKCLP_03545	tRNA	73				tRNA-Thr(tgt)
EKHJKCLP_03546	CDS	528				hypothetical protein
EKHJKCLP_03547	CDS	195				hypothetical protein
EKHJKCLP_03548	CDS	4719				hypothetical protein
EKHJKCLP_03549	CDS	954				hypothetical protein
EKHJKCLP_03550	CDS	3228				hypothetical protein
EKHJKCLP_03551	CDS	393				hypothetical protein
EKHJKCLP_03552	CDS	531				hypothetical protein
EKHJKCLP_03553	CDS	282				hypothetical protein
EKHJKCLP_03554	CDS	258				hypothetical protein
EKHJKCLP_03555	CDS	3948				hypothetical protein
EKHJKCLP_03556	CDS	324				hypothetical protein
EKHJKCLP_03557	CDS	267				hypothetical protein
EKHJKCLP_03558	CDS	459				hypothetical protein
EKHJKCLP_03559	CDS	135				hypothetical protein
EKHJKCLP_03560	CDS	495				hypothetical protein
EKHJKCLP_03561	CDS	459				hypothetical protein
EKHJKCLP_03562	CDS	474				hypothetical protein
EKHJKCLP_03563	CDS	918				hypothetical protein
EKHJKCLP_03564	CDS	102				hypothetical protein
EKHJKCLP_03565	CDS	162				hypothetical protein
EKHJKCLP_03566	CDS	447				hypothetical protein
EKHJKCLP_03567	CDS	234				hypothetical protein
EKHJKCLP_03568	CDS	756				hypothetical protein
EKHJKCLP_03569	CDS	1671	ywqA	3.6.4.-	COG0553	Putative ATP-dependent helicase/translocase YwqA
EKHJKCLP_03570	CDS	600				hypothetical protein
EKHJKCLP_03571	CDS	186				hypothetical protein
EKHJKCLP_03572	CDS	414				hypothetical protein
EKHJKCLP_03573	CDS	660				hypothetical protein
EKHJKCLP_03574	CDS	1200				hypothetical protein
EKHJKCLP_03575	CDS	975				hypothetical protein
EKHJKCLP_03576	CDS	210				hypothetical protein
EKHJKCLP_03577	CDS	303				hypothetical protein
EKHJKCLP_03578	CDS	366				hypothetical protein
EKHJKCLP_03579	CDS	255				hypothetical protein
EKHJKCLP_03580	CDS	201				hypothetical protein
EKHJKCLP_03581	CDS	366				hypothetical protein
EKHJKCLP_03582	CDS	681				hypothetical protein
EKHJKCLP_03583	CDS	558				hypothetical protein
EKHJKCLP_03584	CDS	945				hypothetical protein
EKHJKCLP_03585	CDS	438				hypothetical protein
EKHJKCLP_03586	CDS	303				hypothetical protein
EKHJKCLP_03587	CDS	609				hypothetical protein
EKHJKCLP_03588	CDS	930				hypothetical protein
EKHJKCLP_03589	CDS	138				hypothetical protein
EKHJKCLP_03590	CDS	1278	sasA_6	2.7.13.3		Adaptive-response sensory-kinase SasA
EKHJKCLP_03591	CDS	1377	zraR_8			Transcriptional regulatory protein ZraR
EKHJKCLP_03592	CDS	1473				hypothetical protein
EKHJKCLP_03593	CDS	1251	mdtA_4			Multidrug resistance protein MdtA
EKHJKCLP_03594	CDS	2379				hypothetical protein
EKHJKCLP_03595	CDS	2400				hypothetical protein
EKHJKCLP_03596	CDS	2397				hypothetical protein
EKHJKCLP_03597	CDS	675	yknY_5	7.6.2.-	COG1136	putative ABC transporter ATP-binding protein YknY
EKHJKCLP_03598	CDS	2346				hypothetical protein
EKHJKCLP_03599	CDS	2334				hypothetical protein
EKHJKCLP_03600	CDS	2412				hypothetical protein
EKHJKCLP_03601	CDS	375				hypothetical protein
EKHJKCLP_03602	CDS	348				hypothetical protein
EKHJKCLP_03603	CDS	1185	spt_2	2.3.1.50	COG0156	Serine palmitoyltransferase
EKHJKCLP_03604	CDS	1026	yegS	2.7.1.-		lipid kinase YegS
EKHJKCLP_03605	CDS	1764	aspS	6.1.1.12		Aspartate--tRNA ligase
EKHJKCLP_03606	CDS	345				hypothetical protein
EKHJKCLP_03607	CDS	885	ctu	3.5.1.20	COG0388	Citrullinase
EKHJKCLP_03608	CDS	1116	aguA	3.5.3.12		Agmatine deiminase
EKHJKCLP_03609	CDS	543				hypothetical protein
EKHJKCLP_03610	CDS	621	ytrE		COG1136	ABC transporter ATP-binding protein YtrE
EKHJKCLP_03611	CDS	795	fetB		COG0390	putative iron export permease protein FetB
EKHJKCLP_03612	CDS	276				hypothetical protein
EKHJKCLP_03613	CDS	1476				hypothetical protein
EKHJKCLP_03614	CDS	3171			COG4771	TonB-dependent receptor P39
EKHJKCLP_03615	CDS	2025				hypothetical protein
EKHJKCLP_03616	CDS	1206				hypothetical protein
EKHJKCLP_03617	CDS	678				hypothetical protein
EKHJKCLP_03618	CDS	414				hypothetical protein
EKHJKCLP_03619	CDS	1095				GTP cyclohydrolase 1 type 2 
EKHJKCLP_03620	CDS	831				hypothetical protein
EKHJKCLP_03621	CDS	1398	oprM_3			Outer membrane protein OprM
EKHJKCLP_03622	CDS	1110	bepF_2			Efflux pump periplasmic linker BepF
EKHJKCLP_03623	CDS	3147	bepE_3			multidrug efflux RND transporter permease subunit BepE
EKHJKCLP_03624	CDS	450				hypothetical protein
EKHJKCLP_03625	CDS	777	amn	3.2.2.4	COG0775	AMP nucleosidase
EKHJKCLP_03626	CDS	1020	holA	2.7.7.7	COG1466	DNA polymerase III subunit delta
EKHJKCLP_03627	CDS	153				hypothetical protein
EKHJKCLP_03628	CDS	177				hypothetical protein
EKHJKCLP_03629	CDS	447				hypothetical protein
EKHJKCLP_03630	CDS	777	pyrK_2		COG0543	Dihydroorotate dehydrogenase B (NAD(+)), electron transfer subunit
EKHJKCLP_03631	CDS	912	pyrD	1.3.1.14	COG0167	Dihydroorotate dehydrogenase B (NAD(+)), catalytic subunit
EKHJKCLP_03632	CDS	678	trmD	2.1.1.228		tRNA (guanine-N(1)-)-methyltransferase
EKHJKCLP_03633	CDS	2001	ligA	6.5.1.2		DNA ligase
EKHJKCLP_03634	CDS	894	dapA	4.3.3.7	COG0329	4-hydroxy-tetrahydrodipicolinate synthase
EKHJKCLP_03635	tRNA	75				tRNA-Arg(acg)
EKHJKCLP_03636	tRNA	75				tRNA-Arg(acg)
EKHJKCLP_03637	tRNA	75				tRNA-Arg(acg)
EKHJKCLP_03638	CDS	2298				hypothetical protein
EKHJKCLP_03639	CDS	2046	htpG_3		COG0326	Chaperone protein HtpG
EKHJKCLP_03640	CDS	2535	clpC			ATP-dependent Clp protease ATP-binding subunit ClpC
EKHJKCLP_03641	CDS	2571	gyrA_2			DNA gyrase subunit A GyrA
EKHJKCLP_03642	CDS	1215				hypothetical protein
EKHJKCLP_03643	CDS	120				hypothetical protein
EKHJKCLP_03644	CDS	1122				hypothetical protein
EKHJKCLP_03645	CDS	291				hypothetical protein
EKHJKCLP_03646	CDS	834				hypothetical protein
EKHJKCLP_03647	CDS	1833				hypothetical protein
EKHJKCLP_03648	CDS	723	ycf3			Photosystem I assembly protein Ycf3
EKHJKCLP_03649	CDS	1029				hypothetical protein
EKHJKCLP_03650	CDS	984				hypothetical protein
EKHJKCLP_03651	CDS	1077				hypothetical protein
EKHJKCLP_03652	CDS	870			COG1721	putative protein
EKHJKCLP_03653	CDS	996	moxR1_2		COG0714	Chaperone MoxR1
EKHJKCLP_03654	CDS	1308	ihfA			Integration host factor subunit alpha
EKHJKCLP_03655	CDS	273	hup			DNA-binding protein HU
EKHJKCLP_03656	CDS	1311	rimO	2.8.4.4	COG0621	Ribosomal protein uS12 methylthiotransferase RimO
EKHJKCLP_03657	CDS	960	ftsY	3.6.5.4	COG0552	Signal recognition particle receptor FtsY
EKHJKCLP_03658	CDS	159				hypothetical protein
EKHJKCLP_03659	CDS	189	rpmG1		COG0267	Large ribosomal subunit protein bL33A
EKHJKCLP_03660	CDS	261	rpmB		COG0227	Large ribosomal subunit protein bL28
EKHJKCLP_03661	CDS	1233	pncC	3.5.1.42	COG1058	Nicotinamide-nucleotide amidohydrolase PncC
EKHJKCLP_03662	CDS	1023	tsaD	2.3.1.234	COG0533	tRNA N6-adenosine threonylcarbamoyltransferase
EKHJKCLP_03663	CDS	4446				hypothetical protein
EKHJKCLP_03664	CDS	438				hypothetical protein
EKHJKCLP_03665	CDS	438				hypothetical protein
EKHJKCLP_03666	CDS	1152				hypothetical protein
EKHJKCLP_03667	CDS	744	bcrA_2			Bacitracin transport ATP-binding protein BcrA
EKHJKCLP_03668	CDS	978				hypothetical protein
EKHJKCLP_03669	CDS	1272	sasA_7	2.7.13.3		Adaptive-response sensory-kinase SasA
EKHJKCLP_03670	CDS	690	phoP		COG0745	Alkaline phosphatase synthesis transcriptional regulatory protein PhoP
EKHJKCLP_03671	CDS	1494	proS	6.1.1.15	COG0442	Proline--tRNA ligase
EKHJKCLP_03672	tRNA	74				tRNA-Gly(ccc)
EKHJKCLP_03673	CDS	1413				hypothetical protein
EKHJKCLP_03674	CDS	987	emrA_2			Colistin resistance protein EmrA
EKHJKCLP_03675	CDS	1185				hypothetical protein
EKHJKCLP_03676	CDS	1185				hypothetical protein
EKHJKCLP_03677	CDS	3993	rcsC_40	2.7.13.3		Sensor histidine kinase RcsC
EKHJKCLP_03678	CDS	513				hypothetical protein
EKHJKCLP_03679	CDS	1890	btuB_5			Vitamin B12 transporter BtuB
EKHJKCLP_03680	CDS	420				hypothetical protein
EKHJKCLP_03681	CDS	1404				hypothetical protein
EKHJKCLP_03682	CDS	1515	napF_2			Ferredoxin-type protein NapF
EKHJKCLP_03683	CDS	1176	fucP_4		COG0738	L-fucose-proton symporter
EKHJKCLP_03684	CDS	249				hypothetical protein
EKHJKCLP_03685	CDS	3135				hypothetical protein
EKHJKCLP_03686	CDS	1089				hypothetical protein
EKHJKCLP_03687	CDS	621		3.1.3.-	COG1011	D-ribitol-5-phosphate phosphatase
EKHJKCLP_03688	CDS	810	kdsr	1.1.1.102	COG4221	3-ketodihydrosphingosine reductase
EKHJKCLP_03689	CDS	729				hypothetical protein
EKHJKCLP_03690	CDS	486	yjjB		COG3610	putative succinate transporter subunit YjjB
EKHJKCLP_03691	CDS	768	yjjP		COG2966	putative succinate transporter subunit YjjP
EKHJKCLP_03692	CDS	168				hypothetical protein
EKHJKCLP_03693	CDS	1527	resA_14			Thiol-disulfide oxidoreductase ResA
EKHJKCLP_03694	CDS	285				hypothetical protein
EKHJKCLP_03695	CDS	450	lacZ_12	3.2.1.23		Beta-galactosidase
EKHJKCLP_03696	CDS	1503	rcsC_41	2.7.13.3		Sensor histidine kinase RcsC
EKHJKCLP_03697	CDS	846	rhaS_4			HTH-type transcriptional activator RhaS
EKHJKCLP_03698	CDS	426				hypothetical protein
EKHJKCLP_03699	CDS	558		2.3.1.-		Acetyltransferase
EKHJKCLP_03700	CDS	756	iolN	3.7.1.-	COG1402	3-dehydro-scyllo-inosose hydrolase
EKHJKCLP_03701	CDS	159				hypothetical protein
EKHJKCLP_03702	CDS	99				hypothetical protein
EKHJKCLP_03703	CDS	1722				hypothetical protein
EKHJKCLP_03704	CDS	792				hypothetical protein
EKHJKCLP_03705	CDS	888	bacC	1.1.1.385	COG1028	Dihydroanticapsin 7-dehydrogenase
EKHJKCLP_03706	CDS	792				hypothetical protein
EKHJKCLP_03707	CDS	2268				hypothetical protein
EKHJKCLP_03708	CDS	969		2.4.1.320	COG2152	1,4-beta-mannosyl-N-acetylglucosamine phosphorylase
EKHJKCLP_03709	CDS	1326	ampG_2		COG2223	Anhydromuropeptide permease
EKHJKCLP_03710	CDS	3171	recB	5.6.2.4		RecBCD enzyme subunit RecB
EKHJKCLP_03711	CDS	2862				hypothetical protein
EKHJKCLP_03712	CDS	1134	sasA_8	2.7.13.3		Adaptive-response sensory-kinase SasA
EKHJKCLP_03713	CDS	930	UXNAcS	4.1.1.128	COG0451	UDP-N-acetyl-alpha-D-glucosaminuronate decarboxylase
EKHJKCLP_03714	CDS	192				hypothetical protein
EKHJKCLP_03715	CDS	225				hypothetical protein
EKHJKCLP_03716	CDS	543	ybdM		COG1475	putative protein YbdM
EKHJKCLP_03717	CDS	1305				hypothetical protein
EKHJKCLP_03718	CDS	408				hypothetical protein
EKHJKCLP_03719	CDS	411				hypothetical protein
EKHJKCLP_03720	CDS	618				hypothetical protein
EKHJKCLP_03721	CDS	1380	dnaB_2	5.6.2.3		Replicative DNA helicase DnaB
EKHJKCLP_03722	CDS	264				hypothetical protein
EKHJKCLP_03723	CDS	471				hypothetical protein
EKHJKCLP_03724	CDS	102				hypothetical protein
EKHJKCLP_03725	CDS	459				hypothetical protein
EKHJKCLP_03726	CDS	1749				hypothetical protein
EKHJKCLP_03727	CDS	687				hypothetical protein
EKHJKCLP_03728	CDS	786				hypothetical protein
EKHJKCLP_03729	CDS	1344	tuaD_2	1.1.1.22	COG1004	UDP-glucose 6-dehydrogenase TuaD
EKHJKCLP_03730	CDS	627	wecA_1	2.7.8.40	COG2148	UDP-N-acetylgalactosamine-undecaprenyl-phosphate N-acetylgalactosaminephosphotransferase
EKHJKCLP_03731	CDS	786				hypothetical protein
EKHJKCLP_03732	CDS	1227	mshA_8	2.4.1.250		D-inositol-3-phosphate glycosyltransferase
EKHJKCLP_03733	CDS	1227				hypothetical protein
EKHJKCLP_03734	CDS	900				hypothetical protein
EKHJKCLP_03735	CDS	912				hypothetical protein
EKHJKCLP_03736	CDS	1137				hypothetical protein
EKHJKCLP_03737	CDS	798				hypothetical protein
EKHJKCLP_03738	CDS	1530				hypothetical protein
EKHJKCLP_03739	CDS	1053	lpsL_2	5.1.3.6	COG0451	UDP-glucuronate 4-epimerase
EKHJKCLP_03740	CDS	168				hypothetical protein
EKHJKCLP_03741	CDS	594	rfaH_3			Transcription antitermination protein RfaH
EKHJKCLP_03742	CDS	945	xerC_43			Tyrosine recombinase XerC
EKHJKCLP_03743	CDS	1608				hypothetical protein
EKHJKCLP_03744	CDS	906				IS1595 family transposase ISCco4
EKHJKCLP_03745	CDS	1113				hypothetical protein
EKHJKCLP_03746	CDS	3228	pyrAB_2	6.3.4.16	COG0458	Carbamoyl phosphate synthase pyrimidine-specific large chain
EKHJKCLP_03747	CDS	1080	carA	6.3.5.5		Carbamoyl phosphate synthase small chain
EKHJKCLP_03748	CDS	1884	purF_2	2.4.2.14	COG0034	Amidophosphoribosyltransferase
EKHJKCLP_03749	CDS	4548	gltB	1.4.7.1	COG0067	Ferredoxin-dependent glutamate synthase 1
EKHJKCLP_03750	CDS	1347	gltD	1.4.1.13	COG0493	Glutamate synthase [NADPH] small chain
EKHJKCLP_03751	CDS	1668	asnB	6.3.5.4	COG0367	Asparagine synthetase B [glutamine-hydrolyzing]
EKHJKCLP_03752	CDS	768	UgpQ_2	3.1.4.46	COG0584	Glycerophosphodiester phosphodiesterase
EKHJKCLP_03753	CDS	1662				IS1182 family transposase ISBf3
EKHJKCLP_03754	CDS	180				hypothetical protein
EKHJKCLP_03755	CDS	297				hypothetical protein
EKHJKCLP_03756	CDS	864	dapF	5.1.1.7	COG0253	Diaminopimelate epimerase
EKHJKCLP_03757	CDS	1233	dapL_3	2.6.1.83	COG0436	LL-diaminopimelate aminotransferase
EKHJKCLP_03758	CDS	114				hypothetical protein
EKHJKCLP_03759	CDS	2190	glnA_3	6.3.1.2		Glutamine synthetase
EKHJKCLP_03760	CDS	579				hypothetical protein
EKHJKCLP_03761	CDS	2088	ppk_1	2.7.4.1	COG0855	Polyphosphate kinase
EKHJKCLP_03762	CDS	942	ppx2	3.6.1.11		Exopolyphosphatase 2
EKHJKCLP_03763	CDS	2355				hypothetical protein
EKHJKCLP_03764	CDS	1860				hypothetical protein
EKHJKCLP_03765	CDS	1146	yqhD	1.1.1.2	COG1979	NADPH-dependent aldehyde reductase YqhD
EKHJKCLP_03766	CDS	141				hypothetical protein
EKHJKCLP_03767	CDS	1197	trpB1	4.2.1.20	COG0133	Tryptophan synthase beta chain 1
EKHJKCLP_03768	CDS	1407	trpE	4.1.3.27		Anthranilate synthase component 1
EKHJKCLP_03769	CDS	567	trpG	4.1.3.27		Anthranilate synthase component 2
EKHJKCLP_03770	CDS	996	trpD2	2.4.2.18	COG0547	Anthranilate phosphoribosyltransferase 2
EKHJKCLP_03771	CDS	783				hypothetical protein
EKHJKCLP_03772	CDS	621	trpF	5.3.1.24	COG0135	N-(5'-phosphoribosyl)anthranilate isomerase
EKHJKCLP_03773	CDS	771	trpA	4.2.1.20	COG0159	Tryptophan synthase alpha chain
EKHJKCLP_03774	CDS	1041	ansA_2	3.5.1.1	COG0252	L-asparaginase 1
EKHJKCLP_03775	CDS	2361				hypothetical protein
EKHJKCLP_03776	CDS	366	phoB_2		COG0745	Phosphate regulon transcriptional regulatory protein PhoB
EKHJKCLP_03777	CDS	1167				hypothetical protein
EKHJKCLP_03778	CDS	942				hypothetical protein
EKHJKCLP_03779	CDS	648	dapH_2	2.3.1.89		2,3,4,5-tetrahydropyridine-2,6-dicarboxylate N-acetyltransferase
EKHJKCLP_03780	CDS	612				hypothetical protein
EKHJKCLP_03781	CDS	669				hypothetical protein
EKHJKCLP_03782	CDS	1176	purH_2		COG0138	Bifunctional purine biosynthesis protein PurH
EKHJKCLP_03783	CDS	2037				hypothetical protein
EKHJKCLP_03784	CDS	507			COG0716	Flavodoxin 1
EKHJKCLP_03785	CDS	363				hypothetical protein
EKHJKCLP_03786	CDS	936	mneS		COG0053	Manganese efflux system protein MneS
EKHJKCLP_03787	CDS	234				hypothetical protein
EKHJKCLP_03788	CDS	2340	btuB_6			Vitamin B12 transporter BtuB
EKHJKCLP_03789	CDS	465				hypothetical protein
EKHJKCLP_03790	CDS	1875	btuB_7			Vitamin B12 transporter BtuB
EKHJKCLP_03791	CDS	381				hypothetical protein
EKHJKCLP_03792	CDS	1599	aspT_3			Aspartate/alanine antiporter
EKHJKCLP_03793	CDS	984				hypothetical protein
EKHJKCLP_03794	CDS	672				hypothetical protein
EKHJKCLP_03795	CDS	2142	cirA		COG4771	Colicin I receptor
EKHJKCLP_03796	CDS	4218	cobN	6.6.1.2		Aerobic cobaltochelatase subunit CobN
EKHJKCLP_03797	CDS	702				hypothetical protein
EKHJKCLP_03798	CDS	615				hypothetical protein
EKHJKCLP_03799	CDS	327				hypothetical protein
EKHJKCLP_03800	CDS	261				hypothetical protein
EKHJKCLP_03801	CDS	669	kdgA	4.1.2.14	COG0800	2-dehydro-3-deoxy-phosphogluconate aldolase
EKHJKCLP_03802	CDS	1026	iolC	2.7.1.92		5-dehydro-2-deoxygluconokinase
EKHJKCLP_03803	CDS	1065	purR_2			HTH-type transcriptional repressor PurR
EKHJKCLP_03804	CDS	1491	uxaA	4.2.1.7	COG2721	Altronate dehydratase
EKHJKCLP_03805	CDS	2670				hypothetical protein
EKHJKCLP_03806	CDS	1605				hypothetical protein
EKHJKCLP_03807	CDS	1071	emrA_3			Colistin resistance protein EmrA
EKHJKCLP_03808	CDS	1320				hypothetical protein
EKHJKCLP_03809	CDS	519				hypothetical protein
EKHJKCLP_03810	CDS	600				hypothetical protein
EKHJKCLP_03811	CDS	297				hypothetical protein
EKHJKCLP_03812	CDS	1353	creD		COG4452	Inner membrane protein CreD
EKHJKCLP_03813	CDS	657				hypothetical protein
EKHJKCLP_03814	CDS	1680				hypothetical protein
EKHJKCLP_03815	CDS	699				hypothetical protein
EKHJKCLP_03816	CDS	1332	potD		COG0687	Spermidine/putrescine-binding periplasmic protein
EKHJKCLP_03817	CDS	795	potC		COG1177	Spermidine/putrescine transport system permease protein PotC
EKHJKCLP_03818	CDS	801	potH		COG1176	Putrescine transport system permease protein PotH
EKHJKCLP_03819	CDS	1392	uup_2	3.6.1.-		ATP-binding protein Uup
EKHJKCLP_03820	CDS	1104	resA_15			Thiol-disulfide oxidoreductase ResA
EKHJKCLP_03821	CDS	609				hypothetical protein
EKHJKCLP_03822	CDS	918				IS1182 family transposase ISMsp1
EKHJKCLP_03823	CDS	2565	glgP_2	2.4.1.1	COG0058	Glycogen phosphorylase
EKHJKCLP_03824	CDS	1662				hypothetical protein
EKHJKCLP_03825	CDS	462	ntpK		COG0636	V-type sodium ATPase subunit K
EKHJKCLP_03826	CDS	1824	ntpI		COG1269	V-type sodium ATPase subunit I
EKHJKCLP_03827	CDS	606	atpD_2			A-type ATP synthase subunit D
EKHJKCLP_03828	CDS	1326	ntpB		COG1156	V-type sodium ATPase subunit B
EKHJKCLP_03829	CDS	1761	atpA_2	7.1.2.2	COG1155	V-type ATP synthase alpha chain
EKHJKCLP_03830	CDS	843				hypothetical protein
EKHJKCLP_03831	CDS	591	atpE_2			A-type ATP synthase subunit E
EKHJKCLP_03832	rRNA	111				5S ribosomal RNA
EKHJKCLP_03833	rRNA	2880				23S ribosomal RNA
EKHJKCLP_03834	tRNA	75				tRNA-Ala(tgc)
EKHJKCLP_03835	tRNA	75				tRNA-Ile(gat)
EKHJKCLP_03836	rRNA	1529				16S ribosomal RNA
EKHJKCLP_03837	CDS	1008				hypothetical protein
EKHJKCLP_03838	CDS	1263				hypothetical protein
EKHJKCLP_03839	CDS	402				hypothetical protein
EKHJKCLP_03840	CDS	861	sigA			RNA polymerase sigma factor SigA
EKHJKCLP_03841	CDS	1536	degQ	3.4.21.107	COG0265	Periplasmic pH-dependent serine endoprotease DegQ
EKHJKCLP_03842	CDS	1152		5.1.1.20	COG4948	L-Ala-D/L-Glu epimerase
EKHJKCLP_03843	CDS	987	ykfC	3.4.14.13		Gamma-D-glutamyl-L-lysine dipeptidyl-peptidase
EKHJKCLP_03844	CDS	1320				hypothetical protein
EKHJKCLP_03845	CDS	3291	tri1_1	3.4.21.-	COG0793	Tricorn protease 
EKHJKCLP_03846	CDS	546	IYD	1.21.1.1	COG0778	Iodotyrosine deiodinase
EKHJKCLP_03847	CDS	603	ribE	2.5.1.9	COG0307	Riboflavin synthase
EKHJKCLP_03848	CDS	654				hypothetical protein
EKHJKCLP_03849	CDS	258				hypothetical protein
EKHJKCLP_03850	CDS	495				hypothetical protein
EKHJKCLP_03851	CDS	1533				hypothetical protein
EKHJKCLP_03852	CDS	153				hypothetical protein
EKHJKCLP_03853	CDS	96				hypothetical protein
EKHJKCLP_03854	CDS	384				hypothetical protein
EKHJKCLP_03855	CDS	432				hypothetical protein
EKHJKCLP_03856	CDS	636	tnpR_2			Transposon gamma-delta resolvase
EKHJKCLP_03857	CDS	1023				hypothetical protein
EKHJKCLP_03858	CDS	1053				hypothetical protein
EKHJKCLP_03859	CDS	174				hypothetical protein
EKHJKCLP_03860	CDS	1755	xerC_44			Tyrosine recombinase XerC
EKHJKCLP_03861	CDS	690	phoU		COG0704	Phosphate-specific transport system accessory protein PhoU 
EKHJKCLP_03862	CDS	759	pstB3	7.3.2.1	COG1117	Phosphate import ATP-binding protein PstB 3
EKHJKCLP_03863	CDS	876	pstA		COG0581	Phosphate transport system permease protein PstA
EKHJKCLP_03864	CDS	1278				hypothetical protein
EKHJKCLP_03865	CDS	813	pstS			Phosphate-binding protein PstS
EKHJKCLP_03866	CDS	1740	glnS	6.1.1.18	COG0008	Glutamine--tRNA ligase
EKHJKCLP_03867	CDS	1446	bepA_3	3.4.-.-		Beta-barrel assembly-enhancing protease
EKHJKCLP_03868	CDS	648	uptA		COG0586	Undecaprenyl phosphate transporter A
EKHJKCLP_03869	CDS	885				hypothetical protein
EKHJKCLP_03870	CDS	501	tpx	1.11.1.24		Thiol peroxidase
EKHJKCLP_03871	CDS	564				hypothetical protein
EKHJKCLP_03872	CDS	480				hypothetical protein
EKHJKCLP_03873	CDS	669			COG0325	Pyridoxal phosphate homeostasis protein
EKHJKCLP_03874	CDS	978	preA	1.3.1.1	COG0167	NAD-dependent dihydropyrimidine dehydrogenase subunit PreA
EKHJKCLP_03875	CDS	1326	phoH2	3.1.-.-	COG1875	Protein PhoH2
EKHJKCLP_03876	CDS	1482	murE_2	6.3.2.7		UDP-N-acetylmuramoyl-L-alanyl-D-glutamate--2,6-diaminopimelate ligase
EKHJKCLP_03877	CDS	375	ridA	3.5.99.10		2-iminobutanoate/2-iminopropanoate deaminase
EKHJKCLP_03878	CDS	486				hypothetical protein
EKHJKCLP_03879	CDS	360				hypothetical protein
EKHJKCLP_03880	CDS	2328				hypothetical protein
EKHJKCLP_03881	CDS	486				hypothetical protein
EKHJKCLP_03882	CDS	99				hypothetical protein
EKHJKCLP_03883	CDS	444				hypothetical protein
EKHJKCLP_03884	CDS	234				hypothetical protein
EKHJKCLP_03885	CDS	627	wecA_2	2.7.8.40	COG2148	UDP-N-acetylgalactosamine-undecaprenyl-phosphate N-acetylgalactosaminephosphotransferase
EKHJKCLP_03886	CDS	771	tuaG	2.4.-.-	COG1215	Putative teichuronic acid biosynthesis glycosyltransferase TuaG
EKHJKCLP_03887	CDS	1080	wclY	2.4.1.-		O-antigen biosynthesis glycosyltransferase WclY
EKHJKCLP_03888	CDS	1038	gtfA_3	2.4.1.-		UDP-N-acetylglucosamine--peptide N-acetylglucosaminyltransferase GtfA subunit
EKHJKCLP_03889	CDS	1149				hypothetical protein
EKHJKCLP_03890	CDS	738				hypothetical protein
EKHJKCLP_03891	CDS	126				hypothetical protein
EKHJKCLP_03892	CDS	996				hypothetical protein
EKHJKCLP_03893	CDS	1071			COG3385	IS4 family transposase ISDpr1
EKHJKCLP_03894	CDS	678	neuO	2.3.1.136		Polysialic acid O-acetyltransferase
EKHJKCLP_03895	CDS	132				hypothetical protein
EKHJKCLP_03896	CDS	171				hypothetical protein
EKHJKCLP_03897	CDS	1071				hypothetical protein
EKHJKCLP_03898	CDS	99				hypothetical protein
EKHJKCLP_03899	CDS	1131				hypothetical protein
EKHJKCLP_03900	CDS	2409				hypothetical protein
EKHJKCLP_03901	CDS	594	rfaH_4			Transcription antitermination protein RfaH
EKHJKCLP_03902	CDS	945	xerC_45			Tyrosine recombinase XerC
EKHJKCLP_03903	CDS	2259				hypothetical protein
EKHJKCLP_03904	CDS	1224	xerC_46			Tyrosine recombinase XerC
EKHJKCLP_03905	CDS	1290	xerC_47			Tyrosine recombinase XerC
EKHJKCLP_03906	CDS	360				hypothetical protein
EKHJKCLP_03907	CDS	312				hypothetical protein
EKHJKCLP_03908	CDS	294				hypothetical protein
EKHJKCLP_03909	CDS	252				hypothetical protein
EKHJKCLP_03910	CDS	993				hypothetical protein
EKHJKCLP_03911	CDS	456				hypothetical protein
EKHJKCLP_03912	CDS	1284				hypothetical protein
EKHJKCLP_03913	CDS	327				hypothetical protein
EKHJKCLP_03914	CDS	294				hypothetical protein
EKHJKCLP_03915	CDS	267				hypothetical protein
EKHJKCLP_03916	CDS	180				hypothetical protein
EKHJKCLP_03917	CDS	279				hypothetical protein
EKHJKCLP_03918	CDS	387				hypothetical protein
EKHJKCLP_03919	CDS	198				hypothetical protein
EKHJKCLP_03920	CDS	1953				hypothetical protein
EKHJKCLP_03921	CDS	444				hypothetical protein
EKHJKCLP_03922	CDS	585				hypothetical protein
EKHJKCLP_03923	CDS	921				hypothetical protein
EKHJKCLP_03924	CDS	1281				hypothetical protein
EKHJKCLP_03925	CDS	300				hypothetical protein
EKHJKCLP_03926	CDS	624				hypothetical protein
EKHJKCLP_03927	CDS	1080				hypothetical protein
EKHJKCLP_03928	CDS	621				hypothetical protein
EKHJKCLP_03929	CDS	315				hypothetical protein
EKHJKCLP_03930	CDS	1695				hypothetical protein
EKHJKCLP_03931	CDS	1662	ltrA_4			Group II intron-encoded protein LtrA
EKHJKCLP_03932	CDS	939				hypothetical protein
EKHJKCLP_03933	CDS	324				hypothetical protein
EKHJKCLP_03934	CDS	303				hypothetical protein
EKHJKCLP_03935	CDS	741				hypothetical protein
EKHJKCLP_03936	CDS	420				hypothetical protein
EKHJKCLP_03937	CDS	423				hypothetical protein
EKHJKCLP_03938	CDS	753				hypothetical protein
EKHJKCLP_03939	CDS	423				hypothetical protein
EKHJKCLP_03940	CDS	1146				hypothetical protein
EKHJKCLP_03941	CDS	2010				hypothetical protein
EKHJKCLP_03942	CDS	282				hypothetical protein
EKHJKCLP_03943	CDS	396				hypothetical protein
EKHJKCLP_03944	CDS	387				hypothetical protein
EKHJKCLP_03945	CDS	591				hypothetical protein
EKHJKCLP_03946	CDS	546				hypothetical protein
EKHJKCLP_03947	CDS	606				hypothetical protein
EKHJKCLP_03948	CDS	615				hypothetical protein
EKHJKCLP_03949	CDS	756				hypothetical protein
EKHJKCLP_03950	CDS	252				hypothetical protein
EKHJKCLP_03951	CDS	240				hypothetical protein
EKHJKCLP_03952	CDS	342				hypothetical protein
EKHJKCLP_03953	CDS	894				hypothetical protein
EKHJKCLP_03954	CDS	600				hypothetical protein
EKHJKCLP_03955	CDS	426				hypothetical protein
EKHJKCLP_03956	CDS	465				hypothetical protein
EKHJKCLP_03957	CDS	477				hypothetical protein
EKHJKCLP_03958	CDS	1119	xerC_48			Tyrosine recombinase XerC
EKHJKCLP_03959	CDS	168				hypothetical protein
EKHJKCLP_03960	CDS	1458				hypothetical protein
EKHJKCLP_03961	CDS	216				hypothetical protein
EKHJKCLP_03962	CDS	2100	topB_8	5.6.2.1	COG0550	DNA topoisomerase 3
EKHJKCLP_03963	CDS	450				hypothetical protein
EKHJKCLP_03964	CDS	6123				hypothetical protein
EKHJKCLP_03965	CDS	1014	yhcG_8	3.1.-.-	COG4804	Putative nuclease YhcG
EKHJKCLP_03966	CDS	327				hypothetical protein
EKHJKCLP_03967	CDS	312				hypothetical protein
EKHJKCLP_03968	CDS	861				hypothetical protein
EKHJKCLP_03969	CDS	858				hypothetical protein
EKHJKCLP_03970	CDS	1707				hypothetical protein
EKHJKCLP_03971	CDS	744		2.1.1.-		Putative TrmH family tRNA/rRNA methyltransferase
EKHJKCLP_03972	CDS	1662	recN		COG0497	DNA repair protein RecN
EKHJKCLP_03973	CDS	1218	undec1A	4.1.1.-		Cysteine/Cysteine sulfinic acid decarboxylase
EKHJKCLP_03974	CDS	780	dinG	3.1.-.-		3'-5' exonuclease DinG
EKHJKCLP_03975	CDS	1125	dnaN_3			Beta sliding clamp
EKHJKCLP_03976	CDS	375				hypothetical protein
EKHJKCLP_03977	CDS	1569				hypothetical protein
EKHJKCLP_03978	CDS	759	phnP	3.1.4.55	COG1235	Phosphoribosyl 1,2-cyclic phosphate phosphodiesterase
EKHJKCLP_03979	CDS	990	murB	1.3.1.98		UDP-N-acetylenolpyruvoylglucosamine reductase
EKHJKCLP_03980	CDS	849				hypothetical protein
EKHJKCLP_03981	CDS	954				putative epimerase/dehydratase
EKHJKCLP_03982	CDS	1290	kbl	2.3.1.29	COG0156	2-amino-3-ketobutyrate coenzyme A ligase
EKHJKCLP_03983	CDS	405				hypothetical protein
EKHJKCLP_03984	CDS	480	ftnA_3	1.16.3.2		Bacterial non-heme ferritin
EKHJKCLP_03985	CDS	1161	lysA_2	4.1.1.20	COG0019	Diaminopimelate decarboxylase
EKHJKCLP_03986	CDS	1320	lysC	2.7.2.4	COG0527	Lysine-sensitive aspartokinase 3
EKHJKCLP_03987	CDS	726	ftsE		COG2884	Cell division ATP-binding protein FtsE
EKHJKCLP_03988	CDS	612	hisI			Histidine biosynthesis bifunctional protein HisIE
EKHJKCLP_03989	CDS	753	hisF	4.3.2.10	COG0107	Imidazole glycerol phosphate synthase subunit HisF
EKHJKCLP_03990	CDS	723	hisA	5.3.1.16	COG0106	1-(5-phosphoribosyl)-5-[(5-phosphoribosylamino)methylideneamino] imidazole-4-carboxamide isomerase
EKHJKCLP_03991	CDS	591	hisH	4.3.2.10	COG0118	Imidazole glycerol phosphate synthase subunit HisH
EKHJKCLP_03992	CDS	855	purU	3.5.1.10	COG0788	Formyltetrahydrofolate deformylase
EKHJKCLP_03993	tRNA	75				tRNA-Asp(gtc)
EKHJKCLP_03994	tRNA	75				tRNA-Asp(gtc)
EKHJKCLP_03995	CDS	597	ydeA	3.2.-.-	COG0693	putative protease YdeA
EKHJKCLP_03996	CDS	420				hypothetical protein
EKHJKCLP_03997	CDS	888	rhaR_6			HTH-type transcriptional activator RhaR
EKHJKCLP_03998	CDS	1365	mdtK_1			Multidrug resistance protein MdtK
EKHJKCLP_03999	CDS	327	gdnD		COG2076	putative guanidinium efflux system subunit GdnD
EKHJKCLP_04000	CDS	564				hypothetical protein
EKHJKCLP_04001	CDS	156				hypothetical protein
EKHJKCLP_04002	CDS	1530				hypothetical protein
EKHJKCLP_04003	CDS	1275	hemW_2		COG0635	Heme chaperone HemW
EKHJKCLP_04004	CDS	855				hypothetical protein
EKHJKCLP_04005	CDS	1011				hypothetical protein
EKHJKCLP_04006	CDS	1074				hypothetical protein
EKHJKCLP_04007	CDS	1128			COG2885	Outer membrane protein 41
EKHJKCLP_04008	CDS	192				hypothetical protein
EKHJKCLP_04009	CDS	93				hypothetical protein
EKHJKCLP_04010	CDS	933				hypothetical protein
EKHJKCLP_04011	CDS	189				hypothetical protein
EKHJKCLP_04012	CDS	297				hypothetical protein
EKHJKCLP_04013	CDS	261				hypothetical protein
EKHJKCLP_04014	CDS	267				hypothetical protein
EKHJKCLP_04015	CDS	303				hypothetical protein
EKHJKCLP_04016	CDS	108				hypothetical protein
EKHJKCLP_04017	CDS	957				hypothetical protein
EKHJKCLP_04018	CDS	516				hypothetical protein
EKHJKCLP_04019	CDS	1128			COG2885	Outer membrane protein 40
EKHJKCLP_04020	CDS	1089				hypothetical protein
EKHJKCLP_04021	CDS	1158	patB_2	4.4.1.13	COG1168	Cystathionine beta-lyase PatB
EKHJKCLP_04022	CDS	864				hypothetical protein
EKHJKCLP_04023	CDS	1032				putative protein
EKHJKCLP_04024	CDS	165				hypothetical protein
EKHJKCLP_04025	CDS	1758	dxs_3	2.2.1.7	COG1154	1-deoxy-D-xylulose-5-phosphate synthase
EKHJKCLP_04026	CDS	3288	tri1_2	3.4.21.-	COG0793	Tricorn protease 
EKHJKCLP_04027	CDS	822				hypothetical protein
EKHJKCLP_04028	CDS	540				hypothetical protein
EKHJKCLP_04029	CDS	630	bluB	1.13.11.79	COG0778	5,6-dimethylbenzimidazole synthase
EKHJKCLP_04030	CDS	855	rhaR_7			HTH-type transcriptional activator RhaR
EKHJKCLP_04031	CDS	690				hypothetical protein
EKHJKCLP_04032	CDS	1278				hypothetical protein
EKHJKCLP_04033	CDS	792	ccsA_3			Cytochrome c biogenesis protein CcsA
EKHJKCLP_04034	CDS	1236	ccs1			Cytochrome c biogenesis protein Ccs1
EKHJKCLP_04035	CDS	1482	nrfA	1.7.2.2	COG3303	Cytochrome c-552
EKHJKCLP_04036	CDS	597	nrfH		COG3005	Cytochrome c-type protein NrfH
EKHJKCLP_04037	CDS	483				hypothetical protein
EKHJKCLP_04038	CDS	2157	btuB_8			Vitamin B12 transporter BtuB
EKHJKCLP_04039	CDS	165				hypothetical protein
EKHJKCLP_04040	CDS	702				hypothetical protein
EKHJKCLP_04041	CDS	276				hypothetical protein
EKHJKCLP_04042	CDS	417				hypothetical protein
EKHJKCLP_04043	CDS	825				hypothetical protein
EKHJKCLP_04044	CDS	603		3.1.-.-	COG0322	Putative bifunctional exonuclease/endonuclease protein
EKHJKCLP_04045	CDS	1170	uxuA	4.2.1.8	COG1312	Mannonate dehydratase
EKHJKCLP_04046	CDS	813	uxuB	1.-.-.-	COG1028	putative oxidoreductase UxuB
EKHJKCLP_04047	CDS	1071	purR_3			HTH-type transcriptional repressor PurR
EKHJKCLP_04048	CDS	288				hypothetical protein
EKHJKCLP_04049	CDS	246				hypothetical protein
EKHJKCLP_04050	CDS	159				hypothetical protein
EKHJKCLP_04051	CDS	1203	fsr		COG2223	Fosmidomycin resistance protein
EKHJKCLP_04052	CDS	1482				hypothetical protein
EKHJKCLP_04053	CDS	3126			COG4771	TonB-dependent receptor P3
EKHJKCLP_04054	CDS	1110				hypothetical protein
EKHJKCLP_04055	CDS	2442	bioA	2.6.1.62		Adenosylmethionine-8-amino-7-oxononanoate aminotransferase
EKHJKCLP_04056	CDS	1155	bioF	2.3.1.47		8-amino-7-oxononanoate synthase
EKHJKCLP_04057	CDS	660			COG2830	putative protein
EKHJKCLP_04058	CDS	777	bioC_2	2.1.1.197		Malonyl-[acyl-carrier protein] O-methyltransferase
EKHJKCLP_04059	CDS	651	bioD1	6.3.3.3	COG0132	ATP-dependent dethiobiotin synthetase BioD 1
EKHJKCLP_04060	CDS	525				hypothetical protein
EKHJKCLP_04061	CDS	1512	cfiB	6.4.1.7	COG0439	2-oxoglutarate carboxylase small subunit
EKHJKCLP_04062	CDS	1545	pccB_1	6.4.1.3	COG4799	Propionyl-CoA carboxylase beta chain
EKHJKCLP_04063	CDS	588				hypothetical protein
EKHJKCLP_04064	CDS	1452				hypothetical protein
EKHJKCLP_04065	CDS	1500	glcA		COG1620	Glycolate permease GlcA
EKHJKCLP_04066	CDS	294				hypothetical protein
EKHJKCLP_04067	CDS	750				hypothetical protein
EKHJKCLP_04068	CDS	498				hypothetical protein
EKHJKCLP_04069	CDS	1320				hypothetical protein
EKHJKCLP_04070	CDS	543				hypothetical protein
EKHJKCLP_04071	CDS	1545				hypothetical protein
EKHJKCLP_04072	CDS	1110	nedA	3.2.1.18		Sialidase
EKHJKCLP_04073	CDS	1458			COG0702	SusD-like protein P38
EKHJKCLP_04074	CDS	3264			COG4771	TonB-dependent receptor P39
EKHJKCLP_04075	CDS	1425				hypothetical protein
EKHJKCLP_04076	CDS	1236				hypothetical protein
EKHJKCLP_04077	CDS	1641				hypothetical protein
EKHJKCLP_04078	CDS	912	nanA_2	4.1.3.3	COG0329	N-acetylneuraminate lyase
EKHJKCLP_04079	CDS	1023	nanM_2	5.1.3.24		N-acetylneuraminate epimerase
EKHJKCLP_04080	CDS	753	nanR			HTH-type transcriptional repressor NanR
EKHJKCLP_04081	CDS	165				hypothetical protein
EKHJKCLP_04082	CDS	2421				hypothetical protein
EKHJKCLP_04083	CDS	717	yknY_6	7.6.2.-	COG1136	putative ABC transporter ATP-binding protein YknY
EKHJKCLP_04084	CDS	2409				hypothetical protein
EKHJKCLP_04085	CDS	1248	mdtA_5			Multidrug resistance protein MdtA
EKHJKCLP_04086	CDS	1302				hypothetical protein
EKHJKCLP_04087	CDS	1359	zraR_9			Transcriptional regulatory protein ZraR
EKHJKCLP_04088	CDS	1254	sasA_9	2.7.13.3		Adaptive-response sensory-kinase SasA
EKHJKCLP_04089	CDS	1026				hypothetical protein
EKHJKCLP_04090	CDS	1173				hypothetical protein
EKHJKCLP_04091	CDS	1245	lolE_2		COG4591	Lipoprotein-releasing system transmembrane protein LolE
EKHJKCLP_04092	CDS	1200	aspC	2.6.1.1	COG0436	Aspartate aminotransferase
EKHJKCLP_04093	CDS	1236				hypothetical protein
EKHJKCLP_04094	CDS	2049	cslA_2	4.2.2.5	COG5492	Chondroitinase-AC
EKHJKCLP_04095	CDS	849				hypothetical protein
EKHJKCLP_04096	CDS	1869	ettA_2	3.6.1.-	COG0488	Energy-dependent translational throttle protein EttA
EKHJKCLP_04097	CDS	807				hypothetical protein
EKHJKCLP_04098	CDS	1194				hypothetical protein
EKHJKCLP_04099	CDS	690	resD		COG0745	Transcriptional regulatory protein ResD
EKHJKCLP_04100	CDS	1782	sasA_10	2.7.13.3		Adaptive-response sensory-kinase SasA
EKHJKCLP_04101	CDS	939				hypothetical protein
EKHJKCLP_04102	CDS	2043	btuB_9			Vitamin B12 transporter BtuB
EKHJKCLP_04103	CDS	1983				hypothetical protein
EKHJKCLP_04104	CDS	744				hypothetical protein
EKHJKCLP_04105	CDS	633				hypothetical protein
EKHJKCLP_04106	CDS	1356				hypothetical protein
EKHJKCLP_04107	CDS	480	ssb		COG0629	Single-stranded DNA-binding protein
EKHJKCLP_04108	CDS	1059	mutY	3.2.2.31		Adenine DNA glycosylase
EKHJKCLP_04109	CDS	276			COG0776	DNA-binding protein HU
EKHJKCLP_04110	CDS	1641	rng	3.1.26.-	COG1530	Ribonuclease G
EKHJKCLP_04111	CDS	852				hypothetical protein
EKHJKCLP_04112	CDS	2967				hypothetical protein
EKHJKCLP_04113	CDS	420				hypothetical protein
EKHJKCLP_04114	CDS	1230	xerC_49			Tyrosine recombinase XerC
EKHJKCLP_04115	CDS	1212	xerC_50			Tyrosine recombinase XerC
EKHJKCLP_04116	CDS	294				hypothetical protein
EKHJKCLP_04117	CDS	120				hypothetical protein
EKHJKCLP_04118	CDS	840				hypothetical protein
EKHJKCLP_04119	CDS	1281				hypothetical protein
EKHJKCLP_04120	CDS	396				hypothetical protein
EKHJKCLP_04121	CDS	258				hypothetical protein
EKHJKCLP_04122	CDS	519				hypothetical protein
EKHJKCLP_04123	CDS	489				hypothetical protein
EKHJKCLP_04124	CDS	1170				hypothetical protein
EKHJKCLP_04125	CDS	1869				hypothetical protein
EKHJKCLP_04126	CDS	1968				hypothetical protein
EKHJKCLP_04127	CDS	1719			COG0702	SusD-like protein P2
EKHJKCLP_04128	CDS	3405	susC_10		COG1629	TonB-dependent receptor SusC
EKHJKCLP_04129	CDS	969				hypothetical protein
EKHJKCLP_04130	CDS	570				hypothetical protein
EKHJKCLP_04131	CDS	165				hypothetical protein
EKHJKCLP_04132	CDS	915				hypothetical protein
EKHJKCLP_04133	CDS	264				hypothetical protein
EKHJKCLP_04134	CDS	411				hypothetical protein
EKHJKCLP_04135	CDS	120				hypothetical protein
EKHJKCLP_04136	CDS	198				hypothetical protein
EKHJKCLP_04137	CDS	294				hypothetical protein
EKHJKCLP_04138	CDS	294	xerC_51			Tyrosine recombinase XerC
EKHJKCLP_04139	CDS	348				hypothetical protein
EKHJKCLP_04140	CDS	567				hypothetical protein
EKHJKCLP_04141	CDS	759	fpuD_2	7.2.2.-		Petrobactin import ATP-binding protein FpuD
EKHJKCLP_04142	CDS	981	hmuU_2		COG0609	Hemin transport system permease protein HmuU
EKHJKCLP_04143	CDS	1140				hypothetical protein
EKHJKCLP_04144	CDS	2058	btuB_10			Vitamin B12 transporter BtuB
EKHJKCLP_04145	CDS	1101				hypothetical protein
EKHJKCLP_04146	CDS	2091				hypothetical protein
EKHJKCLP_04147	CDS	1782				hypothetical protein
EKHJKCLP_04148	CDS	918				hypothetical protein
EKHJKCLP_04149	CDS	639				hypothetical protein
EKHJKCLP_04150	CDS	171				hypothetical protein
EKHJKCLP_04151	CDS	780				hypothetical protein
EKHJKCLP_04152	CDS	306				hypothetical protein
EKHJKCLP_04153	CDS	630				hypothetical protein
EKHJKCLP_04154	CDS	1383	dnaC_3	5.6.2.3	COG0305	Replicative DNA helicase DnaC
EKHJKCLP_04155	CDS	510				hypothetical protein
EKHJKCLP_04156	CDS	285				hypothetical protein
EKHJKCLP_04157	CDS	450				hypothetical protein
EKHJKCLP_04158	CDS	2538				hypothetical protein
EKHJKCLP_04159	CDS	993				hypothetical protein
EKHJKCLP_04160	CDS	936			COG0671	Phosphoinositol dihydroceramide synthase
EKHJKCLP_04161	CDS	651		2.7.8.-		Phosphatidylinositol phosphate synthase
EKHJKCLP_04162	CDS	468				hypothetical protein
EKHJKCLP_04163	CDS	480		3.1.3.64	COG1267	Putative phosphatidylinositol-3-phosphatase
EKHJKCLP_04164	CDS	1290		5.5.1.4	COG1260	Inositol-3-phosphate synthase 1
EKHJKCLP_04165	CDS	2544				hypothetical protein
EKHJKCLP_04166	CDS	1335	sasA_11	2.7.13.3		Adaptive-response sensory-kinase SasA
EKHJKCLP_04167	CDS	1356	atoC_3		COG2204	Regulatory protein AtoC
EKHJKCLP_04168	CDS	1479				hypothetical protein
EKHJKCLP_04169	CDS	2610	rcsC_42	2.7.13.3		Sensor histidine kinase RcsC
EKHJKCLP_04170	CDS	666	yknY_7	7.6.2.-	COG1136	putative ABC transporter ATP-binding protein YknY
EKHJKCLP_04171	CDS	1296				hypothetical protein
EKHJKCLP_04172	CDS	1296				hypothetical protein
EKHJKCLP_04173	CDS	1248				hypothetical protein
EKHJKCLP_04174	CDS	1371	ndhA	1.6.5.9	COG1252	Type II NADH:quinone oxidoreductase NdhA
EKHJKCLP_04175	CDS	906				hypothetical protein
EKHJKCLP_04176	CDS	483	cdd	3.5.4.5	COG0295	Cytidine deaminase
EKHJKCLP_04177	CDS	840				hypothetical protein
EKHJKCLP_04178	CDS	582	rclC		COG3059	Inner membrane protein RclC
EKHJKCLP_04179	CDS	1374	rclA_2		COG1249	putative pyridine nucleotide-disulfide oxidoreductase RclA
EKHJKCLP_04180	CDS	1653	ybiT_2		COG0488	putative ATP-binding protein YbiT
EKHJKCLP_04181	CDS	789	nudC_2	3.6.1.-	COG2816	NAD-capped RNA hydrolase NudC
EKHJKCLP_04182	CDS	564				hypothetical protein
EKHJKCLP_04183	CDS	1092	oatA	2.3.1.-	COG1835	O-acetyltransferase OatA
EKHJKCLP_04184	CDS	1173				hypothetical protein
EKHJKCLP_04185	CDS	1746	pgcA	5.4.2.2	COG1109	Phosphoglucomutase
EKHJKCLP_04186	CDS	1176				hypothetical protein
EKHJKCLP_04187	CDS	1164				hypothetical protein
EKHJKCLP_04188	CDS	1668				hypothetical protein
EKHJKCLP_04189	CDS	1641				hypothetical protein
EKHJKCLP_04190	CDS	1653				hypothetical protein
EKHJKCLP_04191	CDS	2625				hypothetical protein
EKHJKCLP_04192	CDS	3309			COG4771	TonB-dependent receptor P3
EKHJKCLP_04193	CDS	1332				hypothetical protein
EKHJKCLP_04194	CDS	936		1.6.5.9		NADH:quinone reductase
EKHJKCLP_04195	CDS	717				hypothetical protein
EKHJKCLP_04196	CDS	522				hypothetical protein
EKHJKCLP_04197	CDS	1053				hypothetical protein
EKHJKCLP_04198	CDS	552	sigW_7		COG1595	ECF RNA polymerase sigma factor SigW
EKHJKCLP_04199	CDS	849	nadC	2.4.2.19	COG0157	putative nicotinate-nucleotide pyrophosphorylase [carboxylating]
EKHJKCLP_04200	CDS	393				hypothetical protein
EKHJKCLP_04201	CDS	501	rlmH	2.1.1.177		Ribosomal RNA large subunit methyltransferase H
EKHJKCLP_04202	CDS	3210			COG4771	TonB-dependent receptor P3
EKHJKCLP_04203	CDS	1920				hypothetical protein
EKHJKCLP_04204	CDS	1353				hypothetical protein
EKHJKCLP_04205	CDS	2865				hypothetical protein
EKHJKCLP_04206	CDS	2679	lacZ_13	3.2.1.23		Beta-galactosidase
EKHJKCLP_04207	CDS	456	queF	1.7.1.13	COG0780	NADPH-dependent 7-cyano-7-deazaguanine reductase
EKHJKCLP_04208	CDS	660	queC	6.3.4.20	COG0603	7-cyano-7-deazaguanine synthase
EKHJKCLP_04209	CDS	681				queuosine precursor transporter
EKHJKCLP_04210	CDS	504	ecfG_3			ECF RNA polymerase sigma factor EcfG
EKHJKCLP_04211	CDS	1290				hypothetical protein
EKHJKCLP_04212	CDS	1338				hypothetical protein
EKHJKCLP_04213	CDS	1002	ldhA	1.1.1.28	COG1052	D-lactate dehydrogenase
EKHJKCLP_04214	CDS	705	yhhW	1.13.11.24	COG1741	Quercetin 2,3-dioxygenase
EKHJKCLP_04215	CDS	648	pdxH	1.4.3.5	COG0259	Pyridoxine/pyridoxamine 5'-phosphate oxidase
EKHJKCLP_04216	CDS	732				hypothetical protein
EKHJKCLP_04217	CDS	1146				hypothetical protein
EKHJKCLP_04218	CDS	378				hypothetical protein
EKHJKCLP_04219	CDS	186				hypothetical protein
EKHJKCLP_04220	CDS	732				hypothetical protein
EKHJKCLP_04221	CDS	603	resA_16			Thiol-disulfide oxidoreductase ResA
EKHJKCLP_04222	tRNA	75				tRNA-Thr(tgt)
EKHJKCLP_04223	CDS	318				hypothetical protein
EKHJKCLP_04224	CDS	687				hypothetical protein
EKHJKCLP_04225	CDS	537				hypothetical protein
EKHJKCLP_04226	CDS	1689				hypothetical protein
EKHJKCLP_04227	CDS	336				hypothetical protein
EKHJKCLP_04228	CDS	1656				IS1182 family transposase ISBthe2
EKHJKCLP_04229	CDS	879				hypothetical protein
EKHJKCLP_04230	tRNA	73				tRNA-Cys(gca)
EKHJKCLP_04231	CDS	216				hypothetical protein
EKHJKCLP_04232	CDS	2487	der_2			GTPase Der
EKHJKCLP_04233	CDS	1281	tilS	6.3.4.19	COG0037	tRNA(Ile)-lysidine synthase
EKHJKCLP_04234	CDS	837	rsxB_4	7.-.-.-		Ion-translocating oxidoreductase complex subunit B
EKHJKCLP_04235	CDS	2199	rho	3.6.4.-		Transcription termination factor Rho
EKHJKCLP_04236	CDS	186				hypothetical protein
EKHJKCLP_04237	CDS	1467		3.1.6.-	COG3119	Delta 4,5-hexuronate-2-O-sulfatase
EKHJKCLP_04238	CDS	1851	sasA_12	2.7.13.3		Adaptive-response sensory-kinase SasA
EKHJKCLP_04239	CDS	1965				hypothetical protein
EKHJKCLP_04240	CDS	1323	mdtK_2			Multidrug resistance protein MdtK
EKHJKCLP_04241	CDS	1323	ffh	3.6.5.4	COG0541	Signal recognition particle protein
EKHJKCLP_04242	CDS	879				hypothetical protein
EKHJKCLP_04243	CDS	786	ccsA_4			Cytochrome c biogenesis protein CcsA
EKHJKCLP_04244	CDS	1386	ccp	1.11.1.-	COG1858	Cytochrome c peroxidase Ccp
EKHJKCLP_04245	CDS	882	folD		COG0190	Bifunctional protein FolD protein
EKHJKCLP_04246	CDS	1155				hypothetical protein
EKHJKCLP_04247	tRNA	77				tRNA-His(gtg)
EKHJKCLP_04248	CDS	240				hypothetical protein
EKHJKCLP_04249	CDS	1857	ruvB_2	3.6.4.-		Holliday junction branch migration complex subunit RuvB
EKHJKCLP_04250	CDS	297				hypothetical protein
EKHJKCLP_04251	CDS	342				hypothetical protein
EKHJKCLP_04252	CDS	597				hypothetical protein
EKHJKCLP_04253	CDS	234				hypothetical protein
EKHJKCLP_04254	CDS	1461	pepD_2	3.4.13.18	COG2195	Cytosol non-specific dipeptidase
EKHJKCLP_04255	CDS	999				hypothetical protein
EKHJKCLP_04256	CDS	1176	ybdG_2		COG0668	Mechanosensing system component YbdG
EKHJKCLP_04257	CDS	1818				hypothetical protein
EKHJKCLP_04258	CDS	3075	lacZ_14	3.2.1.23	COG3250	Beta-galactosidase
EKHJKCLP_04259	CDS	2325				hypothetical protein
EKHJKCLP_04260	CDS	1584		3.1.6.-	COG3119	N-acetylglucosamine-6-O-sulfatase
EKHJKCLP_04261	CDS	1845				hypothetical protein
EKHJKCLP_04262	CDS	3213	susC_11		COG1629	TonB-dependent receptor SusC
EKHJKCLP_04263	CDS	759	murU	2.7.7.99	COG1208	N-acetylmuramate alpha-1-phosphate uridylyltransferase
EKHJKCLP_04264	CDS	1512	rapZ			RNase adapter protein RapZ
EKHJKCLP_04265	CDS	3948	rcsC_43	2.7.13.3		Sensor histidine kinase RcsC
EKHJKCLP_04266	CDS	657	tal	2.2.1.2	COG0176	Transaldolase
EKHJKCLP_04267	CDS	1053	fbaB_2	4.1.2.13	COG1830	Fructose-bisphosphate aldolase class 1
EKHJKCLP_04268	CDS	747	gpmA_2	5.4.2.11	COG0588	2,3-bisphosphoglycerate-dependent phosphoglycerate mutase
EKHJKCLP_04269	CDS	1869	rcsC_44	2.7.13.3		Sensor histidine kinase RcsC
EKHJKCLP_04270	CDS	1452	modF		COG1119	ABC transporter ATP-binding protein ModF
EKHJKCLP_04271	CDS	2001	pulA	3.2.1.41	COG1523	Pullulanase
EKHJKCLP_04272	CDS	567	ruvC	3.1.21.10		Crossover junction endodeoxyribonuclease RuvC
EKHJKCLP_04273	CDS	303				hypothetical protein
EKHJKCLP_04274	tRNA	75				tRNA-Ala(ggc)
EKHJKCLP_04275	CDS	213				hypothetical protein
EKHJKCLP_04276	CDS	939				hypothetical protein
EKHJKCLP_04277	CDS	2616				hypothetical protein
EKHJKCLP_04278	CDS	960				hypothetical protein
EKHJKCLP_04279	CDS	1353				hypothetical protein
EKHJKCLP_04280	CDS	732	opuBA		COG0517	Choline transport ATP-binding protein OpuBA
EKHJKCLP_04281	CDS	768	ribX		COG0600	Riboflavin transport system permease protein RibX
EKHJKCLP_04282	CDS	1014				hypothetical protein
EKHJKCLP_04283	CDS	1020	pheS	6.1.1.20	COG0016	Phenylalanine--tRNA ligase alpha subunit
EKHJKCLP_04284	CDS	1197	yfcJ			putative MFS-type transporter YfcJ
EKHJKCLP_04285	CDS	678	nth	4.2.99.18	COG0177	Endonuclease III
EKHJKCLP_04286	CDS	1260	pgk	2.7.2.3	COG0126	Phosphoglycerate kinase
EKHJKCLP_04287	CDS	969				hypothetical protein
EKHJKCLP_04288	CDS	1044				hypothetical protein
EKHJKCLP_04289	CDS	1185				hypothetical protein
EKHJKCLP_04290	CDS	2208				hypothetical protein
EKHJKCLP_04291	CDS	582	maf	3.6.1.9	COG0424	dTTP/UTP pyrophosphatase
EKHJKCLP_04292	CDS	522	kdsC	3.1.3.45	COG1778	3-deoxy-D-manno-octulosonate 8-phosphate phosphatase KdsC
EKHJKCLP_04293	CDS	795	proC_2	1.5.1.2		Pyrroline-5-carboxylate reductase
EKHJKCLP_04294	CDS	336				hypothetical protein
EKHJKCLP_04295	CDS	537				hypothetical protein
EKHJKCLP_04296	CDS	213				hypothetical protein
EKHJKCLP_04297	CDS	543	csh	3.13.1.5		Carbon disulfide hydrolase
EKHJKCLP_04298	CDS	1023				hypothetical protein
EKHJKCLP_04299	CDS	405	epi	5.1.99.-	COG0346	Ethylmalonyl-CoA/methylmalonyl-CoA epimerase
EKHJKCLP_04300	CDS	1554	pccB_2	6.4.1.3	COG4799	Propionyl-CoA carboxylase beta chain
EKHJKCLP_04301	CDS	918				hypothetical protein
EKHJKCLP_04302	CDS	435				hypothetical protein
EKHJKCLP_04303	CDS	1161	mmdB_1	7.2.4.3		Methylmalonyl-CoA decarboxylase subunit beta
EKHJKCLP_04304	CDS	1335				hypothetical protein
EKHJKCLP_04305	CDS	1005	fda	4.1.2.13	COG0191	Fructose-bisphosphate aldolase
EKHJKCLP_04306	CDS	255	rpmE2		COG0254	Large ribosomal subunit protein bL31B
EKHJKCLP_04307	CDS	468				hypothetical protein
EKHJKCLP_04308	CDS	1056	srpA_1			Solvent efflux pump periplasmic linker SrpA
EKHJKCLP_04309	CDS	3033	mexB			Multidrug resistance protein MexB
EKHJKCLP_04310	CDS	1272				hypothetical protein
EKHJKCLP_04311	CDS	1236	mmdB_2	7.2.4.3		Methylmalonyl-CoA decarboxylase subunit beta
EKHJKCLP_04312	CDS	1833	cfiA	6.4.1.7	COG0511	2-oxoglutarate carboxylase large subunit
EKHJKCLP_04313	CDS	261	oadG	7.2.4.2		oxaloacetate decarboxylase gamma chain
EKHJKCLP_04314	CDS	846				hypothetical protein
EKHJKCLP_04315	CDS	591				hypothetical protein
EKHJKCLP_04316	CDS	1575	prfC		COG4108	Peptide chain release factor 3
EKHJKCLP_04317	CDS	849	rmlD_3	1.1.1.133		dTDP-4-dehydrorhamnose reductase
EKHJKCLP_04318	CDS	546				hypothetical protein
EKHJKCLP_04319	CDS	654				hypothetical protein
EKHJKCLP_04320	CDS	3705	purL	6.3.5.3	COG0046	Phosphoribosylformylglycinamidine synthase
EKHJKCLP_04321	CDS	2460				hypothetical protein
EKHJKCLP_04322	CDS	1554	rcsC_45	2.7.13.3		Sensor histidine kinase RcsC
EKHJKCLP_04323	CDS	543	srpC_1		COG2059	putative chromate transport protein
EKHJKCLP_04324	CDS	549	srpC_2		COG2059	putative chromate transport protein
EKHJKCLP_04325	CDS	1587				hypothetical protein
EKHJKCLP_04326	CDS	2772	uvrA_2			UvrABC system protein A
EKHJKCLP_04327	CDS	486				hypothetical protein
EKHJKCLP_04328	CDS	231				hypothetical protein
EKHJKCLP_04329	CDS	1431				hypothetical protein
EKHJKCLP_04330	CDS	1452				hypothetical protein
EKHJKCLP_04331	CDS	2364				hypothetical protein
EKHJKCLP_04332	CDS	1200				hypothetical protein
EKHJKCLP_04333	CDS	1179				hypothetical protein
EKHJKCLP_04334	CDS	3549		1.2.7.1	COG0674	Pyruvate:ferredoxin oxidoreductase
EKHJKCLP_04335	CDS	867				hypothetical protein
EKHJKCLP_04336	CDS	828	opuAB		COG4176	Glycine betaine transport system permease protein OpuAB
EKHJKCLP_04337	CDS	1227	gbuA	7.6.2.9		Glycine betaine/carnitine transport ATP-binding protein GbuA
EKHJKCLP_04338	CDS	339	atl		COG3695	DNA base-flipping protein
EKHJKCLP_04339	CDS	1329				hypothetical protein
EKHJKCLP_04340	CDS	2772	rcsC_46	2.7.13.3		Sensor histidine kinase RcsC
EKHJKCLP_04341	CDS	888	pfkB	2.7.1.11	COG0524	ATP-dependent 6-phosphofructokinase
EKHJKCLP_04342	CDS	1170				hypothetical protein
EKHJKCLP_04343	CDS	1827				hypothetical protein
EKHJKCLP_04344	CDS	1953				hypothetical protein
EKHJKCLP_04345	CDS	1110				hypothetical protein
EKHJKCLP_04346	CDS	1758				hypothetical protein
EKHJKCLP_04347	CDS	3072			COG4771	TonB-dependent receptor P3
EKHJKCLP_04348	CDS	1863	sacC	3.2.1.80	COG1621	Levanase
EKHJKCLP_04349	CDS	846				hypothetical protein
EKHJKCLP_04350	CDS	522				hypothetical protein
EKHJKCLP_04351	CDS	1206				hypothetical protein
EKHJKCLP_04352	CDS	1338				hypothetical protein
EKHJKCLP_04353	CDS	1089	nanM_3	5.1.3.24		N-acetylneuraminate epimerase
EKHJKCLP_04354	CDS	342				hypothetical protein
EKHJKCLP_04355	CDS	1185	pepC	3.4.22.40		Aminopeptidase C
EKHJKCLP_04356	CDS	729	lytR_2		COG3279	Transcriptional regulatory protein LytR
EKHJKCLP_04357	CDS	1206				hypothetical protein
EKHJKCLP_04358	CDS	1206				hypothetical protein
EKHJKCLP_04359	CDS	1317				hypothetical protein
EKHJKCLP_04360	CDS	2844	btuB_11			Vitamin B12 transporter BtuB
EKHJKCLP_04361	CDS	681				hypothetical protein
EKHJKCLP_04362	CDS	1881				hypothetical protein
EKHJKCLP_04363	CDS	873	carD	1.3.1.108	COG2086	Caffeyl-CoA reductase-Etf complex subunit CarD
EKHJKCLP_04364	CDS	1020	carE	1.3.1.108	COG2025	Caffeyl-CoA reductase-Etf complex subunit CarE
EKHJKCLP_04365	CDS	1707	caiA	1.3.8.13		Crotonobetainyl-CoA reductase
EKHJKCLP_04366	CDS	1755	glpG	3.4.21.105		Rhomboid protease GlpG
EKHJKCLP_04367	CDS	420				hypothetical protein
EKHJKCLP_04368	CDS	5061				hypothetical protein
EKHJKCLP_04369	CDS	471	msrC	1.8.4.14	COG1956	Free methionine-R-sulfoxide reductase
EKHJKCLP_04370	CDS	1656				IS1182 family transposase ISBthe2
EKHJKCLP_04371	CDS	315				hypothetical protein
EKHJKCLP_04372	CDS	966	dnaJ2		COG0484	Chaperone protein DnaJ 2
EKHJKCLP_04373	CDS	1704				hypothetical protein
EKHJKCLP_04374	CDS	1197				hypothetical protein
EKHJKCLP_04375	CDS	1014	ltaE	4.1.2.48		Low specificity L-threonine aldolase
EKHJKCLP_04376	CDS	219				hypothetical protein
EKHJKCLP_04377	CDS	1842	poxB	1.2.5.1	COG0028	Pyruvate dehydrogenase [ubiquinone]
EKHJKCLP_04378	CDS	918				hypothetical protein
EKHJKCLP_04379	CDS	978				hypothetical protein
EKHJKCLP_04380	CDS	501				hypothetical protein
EKHJKCLP_04381	CDS	1131			COG2885	Outer membrane protein 40
EKHJKCLP_04382	CDS	2904				hypothetical protein
EKHJKCLP_04383	CDS	939				hypothetical protein
EKHJKCLP_04384	CDS	2511				hypothetical protein
EKHJKCLP_04385	CDS	939				hypothetical protein
EKHJKCLP_04386	CDS	1638	groEL	5.6.1.7		Chaperonin GroEL
EKHJKCLP_04387	CDS	273	groES		COG0234	Co-chaperonin GroES
EKHJKCLP_04388	CDS	549	nudF	3.6.1.13	COG0494	ADP-ribose pyrophosphatase
EKHJKCLP_04389	CDS	168				hypothetical protein
EKHJKCLP_04390	CDS	1470	rsxB_5	7.-.-.-		Ion-translocating oxidoreductase complex subunit B
EKHJKCLP_04391	CDS	1047		1.8.-.-	COG0502	[FeFe] hydrogenase maturase subunit HydE
EKHJKCLP_04392	CDS	1422	bioB	2.8.1.6		Biotin synthase
EKHJKCLP_04393	CDS	1227	mnmE_2	3.6.-.-		tRNA modification GTPase MnmE
EKHJKCLP_04394	CDS	2538	tolB			Tol-Pal system protein TolB
EKHJKCLP_04395	CDS	1365	hisS	6.1.1.21	COG0124	Histidine--tRNA ligase
EKHJKCLP_04396	CDS	681				hypothetical protein
EKHJKCLP_04397	CDS	1305				hypothetical protein
EKHJKCLP_04398	CDS	1272	purA	6.3.4.4	COG0104	Adenylosuccinate synthetase
EKHJKCLP_04399	CDS	489	fur		COG0735	Ferric uptake regulation protein
EKHJKCLP_04400	CDS	666				hypothetical protein
EKHJKCLP_04401	CDS	2028				hypothetical protein
EKHJKCLP_04402	CDS	465				hypothetical protein
EKHJKCLP_04403	CDS	1806	recQ_2	5.6.2.4	COG0514	ATP-dependent DNA helicase RecQ
EKHJKCLP_04404	CDS	819				hypothetical protein
EKHJKCLP_04405	CDS	951	cysK1_2	2.5.1.47	COG0031	O-acetylserine sulfhydrylase
EKHJKCLP_04406	CDS	141				hypothetical protein
EKHJKCLP_04407	CDS	1683				hypothetical protein
EKHJKCLP_04408	CDS	690				hypothetical protein
EKHJKCLP_04409	CDS	1062	leuB	1.1.1.85		3-isopropylmalate dehydrogenase
EKHJKCLP_04410	CDS	1545	cimA	2.3.3.21		(R)-citramalate synthase CimA
EKHJKCLP_04411	CDS	603	leuD1	4.2.1.33		3-isopropylmalate dehydratase small subunit 1
EKHJKCLP_04412	CDS	1395	leuC	4.2.1.33	COG0065	3-isopropylmalate dehydratase large subunit
EKHJKCLP_04413	CDS	1497	leuA	2.3.3.13	COG0119	2-isopropylmalate synthase
EKHJKCLP_04414	CDS	243				hypothetical protein
EKHJKCLP_04415	rRNA	111				5S ribosomal RNA
EKHJKCLP_04416	rRNA	2880				23S ribosomal RNA
EKHJKCLP_04417	tRNA	75				tRNA-Ala(tgc)
EKHJKCLP_04418	tRNA	75				tRNA-Ile(gat)
EKHJKCLP_04419	rRNA	1529				16S ribosomal RNA
EKHJKCLP_04420	CDS	126				hypothetical protein
EKHJKCLP_04421	CDS	129				hypothetical protein
EKHJKCLP_04422	CDS	1209				hypothetical protein
EKHJKCLP_04423	CDS	1989		3.2.1.22	COG4948	Retaining alpha-galactosidase
EKHJKCLP_04424	CDS	1515	sdcS			Sodium-dependent dicarboxylate transporter SdcS
EKHJKCLP_04425	CDS	4017	rcsC_47	2.7.13.3		Sensor histidine kinase RcsC
EKHJKCLP_04426	CDS	603				hypothetical protein
EKHJKCLP_04427	CDS	1026				hypothetical protein
EKHJKCLP_04428	CDS	3297			COG4771	TonB-dependent receptor P3
EKHJKCLP_04429	CDS	1536				hypothetical protein
EKHJKCLP_04430	CDS	1332				hypothetical protein
EKHJKCLP_04431	CDS	1497				hypothetical protein
EKHJKCLP_04432	CDS	1455				hypothetical protein
EKHJKCLP_04433	CDS	2175				hypothetical protein
EKHJKCLP_04434	CDS	129				hypothetical protein
EKHJKCLP_04435	CDS	1779	sppA	3.4.21.-	COG0616	Protease 4
EKHJKCLP_04436	CDS	1119	lpxK	2.7.1.130		Tetraacyldisaccharide 4'-kinase
EKHJKCLP_04437	CDS	810	punA	2.4.2.1		Purine nucleoside phosphorylase 1
EKHJKCLP_04438	CDS	1035	thiL	2.7.4.16	COG0611	Thiamine-monophosphate kinase
EKHJKCLP_04439	tRNA	74				tRNA-Phe(gaa)
EKHJKCLP_04440	CDS	105				hypothetical protein
EKHJKCLP_04441	CDS	948				hypothetical protein
EKHJKCLP_04442	CDS	111				hypothetical protein
EKHJKCLP_04443	CDS	450				hypothetical protein
EKHJKCLP_04444	CDS	1128	rhlE	3.6.4.13	COG0513	ATP-dependent RNA helicase RhlE
EKHJKCLP_04445	CDS	300				hypothetical protein
EKHJKCLP_04446	CDS	663	ung_1	3.2.2.27	COG0692	Uracil-DNA glycosylase
EKHJKCLP_04447	CDS	1656				hypothetical protein
EKHJKCLP_04448	CDS	405				hypothetical protein
EKHJKCLP_04449	CDS	1287				hypothetical protein
EKHJKCLP_04450	CDS	678				hypothetical protein
EKHJKCLP_04451	CDS	1314				hypothetical protein
EKHJKCLP_04452	CDS	225				hypothetical protein
EKHJKCLP_04453	CDS	858				putative HTH-type transcriptional regulator
EKHJKCLP_04454	CDS	762				hypothetical protein
EKHJKCLP_04455	CDS	870				hypothetical protein
EKHJKCLP_04456	CDS	780	hdhA	1.1.1.159	COG1028	7alpha-hydroxysteroid dehydrogenase
EKHJKCLP_04457	CDS	1167	pncB	6.3.4.21	COG1488	Nicotinate phosphoribosyltransferase
EKHJKCLP_04458	CDS	771				hypothetical protein
EKHJKCLP_04459	CDS	324				hypothetical protein
EKHJKCLP_04460	CDS	1512	pccA	6.4.1.3	COG4770	Propionyl-CoA carboxylase alpha chain
EKHJKCLP_04461	CDS	510				hypothetical protein
EKHJKCLP_04462	CDS	1536	mmdA	7.2.4.3		Methylmalonyl-CoA decarboxylase subunit alpha
EKHJKCLP_04463	CDS	1035				hypothetical protein
EKHJKCLP_04464	CDS	2868	rhaR_8			HTH-type transcriptional activator RhaR
EKHJKCLP_04465	CDS	777		3.2.1.103		Keratan-sulfate endo-1,4-beta-galactosidase
EKHJKCLP_04466	CDS	3042			COG4771	TonB-dependent receptor P3
EKHJKCLP_04467	CDS	1620			COG0702	SusD-like protein P25
EKHJKCLP_04468	CDS	1080				hypothetical protein
EKHJKCLP_04469	CDS	1281		2.5.1.-	COG2873	O-acetyl-L-homoserine sulfhydrylase
EKHJKCLP_04470	CDS	135				hypothetical protein
EKHJKCLP_04471	CDS	1320	bepC_2			Outer membrane efflux protein BepC
EKHJKCLP_04472	CDS	1035	emrA_4			Colistin resistance protein EmrA
EKHJKCLP_04473	CDS	1578				hypothetical protein
EKHJKCLP_04474	CDS	2292	maeB	1.1.1.40	COG0280	NADP-dependent malic enzyme
EKHJKCLP_04475	CDS	177				hypothetical protein
EKHJKCLP_04476	CDS	1335	gdhA	1.4.1.3		NAD(P)-specific glutamate dehydrogenase
EKHJKCLP_04477	CDS	852				hypothetical protein
EKHJKCLP_04478	CDS	330				hypothetical protein
EKHJKCLP_04479	CDS	783				hypothetical protein
EKHJKCLP_04480	CDS	399				hypothetical protein
EKHJKCLP_04481	CDS	219				hypothetical protein
EKHJKCLP_04482	CDS	1593				hypothetical protein
EKHJKCLP_04483	CDS	846				hypothetical protein
EKHJKCLP_04484	CDS	2970				hypothetical protein
EKHJKCLP_04485	CDS	1338	gdhB	1.4.1.2		NAD-specific glutamate dehydrogenase
EKHJKCLP_04486	CDS	1164	map_3	3.4.11.18		Methionine aminopeptidase
EKHJKCLP_04487	CDS	1563		3.1.6.-	COG3119	N-acetylgalactosamine-6-O-sulfatase
EKHJKCLP_04488	CDS	1527		3.1.6.-	COG3119	N-acetylgalactosamine-6-O-sulfatase
EKHJKCLP_04489	CDS	1434	cca	2.7.7.72		CCA-adding enzyme
EKHJKCLP_04490	CDS	843				hypothetical protein
EKHJKCLP_04491	CDS	1644	exoI	3.2.1.52		Beta-hexosaminidase
EKHJKCLP_04492	CDS	138				hypothetical protein
EKHJKCLP_04493	CDS	990				hypothetical protein
EKHJKCLP_04494	CDS	606	ruvA			Holliday junction branch migration complex subunit RuvA
EKHJKCLP_04495	CDS	900	ddh	1.4.1.16	COG0673	Meso-diaminopimelate D-dehydrogenase
EKHJKCLP_04496	CDS	2028				hypothetical protein
EKHJKCLP_04497	CDS	1875				hypothetical protein
EKHJKCLP_04498	CDS	651				hypothetical protein
EKHJKCLP_04499	CDS	165				hypothetical protein
EKHJKCLP_04500	CDS	2394	nrdD	1.1.98.6	COG1328	Anaerobic ribonucleoside-triphosphate reductase
EKHJKCLP_04501	CDS	504	nrdG	1.97.1.-	COG0602	Anaerobic ribonucleoside-triphosphate reductase-activating protein
EKHJKCLP_04502	CDS	1404	ribZ		COG2814	Riboflavin transporter RibZ
EKHJKCLP_04503	CDS	1089	phnW	2.6.1.37		2-aminoethylphosphonate--pyruvate transaminase
EKHJKCLP_04504	CDS	786	phnX	3.11.1.1		Phosphonoacetaldehyde hydrolase
EKHJKCLP_04505	CDS	1344				hypothetical protein
EKHJKCLP_04506	CDS	882				hypothetical protein
EKHJKCLP_04507	CDS	1356		3.4.24.-	COG0750	Putative zinc metalloprotease
EKHJKCLP_04508	CDS	1194	dxr	1.1.1.267	COG0743	1-deoxy-D-xylulose 5-phosphate reductoisomerase
EKHJKCLP_04509	CDS	861				hypothetical protein
EKHJKCLP_04510	CDS	540	rimM			Ribosome maturation factor RimM
EKHJKCLP_04511	CDS	1305	murA	2.5.1.7	COG0766	UDP-N-acetylglucosamine 1-carboxyvinyltransferase
EKHJKCLP_04512	CDS	681				hypothetical protein
EKHJKCLP_04513	CDS	690	tsaB			tRNA threonylcarbamoyladenosine biosynthesis protein TsaB
EKHJKCLP_04514	CDS	1656				IS1182 family transposase ISBthe2
EKHJKCLP_04515	CDS	3261				hypothetical protein
EKHJKCLP_04516	CDS	1377				hypothetical protein
EKHJKCLP_04517	CDS	918				hypothetical protein
EKHJKCLP_04518	CDS	1425				hypothetical protein
EKHJKCLP_04519	CDS	1485				hypothetical protein
EKHJKCLP_04520	CDS	597				hypothetical protein
EKHJKCLP_04521	CDS	696				hypothetical protein
EKHJKCLP_04522	CDS	435				hypothetical protein
EKHJKCLP_04523	CDS	366				hypothetical protein
EKHJKCLP_04524	CDS	1587				IS66 family transposase ISBthe6
EKHJKCLP_04525	CDS	855				hypothetical protein
EKHJKCLP_04526	CDS	867		3.1.26.-	COG1561	putative endoribonuclease YicC
EKHJKCLP_04527	CDS	567	gmk	2.7.4.8	COG0194	Guanylate kinase
EKHJKCLP_04528	CDS	594	nadD	2.7.7.18	COG1057	Nicotinate-nucleotide adenylyltransferase
EKHJKCLP_04529	CDS	1059				hypothetical protein
EKHJKCLP_04530	CDS	894	menA	2.5.1.74	COG1575	1,4-dihydroxy-2-naphthoate octaprenyltransferase
EKHJKCLP_04531	CDS	1137	rffG	4.2.1.46	COG1088	dTDP-glucose 4,6-dehydratase 2
EKHJKCLP_04532	CDS	870	rffH_2	2.7.7.24	COG1209	Glucose-1-phosphate thymidylyltransferase 2
EKHJKCLP_04533	CDS	495				hypothetical protein
EKHJKCLP_04534	CDS	2088	ppk_2	2.7.4.1	COG0855	Polyphosphate kinase
EKHJKCLP_04535	CDS	2250				hypothetical protein
EKHJKCLP_04536	CDS	90				hypothetical protein
EKHJKCLP_04537	CDS	522				hypothetical protein
EKHJKCLP_04538	CDS	261				hypothetical protein
EKHJKCLP_04539	CDS	564				hypothetical protein
EKHJKCLP_04540	CDS	339				hypothetical protein
EKHJKCLP_04541	CDS	201				hypothetical protein
EKHJKCLP_04542	CDS	675				hypothetical protein
EKHJKCLP_04543	CDS	441				hypothetical protein
EKHJKCLP_04544	CDS	1248				hypothetical protein
EKHJKCLP_04545	CDS	399	divK			Polar-differentiation response regulator DivK
EKHJKCLP_04546	CDS	1638	yheS_2		COG0488	putative ATP-binding protein YheS
EKHJKCLP_04547	CDS	411				hypothetical protein
EKHJKCLP_04548	CDS	1293	mdtA_6			Multidrug resistance protein MdtA
EKHJKCLP_04549	CDS	3087	czcA			Cobalt-zinc-cadmium resistance protein CzcA
EKHJKCLP_04550	CDS	1194				hypothetical protein
EKHJKCLP_04551	CDS	1455	rsmF	2.1.1.178	COG0144	Ribosomal RNA small subunit methyltransferase F
EKHJKCLP_04552	CDS	285				hypothetical protein
EKHJKCLP_04553	CDS	552	sigW_8		COG1595	ECF RNA polymerase sigma factor SigW
EKHJKCLP_04554	CDS	330				hypothetical protein
EKHJKCLP_04555	CDS	1263	cls	2.7.8.-		Cardiolipin synthase
EKHJKCLP_04556	CDS	795	thyA2	2.1.1.45	COG0207	Thymidylate synthase 2
EKHJKCLP_04557	CDS	495	folA	1.5.1.3		Dihydrofolate reductase
EKHJKCLP_04558	CDS	480	asnC_2		COG1522	Regulatory protein AsnC
EKHJKCLP_04559	CDS	1278				hypothetical protein
EKHJKCLP_04560	CDS	537				hypothetical protein
EKHJKCLP_04561	CDS	471				hypothetical protein
EKHJKCLP_04562	CDS	591				hypothetical protein
EKHJKCLP_04563	CDS	486				hypothetical protein
EKHJKCLP_04564	CDS	801	tolQ_3			Tol-Pal system protein TolQ
EKHJKCLP_04565	tRNA	89				tRNA-Ser(gga)
EKHJKCLP_04566	CDS	777	dtd3_2	3.1.1.96	COG0084	D-aminoacyl-tRNA deacylase
EKHJKCLP_04567	CDS	717				hypothetical protein
EKHJKCLP_04568	CDS	975		2.5.1.10	COG0142	(2E,6E)-farnesyl diphosphate synthase
EKHJKCLP_04569	CDS	684				hypothetical protein
EKHJKCLP_04570	CDS	861	cmk_1	2.7.4.25		Cytidylate kinase
EKHJKCLP_04571	CDS	867	ispH	1.17.7.4	COG0761	4-hydroxy-3-methylbut-2-enyl diphosphate reductase
EKHJKCLP_04572	CDS	105				hypothetical protein
EKHJKCLP_04573	CDS	981	pfkA_2	2.7.1.11	COG0205	ATP-dependent 6-phosphofructokinase 1
EKHJKCLP_04574	CDS	1233				hypothetical protein
EKHJKCLP_04575	CDS	1392				hypothetical protein
EKHJKCLP_04576	CDS	2415	btuB_12			Vitamin B12 transporter BtuB
EKHJKCLP_04577	CDS	852	acr1	1.2.1.-	COG4221	Fatty acyl-CoA reductase
EKHJKCLP_04578	CDS	1224	nox	1.8.1.20		4,4'-dithiodibutanoate disulfide reductase
EKHJKCLP_04579	CDS	762				hypothetical protein
EKHJKCLP_04580	CDS	1344	gltA	2.3.3.16	COG0372	Citrate synthase
EKHJKCLP_04581	CDS	1191	icd	1.1.1.42		Isocitrate dehydrogenase [NADP]
EKHJKCLP_04582	CDS	2244	acnA	4.2.1.3	COG1048	Aconitate hydratase A
EKHJKCLP_04583	CDS	1944				hypothetical protein
EKHJKCLP_04584	CDS	207				hypothetical protein
EKHJKCLP_04585	CDS	1044		1.1.1.382	COG0059	Ketol-acid reductoisomerase (NAD(+))
EKHJKCLP_04586	CDS	744				hypothetical protein
EKHJKCLP_04587	CDS	564	ilvH	2.2.1.6	COG0440	Acetolactate synthase small subunit
EKHJKCLP_04588	CDS	1698	ilvG	2.2.1.6		Acetolactate synthase isozyme 2 large subunit
EKHJKCLP_04589	CDS	1803	ilvD	4.2.1.9	COG0129	Dihydroxy-acid dehydratase
EKHJKCLP_04590	CDS	591	slyD	5.2.1.8		FKBP-type peptidyl-prolyl cis-trans isomerase SlyD
EKHJKCLP_04591	CDS	1287				hypothetical protein
EKHJKCLP_04592	CDS	1092				hypothetical protein
EKHJKCLP_04593	CDS	786				hypothetical protein
EKHJKCLP_04594	CDS	246				hypothetical protein
EKHJKCLP_04595	CDS	561				hypothetical protein
EKHJKCLP_04596	CDS	1077	aroC	4.2.3.5	COG0082	Chorismate synthase
EKHJKCLP_04597	CDS	1365	tpdA	3.4.13.23		Cysteinylglycine-S-conjugate dipeptidase
EKHJKCLP_04598	CDS	123				hypothetical protein
EKHJKCLP_04599	CDS	1059	pva	3.5.1.11	COG3049	Penicillin V acylase
EKHJKCLP_04600	CDS	954	egtB_2	1.14.99.50		Hercynine oxygenase
EKHJKCLP_04601	CDS	993				hypothetical protein
EKHJKCLP_04602	CDS	2016				hypothetical protein
EKHJKCLP_04603	CDS	3081			COG1629	TonB-dependent receptor P26
EKHJKCLP_04604	CDS	1281				hypothetical protein
EKHJKCLP_04605	CDS	90				hypothetical protein
EKHJKCLP_04606	CDS	2175	topB_9	5.6.2.1	COG0550	DNA topoisomerase 3
EKHJKCLP_04607	CDS	2148	mutB	5.4.99.2		Methylmalonyl-CoA mutase large subunit
EKHJKCLP_04608	CDS	1902	icmF	5.4.99.13		Fused isobutyryl-CoA mutase
EKHJKCLP_04609	CDS	1665	aspT_4			Aspartate/alanine antiporter
EKHJKCLP_04610	CDS	636	cmk_2	2.7.4.25		Cytidylate kinase
EKHJKCLP_04611	CDS	2757				hypothetical protein
EKHJKCLP_04612	CDS	1191				hypothetical protein
EKHJKCLP_04613	CDS	90				hypothetical protein
EKHJKCLP_04614	CDS	1317				hypothetical protein
EKHJKCLP_04615	CDS	1161				hypothetical protein
EKHJKCLP_04616	CDS	2007	btuB_13			Vitamin B12 transporter BtuB
EKHJKCLP_04617	CDS	1134				hypothetical protein
EKHJKCLP_04618	CDS	1017	hmuU_3		COG0609	Hemin transport system permease protein HmuU
EKHJKCLP_04619	CDS	762	fpuD_3	7.2.2.-		Petrobactin import ATP-binding protein FpuD
EKHJKCLP_04620	CDS	435				hypothetical protein
EKHJKCLP_04621	CDS	1383				hypothetical protein
EKHJKCLP_04622	CDS	3141	bepE_4			Efflux pump membrane transporter BepE
EKHJKCLP_04623	CDS	1071	srpA_2			Solvent efflux pump periplasmic linker SrpA
EKHJKCLP_04624	CDS	1383	mepA_4			Multidrug export protein MepA
EKHJKCLP_04625	CDS	1731	lysS	6.1.1.6		Lysine--tRNA ligase
EKHJKCLP_04626	CDS	996	gpsA	1.1.1.94	COG0240	Glycerol-3-phosphate dehydrogenase [NAD(P)+]
EKHJKCLP_04627	CDS	1338	pgi	5.3.1.9	COG0166	Glucose-6-phosphate isomerase
EKHJKCLP_04628	CDS	504				hypothetical protein
EKHJKCLP_04629	CDS	675	hxpA	3.1.3.22	COG0637	Hexitol phosphatase A
EKHJKCLP_04630	CDS	2853	fkp			L-fucokinase/L-fucose-1-P guanylyltransferase
EKHJKCLP_04631	CDS	627				hypothetical protein
EKHJKCLP_04632	CDS	2430	ptk_2	2.7.10.-		Tyrosine-protein kinase ptk
EKHJKCLP_04633	CDS	786				hypothetical protein
EKHJKCLP_04634	CDS	429				hypothetical protein
EKHJKCLP_04635	CDS	990	wecA_3	2.7.8.33		Undecaprenyl-phosphate alpha-N-acetylglucosaminyl 1-phosphate transferase
EKHJKCLP_04636	CDS	897	gnu_2	5.1.3.26	COG0451	N-acetyl-alpha-D-glucosaminyl-diphospho-ditrans,octacis-undecaprenol 4-epimerase
EKHJKCLP_04637	CDS	1185	tarF	2.7.8.45	COG1887	Teichoic acid glycerol-phosphate transferase
EKHJKCLP_04638	CDS	696		1.1.1.127	COG1028	2-dehydro-3-deoxy-D-gluconate 5-dehydrogenase
EKHJKCLP_04639	CDS	1344	iolG_3	1.1.1.369		Inositol 2-dehydrogenase/D-chiro-inositol 3-dehydrogenase
EKHJKCLP_04640	CDS	1218				hypothetical protein
EKHJKCLP_04641	CDS	1095				hypothetical protein
EKHJKCLP_04642	CDS	1203				hypothetical protein
EKHJKCLP_04643	CDS	1203				hypothetical protein
EKHJKCLP_04644	CDS	933				hypothetical protein
EKHJKCLP_04645	CDS	1131	fdtB	2.6.1.90		dTDP-3-amino-3,6-dideoxy-alpha-D-galactopyranose transaminase
EKHJKCLP_04646	CDS	1518				hypothetical protein
EKHJKCLP_04647	CDS	555		2.3.1.-	COG0110	putative acetyltransferase
EKHJKCLP_04648	CDS	987				hypothetical protein
EKHJKCLP_04649	CDS	1218	mshA_9	2.4.1.250		D-inositol-3-phosphate glycosyltransferase
EKHJKCLP_04650	CDS	891				hypothetical protein
EKHJKCLP_04651	CDS	93				hypothetical protein
EKHJKCLP_04652	CDS	1134	rfbB_2	4.2.1.46		dTDP-glucose 4,6-dehydratase
EKHJKCLP_04653	CDS	930	rffH_3	2.7.7.24	COG1209	Glucose-1-phosphate thymidylyltransferase 2
EKHJKCLP_04654	CDS	1191	wbpI_2	5.1.3.23		UDP-2,3-diacetamido-2,3-dideoxy-D-glucuronate 2-epimerase
EKHJKCLP_04655	CDS	1239	wbjC	1.1.1.367		UDP-2-acetamido-2,6-beta-L-arabino-hexul-4-ose reductase
EKHJKCLP_04656	CDS	1050	capD	5.1.3.2	COG1086	UDP-glucose 4-epimerase
EKHJKCLP_04657	CDS	1074	lpsL_3	5.1.3.6	COG0451	UDP-glucuronate 4-epimerase
EKHJKCLP_04658	CDS	1311	ugd_2	1.1.1.22	COG1004	UDP-glucose 6-dehydrogenase
EKHJKCLP_04659	CDS	1926	hldD	5.1.3.20		ADP-L-glycero-D-manno-heptose-6-epimerase
EKHJKCLP_04660	CDS	549				hypothetical protein
EKHJKCLP_04661	CDS	1209	xerC_52			Tyrosine recombinase XerC
EKHJKCLP_04662	tRNA	74				tRNA-Arg(ccg)
EKHJKCLP_04663	CDS	1038	asnA	6.3.1.1	COG2502	Aspartate--ammonia ligase
EKHJKCLP_04664	CDS	663	ung_2	3.2.2.27	COG0692	Uracil-DNA glycosylase
EKHJKCLP_04665	CDS	2709	lptD_2			LPS-assembly protein LptD
EKHJKCLP_04666	CDS	537				hypothetical protein
EKHJKCLP_04667	CDS	1167	namZ	3.2.1.92	COG3876	Peptidoglycan beta-N-acetylmuramidase NamZ
EKHJKCLP_04668	CDS	2085				hypothetical protein
EKHJKCLP_04669	CDS	609				hypothetical protein
EKHJKCLP_04670	CDS	222				hypothetical protein
EKHJKCLP_04671	CDS	894				hypothetical protein
EKHJKCLP_04672	CDS	1227				hypothetical protein
EKHJKCLP_04673	CDS	894				hypothetical protein
EKHJKCLP_04674	CDS	1023				hypothetical protein
EKHJKCLP_04675	CDS	399				hypothetical protein
EKHJKCLP_04676	CDS	2367				hypothetical protein
EKHJKCLP_04677	CDS	219				hypothetical protein
EKHJKCLP_04678	CDS	456				hypothetical protein
EKHJKCLP_04679	CDS	795				hypothetical protein
EKHJKCLP_04680	CDS	342				hypothetical protein
EKHJKCLP_04681	CDS	234				hypothetical protein
EKHJKCLP_04682	CDS	1026				hypothetical protein
EKHJKCLP_04683	CDS	231				hypothetical protein
EKHJKCLP_04684	CDS	453				hypothetical protein
EKHJKCLP_04685	CDS	795				hypothetical protein
EKHJKCLP_04686	CDS	300				hypothetical protein
EKHJKCLP_04687	CDS	198				hypothetical protein
EKHJKCLP_04688	CDS	276				hypothetical protein
EKHJKCLP_04689	CDS	252				hypothetical protein
EKHJKCLP_04690	CDS	1116				hypothetical protein
EKHJKCLP_04691	CDS	624				hypothetical protein
