Accession	Begin	End	Chromosome	Orientation	Name	Symbol	Gene ID	Gene Type	Transcripts accession	Protein accession	Protein length	Locus tag
NZ_AP021898.1	1	1407		plus	chromosomal replication initiator protein DnaA	dnaA	60879417	protein-coding		WP_065529414.1	468	GOZ73_RS00005
NZ_AP021898.1	1557	2492		plus	ABC transporter ATP-binding protein		60879418	protein-coding		WP_012419065.1	311	GOZ73_RS00010
NZ_AP021898.1	2550	3332		plus	ABC transporter permease subunit		60879419	protein-coding		WP_012419066.1	260	GOZ73_RS00015
NZ_AP021898.1	3367	4938		plus	DUF7088 domain-containing protein		60879420	protein-coding		WP_102746802.1	523	GOZ73_RS00020
NZ_AP021898.1	4967	7021		plus	DUF4340 domain-containing protein		60879421	protein-coding		WP_102746801.1	684	GOZ73_RS00025
NZ_AP021898.1	7035	7814		plus	Nif3-like dinuclear metal center hexameric protein		60879422	protein-coding		WP_031929918.1	259	GOZ73_RS00030
NZ_AP021898.1	7831	8802		plus	RluA family pseudouridine synthase		60879423	protein-coding		WP_031929919.1	323	GOZ73_RS00035
NZ_AP021898.1	9175	10332		plus	prephenate dehydratase	pheA	60879424	protein-coding		WP_087393356.1	385	GOZ73_RS00040
NZ_AP021898.1	10378	11994		plus	alpha-L-fucosidase		60879425	protein-coding		WP_155844465.1	538	GOZ73_RS00045
NZ_AP021898.1	12019	14403		plus	NAD-dependent DNA ligase LigA	ligA	60879426	protein-coding		WP_155844466.1	794	GOZ73_RS00050
NZ_AP021898.1	14581	15186		plus	CDP-diacylglycerol--glycerol-3-phosphate 3-phosphatidyltransferase	pgsA	60879427	protein-coding		WP_022198043.1	201	GOZ73_RS00055
NZ_AP021898.1	15202	17964		minus	phospholipase D-like domain-containing anti-phage protein		60879428	protein-coding		WP_155844467.1	920	GOZ73_RS00060
NZ_AP021898.1	17993	20884		minus	DUF1156 domain-containing protein		60879429	protein-coding		WP_155844468.1	963	GOZ73_RS00065
NZ_AP021898.1	20924	21499		minus	DUF3780 domain-containing protein		60879430	protein-coding		WP_102749054.1	191	GOZ73_RS00070
NZ_AP021898.1	21492	24587		minus	DUF499 domain-containing protein		60879431	protein-coding		WP_155844469.1	1031	GOZ73_RS00075
NZ_AP021898.1	24883	25950		plus	tyrosine-type recombinase/integrase		60879432	protein-coding		WP_022196857.1	355	GOZ73_RS00080
NZ_AP021898.1	26184	26792		plus	hypothetical protein		60879433	protein-coding		WP_022196858.1	202	GOZ73_RS00085
NZ_AP021898.1	27285	28730		plus	Gfo/Idh/MocA family protein		60879434	protein-coding		WP_102749052.1	481	GOZ73_RS00090
NZ_AP021898.1	29032	30174		plus	metabolite traffic protein EboE	eboE	60879435	protein-coding		WP_155844470.1	380	GOZ73_RS00095
NZ_AP021898.1	30179	31138		plus	zinc-binding metallopeptidase family protein		60879436	protein-coding		WP_155844471.1	319	GOZ73_RS00100
NZ_AP021898.1	31157	32311		minus	MFS transporter		60879437	protein-coding		WP_102741786.1	384	GOZ73_RS00105
NZ_AP021898.1	32461	33858		minus	RNA polymerase factor sigma-54	rpoN	60879438	protein-coding		WP_155844472.1	465	GOZ73_RS00110
NZ_AP021898.1	34000	34710		plus	GDSL-type esterase/lipase family protein		60879439	protein-coding		WP_012419084.1	236	GOZ73_RS00115
NZ_AP021898.1	35100	35876		plus	PhzF family phenazine biosynthesis protein		60879440	protein-coding		WP_102746795.1	258	GOZ73_RS00120
NZ_AP021898.1	36371	36970		plus	manganese efflux pump MntP		60879441	protein-coding		WP_146018789.1	199	GOZ73_RS00125
NZ_AP021898.1	37079	39307		plus	discoidin domain-containing protein		60879442	protein-coding		WP_162378703.1	742	GOZ73_RS00130
NZ_AP021898.1	39324	40541		plus	hypothetical protein		60879443	protein-coding		WP_102740461.1	405	GOZ73_RS00135
NZ_AP021898.1	40772	42151		minus	replication-associated recombination protein A		60879444	protein-coding		WP_102749063.1	459	GOZ73_RS00140
NZ_AP021898.1	42261	42656		minus	hypothetical protein		60879445	protein-coding		WP_102744930.1	131	GOZ73_RS00145
NZ_AP021898.1	43022	43948		minus	NAD-dependent epimerase/dehydratase family protein		60879446	protein-coding		WP_012419091.1	308	GOZ73_RS00150
NZ_AP021898.1	43975	45069		minus	phosphotransferase enzyme family protein		60879447	protein-coding		WP_012419092.1	364	GOZ73_RS00155
NZ_AP021898.1	45082	45990		minus	nucleotidyltransferase family protein		60879448	protein-coding		WP_042448500.1	302	GOZ73_RS00160
NZ_AP021898.1	46066	46785		minus	hypothetical protein		60879449	protein-coding		WP_102746792.1	239	GOZ73_RS00165
NZ_AP021898.1	46889	47581		plus	site-2 protease family protein		60879450	protein-coding		WP_102740464.1	230	GOZ73_RS00170
NZ_AP021898.1	47639	49159		plus	proline--tRNA ligase	proS	60879451	protein-coding		WP_102746791.1	506	GOZ73_RS00175
NZ_AP021898.1	49443	49517		plus	tRNA-Gly		60879452	tRNA				GOZ73_RS00180
NZ_AP021898.1	50299	50712		minus	hypothetical protein		60879453	protein-coding		WP_102740466.1	137	GOZ73_RS00185
NZ_AP021898.1	50740	56274		minus	RHS repeat domain-containing protein		60879454	protein-coding		WP_232053452.1	1844	GOZ73_RS00190
NZ_AP021898.1	57002	58570		plus	putative glutamine/gamma-aminobutyrate antiporter GadC	gadC	60879455	protein-coding		WP_051729123.1	522	GOZ73_RS00195
NZ_AP021898.1	58563	59504		plus	glutaminase A	glsA	60879456	protein-coding		WP_102746790.1	313	GOZ73_RS00200
NZ_AP021898.1	59735	60145		minus	GNAT family N-acetyltransferase		60879457	protein-coding		WP_012419101.1	136	GOZ73_RS00205
NZ_AP021898.1	60583	61992		plus	alanine/glycine:cation symporter family protein		60879458	protein-coding		WP_102743215.1	469	GOZ73_RS00210
NZ_AP021898.1	62080	62155		plus	tRNA-Glu		60879459	tRNA				GOZ73_RS00215
NZ_AP021898.1	62395	63471		plus	peptide chain release factor 1	prfA	60879460	protein-coding		WP_012419103.1	358	GOZ73_RS00220
NZ_AP021898.1	63488	64393		plus	peptide chain release factor N(5)-glutamine methyltransferase	prmC	60879461	protein-coding		WP_102744940.1	301	GOZ73_RS00225
NZ_AP021898.1	64415	66631		plus	replication restart helicase PriA	priA	60879462	protein-coding		WP_102746788.1	738	GOZ73_RS00230
NZ_AP021898.1	66691	67515		plus	diaminopimelate epimerase	dapF	60879463	protein-coding		WP_102746787.1	274	GOZ73_RS00235
NZ_AP021898.1	67559	68338		minus	hypothetical protein		60879464	protein-coding		WP_102746786.1	259	GOZ73_RS00240
NZ_AP021898.1	68955	69029		plus	tRNA-His		60879465	tRNA				GOZ73_RS00245
NZ_AP021898.1	69094	69765		plus	ubiquinone/menaquinone biosynthesis methyltransferase		60879466	protein-coding		WP_022197188.1	223	GOZ73_RS00250
NZ_AP021898.1	69762	71267		plus	MATE family efflux transporter		60879467	protein-coding		WP_162378704.1	501	GOZ73_RS00255
NZ_AP021898.1	71388	71463		plus	tRNA-Ile		60879468	tRNA				GOZ73_RS00260
NZ_AP021898.1	71844	72704		minus	toll/interleukin-1 receptor domain-containing protein		60879469	protein-coding		WP_102746784.1	286	GOZ73_RS00265
NZ_AP021898.1	73005	73871		plus	FRG domain-containing protein		60879470	protein-coding		WP_102734736.1	288	GOZ73_RS00270
NZ_AP021898.1	73954	75024		plus	hypothetical protein		60879471	protein-coding		WP_102734737.1	356	GOZ73_RS00275
NZ_AP021898.1	75183	75899		plus	hypothetical protein		60879472	protein-coding		WP_128153679.1	238	GOZ73_RS00280
NZ_AP021898.1	76417	76746		minus	hypothetical protein		60879473	protein-coding		WP_102741756.1	109	GOZ73_RS00285
NZ_AP021898.1	76963	77436		minus	primase-helicase family protein		60879474	protein-coding		WP_128153680.1	157	GOZ73_RS00290
NZ_AP021898.1	77474	77662		minus	uncharacterized gene		60879475	pseudogene				GOZ73_RS00295
NZ_AP021898.1	78236	79975		minus	single-stranded-DNA-specific exonuclease RecJ	recJ	60879476	protein-coding		WP_012419112.1	579	GOZ73_RS00300
NZ_AP021898.1	80167	83028		minus	beta-N-acetylglucosaminidase domain-containing protein		60879477	protein-coding		WP_102746783.1	953	GOZ73_RS00305
NZ_AP021898.1	83495	84427		plus	metal ABC transporter substrate-binding protein		60879478	protein-coding		WP_180974147.1	310	GOZ73_RS00310
NZ_AP021898.1	84424	84858		plus	hypothetical protein		60879479	protein-coding		WP_065529453.1	144	GOZ73_RS00315
NZ_AP021898.1	84855	85655		plus	metal ABC transporter ATP-binding protein		60879480	protein-coding		WP_102743653.1	266	GOZ73_RS00320
NZ_AP021898.1	85652	86515		plus	metal ABC transporter permease		60879481	protein-coding		WP_065529454.1	287	GOZ73_RS00325
NZ_AP021898.1	86628	87119		plus	UvrB/UvrC motif-containing protein		60879482	protein-coding		WP_051729129.1	163	GOZ73_RS00330
NZ_AP021898.1	87125	88180		plus	protein arginine kinase		60879483	protein-coding		WP_012419119.1	351	GOZ73_RS00335
NZ_AP021898.1	88209	90791		plus	ATP-dependent Clp protease ATP-binding subunit		60879484	protein-coding		WP_102746782.1	860	GOZ73_RS00340
NZ_AP021898.1	90922	93468		plus	alpha-N-acetylglucosaminidase		60879485	protein-coding		WP_102746781.1	848	GOZ73_RS00345
NZ_AP021898.1	93608	93976		minus	rhodanese-like domain-containing protein		60879486	protein-coding		WP_197738457.1	122	GOZ73_RS00350
NZ_AP021898.1	94185	95063		minus	fumarylacetoacetate hydrolase family protein		60879487	protein-coding		WP_102741743.1	292	GOZ73_RS00355
NZ_AP021898.1	95231	96787		plus	2-isopropylmalate synthase		60879488	protein-coding		WP_012419125.1	518	GOZ73_RS00360
NZ_AP021898.1	96909	97823		plus	SMP-30/gluconolactonase/LRE family protein		60879489	protein-coding		WP_102746780.1	304	GOZ73_RS00365
NZ_AP021898.1	97943	98398		plus	GatB/YqeY domain-containing protein		60879490	protein-coding		WP_065529457.1	151	GOZ73_RS00370
NZ_AP021898.1	98395	99090		plus	2-C-methyl-D-erythritol 4-phosphate cytidylyltransferase	ispD	60879491	protein-coding		WP_051729136.1	231	GOZ73_RS00375
NZ_AP021898.1	99087	99941		plus	NAD-dependent epimerase/dehydratase family protein		60879492	protein-coding		WP_065529458.1	284	GOZ73_RS00380
NZ_AP021898.1	100080	102371		plus	ArnT family glycosyltransferase		60879493	protein-coding		WP_146018785.1	763	GOZ73_RS00385
NZ_AP021898.1	102495	103460		plus	tryptophan--tRNA ligase	trpS	60879494	protein-coding		WP_065529460.1	321	GOZ73_RS00390
NZ_AP021898.1	103549	104019		plus	universal stress protein		60879495	protein-coding		WP_012419131.1	156	GOZ73_RS00395
NZ_AP021898.1	104052	104855		plus	TIGR00282 family metallophosphoesterase		60879496	protein-coding		WP_031929972.1	267	GOZ73_RS00400
NZ_AP021898.1	105156	105950		plus	tRNA cyclic N6-threonylcarbamoyladenosine(37) synthase TcdA	tcdA	60879497	protein-coding		WP_102746777.1	264	GOZ73_RS00405
NZ_AP021898.1	105947	106462		plus	hypothetical protein		60879498	protein-coding		WP_102744960.1	171	GOZ73_RS00410
NZ_AP021898.1	106566	106651		plus	tRNA-Leu		60879499	tRNA				GOZ73_RS00415
NZ_AP021898.1	106862	107824		minus	carbohydrate kinase family protein		60879500	protein-coding		WP_102745096.1	320	GOZ73_RS00420
NZ_AP021898.1	108316	108819		plus	8-oxo-dGTP diphosphatase		60879501	protein-coding		WP_012419136.1	167	GOZ73_RS00425
NZ_AP021898.1	109666	110865		plus	glycine C-acetyltransferase	kbl	60879502	protein-coding		WP_012419137.1	399	GOZ73_RS00430
NZ_AP021898.1	110880	113519		plus	SUMF1/EgtB/PvdO family nonheme iron enzyme		60879503	protein-coding		WP_042447441.1	879	GOZ73_RS00435
NZ_AP021898.1	113682	114452		plus	ParA family protein		60879504	protein-coding		WP_102749078.1	256	GOZ73_RS00440
NZ_AP021898.1	114692	117445		plus	protein kinase domain-containing protein		60879505	protein-coding		WP_162378706.1	917	GOZ73_RS00445
NZ_AP021898.1	117531	117848		plus	hypothetical protein		60881813	protein-coding		WP_162378707.1	105	GOZ73_RS12150
NZ_AP021898.1	118110	119339		plus	site-specific integrase		60879506	protein-coding		WP_102744985.1	409	GOZ73_RS00455
NZ_AP021898.1	119353	119551		plus	uncharacterized gene		90133972	pseudogene				GOZ73_RS12550
NZ_AP021898.1	119542	119928		plus	uncharacterized gene		60879507	pseudogene				GOZ73_RS00460
NZ_AP021898.1	119921	121243		plus	sigma-54-dependent transcriptional regulator		60879508	protein-coding		WP_102746775.1	440	GOZ73_RS00465
NZ_AP021898.1	121305	122735		plus	metallophosphoesterase family protein		60879509	protein-coding		WP_102744988.1	476	GOZ73_RS00470
NZ_AP021898.1	122732	125041		plus	ATP-binding protein		60879510	protein-coding		WP_102744989.1	769	GOZ73_RS00475
NZ_AP021898.1	125429	125731		plus	hypothetical protein		60881814	protein-coding		WP_102744990.1	100	GOZ73_RS12155
NZ_AP021898.1	126047	126580		minus	hypothetical protein		60879511	protein-coding		WP_102746774.1	177	GOZ73_RS00480
NZ_AP021898.1	126760	127299		minus	hypothetical protein		60879512	protein-coding		WP_094136065.1	179	GOZ73_RS00485
NZ_AP021898.1	127296	128939		minus	PA14 domain-containing protein		60879513	protein-coding		WP_102746773.1	547	GOZ73_RS00490
NZ_AP021898.1	129369	129443		plus	tRNA-Cys		60879514	tRNA				GOZ73_RS00495
NZ_AP021898.1	129467	129542		plus	tRNA-Glu		60879515	tRNA				GOZ73_RS00500
NZ_AP021898.1	129596	129853		plus	sulfur carrier protein ThiS	thiS	60879516	protein-coding		WP_102741725.1	85	GOZ73_RS00505
NZ_AP021898.1	129896	131797		plus	DNA mismatch repair endonuclease MutL	mutL	60879517	protein-coding		WP_102745025.1	633	GOZ73_RS00510
NZ_AP021898.1	132133	134085		plus	O-antigen ligase family protein		60879518	protein-coding		WP_102748992.1	650	GOZ73_RS00515
NZ_AP021898.1	134482	134838		plus	DUF488 domain-containing protein		60879519	protein-coding		WP_012419149.1	118	GOZ73_RS00520
NZ_AP021898.1	134928	135122		plus	hypothetical protein		69060641	protein-coding		WP_042447447.1	64	GOZ73_RS12335
NZ_AP021898.1	135175	136152		minus	hydroxymethylbilane synthase	hemC	60879520	protein-coding		WP_162378709.1	325	GOZ73_RS00530
NZ_AP021898.1	136142	137143		minus	glutamyl-tRNA reductase	hemA	60879521	protein-coding		WP_232053453.1	333	GOZ73_RS00535
NZ_AP021898.1	137164	137922		minus	cytochrome c biogenesis protein CcsA	ccsA	60879522	protein-coding		WP_012419152.1	252	GOZ73_RS00540
NZ_AP021898.1	137943	138737		minus	GTP cyclohydrolase FolE2	folE2	60879523	protein-coding		WP_012419153.1	264	GOZ73_RS00545
NZ_AP021898.1	138845	139090		minus	30S ribosomal protein S18	rpsR	60879524	protein-coding		WP_012419154.1	81	GOZ73_RS00550
NZ_AP021898.1	139122	139295		minus	50S ribosomal protein L33	rpmG	60879525	protein-coding		WP_012419155.1	57	GOZ73_RS00555
NZ_AP021898.1	139329	140153		minus	TraR/DksA family transcriptional regulator		77100523	protein-coding		WP_102747276.1	274	GOZ73_RS12465
NZ_AP021898.1	140389	141348		plus	ROK family protein		60879526	protein-coding		WP_012419157.1	319	GOZ73_RS00565
NZ_AP021898.1	141353	142321		plus	RsmB/NOP family class I SAM-dependent RNA methyltransferase		60879527	protein-coding		WP_065529480.1	322	GOZ73_RS00570
NZ_AP021898.1	142328	142837		plus	metallophosphoesterase family protein		60879528	protein-coding		WP_102747277.1	169	GOZ73_RS00575
NZ_AP021898.1	142834	143241		plus	NUDIX domain-containing protein		60879529	protein-coding		WP_012419160.1	135	GOZ73_RS00580
NZ_AP021898.1	143936	145333		plus	efflux RND transporter periplasmic adaptor subunit		60879530	protein-coding		WP_051729148.1	465	GOZ73_RS00590
NZ_AP021898.1	145400	146104		plus	ABC transporter ATP-binding protein		60879531	protein-coding		WP_012419163.1	234	GOZ73_RS00595
NZ_AP021898.1	146101	147465		plus	ABC transporter permease		60879532	protein-coding		WP_012419164.1	454	GOZ73_RS00600
NZ_AP021898.1	147487	148860		plus	efflux transporter outer membrane subunit		60879533	protein-coding		WP_012419165.1	457	GOZ73_RS00605
NZ_AP021898.1	149064	150200		minus	serine hydrolase domain-containing protein		60879534	protein-coding		WP_081863524.1	378	GOZ73_RS00610
NZ_AP021898.1	150479	150634		plus	hypothetical protein		60879535	protein-coding		WP_155844474.1	51	GOZ73_RS00615
NZ_AP021898.1	150748	151437		minus	tRNA (N6-threonylcarbamoyladenosine(37)-N6)-methyltransferase TrmO	tsaA	60879536	protein-coding		WP_096888424.1	229	GOZ73_RS00620
NZ_AP021898.1	151498	152772		minus	dihydroorotase		60879537	protein-coding		WP_146018865.1	424	GOZ73_RS00625
NZ_AP021898.1	152779	153708		minus	aspartate carbamoyltransferase catalytic subunit		60879538	protein-coding		WP_012419172.1	309	GOZ73_RS00630
NZ_AP021898.1	153737	154270		minus	bifunctional pyr operon transcriptional regulator/uracil phosphoribosyltransferase PyrR	pyrR	60879539	protein-coding		WP_012419173.1	177	GOZ73_RS00635
NZ_AP021898.1	154297	154707		minus	AIR carboxylase family protein		60879540	protein-coding		WP_012419174.1	136	GOZ73_RS00640
NZ_AP021898.1	154872	155486		minus	hypothetical protein		60879541	protein-coding		WP_102745438.1	204	GOZ73_RS00645
NZ_AP021898.1	155727	157277		minus	NAD(P)/FAD-dependent oxidoreductase		60879542	protein-coding		WP_042448535.1	516	GOZ73_RS00650
NZ_AP021898.1	157316	158371		minus	agmatine deiminase family protein		60879543	protein-coding		WP_046436151.1	351	GOZ73_RS00655
NZ_AP021898.1	158388	158783		minus	Minf_1886 family protein		60879544	protein-coding		WP_012419178.1	131	GOZ73_RS00660
NZ_AP021898.1	159115	160434		plus	PDZ domain-containing protein		60879545	protein-coding		WP_012419179.1	439	GOZ73_RS00665
NZ_AP021898.1	160470	161780		plus	AI-2E family transporter		60879546	protein-coding		WP_065529495.1	436	GOZ73_RS00670
NZ_AP021898.1	161840	163420		plus	sulfatase family protein		60879547	protein-coding		WP_031930011.1	526	GOZ73_RS00675
NZ_AP021898.1	163440	163928		plus	hypothetical protein		60879548	protein-coding		WP_102747279.1	162	GOZ73_RS00680
NZ_AP021898.1	164082	165332		plus	ferrous iron transporter B		60879549	protein-coding		WP_102747280.1	416	GOZ73_RS00685
NZ_AP021898.1	165666	166961		minus	sialate O-acetylesterase		60879550	protein-coding		WP_146018866.1	431	GOZ73_RS00690
NZ_AP021898.1	167217	167966		plus	GDSL-type esterase/lipase family protein		60879551	protein-coding		WP_162378710.1	249	GOZ73_RS00695
NZ_AP021898.1	168114	170423		minus	hypothetical protein		60879552	protein-coding		WP_146018867.1	769	GOZ73_RS00700
NZ_AP021898.1	170795	171175		plus	MerR family transcriptional regulator		60879553	protein-coding		WP_102748991.1	126	GOZ73_RS00705
NZ_AP021898.1	171293	173428		plus	DNA gyrase/topoisomerase IV subunit A		60879554	protein-coding		WP_232053455.1	711	GOZ73_RS00710
NZ_AP021898.1	173530	173604		plus	tRNA-Thr		60879555	tRNA				GOZ73_RS00715
NZ_AP021898.1	173945	174526		plus	putative peptidoglycan-binding domain-containing protein		60879556	protein-coding		WP_232053456.1	193	GOZ73_RS00720
NZ_AP021898.1	174667	175050		minus	hypothetical protein		60879557	protein-coding		WP_102748990.1	127	GOZ73_RS00725
NZ_AP021898.1	175165	175491		minus	hypothetical protein		60879558	protein-coding		WP_102748989.1	108	GOZ73_RS00730
NZ_AP021898.1	175837	176721		plus	ParB/RepB/Spo0J family partition protein		60879559	protein-coding		WP_102748988.1	294	GOZ73_RS00735
NZ_AP021898.1	176742	177686		plus	M28 family peptidase		60879560	protein-coding		WP_102748987.1	314	GOZ73_RS00740
NZ_AP021898.1	177725	179707		plus	vWA domain-containing protein		60879561	protein-coding		WP_102748986.1	660	GOZ73_RS00745
NZ_AP021898.1	179704	181902		plus	hypothetical protein		60879562	protein-coding		WP_102748985.1	732	GOZ73_RS00750
NZ_AP021898.1	181953	183164		minus	hypothetical protein		60879563	protein-coding		WP_146020893.1	403	GOZ73_RS00755
NZ_AP021898.1	183352	183708		plus	hypothetical protein		60879564	protein-coding		WP_031930031.1	118	GOZ73_RS00760
NZ_AP021898.1	183733	184713		minus	bile acid:sodium symporter family protein		60879565	protein-coding		WP_087393384.1	326	GOZ73_RS00765
NZ_AP021898.1	184750	185931		minus	tyrosine--tRNA ligase	tyrS	60879566	protein-coding		WP_102745040.1	393	GOZ73_RS00770
NZ_AP021898.1	186470	186835		minus	DMT family protein		60879567	protein-coding		WP_164502605.1	121	GOZ73_RS00775
NZ_AP021898.1	186851	187807		minus	ABC transporter permease		60879568	protein-coding		WP_102745043.1	318	GOZ73_RS00780
NZ_AP021898.1	187804	188718		minus	ABC transporter permease		60879569	protein-coding		WP_102747285.1	304	GOZ73_RS00785
NZ_AP021898.1	188724	190583		minus	peptide ABC transporter substrate-binding protein		60879570	protein-coding		WP_102745044.1	619	GOZ73_RS00790
NZ_AP021898.1	190871	193006		plus	alpha-L-fucosidase		60879571	protein-coding		WP_102748983.1	711	GOZ73_RS00795
NZ_AP021898.1	193344	194309		minus	thioredoxin family protein		60879572	protein-coding		WP_065529515.1	321	GOZ73_RS00800
NZ_AP021898.1	194521	195750		plus	saccharopine dehydrogenase family protein		60879573	protein-coding		WP_102745047.1	409	GOZ73_RS00805
NZ_AP021898.1	195957	196940		plus	metallophosphoesterase family protein		60879574	protein-coding		WP_102743106.1	327	GOZ73_RS00810
NZ_AP021898.1	197068	197646		minus	hypothetical protein		60879575	protein-coding		WP_102746061.1	192	GOZ73_RS00815
NZ_AP021898.1	198174	199562		minus	DUF6056 family protein		60879576	protein-coding		WP_128251961.1	462	GOZ73_RS00820
NZ_AP021898.1	199562	201019		minus	cell division protein FtsZ		60879577	protein-coding		WP_162378711.1	485	GOZ73_RS00825
NZ_AP021898.1	201045	202256		minus	cell division protein FtsA	ftsA	60879578	protein-coding		WP_012419212.1	403	GOZ73_RS00830
NZ_AP021898.1	202372	202884		minus	hypothetical protein		60879579	protein-coding		WP_035195913.1	170	GOZ73_RS00835
NZ_AP021898.1	203018	204973		minus	phospho-sugar mutase		60879580	protein-coding		WP_102747289.1	651	GOZ73_RS00840
NZ_AP021898.1	205079	206818		minus	ABC transporter ATP-binding protein		60879581	protein-coding		WP_215839279.1	579	GOZ73_RS00845
NZ_AP021898.1	206857	208707		minus	ABC transporter ATP-binding protein		60879582	protein-coding		WP_102758772.1	616	GOZ73_RS00850
NZ_AP021898.1	208886	210292		plus	hypothetical protein		60879583	protein-coding		WP_146021625.1	468	GOZ73_RS00855
NZ_AP021898.1	210368	211168		plus	MlaE family ABC transporter permease		60879584	protein-coding		WP_102741659.1	266	GOZ73_RS00860
NZ_AP021898.1	211184	212002		plus	ABC transporter ATP-binding protein		60879585	protein-coding		WP_102741658.1	272	GOZ73_RS00865
NZ_AP021898.1	212021	213025		plus	MlaD family protein		60879586	protein-coding		WP_102740594.1	334	GOZ73_RS00870
NZ_AP021898.1	213169	213495		plus	DUF883 family protein		60879587	protein-coding		WP_012419221.1	108	GOZ73_RS00875
NZ_AP021898.1	213565	214011		plus	phage holin family protein		60879588	protein-coding		WP_102740598.1	148	GOZ73_RS00880
NZ_AP021898.1	214011	214355		plus	hypothetical protein		60879589	protein-coding		WP_012419223.1	114	GOZ73_RS00885
NZ_AP021898.1	214736	215818		plus	type IV pilus twitching motility protein PilT		60879590	protein-coding		WP_012419224.1	360	GOZ73_RS00890
NZ_AP021898.1	215844	216938		plus	type IV pilus twitching motility protein PilT		60879591	protein-coding		WP_012419225.1	364	GOZ73_RS00895
NZ_AP021898.1	216963	218036		plus	peptidylprolyl isomerase		60879592	protein-coding		WP_102744223.1	357	GOZ73_RS00900
NZ_AP021898.1	218331	218406		plus	tRNA-Ala		60879593	tRNA				GOZ73_RS00905
NZ_AP021898.1	218459	220006		plus	O-antigen ligase family protein		60879594	protein-coding		WP_102741655.1	515	GOZ73_RS00910
NZ_AP021898.1	220100	220849		plus	3-deoxy-manno-octulosonate cytidylyltransferase	kdsB	60879595	protein-coding		WP_102741653.1	249	GOZ73_RS00915
NZ_AP021898.1	220860	222467		plus	CTP synthase		60879596	protein-coding		WP_031930056.1	535	GOZ73_RS00920
NZ_AP021898.1	222534	224096		plus	sodium:solute symporter		60879597	protein-coding		WP_102741652.1	520	GOZ73_RS00925
NZ_AP021898.1	224336	228235		minus	hypothetical protein		60879598	protein-coding		WP_102749070.1	1299	GOZ73_RS00930
NZ_AP021898.1	228536	231604		plus	hypothetical protein		60879599	protein-coding		WP_232053457.1	1022	GOZ73_RS00935
NZ_AP021898.1	231933	232745		plus	hypothetical protein		60879600	protein-coding		WP_146020901.1	270	GOZ73_RS00940
NZ_AP021898.1	233012	234184		minus	PDZ domain-containing protein		60879601	protein-coding		WP_012419234.1	390	GOZ73_RS00945
NZ_AP021898.1	234181	235101		minus	S1C family serine protease		60879602	protein-coding		WP_065529530.1	306	GOZ73_RS00950
NZ_AP021898.1	235415	238006		plus	transglycosylase domain-containing protein		60879603	protein-coding		WP_162378712.1	863	GOZ73_RS00955
NZ_AP021898.1	238023	239276		plus	DNA recombination protein RmuC		60879604	protein-coding		WP_051729170.1	417	GOZ73_RS00960
NZ_AP021898.1	239434	240135		minus	HAD family hydrolase		60879605	protein-coding		WP_102747208.1	233	GOZ73_RS00965
NZ_AP021898.1	240140	240919		minus	acyl-ACP--UDP-N-acetylglucosamine O-acyltransferase	lpxA	60879606	protein-coding		WP_012419239.1	259	GOZ73_RS00970
NZ_AP021898.1	240986	241852		minus	RDD family protein		60879607	protein-coding		WP_102745083.1	288	GOZ73_RS00975
NZ_AP021898.1	241865	243490		minus	FtsX-like permease family protein		60879608	protein-coding		WP_102745082.1	541	GOZ73_RS00980
NZ_AP021898.1	243565	244449		minus	class A beta-lactamase	bla	60879609	protein-coding		WP_065530054.1	294	GOZ73_RS00985
NZ_AP021898.1	244614	245117		plus	DUF456 domain-containing protein		60879610	protein-coding		WP_102741973.1	167	GOZ73_RS00990
NZ_AP021898.1	245271	245591		plus	DUF3784 domain-containing protein		60879611	protein-coding		WP_102741793.1	106	GOZ73_RS00995
NZ_AP021898.1	245647	248013		plus	glycosyl hydrolase family 95 catalytic domain-containing protein		60879612	protein-coding		WP_102745081.1	788	GOZ73_RS01000
NZ_AP021898.1	248086	248208		plus	hypothetical protein		77100524	protein-coding		WP_257227748.1	40	GOZ73_RS12470
NZ_AP021898.1	248205	249245		plus	alpha/beta hydrolase		60879613	protein-coding		WP_102745080.1	346	GOZ73_RS01005
NZ_AP021898.1	249317	252046		plus	isoleucine--tRNA ligase	ileS	60879614	protein-coding		WP_102741979.1	909	GOZ73_RS01010
NZ_AP021898.1	252077	252850		plus	signal peptidase II		60879615	protein-coding		WP_102745079.1	257	GOZ73_RS01015
NZ_AP021898.1	252858	253520		plus	DUF1573 domain-containing protein		60879616	protein-coding		WP_102745078.1	220	GOZ73_RS01020
NZ_AP021898.1	253538	254020		plus	rhodanese-like domain-containing protein		60879617	protein-coding		WP_102745077.1	160	GOZ73_RS01025
NZ_AP021898.1	254023	255249		plus	aminotransferase class V-fold PLP-dependent enzyme		60879618	protein-coding		WP_022197864.1	408	GOZ73_RS01030
NZ_AP021898.1	255287	257020		plus	esterase/lipase family protein		60879619	protein-coding		WP_102747207.1	577	GOZ73_RS01035
NZ_AP021898.1	257493	259133		plus	discoidin domain-containing protein		60879620	protein-coding		WP_102745075.1	546	GOZ73_RS01040
NZ_AP021898.1	259561	259908		minus	50S ribosomal protein L19	rplS	60879622	protein-coding		WP_012419257.1	115	GOZ73_RS01050
NZ_AP021898.1	260018	261556		minus	TIGR03790 family protein		60879623	protein-coding		WP_162378713.1	512	GOZ73_RS01055
NZ_AP021898.1	261722	262144		plus	methylmalonyl-CoA epimerase	mce	60879624	protein-coding		WP_022197871.1	140	GOZ73_RS01060
NZ_AP021898.1	262176	263741		plus	acyl-CoA carboxylase subunit beta		60879625	protein-coding		WP_022197872.1	521	GOZ73_RS01065
NZ_AP021898.1	263763	264215		plus	OadG family transporter subunit		60879626	protein-coding		WP_031930081.1	150	GOZ73_RS01070
NZ_AP021898.1	264288	264689		plus	biotin/lipoyl-containing protein		60879627	protein-coding		WP_031930082.1	133	GOZ73_RS01075
NZ_AP021898.1	264843	266432		plus	sodium ion-translocating decarboxylase subunit beta		60879628	protein-coding		WP_343125572.1	529	GOZ73_RS01080
NZ_AP021898.1	266470	267249		plus	biotin--[acetyl-CoA-carboxylase] ligase		60879629	protein-coding		WP_051729185.1	259	GOZ73_RS01085
NZ_AP021898.1	267311	268807		plus	acetyl-CoA hydrolase/transferase family protein		60879630	protein-coding		WP_102747206.1	498	GOZ73_RS01090
NZ_AP021898.1	268926	269627		plus	hypothetical protein		60879631	protein-coding		WP_143369068.1	233	GOZ73_RS01095
NZ_AP021898.1	269845	270708		minus	glucose-1-phosphate thymidylyltransferase RfbA	rfbA	60879632	protein-coding		WP_012419267.1	287	GOZ73_RS01100
NZ_AP021898.1	270718	271770		minus	dTDP-glucose 4,6-dehydratase	rfbB	60879633	protein-coding		WP_012419268.1	350	GOZ73_RS01105
NZ_AP021898.1	271902	272864		minus	6-phosphofructokinase		60879634	protein-coding		WP_065529553.1	320	GOZ73_RS01110
NZ_AP021898.1	272975	273706		plus	uracil-DNA glycosylase family protein		60879635	protein-coding		WP_031930087.1	243	GOZ73_RS01115
NZ_AP021898.1	273823	273978		plus	hypothetical protein		60879636	protein-coding		WP_153951195.1	51	GOZ73_RS01120
NZ_AP021898.1	274074	275540		plus	Asp-tRNA(Asn)/Glu-tRNA(Gln) amidotransferase subunit GatB	gatB	60879637	protein-coding		WP_102747205.1	488	GOZ73_RS01125
NZ_AP021898.1	275595	277325		minus	thiamine pyrophosphate-dependent enzyme		60879638	protein-coding		WP_232053458.1	576	GOZ73_RS01130
NZ_AP021898.1	277489	278238		minus	PEP-CTERM sorting domain-containing protein		60879639	protein-coding		WP_155844477.1	249	GOZ73_RS01135
NZ_AP021898.1	278695	281232		plus	alpha-amylase family protein		60879640	protein-coding		WP_102747202.1	845	GOZ73_RS01140
NZ_AP021898.1	281343	281996		minus	hypothetical protein		60879641	protein-coding		WP_031930092.1	217	GOZ73_RS01145
NZ_AP021898.1	282163	284919		plus	calcium-translocating P-type ATPase, PMCA-type		60879642	protein-coding		WP_102747201.1	918	GOZ73_RS01150
NZ_AP021898.1	285018	286175		plus	efflux RND transporter periplasmic adaptor subunit		60879643	protein-coding		WP_162378714.1	385	GOZ73_RS01155
NZ_AP021898.1	286188	289358		plus	efflux RND transporter permease subunit		60879644	protein-coding		WP_065529566.1	1056	GOZ73_RS01160
NZ_AP021898.1	289405	290787		minus	SLC13 family permease		60879645	protein-coding		WP_012419279.1	460	GOZ73_RS01165
NZ_AP021898.1	291074	291346		minus	hypothetical protein		60879646	protein-coding		WP_012419280.1	90	GOZ73_RS01170
NZ_AP021898.1	291532	292320		minus	bifunctional hydroxymethylpyrimidine kinase/phosphomethylpyrimidine kinase	thiD	60879647	protein-coding		WP_065529568.1	262	GOZ73_RS01175
NZ_AP021898.1	292319	292900		plus	hypothetical protein		60879648	protein-coding		WP_162378715.1	193	GOZ73_RS01180
NZ_AP021898.1	292897	293928		minus	tetratricopeptide repeat protein		60879649	protein-coding		WP_065529569.1	343	GOZ73_RS01185
NZ_AP021898.1	294089	294826		plus	hypothetical protein		60879650	protein-coding		WP_084042783.1	245	GOZ73_RS01195
NZ_AP021898.1	294842	296107		minus	hypothetical protein		60879651	protein-coding		WP_042447516.1	421	GOZ73_RS01200
NZ_AP021898.1	296426	298441		minus	Eco57I restriction-modification methylase domain-containing protein		60879652	protein-coding		WP_102747199.1	671	GOZ73_RS01210
NZ_AP021898.1	298974	299049		minus	tRNA-Lys		60879653	tRNA				GOZ73_RS01215
NZ_AP021898.1	299086	299161		minus	tRNA-Lys		60879654	tRNA				GOZ73_RS01220
NZ_AP021898.1	299205	299279		minus	tRNA-Thr		60879655	tRNA				GOZ73_RS01225
NZ_AP021898.1	299474	299971		plus	hypothetical protein		60879656	protein-coding		WP_012419287.1	165	GOZ73_RS01230
NZ_AP021898.1	300149	300934		minus	SDR family oxidoreductase		60879657	protein-coding		WP_102747197.1	261	GOZ73_RS01235
NZ_AP021898.1	300993	302249		minus	hypothetical protein		60879658	protein-coding		WP_102744246.1	418	GOZ73_RS01240
NZ_AP021898.1	302426	303106		plus	peptide deformylase	def	60879659	protein-coding		WP_232053459.1	226	GOZ73_RS01245
NZ_AP021898.1	303217	304254		minus	L-threonine 3-dehydrogenase	tdh	60879660	protein-coding		WP_012419291.1	345	GOZ73_RS01250
NZ_AP021898.1	304514	306178		plus	alpha-glucan family phosphorylase	glgP	60879661	protein-coding		WP_012419293.1	554	GOZ73_RS01255
NZ_AP021898.1	306280	307050		minus	ion transporter		60879662	protein-coding		WP_102733023.1	256	GOZ73_RS01260
NZ_AP021898.1	307059	307418		minus	arsenate reductase family protein		60879663	protein-coding		WP_012419295.1	119	GOZ73_RS01265
NZ_AP021898.1	307586	308992		minus	MBL fold metallo-hydrolase RNA specificity domain-containing protein		60879664	protein-coding		WP_102745060.1	468	GOZ73_RS01270
NZ_AP021898.1	309497	309787		minus	Sec-independent protein translocase subunit TatA/TatB	tatA	77100525	protein-coding		WP_153951285.1	96	GOZ73_RS12475
NZ_AP021898.1	309854	311281		minus	tetratricopeptide repeat protein		60879666	protein-coding		WP_162378716.1	475	GOZ73_RS01280
NZ_AP021898.1	311300	312799		minus	pseudouridine synthase		60879667	protein-coding		WP_155844478.1	499	GOZ73_RS01285
NZ_AP021898.1	313003	313158		minus	small basic protein		60879668	protein-coding		WP_012419301.1	51	GOZ73_RS01290
NZ_AP021898.1	313280	313999		minus	tRNA (guanosine(37)-N1)-methyltransferase TrmD	trmD	60879669	protein-coding		WP_022197844.1	239	GOZ73_RS01295
NZ_AP021898.1	314012	315131		minus	peptide chain release factor 2	prfB	60879670	protein-coding		WP_197738459.1	372	GOZ73_RS01300
NZ_AP021898.1	315477	315878		minus	metal-dependent transcriptional regulator		60879671	protein-coding		WP_012419304.1	133	GOZ73_RS01305
NZ_AP021898.1	316016	317704		minus	30S ribosomal protein S1		60879672	protein-coding		WP_012419305.1	562	GOZ73_RS01310
NZ_AP021898.1	318009	318590		plus	SagB/ThcOx family dehydrogenase		60879673	protein-coding		WP_102742013.1	193	GOZ73_RS01315
NZ_AP021898.1	318668	319144		minus	GNAT family N-acetyltransferase		60879674	protein-coding		WP_102745057.1	158	GOZ73_RS01320
NZ_AP021898.1	319240	319316		plus	tRNA-Pro		60879675	tRNA				GOZ73_RS01325
NZ_AP021898.1	319711	320289		minus	hypothetical protein		60879676	protein-coding		WP_102745099.1	192	GOZ73_RS01330
NZ_AP021898.1	320389	320724		minus	type VI secretion system amidase effector protein Tae4		69060645	protein-coding		WP_232053460.1	111	GOZ73_RS12355
NZ_AP021898.1	320772	321206		minus	PA14 domain-containing protein		69060646	protein-coding		WP_232053461.1	144	GOZ73_RS12360
NZ_AP021898.1	321751	322596		plus	GYF domain-containing protein		60879678	protein-coding		WP_012419310.1	281	GOZ73_RS01340
NZ_AP021898.1	322612	323481		minus	M23 family metallopeptidase		60879679	protein-coding		WP_012419311.1	289	GOZ73_RS01345
NZ_AP021898.1	323529	324464		minus	sugar phosphate isomerase/epimerase family protein		60879680	protein-coding		WP_094175299.1	311	GOZ73_RS01350
NZ_AP021898.1	324479	325267		minus	3-methyl-2-oxobutanoate hydroxymethyltransferase	panB	60879681	protein-coding		WP_022197855.1	262	GOZ73_RS01355
NZ_AP021898.1	325289	325798		minus	2-amino-4-hydroxy-6-hydroxymethyldihydropteridine diphosphokinase	folK	60879682	protein-coding		WP_022197856.1	169	GOZ73_RS01360
NZ_AP021898.1	325856	326596		minus	4-hydroxy-tetrahydrodipicolinate reductase	dapB	60879683	protein-coding		WP_012419315.1	246	GOZ73_RS01365
NZ_AP021898.1	326609	327490		minus	4-hydroxy-tetrahydrodipicolinate synthase	dapA	60879684	protein-coding		WP_102747168.1	293	GOZ73_RS01370
NZ_AP021898.1	327564	328271		minus	hypothetical protein		60879685	protein-coding		WP_102745056.1	235	GOZ73_RS01375
NZ_AP021898.1	328489	328604		minus	5S ribosomal RNA	rrf	60879686	rRNA				GOZ73_RS01380
NZ_AP021898.1	328839	331674		minus	23S ribosomal RNA		60879687	rRNA				GOZ73_RS01385
NZ_AP021898.1	331883	331959		minus	tRNA-Ile		60879688	tRNA				GOZ73_RS01390
NZ_AP021898.1	331984	332059		minus	tRNA-Ala		60879689	tRNA				GOZ73_RS01395
NZ_AP021898.1	332228	333739		minus	16S ribosomal RNA		60879690	rRNA				GOZ73_RS01400
NZ_AP021898.1	334302	336494		minus	redoxin domain-containing protein		60879691	protein-coding		WP_102746976.1	730	GOZ73_RS01405
NZ_AP021898.1	336706	337152		plus	helix-turn-helix domain-containing protein		60879692	protein-coding		WP_102747799.1	148	GOZ73_RS01410
NZ_AP021898.1	337254	337880		plus	helix-turn-helix domain-containing protein		60879693	protein-coding		WP_146018821.1	208	GOZ73_RS01415
NZ_AP021898.1	338318	338376		minus	tRNA-OTHER		60879694	tRNA				GOZ73_RS01420
NZ_AP021898.1	338628	339122		plus	DUF4339 domain-containing protein		60879695	protein-coding		WP_155844479.1	164	GOZ73_RS01425
NZ_AP021898.1	339335	341830		minus	hypothetical protein		60879696	protein-coding		WP_155844480.1	831	GOZ73_RS01430
NZ_AP021898.1	341916	342653		minus	hypothetical protein		60879697	protein-coding		WP_155844481.1	245	GOZ73_RS01435
NZ_AP021898.1	342650	344857		minus	hypothetical protein		60879698	protein-coding		WP_155844482.1	735	GOZ73_RS01440
NZ_AP021898.1	344854	345261		minus	hypothetical protein		60879699	protein-coding		WP_155844483.1	135	GOZ73_RS01445
NZ_AP021898.1	345357	345938		minus	hypothetical protein		60879700	protein-coding		WP_087393790.1	193	GOZ73_RS01450
NZ_AP021898.1	345944	346150		minus	hypothetical protein		60879701	protein-coding		WP_022197306.1	68	GOZ73_RS01455
NZ_AP021898.1	346140	346610		minus	glutathione S-transferase family protein		60879702	protein-coding		WP_087393788.1	156	GOZ73_RS01460
NZ_AP021898.1	346607	347020		minus	hypothetical protein		60879703	protein-coding		WP_102738834.1	137	GOZ73_RS01465
NZ_AP021898.1	347034	347429		minus	hypothetical protein		60879704	protein-coding		WP_087393784.1	131	GOZ73_RS01470
NZ_AP021898.1	347462	348502		minus	major capsid protein		60879705	protein-coding		WP_087393782.1	346	GOZ73_RS01475
NZ_AP021898.1	348504	349556		minus	phage protease		60879706	protein-coding		WP_102741340.1	350	GOZ73_RS01480
NZ_AP021898.1	349786	350223		plus	copper resistance protein NlpE		60879707	protein-coding		WP_087393778.1	145	GOZ73_RS01485
NZ_AP021898.1	350317	351021		minus	hypothetical protein		60879708	protein-coding		WP_087393777.1	234	GOZ73_RS01490
NZ_AP021898.1	351018	351281		minus	hypothetical protein		60879709	protein-coding		WP_087393775.1	87	GOZ73_RS01495
NZ_AP021898.1	351305	352642		minus	phage portal protein family protein		60879710	protein-coding		WP_087393773.1	445	GOZ73_RS01500
NZ_AP021898.1	352664	353245		minus	putative peptidoglycan-binding domain-containing protein		60879711	protein-coding		WP_232053463.1	193	GOZ73_RS01505
NZ_AP021898.1	353305	353532		minus	hypothetical protein		60879712	protein-coding		WP_022196875.1	75	GOZ73_RS01510
NZ_AP021898.1	353537	354007		minus	hypothetical protein		60879713	protein-coding		WP_146020687.1	156	GOZ73_RS01515
NZ_AP021898.1	354020	354421		minus	hypothetical protein		60879714	protein-coding		WP_155844484.1	133	GOZ73_RS01520
NZ_AP021898.1	354424	356697		minus	hypothetical protein		60879715	protein-coding		WP_155844485.1	757	GOZ73_RS01525
NZ_AP021898.1	356761	358278		minus	hypothetical protein		60879716	protein-coding		WP_102738828.1	505	GOZ73_RS01530
NZ_AP021898.1	358254	358742		minus	terminase small subunit-like protein		60879717	protein-coding		WP_155844486.1	162	GOZ73_RS01535
NZ_AP021898.1	358739	358987		minus	hypothetical protein		60879718	protein-coding		WP_087393764.1	82	GOZ73_RS01540
NZ_AP021898.1	359073	360668		minus	ADP-ribosyltransferase		60879719	protein-coding		WP_102739341.1	531	GOZ73_RS01545
NZ_AP021898.1	360662	360961		minus	hypothetical protein		60879720	protein-coding		WP_102738826.1	99	GOZ73_RS01550
NZ_AP021898.1	360958	362307		minus	replicative DNA helicase		60879721	protein-coding		WP_123043954.1	449	GOZ73_RS01555
NZ_AP021898.1	362330	363106		minus	hypothetical protein		60879722	protein-coding		WP_155844487.1	258	GOZ73_RS01560
NZ_AP021898.1	363120	363590		minus	TRM11 family methyltransferase		60879723	protein-coding		WP_155844488.1	156	GOZ73_RS01565
NZ_AP021898.1	364054	364434		minus	hypothetical protein		60879724	protein-coding		WP_155844489.1	126	GOZ73_RS01570
NZ_AP021898.1	364670	365095		minus	RusA family crossover junction endodeoxyribonuclease		60879725	protein-coding		WP_102741319.1	141	GOZ73_RS01580
NZ_AP021898.1	365105	365656		minus	hypothetical protein		60879726	protein-coding		WP_155844490.1	183	GOZ73_RS01585
NZ_AP021898.1	365662	366825		minus	DUF2800 domain-containing protein		60879727	protein-coding		WP_155844491.1	387	GOZ73_RS01590
NZ_AP021898.1	366822	367850		minus	ATP-binding protein		60879728	protein-coding		WP_155844492.1	342	GOZ73_RS01595
NZ_AP021898.1	368293	368484		minus	hypothetical protein		60879729	protein-coding		WP_155844493.1	63	GOZ73_RS01600
NZ_AP021898.1	368613	369020		minus	hypothetical protein		60879730	protein-coding		WP_155844494.1	135	GOZ73_RS01605
NZ_AP021898.1	369099	369311		minus	hypothetical protein		60879731	protein-coding		WP_155844495.1	70	GOZ73_RS01610
NZ_AP021898.1	369606	370343		plus	LexA family protein		60879732	protein-coding		WP_162378718.1	245	GOZ73_RS01615
NZ_AP021898.1	370688	371083		plus	hypothetical protein		60879733	protein-coding		WP_155844497.1	131	GOZ73_RS01620
NZ_AP021898.1	371111	371650		plus	hypothetical protein		60879734	protein-coding		WP_155844498.1	179	GOZ73_RS01625
NZ_AP021898.1	371640	372152		plus	protein-export chaperone SecB		60879735	protein-coding		WP_155844499.1	170	GOZ73_RS01630
NZ_AP021898.1	372459	372683		plus	type II toxin-antitoxin system HicA family toxin		300825830	protein-coding		WP_155844500.1	74	GOZ73_RS12605
NZ_AP021898.1	372989	373963		plus	tetratricopeptide repeat protein		60879737	protein-coding		WP_102732301.1	324	GOZ73_RS01640
NZ_AP021898.1	373960	374907		plus	tetratricopeptide repeat protein		60879738	protein-coding		WP_155844501.1	315	GOZ73_RS01645
NZ_AP021898.1	375117	375929		minus	tyrosine-type recombinase/integrase		60879739	protein-coding		WP_163069728.1	270	GOZ73_RS01650
NZ_AP021898.1	376312	376388		minus	tRNA-Arg		60879740	tRNA				GOZ73_RS01655
NZ_AP021898.1	376456	376953		minus	rRNA maturation RNase YbeY	ybeY	60879741	protein-coding		WP_161994078.1	165	GOZ73_RS01660
NZ_AP021898.1	376937	378697		minus	HD family phosphohydrolase		60879742	protein-coding		WP_012419322.1	586	GOZ73_RS01665
NZ_AP021898.1	378703	379752		minus	phosphate acyltransferase PlsX	plsX	60879743	protein-coding		WP_012419323.1	349	GOZ73_RS01670
NZ_AP021898.1	379901	380092		minus	50S ribosomal protein L32	rpmF	60879744	protein-coding		WP_012419324.1	63	GOZ73_RS01675
NZ_AP021898.1	380116	380607		minus	YceD family protein		60879745	protein-coding		WP_012419325.1	163	GOZ73_RS01680
NZ_AP021898.1	380718	381062		minus	histidine triad nucleotide-binding protein		60879746	protein-coding		WP_022198326.1	114	GOZ73_RS01685
NZ_AP021898.1	381118	382164		minus	L-threonylcarbamoyladenylate synthase		60879747	protein-coding		WP_102746991.1	348	GOZ73_RS01690
NZ_AP021898.1	382426	382956		plus	shikimate kinase		60879748	protein-coding		WP_163069729.1	176	GOZ73_RS01695
NZ_AP021898.1	383121	383363		minus	30S ribosomal protein S16	rpsP	60879749	protein-coding		WP_012419329.1	80	GOZ73_RS01700
NZ_AP021898.1	383529	383900		minus	LysE family transporter		60879750	protein-coding		WP_306670392.1	123	GOZ73_RS01705
NZ_AP021898.1	384171	385073		minus	tyrosine recombinase XerC		60879751	protein-coding		WP_102746972.1	300	GOZ73_RS01710
NZ_AP021898.1	385084	385935		minus	EF-hand domain-containing protein		60879752	protein-coding		WP_162378720.1	283	GOZ73_RS01715
NZ_AP021898.1	386060	386380		minus	preprotein translocase subunit YajC	yajC	60879753	protein-coding		WP_157738216.1	106	GOZ73_RS01720
NZ_AP021898.1	386389	387522		minus	tRNA guanosine(34) transglycosylase Tgt	tgt	60879754	protein-coding		WP_031930139.1	377	GOZ73_RS01725
NZ_AP021898.1	387528	388124		minus	tRNA (guanosine(46)-N7)-methyltransferase TrmB	trmB	60879755	protein-coding		WP_022198333.1	198	GOZ73_RS01730
NZ_AP021898.1	388253	388975		minus	NUDIX hydrolase		60879756	protein-coding		WP_022198334.1	240	GOZ73_RS01735
NZ_AP021898.1	389192	389710		plus	septal ring lytic transglycosylase RlpA family protein		60879757	protein-coding		WP_012419336.1	172	GOZ73_RS01740
NZ_AP021898.1	389715	390599		minus	ribonuclease HIII	rnhC	60879758	protein-coding		WP_215839290.1	294	GOZ73_RS01745
NZ_AP021898.1	390788	391120		plus	HU family DNA-binding protein		60879759	protein-coding		WP_256150996.1	110	GOZ73_RS01750
NZ_AP021898.1	391227	391859		plus	hypothetical protein		60879760	protein-coding		WP_102746971.1	210	GOZ73_RS01755
NZ_AP021898.1	391939	392202		plus	hypothetical protein		60879761	protein-coding		WP_012419340.1	87	GOZ73_RS01760
NZ_AP021898.1	392216	392659		plus	hypothetical protein		60879762	protein-coding		WP_102735417.1	147	GOZ73_RS01765
NZ_AP021898.1	392923	393687		minus	energy transducer TonB		60879763	protein-coding		WP_146018820.1	254	GOZ73_RS01770
NZ_AP021898.1	393707	394138		minus	hypothetical protein		60879764	protein-coding		WP_102746969.1	143	GOZ73_RS01775
NZ_AP021898.1	394163	394813		minus	MotA/TolQ/ExbB proton channel family protein		60879765	protein-coding		WP_102746968.1	216	GOZ73_RS01780
NZ_AP021898.1	394869	395567		minus	UbiA family prenyltransferase		60879766	protein-coding		WP_162378721.1	232	GOZ73_RS01785
NZ_AP021898.1	395773	396891		plus	peptidylprolyl isomerase		60879767	protein-coding		WP_031930148.1	372	GOZ73_RS01790
NZ_AP021898.1	397187	400147		plus	beta-galactosidase GalB	galB	60879768	protein-coding		WP_155844503.1	986	GOZ73_RS01795
NZ_AP021898.1	400301	402973		plus	valine--tRNA ligase		60879769	protein-coding		WP_102748495.1	890	GOZ73_RS01800
NZ_AP021898.1	402992	403834		plus	DUF4332 domain-containing protein		60879770	protein-coding		WP_012419349.1	280	GOZ73_RS01805
NZ_AP021898.1	404453	404818		minus	50S ribosomal protein L14	rplN	60879771	protein-coding		WP_012419350.1	121	GOZ73_RS01810
NZ_AP021898.1	404856	405128		minus	30S ribosomal protein S17	rpsQ	60879772	protein-coding		WP_012419351.1	90	GOZ73_RS01815
NZ_AP021898.1	405177	405380		minus	50S ribosomal protein L29	rpmC	60879773	protein-coding		WP_012419352.1	67	GOZ73_RS01820
NZ_AP021898.1	405395	405817		minus	50S ribosomal protein L16	rplP	60879774	protein-coding		WP_012419353.1	140	GOZ73_RS01825
NZ_AP021898.1	405870	406559		minus	30S ribosomal protein S3	rpsC	60879775	protein-coding		WP_012419354.1	229	GOZ73_RS01830
NZ_AP021898.1	406599	406937		minus	50S ribosomal protein L22	rplV	60879776	protein-coding		WP_012419355.1	112	GOZ73_RS01835
NZ_AP021898.1	406976	407686		minus	hypothetical protein		60879777	protein-coding		WP_012419356.1	236	GOZ73_RS01840
NZ_AP021898.1	407707	407976		minus	30S ribosomal protein S19	rpsS	60879778	protein-coding		WP_012419357.1	89	GOZ73_RS01845
NZ_AP021898.1	408012	408848		minus	50S ribosomal protein L2	rplB	60879779	protein-coding		WP_012419358.1	278	GOZ73_RS01850
NZ_AP021898.1	408875	409159		minus	50S ribosomal protein L23	rplW	60879780	protein-coding		WP_012419359.1	94	GOZ73_RS01855
NZ_AP021898.1	409166	409774		minus	50S ribosomal protein L4	rplD	60879781	protein-coding		WP_012419360.1	202	GOZ73_RS01860
NZ_AP021898.1	409816	410451		minus	50S ribosomal protein L3	rplC	60879782	protein-coding		WP_022397788.1	211	GOZ73_RS01865
NZ_AP021898.1	410497	410805		minus	30S ribosomal protein S10	rpsJ	60879783	protein-coding		WP_012419362.1	102	GOZ73_RS01870
NZ_AP021898.1	410843	412990		minus	elongation factor G	fusA	60879784	protein-coding		WP_012419363.1	715	GOZ73_RS01875
NZ_AP021898.1	413054	413527		minus	30S ribosomal protein S7	rpsG	60879785	protein-coding		WP_012419364.1	157	GOZ73_RS01880
NZ_AP021898.1	413554	413937		minus	30S ribosomal protein S12	rpsL	60879786	protein-coding		WP_102743996.1	127	GOZ73_RS01885
NZ_AP021898.1	414512	416056		minus	2,3-bisphosphoglycerate-independent phosphoglycerate mutase	gpmI	60879787	protein-coding		WP_022198350.1	514	GOZ73_RS01890
NZ_AP021898.1	416062	416493		minus	acyl-CoA thioesterase		60879788	protein-coding		WP_102746965.1	143	GOZ73_RS01895
NZ_AP021898.1	416625	417776		plus	two-component system sensor histidine kinase NtrB		60879789	protein-coding		WP_012419368.1	383	GOZ73_RS01900
NZ_AP021898.1	417773	419164		plus	sigma-54-dependent transcriptional regulator		60879790	protein-coding		WP_094139638.1	463	GOZ73_RS01905
NZ_AP021898.1	419161	421038		plus	ArnT family glycosyltransferase		60879791	protein-coding		WP_102746964.1	625	GOZ73_RS01910
NZ_AP021898.1	421046	421306		plus	exodeoxyribonuclease VII small subunit	xseB	60879792	protein-coding		WP_012419371.1	86	GOZ73_RS01915
NZ_AP021898.1	421287	423173		plus	1-deoxy-D-xylulose-5-phosphate synthase	dxs	60879793	protein-coding		WP_102746963.1	628	GOZ73_RS01920
NZ_AP021898.1	423181	423954		plus	tetratricopeptide repeat protein		60879794	protein-coding		WP_012419373.1	257	GOZ73_RS01925
NZ_AP021898.1	423954	424490		plus	DNA repair protein RecO	recO	60879795	protein-coding		WP_065529606.1	178	GOZ73_RS01930
NZ_AP021898.1	424642	425733		plus	LptF/LptG family permease		60879796	protein-coding		WP_065529607.1	363	GOZ73_RS01935
NZ_AP021898.1	425809	427203		plus	ribosome biogenesis GTPase Der	der	60879797	protein-coding		WP_012419376.1	464	GOZ73_RS01940
NZ_AP021898.1	427222	428190		plus	ABC transporter ATP-binding protein		60879798	protein-coding		WP_102740932.1	322	GOZ73_RS01945
NZ_AP021898.1	428432	429067		minus	CatA-like O-acetyltransferase		60879799	protein-coding		WP_102741279.1	211	GOZ73_RS01950
NZ_AP021898.1	429072	429791		minus	DUF805 domain-containing protein		60879800	protein-coding		WP_131072169.1	239	GOZ73_RS01955
NZ_AP021898.1	429930	432746		minus	ABC transporter permease		60879801	protein-coding		WP_162378723.1	938	GOZ73_RS01960
NZ_AP021898.1	432752	433498		minus	ABC transporter ATP-binding protein		60879802	protein-coding		WP_065529612.1	248	GOZ73_RS01965
NZ_AP021898.1	433514	435721		minus	TonB-dependent receptor		60879803	protein-coding		WP_162378724.1	735	GOZ73_RS01970
NZ_AP021898.1	435856	436743		minus	prephenate dehydrogenase		60879804	protein-coding		WP_162378725.1	295	GOZ73_RS01975
NZ_AP021898.1	436824	437384		minus	hypothetical protein		60879805	protein-coding		WP_146018819.1	186	GOZ73_RS01980
NZ_AP021898.1	437861	440527		plus	MFS transporter		60879806	protein-coding		WP_012419393.1	888	GOZ73_RS01985
NZ_AP021898.1	440517	440984		plus	deoxycytidylate deaminase		60879807	protein-coding		WP_012419394.1	155	GOZ73_RS01990
NZ_AP021898.1	440996	441457		minus	hypothetical protein		60879808	protein-coding		WP_012419395.1	153	GOZ73_RS01995
NZ_AP021898.1	441589	441996		minus	OsmC family protein		60879809	protein-coding		WP_012419396.1	135	GOZ73_RS02000
NZ_AP021898.1	442078	444393		plus	protein-disulfide reductase DsbD family protein		60879810	protein-coding		WP_162378726.1	771	GOZ73_RS02005
NZ_AP021898.1	444469	445200		minus	GDSL-type esterase/lipase family protein		60879811	protein-coding		WP_102746957.1	243	GOZ73_RS02010
NZ_AP021898.1	445252	445845		minus	3'-5' exonuclease		60879812	protein-coding		WP_012419399.1	197	GOZ73_RS02015
NZ_AP021898.1	445847	448318		minus	DNA mismatch repair protein MutS	mutS	60879813	protein-coding		WP_102746956.1	823	GOZ73_RS02020
NZ_AP021898.1	448664	449014		minus	ribosome silencing factor	rsfS	60879814	protein-coding		WP_012419401.1	116	GOZ73_RS02025
NZ_AP021898.1	449036	451474		minus	ATP-dependent zinc metalloprotease FtsH	ftsH	60879815	protein-coding		WP_232053464.1	812	GOZ73_RS02030
NZ_AP021898.1	451651	452448		minus	hypothetical protein		60879816	protein-coding		WP_012419403.1	265	GOZ73_RS02035
NZ_AP021898.1	452438	453514		minus	AAA family ATPase		60879817	protein-coding		WP_022198388.1	358	GOZ73_RS02040
NZ_AP021898.1	453726	454550		plus	1,4-dihydroxy-2-naphthoyl-CoA synthase	menB	60879818	protein-coding		WP_031930179.1	274	GOZ73_RS02045
NZ_AP021898.1	454570	455400		plus	hypothetical protein		60879819	protein-coding		WP_102746954.1	276	GOZ73_RS02050
NZ_AP021898.1	455471	456427		minus	hypothetical protein		60879820	protein-coding		WP_143246144.1	318	GOZ73_RS02055
NZ_AP021898.1	456511	457800		minus	hypothetical protein		60879821	protein-coding		WP_102746953.1	429	GOZ73_RS02060
NZ_AP021898.1	457999	458514		plus	hypothetical protein		60879822	protein-coding		WP_102744755.1	171	GOZ73_RS02065
NZ_AP021898.1	458543	459025		plus	hypothetical protein		60879823	protein-coding		WP_102746952.1	160	GOZ73_RS02070
NZ_AP021898.1	459185	460330		minus	hypothetical protein		60879824	protein-coding		WP_128252042.1	381	GOZ73_RS02075
NZ_AP021898.1	460293	460925		minus	ATP-binding cassette domain-containing protein		60879825	protein-coding		WP_065529629.1	210	GOZ73_RS02080
NZ_AP021898.1	460922	461878		minus	hypothetical protein		60879826	protein-coding		WP_146018818.1	318	GOZ73_RS02085
NZ_AP021898.1	462037	462591		minus	hypothetical protein		60879827	protein-coding		WP_146021608.1	184	GOZ73_RS02090
NZ_AP021898.1	462791	466327		minus	ATP-binding cassette domain-containing protein		60879828	protein-coding		WP_162378727.1	1178	GOZ73_RS02095
NZ_AP021898.1	466519	466941		plus	DUF6941 family protein		60879829	protein-coding		WP_012419416.1	140	GOZ73_RS02100
NZ_AP021898.1	467177	468022		plus	SDR family NAD(P)-dependent oxidoreductase		60879830	protein-coding		WP_102746947.1	281	GOZ73_RS02105
NZ_AP021898.1	468019	469599		plus	glycoside hydrolase family 75 protein		60879831	protein-coding		WP_102746946.1	526	GOZ73_RS02110
NZ_AP021898.1	469601	470500		minus	phytoene/squalene synthase family protein		60879832	protein-coding		WP_012419419.1	299	GOZ73_RS02115
NZ_AP021898.1	470497	472023		minus	sigma-54 interaction domain-containing protein		60879833	protein-coding		WP_012419420.1	508	GOZ73_RS02120
NZ_AP021898.1	472221	474008		minus	chloride channel protein		60879834	protein-coding		WP_102742800.1	595	GOZ73_RS02125
NZ_AP021898.1	474178	474963		minus	hypothetical protein		60879835	protein-coding		WP_162378728.1	261	GOZ73_RS02130
NZ_AP021898.1	475194	477191		plus	beta-N-acetylhexosaminidase		60879836	protein-coding		WP_102746989.1	665	GOZ73_RS02135
NZ_AP021898.1	477525	478004		minus	hypothetical protein		60879837	protein-coding		WP_128153423.1	159	GOZ73_RS02140
NZ_AP021898.1	478058	480598		minus	ligand-binding sensor domain-containing protein		60879838	protein-coding		WP_180973805.1	846	GOZ73_RS02145
NZ_AP021898.1	481819	483219		minus	glutamate decarboxylase		60879839	protein-coding		WP_102744764.1	466	GOZ73_RS02150
NZ_AP021898.1	483872	484435		minus	GNAT family N-acetyltransferase		60879840	protein-coding		WP_102742803.1	187	GOZ73_RS02155
NZ_AP021898.1	484440	487964		minus	DNA polymerase III subunit alpha	dnaE	60879841	protein-coding		WP_102744887.1	1174	GOZ73_RS02160
NZ_AP021898.1	487997	489043		minus	quinone-dependent dihydroorotate dehydrogenase		60879842	protein-coding		WP_094139941.1	348	GOZ73_RS02165
NZ_AP021898.1	489131	489775		plus	thiamine phosphate synthase	thiE	60879843	protein-coding		WP_102732337.1	214	GOZ73_RS02170
NZ_AP021898.1	489801	490475		minus	TetR/AcrR family transcriptional regulator		60879844	protein-coding		WP_102746945.1	224	GOZ73_RS02175
NZ_AP021898.1	490503	491195		minus	TlpA family protein disulfide reductase		60879845	protein-coding		WP_162378729.1	230	GOZ73_RS02180
NZ_AP021898.1	491263	493542		minus	tetratricopeptide repeat protein		60879846	protein-coding		WP_162378730.1	759	GOZ73_RS02185
NZ_AP021898.1	493637	494962		minus	hemolysin family protein		60879847	protein-coding		WP_102744766.1	441	GOZ73_RS02190
NZ_AP021898.1	494959	496293		minus	hemolysin family protein		60879848	protein-coding		WP_102744767.1	444	GOZ73_RS02195
NZ_AP021898.1	496296	496535		plus	hypothetical protein		60879849	protein-coding		WP_031930209.1	79	GOZ73_RS02200
NZ_AP021898.1	496577	498721		minus	polyribonucleotide nucleotidyltransferase		60879850	protein-coding		WP_012419436.1	714	GOZ73_RS02205
NZ_AP021898.1	499602	499856		minus	30S ribosomal protein S15	rpsO	60879851	protein-coding		WP_022198419.1	84	GOZ73_RS02210
NZ_AP021898.1	499958	500599		minus	sugar O-acetyltransferase		60879852	protein-coding		WP_102746942.1	213	GOZ73_RS02215
NZ_AP021898.1	500577	501440		minus	L,D-transpeptidase family protein		60879853	protein-coding		WP_162378731.1	287	GOZ73_RS02220
NZ_AP021898.1	501557	503188		minus	hypothetical protein		60879854	protein-coding		WP_102741252.1	543	GOZ73_RS02225
NZ_AP021898.1	503175	508358		minus	hypothetical protein		60879855	protein-coding		WP_102746940.1	1727	GOZ73_RS02230
NZ_AP021898.1	508358	509656		minus	hypothetical protein		60879856	protein-coding		WP_146018814.1	432	GOZ73_RS02235
NZ_AP021898.1	509771	510568		plus	tRNA pseudouridine(38-40) synthase TruA	truA	60879857	protein-coding		WP_046437935.1	265	GOZ73_RS02240
NZ_AP021898.1	510583	511164		minus	nicotinate (nicotinamide) nucleotide adenylyltransferase	nadD	60879858	protein-coding		WP_012419444.1	193	GOZ73_RS02245
NZ_AP021898.1	511175	511852		minus	M23 family metallopeptidase		60879859	protein-coding		WP_012419445.1	225	GOZ73_RS02250
NZ_AP021898.1	512041	514119		plus	alpha-L-fucosidase		60879860	protein-coding		WP_162378732.1	692	GOZ73_RS02255
NZ_AP021898.1	514709	515467		minus	type II secretion system protein		60879861	protein-coding		WP_012419448.1	252	GOZ73_RS02265
NZ_AP021898.1	515661	516473		minus	ribonuclease PH	rph	60879862	protein-coding		WP_012419449.1	270	GOZ73_RS02270
NZ_AP021898.1	516527	517906		plus	alkaline phosphatase family protein		60879863	protein-coding		WP_232053465.1	459	GOZ73_RS02275
NZ_AP021898.1	517919	520039		minus	family 20 glycosylhydrolase		60879864	protein-coding		WP_232053466.1	706	GOZ73_RS02280
NZ_AP021898.1	520282	520923		minus	dethiobiotin synthase	bioD	60879865	protein-coding		WP_087393581.1	213	GOZ73_RS02285
NZ_AP021898.1	520936	521088		minus	hypothetical protein		60879866	protein-coding		WP_012419453.1	50	GOZ73_RS02290
NZ_AP021898.1	521066	521857		minus	diadenylate cyclase CdaA	cdaA	60879867	protein-coding		WP_042447583.1	263	GOZ73_RS02295
NZ_AP021898.1	522064	522660		plus	hypothetical protein		60879868	protein-coding		WP_012419455.1	198	GOZ73_RS02300
NZ_AP021898.1	523079	523732		minus	ABC transporter ATP-binding protein		60879869	protein-coding		WP_031930228.1	217	GOZ73_RS02305
NZ_AP021898.1	523762	524607		minus	pantoate--beta-alanine ligase	panC	60879870	protein-coding		WP_031930229.1	281	GOZ73_RS02310
NZ_AP021898.1	524757	525353		plus	OmpH/Skp family outer membrane protein		60879871	protein-coding		WP_022198432.1	198	GOZ73_RS02315
NZ_AP021898.1	525393	526430		plus	UDP-3-O-(3-hydroxymyristoyl)glucosamine N-acyltransferase	lpxD	60879872	protein-coding		WP_031930231.1	345	GOZ73_RS02320
NZ_AP021898.1	526491	527282		minus	ABC transporter permease		60879873	protein-coding		WP_102746935.1	263	GOZ73_RS02325
NZ_AP021898.1	527279	528067		minus	ABC transporter ATP-binding protein		60879874	protein-coding		WP_102746934.1	262	GOZ73_RS02330
NZ_AP021898.1	528064	529110		minus	ABC transporter substrate-binding protein		60879875	protein-coding		WP_102746933.1	348	GOZ73_RS02335
NZ_AP021898.1	529339	529998		plus	hypothetical protein		60879876	protein-coding		WP_102746932.1	219	GOZ73_RS02340
NZ_AP021898.1	530085	533078		minus	beta-N-acetylglucosaminidase domain-containing protein		60879877	protein-coding		WP_102746931.1	997	GOZ73_RS02345
NZ_AP021898.1	533268	533774		minus	D-glycero-alpha-D-manno-heptose-1,7-bisphosphate 7-phosphatase		60879878	protein-coding		WP_012419466.1	168	GOZ73_RS02350
NZ_AP021898.1	533764	534333		minus	D-sedoheptulose 7-phosphate isomerase	gmhA	60879879	protein-coding		WP_012419467.1	189	GOZ73_RS02355
NZ_AP021898.1	534330	535820		minus	PfkB family carbohydrate kinase		60879880	protein-coding		WP_102746930.1	496	GOZ73_RS02360
NZ_AP021898.1	536049	536300		plus	30S ribosomal protein S21	rpsU	60879881	protein-coding		WP_012419469.1	83	GOZ73_RS02365
NZ_AP021898.1	536385	537665		plus	glutamate-1-semialdehyde 2,1-aminomutase	hemL	60879882	protein-coding		WP_155844506.1	426	GOZ73_RS02370
NZ_AP021898.1	537718	538776		plus	ankyrin repeat domain-containing protein		60879883	protein-coding		WP_146018813.1	352	GOZ73_RS02375
NZ_AP021898.1	538995	540956		minus	MFS transporter		60879884	protein-coding		WP_022198444.1	653	GOZ73_RS02380
NZ_AP021898.1	541290	542831		minus	carbon-nitrogen hydrolase family protein		60879885	protein-coding		WP_162378733.1	513	GOZ73_RS02385
NZ_AP021898.1	543326	545005		plus	glutamine--tRNA ligase/YqeY domain fusion protein		60879886	protein-coding		WP_102746923.1	559	GOZ73_RS02390
NZ_AP021898.1	545025	546227		plus	bifunctional 3,4-dihydroxy-2-butanone-4-phosphate synthase/GTP cyclohydrolase II		60879887	protein-coding		WP_102740807.1	400	GOZ73_RS02395
NZ_AP021898.1	546247	546735		plus	6,7-dimethyl-8-ribityllumazine synthase	ribH	60879888	protein-coding		WP_102746922.1	162	GOZ73_RS02400
NZ_AP021898.1	546764	547648		plus	transcription antitermination factor NusB	nusB	60879889	protein-coding		WP_162378734.1	294	GOZ73_RS02405
NZ_AP021898.1	547663	548511		plus	signal recognition particle-docking protein FtsY	ftsY	60879890	protein-coding		WP_012419478.1	282	GOZ73_RS02410
NZ_AP021898.1	548530	549609		plus	23S rRNA (adenine(2503)-C(2))-methyltransferase RlmN	rlmN	60879891	protein-coding		WP_012419479.1	359	GOZ73_RS02415
NZ_AP021898.1	549710	551164		plus	replicative DNA helicase	dnaB	60879892	protein-coding		WP_012419480.1	484	GOZ73_RS02420
NZ_AP021898.1	551600	552337		minus	hypothetical protein		60879893	protein-coding		WP_155844507.1	245	GOZ73_RS02425
NZ_AP021898.1	552391	552840		minus	hypothetical protein		60879894	protein-coding		WP_128252646.1	149	GOZ73_RS02430
NZ_AP021898.1	553110	554036		plus	IS1595 family transposase		60879895	protein-coding		WP_128252996.1	308	GOZ73_RS02435
NZ_AP021898.1	554365	554598		minus	helix-turn-helix domain-containing protein		90133973	protein-coding		WP_343195060.1	77	GOZ73_RS12555
NZ_AP021898.1	554726	556048		plus	PEP-CTERM sorting domain-containing protein		60879897	protein-coding		WP_155844509.1	440	GOZ73_RS02445
NZ_AP021898.1	556229	556990		plus	PEP-CTERM sorting domain-containing protein		60879898	protein-coding		WP_155844510.1	253	GOZ73_RS02450
NZ_AP021898.1	557141	557761		plus	methyltransferase family protein		60879899	protein-coding		WP_031930251.1	206	GOZ73_RS02455
NZ_AP021898.1	557751	558995		minus	competence/damage-inducible protein A		60879900	protein-coding		WP_065529667.1	414	GOZ73_RS02460
NZ_AP021898.1	559108	560529		plus	pyruvate kinase	pyk	60879901	protein-coding		WP_012419484.1	473	GOZ73_RS02465
NZ_AP021898.1	560529	561044		plus	GNAT family N-acetyltransferase		60879902	protein-coding		WP_065529668.1	171	GOZ73_RS02470
NZ_AP021898.1	561032	561823		minus	hypothetical protein		60879903	protein-coding		WP_143246725.1	263	GOZ73_RS02475
NZ_AP021898.1	561982	562908		minus	hypothetical protein		60879904	protein-coding		WP_065529669.1	308	GOZ73_RS02480
NZ_AP021898.1	563051	563935		minus	hypothetical protein		60879905	protein-coding		WP_012419488.1	294	GOZ73_RS02485
NZ_AP021898.1	564061	564828		minus	HAD family hydrolase		60879906	protein-coding		WP_065529670.1	255	GOZ73_RS02490
NZ_AP021898.1	564959	565570		minus	30S ribosomal protein S4	rpsD	60879907	protein-coding		WP_012419490.1	203	GOZ73_RS02495
NZ_AP021898.1	565606	566157		minus	30S ribosomal protein S11	rpsK	60879908	protein-coding		WP_012419491.1	183	GOZ73_RS02500
NZ_AP021898.1	566191	566568		minus	30S ribosomal protein S13	rpsM	60879909	protein-coding		WP_012419492.1	125	GOZ73_RS02505
NZ_AP021898.1	566687	567748		minus	tRNA epoxyqueuosine(34) reductase QueG	queG	60879910	protein-coding		WP_197738460.1	353	GOZ73_RS02510
NZ_AP021898.1	567851	568774		plus	mitochondrial fission ELM1 family protein		60879911	protein-coding		WP_065530069.1	307	GOZ73_RS02515
NZ_AP021898.1	568771	569883		plus	glycosyltransferase family 4 protein		60879912	protein-coding		WP_065529671.1	370	GOZ73_RS02520
NZ_AP021898.1	569880	571007		plus	DNA-processing protein DprA	dprA	60879913	protein-coding		WP_065529672.1	375	GOZ73_RS02525
NZ_AP021898.1	571567	572490		plus	D-alanyl-D-alanine carboxypeptidase family protein		60879914	protein-coding		WP_022198465.1	307	GOZ73_RS02530
NZ_AP021898.1	572549	573670		plus	redox-regulated ATPase YchF	ychF	60879915	protein-coding		WP_102733653.1	373	GOZ73_RS02535
NZ_AP021898.1	573746	574831		plus	glycine cleavage system aminomethyltransferase GcvT	gcvT	60879916	protein-coding		WP_102744472.1	361	GOZ73_RS02540
NZ_AP021898.1	574902	575282		plus	glycine cleavage system protein GcvH	gcvH	60879917	protein-coding		WP_012419500.1	126	GOZ73_RS02545
NZ_AP021898.1	575378	578224		plus	aminomethyl-transferring glycine dehydrogenase	gcvP	60879918	protein-coding		WP_102746915.1	948	GOZ73_RS02550
NZ_AP021898.1	578313	578594		minus	hypothetical protein		60881815	protein-coding		WP_157738224.1	93	GOZ73_RS12160
NZ_AP021898.1	578580	579545		plus	acyltransferase family protein		60879919	protein-coding		WP_162378735.1	321	GOZ73_RS02555
NZ_AP021898.1	579577	580209		minus	DUF805 domain-containing protein		60879920	protein-coding		WP_022198470.1	210	GOZ73_RS02560
NZ_AP021898.1	580218	582377		minus	sulfatase-like hydrolase/transferase		60879921	protein-coding		WP_102746913.1	719	GOZ73_RS02565
NZ_AP021898.1	582796	584610		minus	DEAD/DEAH box helicase		60879922	protein-coding		WP_146018810.1	604	GOZ73_RS02570
NZ_AP021898.1	584830	585606		plus	VC0807 family protein		60879923	protein-coding		WP_146018809.1	258	GOZ73_RS02575
NZ_AP021898.1	585617	587155		plus	sialate O-acetylesterase		60879924	protein-coding		WP_102746910.1	512	GOZ73_RS02580
NZ_AP021898.1	587177	588154		plus	GDSL-type esterase/lipase family protein		60879925	protein-coding		WP_102746909.1	325	GOZ73_RS02585
NZ_AP021898.1	588394	588855		plus	DoxX family protein		60879926	protein-coding		WP_012419509.1	153	GOZ73_RS02590
NZ_AP021898.1	588959	589960		plus	phosphoribosylformylglycinamidine cyclo-ligase	purM	60879927	protein-coding		WP_012419510.1	333	GOZ73_RS02595
NZ_AP021898.1	590024	591943		plus	amidophosphoribosyltransferase		60879928	protein-coding		WP_102740749.1	639	GOZ73_RS02600
NZ_AP021898.1	592004	592576		plus	RNA polymerase sigma factor		60879929	protein-coding		WP_232053467.1	190	GOZ73_RS02605
NZ_AP021898.1	592684	593205		plus	hypothetical protein		60879930	protein-coding		WP_012419513.1	173	GOZ73_RS02610
NZ_AP021898.1	593212	594087		plus	PDZ domain-containing protein		60879931	protein-coding		WP_012419514.1	291	GOZ73_RS02615
NZ_AP021898.1	594199	594567		plus	hypothetical protein		60879932	protein-coding		WP_012419515.1	122	GOZ73_RS02620
NZ_AP021898.1	594581	595120		plus	flavoprotein		60879933	protein-coding		WP_022198482.1	179	GOZ73_RS02625
NZ_AP021898.1	595194	595769		plus	hypothetical protein		60879934	protein-coding		WP_031930271.1	191	GOZ73_RS02630
NZ_AP021898.1	595791	596834		plus	M23 family metallopeptidase		60879935	protein-coding		WP_031930272.1	347	GOZ73_RS02635
NZ_AP021898.1	596842	599496		plus	tetratricopeptide repeat protein		60879936	protein-coding		WP_102746907.1	884	GOZ73_RS02640
NZ_AP021898.1	599515	600858		plus	PPK2 family polyphosphate kinase		60879937	protein-coding		WP_102740736.1	447	GOZ73_RS02645
NZ_AP021898.1	601074	601823		plus	DeoR/GlpR family DNA-binding transcription regulator		60879938	protein-coding		WP_102746906.1	249	GOZ73_RS02650
NZ_AP021898.1	601883	602326		minus	GNAT family N-acetyltransferase		60879939	protein-coding		WP_102744044.1	147	GOZ73_RS02655
NZ_AP021898.1	602550	603740		minus	cysteine desulfurase family protein		60879940	protein-coding		WP_162378736.1	396	GOZ73_RS02660
NZ_AP021898.1	603811	604485		plus	phosphopantothenoylcysteine decarboxylase		60879941	protein-coding		WP_232053468.1	224	GOZ73_RS02665
NZ_AP021898.1	604567	605688		plus	ribosome small subunit-dependent GTPase A	rsgA	60879942	protein-coding		WP_155844511.1	373	GOZ73_RS02670
NZ_AP021898.1	605850	606710		plus	retropepsin-like aspartic protease		60879943	protein-coding		WP_162378737.1	286	GOZ73_RS02675
NZ_AP021898.1	606694	607980		minus	3-deoxy-D-manno-octulosonic acid transferase		60879944	protein-coding		WP_102744456.1	428	GOZ73_RS02680
NZ_AP021898.1	607982	608557		minus	RsmD family RNA methyltransferase		60879945	protein-coding		WP_012419528.1	191	GOZ73_RS02685
NZ_AP021898.1	608594	609355		minus	hypothetical protein		60879946	protein-coding		WP_046436694.1	253	GOZ73_RS02690
NZ_AP021898.1	609429	609872		plus	hypothetical protein		60879947	protein-coding		WP_128252097.1	147	GOZ73_RS02695
NZ_AP021898.1	609977	610903		minus	polyphosphate kinase 2 family protein		60879948	protein-coding		WP_012419531.1	308	GOZ73_RS02700
NZ_AP021898.1	610955	612415		minus	hypothetical protein		60879949	protein-coding		WP_102746904.1	486	GOZ73_RS02705
NZ_AP021898.1	612620	614866		minus	NPCBM/NEW2 domain-containing protein		60879950	protein-coding		WP_162378738.1	748	GOZ73_RS02710
NZ_AP021898.1	615029	615496		plus	hypothetical protein		60879951	protein-coding		WP_102746901.1	155	GOZ73_RS02715
NZ_AP021898.1	615493	616311		plus	alpha/beta hydrolase		60879952	protein-coding		WP_102746900.1	272	GOZ73_RS02720
NZ_AP021898.1	616320	616769		minus	tRNA (adenosine(37)-N6)-threonylcarbamoyltransferase complex ATPase subunit type 1 TsaE	tsaE	60879953	protein-coding		WP_012419536.1	149	GOZ73_RS02725
NZ_AP021898.1	616858	617175		plus	50S ribosomal protein L21	rplU	60879954	protein-coding		WP_012419537.1	105	GOZ73_RS02730
NZ_AP021898.1	617202	617465		plus	50S ribosomal protein L27	rpmA	60879955	protein-coding		WP_012419538.1	87	GOZ73_RS02735
NZ_AP021898.1	617621	618061		plus	Fur family transcriptional regulator		60879956	protein-coding		WP_031930286.1	146	GOZ73_RS02740
NZ_AP021898.1	618077	618835		plus	Fe-S cluster assembly ATPase SufC	sufC	60879957	protein-coding		WP_012419540.1	252	GOZ73_RS02745
NZ_AP021898.1	618859	620295		plus	Fe-S cluster assembly protein SufB	sufB	60879958	protein-coding		WP_012419541.1	478	GOZ73_RS02750
NZ_AP021898.1	620307	621560		plus	SufB/SufD family protein		60879959	protein-coding		WP_065529690.1	417	GOZ73_RS02755
NZ_AP021898.1	621602	623860		minus	YfhO family protein		60879960	protein-coding		WP_146018807.1	752	GOZ73_RS02760
NZ_AP021898.1	624685	626187		plus	arylsulfatase		60879961	protein-coding		WP_102746898.1	500	GOZ73_RS02765
NZ_AP021898.1	626272	627237		plus	biotin synthase BioB	bioB	60879962	protein-coding		WP_031930290.1	321	GOZ73_RS02770
NZ_AP021898.1	627266	628615		plus	adenosylmethionine--8-amino-7-oxononanoate transaminase	bioA	60879963	protein-coding		WP_102746897.1	449	GOZ73_RS02775
NZ_AP021898.1	628720	629793		plus	hypothetical protein		60879964	protein-coding		WP_102746896.1	357	GOZ73_RS02780
NZ_AP021898.1	629859	631655		minus	hypothetical protein		60879965	protein-coding		WP_102746895.1	598	GOZ73_RS02785
NZ_AP021898.1	631784	632128		minus	hypothetical protein		60879966	protein-coding		WP_102746894.1	114	GOZ73_RS02790
NZ_AP021898.1	632121	632459		minus	hypothetical protein		60879967	protein-coding		WP_012419551.1	112	GOZ73_RS02795
NZ_AP021898.1	632486	633424		minus	glycosyltransferase family 2 protein		60879968	protein-coding		WP_102746893.1	312	GOZ73_RS02800
NZ_AP021898.1	633421	633921		minus	GNAT family N-acetyltransferase		60879969	protein-coding		WP_102746892.1	166	GOZ73_RS02805
NZ_AP021898.1	633918	635057		minus	dTDP-4-amino-4,6-dideoxygalactose transaminase	rffA	60879970	protein-coding		WP_031930297.1	379	GOZ73_RS02810
NZ_AP021898.1	635178	636299		minus	acyltransferase family protein		60879971	protein-coding		WP_031930298.1	373	GOZ73_RS02815
NZ_AP021898.1	636290	636988		plus	SprT-like domain-containing protein		60879972	protein-coding		WP_102744449.1	232	GOZ73_RS02820
NZ_AP021898.1	637071	637634		minus	DUF5069 domain-containing protein		60879973	protein-coding		WP_102744448.1	187	GOZ73_RS02825
NZ_AP021898.1	637631	638053		minus	ATP synthase F1 subunit epsilon	atpC	60879974	protein-coding		WP_012419558.1	140	GOZ73_RS02830
NZ_AP021898.1	638077	639495		minus	F0F1 ATP synthase subunit beta	atpD	60879975	protein-coding		WP_102744717.1	472	GOZ73_RS02835
NZ_AP021898.1	639573	640445		minus	ATP synthase F1 subunit gamma	atpG	60879976	protein-coding		WP_012419560.1	290	GOZ73_RS02840
NZ_AP021898.1	640467	641999		minus	F0F1 ATP synthase subunit alpha	atpA	60879977	protein-coding		WP_031930302.1	510	GOZ73_RS02845
NZ_AP021898.1	642016	642423		minus	F0F1 ATP synthase subunit delta		60879978	protein-coding		WP_046436712.1	135	GOZ73_RS02850
NZ_AP021898.1	642431	642958		minus	F0F1 ATP synthase subunit B family protein		60879979	protein-coding		WP_012419563.1	175	GOZ73_RS02855
NZ_AP021898.1	643060	643281		minus	ATPase		60879980	protein-coding		WP_031930305.1	73	GOZ73_RS02860
NZ_AP021898.1	643364	644302		minus	F0F1 ATP synthase subunit A		60879981	protein-coding		WP_162378739.1	312	GOZ73_RS02865
NZ_AP021898.1	644568	646769		minus	hypothetical protein		60879982	protein-coding		WP_102744447.1	733	GOZ73_RS02870
NZ_AP021898.1	647062	649530		minus	penicillin-binding transpeptidase domain-containing protein		60879983	protein-coding		WP_102745696.1	822	GOZ73_RS02875
NZ_AP021898.1	649590	650219		minus	L,D-transpeptidase		60881817	protein-coding		WP_065529704.1	209	GOZ73_RS12170
NZ_AP021898.1	650350	651462		plus	hypothetical protein		60879984	protein-coding		WP_162378740.1	370	GOZ73_RS02885
NZ_AP021898.1	651710	653737		plus	Sip1-related alpha-galactosidase		60879985	protein-coding		WP_102744442.1	675	GOZ73_RS02890
NZ_AP021898.1	653777	654136		plus	hypothetical protein		60879986	protein-coding		WP_102746890.1	119	GOZ73_RS02895
NZ_AP021898.1	654323	654940		minus	GlcG/HbpS family heme-binding protein		60879987	protein-coding		WP_197738462.1	205	GOZ73_RS02900
NZ_AP021898.1	654939	655334		plus	winged helix-turn-helix transcriptional regulator		60879988	protein-coding		WP_065529708.1	131	GOZ73_RS02905
NZ_AP021898.1	656216	657091		minus	alpha/beta hydrolase		60879989	protein-coding		WP_012419572.1	291	GOZ73_RS02910
NZ_AP021898.1	657157	658089		plus	hypothetical protein		60879990	protein-coding		WP_162378741.1	310	GOZ73_RS02915
NZ_AP021898.1	658138	658686		plus	HdeD family acid-resistance protein		60879991	protein-coding		WP_102744440.1	182	GOZ73_RS02920
NZ_AP021898.1	658701	659480		plus	HesA/MoeB/ThiF family protein		60879992	protein-coding		WP_102746888.1	259	GOZ73_RS02925
NZ_AP021898.1	659517	660488		plus	KpsF/GutQ family sugar-phosphate isomerase		60879993	protein-coding		WP_012419576.1	323	GOZ73_RS02930
NZ_AP021898.1	660603	661388		plus	YdjY domain-containing protein		60879994	protein-coding		WP_012419577.1	261	GOZ73_RS02935
NZ_AP021898.1	661395	662573		plus	prenyltransferase/squalene oxidase repeat-containing protein		60879995	protein-coding		WP_102746886.1	392	GOZ73_RS02940
NZ_AP021898.1	662699	663163		plus	DoxX family protein		60879996	protein-coding		WP_102746885.1	154	GOZ73_RS02945
NZ_AP021898.1	663275	664102		plus	serine O-acetyltransferase	cysE	60879997	protein-coding		WP_102746988.1	275	GOZ73_RS02950
NZ_AP021898.1	664311	665600		minus	glutamate-5-semialdehyde dehydrogenase		60879998	protein-coding		WP_012419581.1	429	GOZ73_RS02955
NZ_AP021898.1	665578	666363		minus	glutamate 5-kinase	proB	60879999	protein-coding		WP_031930320.1	261	GOZ73_RS02960
NZ_AP021898.1	666803	668806		plus	transketolase	tkt	60880000	protein-coding		WP_232053470.1	667	GOZ73_RS02965
NZ_AP021898.1	669298	671133		minus	GreA/GreB family elongation factor		60880001	protein-coding		WP_162000096.1	611	GOZ73_RS02970
NZ_AP021898.1	671389	672099		plus	phosphoribosylaminoimidazolesuccinocarboxamide synthase	purC	60880002	protein-coding		WP_012419585.1	236	GOZ73_RS02975
NZ_AP021898.1	672165	672620		plus	hypothetical protein		60880003	protein-coding		WP_131072179.1	151	GOZ73_RS02980
NZ_AP021898.1	672642	675044		plus	phosphoribosylformylglycinamidine synthase subunit PurL	purL	60880004	protein-coding		WP_012419587.1	800	GOZ73_RS02985
NZ_AP021898.1	675093	675800		plus	phosphoribosylformylglycinamidine synthase subunit PurQ		60880005	protein-coding		WP_012419588.1	235	GOZ73_RS02990
NZ_AP021898.1	675841	676620		plus	hypothetical protein		60880006	protein-coding		WP_012419589.1	259	GOZ73_RS02995
NZ_AP021898.1	676748	677827		plus	M42 family metallopeptidase		60880007	protein-coding		WP_012419590.1	359	GOZ73_RS03000
NZ_AP021898.1	678120	678593		minus	MauE/DoxX family redox-associated membrane protein		60880008	protein-coding		WP_012419591.1	157	GOZ73_RS03005
NZ_AP021898.1	678607	681345		minus	glycoside hydrolase family 2 protein		60880009	protein-coding		WP_102744716.1	912	GOZ73_RS03010
NZ_AP021898.1	681619	682650		plus	rod shape-determining protein		60880010	protein-coding		WP_012419593.1	343	GOZ73_RS03015
NZ_AP021898.1	682847	684442		plus	Rne/Rng family ribonuclease		60880011	protein-coding		WP_022198556.1	531	GOZ73_RS03020
NZ_AP021898.1	684507	685628		plus	hypothetical protein		60880012	protein-coding		WP_012419595.1	373	GOZ73_RS03025
NZ_AP021898.1	686102	687133		minus	mucin utilization putative transporter subunit Mul1B	mul1B	60880013	protein-coding		WP_146018805.1	343	GOZ73_RS03030
NZ_AP021898.1	687160	690393		minus	mucin utilization putative transporter subunit Mul1A	mul1A	60880014	protein-coding		WP_102744432.1	1077	GOZ73_RS03035
NZ_AP021898.1	691602	692060		minus	ExbD/TolR family protein		60880015	protein-coding		WP_065529723.1	152	GOZ73_RS03040
NZ_AP021898.1	692072	692578		minus	ExbD/TolR family protein		60880016	protein-coding		WP_065529724.1	168	GOZ73_RS03045
NZ_AP021898.1	692657	693448		minus	MotA/TolQ/ExbB proton channel family protein		60880017	protein-coding		WP_012419601.1	263	GOZ73_RS03050
NZ_AP021898.1	693541	694179		minus	endonuclease III domain-containing protein		60880018	protein-coding		WP_102746882.1	212	GOZ73_RS03055
NZ_AP021898.1	694267	694938		minus	3D domain-containing protein		60880019	protein-coding		WP_012419603.1	223	GOZ73_RS03060
NZ_AP021898.1	695842	696816		plus	uracil-DNA glycosylase		60880020	protein-coding		WP_102744427.1	324	GOZ73_RS03065
NZ_AP021898.1	696820	697605		plus	beta/alpha barrel domain-containing protein		60880021	protein-coding		WP_102746881.1	261	GOZ73_RS03070
NZ_AP021898.1	697758	698114		minus	YraN family protein		60880022	protein-coding		WP_012419606.1	118	GOZ73_RS03075
NZ_AP021898.1	698137	698781		minus	ribonuclease HII		60880023	protein-coding		WP_012419607.1	214	GOZ73_RS03080
NZ_AP021898.1	698786	700198		minus	hemolysin family protein		60880024	protein-coding		WP_031930337.1	470	GOZ73_RS03085
NZ_AP021898.1	700257	700517		minus	FmdB family zinc ribbon protein		60880025	protein-coding		WP_012419609.1	86	GOZ73_RS03090
NZ_AP021898.1	700590	700859		minus	30S ribosomal protein S14	rpsN	60880026	protein-coding		WP_012419610.1	89	GOZ73_RS03095
NZ_AP021898.1	701795	703087		plus	argininosuccinate synthase		60880027	protein-coding		WP_102746879.1	430	GOZ73_RS03100
NZ_AP021898.1	703189	704748		plus	sulfatase-like hydrolase/transferase		60880028	protein-coding		WP_102746878.1	519	GOZ73_RS03105
NZ_AP021898.1	704835	706073		plus	RsmB/NOP family class I SAM-dependent RNA methyltransferase		60880029	protein-coding		WP_102746877.1	412	GOZ73_RS03110
NZ_AP021898.1	706126	706890		plus	triose-phosphate isomerase	tpiA	60880030	protein-coding		WP_046436777.1	254	GOZ73_RS03115
NZ_AP021898.1	707038	707721		plus	type II secretion system protein		60880031	protein-coding		WP_012419615.1	227	GOZ73_RS03120
NZ_AP021898.1	707852	708463		plus	hypothetical protein		60880032	protein-coding		WP_065529734.1	203	GOZ73_RS03125
NZ_AP021898.1	708644	710215		plus	arylsulfatase		60880033	protein-coding		WP_162378742.1	523	GOZ73_RS03130
NZ_AP021898.1	710833	711723		plus	hypothetical protein		60880034	protein-coding		WP_102746875.1	296	GOZ73_RS03135
NZ_AP021898.1	711970	712045		minus	tRNA-Lys		60880035	tRNA				GOZ73_RS03140
NZ_AP021898.1	712131	712562		minus	acyl-CoA thioesterase		60880036	protein-coding		WP_102746874.1	143	GOZ73_RS03145
NZ_AP021898.1	712602	713351		minus	ComF family protein		60880037	protein-coding		WP_162378743.1	249	GOZ73_RS03150
NZ_AP021898.1	713383	713685		minus	hypothetical protein		60880038	protein-coding		WP_065529737.1	100	GOZ73_RS03155
NZ_AP021898.1	713771	714580		plus	nucleoside triphosphate pyrophosphohydrolase	mazG	60880039	protein-coding		WP_102746872.1	269	GOZ73_RS03160
NZ_AP021898.1	714593	714976		minus	hypothetical protein		60880040	protein-coding		WP_232053471.1	127	GOZ73_RS03165
NZ_AP021898.1	715048	716106		plus	ribonuclease D		60880041	protein-coding		WP_022198589.1	352	GOZ73_RS03170
NZ_AP021898.1	716682	717401		plus	zinc ribbon domain-containing protein		60880042	protein-coding		WP_162378744.1	239	GOZ73_RS03175
NZ_AP021898.1	717433	718638		plus	tetraacyldisaccharide 4'-kinase	lpxK	60880043	protein-coding		WP_012419627.1	401	GOZ73_RS03180
NZ_AP021898.1	718848	723176		plus	M16 family metallopeptidase		60880044	protein-coding		WP_180973799.1	1442	GOZ73_RS03185
NZ_AP021898.1	723303	723836		plus	hypothetical protein		60880045	protein-coding		WP_012419629.1	177	GOZ73_RS03190
NZ_AP021898.1	723870	725372		plus	flotillin family protein		60880046	protein-coding		WP_012419630.1	500	GOZ73_RS03195
NZ_AP021898.1	725906	726052		plus	hypothetical protein		60880047	protein-coding		WP_012419631.1	48	GOZ73_RS03200
NZ_AP021898.1	726320	726463		minus	hypothetical protein		60880048	protein-coding		WP_012419632.1	47	GOZ73_RS03205
NZ_AP021898.1	726668	727549		plus	diaminopimelate dehydrogenase		60880049	protein-coding		WP_102740633.1	293	GOZ73_RS03210
NZ_AP021898.1	727644	728378		minus	L,D-transpeptidase family protein		60880050	protein-coding		WP_012419634.1	244	GOZ73_RS03215
NZ_AP021898.1	728614	729183		plus	YdeI/OmpD-associated family protein		60880051	protein-coding		WP_012419635.1	189	GOZ73_RS03220
NZ_AP021898.1	729322	736230		minus	autotransporter-associated beta strand repeat-containing protein		60880052	protein-coding		WP_155844513.1	2302	GOZ73_RS03225
NZ_AP021898.1	736606	736683		plus	tRNA-Asp		60880053	tRNA				GOZ73_RS03230
NZ_AP021898.1	736826	738385		plus	pyridoxal-phosphate dependent enzyme		60880054	protein-coding		WP_042448696.1	519	GOZ73_RS03235
NZ_AP021898.1	738452	739021		plus	Maf family protein		60880055	protein-coding		WP_065529751.1	189	GOZ73_RS03240
NZ_AP021898.1	739124	740437		minus	GTPase HflX	hflX	60880056	protein-coding		WP_102748778.1	437	GOZ73_RS03245
NZ_AP021898.1	740447	740578		minus	hypothetical protein		77100526	protein-coding		WP_012419640.1	43	GOZ73_RS12480
NZ_AP021898.1	740787	743369		minus	serine/threonine-protein kinase		60880057	protein-coding		WP_102748779.1	860	GOZ73_RS03250
NZ_AP021898.1	743501	744883		minus	ROK family protein		60880058	protein-coding		WP_012419642.1	460	GOZ73_RS03255
NZ_AP021898.1	745085	745948		plus	CPBP family intramembrane glutamic endopeptidase		60880059	protein-coding		WP_102748780.1	287	GOZ73_RS03260
NZ_AP021898.1	745938	746834		plus	thiamine-phosphate kinase		60880060	protein-coding		WP_102747354.1	298	GOZ73_RS03265
NZ_AP021898.1	746879	748720		minus	lysophospholipid acyltransferase family protein		60880061	protein-coding		WP_051729305.1	613	GOZ73_RS03270
NZ_AP021898.1	748859	749500		plus	(d)CMP kinase	cmk	60880062	protein-coding		WP_102748781.1	213	GOZ73_RS03275
NZ_AP021898.1	749497	750108		plus	lysophospholipid acyltransferase family protein		60880063	protein-coding		WP_102748782.1	203	GOZ73_RS03280
NZ_AP021898.1	750126	751181		plus	DNA replication/repair protein RecF	recF	60880064	protein-coding		WP_022197633.1	351	GOZ73_RS03285
NZ_AP021898.1	751236	751742		minus	flavin reductase family protein		60880065	protein-coding		WP_102748783.1	168	GOZ73_RS03290
NZ_AP021898.1	751903	752598		plus	ribonuclease III	rnc	60880066	protein-coding		WP_046436874.1	231	GOZ73_RS03295
NZ_AP021898.1	752742	754073		plus	porin family protein		60880067	protein-coding		WP_022197630.1	443	GOZ73_RS03300
NZ_AP021898.1	754116	755183		minus	tyrosine-type recombinase/integrase		60880068	protein-coding		WP_162378746.1	355	GOZ73_RS03305
NZ_AP021898.1	755469	755777		plus	TRL-like family protein		60880069	protein-coding		WP_102744865.1	102	GOZ73_RS03310
NZ_AP021898.1	755884	756501		plus	uncharacterized gene		300825831	pseudogene				GOZ73_RS12610
NZ_AP021898.1	756535	760221		plus	autotransporter family protein		60880070	protein-coding		WP_232053472.1	1228	GOZ73_RS03315
NZ_AP021898.1	760304	760666		plus	hypothetical protein		60880071	protein-coding		WP_102744863.1	120	GOZ73_RS03320
NZ_AP021898.1	760692	761246		plus	hypothetical protein		60880072	protein-coding		WP_146018801.1	184	GOZ73_RS03325
NZ_AP021898.1	761492	762502		plus	DUF1348 family protein		60880073	protein-coding		WP_102746841.1	336	GOZ73_RS03330
NZ_AP021898.1	762721	763296		plus	hypothetical protein		60880074	protein-coding		WP_146018800.1	191	GOZ73_RS03335
NZ_AP021898.1	763428	764807		plus	DUF4339 domain-containing protein		60880075	protein-coding		WP_102746840.1	459	GOZ73_RS03340
NZ_AP021898.1	765006	766052		plus	DUF4339 domain-containing protein		60880076	protein-coding		WP_102744857.1	348	GOZ73_RS03345
NZ_AP021898.1	766175	766612		plus	lysozyme inhibitor LprI family protein		60880077	protein-coding		WP_162378747.1	145	GOZ73_RS03350
NZ_AP021898.1	766799	767698		plus	lysozyme inhibitor LprI family protein		60880078	protein-coding		WP_102744855.1	299	GOZ73_RS03355
NZ_AP021898.1	767738	768802		plus	UvrB/UvrC motif-containing protein		60880079	protein-coding		WP_102744854.1	354	GOZ73_RS03360
NZ_AP021898.1	768881	769135		minus	hypothetical protein		60880080	protein-coding		WP_042448707.1	84	GOZ73_RS03365
NZ_AP021898.1	769542	770210		plus	endonuclease/exonuclease/phosphatase family protein		60880081	protein-coding		WP_232053473.1	222	GOZ73_RS03370
NZ_AP021898.1	770229	770930		minus	16S rRNA (cytidine(1402)-2'-O)-methyltransferase	rsmI	60880082	protein-coding		WP_102735688.1	233	GOZ73_RS03375
NZ_AP021898.1	770960	771475		minus	LPS assembly lipoprotein LptE	lptE	60880083	protein-coding		WP_012419661.1	171	GOZ73_RS03380
NZ_AP021898.1	771494	772444		minus	outer membrane protein assembly factor BamD		60880084	protein-coding		WP_031930376.1	316	GOZ73_RS03385
NZ_AP021898.1	772508	772999		minus	phosphoribosyl-AMP cyclohydrolase	hisI	60880085	protein-coding		WP_094139189.1	163	GOZ73_RS03390
NZ_AP021898.1	773086	774054		plus	DNA polymerase III subunit delta'		60880086	protein-coding		WP_102746838.1	322	GOZ73_RS03395
NZ_AP021898.1	774116	774631		minus	DNA-deoxyinosine glycosylase		60880087	protein-coding		WP_012419665.1	171	GOZ73_RS03400
NZ_AP021898.1	774644	775450		minus	hypothetical protein		60880088	protein-coding		WP_146018432.1	268	GOZ73_RS03405
NZ_AP021898.1	775705	778899		plus	carbamoyl-phosphate synthase large subunit	carB	60880089	protein-coding		WP_102735686.1	1064	GOZ73_RS03410
NZ_AP021898.1	779041	779820		minus	PP2C family protein-serine/threonine phosphatase		60880090	protein-coding		WP_162378748.1	259	GOZ73_RS03415
NZ_AP021898.1	780161	780556		plus	hypothetical protein		60880091	protein-coding		WP_146018431.1	131	GOZ73_RS03420
NZ_AP021898.1	780608	781357		minus	class I SAM-dependent methyltransferase		60880092	protein-coding		WP_065529766.1	249	GOZ73_RS03425
NZ_AP021898.1	781676	783610		plus	NAD(+) synthase		60880093	protein-coding		WP_102735683.1	644	GOZ73_RS03430
NZ_AP021898.1	783678	784013		minus	DMT family transporter		60880094	protein-coding		WP_012419673.1	111	GOZ73_RS03435
NZ_AP021898.1	784459	785661		minus	sialidase family protein		60880095	protein-coding		WP_162378749.1	400	GOZ73_RS03440
NZ_AP021898.1	785672	785920		minus	hypothetical protein		60881818	protein-coding		WP_146020671.1	82	GOZ73_RS12175
NZ_AP021898.1	786057	787577		plus	M60 family metallopeptidase		60880096	protein-coding		WP_102744848.1	506	GOZ73_RS03445
NZ_AP021898.1	788213	788452		minus	helix-turn-helix domain-containing protein		60880097	protein-coding		WP_102741054.1	79	GOZ73_RS03450
NZ_AP021898.1	788580	791570		plus	autotransporter family protein		60880098	protein-coding		WP_102746836.1	996	GOZ73_RS03455
NZ_AP021898.1	792287	792973		minus	hypothetical protein		60880099	protein-coding		WP_146018799.1	228	GOZ73_RS03460
NZ_AP021898.1	792970	794100		minus	hypothetical protein		60880100	protein-coding		WP_146018798.1	376	GOZ73_RS03465
NZ_AP021898.1	794097	795074		minus	hypothetical protein		60880101	protein-coding		WP_146018797.1	325	GOZ73_RS03470
NZ_AP021898.1	795250	795340		minus	tRNA-Ser		60880102	tRNA				GOZ73_RS03475
NZ_AP021898.1	795697	795861		minus	hypothetical protein		60880103	protein-coding		WP_155844514.1	54	GOZ73_RS03480
NZ_AP021898.1	796039	797058		plus	Holliday junction branch migration DNA helicase RuvB	ruvB	60880104	protein-coding		WP_012419681.1	339	GOZ73_RS03485
NZ_AP021898.1	797180	798199		plus	beta-ketoacyl-ACP synthase III		60880105	protein-coding		WP_012419682.1	339	GOZ73_RS03490
NZ_AP021898.1	798228	799358		plus	sulfite reductase subunit alpha		60880106	protein-coding		WP_102746831.1	376	GOZ73_RS03495
NZ_AP021898.1	799588	800652		minus	glycosyltransferase family A protein		60880107	protein-coding		WP_146018796.1	354	GOZ73_RS03500
NZ_AP021898.1	801056	802267		plus	hypothetical protein		60880108	protein-coding		WP_143246960.1	403	GOZ73_RS03505
NZ_AP021898.1	802264	803187		minus	tRNA (adenosine(37)-N6)-dimethylallyltransferase MiaA	miaA	60880109	protein-coding		WP_102746824.1	307	GOZ73_RS03510
NZ_AP021898.1	803232	803972		minus	GDSL-type esterase/lipase family protein		60880110	protein-coding		WP_102744835.1	246	GOZ73_RS03515
NZ_AP021898.1	803953	805056		minus	acyltransferase family protein		60880111	protein-coding		WP_102746825.1	367	GOZ73_RS03520
NZ_AP021898.1	805103	805720		minus	acyltransferase		60880112	protein-coding		WP_162378751.1	205	GOZ73_RS03525
NZ_AP021898.1	805720	806865		minus	glycosyltransferase family 4 protein		60880113	protein-coding		WP_012419690.1	381	GOZ73_RS03530
NZ_AP021898.1	806888	808111		minus	glycosyltransferase family 4 protein		60880114	protein-coding		WP_162378752.1	407	GOZ73_RS03535
NZ_AP021898.1	808467	810029		plus	lipopolysaccharide biosynthesis protein		60880115	protein-coding		WP_102746827.1	520	GOZ73_RS03540
NZ_AP021898.1	810083	811330		minus	hypothetical protein		60880116	protein-coding		WP_102746828.1	415	GOZ73_RS03545
NZ_AP021898.1	811559	812506		minus	glycosyltransferase family 8 protein		60880117	protein-coding		WP_065529785.1	315	GOZ73_RS03550
NZ_AP021898.1	812503	813540		minus	glycosyltransferase family 2 protein		60880118	protein-coding		WP_102746829.1	345	GOZ73_RS03555
NZ_AP021898.1	813771	814478		plus	PEP-CTERM sorting domain-containing protein		60880119	protein-coding		WP_102746823.1	235	GOZ73_RS03560
NZ_AP021898.1	814907	815140		plus	DUF1232 domain-containing protein		60881819	protein-coding		WP_012420033.1	77	GOZ73_RS12180
NZ_AP021898.1	815174	815986		minus	TatD family hydrolase		60880120	protein-coding		WP_164502608.1	270	GOZ73_RS03570
NZ_AP021898.1	815992	816264		minus	hypothetical protein		60880121	protein-coding		WP_012420031.1	90	GOZ73_RS03575
NZ_AP021898.1	816465	817166		plus	succinate dehydrogenase cytochrome b subunit		60880122	protein-coding		WP_012420030.1	233	GOZ73_RS03580
NZ_AP021898.1	817188	819146		plus	fumarate reductase/succinate dehydrogenase flavoprotein subunit		60880123	protein-coding		WP_012420029.1	652	GOZ73_RS03585
NZ_AP021898.1	819187	819954		plus	succinate dehydrogenase/fumarate reductase iron-sulfur subunit		60880124	protein-coding		WP_012420028.1	255	GOZ73_RS03590
NZ_AP021898.1	820502	826153		plus	RHS repeat-associated core domain-containing protein		60880125	protein-coding		WP_102744357.1	1883	GOZ73_RS03595
NZ_AP021898.1	826146	826532		plus	DUF6714 family protein		60880126	protein-coding		WP_102744216.1	128	GOZ73_RS03600
NZ_AP021898.1	826818	827519		plus	hypothetical protein		60880127	protein-coding		WP_146018838.1	233	GOZ73_RS03605
NZ_AP021898.1	827604	828350		plus	RHS repeat domain-containing protein		60880128	protein-coding		WP_219724139.1	248	GOZ73_RS03610
NZ_AP021898.1	828381	828713		plus	hypothetical protein		60880129	protein-coding		WP_102744359.1	110	GOZ73_RS03615
NZ_AP021898.1	830081	831064		plus	RHS repeat domain-containing protein		69060647	protein-coding		WP_232053476.1	327	GOZ73_RS12365
NZ_AP021898.1	831464	831787		plus	hypothetical protein		60880131	protein-coding		WP_102748775.1	107	GOZ73_RS03625
NZ_AP021898.1	831956	832408		minus	D-aminoacyl-tRNA deacylase	dtd	60880132	protein-coding		WP_012420025.1	150	GOZ73_RS03630
NZ_AP021898.1	832405	833181		minus	LysM peptidoglycan-binding domain-containing protein		60880133	protein-coding		WP_146020849.1	258	GOZ73_RS03635
NZ_AP021898.1	833138	833680		minus	hypothetical protein		60880134	protein-coding		WP_035196310.1	180	GOZ73_RS03640
NZ_AP021898.1	833776	834018		minus	acyl carrier protein		60880135	protein-coding		WP_012420022.1	80	GOZ73_RS03645
NZ_AP021898.1	834150	834878		minus	type III pantothenate kinase		60880136	protein-coding		WP_012420021.1	242	GOZ73_RS03650
NZ_AP021898.1	834884	836011		minus	MGDG synthase family glycosyltransferase		60880137	protein-coding		WP_102748773.1	375	GOZ73_RS03655
NZ_AP021898.1	836222	837166		plus	methionyl-tRNA formyltransferase	fmt	60880138	protein-coding		WP_012420019.1	314	GOZ73_RS03660
NZ_AP021898.1	837167	839173		plus	ATP-dependent helicase		60880139	protein-coding		WP_031930660.1	668	GOZ73_RS03665
NZ_AP021898.1	839383	841680		minus	sodium:solute symporter family transporter		60880140	protein-coding		WP_084042629.1	765	GOZ73_RS03670
NZ_AP021898.1	841690	842868		minus	galactokinase	galK	60880141	protein-coding		WP_157759285.1	392	GOZ73_RS03675
NZ_AP021898.1	843087	844463		minus	sugar transferase		60880142	protein-coding		WP_012420015.1	458	GOZ73_RS03680
NZ_AP021898.1	844866	845531		plus	RNP-1 like RNA-binding protein		60880143	protein-coding		WP_012420014.1	221	GOZ73_RS03685
NZ_AP021898.1	845738	846472		minus	L,D-transpeptidase family protein		60880144	protein-coding		WP_157738248.1	244	GOZ73_RS03690
NZ_AP021898.1	846556	848448		minus	hypothetical protein		60880145	protein-coding		WP_031930654.1	630	GOZ73_RS03695
NZ_AP021898.1	848466	848897		minus	hypothetical protein		60880146	protein-coding		WP_012420011.1	143	GOZ73_RS03700
NZ_AP021898.1	848951	850723		minus	ABC transporter ATP-binding protein/permease		60880147	protein-coding		WP_102748771.1	590	GOZ73_RS03705
NZ_AP021898.1	851029	852786		minus	4Fe-4S dicluster domain-containing protein		60880148	protein-coding		WP_162378753.1	585	GOZ73_RS03710
NZ_AP021898.1	852864	853784		minus	DUF362 domain-containing protein		60880149	protein-coding		WP_197738464.1	306	GOZ73_RS03715
NZ_AP021898.1	853942	854517		plus	class I SAM-dependent methyltransferase		60880150	protein-coding		WP_102746184.1	191	GOZ73_RS03720
NZ_AP021898.1	854549	855169		minus	non-canonical purine NTP pyrophosphatase		60880151	protein-coding		WP_215833240.1	206	GOZ73_RS03725
NZ_AP021898.1	855208	855969		minus	exodeoxyribonuclease III		60880152	protein-coding		WP_012420005.1	253	GOZ73_RS03730
NZ_AP021898.1	856224	857519		plus	transcription termination factor NusA	nusA	60880153	protein-coding		WP_012420004.1	431	GOZ73_RS03735
NZ_AP021898.1	857562	859613		plus	translation initiation factor IF-2	infB	60880154	protein-coding		WP_065528627.1	683	GOZ73_RS03740
NZ_AP021898.1	859755	860132		plus	30S ribosome-binding factor RbfA	rbfA	60880155	protein-coding		WP_012420002.1	125	GOZ73_RS03745
NZ_AP021898.1	860147	860290		minus	hypothetical protein		60880156	protein-coding		WP_022196901.1	47	GOZ73_RS03750
NZ_AP021898.1	860321	864565		minus	sulfatase-like hydrolase/transferase		60880157	protein-coding		WP_162378754.1	1414	GOZ73_RS03755
NZ_AP021898.1	864748	865458		minus	PEP-CTERM sorting domain-containing protein		60880158	protein-coding		WP_022196897.1	236	GOZ73_RS03760
NZ_AP021898.1	865787	866545		minus	PEP-CTERM sorting domain-containing protein		60880159	protein-coding		WP_102747058.1	252	GOZ73_RS03765
NZ_AP021898.1	866830	868347		plus	carbon starvation CstA family protein		60880160	protein-coding		WP_232053478.1	505	GOZ73_RS03770
NZ_AP021898.1	868352	869695		plus	MFS transporter		60880161	protein-coding		WP_065528624.1	447	GOZ73_RS03775
NZ_AP021898.1	869853	870446		plus	peptidylprolyl isomerase		60880162	protein-coding		WP_102747060.1	197	GOZ73_RS03780
NZ_AP021898.1	870591	871739		plus	N-acetylglucosamine-6-phosphate deacetylase	nagA	60880163	protein-coding		WP_012419995.1	382	GOZ73_RS03785
NZ_AP021898.1	871824	872864		plus	biotin/lipoyl-containing protein		60880164	protein-coding		WP_102748769.1	346	GOZ73_RS03790
NZ_AP021898.1	872928	873491		plus	DJ-1 family glyoxalase III		60880165	protein-coding		WP_012419993.1	187	GOZ73_RS03795
NZ_AP021898.1	873572	874648		minus	glycosyltransferase		60880166	protein-coding		WP_022196968.1	358	GOZ73_RS03800
NZ_AP021898.1	874675	875121		plus	hypothetical protein		60880167	protein-coding		WP_128153466.1	148	GOZ73_RS03805
NZ_AP021898.1	875075	876253		plus	glycosyltransferase		60880168	protein-coding		WP_065528620.1	392	GOZ73_RS03810
NZ_AP021898.1	876250	877305		plus	glycosyltransferase family 2 protein		60880169	protein-coding		WP_022196966.1	351	GOZ73_RS03815
NZ_AP021898.1	877349	878221		plus	alpha-1,2-fucosyltransferase		60880170	protein-coding		WP_162378755.1	290	GOZ73_RS03820
NZ_AP021898.1	878245	879369		plus	glycosyltransferase		60880171	protein-coding		WP_162378756.1	374	GOZ73_RS03825
NZ_AP021898.1	879384	880733		plus	SGNH/GDSL hydrolase family protein		60880172	protein-coding		WP_102747065.1	449	GOZ73_RS03830
NZ_AP021898.1	880943	882058		plus	glycosyltransferase family 8 protein		60880173	protein-coding		WP_022196962.1	371	GOZ73_RS03835
NZ_AP021898.1	882169	884256		minus	polyphosphate kinase 1	ppk1	60880174	protein-coding		WP_012419985.1	695	GOZ73_RS03840
NZ_AP021898.1	884292	885854		minus	HD domain-containing protein		60880175	protein-coding		WP_087393493.1	520	GOZ73_RS03845
NZ_AP021898.1	886014	887081		minus	acyltransferase family protein		60880176	protein-coding		WP_022196961.1	355	GOZ73_RS03850
NZ_AP021898.1	887100	887897		minus	type I methionyl aminopeptidase	map	60880177	protein-coding		WP_012419982.1	265	GOZ73_RS03855
NZ_AP021898.1	887912	888562		minus	adenylate kinase family protein		60880178	protein-coding		WP_022196960.1	216	GOZ73_RS03860
NZ_AP021898.1	888593	890095		minus	preprotein translocase subunit SecY	secY	60880179	protein-coding		WP_012419980.1	500	GOZ73_RS03865
NZ_AP021898.1	890236	890694		minus	50S ribosomal protein L15	rplO	60880180	protein-coding		WP_012419978.1	152	GOZ73_RS03870
NZ_AP021898.1	890757	891419		minus	30S ribosomal protein S5	rpsE	60880181	protein-coding		WP_102747066.1	220	GOZ73_RS03875
NZ_AP021898.1	891436	891798		minus	50S ribosomal protein L18	rplR	60880182	protein-coding		WP_012419976.1	120	GOZ73_RS03880
NZ_AP021898.1	891834	892373		minus	50S ribosomal protein L6	rplF	60880183	protein-coding		WP_012419975.1	179	GOZ73_RS03885
NZ_AP021898.1	892395	892796		minus	30S ribosomal protein S8	rpsH	60880184	protein-coding		WP_012419974.1	133	GOZ73_RS03890
NZ_AP021898.1	892809	893390		minus	50S ribosomal protein L5	rplE	60880185	protein-coding		WP_012419973.1	193	GOZ73_RS03895
NZ_AP021898.1	893457	893684		minus	50S ribosomal protein L24	rplX	60880186	protein-coding		WP_022396872.1	75	GOZ73_RS03900
NZ_AP021898.1	893910	894782		minus	NAD(+)/NADH kinase		60880187	protein-coding		WP_163069737.1	290	GOZ73_RS03905
NZ_AP021898.1	894932	895435		plus	septal ring lytic transglycosylase RlpA family protein		60880188	protein-coding		WP_051729401.1	167	GOZ73_RS03910
NZ_AP021898.1	895478	896935		plus	bifunctional metallophosphatase/5'-nucleotidase		60880189	protein-coding		WP_012419969.1	485	GOZ73_RS03915
NZ_AP021898.1	896973	899660		plus	DEAD/DEAH box helicase		60880190	protein-coding		WP_102747068.1	895	GOZ73_RS03920
NZ_AP021898.1	899734	901155		minus	Gfo/Idh/MocA family protein		60880191	protein-coding		WP_102747069.1	473	GOZ73_RS03925
NZ_AP021898.1	901322	902338		plus	hypothetical protein		60880192	protein-coding		WP_102747070.1	338	GOZ73_RS03930
NZ_AP021898.1	902390	902484		plus	signal recognition particle sRNA small type	ffs	60880193	other				GOZ73_RS03935
NZ_AP021898.1	902549	903763		plus	bifunctional folylpolyglutamate synthase/dihydrofolate synthase		60880194	protein-coding		WP_102747071.1	404	GOZ73_RS03940
NZ_AP021898.1	903791	906298		plus	DUF3656 domain-containing U32 family peptidase		60880195	protein-coding		WP_102747093.1	835	GOZ73_RS03945
NZ_AP021898.1	906328	906480		minus	hypothetical protein		60881820	protein-coding		WP_157759282.1	50	GOZ73_RS12185
NZ_AP021898.1	906529	906708		minus	hypothetical protein		60881821	protein-coding		WP_162378757.1	59	GOZ73_RS12190
NZ_AP021898.1	906746	909016		plus	ribonuclease R family protein		60880196	protein-coding		WP_162378758.1	756	GOZ73_RS03950
NZ_AP021898.1	909322	909660		plus	cupin domain-containing protein		60880197	protein-coding		WP_012419961.1	112	GOZ73_RS03955
NZ_AP021898.1	909821	910378		minus	cob(I)yrinic acid a,c-diamide adenosyltransferase		60880198	protein-coding		WP_012419960.1	185	GOZ73_RS03960
NZ_AP021898.1	910525	911214		plus	hypothetical protein		60880199	protein-coding		WP_102748768.1	229	GOZ73_RS03965
NZ_AP021898.1	911374	912606		plus	MFS transporter		60880200	protein-coding		WP_012419958.1	410	GOZ73_RS03970
NZ_AP021898.1	912618	913535		minus	LysR family transcriptional regulator		60880201	protein-coding		WP_102744383.1	305	GOZ73_RS03975
NZ_AP021898.1	913666	914781		plus	RtcB family protein		60880202	protein-coding		WP_102744384.1	371	GOZ73_RS03980
NZ_AP021898.1	914854	917097		minus	M60 family metallopeptidase		60880203	protein-coding		WP_102748767.1	747	GOZ73_RS03985
NZ_AP021898.1	917237	917752		plus	hypothetical protein		60880204	protein-coding		WP_102744386.1	171	GOZ73_RS03990
NZ_AP021898.1	917893	919020		plus	peptide-methionine (R)-S-oxide reductase MsrB	msrB	60880205	protein-coding		WP_012419953.1	375	GOZ73_RS03995
NZ_AP021898.1	919393	919956		minus	L,D-transpeptidase		60880206	protein-coding		WP_012419952.1	187	GOZ73_RS04000
NZ_AP021898.1	920225	922978		plus	aconitate hydratase AcnA	acnA	60880207	protein-coding		WP_102744709.1	917	GOZ73_RS04005
NZ_AP021898.1	923168	923833		plus	peptidoglycan recognition protein family protein		60880208	protein-coding		WP_012419950.1	221	GOZ73_RS04010
NZ_AP021898.1	924466	924735		plus	hypothetical protein		60880209	protein-coding		WP_146020847.1	89	GOZ73_RS04015
NZ_AP021898.1	924787	925191		plus	hypothetical protein		60880210	protein-coding		WP_094140471.1	134	GOZ73_RS04020
NZ_AP021898.1	925215	925646		plus	hypothetical protein		60880211	protein-coding		WP_102744387.1	143	GOZ73_RS04025
NZ_AP021898.1	925868	927040		minus	hypothetical protein		60880212	protein-coding		WP_031930605.1	390	GOZ73_RS04030
NZ_AP021898.1	927153	929762		minus	DNA topoisomerase		60880213	protein-coding		WP_102743820.1	869	GOZ73_RS04035
NZ_AP021898.1	929967	930437		plus	hypothetical protein		60880214	protein-coding		WP_146019818.1	156	GOZ73_RS04040
NZ_AP021898.1	930487	932058		minus	uroporphyrinogen-III C-methyltransferase	cobA	60880215	protein-coding		WP_232053479.1	523	GOZ73_RS04045
NZ_AP021898.1	932148	932606		plus	PepSY-like domain-containing protein		60880216	protein-coding		WP_012419943.1	152	GOZ73_RS04050
NZ_AP021898.1	932721	933479		plus	zinc metallopeptidase		60880217	protein-coding		WP_197738465.1	252	GOZ73_RS04055
NZ_AP021898.1	933700	936759		minus	autotransporter family protein		60880218	protein-coding		WP_146020678.1	1019	GOZ73_RS04060
NZ_AP021898.1	937187	940291		minus	efflux RND transporter permease subunit		60880219	protein-coding		WP_102747079.1	1034	GOZ73_RS04065
NZ_AP021898.1	940298	941452		minus	efflux RND transporter periplasmic adaptor subunit		60880220	protein-coding		WP_102744391.1	384	GOZ73_RS04070
NZ_AP021898.1	941680	942492		plus	MerR family DNA-binding transcriptional regulator		60880221	protein-coding		WP_012419936.1	270	GOZ73_RS04075
NZ_AP021898.1	942677	943678		plus	thiamine pyrophosphate-dependent dehydrogenase E1 component subunit alpha		60880222	protein-coding		WP_232053480.1	333	GOZ73_RS04080
NZ_AP021898.1	943700	944674		plus	alpha-ketoacid dehydrogenase subunit beta		60880223	protein-coding		WP_012419934.1	324	GOZ73_RS04085
NZ_AP021898.1	944693	945967		plus	2-oxo acid dehydrogenase subunit E2		60880224	protein-coding		WP_046434376.1	424	GOZ73_RS04090
NZ_AP021898.1	945996	946859		plus	LpxI family protein		60880225	protein-coding		WP_102747081.1	287	GOZ73_RS04095
NZ_AP021898.1	946951	947118		minus	hypothetical protein		60880226	protein-coding		WP_153816450.1	55	GOZ73_RS04100
NZ_AP021898.1	947174	947503		minus	hypothetical protein		60880227	protein-coding		WP_065529955.1	109	GOZ73_RS04105
NZ_AP021898.1	947582	947908		minus	hypothetical protein		60880228	protein-coding		WP_046434602.1	108	GOZ73_RS04110
NZ_AP021898.1	948014	948718		minus	MmcQ/YjbR family DNA-binding protein		60880229	protein-coding		WP_162378759.1	234	GOZ73_RS04115
NZ_AP021898.1	948865	949659		minus	WecB/TagA/CpsF family glycosyltransferase		60880230	protein-coding		WP_102747083.1	264	GOZ73_RS04120
NZ_AP021898.1	949685	950458		minus	MBL fold metallo-hydrolase		60880231	protein-coding		WP_162378760.1	257	GOZ73_RS04125
NZ_AP021898.1	950523	952181		plus	DNA repair protein RecN	recN	60880232	protein-coding		WP_102732948.1	552	GOZ73_RS04130
NZ_AP021898.1	952212	954464		minus	heavy metal translocating P-type ATPase		60880233	protein-coding		WP_102747085.1	750	GOZ73_RS04135
NZ_AP021898.1	954644	955585		plus	glycoside hydrolase family 16 protein		60880234	protein-coding		WP_102747086.1	313	GOZ73_RS04140
NZ_AP021898.1	955691	956257		minus	elongation factor P	efp	60880235	protein-coding		WP_012419922.1	188	GOZ73_RS04145
NZ_AP021898.1	956380	956838		minus	amino acid-binding protein		60880236	protein-coding		WP_012419921.1	152	GOZ73_RS04150
NZ_AP021898.1	956866	958122		minus	aspartate aminotransferase family protein		60880237	protein-coding		WP_046434364.1	418	GOZ73_RS04155
NZ_AP021898.1	958311	958724		plus	large conductance mechanosensitive channel protein MscL	mscL	60880238	protein-coding		WP_012419919.1	137	GOZ73_RS04160
NZ_AP021898.1	958814	959959		plus	alkaline phosphatase		60880239	protein-coding		WP_102742168.1	381	GOZ73_RS04165
NZ_AP021898.1	959968	961158		minus	MFS transporter		60880240	protein-coding		WP_065529950.1	396	GOZ73_RS04170
NZ_AP021898.1	961288	962937		plus	beta-N-acetylhexosaminidase		60880241	protein-coding		WP_102747088.1	549	GOZ73_RS04175
NZ_AP021898.1	963028	964176		plus	M42 family metallopeptidase		60880242	protein-coding		WP_012419915.1	382	GOZ73_RS04180
NZ_AP021898.1	964417	964965		minus	hypothetical protein		60880243	protein-coding		WP_146018840.1	182	GOZ73_RS04185
NZ_AP021898.1	965120	965668		plus	rubrerythrin family protein		60880244	protein-coding		WP_012419913.1	182	GOZ73_RS04190
NZ_AP021898.1	965897	967615		plus	phosphoethanolamine transferase		60880245	protein-coding		WP_022197721.1	572	GOZ73_RS04195
NZ_AP021898.1	967667	969838		minus	glycoside hydrolase family 88 protein		60880246	protein-coding		WP_162378761.1	723	GOZ73_RS04200
NZ_AP021898.1	970452	972548		plus	ribonucleoside triphosphate reductase		60880247	protein-coding		WP_012419910.1	698	GOZ73_RS04205
NZ_AP021898.1	972600	972794		plus	anaerobic ribonucleoside-triphosphate reductase	nrdD	60880248	protein-coding		WP_012419909.1	64	GOZ73_RS04210
NZ_AP021898.1	972821	973573		plus	anaerobic ribonucleoside-triphosphate reductase activating protein		60880249	protein-coding		WP_102744405.1	250	GOZ73_RS04215
NZ_AP021898.1	973652	975391		plus	SLC13 family permease		60880250	protein-coding		WP_102744406.1	579	GOZ73_RS04220
NZ_AP021898.1	975459	976901		plus	ATP-binding protein		60880251	protein-coding		WP_031930577.1	480	GOZ73_RS04225
NZ_AP021898.1	976888	977367		plus	response regulator		60880252	protein-coding		WP_031930576.1	159	GOZ73_RS04230
NZ_AP021898.1	977483	979096		plus	aspartate:alanine exchanger family transporter		60880253	protein-coding		WP_065529942.1	537	GOZ73_RS04235
NZ_AP021898.1	979421	981571		minus	alpha-galactosidase		60880254	protein-coding		WP_102744407.1	716	GOZ73_RS04240
NZ_AP021898.1	981701	981973		minus	HU family DNA-binding protein		60880255	protein-coding		WP_065529940.1	90	GOZ73_RS04245
NZ_AP021898.1	982127	983596		plus	hypothetical protein		60880256	protein-coding		WP_065529939.1	489	GOZ73_RS04250
NZ_AP021898.1	983775	984347		minus	thioredoxin family protein		77100527	protein-coding		WP_102747090.1	190	GOZ73_RS12485
NZ_AP021898.1	984493	984816		plus	hypothetical protein		60880258	protein-coding		WP_065529937.1	107	GOZ73_RS04260
NZ_AP021898.1	984832	986055		plus	class I SAM-dependent RNA methyltransferase		60880259	protein-coding		WP_102744409.1	407	GOZ73_RS04265
NZ_AP021898.1	986064	987440		plus	tRNA (N6-isopentenyl adenosine(37)-C2)-methylthiotransferase MiaB	miaB	60880260	protein-coding		WP_102744410.1	458	GOZ73_RS04270
NZ_AP021898.1	987403	989514		minus	ComEC/Rec2 family competence protein		60880261	protein-coding		WP_102747091.1	703	GOZ73_RS04275
NZ_AP021898.1	989527	990582		minus	3'-5' exoribonuclease YhaM family protein		60880262	protein-coding		WP_157759280.1	351	GOZ73_RS04280
NZ_AP021898.1	990660	992774		minus	alpha-L-fucosidase		60880263	protein-coding		WP_084042846.1	704	GOZ73_RS04285
NZ_AP021898.1	992913	993746		plus	deoxyribonuclease IV		60880264	protein-coding		WP_102742164.1	277	GOZ73_RS04290
NZ_AP021898.1	993901	995190		plus	phosphopyruvate hydratase	eno	60880265	protein-coding		WP_172973311.1	429	GOZ73_RS04295
NZ_AP021898.1	995356	996855		plus	hypothetical protein		60880266	protein-coding		WP_143246755.1	499	GOZ73_RS04300
NZ_AP021898.1	996856	997545		minus	SWIM zinc finger family protein		60880267	protein-coding		WP_102744412.1	229	GOZ73_RS04305
NZ_AP021898.1	997737	999104		plus	argininosuccinate lyase	argH	60880268	protein-coding		WP_035196275.1	455	GOZ73_RS04310
NZ_AP021898.1	999241	1000920		plus	SulP family inorganic anion transporter		60880269	protein-coding		WP_022197754.1	559	GOZ73_RS04315
NZ_AP021898.1	1001317	1001844		minus	hypothetical protein		60880270	protein-coding		WP_102741514.1	175	GOZ73_RS04320
NZ_AP021898.1	1001857	1002348		minus	transcriptional regulator NrdR	nrdR	60880271	protein-coding		WP_012419886.1	163	GOZ73_RS04325
NZ_AP021898.1	1002628	1004121		minus	sialate O-acetylesterase		60880272	protein-coding		WP_162378762.1	497	GOZ73_RS04330
NZ_AP021898.1	1004446	1004571		minus	PEP-CTERM sorting domain-containing protein		300825832	protein-coding		WP_102732871.1	41	GOZ73_RS12615
NZ_AP021898.1	1004688	1004803		minus	5S ribosomal RNA	rrf	60880274	rRNA				GOZ73_RS04340
NZ_AP021898.1	1005029	1007864		minus	23S ribosomal RNA		60880275	rRNA				GOZ73_RS04345
NZ_AP021898.1	1008073	1008149		minus	tRNA-Ile		60880276	tRNA				GOZ73_RS04350
NZ_AP021898.1	1008174	1008249		minus	tRNA-Ala		60880277	tRNA				GOZ73_RS04355
NZ_AP021898.1	1008418	1009929		minus	16S ribosomal RNA		60880278	rRNA				GOZ73_RS04360
NZ_AP021898.1	1011571	1012341		plus	PEP-CTERM sorting domain-containing protein		60880279	protein-coding		WP_094140558.1	256	GOZ73_RS04365
NZ_AP021898.1	1012476	1015058		minus	ATP-dependent chaperone ClpB	clpB	60880280	protein-coding		WP_046437406.1	860	GOZ73_RS04370
NZ_AP021898.1	1015559	1016515		plus	bifunctional helix-turn-helix transcriptional regulator/GNAT family N-acetyltransferase		60880281	protein-coding		WP_022198183.1	318	GOZ73_RS04375
NZ_AP021898.1	1016517	1016870		plus	cupin domain-containing protein		60880282	protein-coding		WP_022198182.1	117	GOZ73_RS04380
NZ_AP021898.1	1017144	1017719		minus	potassium-transporting ATPase subunit KdpC	kdpC	60880283	protein-coding		WP_022198181.1	191	GOZ73_RS04385
NZ_AP021898.1	1017748	1019856		minus	potassium-transporting ATPase subunit KdpB	kdpB	60880284	protein-coding		WP_102733831.1	702	GOZ73_RS04390
NZ_AP021898.1	1019891	1021591		minus	potassium-transporting ATPase subunit KdpA	kdpA	60880285	protein-coding		WP_102733801.1	566	GOZ73_RS04395
NZ_AP021898.1	1021704	1022483		minus	TonB-dependent receptor		60880286	protein-coding		WP_046437402.1	259	GOZ73_RS04400
NZ_AP021898.1	1022636	1023334		minus	response regulator		60880287	protein-coding		WP_102746599.1	232	GOZ73_RS04405
NZ_AP021898.1	1023348	1026026		minus	sensor histidine kinase		60880288	protein-coding		WP_146018754.1	892	GOZ73_RS04410
NZ_AP021898.1	1026518	1027477		plus	hypothetical protein		60880289	protein-coding		WP_102745356.1	319	GOZ73_RS04415
NZ_AP021898.1	1027484	1028167		plus	PEP-CTERM sorting domain-containing protein		60880290	protein-coding		WP_012419873.1	227	GOZ73_RS04420
NZ_AP021898.1	1028356	1032093		minus	glycoside hydrolase family 2 TIM barrel-domain containing protein		60880291	protein-coding		WP_425513701.1	1245	GOZ73_RS04425
NZ_AP021898.1	1032287	1033348		minus	lipid A deacylase LpxR family protein		60880292	protein-coding		WP_157759278.1	353	GOZ73_RS04430
NZ_AP021898.1	1033473	1034288		plus	TatD family hydrolase		60880293	protein-coding		WP_162378763.1	271	GOZ73_RS04435
NZ_AP021898.1	1034358	1034837		plus	LysM peptidoglycan-binding domain-containing protein		60880294	protein-coding		WP_102742101.1	159	GOZ73_RS04440
NZ_AP021898.1	1034867	1035598		plus	L,D-transpeptidase		60880295	protein-coding		WP_094140570.1	243	GOZ73_RS04445
NZ_AP021898.1	1035888	1037267		plus	MATE family efflux transporter		60880296	protein-coding		WP_102746595.1	459	GOZ73_RS04450
NZ_AP021898.1	1037468	1038520		plus	Rossmann-fold NAD(P)-binding domain-containing protein		60880297	protein-coding		WP_102745353.1	350	GOZ73_RS04455
NZ_AP021898.1	1038623	1039063		plus	hypothetical protein		60880298	protein-coding		WP_012419865.1	146	GOZ73_RS04460
NZ_AP021898.1	1039367	1040467		minus	DNA polymerase III subunit beta	dnaN	60880299	protein-coding		WP_102748933.1	366	GOZ73_RS04465
NZ_AP021898.1	1040917	1041645		plus	LamG domain-containing protein		60880300	protein-coding		WP_146020657.1	242	GOZ73_RS04470
NZ_AP021898.1	1041737	1042546		minus	hypothetical protein		60880301	protein-coding		WP_131072197.1	269	GOZ73_RS04475
NZ_AP021898.1	1042955	1044025		plus	bifunctional diaminohydroxyphosphoribosylaminopyrimidine deaminase/5-amino-6-(5-phosphoribosylamino)uracil reductase RibD	ribD	60880302	protein-coding		WP_128252273.1	356	GOZ73_RS04480
NZ_AP021898.1	1044511	1046397		minus	tRNA uridine-5-carboxymethylaminomethyl(34) synthesis enzyme MnmG	mnmG	60880303	protein-coding		WP_031930539.1	628	GOZ73_RS04485
NZ_AP021898.1	1046397	1047560		minus	DNA polymerase III subunit delta	holA	60880304	protein-coding		WP_012419859.1	387	GOZ73_RS04490
NZ_AP021898.1	1047715	1049217		plus	trypsin-like peptidase domain-containing protein		60880305	protein-coding		WP_102739872.1	500	GOZ73_RS04495
NZ_AP021898.1	1049339	1049821		plus	acetolactate synthase small subunit	ilvN	60880306	protein-coding		WP_012419857.1	160	GOZ73_RS04500
NZ_AP021898.1	1049890	1053585		plus	ATP-dependent RNA helicase HrpA	hrpA	60880307	protein-coding		WP_146020658.1	1231	GOZ73_RS04505
NZ_AP021898.1	1053678	1054382		minus	potassium channel family protein		60880308	protein-coding		WP_012419855.1	234	GOZ73_RS04510
NZ_AP021898.1	1054393	1056141		minus	TrkH family potassium uptake protein		60880309	protein-coding		WP_031930534.1	582	GOZ73_RS04515
NZ_AP021898.1	1056144	1056311		plus	hypothetical protein		60880310	protein-coding		WP_153951257.1	55	GOZ73_RS04520
NZ_AP021898.1	1056455	1057222		plus	imidazole glycerol phosphate synthase subunit HisF	hisF	60880311	protein-coding		WP_031930532.1	255	GOZ73_RS04525
NZ_AP021898.1	1057276	1059408		plus	glycoside hydrolase domain-containing protein		60880312	protein-coding		WP_162378766.1	710	GOZ73_RS04530
NZ_AP021898.1	1059490	1059810		minus	winged helix-turn-helix transcriptional regulator		60880313	protein-coding		WP_094140596.1	106	GOZ73_RS04535
NZ_AP021898.1	1059935	1060372		plus	cupin domain-containing protein		60880314	protein-coding		WP_031930530.1	145	GOZ73_RS04540
NZ_AP021898.1	1060838	1064416		minus	pyruvate:ferredoxin (flavodoxin) oxidoreductase	nifJ	60880315	protein-coding		WP_012419848.1	1192	GOZ73_RS04545
NZ_AP021898.1	1064762	1066243		plus	lysine--tRNA ligase	lysS	60880316	protein-coding		WP_022198152.1	493	GOZ73_RS04550
NZ_AP021898.1	1066261	1067046		plus	PP2C family protein-serine/threonine phosphatase		60880317	protein-coding		WP_102745346.1	261	GOZ73_RS04555
NZ_AP021898.1	1067299	1067943		plus	glycerol-3-phosphate 1-O-acyltransferase PlsY	plsY	60880318	protein-coding		WP_012419845.1	214	GOZ73_RS04560
NZ_AP021898.1	1067945	1068955		plus	NAD(P)H-dependent glycerol-3-phosphate dehydrogenase		60880319	protein-coding		WP_102739878.1	336	GOZ73_RS04565
NZ_AP021898.1	1069013	1069447		plus	exosortase system-associated protein, TIGR04073 family		60880320	protein-coding		WP_012419843.1	144	GOZ73_RS04570
NZ_AP021898.1	1069588	1070406		plus	hypothetical protein		60880321	protein-coding		WP_031930527.1	272	GOZ73_RS04575
NZ_AP021898.1	1070478	1071539		plus	radical SAM protein		60880322	protein-coding		WP_102745345.1	353	GOZ73_RS04580
NZ_AP021898.1	1071532	1072779		plus	radical SAM protein		60880323	protein-coding		WP_012419840.1	415	GOZ73_RS04585
NZ_AP021898.1	1073041	1074330		plus	O-acetylhomoserine aminocarboxypropyltransferase/cysteine synthase family protein		60880324	protein-coding		WP_102746860.1	429	GOZ73_RS04590
NZ_AP021898.1	1074789	1075370		plus	PEP-CTERM sorting domain-containing protein		60880325	protein-coding		WP_031930523.1	193	GOZ73_RS04595
NZ_AP021898.1	1075483	1077018		minus	YifB family Mg chelatase-like AAA ATPase		60880326	protein-coding		WP_102746593.1	511	GOZ73_RS04600
NZ_AP021898.1	1077092	1077967		minus	rhomboid family intramembrane serine protease		60880327	protein-coding		WP_162378767.1	291	GOZ73_RS04605
NZ_AP021898.1	1078052	1079092		minus	NAD(P)/FAD-dependent oxidoreductase		60880328	protein-coding		WP_102746591.1	346	GOZ73_RS04610
NZ_AP021898.1	1079225	1080334		minus	3-isopropylmalate dehydrogenase	leuB	60880329	protein-coding		WP_102748925.1	369	GOZ73_RS04615
NZ_AP021898.1	1080501	1080575		plus	tRNA-Asn		60880330	tRNA				GOZ73_RS04620
NZ_AP021898.1	1081471	1082766		plus	phosphoadenosine phosphosulfate reductase		60880331	protein-coding		WP_012419832.1	431	GOZ73_RS04625
NZ_AP021898.1	1082763	1083278		plus	IbrB-like domain-containing protein		60880332	protein-coding		WP_012419831.1	171	GOZ73_RS04630
NZ_AP021898.1	1083295	1083489		plus	hypothetical protein		60880333	protein-coding		WP_012419830.1	64	GOZ73_RS04635
NZ_AP021898.1	1083561	1083779		minus	hypothetical protein		60880334	protein-coding		WP_102746589.1	72	GOZ73_RS04640
NZ_AP021898.1	1083901	1084374		plus	thermonuclease family protein		60880335	protein-coding		WP_162378768.1	157	GOZ73_RS04645
NZ_AP021898.1	1084469	1085431		minus	alginate lyase family protein		60880336	protein-coding		WP_163069742.1	320	GOZ73_RS04650
NZ_AP021898.1	1085661	1086560		minus	SDR family oxidoreductase		60880337	protein-coding		WP_035196263.1	299	GOZ73_RS04655
NZ_AP021898.1	1087125	1087385		minus	hypothetical protein		60880338	protein-coding		WP_031930515.1	86	GOZ73_RS04660
NZ_AP021898.1	1087614	1088081		plus	acyl-CoA thioesterase		60880339	protein-coding		WP_012419825.1	155	GOZ73_RS04665
NZ_AP021898.1	1088104	1089513		minus	DHA2 family efflux MFS transporter permease subunit		60880340	protein-coding		WP_102746859.1	469	GOZ73_RS04670
NZ_AP021898.1	1089576	1090724		minus	acyltransferase family protein		60880341	protein-coding		WP_102744892.1	382	GOZ73_RS04675
NZ_AP021898.1	1090856	1091878		minus	2-hydroxyacid dehydrogenase		60880342	protein-coding		WP_031930511.1	340	GOZ73_RS04680
NZ_AP021898.1	1091896	1092660		minus	2,3-diphosphoglycerate-dependent phosphoglycerate mutase	gpmA	60880343	protein-coding		WP_065530090.1	254	GOZ73_RS04685
NZ_AP021898.1	1092864	1094795		plus	beta-galactosidase		60880344	protein-coding		WP_197738467.1	643	GOZ73_RS04690
NZ_AP021898.1	1095166	1095819		minus	nitroreductase family protein		60880345	protein-coding		WP_102746584.1	217	GOZ73_RS04695
NZ_AP021898.1	1096179	1098338		plus	hypothetical protein		60880346	protein-coding		WP_146018750.1	719	GOZ73_RS04700
NZ_AP021898.1	1098468	1098995		plus	gamma carbonic anhydrase family protein		60880347	protein-coding		WP_232053483.1	175	GOZ73_RS04705
NZ_AP021898.1	1099015	1099500		plus	bifunctional nuclease family protein		60880348	protein-coding		WP_012419817.1	161	GOZ73_RS04710
NZ_AP021898.1	1099659	1099744		plus	tRNA-Tyr		60880349	tRNA				GOZ73_RS04715
NZ_AP021898.1	1099984	1101849		plus	SLC13 family permease		60880350	protein-coding		WP_102744799.1	621	GOZ73_RS04720
NZ_AP021898.1	1101974	1102207		plus	hypothetical protein		60880351	protein-coding		WP_031930503.1	77	GOZ73_RS04725
NZ_AP021898.1	1102526	1103566		minus	glycosyltransferase family 10 domain-containing protein		60880352	protein-coding		WP_102746581.1	346	GOZ73_RS04730
NZ_AP021898.1	1103726	1105798		minus	acyltransferase family protein		60880353	protein-coding		WP_102746580.1	690	GOZ73_RS04735
NZ_AP021898.1	1105880	1106878		minus	glycosyltransferase family 10 domain-containing protein		60880354	protein-coding		WP_102746579.1	332	GOZ73_RS04740
NZ_AP021898.1	1106999	1108201		minus	glycosyltransferase		60880355	protein-coding		WP_162378770.1	400	GOZ73_RS04745
NZ_AP021898.1	1108726	1109532		minus	hypothetical protein		60880356	protein-coding		WP_102740950.1	268	GOZ73_RS04750
NZ_AP021898.1	1109560	1110714		minus	glycosyltransferase family 2 protein		60880357	protein-coding		WP_065529855.1	384	GOZ73_RS04755
NZ_AP021898.1	1111017	1112003		plus	ADP-glyceromanno-heptose 6-epimerase	rfaD	60880358	protein-coding		WP_022197784.1	328	GOZ73_RS04760
NZ_AP021898.1	1112025	1112999		plus	glycosyltransferase family 9 protein		60880359	protein-coding		WP_065529854.1	324	GOZ73_RS04765
NZ_AP021898.1	1112996	1114021		plus	glycosyltransferase family 2 protein		60880360	protein-coding		WP_102746577.1	341	GOZ73_RS04770
NZ_AP021898.1	1114044	1115018		plus	glycosyltransferase family 8 protein		60880361	protein-coding		WP_162378771.1	324	GOZ73_RS04775
NZ_AP021898.1	1115132	1115983		minus	metallophosphoesterase		60880362	protein-coding		WP_102746575.1	283	GOZ73_RS04780
NZ_AP021898.1	1116175	1116342		plus	hypothetical protein		60880363	protein-coding		WP_022396399.1	55	GOZ73_RS04785
NZ_AP021898.1	1116430	1117443		plus	DHH family phosphoesterase		60880364	protein-coding		WP_128252247.1	337	GOZ73_RS04790
NZ_AP021898.1	1117440	1118174		plus	tRNA pseudouridine(55) synthase TruB	truB	60880365	protein-coding		WP_012419800.1	244	GOZ73_RS04795
NZ_AP021898.1	1118178	1119113		plus	riboflavin biosynthesis protein RibF	ribF	60880366	protein-coding		WP_102746574.1	311	GOZ73_RS04800
NZ_AP021898.1	1119187	1119525		plus	aspartate 1-decarboxylase		60880367	protein-coding		WP_012419798.1	112	GOZ73_RS04805
NZ_AP021898.1	1119567	1120022		plus	preprotein translocase subunit SecG	secG	60880368	protein-coding		WP_065529848.1	151	GOZ73_RS04810
NZ_AP021898.1	1120184	1120825		plus	type II secretion system protein		60880369	protein-coding		WP_012419796.1	213	GOZ73_RS04815
NZ_AP021898.1	1120984	1122051		plus	3-deoxy-7-phosphoheptulonate synthase		60880370	protein-coding		WP_012419795.1	355	GOZ73_RS04820
NZ_AP021898.1	1122192	1122671		minus	hypothetical protein		60880371	protein-coding		WP_042447740.1	159	GOZ73_RS04825
NZ_AP021898.1	1122925	1123911		minus	AEC family transporter		60880372	protein-coding		WP_012419793.1	328	GOZ73_RS04830
NZ_AP021898.1	1123936	1124691		minus	NYN domain-containing protein		60880373	protein-coding		WP_012419792.1	251	GOZ73_RS04835
NZ_AP021898.1	1124724	1125362		minus	HAD family hydrolase		60880374	protein-coding		WP_102746573.1	212	GOZ73_RS04840
NZ_AP021898.1	1125359	1125964		minus	sugar O-acetyltransferase		60880375	protein-coding		WP_031930480.1	201	GOZ73_RS04845
NZ_AP021898.1	1126046	1127569		minus	glutamine-hydrolyzing GMP synthase	guaA	60880376	protein-coding		WP_031930479.1	507	GOZ73_RS04850
NZ_AP021898.1	1127582	1129033		minus	IMP dehydrogenase	guaB	60880377	protein-coding		WP_031930478.1	483	GOZ73_RS04855
NZ_AP021898.1	1129222	1129716		plus	low molecular weight protein-tyrosine-phosphatase		60880378	protein-coding		WP_065530088.1	164	GOZ73_RS04860
NZ_AP021898.1	1130171	1135870		plus	RHS repeat domain-containing protein		60880379	protein-coding		WP_232053485.1	1899	GOZ73_RS04865
NZ_AP021898.1	1135892	1136542		plus	hypothetical protein		60880380	protein-coding		WP_102732031.1	216	GOZ73_RS04870
NZ_AP021898.1	1137138	1137872		plus	glycosyltransferase		60880381	protein-coding		WP_232053486.1	244	GOZ73_RS04875
NZ_AP021898.1	1137921	1138946		minus	D-alanine--D-alanine ligase family protein		60880382	protein-coding		WP_102732029.1	341	GOZ73_RS04880
NZ_AP021898.1	1139074	1140231		minus	phosphotransferase enzyme family protein		60880383	protein-coding		WP_012419781.1	385	GOZ73_RS04885
NZ_AP021898.1	1140264	1141316		minus	GTPase ObgE	obgE	60880384	protein-coding		WP_022197812.1	350	GOZ73_RS04890
NZ_AP021898.1	1141446	1141625		minus	DUF805 domain-containing protein		300825833	protein-coding		WP_081429107.1	59	GOZ73_RS12620
NZ_AP021898.1	1142201	1142797		plus	FHA domain-containing protein		60880386	protein-coding		WP_012419778.1	198	GOZ73_RS04900
NZ_AP021898.1	1142822	1143370		minus	methylated-DNA--[protein]-cysteine S-methyltransferase		60880387	protein-coding		WP_031930467.1	182	GOZ73_RS04905
NZ_AP021898.1	1143556	1144428		plus	glycoside hydrolase family 16 protein		60880388	protein-coding		WP_051729337.1	290	GOZ73_RS04910
NZ_AP021898.1	1144718	1145584		minus	branched-chain-amino-acid transaminase	ilvE	60880389	protein-coding		WP_012419775.1	288	GOZ73_RS04915
NZ_AP021898.1	1145792	1147627		plus	translational GTPase TypA	typA	60880390	protein-coding		WP_102746572.1	611	GOZ73_RS04920
NZ_AP021898.1	1148015	1149046		minus	class II fructose-bisphosphate aldolase	fbaA	60880391	protein-coding		WP_012419773.1	343	GOZ73_RS04925
NZ_AP021898.1	1149342	1150631		minus	diaminopimelate decarboxylase	lysA	60880392	protein-coding		WP_102746571.1	429	GOZ73_RS04930
NZ_AP021898.1	1150635	1151747		minus	AI-2E family transporter		60880393	protein-coding		WP_012419771.1	370	GOZ73_RS04935
NZ_AP021898.1	1151807	1152472		minus	HAD family hydrolase		60880394	protein-coding		WP_162378772.1	221	GOZ73_RS04940
NZ_AP021898.1	1152625	1153929		plus	APC family permease		60880395	protein-coding		WP_012419769.1	434	GOZ73_RS04945
NZ_AP021898.1	1153971	1154753		minus	thiazole synthase		60880396	protein-coding		WP_102743711.1	260	GOZ73_RS04950
NZ_AP021898.1	1154859	1155500		minus	hypothetical protein		60880397	protein-coding		WP_146018321.1	213	GOZ73_RS04955
NZ_AP021898.1	1155555	1156604		minus	flotillin-like protein FloA	floA	60880398	protein-coding		WP_012419766.1	349	GOZ73_RS04960
NZ_AP021898.1	1156699	1157688		plus	tRNA preQ1(34) S-adenosylmethionine ribosyltransferase-isomerase QueA	queA	60880399	protein-coding		WP_155844639.1	329	GOZ73_RS04965
NZ_AP021898.1	1157737	1158411		minus	hypothetical protein		60880400	protein-coding		WP_031930459.1	224	GOZ73_RS04970
NZ_AP021898.1	1158929	1160674		plus	cation:proton antiporter		60880401	protein-coding		WP_031930458.1	581	GOZ73_RS04975
NZ_AP021898.1	1160781	1162211		minus	cation diffusion facilitator family transporter		60880402	protein-coding		WP_162378773.1	476	GOZ73_RS04980
NZ_AP021898.1	1162748	1163503		plus	YebC/PmpR family DNA-binding transcriptional regulator		60880403	protein-coding		WP_012419761.1	251	GOZ73_RS04985
NZ_AP021898.1	1163555	1165534		plus	transcription termination factor Rho	rho	60880404	protein-coding		WP_232053487.1	659	GOZ73_RS04990
NZ_AP021898.1	1165626	1166309		minus	7-carboxy-7-deazaguanine synthase QueE		60880405	protein-coding		WP_128252204.1	227	GOZ73_RS04995
NZ_AP021898.1	1166416	1167465		minus	coiled-coil domain-containing protein		60880406	protein-coding		WP_155844518.1	349	GOZ73_RS05000
NZ_AP021898.1	1167610	1169181		minus	3-phosphoglycerate dehydrogenase family protein		60880407	protein-coding		WP_102743705.1	523	GOZ73_RS05005
NZ_AP021898.1	1169201	1170454		minus	DUF1015 domain-containing protein		60880408	protein-coding		WP_102740980.1	417	GOZ73_RS05010
NZ_AP021898.1	1170784	1171857		minus	pyridoxal-phosphate-dependent aminotransferase family protein		60880409	protein-coding		WP_046436546.1	357	GOZ73_RS05015
NZ_AP021898.1	1172239	1173261		minus	YeiH family protein		60880410	protein-coding		WP_012419754.1	340	GOZ73_RS05020
NZ_AP021898.1	1173380	1174303		minus	LysR substrate-binding domain-containing protein		60880411	protein-coding		WP_197738468.1	307	GOZ73_RS05025
NZ_AP021898.1	1174454	1174873		plus	hypothetical protein		60880412	protein-coding		WP_012419752.1	139	GOZ73_RS05030
NZ_AP021898.1	1174870	1175343		minus	hypothetical protein		60880413	protein-coding		WP_143245880.1	157	GOZ73_RS05035
NZ_AP021898.1	1175363	1176463		minus	glycoside hydrolase family 43 protein		60880414	protein-coding		WP_232053489.1	366	GOZ73_RS05040
NZ_AP021898.1	1176472	1177725		minus	prenyltransferase/squalene oxidase repeat-containing protein		60880415	protein-coding		WP_102744814.1	417	GOZ73_RS05045
NZ_AP021898.1	1177729	1178955		minus	prenyltransferase/squalene oxidase repeat-containing protein		60880416	protein-coding		WP_102744815.1	408	GOZ73_RS05050
NZ_AP021898.1	1178975	1180159		minus	HlyD family secretion protein		60880417	protein-coding		WP_128252196.1	394	GOZ73_RS05055
NZ_AP021898.1	1180175	1180855		minus	hypothetical protein		60880418	protein-coding		WP_094140690.1	226	GOZ73_RS05060
NZ_AP021898.1	1181044	1181721		plus	hypothetical protein		60880419	protein-coding		WP_102744816.1	225	GOZ73_RS05065
NZ_AP021898.1	1181760	1182077		plus	thioredoxin	trxA	60880420	protein-coding		WP_012419743.1	105	GOZ73_RS05070
NZ_AP021898.1	1182304	1183584		plus	C39 family peptidase		60880421	protein-coding		WP_102744817.1	426	GOZ73_RS05075
NZ_AP021898.1	1183693	1185060		plus	asparagine--tRNA ligase	asnS	60880422	protein-coding		WP_065530085.1	455	GOZ73_RS05080
NZ_AP021898.1	1185225	1185965		minus	PEP-CTERM sorting domain-containing protein		60880423	protein-coding		WP_128153449.1	246	GOZ73_RS05085
NZ_AP021898.1	1186293	1189448		minus	autotransporter family protein		60880424	protein-coding		WP_146020878.1	1051	GOZ73_RS05090
NZ_AP021898.1	1190438	1192447		minus	ATP-dependent helicase		60880425	protein-coding		WP_102746568.1	669	GOZ73_RS05095
NZ_AP021898.1	1192530	1193849		minus	OmpA family protein		60881835	protein-coding		WP_012419734.1	439	GOZ73_RS12275
NZ_AP021898.1	1193874	1195256		minus	UDP-N-acetylmuramate:L-alanyl-gamma-D-glutamyl-meso-diaminopimelate ligase	mpl	60880426	protein-coding		WP_102746567.1	460	GOZ73_RS05105
NZ_AP021898.1	1195282	1196166		minus	HAD family hydrolase		60880427	protein-coding		WP_031930430.1	294	GOZ73_RS05110
NZ_AP021898.1	1196187	1196933		minus	LPS export ABC transporter ATP-binding protein	lptB	60880428	protein-coding		WP_102739924.1	248	GOZ73_RS05115
NZ_AP021898.1	1196930	1197889		minus	LptA/OstA family protein		60880429	protein-coding		WP_102746566.1	319	GOZ73_RS05120
NZ_AP021898.1	1197902	1198381		minus	LptA/OstA family protein		60880430	protein-coding		WP_102739926.1	159	GOZ73_RS05125
NZ_AP021898.1	1198378	1199193		minus	3-deoxy-8-phosphooctulonate synthase	kdsA	60880431	protein-coding		WP_031930427.1	271	GOZ73_RS05130
NZ_AP021898.1	1199517	1200236		plus	hypothetical protein		60880432	protein-coding		WP_143369102.1	239	GOZ73_RS05135
NZ_AP021898.1	1200475	1201170		plus	30S ribosomal protein S2	rpsB	60880433	protein-coding		WP_012419726.1	231	GOZ73_RS05140
NZ_AP021898.1	1201200	1202078		plus	translation elongation factor Ts	tsf	60880434	protein-coding		WP_031930425.1	292	GOZ73_RS05145
NZ_AP021898.1	1202612	1203397		plus	ATP-binding cassette domain-containing protein		60880435	protein-coding		WP_012419724.1	261	GOZ73_RS05150
NZ_AP021898.1	1203927	1205090		minus	3-dehydroquinate synthase		60880436	protein-coding		WP_102746563.1	387	GOZ73_RS05155
NZ_AP021898.1	1205128	1206708		minus	S1C family serine protease		60880437	protein-coding		WP_022197145.1	526	GOZ73_RS05160
NZ_AP021898.1	1206714	1208288		minus	S1C family serine protease		60880438	protein-coding		WP_012419721.1	524	GOZ73_RS05165
NZ_AP021898.1	1208330	1209451		minus	hypothetical protein		60880439	protein-coding		WP_065529803.1	373	GOZ73_RS05170
NZ_AP021898.1	1209496	1210104		minus	3-isopropylmalate dehydratase small subunit		60880440	protein-coding		WP_012419719.1	202	GOZ73_RS05175
NZ_AP021898.1	1210124	1211536		minus	3-isopropylmalate dehydratase large subunit	leuC	60880441	protein-coding		WP_012419718.1	470	GOZ73_RS05180
NZ_AP021898.1	1211739	1212377		minus	lipoyl(octanoyl) transferase LipB	lipB	60880442	protein-coding		WP_065529801.1	212	GOZ73_RS05185
NZ_AP021898.1	1212413	1213432		minus	N-acetylmuramoyl-L-alanine amidase family protein		60880443	protein-coding		WP_012419716.1	339	GOZ73_RS05190
NZ_AP021898.1	1213592	1214632		minus	recombinase RecA	recA	60880444	protein-coding		WP_012419715.1	346	GOZ73_RS05195
NZ_AP021898.1	1214859	1215809		minus	cell division protein FtsQ/DivIB		60880445	protein-coding		WP_102735656.1	316	GOZ73_RS05200
NZ_AP021898.1	1215857	1216792		minus	D-alanine--D-alanine ligase		60880446	protein-coding		WP_012419713.1	311	GOZ73_RS05205
NZ_AP021898.1	1216815	1219112		minus	UDP-N-acetylmuramate--L-alanine ligase	murC	60880447	protein-coding		WP_102744896.1	765	GOZ73_RS05210
NZ_AP021898.1	1219105	1220229		minus	undecaprenyldiphospho-muramoylpentapeptide beta-N-acetylglucosaminyltransferase	murG	60880448	protein-coding		WP_102744825.1	374	GOZ73_RS05215
NZ_AP021898.1	1220226	1221368		minus	FtsW/RodA/SpoVE family cell cycle protein		60880449	protein-coding		WP_012419710.1	380	GOZ73_RS05220
NZ_AP021898.1	1221393	1222193		minus	LysM peptidoglycan-binding domain-containing protein		60880450	protein-coding		WP_065529798.1	266	GOZ73_RS05225
NZ_AP021898.1	1222217	1223527		minus	UDP-N-acetylmuramoyl-L-alanine--D-glutamate ligase	murD	60880451	protein-coding		WP_102744826.1	436	GOZ73_RS05230
NZ_AP021898.1	1223540	1224643		minus	phospho-N-acetylmuramoyl-pentapeptide-transferase	mraY	60880452	protein-coding		WP_012419707.1	367	GOZ73_RS05235
NZ_AP021898.1	1224649	1226022		minus	UDP-N-acetylmuramoyl-tripeptide--D-alanyl-D-alanine ligase		60880453	protein-coding		WP_162378775.1	457	GOZ73_RS05240
NZ_AP021898.1	1226045	1227550		minus	UDP-N-acetylmuramoyl-L-alanyl-D-glutamate--2,6-diaminopimelate ligase		60880454	protein-coding		WP_012419705.1	501	GOZ73_RS05245
NZ_AP021898.1	1227558	1229657		minus	peptidoglycan D,D-transpeptidase FtsI family protein		60880455	protein-coding		WP_102741008.1	699	GOZ73_RS05250
NZ_AP021898.1	1229674	1230018		minus	hypothetical protein		60880456	protein-coding		WP_012419703.1	114	GOZ73_RS05255
NZ_AP021898.1	1230041	1231603		minus	16S rRNA (cytosine(1402)-N(4))-methyltransferase RsmH	rsmH	60880457	protein-coding		WP_232053490.1	520	GOZ73_RS05260
NZ_AP021898.1	1231613	1232068		minus	division/cell wall cluster transcriptional repressor MraZ		60880458	protein-coding		WP_012419701.1	151	GOZ73_RS05265
NZ_AP021898.1	1232225	1233004		plus	MBL fold metallo-hydrolase		60880459	protein-coding		WP_102744829.1	259	GOZ73_RS05270
NZ_AP021898.1	1233057	1233686		plus	trimeric intracellular cation channel family protein		60880460	protein-coding		WP_162378776.1	209	GOZ73_RS05275
NZ_AP021898.1	1233712	1234569		minus	IdeS/Mac family cysteine endopeptidase		60880461	protein-coding		WP_012419698.1	285	GOZ73_RS05280
NZ_AP021898.1	1234714	1236063		minus	tRNA uridine-5-carboxymethylaminomethyl(34) synthesis GTPase MnmE	mnmE	60880462	protein-coding		WP_102746562.1	449	GOZ73_RS05285
NZ_AP021898.1	1236060	1237133		minus	tRNA 2-thiouridine(34) synthase MnmA	mnmA	60880463	protein-coding		WP_102746856.1	357	GOZ73_RS05290
NZ_AP021898.1	1237626	1238366		plus	hypothetical protein		60880464	protein-coding		WP_146018748.1	246	GOZ73_RS05295
NZ_AP021898.1	1238468	1239030		minus	uncharacterized gene		90133974	pseudogene				GOZ73_RS12560
NZ_AP021898.1	1239044	1240249		minus	formylglycine-generating enzyme family protein		60880465	protein-coding		WP_031930674.1	401	GOZ73_RS05305
NZ_AP021898.1	1240273	1241019		minus	3-oxoacyl-[acyl-carrier-protein] reductase	fabG	60880466	protein-coding		WP_012420037.1	248	GOZ73_RS05310
NZ_AP021898.1	1241147	1241665		minus	hypothetical protein		60880467	protein-coding		WP_065528648.1	172	GOZ73_RS05315
NZ_AP021898.1	1241729	1243339		minus	ABC-F family ATP-binding cassette domain-containing protein		60880468	protein-coding		WP_022197439.1	536	GOZ73_RS05320
NZ_AP021898.1	1243462	1244169		plus	hypothetical protein		60880469	protein-coding		WP_102746560.1	235	GOZ73_RS05325
NZ_AP021898.1	1244379	1244507		minus	hypothetical protein		77100528	protein-coding		WP_012420041.1	42	GOZ73_RS12490
NZ_AP021898.1	1244721	1245314		minus	ribosome hibernation-promoting factor, HPF/YfiA family	hpf	60880470	protein-coding		WP_012420042.1	197	GOZ73_RS05330
NZ_AP021898.1	1245663	1245739		plus	tRNA-Met		60880471	tRNA				GOZ73_RS05335
NZ_AP021898.1	1245896	1247209		plus	hemolysin family protein		60880472	protein-coding		WP_087393479.1	437	GOZ73_RS05340
NZ_AP021898.1	1247463	1248359		minus	SDR family oxidoreductase		60880473	protein-coding		WP_102746559.1	298	GOZ73_RS05345
NZ_AP021898.1	1248543	1249079		minus	uncharacterized gene		90133975	pseudogene				GOZ73_RS12565
NZ_AP021898.1	1249197	1249829		minus	uncharacterized gene		90133976	pseudogene				GOZ73_RS12570
NZ_AP021898.1	1249848	1250981		minus	alpha/beta hydrolase		60880474	protein-coding		WP_102748776.1	377	GOZ73_RS05355
NZ_AP021898.1	1251120	1252172		minus	alpha/beta hydrolase		60880475	protein-coding		WP_102746855.1	350	GOZ73_RS05360
NZ_AP021898.1	1252295	1253311		minus	aldo/keto reductase		60880476	protein-coding		WP_102746854.1	338	GOZ73_RS05365
NZ_AP021898.1	1253475	1254371		plus	helix-turn-helix domain-containing protein		60880477	protein-coding		WP_022197448.1	298	GOZ73_RS05370
NZ_AP021898.1	1254889	1258824		plus	TIM-barrel domain-containing protein		60880478	protein-coding		WP_102746556.1	1311	GOZ73_RS05375
NZ_AP021898.1	1259075	1260418		plus	4Fe-4S binding protein		60880479	protein-coding		WP_146018747.1	447	GOZ73_RS05380
NZ_AP021898.1	1260680	1261165		plus	LytR/AlgR family response regulator transcription factor		60880480	protein-coding		WP_065528652.1	161	GOZ73_RS05385
NZ_AP021898.1	1261325	1262164		plus	DUF2589 domain-containing protein		60880481	protein-coding		WP_012420052.1	279	GOZ73_RS05390
NZ_AP021898.1	1262203	1263009		plus	hypothetical protein		60880482	protein-coding		WP_012420053.1	268	GOZ73_RS05395
NZ_AP021898.1	1263019	1263612		plus	DUF2589 domain-containing protein		60880483	protein-coding		WP_042448886.1	197	GOZ73_RS05400
NZ_AP021898.1	1263627	1263857		plus	CpXC domain-containing protein		60880484	protein-coding		WP_012420055.1	76	GOZ73_RS05405
NZ_AP021898.1	1263854	1264207		plus	hypothetical protein		60880485	protein-coding		WP_065528654.1	117	GOZ73_RS05410
NZ_AP021898.1	1264225	1264545		minus	DUF3820 family protein		60880486	protein-coding		WP_012420057.1	106	GOZ73_RS05415
NZ_AP021898.1	1264542	1265246		minus	alpha/beta fold hydrolase		60880487	protein-coding		WP_065528655.1	234	GOZ73_RS05420
NZ_AP021898.1	1265263	1265868		minus	MarC family protein		60880488	protein-coding		WP_012420059.1	201	GOZ73_RS05425
NZ_AP021898.1	1266063	1266638		minus	hypothetical protein		60880489	protein-coding		WP_065528656.1	191	GOZ73_RS05430
NZ_AP021898.1	1266638	1268278		minus	PA14 domain-containing protein		60880490	protein-coding		WP_065528657.1	546	GOZ73_RS05435
NZ_AP021898.1	1268689	1269096		minus	hypothetical protein		60880491	protein-coding		WP_012420062.1	135	GOZ73_RS05440
NZ_AP021898.1	1269164	1270129		minus	GDSL-type esterase/lipase family protein		60880492	protein-coding		WP_012420063.1	321	GOZ73_RS05445
NZ_AP021898.1	1270126	1271184		minus	hypothetical protein		60880493	protein-coding		WP_065528658.1	352	GOZ73_RS05450
NZ_AP021898.1	1271181	1271750		minus	hypothetical protein		60880494	protein-coding		WP_065528659.1	189	GOZ73_RS05455
NZ_AP021898.1	1271868	1272641		minus	Hsp33 family molecular chaperone HslO		60880495	protein-coding		WP_065528660.1	257	GOZ73_RS05460
NZ_AP021898.1	1272844	1273347		plus	peptidylprolyl isomerase		60880496	protein-coding		WP_102746554.1	167	GOZ73_RS05465
NZ_AP021898.1	1273428	1275422		plus	ABC-F family ATP-binding cassette domain-containing protein		60880497	protein-coding		WP_065528661.1	664	GOZ73_RS05470
NZ_AP021898.1	1275510	1276160		minus	PEP-CTERM sorting domain-containing protein		60880498	protein-coding		WP_012420069.1	216	GOZ73_RS05475
NZ_AP021898.1	1276498	1277412		minus	DMT family transporter		60880499	protein-coding		WP_012420070.1	304	GOZ73_RS05480
NZ_AP021898.1	1277412	1277750		minus	cupin domain-containing protein		60880500	protein-coding		WP_102744344.1	112	GOZ73_RS05485
NZ_AP021898.1	1277755	1279170		minus	cysteine--tRNA ligase	cysS	60880501	protein-coding		WP_102744343.1	471	GOZ73_RS05490
NZ_AP021898.1	1279292	1280848		minus	beta-N-acetylhexosaminidase		60880502	protein-coding		WP_146018746.1	518	GOZ73_RS05495
NZ_AP021898.1	1280961	1282706		minus	sulfatase family protein		60880503	protein-coding		WP_051729446.1	581	GOZ73_RS05500
NZ_AP021898.1	1282937	1283920		minus	thioredoxin fold domain-containing protein		60880504	protein-coding		WP_162378777.1	327	GOZ73_RS05505
NZ_AP021898.1	1283986	1284267		minus	hypothetical protein		60881824	protein-coding		WP_012420076.1	93	GOZ73_RS12205
NZ_AP021898.1	1284351	1286150		minus	translation elongation factor 4	lepA	60880505	protein-coding		WP_012420077.1	599	GOZ73_RS05510
NZ_AP021898.1	1286398	1286601		plus	DUF5683 domain-containing protein		60880506	protein-coding		WP_012420078.1	67	GOZ73_RS05515
NZ_AP021898.1	1286951	1292548		minus	autotransporter domain-containing protein		60880507	protein-coding		WP_155844519.1	1865	GOZ73_RS05520
NZ_AP021898.1	1292912	1297108		minus	DNA-directed RNA polymerase subunit beta'	rpoC	60880508	protein-coding		WP_012420081.1	1398	GOZ73_RS05525
NZ_AP021898.1	1297181	1301119		minus	DNA-directed RNA polymerase subunit beta	rpoB	60880509	protein-coding		WP_012420082.1	1312	GOZ73_RS05530
NZ_AP021898.1	1301321	1301695		minus	50S ribosomal protein L7/L12	rplL	60880510	protein-coding		WP_102747048.1	124	GOZ73_RS05535
NZ_AP021898.1	1301854	1302357		minus	50S ribosomal protein L10	rplJ	60880511	protein-coding		WP_031930710.1	167	GOZ73_RS05540
NZ_AP021898.1	1302379	1303080		minus	50S ribosomal protein L1	rplA	60880512	protein-coding		WP_012420085.1	233	GOZ73_RS05545
NZ_AP021898.1	1303132	1303560		minus	50S ribosomal protein L11	rplK	60880513	protein-coding		WP_012420086.1	142	GOZ73_RS05550
NZ_AP021898.1	1303628	1304197		minus	transcription termination/antitermination protein NusG	nusG	60880514	protein-coding		WP_012420087.1	189	GOZ73_RS05555
NZ_AP021898.1	1304227	1304454		minus	preprotein translocase subunit SecE		60880515	protein-coding		WP_012420088.1	75	GOZ73_RS05560
NZ_AP021898.1	1304488	1304563		minus	tRNA-Trp		60880516	tRNA				GOZ73_RS05565
NZ_AP021898.1	1304658	1305842		minus	elongation factor Tu	tuf	60880517	protein-coding		WP_012420089.1	394	GOZ73_RS05570
NZ_AP021898.1	1305887	1305961		minus	tRNA-Thr		60880518	tRNA				GOZ73_RS05575
NZ_AP021898.1	1306168	1307250		minus	tRNA (adenosine(37)-N6)-threonylcarbamoyltransferase complex transferase subunit TsaD	tsaD	60880519	protein-coding		WP_022197882.1	360	GOZ73_RS05580
NZ_AP021898.1	1307274	1308644		minus	ATP-dependent Clp protease ATP-binding subunit ClpX	clpX	60880520	protein-coding		WP_102747047.1	456	GOZ73_RS05585
NZ_AP021898.1	1308684	1309340		minus	ATP-dependent Clp protease proteolytic subunit		60880521	protein-coding		WP_012420092.1	218	GOZ73_RS05590
NZ_AP021898.1	1309463	1310773		minus	trigger factor	tig	60880522	protein-coding		WP_065528672.1	436	GOZ73_RS05595
NZ_AP021898.1	1311072	1313459		plus	outer membrane protein assembly factor BamA	bamA	60880523	protein-coding		WP_162000118.1	795	GOZ73_RS05600
NZ_AP021898.1	1313493	1314242		plus	cell division protein ZapB		60880524	protein-coding		WP_012420095.1	249	GOZ73_RS05605
NZ_AP021898.1	1314279	1315214		plus	methylenetetrahydrofolate reductase [NAD(P)H]	metF	60880525	protein-coding		WP_012420096.1	311	GOZ73_RS05610
NZ_AP021898.1	1315267	1316004		plus	tetratricopeptide repeat protein		60880526	protein-coding		WP_012420097.1	245	GOZ73_RS05615
NZ_AP021898.1	1316260	1316532		plus	hypothetical protein		60880527	protein-coding		WP_012420098.1	90	GOZ73_RS05620
NZ_AP021898.1	1316625	1317251		minus	TetR/AcrR family transcriptional regulator		60880528	protein-coding		WP_012420099.1	208	GOZ73_RS05625
NZ_AP021898.1	1317384	1320542		minus	efflux RND transporter permease subunit		60880529	protein-coding		WP_102747046.1	1052	GOZ73_RS05630
NZ_AP021898.1	1320633	1322051		minus	efflux RND transporter periplasmic adaptor subunit		60880530	protein-coding		WP_128252391.1	472	GOZ73_RS05635
NZ_AP021898.1	1322084	1323364		minus	TolC family protein		60880531	protein-coding		WP_102742890.1	426	GOZ73_RS05640
NZ_AP021898.1	1323511	1323939		minus	hypothetical protein		60880532	protein-coding		WP_146018836.1	142	GOZ73_RS05645
NZ_AP021898.1	1324022	1325047		minus	ankyrin repeat domain-containing protein		60880533	protein-coding		WP_031930721.1	341	GOZ73_RS05650
NZ_AP021898.1	1325060	1326541		minus	MFS transporter		60880534	protein-coding		WP_102746297.1	493	GOZ73_RS05655
NZ_AP021898.1	1326674	1327318		minus	hypothetical protein		60880535	protein-coding		WP_143246768.1	214	GOZ73_RS05660
NZ_AP021898.1	1327600	1328232		plus	hypothetical protein		60880536	protein-coding		WP_102740886.1	210	GOZ73_RS05665
NZ_AP021898.1	1328339	1329256		minus	ArsR/SmtB family transcription factor		60880537	protein-coding		WP_102740884.1	305	GOZ73_RS05670
NZ_AP021898.1	1329294	1330478		plus	methionine adenosyltransferase	metK	60880538	protein-coding		WP_102744329.1	394	GOZ73_RS05675
NZ_AP021898.1	1330502	1331917		plus	adenosylhomocysteinase	ahcY	60880539	protein-coding		WP_012420110.1	471	GOZ73_RS05680
NZ_AP021898.1	1332058	1333071		minus	glycosyltransferase		60880540	protein-coding		WP_065528679.1	337	GOZ73_RS05685
NZ_AP021898.1	1333521	1334504		plus	hypothetical protein		60880541	protein-coding		WP_102747045.1	327	GOZ73_RS05690
NZ_AP021898.1	1334533	1335798		plus	protoporphyrinogen/coproporphyrinogen oxidase		60880542	protein-coding		WP_102747055.1	421	GOZ73_RS05695
NZ_AP021898.1	1336082	1336972		plus	hypothetical protein		60880543	protein-coding		WP_146020899.1	296	GOZ73_RS05700
NZ_AP021898.1	1337104	1338762		minus	sulfatase family protein		60880544	protein-coding		WP_084042638.1	552	GOZ73_RS05705
NZ_AP021898.1	1338850	1340748		plus	RecQ family ATP-dependent DNA helicase		60880545	protein-coding		WP_102747043.1	632	GOZ73_RS05710
NZ_AP021898.1	1340745	1341941		minus	glycosyltransferase		60880546	protein-coding		WP_102747042.1	398	GOZ73_RS05715
NZ_AP021898.1	1341938	1343146		minus	glycosyltransferase family 4 protein		60880547	protein-coding		WP_162378778.1	402	GOZ73_RS05720
NZ_AP021898.1	1343167	1344192		minus	hypothetical protein		60881825	protein-coding		WP_012420119.1	341	GOZ73_RS12210
NZ_AP021898.1	1344186	1345790		minus	L-aspartate oxidase	nadB	60880548	protein-coding		WP_102747041.1	534	GOZ73_RS05725
NZ_AP021898.1	1345897	1346478		plus	23S rRNA (guanosine(2251)-2'-O)-methyltransferase RlmB	rlmB	60880549	protein-coding		WP_051729450.1	193	GOZ73_RS05730
NZ_AP021898.1	1346512	1347333		plus	metallophosphoesterase		60880550	protein-coding		WP_102746290.1	273	GOZ73_RS05735
NZ_AP021898.1	1347762	1348169		plus	metal-dependent transcriptional regulator		60880551	protein-coding		WP_022197912.1	135	GOZ73_RS05740
NZ_AP021898.1	1348232	1350328		minus	heavy metal translocating P-type ATPase		60880552	protein-coding		WP_102747040.1	698	GOZ73_RS05745
NZ_AP021898.1	1350452	1350682		minus	hypothetical protein		60880553	protein-coding		WP_031930743.1	76	GOZ73_RS05750
NZ_AP021898.1	1351258	1352475		plus	carbohydrate porin		60880554	protein-coding		WP_022197914.1	405	GOZ73_RS05755
NZ_AP021898.1	1353022	1353429		plus	hypothetical protein		60880555	protein-coding		WP_012420127.1	135	GOZ73_RS05760
NZ_AP021898.1	1353528	1353713		minus	FeoB-associated Cys-rich membrane protein		60880556	protein-coding		WP_012420128.1	61	GOZ73_RS05765
NZ_AP021898.1	1353748	1356009		minus	ferrous iron transport protein B	feoB	60880557	protein-coding		WP_102741702.1	753	GOZ73_RS05770
NZ_AP021898.1	1356086	1356316		minus	FeoA family protein		60880558	protein-coding		WP_012420130.1	76	GOZ73_RS05775
NZ_AP021898.1	1356348	1356560		minus	FeoA family protein		60880559	protein-coding		WP_012420131.1	70	GOZ73_RS05780
NZ_AP021898.1	1356831	1358210		minus	cytochrome c peroxidase		60880560	protein-coding		WP_102747039.1	459	GOZ73_RS05785
NZ_AP021898.1	1358277	1359215		minus	lipoyl synthase	lipA	60880561	protein-coding		WP_012420133.1	312	GOZ73_RS05790
NZ_AP021898.1	1359278	1359823		minus	tRNA adenosine(34) deaminase TadA	tadA	60880562	protein-coding		WP_012420134.1	181	GOZ73_RS05795
NZ_AP021898.1	1359968	1360966		plus	ROK family protein		60880563	protein-coding		WP_102747038.1	332	GOZ73_RS05800
NZ_AP021898.1	1361025	1362950		plus	heavy metal translocating P-type ATPase		60880564	protein-coding		WP_022197921.1	641	GOZ73_RS05805
NZ_AP021898.1	1363116	1364540		minus	transcription termination factor Rho	rho	60880565	protein-coding		WP_102747054.1	474	GOZ73_RS05810
NZ_AP021898.1	1364533	1365138		minus	dephospho-CoA kinase	coaE	60880566	protein-coding		WP_102747037.1	201	GOZ73_RS05815
NZ_AP021898.1	1365233	1367956		minus	Amuc_1098 family type IV pilus outer membrane protein		60880567	protein-coding		WP_012420139.1	907	GOZ73_RS05820
NZ_AP021898.1	1368028	1369041		minus	Amuc_1099 family pilus-like system protein		60880568	protein-coding		WP_012420140.1	337	GOZ73_RS05825
NZ_AP021898.1	1369077	1370030		minus	Amuc_1100 family pilus-like protein		60881838	protein-coding		WP_197738471.1	317	GOZ73_RS12290
NZ_AP021898.1	1370060	1371898		minus	Amuc_1101 family PilM-like pilus complex protein		60880569	protein-coding		WP_102741689.1	612	GOZ73_RS05835
NZ_AP021898.1	1371945	1372661		minus	Amuc_1102 family pilus-like protein		60880570	protein-coding		WP_102741684.1	238	GOZ73_RS05840
NZ_AP021898.1	1372856	1373935		plus	M42 family metallopeptidase		60880571	protein-coding		WP_102744322.1	359	GOZ73_RS05845
NZ_AP021898.1	1373947	1375005		plus	prolipoprotein diacylglyceryl transferase	lgt	60880572	protein-coding		WP_012420145.1	352	GOZ73_RS05850
NZ_AP021898.1	1375002	1375661		minus	DUF3313 family protein		60880573	protein-coding		WP_012420146.1	219	GOZ73_RS05855
NZ_AP021898.1	1376015	1377298		plus	aminopeptidase P N-terminal domain-containing protein		60880574	protein-coding		WP_102747035.1	427	GOZ73_RS05860
NZ_AP021898.1	1377364	1378239		plus	ATP phosphoribosyltransferase	hisG	60880575	protein-coding		WP_012420148.1	291	GOZ73_RS05865
NZ_AP021898.1	1378282	1378386		plus	hypothetical protein		60880576	protein-coding		WP_012420149.1	34	GOZ73_RS05870
NZ_AP021898.1	1378815	1379051		plus	hypothetical protein		60880577	protein-coding		WP_162378779.1	78	GOZ73_RS05875
NZ_AP021898.1	1379061	1379768		plus	hypothetical protein		60880578	protein-coding		WP_102747034.1	235	GOZ73_RS05880
NZ_AP021898.1	1380165	1381745		plus	hypothetical protein		60880579	protein-coding		WP_146020900.1	526	GOZ73_RS05885
NZ_AP021898.1	1381852	1383084		minus	sensor histidine kinase		60880580	protein-coding		WP_102747032.1	410	GOZ73_RS05890
NZ_AP021898.1	1383097	1383801		minus	response regulator transcription factor		60880581	protein-coding		WP_012420151.1	234	GOZ73_RS05895
NZ_AP021898.1	1384018	1385694		plus	dihydroxy-acid dehydratase	ilvD	60880582	protein-coding		WP_102747031.1	558	GOZ73_RS05900
NZ_AP021898.1	1386374	1390450		minus	autotransporter outer membrane beta-barrel domain-containing protein		60880583	protein-coding		WP_102747030.1	1358	GOZ73_RS05905
NZ_AP021898.1	1390763	1391848		plus	tyrosine-type recombinase/integrase		60880584	protein-coding		WP_162378780.1	361	GOZ73_RS05910
NZ_AP021898.1	1391907	1392812		minus	uracil-DNA glycosylase		60880585	protein-coding		WP_065528704.1	301	GOZ73_RS05915
NZ_AP021898.1	1393013	1394149		plus	2-iminoacetate synthase ThiH	thiH	60880586	protein-coding		WP_102747028.1	378	GOZ73_RS05920
NZ_AP021898.1	1394253	1396139		plus	LTA synthase family protein		60880587	protein-coding		WP_102741654.1	628	GOZ73_RS05925
NZ_AP021898.1	1396202	1397359		minus	metallopeptidase domain-containing protein		60880588	protein-coding		WP_094140215.1	385	GOZ73_RS05930
NZ_AP021898.1	1397582	1399948		plus	glycoside hydrolase family 95 protein		60880589	protein-coding		WP_162378781.1	788	GOZ73_RS05935
NZ_AP021898.1	1400196	1401569		minus	DUF2851 family protein		60880590	protein-coding		WP_102747026.1	457	GOZ73_RS05940
NZ_AP021898.1	1401587	1402114		minus	STAS domain-containing protein		60880591	protein-coding		WP_012420163.1	175	GOZ73_RS05945
NZ_AP021898.1	1402263	1403765		minus	prenyltransferase/squalene oxidase repeat-containing protein		60880592	protein-coding		WP_102744128.1	500	GOZ73_RS05950
NZ_AP021898.1	1403915	1405438		minus	prenyltransferase/squalene oxidase repeat-containing protein		60880593	protein-coding		WP_102747814.1	507	GOZ73_RS05955
NZ_AP021898.1	1405840	1406829		minus	UDP-glucose 4-epimerase GalE	galE	60880594	protein-coding		WP_102747053.1	329	GOZ73_RS05960
NZ_AP021898.1	1407112	1408491		plus	16S rRNA (adenine(1518)-N(6)/adenine(1519)-N(6))-dimethyltransferase RsmA	rsmA	60880595	protein-coding		WP_102744703.1	459	GOZ73_RS05965
NZ_AP021898.1	1408478	1408939		plus	hypothetical protein		60880596	protein-coding		WP_102744316.1	153	GOZ73_RS05970
NZ_AP021898.1	1409131	1409394		plus	hypothetical protein		60880597	protein-coding		WP_102744315.1	87	GOZ73_RS05975
NZ_AP021898.1	1409451	1410272		plus	hypothetical protein		60881839	protein-coding		WP_180973810.1	273	GOZ73_RS12295
NZ_AP021898.1	1410528	1411865		minus	MATE family efflux transporter		60880598	protein-coding		WP_102741641.1	445	GOZ73_RS05990
NZ_AP021898.1	1412003	1413934		minus	TrkH family potassium uptake protein		60880599	protein-coding		WP_162378782.1	643	GOZ73_RS05995
NZ_AP021898.1	1414002	1414088		plus	tRNA-Leu		60880600	tRNA				GOZ73_RS06000
NZ_AP021898.1	1414198	1414536		minus	hypothetical protein		60880601	protein-coding		WP_087393464.1	112	GOZ73_RS06005
NZ_AP021898.1	1414550	1415137		minus	M15 family metallopeptidase		60880602	protein-coding		WP_022198021.1	195	GOZ73_RS06010
NZ_AP021898.1	1415130	1415327		minus	hypothetical protein		60880603	protein-coding		WP_046437637.1	65	GOZ73_RS06015
NZ_AP021898.1	1415867	1416862		plus	hypothetical protein		60880604	protein-coding		WP_146018831.1	331	GOZ73_RS06020
NZ_AP021898.1	1416852	1418042		plus	hypothetical protein		60880605	protein-coding		WP_102744313.1	396	GOZ73_RS06025
NZ_AP021898.1	1418403	1418801		plus	hypothetical protein		60880606	protein-coding		WP_131072215.1	132	GOZ73_RS06030
NZ_AP021898.1	1418898	1419626		plus	hypothetical protein		60880607	protein-coding		WP_146018830.1	242	GOZ73_RS06035
NZ_AP021898.1	1419660	1420703		plus	glycosyltransferase		60880608	protein-coding		WP_102744310.1	347	GOZ73_RS06040
NZ_AP021898.1	1420727	1421485		plus	alpha-1,2-fucosyltransferase		60880609	protein-coding		WP_157738252.1	252	GOZ73_RS06045
NZ_AP021898.1	1421515	1423203		plus	hypothetical protein		60880610	protein-coding		WP_102747024.1	562	GOZ73_RS06050
NZ_AP021898.1	1423324	1429239		plus	RHS repeat domain-containing protein		60880611	protein-coding		WP_155844520.1	1971	GOZ73_RS06055
NZ_AP021898.1	1429250	1429618		plus	hypothetical protein		60880612	protein-coding		WP_155844521.1	122	GOZ73_RS06060
NZ_AP021898.1	1430027	1430566		plus	hypothetical protein		60880613	protein-coding		WP_155844522.1	179	GOZ73_RS06065
NZ_AP021898.1	1430732	1431724		plus	RHS repeat domain-containing protein		60880614	protein-coding		WP_232053418.1	330	GOZ73_RS06070
NZ_AP021898.1	1431721	1432152		plus	hypothetical protein		60880615	protein-coding		WP_102742127.1	143	GOZ73_RS06075
NZ_AP021898.1	1432722	1433375		plus	hypothetical protein		60880616	protein-coding		WP_102747016.1	217	GOZ73_RS06080
NZ_AP021898.1	1433558	1435075		plus	RHS repeat-associated core domain-containing protein		60880617	protein-coding		WP_155844524.1	505	GOZ73_RS06085
NZ_AP021898.1	1435971	1436405		plus	hypothetical protein		60880618	protein-coding		WP_146018829.1	144	GOZ73_RS06090
NZ_AP021898.1	1436470	1436709		plus	RHS repeat domain-containing protein		60880619	protein-coding		WP_162378783.1	79	GOZ73_RS06095
NZ_AP021898.1	1436806	1438140		plus	RHS repeat domain-containing protein		60880620	protein-coding		WP_155844525.1	444	GOZ73_RS06100
NZ_AP021898.1	1438255	1438707		plus	hypothetical protein		69060651	protein-coding		WP_102747819.1	150	GOZ73_RS12385
NZ_AP021898.1	1438766	1439056		plus	hypothetical protein		60880621	protein-coding		WP_102747012.1	96	GOZ73_RS06110
NZ_AP021898.1	1439107	1439304		plus	DUF6861 domain-containing protein		60880622	protein-coding		WP_146018827.1	65	GOZ73_RS06115
NZ_AP021898.1	1439360	1440325		plus	hypothetical protein		60880623	protein-coding		WP_146018826.1	321	GOZ73_RS06120
NZ_AP021898.1	1441324	1441902		plus	hypothetical protein		60880624	protein-coding		WP_128804795.1	192	GOZ73_RS06125
NZ_AP021898.1	1442198	1442518		plus	hypothetical protein		60880625	protein-coding		WP_143245861.1	106	GOZ73_RS06130
NZ_AP021898.1	1443025	1443222		plus	hypothetical protein		60880626	protein-coding		WP_128252456.1	65	GOZ73_RS06140
NZ_AP021898.1	1443921	1444001		plus	K(+)-transporting ATPase subunit F	kdpF	90133977	protein-coding		WP_081429137.1	26	GOZ73_RS12575
NZ_AP021898.1	1444013	1445719		plus	potassium-transporting ATPase subunit KdpA	kdpA	60880628	protein-coding		WP_102744171.1	568	GOZ73_RS06150
NZ_AP021898.1	1445804	1447837		plus	potassium-transporting ATPase subunit KdpB	kdpB	60880629	protein-coding		WP_102747009.1	677	GOZ73_RS06155
NZ_AP021898.1	1447857	1448441		plus	K(+)-transporting ATPase subunit C		60880630	protein-coding		WP_102747008.1	194	GOZ73_RS06160
NZ_AP021898.1	1448622	1449749		plus	histidine kinase		60880631	protein-coding		WP_031930796.1	375	GOZ73_RS06165
NZ_AP021898.1	1450102	1451088		plus	formylglycine-generating enzyme family protein		60880632	protein-coding		WP_102744302.1	328	GOZ73_RS06170
NZ_AP021898.1	1451193	1451459		plus	hypothetical protein		60880633	protein-coding		WP_128153496.1	88	GOZ73_RS06175
NZ_AP021898.1	1451625	1452464		plus	MBL fold metallo-hydrolase		60880634	protein-coding		WP_022196809.1	279	GOZ73_RS06180
NZ_AP021898.1	1452490	1453086		plus	RNA polymerase sigma factor		60880635	protein-coding		WP_102747007.1	198	GOZ73_RS06185
NZ_AP021898.1	1453083	1455386		plus	serine/threonine protein kinase		60880636	protein-coding		WP_102747006.1	767	GOZ73_RS06190
NZ_AP021898.1	1455662	1456803		plus	uncharacterized gene		60880637	pseudogene				GOZ73_RS06195
NZ_AP021898.1	1457032	1457496		minus	MerR family transcriptional regulator		60880638	protein-coding		WP_052294456.1	154	GOZ73_RS06200
NZ_AP021898.1	1457685	1458767		plus	threonine aldolase family protein		60880639	protein-coding		WP_257996775.1	360	GOZ73_RS06205
NZ_AP021898.1	1458876	1460192		plus	hypothetical protein		60880640	protein-coding		WP_146018825.1	438	GOZ73_RS06210
NZ_AP021898.1	1460185	1462764		minus	VWA domain-containing protein		60880641	protein-coding		WP_102747004.1	859	GOZ73_RS06215
NZ_AP021898.1	1462761	1464488		minus	vWA domain-containing protein		60880642	protein-coding		WP_102747003.1	575	GOZ73_RS06220
NZ_AP021898.1	1464517	1465386		minus	DUF58 domain-containing protein		60880643	protein-coding		WP_012420206.1	289	GOZ73_RS06225
NZ_AP021898.1	1465421	1466869		minus	hypothetical protein		60880644	protein-coding		WP_012420207.1	482	GOZ73_RS06230
NZ_AP021898.1	1466866	1467873		minus	ABC transporter ATP-binding protein		60880645	protein-coding		WP_012420208.1	335	GOZ73_RS06235
NZ_AP021898.1	1467876	1469459		minus	hypothetical protein		60880646	protein-coding		WP_065528749.1	527	GOZ73_RS06240
NZ_AP021898.1	1469484	1470509		minus	AAA family ATPase		60880647	protein-coding		WP_180973808.1	341	GOZ73_RS06245
NZ_AP021898.1	1470743	1471927		plus	DUF418 domain-containing protein		60880648	protein-coding		WP_102747049.1	394	GOZ73_RS06250
NZ_AP021898.1	1472307	1473293		plus	hypothetical protein		60880649	protein-coding		WP_022196994.1	328	GOZ73_RS06255
NZ_AP021898.1	1473372	1474055		plus	hypothetical protein		60880650	protein-coding		WP_102745615.1	227	GOZ73_RS06260
NZ_AP021898.1	1474093	1475145		minus	SPFH domain-containing protein		60880651	protein-coding		WP_046437515.1	350	GOZ73_RS06265
NZ_AP021898.1	1475406	1476275		plus	TIGR01777 family oxidoreductase		60880652	protein-coding		WP_046437513.1	289	GOZ73_RS06270
NZ_AP021898.1	1476272	1476781		plus	lipocalin family protein		60880653	protein-coding		WP_046437511.1	169	GOZ73_RS06275
NZ_AP021898.1	1477145	1478125		plus	ketol-acid reductoisomerase	ilvC	60880654	protein-coding		WP_012420218.1	326	GOZ73_RS06280
NZ_AP021898.1	1478225	1479022		plus	ABC transporter ATP-binding protein		60880655	protein-coding		WP_102742947.1	265	GOZ73_RS06285
NZ_AP021898.1	1479029	1479724		plus	FadR/GntR family transcriptional regulator		60880656	protein-coding		WP_094140027.1	231	GOZ73_RS06290
NZ_AP021898.1	1479790	1480587		plus	hypothetical protein		60880657	protein-coding		WP_094140025.1	265	GOZ73_RS06295
NZ_AP021898.1	1480942	1482249		plus	sulfatase-like hydrolase/transferase		60880658	protein-coding		WP_162378784.1	435	GOZ73_RS06300
NZ_AP021898.1	1482368	1482736		minus	FtsB family cell division protein		60880659	protein-coding		WP_022197005.1	122	GOZ73_RS06305
NZ_AP021898.1	1482765	1484045		minus	phosphopyruvate hydratase	eno	60880660	protein-coding		WP_012420224.1	426	GOZ73_RS06310
NZ_AP021898.1	1484477	1485718		plus	LL-diaminopimelate aminotransferase		60880661	protein-coding		WP_102741902.1	413	GOZ73_RS06315
NZ_AP021898.1	1485998	1487107		plus	FAD:protein FMN transferase		60880662	protein-coding		WP_162378785.1	369	GOZ73_RS06320
NZ_AP021898.1	1487131	1488732		plus	glycoside hydrolase family 27 protein		60880663	protein-coding		WP_031930828.1	533	GOZ73_RS06325
NZ_AP021898.1	1489071	1489295		minus	hypothetical protein		60880664	protein-coding		WP_012420228.1	74	GOZ73_RS06330
NZ_AP021898.1	1489495	1489758		minus	50S ribosomal protein L28	rpmB	60880665	protein-coding		WP_012420229.1	87	GOZ73_RS06335
NZ_AP021898.1	1490209	1491210		plus	MDR family NADPH-dependent oxidoreductase		60880666	protein-coding		WP_094140013.1	333	GOZ73_RS06340
NZ_AP021898.1	1491553	1491978		minus	Holliday junction resolvase RuvX	ruvX	60880667	protein-coding		WP_102741883.1	141	GOZ73_RS06345
NZ_AP021898.1	1491975	1493033		minus	mannose-1-phosphate guanylyltransferase		60880668	protein-coding		WP_012420232.1	352	GOZ73_RS06350
NZ_AP021898.1	1493066	1493782		minus	isoprenyl transferase		60880669	protein-coding		WP_012420233.1	238	GOZ73_RS06355
NZ_AP021898.1	1493805	1495646		minus	DNA topoisomerase IV subunit B		60880670	protein-coding		WP_065528764.1	613	GOZ73_RS06360
NZ_AP021898.1	1495771	1496619		plus	4-(cytidine 5'-diphospho)-2-C-methyl-D-erythritol kinase	ispE	60880671	protein-coding		WP_102746999.1	282	GOZ73_RS06365
NZ_AP021898.1	1496683	1497249		plus	hypothetical protein		60880672	protein-coding		WP_012420236.1	188	GOZ73_RS06370
NZ_AP021898.1	1497270	1499255		plus	ATP-dependent DNA helicase		60880673	protein-coding		WP_094140007.1	661	GOZ73_RS06375
NZ_AP021898.1	1499263	1500033		minus	energy-coupling factor ABC transporter ATP-binding protein		60880674	protein-coding		WP_102746998.1	256	GOZ73_RS06380
NZ_AP021898.1	1500030	1500842		minus	cobalt ECF transporter T component CbiQ	cbiQ	60880675	protein-coding		WP_102746997.1	270	GOZ73_RS06385
NZ_AP021898.1	1500851	1501894		minus	energy-coupling factor ABC transporter permease		60880676	protein-coding		WP_102734311.1	347	GOZ73_RS06390
NZ_AP021898.1	1502227	1502511		plus	hypothetical protein		60880677	protein-coding		WP_012420241.1	94	GOZ73_RS06395
NZ_AP021898.1	1502528	1502893		minus	lipocalin-like domain-containing protein		60880678	protein-coding		WP_102744293.1	121	GOZ73_RS06400
NZ_AP021898.1	1502905	1503798		minus	acetylglutamate kinase	argB	60880679	protein-coding		WP_012420243.1	297	GOZ73_RS06405
NZ_AP021898.1	1503861	1504853		minus	magnesium transporter CorA family protein		60880680	protein-coding		WP_031930839.1	330	GOZ73_RS06410
NZ_AP021898.1	1505024	1505470		minus	50S ribosomal protein L9	rplI	60880681	protein-coding		WP_046437487.1	148	GOZ73_RS06415
NZ_AP021898.1	1505725	1507272		plus	bifunctional phosphoribosylaminoimidazolecarboxamide formyltransferase/IMP cyclohydrolase	purH	60880682	protein-coding		WP_012420246.1	515	GOZ73_RS06420
NZ_AP021898.1	1507312	1508052		plus	pyridoxine 5'-phosphate synthase		60880683	protein-coding		WP_031930843.1	246	GOZ73_RS06425
NZ_AP021898.1	1508087	1508473		plus	holo-ACP synthase	acpS	60880684	protein-coding		WP_012420248.1	128	GOZ73_RS06430
NZ_AP021898.1	1508529	1509278		minus	PEP-CTERM sorting domain-containing protein		60880685	protein-coding		WP_094139995.1	249	GOZ73_RS06435
NZ_AP021898.1	1509561	1511387		minus	phosphoenolpyruvate carboxykinase (GTP)		60880686	protein-coding		WP_031930846.1	608	GOZ73_RS06440
NZ_AP021898.1	1511641	1512312		plus	peptidoglycan recognition protein family protein		60880687	protein-coding		WP_102742957.1	223	GOZ73_RS06445
NZ_AP021898.1	1512359	1514425		plus	ATP-dependent DNA helicase RecG	recG	60880688	protein-coding		WP_162378786.1	688	GOZ73_RS06450
NZ_AP021898.1	1514563	1515006		plus	hypothetical protein		60880689	protein-coding		WP_022197033.1	147	GOZ73_RS06455
NZ_AP021898.1	1515114	1518083		minus	4Fe-4S dicluster domain-containing protein		60880690	protein-coding		WP_102746995.1	989	GOZ73_RS06460
NZ_AP021898.1	1518362	1519066		minus	cytochrome c3 family protein		60880691	protein-coding		WP_046437480.1	234	GOZ73_RS06465
NZ_AP021898.1	1519098	1520375		minus	Gfo/Idh/MocA family protein		60880692	protein-coding		WP_102741894.1	425	GOZ73_RS06470
NZ_AP021898.1	1520673	1521089		plus	hypothetical protein		60880693	protein-coding		WP_065528774.1	138	GOZ73_RS06475
NZ_AP021898.1	1521306	1522418		minus	3-dehydroquinate synthase	aroB	60880694	protein-coding		WP_102746994.1	370	GOZ73_RS06480
NZ_AP021898.1	1522494	1522964		minus	hypothetical protein		60880695	protein-coding		WP_128191278.1	156	GOZ73_RS06485
NZ_AP021898.1	1523820	1525331		plus	16S ribosomal RNA		60880696	rRNA				GOZ73_RS06490
NZ_AP021898.1	1525500	1525575		plus	tRNA-Ala		60880697	tRNA				GOZ73_RS06495
NZ_AP021898.1	1525600	1525676		plus	tRNA-Ile		60880698	tRNA				GOZ73_RS06500
NZ_AP021898.1	1525885	1528720		plus	23S ribosomal RNA		60880699	rRNA				GOZ73_RS06505
NZ_AP021898.1	1528955	1529070		plus	5S ribosomal RNA	rrf	60880700	rRNA				GOZ73_RS06510
NZ_AP021898.1	1529213	1531771		plus	alpha-N-acetylglucosaminidase		60880701	protein-coding		WP_102746977.1	852	GOZ73_RS06515
NZ_AP021898.1	1531926	1532513		minus	PEP-CTERM sorting domain-containing protein		60880702	protein-coding		WP_146018823.1	195	GOZ73_RS06520
NZ_AP021898.1	1532775	1534643		minus	OPT family oligopeptide transporter		60880703	protein-coding		WP_162378787.1	622	GOZ73_RS06525
NZ_AP021898.1	1534764	1535549		plus	orotidine-5'-phosphate decarboxylase	pyrF	60880704	protein-coding		WP_031930856.1	261	GOZ73_RS06530
NZ_AP021898.1	1535742	1536446		plus	energy transducer TonB		60880705	protein-coding		WP_162378788.1	234	GOZ73_RS06535
NZ_AP021898.1	1536468	1538159		plus	putative manganese-dependent inorganic diphosphatase		60880706	protein-coding		WP_102743756.1	563	GOZ73_RS06540
NZ_AP021898.1	1538238	1539278		minus	endonuclease/exonuclease/phosphatase family protein		60880707	protein-coding		WP_128252491.1	346	GOZ73_RS06545
NZ_AP021898.1	1539291	1539605		minus	YbaB/EbfC family nucleoid-associated protein		60880708	protein-coding		WP_012420267.1	104	GOZ73_RS06550
NZ_AP021898.1	1539634	1541796		minus	DNA polymerase III subunit gamma/tau	dnaX	60880709	protein-coding		WP_232053499.1	720	GOZ73_RS06555
NZ_AP021898.1	1541716	1541943		plus	hypothetical protein		69060652	protein-coding		WP_232053506.1	75	GOZ73_RS12390
NZ_AP021898.1	1542052	1542828		plus	hypothetical protein		60880710	protein-coding		WP_012420269.1	258	GOZ73_RS06560
NZ_AP021898.1	1542876	1543691		plus	hypothetical protein		60880711	protein-coding		WP_012420270.1	271	GOZ73_RS06565
NZ_AP021898.1	1544053	1544145		plus	tRNA-Ser		60880712	tRNA				GOZ73_RS06570
NZ_AP021898.1	1544264	1545403		plus	tyrosine-type recombinase/integrase		60880713	protein-coding		WP_087393809.1	379	GOZ73_RS06575
NZ_AP021898.1	1545457	1546209		minus	hypothetical protein		60880714	protein-coding		WP_155844526.1	250	GOZ73_RS06580
NZ_AP021898.1	1546220	1546471		minus	hypothetical protein		60880715	protein-coding		WP_022196839.1	83	GOZ73_RS06585
NZ_AP021898.1	1546468	1548117		minus	portal protein		60880716	protein-coding		WP_155844527.1	549	GOZ73_RS06590
NZ_AP021898.1	1548123	1548332		minus	hypothetical protein		60880717	protein-coding		WP_022196841.1	69	GOZ73_RS06595
NZ_AP021898.1	1548354	1548896		minus	N-acetylmuramoyl-L-alanine amidase		60880718	protein-coding		WP_155844528.1	180	GOZ73_RS06600
NZ_AP021898.1	1548893	1549078		minus	hypothetical protein		60880719	protein-coding		WP_155844529.1	61	GOZ73_RS06605
NZ_AP021898.1	1549148	1549375		minus	hypothetical protein		60880720	protein-coding		WP_022196875.1	75	GOZ73_RS06610
NZ_AP021898.1	1549380	1549850		minus	hypothetical protein		60880721	protein-coding		WP_146020687.1	156	GOZ73_RS06615
NZ_AP021898.1	1549863	1550264		minus	hypothetical protein		60880722	protein-coding		WP_155844484.1	133	GOZ73_RS06620
NZ_AP021898.1	1550267	1552318		minus	hypothetical protein		60880723	protein-coding		WP_155844530.1	683	GOZ73_RS06625
NZ_AP021898.1	1552375	1552866		minus	terminase small subunit		60880724	protein-coding		WP_128220732.1	163	GOZ73_RS06630
NZ_AP021898.1	1552937	1553263		minus	MarR family transcriptional regulator		300825834	protein-coding		WP_087393068.1	108	GOZ73_RS12625
NZ_AP021898.1	1553232	1554545		minus	replicative DNA helicase		60880726	protein-coding		WP_155844531.1	437	GOZ73_RS06640
NZ_AP021898.1	1554566	1555390		minus	hypothetical protein		60880727	protein-coding		WP_087393072.1	274	GOZ73_RS06645
NZ_AP021898.1	1555396	1555638		minus	hypothetical protein		60880728	protein-coding		WP_143296632.1	80	GOZ73_RS06650
NZ_AP021898.1	1556063	1556515		minus	hypothetical protein		60880729	protein-coding		WP_087393077.1	150	GOZ73_RS06655
NZ_AP021898.1	1556505	1556867		minus	hypothetical protein		60880730	protein-coding		WP_087393078.1	120	GOZ73_RS06660
NZ_AP021898.1	1556867	1557547		minus	hypothetical protein		60880731	protein-coding		WP_155844532.1	226	GOZ73_RS06665
NZ_AP021898.1	1557637	1557798		minus	hypothetical protein		60880732	protein-coding		WP_155844533.1	53	GOZ73_RS06670
NZ_AP021898.1	1557894	1558127		minus	hypothetical protein		60880733	protein-coding		WP_087393082.1	77	GOZ73_RS06675
NZ_AP021898.1	1558124	1558342		minus	hypothetical protein		60880734	protein-coding		WP_087393084.1	72	GOZ73_RS06680
NZ_AP021898.1	1558413	1558580		minus	hypothetical protein		60880735	protein-coding		WP_155844534.1	55	GOZ73_RS06685
NZ_AP021898.1	1558607	1559155		minus	hypothetical protein		60880736	protein-coding		WP_155844535.1	182	GOZ73_RS06690
NZ_AP021898.1	1559152	1559337		minus	hypothetical protein		60880737	protein-coding		WP_155844536.1	61	GOZ73_RS06695
NZ_AP021898.1	1559439	1559786		plus	type II toxin -antitoxin system TacA 1-like antitoxin		60880738	protein-coding		WP_155844537.1	115	GOZ73_RS06700
NZ_AP021898.1	1559945	1560778		minus	phage antirepressor		60880739	protein-coding		WP_155844538.1	277	GOZ73_RS06705
NZ_AP021898.1	1561220	1562068		plus	helix-turn-helix domain-containing protein		60880740	protein-coding		WP_162378790.1	282	GOZ73_RS06710
NZ_AP021898.1	1562570	1563451		minus	DUF6804 family protein		60880741	protein-coding		WP_155844540.1	293	GOZ73_RS06715
NZ_AP021898.1	1563507	1574441		minus	ADP-ribosyltransferase-containing protein		60880742	protein-coding		WP_155844541.1	3644	GOZ73_RS06720
NZ_AP021898.1	1574471	1576828		minus	glucosaminidase domain-containing protein		60880743	protein-coding		WP_155844542.1	785	GOZ73_RS06725
NZ_AP021898.1	1576825	1577205		minus	hypothetical protein		60880744	protein-coding		WP_128220774.1	126	GOZ73_RS06730
NZ_AP021898.1	1577175	1577870		minus	hypothetical protein		60880745	protein-coding		WP_155844543.1	231	GOZ73_RS06735
NZ_AP021898.1	1577875	1578420		minus	hypothetical protein		60880746	protein-coding		WP_155844544.1	181	GOZ73_RS06740
NZ_AP021898.1	1578669	1579601		plus	DUF3800 domain-containing protein		60880747	protein-coding		WP_155844545.1	310	GOZ73_RS06745
NZ_AP021898.1	1579606	1581219		minus	hypothetical protein		60880748	protein-coding		WP_155844546.1	537	GOZ73_RS06750
NZ_AP021898.1	1581216	1584605		minus	phage tail protein		60880749	protein-coding		WP_155844547.1	1129	GOZ73_RS06755
NZ_AP021898.1	1584735	1585190		minus	hypothetical protein		60880750	protein-coding		WP_087393117.1	151	GOZ73_RS06760
NZ_AP021898.1	1585223	1586191		minus	phage capsid protein		60880751	protein-coding		WP_155844548.1	322	GOZ73_RS06765
NZ_AP021898.1	1586443	1587183		minus	RadC family protein	radC	60880752	protein-coding		WP_012420271.1	246	GOZ73_RS06770
NZ_AP021898.1	1587185	1588675		minus	NAD(P)H-hydrate dehydratase		60880753	protein-coding		WP_102745595.1	496	GOZ73_RS06775
NZ_AP021898.1	1588769	1588969		minus	translation initiation factor IF-1	infA	60880754	protein-coding		WP_031930865.1	66	GOZ73_RS06780
NZ_AP021898.1	1589520	1589948		plus	50S ribosomal protein L13	rplM	60880755	protein-coding		WP_012420274.1	142	GOZ73_RS06785
NZ_AP021898.1	1589963	1590358		plus	30S ribosomal protein S9	rpsI	60880756	protein-coding		WP_012420275.1	131	GOZ73_RS06790
NZ_AP021898.1	1590589	1591026		minus	23S rRNA (pseudouridine(1915)-N(3))-methyltransferase RlmH		60880757	protein-coding		WP_012420276.1	145	GOZ73_RS06795
NZ_AP021898.1	1591033	1592601		minus	excinuclease ABC subunit UvrC		60880758	protein-coding		WP_257228889.1	522	GOZ73_RS06800
NZ_AP021898.1	1592713	1593504		plus	MotA/TolQ/ExbB proton channel family protein		60880759	protein-coding		WP_012420278.1	263	GOZ73_RS06805
NZ_AP021898.1	1593544	1593990		plus	ExbD/TolR family protein		60880760	protein-coding		WP_102745594.1	148	GOZ73_RS06810
NZ_AP021898.1	1593987	1596419		plus	tetratricopeptide repeat protein		60880761	protein-coding		WP_031930870.1	810	GOZ73_RS06815
NZ_AP021898.1	1596444	1598237		plus	transglycosylase domain-containing protein		60880762	protein-coding		WP_012420281.1	597	GOZ73_RS06820
NZ_AP021898.1	1598266	1599030		plus	inositol monophosphatase family protein		60880763	protein-coding		WP_012420282.1	254	GOZ73_RS06825
NZ_AP021898.1	1599057	1599566		plus	2-C-methyl-D-erythritol 2,4-cyclodiphosphate synthase	ispF	60880764	protein-coding		WP_012420283.1	169	GOZ73_RS06830
NZ_AP021898.1	1599816	1600547		minus	peptidoglycan recognition protein family protein		60880765	protein-coding		WP_012420284.1	243	GOZ73_RS06835
NZ_AP021898.1	1600695	1601615		minus	type I phosphomannose isomerase catalytic subunit		60880766	protein-coding		WP_102739984.1	306	GOZ73_RS06840
NZ_AP021898.1	1601715	1602962		minus	hypothetical protein		60880767	protein-coding		WP_012420286.1	415	GOZ73_RS06845
NZ_AP021898.1	1603073	1604398		minus	Na+/H+ antiporter NhaC family protein		60880768	protein-coding		WP_102739982.1	441	GOZ73_RS06850
NZ_AP021898.1	1604425	1605513		minus	GDP-L-fucose synthase family protein		60880769	protein-coding		WP_155844549.1	362	GOZ73_RS06855
NZ_AP021898.1	1605515	1606582		minus	GDP-mannose 4,6-dehydratase	gmd	60880770	protein-coding		WP_012420289.1	355	GOZ73_RS06860
NZ_AP021898.1	1606735	1607853		minus	glutamine-hydrolyzing carbamoyl-phosphate synthase small subunit	carA	60880771	protein-coding		WP_012420290.1	372	GOZ73_RS06865
NZ_AP021898.1	1607885	1611088		minus	carbamoyl-phosphate synthase large subunit	carB	60880772	protein-coding		WP_102746981.1	1067	GOZ73_RS06870
NZ_AP021898.1	1611342	1613477		minus	glutamine synthetase III family protein		60880773	protein-coding		WP_164502601.1	711	GOZ73_RS06875
NZ_AP021898.1	1613582	1613875		plus	hypothetical protein		60880774	protein-coding		WP_102743769.1	97	GOZ73_RS06880
NZ_AP021898.1	1613875	1618314		plus	glutamate synthase large subunit	gltB	60880775	protein-coding		WP_102745587.1	1479	GOZ73_RS06885
NZ_AP021898.1	1619108	1620994		minus	membrane protein insertase YidC	yidC	60880776	protein-coding		WP_102743268.1	628	GOZ73_RS06890
NZ_AP021898.1	1621051	1621299		minus	membrane protein insertion efficiency factor YidD	yidD	60880777	protein-coding		WP_102743269.1	82	GOZ73_RS06895
NZ_AP021898.1	1621296	1621667		minus	ribonuclease P protein component	rnpA	60880778	protein-coding		WP_081429145.1	123	GOZ73_RS06900
NZ_AP021898.1	1621732	1621917		minus	50S ribosomal protein L34	rpmH	60880779	protein-coding		WP_012420297.1	61	GOZ73_RS06905
NZ_AP021898.1	1622128	1624239		minus	glutamine synthetase III family protein		60880780	protein-coding		WP_102746993.1	703	GOZ73_RS06910
NZ_AP021898.1	1624649	1626826		plus	GDSL-type esterase/lipase family protein		60880781	protein-coding		WP_162378791.1	725	GOZ73_RS06915
NZ_AP021898.1	1627001	1628377		plus	amylo-alpha-1,6-glucosidase		60880782	protein-coding		WP_162378792.1	458	GOZ73_RS06920
NZ_AP021898.1	1628588	1629442		minus	D-hexose-6-phosphate mutarotase		60880783	protein-coding		WP_102746985.1	284	GOZ73_RS06925
NZ_AP021898.1	1629439	1630077		minus	pyridoxamine 5'-phosphate oxidase	pdxH	60880784	protein-coding		WP_012420302.1	212	GOZ73_RS06930
NZ_AP021898.1	1630099	1630962		minus	carboxylating nicotinate-nucleotide diphosphorylase	nadC	60880785	protein-coding		WP_022197948.1	287	GOZ73_RS06935
NZ_AP021898.1	1630977	1631870		minus	polyprenyl synthetase family protein		60880786	protein-coding		WP_022197949.1	297	GOZ73_RS06940
NZ_AP021898.1	1631909	1632919		minus	aspartate-semialdehyde dehydrogenase		60880787	protein-coding		WP_102746986.1	336	GOZ73_RS06945
NZ_AP021898.1	1633085	1633801		minus	PEP-CTERM sorting domain-containing protein		60880788	protein-coding		WP_102746987.1	238	GOZ73_RS06950
NZ_AP021898.1	1634261	1634950		minus	hypothetical protein		60880789	protein-coding		WP_012420307.1	229	GOZ73_RS06955
NZ_AP021898.1	1635052	1636431		minus	L-serine ammonia-lyase		60880790	protein-coding		WP_102746847.1	459	GOZ73_RS06960
NZ_AP021898.1	1636502	1637431		minus	thioredoxin-disulfide reductase	trxB	60880791	protein-coding		WP_012420309.1	309	GOZ73_RS06965
NZ_AP021898.1	1637428	1638351		minus	SGNH/GDSL hydrolase family protein		60880792	protein-coding		WP_102746476.1	307	GOZ73_RS06970
NZ_AP021898.1	1638695	1639240		plus	GNAT family N-acetyltransferase		60880793	protein-coding		WP_162378793.1	181	GOZ73_RS06975
NZ_AP021898.1	1639409	1640245		minus	hypothetical protein		60880794	protein-coding		WP_102746478.1	278	GOZ73_RS06980
NZ_AP021898.1	1640356	1641306		minus	hypothetical protein		60880795	protein-coding		WP_232053422.1	316	GOZ73_RS06985
NZ_AP021898.1	1641373	1642062		minus	hypothetical protein		60880796	protein-coding		WP_232053423.1	229	GOZ73_RS06990
NZ_AP021898.1	1642299	1643345		minus	hypothetical protein		60880797	protein-coding		WP_102744876.1	348	GOZ73_RS06995
NZ_AP021898.1	1643366	1645051		minus	hypothetical protein		60880798	protein-coding		WP_102744877.1	561	GOZ73_RS07000
NZ_AP021898.1	1645233	1645904		minus	TatD family hydrolase		60880799	protein-coding		WP_012420317.1	223	GOZ73_RS07005
NZ_AP021898.1	1645911	1647638		minus	cation:proton antiporter		60880800	protein-coding		WP_102744285.1	575	GOZ73_RS07010
NZ_AP021898.1	1647657	1648508		minus	phosphodiesterase YaeI	yaeI	60880801	protein-coding		WP_102744284.1	283	GOZ73_RS07015
NZ_AP021898.1	1648505	1649614		minus	aminopeptidase		60880802	protein-coding		WP_102744283.1	369	GOZ73_RS07020
NZ_AP021898.1	1649696	1650283		plus	phosphoribosylglycinamide formyltransferase	purN	60880803	protein-coding		WP_065528813.1	195	GOZ73_RS07025
NZ_AP021898.1	1650422	1651255		plus	FKBP-type peptidyl-prolyl cis-trans isomerase N-terminal domain-containing protein		60880804	protein-coding		WP_012420322.1	277	GOZ73_RS07030
NZ_AP021898.1	1651563	1660610		plus	autotransporter-associated beta strand repeat-containing protein		60880805	protein-coding		WP_155844550.1	3015	GOZ73_RS07035
NZ_AP021898.1	1661041	1663599		plus	DNA topoisomerase (ATP-hydrolyzing) subunit B	gyrB	60880806	protein-coding		WP_102745728.1	852	GOZ73_RS07040
NZ_AP021898.1	1663623	1666244		plus	DNA gyrase subunit A	gyrA	60880807	protein-coding		WP_012420326.1	873	GOZ73_RS07045
NZ_AP021898.1	1666304	1666936		plus	lactate utilization protein		60880808	protein-coding		WP_102748980.1	210	GOZ73_RS07050
NZ_AP021898.1	1666940	1668211		plus	peptidase U32 family protein		60880809	protein-coding		WP_102743398.1	423	GOZ73_RS07055
NZ_AP021898.1	1668280	1668504		minus	uncharacterized gene		60880810	pseudogene				GOZ73_RS07060
NZ_AP021898.1	1668660	1672205		plus	SUMF1/EgtB/PvdO family nonheme iron enzyme		77100530	protein-coding		WP_146018757.1	1181	GOZ73_RS12500
NZ_AP021898.1	1672220	1674082		plus	YncE family protein		60880812	protein-coding		WP_155844552.1	620	GOZ73_RS07070
NZ_AP021898.1	1674097	1675224		plus	Rid family hydrolase		60880813	protein-coding		WP_102746606.1	375	GOZ73_RS07075
NZ_AP021898.1	1675304	1675687		plus	hypothetical protein		60880814	protein-coding		WP_102744478.1	127	GOZ73_RS07080
NZ_AP021898.1	1675929	1677569		minus	NADPH-dependent assimilatory sulfite reductase hemoprotein subunit		60880815	protein-coding		WP_012420333.1	546	GOZ73_RS07085
NZ_AP021898.1	1677585	1678364		minus	ABC transporter permease		60880816	protein-coding		WP_012420334.1	259	GOZ73_RS07090
NZ_AP021898.1	1678349	1679146		minus	ABC transporter ATP-binding protein		60880817	protein-coding		WP_012420335.1	265	GOZ73_RS07095
NZ_AP021898.1	1679139	1680164		minus	ABC transporter substrate-binding protein		60880818	protein-coding		WP_232053424.1	341	GOZ73_RS07100
NZ_AP021898.1	1680199	1681926		minus	sulfate adenylyltransferase subunit CysN	cysN	60880819	protein-coding		WP_102746609.1	575	GOZ73_RS07105
NZ_AP021898.1	1681972	1682883		minus	sulfate adenylyltransferase subunit CysD	cysD	60880820	protein-coding		WP_102740564.1	303	GOZ73_RS07110
NZ_AP021898.1	1682902	1683585		minus	phosphoadenylyl-sulfate reductase		60880821	protein-coding		WP_012420339.1	227	GOZ73_RS07115
NZ_AP021898.1	1683642	1684571		minus	cysteine synthase A	cysK	60880822	protein-coding		WP_012420340.1	309	GOZ73_RS07120
NZ_AP021898.1	1685245	1685919		minus	phosphate signaling complex PhoU family protein		60880823	protein-coding		WP_102746610.1	224	GOZ73_RS07125
NZ_AP021898.1	1685945	1686724		minus	phosphate ABC transporter ATP-binding protein PstB	pstB	60880824	protein-coding		WP_012420342.1	259	GOZ73_RS07130
NZ_AP021898.1	1686747	1688501		minus	phosphate ABC transporter permease PstA	pstA	60880825	protein-coding		WP_102748944.1	584	GOZ73_RS07135
NZ_AP021898.1	1688539	1690893		minus	ABC transporter permease subunit		60880826	protein-coding		WP_102746612.1	784	GOZ73_RS07140
NZ_AP021898.1	1690985	1691947		minus	PstS family phosphate ABC transporter substrate-binding protein		60880827	protein-coding		WP_102744719.1	320	GOZ73_RS07145
NZ_AP021898.1	1692150	1692932		plus	phosphate ABC transporter ATP-binding protein PstB	pstB	60880828	protein-coding		WP_031930922.1	260	GOZ73_RS07150
NZ_AP021898.1	1693118	1693765		plus	phosphate signaling complex PhoU family protein		60880829	protein-coding		WP_162378794.1	215	GOZ73_RS07155
NZ_AP021898.1	1693850	1694809		minus	aldose epimerase family protein		60880830	protein-coding		WP_102746614.1	319	GOZ73_RS07160
NZ_AP021898.1	1694845	1695324		minus	outer membrane lipoprotein		60880831	protein-coding		WP_012420349.1	159	GOZ73_RS07165
NZ_AP021898.1	1695470	1695712		minus	hypothetical protein		60880832	protein-coding		WP_012420350.1	80	GOZ73_RS07170
NZ_AP021898.1	1695951	1698473		plus	M16 family metallopeptidase		60880833	protein-coding		WP_102744483.1	840	GOZ73_RS07175
NZ_AP021898.1	1698636	1699253		plus	HD domain-containing protein		60880834	protein-coding		WP_065528826.1	205	GOZ73_RS07180
NZ_AP021898.1	1699246	1699815		plus	sugar O-acetyltransferase		60880835	protein-coding		WP_102748221.1	189	GOZ73_RS07185
NZ_AP021898.1	1699879	1700103		minus	uncharacterized gene		90133978	pseudogene				GOZ73_RS12580
NZ_AP021898.1	1700110	1701015		minus	DMT family transporter		60880836	protein-coding		WP_065528828.1	301	GOZ73_RS07195
NZ_AP021898.1	1701026	1701655		minus	nitroreductase family protein		60880837	protein-coding		WP_065528829.1	209	GOZ73_RS07200
NZ_AP021898.1	1701764	1702699		minus	radical SAM mobile pair protein B		60880838	protein-coding		WP_065528830.1	311	GOZ73_RS07205
NZ_AP021898.1	1702696	1703610		minus	DUF1848 domain-containing protein		60880839	protein-coding		WP_065528831.1	304	GOZ73_RS07210
NZ_AP021898.1	1703607	1704068		minus	MarR family winged helix-turn-helix transcriptional regulator		60880840	protein-coding		WP_065528832.1	153	GOZ73_RS07215
NZ_AP021898.1	1704803	1705123		minus	bactofilin family protein		60880841	protein-coding		WP_012420356.1	106	GOZ73_RS07220
NZ_AP021898.1	1705148	1705714		minus	ribosome recycling factor	frr	60880842	protein-coding		WP_012420357.1	188	GOZ73_RS07225
NZ_AP021898.1	1705766	1706491		minus	UMP kinase	pyrH	60880843	protein-coding		WP_012420358.1	241	GOZ73_RS07230
NZ_AP021898.1	1706558	1707451		minus	mechanosensitive ion channel family protein		60880844	protein-coding		WP_157759295.1	297	GOZ73_RS07235
NZ_AP021898.1	1707738	1708361		minus	peroxiredoxin		60880845	protein-coding		WP_012420360.1	207	GOZ73_RS07240
NZ_AP021898.1	1708496	1710205		plus	SLC5/6 family protein		60880846	protein-coding		WP_162288243.1	569	GOZ73_RS07245
NZ_AP021898.1	1710310	1711869		plus	translocation/assembly module TamB domain-containing protein		60880847	protein-coding		WP_065528835.1	519	GOZ73_RS07250
NZ_AP021898.1	1711884	1712108		plus	S1 domain-containing protein		60880848	protein-coding		WP_012420363.1	74	GOZ73_RS07255
NZ_AP021898.1	1712276	1712884		minus	recombination mediator RecR	recR	60880849	protein-coding		WP_012420364.1	202	GOZ73_RS07260
NZ_AP021898.1	1712877	1713326		minus	hypothetical protein		60880850	protein-coding		WP_031930938.1	149	GOZ73_RS07265
NZ_AP021898.1	1713414	1714661		minus	beta-ketoacyl-ACP synthase II	fabF	60880851	protein-coding		WP_012420366.1	415	GOZ73_RS07270
NZ_AP021898.1	1714935	1715486		minus	peptide-methionine (R)-S-oxide reductase		60880852	protein-coding		WP_232053426.1	183	GOZ73_RS07275
NZ_AP021898.1	1715561	1716640		minus	DNA polymerase IV	dinB	60880853	protein-coding		WP_065528836.1	359	GOZ73_RS07280
NZ_AP021898.1	1716827	1718146		plus	NTP/NDP exchange transporter		60880854	protein-coding		WP_065528837.1	439	GOZ73_RS07285
NZ_AP021898.1	1718863	1719708		plus	PEP-CTERM sorting domain-containing protein		60880855	protein-coding		WP_065528839.1	281	GOZ73_RS07290
NZ_AP021898.1	1719973	1720047		minus	tRNA-Arg		60880856	tRNA				GOZ73_RS07295
NZ_AP021898.1	1720200	1721312		minus	ABC transporter permease		60880857	protein-coding		WP_031930953.1	370	GOZ73_RS07300
NZ_AP021898.1	1721317	1722423		minus	ABC transporter permease		60880858	protein-coding		WP_065528840.1	368	GOZ73_RS07305
NZ_AP021898.1	1722420	1724180		minus	ATP-binding cassette domain-containing protein		60880859	protein-coding		WP_065528841.1	586	GOZ73_RS07310
NZ_AP021898.1	1724177	1725199		minus	efflux RND transporter periplasmic adaptor subunit		60880860	protein-coding		WP_065528842.1	340	GOZ73_RS07315
NZ_AP021898.1	1725333	1728161		plus	alanine--tRNA ligase	alaS	60880861	protein-coding		WP_065528843.1	942	GOZ73_RS07320
NZ_AP021898.1	1728194	1729018		plus	CDP-diacylglycerol--serine O-phosphatidyltransferase	pssA	60880862	protein-coding		WP_022198296.1	274	GOZ73_RS07325
NZ_AP021898.1	1729289	1729804		minus	hypothetical protein		60880863	protein-coding		WP_012420424.1	171	GOZ73_RS07330
NZ_AP021898.1	1729869	1730708		plus	dihydropteroate synthase	folP	60880864	protein-coding		WP_031930957.1	279	GOZ73_RS07335
NZ_AP021898.1	1730716	1733307		plus	YfhO family protein		60880865	protein-coding		WP_102746623.1	863	GOZ73_RS07340
NZ_AP021898.1	1733484	1735241		plus	(E)-4-hydroxy-3-methylbut-2-enyl-diphosphate synthase	ispG	60880866	protein-coding		WP_065528847.1	585	GOZ73_RS07345
NZ_AP021898.1	1735269	1735919		plus	SDR family NAD(P)-dependent oxidoreductase		60880867	protein-coding		WP_102740234.1	216	GOZ73_RS07350
NZ_AP021898.1	1736220	1737407		plus	acyltransferase		60880868	protein-coding		WP_102733590.1	395	GOZ73_RS07355
NZ_AP021898.1	1737463	1738746		minus	alpha/beta hydrolase family protein		60880869	protein-coding		WP_012420430.1	427	GOZ73_RS07360
NZ_AP021898.1	1738829	1740043		plus	beta-ketoacyl synthase N-terminal-like domain-containing protein		60880870	protein-coding		WP_102746624.1	404	GOZ73_RS07365
NZ_AP021898.1	1740067	1741230		plus	aminotransferase class I/II-fold pyridoxal phosphate-dependent enzyme		60880871	protein-coding		WP_012420432.1	387	GOZ73_RS07370
NZ_AP021898.1	1741483	1741938		plus	hypothetical protein		60880872	protein-coding		WP_022198284.1	151	GOZ73_RS07375
NZ_AP021898.1	1742105	1742344		plus	DUF2752 domain-containing protein		300825835	protein-coding		WP_162378795.1	79	GOZ73_RS12630
NZ_AP021898.1	1742856	1743407		plus	hypothetical protein		60880873	protein-coding		WP_131072226.1	183	GOZ73_RS07385
NZ_AP021898.1	1743678	1745471		minus	aspartate--tRNA ligase	aspS	60880874	protein-coding		WP_102746628.1	597	GOZ73_RS07390
NZ_AP021898.1	1745507	1746781		minus	histidine--tRNA ligase	hisS	60880875	protein-coding		WP_102746629.1	424	GOZ73_RS07395
NZ_AP021898.1	1747272	1748012		plus	hydrogenase nickel incorporation protein HypB	hypB	60880876	protein-coding		WP_012420437.1	246	GOZ73_RS07400
NZ_AP021898.1	1747993	1750320		plus	carbamoyltransferase HypF	hypF	60880877	protein-coding		WP_102746630.1	775	GOZ73_RS07405
NZ_AP021898.1	1750324	1750566		plus	HypC/HybG/HupF family hydrogenase formation chaperone		60880878	protein-coding		WP_046436984.1	80	GOZ73_RS07410
NZ_AP021898.1	1750600	1751667		plus	hydrogenase formation protein HypD	hypD	60880879	protein-coding		WP_102746631.1	355	GOZ73_RS07415
NZ_AP021898.1	1751672	1752706		plus	hydrogenase expression/formation protein HypE	hypE	60880880	protein-coding		WP_102746632.1	344	GOZ73_RS07420
NZ_AP021898.1	1752864	1753985		minus	tetratricopeptide repeat protein		60880881	protein-coding		WP_046436990.1	373	GOZ73_RS07425
NZ_AP021898.1	1754584	1754808		minus	hypothetical protein		60880882	protein-coding		WP_131072234.1	74	GOZ73_RS07430
NZ_AP021898.1	1754896	1756851		plus	glycosyltransferase		60881827	protein-coding		WP_197738447.1	651	GOZ73_RS12220
NZ_AP021898.1	1757156	1759084		plus	molecular chaperone DnaK	dnaK	60880883	protein-coding		WP_012420444.1	642	GOZ73_RS07440
NZ_AP021898.1	1759180	1759470		plus	co-chaperone GroES	groES	60880884	protein-coding		WP_012420445.1	96	GOZ73_RS07445
NZ_AP021898.1	1759513	1761168		plus	chaperonin GroEL	groL	60880885	protein-coding		WP_035196530.1	551	GOZ73_RS07450
NZ_AP021898.1	1761343	1761795		plus	PepSY-like domain-containing protein		60880886	protein-coding		WP_051729539.1	150	GOZ73_RS07455
NZ_AP021898.1	1761967	1764198		plus	inorganic phosphate transporter		60880887	protein-coding		WP_102740221.1	743	GOZ73_RS07460
NZ_AP021898.1	1764454	1764527		minus	tRNA-Gly		60880888	tRNA				GOZ73_RS07465
NZ_AP021898.1	1764671	1764744		plus	tRNA-Gly		60880889	tRNA				GOZ73_RS07470
NZ_AP021898.1	1764853	1765455		plus	hypothetical protein		60880890	protein-coding		WP_146020885.1	200	GOZ73_RS07475
NZ_AP021898.1	1765481	1765777		plus	hypothetical protein		60880891	protein-coding		WP_155844553.1	98	GOZ73_RS07480
NZ_AP021898.1	1765848	1766696		plus	hypothetical protein		60880892	protein-coding		WP_155844554.1	282	GOZ73_RS07485
NZ_AP021898.1	1766789	1768996		plus	polysaccharide biosynthesis tyrosine autokinase		60880893	protein-coding		WP_012420451.1	735	GOZ73_RS07490
NZ_AP021898.1	1769008	1769613		plus	polysaccharide biosynthesis/export family protein		60880894	protein-coding		WP_012420452.1	201	GOZ73_RS07495
NZ_AP021898.1	1770201	1770734		plus	hypothetical protein		60880895	protein-coding		WP_012420453.1	177	GOZ73_RS07500
NZ_AP021898.1	1770800	1771393		plus	Holliday junction branch migration protein RuvA	ruvA	60880896	protein-coding		WP_042449043.1	197	GOZ73_RS07505
NZ_AP021898.1	1771620	1772645		plus	type I glyceraldehyde-3-phosphate dehydrogenase	gap	60880897	protein-coding		WP_012420455.1	341	GOZ73_RS07510
NZ_AP021898.1	1772813	1774024		plus	phosphoglycerate kinase		60880898	protein-coding		WP_087393142.1	403	GOZ73_RS07515
NZ_AP021898.1	1774265	1775248		plus	TraB/GumN family protein		60880899	protein-coding		WP_102743430.1	327	GOZ73_RS07520
NZ_AP021898.1	1775382	1777331		minus	glycoside hydrolase family 97 protein		60880900	protein-coding		WP_162378796.1	649	GOZ73_RS07525
NZ_AP021898.1	1777823	1780285		plus	protein kinase domain-containing protein		60880901	protein-coding		WP_162378797.1	820	GOZ73_RS07530
NZ_AP021898.1	1780432	1783608		minus	transcription-repair coupling factor	mfd	60880902	protein-coding		WP_102746637.1	1058	GOZ73_RS07535
NZ_AP021898.1	1783735	1784940		minus	SHD1 domain-containing protein		60880903	protein-coding		WP_157738263.1	401	GOZ73_RS07540
NZ_AP021898.1	1784955	1787501		minus	MFS transporter		60880904	protein-coding		WP_162378798.1	848	GOZ73_RS07545
NZ_AP021898.1	1787540	1788523		minus	Kelch repeat-containing protein		60880905	protein-coding		WP_102744514.1	327	GOZ73_RS07550
NZ_AP021898.1	1788653	1789486		plus	hypothetical protein		60880906	protein-coding		WP_102744515.1	277	GOZ73_RS07555
NZ_AP021898.1	1789635	1790468		minus	histidinol-phosphatase		60880907	protein-coding		WP_232053427.1	277	GOZ73_RS07560
NZ_AP021898.1	1790589	1791680		plus	phosphate acyltransferase		60880908	protein-coding		WP_031930994.1	363	GOZ73_RS07565
NZ_AP021898.1	1791634	1792638		minus	tRNA lysidine(34) synthetase TilS	tilS	60880909	protein-coding		WP_022197569.1	334	GOZ73_RS07570
NZ_AP021898.1	1792745	1793020		minus	type B 50S ribosomal protein L31		60880910	protein-coding		WP_035196558.1	91	GOZ73_RS07575
NZ_AP021898.1	1793172	1794047		plus	hypothetical protein		60880911	protein-coding		WP_012420468.1	291	GOZ73_RS07580
NZ_AP021898.1	1794180	1794255		plus	tRNA-Phe		60880912	tRNA				GOZ73_RS07585
NZ_AP021898.1	1794291	1794367		plus	tRNA-Pro		60880913	tRNA				GOZ73_RS07590
NZ_AP021898.1	1794755	1795186		minus	copper resistance protein NlpE		60880914	protein-coding		WP_012420469.1	143	GOZ73_RS07595
NZ_AP021898.1	1795560	1795844		plus	hypothetical protein		60880915	protein-coding		WP_128153877.1	94	GOZ73_RS07600
NZ_AP021898.1	1795903	1796883		plus	Amuc_1434 family mucin 2-degrading aspartic protease		60880916	protein-coding		WP_012420471.1	326	GOZ73_RS07605
NZ_AP021898.1	1796993	1798315		minus	UDP-glucose dehydrogenase family protein		60880917	protein-coding		WP_012420472.1	440	GOZ73_RS07610
NZ_AP021898.1	1798500	1799489		plus	malate dehydrogenase		60880918	protein-coding		WP_012420473.1	329	GOZ73_RS07615
NZ_AP021898.1	1799633	1801783		plus	hypothetical protein		60880919	protein-coding		WP_102743438.1	716	GOZ73_RS07620
NZ_AP021898.1	1801802	1803712		plus	NPCBM/NEW2 domain-containing protein		60880920	protein-coding		WP_162378799.1	636	GOZ73_RS07625
NZ_AP021898.1	1803792	1806179		plus	LPS-assembly protein LptD		60880921	protein-coding		WP_102748946.1	795	GOZ73_RS07630
NZ_AP021898.1	1806524	1807171		plus	NAD(P)H-dependent oxidoreductase		60880922	protein-coding		WP_102746640.1	215	GOZ73_RS07635
NZ_AP021898.1	1807184	1807960		minus	RluA family pseudouridine synthase		60880923	protein-coding		WP_102746863.1	258	GOZ73_RS07640
NZ_AP021898.1	1807975	1808667		minus	pseudouridine synthase		60880924	protein-coding		WP_065528881.1	230	GOZ73_RS07645
NZ_AP021898.1	1808804	1810186		plus	tetratricopeptide repeat protein		60880925	protein-coding		WP_022197556.1	460	GOZ73_RS07650
NZ_AP021898.1	1810597	1811112		plus	zeta toxin family protein		60880926	protein-coding		WP_012420481.1	171	GOZ73_RS07655
NZ_AP021898.1	1811242	1811991		minus	amino acid ABC transporter ATP-binding protein		60880927	protein-coding		WP_102746641.1	249	GOZ73_RS07660
NZ_AP021898.1	1811984	1812673		minus	amino acid ABC transporter permease		90133979	protein-coding		WP_425513630.1	229	GOZ73_RS12585
NZ_AP021898.1	1812755	1813468		minus	uncharacterized gene		90133980	pseudogene				GOZ73_RS12590
NZ_AP021898.1	1814100	1815731		minus	hypothetical protein		60880929	protein-coding		WP_102744521.1	543	GOZ73_RS07670
NZ_AP021898.1	1815731	1818556		minus	phage tail protein		60880930	protein-coding		WP_102746643.1	941	GOZ73_RS07675
NZ_AP021898.1	1818676	1819653		plus	hypothetical protein		60880931	protein-coding		WP_146018762.1	325	GOZ73_RS07680
NZ_AP021898.1	1819650	1820246		minus	terminase small subunit		60880932	protein-coding		WP_102746645.1	198	GOZ73_RS07685
NZ_AP021898.1	1820239	1820547		minus	MarR family winged helix-turn-helix transcriptional regulator		60880933	protein-coding		WP_155844555.1	102	GOZ73_RS07690
NZ_AP021898.1	1820544	1821578		minus	hypothetical protein		60880934	protein-coding		WP_146018763.1	344	GOZ73_RS07695
NZ_AP021898.1	1821894	1822313		minus	hypothetical protein		60880935	protein-coding		WP_102746647.1	139	GOZ73_RS07700
NZ_AP021898.1	1822306	1822527		minus	hypothetical protein		60880936	protein-coding		WP_102746648.1	73	GOZ73_RS07705
NZ_AP021898.1	1822680	1823072		minus	hypothetical protein		60880937	protein-coding		WP_102746649.1	130	GOZ73_RS07710
NZ_AP021898.1	1823069	1824250		minus	DUF2800 domain-containing protein		60880938	protein-coding		WP_102746650.1	393	GOZ73_RS07715
NZ_AP021898.1	1824268	1825161		minus	hypothetical protein		60880939	protein-coding		WP_155844556.1	297	GOZ73_RS07720
NZ_AP021898.1	1825230	1825436		minus	hypothetical protein		60880940	protein-coding		WP_102739847.1	68	GOZ73_RS07725
NZ_AP021898.1	1825433	1825852		minus	hypothetical protein		60880941	protein-coding		WP_146018733.1	139	GOZ73_RS07730
NZ_AP021898.1	1825949	1826116		minus	hypothetical protein		60880942	protein-coding		WP_155844557.1	55	GOZ73_RS07735
NZ_AP021898.1	1826113	1826262		minus	hypothetical protein		60880943	protein-coding		WP_155844558.1	49	GOZ73_RS07740
NZ_AP021898.1	1826645	1826911		minus	hypothetical protein		60880944	protein-coding		WP_102732241.1	88	GOZ73_RS07745
NZ_AP021898.1	1826908	1827093		minus	hypothetical protein		60880945	protein-coding		WP_102732240.1	61	GOZ73_RS07750
NZ_AP021898.1	1827229	1827990		plus	S24 family peptidase		60880946	protein-coding		WP_155844559.1	253	GOZ73_RS07755
NZ_AP021898.1	1827956	1828744		plus	sce7726 family protein		60880947	protein-coding		WP_155844560.1	262	GOZ73_RS07760
NZ_AP021898.1	1828737	1829963		minus	beta family protein		60880948	protein-coding		WP_162378800.1	408	GOZ73_RS07765
NZ_AP021898.1	1829972	1830517		minus	ImmA/IrrE family metallo-endopeptidase		60880949	protein-coding		WP_155844562.1	181	GOZ73_RS07770
NZ_AP021898.1	1830523	1831125		minus	hypothetical protein		60880950	protein-coding		WP_155844563.1	200	GOZ73_RS07775
NZ_AP021898.1	1831450	1831668		plus	type II toxin-antitoxin system HicA family toxin		300825836	protein-coding		WP_102732300.1	72	GOZ73_RS12635
NZ_AP021898.1	1831872	1832654		minus	thermonuclease family protein		60880952	protein-coding		WP_162378801.1	260	GOZ73_RS07785
NZ_AP021898.1	1832884	1833183		plus	YHYH domain-containing protein		60880953	protein-coding		WP_155844564.1	99	GOZ73_RS07790
NZ_AP021898.1	1833180	1833791		plus	hypothetical protein		60880954	protein-coding		WP_102739321.1	203	GOZ73_RS07795
NZ_AP021898.1	1833825	1843493		minus	ADP-ribosyltransferase-containing protein		60880955	protein-coding		WP_155844565.1	3222	GOZ73_RS07800
NZ_AP021898.1	1843511	1845469		minus	hypothetical protein		60880956	protein-coding		WP_155844566.1	652	GOZ73_RS07805
NZ_AP021898.1	1845462	1845803		minus	hypothetical protein		60880957	protein-coding		WP_155844567.1	113	GOZ73_RS07810
NZ_AP021898.1	1845800	1846495		minus	hypothetical protein		60880958	protein-coding		WP_155844568.1	231	GOZ73_RS07815
NZ_AP021898.1	1846500	1847057		minus	hypothetical protein		60880959	protein-coding		WP_102739316.1	185	GOZ73_RS07820
NZ_AP021898.1	1847181	1847924		minus	hypothetical protein		60880960	protein-coding		WP_155844569.1	247	GOZ73_RS07825
NZ_AP021898.1	1847921	1848181		minus	hypothetical protein		60880961	protein-coding		WP_102740150.1	86	GOZ73_RS07830
NZ_AP021898.1	1848178	1849845		minus	portal protein		60880962	protein-coding		WP_155844570.1	555	GOZ73_RS07835
NZ_AP021898.1	1849864	1850154		minus	hypothetical protein		60880963	protein-coding		WP_102732225.1	96	GOZ73_RS07840
NZ_AP021898.1	1850174	1850755		minus	putative peptidoglycan-binding domain-containing protein		60880964	protein-coding		WP_232053428.1	193	GOZ73_RS07845
NZ_AP021898.1	1850752	1850940		minus	hypothetical protein		60880965	protein-coding		WP_102759584.1	62	GOZ73_RS07850
NZ_AP021898.1	1850999	1851226		minus	hypothetical protein		60880966	protein-coding		WP_022196875.1	75	GOZ73_RS07855
NZ_AP021898.1	1851231	1851701		minus	hypothetical protein		60880967	protein-coding		WP_146020687.1	156	GOZ73_RS07860
NZ_AP021898.1	1851698	1852123		minus	hypothetical protein		60880968	protein-coding		WP_155844571.1	141	GOZ73_RS07865
NZ_AP021898.1	1852126	1854507		minus	BACON domain-containing protein		60880969	protein-coding		WP_155844572.1	793	GOZ73_RS07870
NZ_AP021898.1	1854630	1855622		minus	phage capsid protein		60880970	protein-coding		WP_155844573.1	330	GOZ73_RS07875
NZ_AP021898.1	1855703	1856776		minus	site-specific integrase		60880971	protein-coding		WP_162378802.1	357	GOZ73_RS07880
NZ_AP021898.1	1856910	1856986		minus	tRNA-Pro		60880972	tRNA				GOZ73_RS07885
NZ_AP021898.1	1857089	1858132		plus	N-acetyl-gamma-glutamyl-phosphate reductase	argC	60880973	protein-coding		WP_102746659.1	347	GOZ73_RS07890
NZ_AP021898.1	1858166	1859419		plus	bifunctional glutamate N-acetyltransferase/amino-acid acetyltransferase ArgJ	argJ	60880974	protein-coding		WP_102746660.1	417	GOZ73_RS07895
NZ_AP021898.1	1859431	1859931		plus	YkgJ family cysteine cluster protein		60880975	protein-coding		WP_232053429.1	166	GOZ73_RS07900
NZ_AP021898.1	1860069	1861211		minus	SEL1-like repeat protein		60880976	protein-coding		WP_102740667.1	380	GOZ73_RS07905
NZ_AP021898.1	1861316	1862368		minus	IdeS/Mac family cysteine endopeptidase		60880977	protein-coding		WP_102746661.1	350	GOZ73_RS07910
NZ_AP021898.1	1862548	1865049		minus	excinuclease ABC subunit UvrA		60880978	protein-coding		WP_102746662.1	833	GOZ73_RS07915
NZ_AP021898.1	1865051	1865689		minus	polymer-forming cytoskeletal protein		60880979	protein-coding		WP_162378803.1	212	GOZ73_RS07920
NZ_AP021898.1	1865760	1866347		minus	bactofilin family protein		60880980	protein-coding		WP_012420491.1	195	GOZ73_RS07925
NZ_AP021898.1	1866556	1867569		plus	hypothetical protein		60880981	protein-coding		WP_102746664.1	337	GOZ73_RS07930
NZ_AP021898.1	1867620	1868054		minus	hypothetical protein		60880982	protein-coding		WP_102743450.1	144	GOZ73_RS07935
NZ_AP021898.1	1868202	1868987		plus	phosphoribosylformimino-5-aminoimidazole carboxamide ribotide isomerase	hisA	60880983	protein-coding		WP_102742697.1	261	GOZ73_RS07940
NZ_AP021898.1	1868984	1869274		plus	DUF167 domain-containing protein		60880984	protein-coding		WP_102735238.1	96	GOZ73_RS07945
NZ_AP021898.1	1869409	1869963		plus	nucleotide exchange factor GrpE		60880985	protein-coding		WP_102740132.1	184	GOZ73_RS07950
NZ_AP021898.1	1869988	1871145		plus	molecular chaperone DnaJ	dnaJ	60880986	protein-coding		WP_102744558.1	385	GOZ73_RS07955
NZ_AP021898.1	1871168	1871905		plus	16S rRNA (uracil(1498)-N(3))-methyltransferase		60880987	protein-coding		WP_102740130.1	245	GOZ73_RS07960
NZ_AP021898.1	1871927	1872919		plus	HAD hydrolase-like protein		60880988	protein-coding		WP_012420499.1	330	GOZ73_RS07965
NZ_AP021898.1	1872932	1874722		minus	right-handed parallel beta-helix repeat-containing protein		60880989	protein-coding		WP_162378804.1	596	GOZ73_RS07970
NZ_AP021898.1	1874807	1875742		minus	phytoene/squalene synthase family protein		60880990	protein-coding		WP_012420501.1	311	GOZ73_RS07975
NZ_AP021898.1	1875782	1877065		minus	signal peptidase I	lepB	60880991	protein-coding		WP_042448113.1	427	GOZ73_RS07980
NZ_AP021898.1	1877121	1878497		minus	FAD-binding oxidoreductase		60880992	protein-coding		WP_046437067.1	458	GOZ73_RS07985
NZ_AP021898.1	1878501	1879085		minus	DOMON-like domain-containing protein		60880993	protein-coding		WP_012420504.1	194	GOZ73_RS07990
NZ_AP021898.1	1879178	1879831		plus	alpha/beta hydrolase family protein		60880994	protein-coding		WP_128252583.1	217	GOZ73_RS07995
NZ_AP021898.1	1879847	1880569		minus	EpsI family protein		60880995	protein-coding		WP_012420506.1	240	GOZ73_RS08000
NZ_AP021898.1	1880584	1881534		minus	exosortase/archaeosortase family protein		60880996	protein-coding		WP_065528896.1	316	GOZ73_RS08005
NZ_AP021898.1	1881617	1882546		plus	ribose-phosphate diphosphokinase		60880997	protein-coding		WP_102744722.1	309	GOZ73_RS08010
NZ_AP021898.1	1882680	1883285		plus	50S ribosomal protein L25		60880998	protein-coding		WP_102744560.1	201	GOZ73_RS08015
NZ_AP021898.1	1883427	1884653		plus	hypothetical protein		60880999	protein-coding		WP_012420510.1	408	GOZ73_RS08020
NZ_AP021898.1	1884938	1885528		plus	imidazoleglycerol-phosphate dehydratase HisB	hisB	60881000	protein-coding		WP_102744561.1	196	GOZ73_RS08025
NZ_AP021898.1	1885534	1886142		plus	imidazole glycerol phosphate synthase subunit HisH	hisH	60881001	protein-coding		WP_102744562.1	202	GOZ73_RS08030
NZ_AP021898.1	1886539	1886823		minus	30S ribosomal protein S6	rpsF	60881002	protein-coding		WP_012420513.1	94	GOZ73_RS08035
NZ_AP021898.1	1887311	1888180		minus	4-hydroxythreonine-4-phosphate dehydrogenase PdxA	pdxA	60881003	protein-coding		WP_012420514.1	289	GOZ73_RS08040
NZ_AP021898.1	1888200	1888460		minus	hypothetical protein		60881004	protein-coding		WP_012420515.1	86	GOZ73_RS08045
NZ_AP021898.1	1888621	1889031		minus	thioredoxin domain-containing protein		60881005	protein-coding		WP_065528900.1	136	GOZ73_RS08050
NZ_AP021898.1	1889205	1890176		plus	D-alanyl-D-alanine carboxypeptidase family protein		60881006	protein-coding		WP_102744563.1	323	GOZ73_RS08055
NZ_AP021898.1	1890221	1891300		plus	6-phosphofructokinase		60881007	protein-coding		WP_012420518.1	359	GOZ73_RS08060
NZ_AP021898.1	1891375	1892544		minus	DUF805 domain-containing protein		60881008	protein-coding		WP_155844574.1	389	GOZ73_RS08065
NZ_AP021898.1	1892640	1893452		minus	zinc transporter ZupT	zupT	60881009	protein-coding		WP_065528904.1	270	GOZ73_RS08070
NZ_AP021898.1	1893503	1894522		minus	thioredoxin family protein		60881010	protein-coding		WP_162378805.1	339	GOZ73_RS08075
NZ_AP021898.1	1894536	1895540		minus	hypothetical protein		60881828	protein-coding		WP_162378806.1	334	GOZ73_RS12230
NZ_AP021898.1	1895561	1896022		minus	hypothetical protein		60881011	protein-coding		WP_012420523.1	153	GOZ73_RS08080
NZ_AP021898.1	1896131	1897405		plus	valine--pyruvate transaminase		60881012	protein-coding		WP_102746665.1	424	GOZ73_RS08090
NZ_AP021898.1	1897426	1898301		plus	YicC/YloC family endoribonuclease		60881013	protein-coding		WP_102746666.1	291	GOZ73_RS08095
NZ_AP021898.1	1898307	1898900		plus	guanylate kinase	gmk	60881014	protein-coding		WP_232053430.1	197	GOZ73_RS08100
NZ_AP021898.1	1899426	1901300		minus	SLC13 family permease		60881015	protein-coding		WP_012420527.1	624	GOZ73_RS08105
NZ_AP021898.1	1901432	1902277		plus	tRNA glutamyl-Q(34) synthetase GluQRS	gluQRS	60881016	protein-coding		WP_012420528.1	281	GOZ73_RS08110
NZ_AP021898.1	1902285	1902812		minus	hypothetical protein		60881017	protein-coding		WP_102746668.1	175	GOZ73_RS08115
NZ_AP021898.1	1902820	1903251		minus	hypothetical protein		60881018	protein-coding		WP_012420530.1	143	GOZ73_RS08120
NZ_AP021898.1	1903292	1904218		minus	1,4-dihydroxy-2-naphthoate octaprenyltransferase	menA	60881019	protein-coding		WP_031931043.1	308	GOZ73_RS08125
NZ_AP021898.1	1904238	1904945		minus	type I 3-dehydroquinate dehydratase		60881020	protein-coding		WP_102746670.1	235	GOZ73_RS08130
NZ_AP021898.1	1905276	1906100		plus	hypothetical protein		60881021	protein-coding		WP_146018769.1	274	GOZ73_RS08135
NZ_AP021898.1	1906306	1907226		minus	phage capsid protein		60881022	protein-coding		WP_128153512.1	306	GOZ73_RS08140
NZ_AP021898.1	1907452	1908141		minus	polyphenol oxidase family protein		60881023	protein-coding		WP_065528911.1	229	GOZ73_RS08145
NZ_AP021898.1	1908330	1909019		plus	outer membrane lipoprotein-sorting protein		60881024	protein-coding		WP_162378807.1	229	GOZ73_RS08150
NZ_AP021898.1	1909166	1910128		plus	polysaccharide deacetylase family protein		60881025	protein-coding		WP_065528913.1	320	GOZ73_RS08155
NZ_AP021898.1	1910377	1912758		plus	protein translocase subunit SecDF		60881026	protein-coding		WP_012420538.1	793	GOZ73_RS08160
NZ_AP021898.1	1913045	1914181		minus	EF-hand domain-containing protein		60881027	protein-coding		WP_094139325.1	378	GOZ73_RS08165
NZ_AP021898.1	1914462	1915577		minus	prepilin peptidase		60881028	protein-coding		WP_102746675.1	371	GOZ73_RS08170
NZ_AP021898.1	1915570	1916694		minus	LOG family protein		60881029	protein-coding		WP_162378808.1	374	GOZ73_RS08175
NZ_AP021898.1	1916904	1918028		plus	DNA-directed RNA polymerase subunit alpha		60881030	protein-coding		WP_012420541.1	374	GOZ73_RS08180
NZ_AP021898.1	1918065	1918475		plus	50S ribosomal protein L17	rplQ	60881031	protein-coding		WP_012420542.1	136	GOZ73_RS08185
NZ_AP021898.1	1918620	1919546		plus	ACP S-malonyltransferase	fabD	60881032	protein-coding		WP_031931055.1	308	GOZ73_RS08190
NZ_AP021898.1	1919613	1919810		minus	hypothetical protein		60881033	protein-coding		WP_087393175.1	65	GOZ73_RS08195
NZ_AP021898.1	1920011	1920706		minus	HAD family hydrolase		60881034	protein-coding		WP_102746677.1	231	GOZ73_RS08200
NZ_AP021898.1	1920693	1922087		minus	LptF/LptG family permease		60881035	protein-coding		WP_102740711.1	464	GOZ73_RS08205
NZ_AP021898.1	1922339	1923451		plus	alpha/beta hydrolase family protein		60881036	protein-coding		WP_012420547.1	370	GOZ73_RS08210
NZ_AP021898.1	1923481	1924884		plus	OmpA family protein		60881037	protein-coding		WP_162378809.1	467	GOZ73_RS08215
NZ_AP021898.1	1924875	1925750		plus	HAD family hydrolase		60881038	protein-coding		WP_102746681.1	291	GOZ73_RS08220
NZ_AP021898.1	1925893	1927836		plus	M60 family metallopeptidase		60881039	protein-coding		WP_162378810.1	647	GOZ73_RS08225
NZ_AP021898.1	1927922	1929172		plus	MFS transporter		60881040	protein-coding		WP_012420551.1	416	GOZ73_RS08230
NZ_AP021898.1	1929330	1930967		minus	SpoIIE family protein phosphatase		60881041	protein-coding		WP_094139471.1	545	GOZ73_RS08235
NZ_AP021898.1	1931098	1931784		minus	RNA polymerase sigma factor		60881042	protein-coding		WP_012420553.1	228	GOZ73_RS08240
NZ_AP021898.1	1931908	1932918		plus	endonuclease/exonuclease/phosphatase family protein		60881043	protein-coding		WP_102746683.1	336	GOZ73_RS08245
NZ_AP021898.1	1933530	1936766		plus	helicase-related protein		60881044	protein-coding		WP_087393197.1	1078	GOZ73_RS08250
NZ_AP021898.1	1936769	1937371		plus	DUF4391 domain-containing protein		60881045	protein-coding		WP_087393199.1	200	GOZ73_RS08255
NZ_AP021898.1	1937372	1939270		plus	site-specific DNA-methyltransferase		60881046	protein-coding		WP_087393201.1	632	GOZ73_RS08260
NZ_AP021898.1	1939273	1942299		plus	type III restriction-modification system endonuclease		60881047	protein-coding		WP_087393203.1	1008	GOZ73_RS08265
NZ_AP021898.1	1942574	1943284		plus	prepilin-type N-terminal cleavage/methylation domain-containing protein		60881048	protein-coding		WP_157738268.1	236	GOZ73_RS08270
NZ_AP021898.1	1943332	1944117		plus	type IV pilus modification PilV family protein		60881049	protein-coding		WP_031931070.1	261	GOZ73_RS08275
NZ_AP021898.1	1944148	1945218		plus	PulJ/GspJ family protein		60881050	protein-coding		WP_012420561.1	356	GOZ73_RS08280
NZ_AP021898.1	1945309	1946049		plus	lipoyl protein ligase domain-containing protein		60881051	protein-coding		WP_087393205.1	246	GOZ73_RS08285
NZ_AP021898.1	1946073	1947062		plus	aldo/keto reductase		60881052	protein-coding		WP_065529995.1	329	GOZ73_RS08290
NZ_AP021898.1	1947193	1949421		plus	sodium-translocating pyrophosphatase		60881053	protein-coding		WP_012420564.1	742	GOZ73_RS08295
NZ_AP021898.1	1949764	1950684		plus	hypothetical protein		60881054	protein-coding		WP_146019730.1	306	GOZ73_RS08300
NZ_AP021898.1	1950691	1951608		plus	hypothetical protein		60881055	protein-coding		WP_087393209.1	305	GOZ73_RS08305
NZ_AP021898.1	1952159	1953565		plus	anthranilate synthase component I family protein		60881056	protein-coding		WP_035196591.1	468	GOZ73_RS08310
NZ_AP021898.1	1953549	1955141		plus	anthranilate phosphoribosyltransferase	trpD	60881057	protein-coding		WP_102746684.1	530	GOZ73_RS08315
NZ_AP021898.1	1955131	1955916		plus	indole-3-glycerol phosphate synthase TrpC		60881058	protein-coding		WP_102746685.1	261	GOZ73_RS08320
NZ_AP021898.1	1955913	1956560		plus	phosphoribosylanthranilate isomerase		60881059	protein-coding		WP_102742668.1	215	GOZ73_RS08325
NZ_AP021898.1	1956557	1957729		plus	tryptophan synthase subunit beta	trpB	60881060	protein-coding		WP_102746686.1	390	GOZ73_RS08330
NZ_AP021898.1	1957752	1958531		plus	tryptophan synthase subunit alpha	trpA	60881061	protein-coding		WP_164502611.1	259	GOZ73_RS08335
NZ_AP021898.1	1958912	1968370		plus	autotransporter-associated beta strand repeat-containing protein		60881062	protein-coding		WP_146018771.1	3152	GOZ73_RS08340
NZ_AP021898.1	1968492	1968902		minus	OsmC family protein		60881063	protein-coding		WP_051729568.1	136	GOZ73_RS08345
NZ_AP021898.1	1969101	1970264		minus	homoserine O-acetyltransferase family protein		60881064	protein-coding		WP_102744584.1	387	GOZ73_RS08350
NZ_AP021898.1	1970351	1970515		minus	type B 50S ribosomal protein L36	ykgO	60881065	protein-coding		WP_065529996.1	54	GOZ73_RS08355
NZ_AP021898.1	1970803	1972728		plus	LpxL/LpxP family acyltransferase		60881066	protein-coding		WP_102746689.1	641	GOZ73_RS08360
NZ_AP021898.1	1972977	1973756		minus	pyruvate formate-lyase-activating protein	pflA	60881067	protein-coding		WP_102746690.1	259	GOZ73_RS08365
NZ_AP021898.1	1973773	1976040		minus	formate C-acetyltransferase	pflB	60881068	protein-coding		WP_102742660.1	755	GOZ73_RS08370
NZ_AP021898.1	1976321	1977103		plus	GDSL-type esterase/lipase family protein		60881069	protein-coding		WP_084042675.1	260	GOZ73_RS08375
NZ_AP021898.1	1977326	1978114		plus	GDSL-type esterase/lipase family protein		60881070	protein-coding		WP_102740089.1	262	GOZ73_RS08380
NZ_AP021898.1	1978199	1979986		plus	sialidase family protein		60881071	protein-coding		WP_065528942.1	595	GOZ73_RS08385
NZ_AP021898.1	1980000	1981352		minus	ankyrin repeat domain-containing protein		60881072	protein-coding		WP_162378811.1	450	GOZ73_RS08390
NZ_AP021898.1	1981900	1982739		plus	Cof-type HAD-IIB family hydrolase		60881073	protein-coding		WP_102746692.1	279	GOZ73_RS08395
NZ_AP021898.1	1983357	1983737		plus	NADH-quinone oxidoreductase subunit A		60881074	protein-coding		WP_012420587.1	126	GOZ73_RS08400
NZ_AP021898.1	1983958	1985118		plus	MFS transporter		60881075	protein-coding		WP_012420588.1	386	GOZ73_RS08405
NZ_AP021898.1	1985274	1986686		plus	tyrosine-type recombinase/integrase		60881076	protein-coding		WP_102746693.1	470	GOZ73_RS08410
NZ_AP021898.1	1986655	1987818		minus	hypothetical protein		60881077	protein-coding		WP_102746694.1	387	GOZ73_RS08415
NZ_AP021898.1	1988129	1988449		plus	helix-turn-helix domain-containing protein		60881078	protein-coding		WP_102746865.1	106	GOZ73_RS08420
NZ_AP021898.1	1988442	1989707		plus	type II toxin-antitoxin system HipA family toxin		60881079	protein-coding		WP_102746695.1	421	GOZ73_RS08425
NZ_AP021898.1	1989842	1990519		plus	HNH endonuclease		77100531	protein-coding		WP_102746696.1	225	GOZ73_RS12505
NZ_AP021898.1	1990686	1992089		minus	replicative DNA helicase	dnaB	60881081	protein-coding		WP_155844575.1	467	GOZ73_RS08435
NZ_AP021898.1	1992093	1992830		minus	glycosyltransferase family 2 protein		60881082	protein-coding		WP_155844576.1	245	GOZ73_RS08440
NZ_AP021898.1	1992836	1994230		minus	hypothetical protein		60881083	protein-coding		WP_155844577.1	464	GOZ73_RS08445
NZ_AP021898.1	1994232	1994468		minus	hypothetical protein		60881084	protein-coding		WP_155844578.1	78	GOZ73_RS08450
NZ_AP021898.1	1994481	1995227		minus	hypothetical protein		60881085	protein-coding		WP_155844579.1	248	GOZ73_RS08455
NZ_AP021898.1	1995229	1996899		minus	hypothetical protein		60881086	protein-coding		WP_155844580.1	556	GOZ73_RS08460
NZ_AP021898.1	1996892	1997092		minus	hypothetical protein		60881087	protein-coding		WP_155844581.1	66	GOZ73_RS08465
NZ_AP021898.1	1997089	1997472		minus	hypothetical protein		60881088	protein-coding		WP_155844582.1	127	GOZ73_RS08470
NZ_AP021898.1	1997529	1997936		minus	hypothetical protein		60881089	protein-coding		WP_155844583.1	135	GOZ73_RS08475
NZ_AP021898.1	1997933	1999750		minus	ATP synthase subunit B family protein		60881090	protein-coding		WP_155844584.1	605	GOZ73_RS08480
NZ_AP021898.1	1999755	2000156		minus	hypothetical protein		60881091	protein-coding		WP_155844585.1	133	GOZ73_RS08485
NZ_AP021898.1	2000169	2000627		minus	hypothetical protein		60881092	protein-coding		WP_155844586.1	152	GOZ73_RS08490
NZ_AP021898.1	2000624	2000995		minus	phage protein Gp36 family protein		60881093	protein-coding		WP_155844587.1	123	GOZ73_RS08495
NZ_AP021898.1	2001055	2001966		minus	hypothetical protein		60881094	protein-coding		WP_155844588.1	303	GOZ73_RS08500
NZ_AP021898.1	2002007	2002945		minus	phage protease		60881095	protein-coding		WP_155844589.1	312	GOZ73_RS08505
NZ_AP021898.1	2003002	2003544		minus	hypothetical protein		60881096	protein-coding		WP_155844590.1	180	GOZ73_RS08510
NZ_AP021898.1	2003541	2003831		minus	hypothetical protein		60881097	protein-coding		WP_155844591.1	96	GOZ73_RS08515
NZ_AP021898.1	2003828	2005291		minus	phage portal protein family protein		60881098	protein-coding		WP_162378812.1	487	GOZ73_RS08520
NZ_AP021898.1	2005306	2006721		minus	phage terminase large subunit family protein		60881099	protein-coding		WP_155844593.1	471	GOZ73_RS08525
NZ_AP021898.1	2006726	2007277		minus	hypothetical protein		60881100	protein-coding		WP_155844594.1	183	GOZ73_RS08530
NZ_AP021898.1	2007274	2007510		minus	hypothetical protein		60881101	protein-coding		WP_155844595.1	78	GOZ73_RS08535
NZ_AP021898.1	2007563	2007934		minus	hypothetical protein		60881102	protein-coding		WP_102745281.1	123	GOZ73_RS08540
NZ_AP021898.1	2007924	2008511		minus	N-acetylmuramoyl-L-alanine amidase family protein		60881103	protein-coding		WP_155844596.1	195	GOZ73_RS08545
NZ_AP021898.1	2008545	2008874		minus	hypothetical protein		60881104	protein-coding		WP_155844597.1	109	GOZ73_RS08550
NZ_AP021898.1	2008964	2009368		minus	PH domain-containing protein		60881105	protein-coding		WP_162378813.1	134	GOZ73_RS08555
NZ_AP021898.1	2009406	2009636		minus	hypothetical protein		60881106	protein-coding		WP_162378814.1	76	GOZ73_RS08560
NZ_AP021898.1	2009953	2010246		minus	helix-turn-helix domain-containing protein		60881107	protein-coding		WP_205596113.1	97	GOZ73_RS08565
NZ_AP021898.1	2010557	2010745		plus	hypothetical protein		60881108	protein-coding		WP_155844601.1	62	GOZ73_RS08570
NZ_AP021898.1	2010758	2011045		plus	helix-turn-helix domain-containing protein		60881109	protein-coding		WP_155844602.1	95	GOZ73_RS08575
NZ_AP021898.1	2011048	2011770		plus	hypothetical protein		60881110	protein-coding		WP_155844603.1	240	GOZ73_RS08580
NZ_AP021898.1	2011793	2012320		plus	host-nuclease inhibitor Gam family protein		60881111	protein-coding		WP_155844604.1	175	GOZ73_RS08585
NZ_AP021898.1	2012317	2012526		plus	hypothetical protein		60881112	protein-coding		WP_155844605.1	69	GOZ73_RS08590
NZ_AP021898.1	2012523	2012660		plus	hypothetical protein		60881113	protein-coding		WP_155844606.1	45	GOZ73_RS08595
NZ_AP021898.1	2012674	2014314		plus	hypothetical protein		60881114	protein-coding		WP_155844607.1	546	GOZ73_RS08600
NZ_AP021898.1	2014334	2015275		plus	ATP-binding protein		60881115	protein-coding		WP_155844608.1	313	GOZ73_RS08605
NZ_AP021898.1	2015272	2015538		plus	hypothetical protein		60881116	protein-coding		WP_155844609.1	88	GOZ73_RS08610
NZ_AP021898.1	2015540	2017420		plus	hypothetical protein		60881117	protein-coding		WP_155844610.1	626	GOZ73_RS08615
NZ_AP021898.1	2017417	2017713		plus	hypothetical protein		60881118	protein-coding		WP_128154826.1	98	GOZ73_RS08620
NZ_AP021898.1	2017718	2018083		plus	hypothetical protein		60881119	protein-coding		WP_128154828.1	121	GOZ73_RS08625
NZ_AP021898.1	2018148	2018867		plus	DNA-methyltransferase		60881120	protein-coding		WP_128154830.1	239	GOZ73_RS08630
NZ_AP021898.1	2019221	2019352		minus	hypothetical protein		77100532	protein-coding		WP_257228898.1	43	GOZ73_RS12510
NZ_AP021898.1	2019352	2019822		minus	hypothetical protein		60881121	protein-coding		WP_102746697.1	156	GOZ73_RS08635
NZ_AP021898.1	2019846	2020004		minus	hypothetical protein		60881122	protein-coding		WP_155844611.1	52	GOZ73_RS08640
NZ_AP021898.1	2020014	2020346		minus	hypothetical protein		60881123	protein-coding		WP_102747804.1	110	GOZ73_RS08645
NZ_AP021898.1	2020359	2021210		minus	DUF932 domain-containing protein		60881124	protein-coding		WP_162378815.1	283	GOZ73_RS08650
NZ_AP021898.1	2021330	2022079		minus	hypothetical protein		60881125	protein-coding		WP_102746700.1	249	GOZ73_RS08655
NZ_AP021898.1	2022286	2023005		minus	M48 family metallopeptidase		60881126	protein-coding		WP_102746701.1	239	GOZ73_RS08660
NZ_AP021898.1	2023014	2026133		minus	type I restriction endonuclease subunit R		60881127	protein-coding		WP_102746702.1	1039	GOZ73_RS08665
NZ_AP021898.1	2026156	2027304		minus	restriction endonuclease subunit S		60881128	protein-coding		WP_102746703.1	382	GOZ73_RS08670
NZ_AP021898.1	2027297	2029717		minus	N-6 DNA methylase		60881129	protein-coding		WP_102746704.1	806	GOZ73_RS08675
NZ_AP021898.1	2029942	2030994		plus	restriction endonuclease		60881130	protein-coding		WP_102746705.1	350	GOZ73_RS08680
NZ_AP021898.1	2031052	2031921		minus	PD-(D/E)XK nuclease family protein		60881131	protein-coding		WP_102746706.1	289	GOZ73_RS08685
NZ_AP021898.1	2031924	2032505		minus	hypothetical protein		60881132	protein-coding		WP_102746707.1	193	GOZ73_RS08690
NZ_AP021898.1	2033457	2034197		minus	GYF domain-containing protein		60881133	protein-coding		WP_102746710.1	246	GOZ73_RS08700
NZ_AP021898.1	2034328	2034936		minus	DUF4339 domain-containing protein		60881134	protein-coding		WP_162378816.1	202	GOZ73_RS08705
NZ_AP021898.1	2034951	2035742		minus	GYF domain-containing protein		60881135	protein-coding		WP_162378817.1	263	GOZ73_RS08710
NZ_AP021898.1	2035787	2036554		minus	UbiA prenyltransferase family protein		60881136	protein-coding		WP_146018772.1	255	GOZ73_RS08715
NZ_AP021898.1	2036572	2037684		minus	ankyrin repeat domain-containing protein		60881137	protein-coding		WP_162378818.1	370	GOZ73_RS08720
NZ_AP021898.1	2037755	2038162		minus	hypothetical protein		60881138	protein-coding		WP_102746715.1	135	GOZ73_RS08725
NZ_AP021898.1	2038159	2038641		minus	hypothetical protein		60881139	protein-coding		WP_146021610.1	160	GOZ73_RS08730
NZ_AP021898.1	2038832	2039188		plus	hypothetical protein		60881140	protein-coding		WP_046437188.1	118	GOZ73_RS08735
NZ_AP021898.1	2039193	2040791		plus	serine/threonine protein kinase		60881141	protein-coding		WP_102746717.1	532	GOZ73_RS08740
NZ_AP021898.1	2041210	2042001		minus	vWA domain-containing protein		60881142	protein-coding		WP_102746718.1	263	GOZ73_RS08745
NZ_AP021898.1	2042013	2042957		minus	protein kinase domain-containing protein		60881143	protein-coding		WP_162378819.1	314	GOZ73_RS08750
NZ_AP021898.1	2043486	2043570		minus	tRNA-Leu		60881144	tRNA				GOZ73_RS08755
NZ_AP021898.1	2044050	2044430		minus	hypothetical protein		60881145	protein-coding		WP_102744621.1	126	GOZ73_RS08760
NZ_AP021898.1	2044517	2046664		plus	excinuclease ABC subunit UvrB		60881146	protein-coding		WP_102744622.1	715	GOZ73_RS08765
NZ_AP021898.1	2047182	2047391		plus	50S ribosomal protein L35	rpmI	60881147	protein-coding		WP_012420592.1	69	GOZ73_RS08770
NZ_AP021898.1	2047541	2047924		plus	50S ribosomal protein L20	rplT	60881148	protein-coding		WP_022198715.1	127	GOZ73_RS08775
NZ_AP021898.1	2048548	2049993		plus	RIP metalloprotease RseP	rseP	60881149	protein-coding		WP_128252637.1	481	GOZ73_RS08780
NZ_AP021898.1	2050027	2051412		plus	DUF6056 family protein		60881150	protein-coding		WP_146018774.1	461	GOZ73_RS08785
NZ_AP021898.1	2051667	2052455		plus	PEP-CTERM sorting domain-containing protein		60881151	protein-coding		WP_102744625.1	262	GOZ73_RS08790
NZ_AP021898.1	2052669	2055836		minus	UvrD-helicase domain-containing protein		60881152	protein-coding		WP_102744626.1	1055	GOZ73_RS08795
NZ_AP021898.1	2055838	2058711		minus	PD-(D/E)XK nuclease family protein		60881153	protein-coding		WP_102746723.1	957	GOZ73_RS08800
NZ_AP021898.1	2058935	2059852		minus	DMT family transporter		60881154	protein-coding		WP_102746725.1	305	GOZ73_RS08805
NZ_AP021898.1	2060188	2066565		minus	alpha-2-macroglobulin family protein		60881155	protein-coding		WP_155844612.1	2125	GOZ73_RS08810
NZ_AP021898.1	2066703	2067890		minus	iron-containing alcohol dehydrogenase		60881156	protein-coding		WP_022198729.1	395	GOZ73_RS08815
NZ_AP021898.1	2068384	2068458		plus	tRNA-Arg		60881157	tRNA				GOZ73_RS08820
NZ_AP021898.1	2068816	2069343		plus	methylated-DNA--[protein]-cysteine S-methyltransferase		77100533	protein-coding		WP_012420603.1	175	GOZ73_RS12515
NZ_AP021898.1	2069503	2069955		minus	hypothetical protein		60881159	protein-coding		WP_022198731.1	150	GOZ73_RS08830
NZ_AP021898.1	2070065	2070586		minus	hypothetical protein		60881160	protein-coding		WP_012420605.1	173	GOZ73_RS08835
NZ_AP021898.1	2070667	2071575		minus	hypothetical protein		60881161	protein-coding		WP_162378820.1	302	GOZ73_RS08840
NZ_AP021898.1	2071700	2072368		plus	tRNA (adenosine(37)-N6)-threonylcarbamoyltransferase complex dimerization subunit type 1 TsaB	tsaB	60881162	protein-coding		WP_162378821.1	222	GOZ73_RS08845
NZ_AP021898.1	2072441	2073583		plus	citrate/2-methylcitrate synthase		60881163	protein-coding		WP_012420608.1	380	GOZ73_RS08850
NZ_AP021898.1	2074007	2074471		minus	tRNA (cytidine(34)-2'-O)-methyltransferase		60881164	protein-coding		WP_155844615.1	154	GOZ73_RS08855
NZ_AP021898.1	2074552	2075115		plus	ribonuclease H-like domain-containing protein		60881165	protein-coding		WP_012420610.1	187	GOZ73_RS08860
NZ_AP021898.1	2075302	2075760		minus	SsrA-binding protein SmpB	smpB	60881166	protein-coding		WP_012420611.1	152	GOZ73_RS08865
NZ_AP021898.1	2075875	2076096		minus	DNA-directed RNA polymerase subunit omega		60881167	protein-coding		WP_012420612.1	73	GOZ73_RS08870
NZ_AP021898.1	2076171	2076737		minus	pseudouridine synthase		60881168	protein-coding		WP_012420613.1	188	GOZ73_RS08875
NZ_AP021898.1	2076861	2077619		plus	hypothetical protein		60881169	protein-coding		WP_162378822.1	252	GOZ73_RS08880
NZ_AP021898.1	2077723	2078178		plus	nucleoside-diphosphate kinase		60881170	protein-coding		WP_012420615.1	151	GOZ73_RS08885
NZ_AP021898.1	2078325	2079146		minus	glycosyltransferase family 2 protein		60881171	protein-coding		WP_012420616.1	273	GOZ73_RS08890
NZ_AP021898.1	2079155	2080099		minus	glycosyltransferase family 2 protein		60881172	protein-coding		WP_012420617.1	314	GOZ73_RS08895
NZ_AP021898.1	2080225	2080893		minus	prepilin-type N-terminal cleavage/methylation domain-containing protein		60881173	protein-coding		WP_012420618.1	222	GOZ73_RS08900
NZ_AP021898.1	2080912	2082180		minus	type II secretion system F family protein		60881174	protein-coding		WP_012420619.1	422	GOZ73_RS08905
NZ_AP021898.1	2082250	2083908		minus	GspE/PulE family protein		60881175	protein-coding		WP_012420620.1	552	GOZ73_RS08910
NZ_AP021898.1	2083937	2085577		minus	GspE/PulE family protein		60881176	protein-coding		WP_012420621.1	546	GOZ73_RS08915
NZ_AP021898.1	2085790	2086794		minus	tRNA dihydrouridine synthase DusB	dusB	60881177	protein-coding		WP_012420622.1	334	GOZ73_RS08920
NZ_AP021898.1	2087056	2087565		minus	YlbF family regulator		60881178	protein-coding		WP_012420623.1	169	GOZ73_RS08925
NZ_AP021898.1	2087724	2088890		minus	pyridoxal phosphate-dependent aminotransferase		60881179	protein-coding		WP_022198745.1	388	GOZ73_RS08930
NZ_AP021898.1	2089060	2090625		minus	murein biosynthesis integral membrane protein MurJ	murJ	60881180	protein-coding		WP_012420625.1	521	GOZ73_RS08935
NZ_AP021898.1	2090640	2091731		minus	adenylyltransferase/cytidyltransferase family protein		60881181	protein-coding		WP_012420626.1	363	GOZ73_RS08940
NZ_AP021898.1	2091881	2092525		minus	superoxide dismutase		60881182	protein-coding		WP_012420627.1	214	GOZ73_RS08945
NZ_AP021898.1	2092742	2094202		minus	glycoside hydrolase family 10 protein		60881183	protein-coding		WP_102743497.1	486	GOZ73_RS08950
NZ_AP021898.1	2094300	2095055		minus	nickel pincer cofactor biosynthesis protein LarB	larB	60881184	protein-coding		WP_155844617.1	251	GOZ73_RS08955
NZ_AP021898.1	2095052	2095867		minus	ATP-dependent sacrificial sulfur transferase LarE	larE	60881185	protein-coding		WP_031931122.1	271	GOZ73_RS08960
NZ_AP021898.1	2095839	2097059		minus	nickel pincer cofactor biosynthesis protein LarC	larC	60881186	protein-coding		WP_146020852.1	406	GOZ73_RS08965
NZ_AP021898.1	2097262	2098272		plus	polyprenyl synthetase family protein		60881187	protein-coding		WP_012420632.1	336	GOZ73_RS08970
NZ_AP021898.1	2098451	2099806		minus	POT family MFS transporter		60881188	protein-coding		WP_162378823.1	451	GOZ73_RS08975
NZ_AP021898.1	2099948	2101723		minus	SurA N-terminal domain-containing protein		60881189	protein-coding		WP_102744642.1	591	GOZ73_RS08980
NZ_AP021898.1	2102055	2102600		plus	putative Fe-S cluster assembly protein SufT	sufT	60881190	protein-coding		WP_012420635.1	181	GOZ73_RS08985
NZ_AP021898.1	2102607	2103080		plus	hypothetical protein		60881191	protein-coding		WP_012420636.1	157	GOZ73_RS08990
NZ_AP021898.1	2103313	2103441		minus	hypothetical protein		77100534	protein-coding		WP_256943674.1	42	GOZ73_RS12520
NZ_AP021898.1	2103468	2104352		minus	DUF3472 domain-containing protein		60881192	protein-coding		WP_012420638.1	294	GOZ73_RS09000
NZ_AP021898.1	2104710	2106092		minus	NADH-quinone oxidoreductase subunit N		60881193	protein-coding		WP_102735178.1	460	GOZ73_RS09005
NZ_AP021898.1	2106143	2107567		minus	complex I subunit 4 family protein		60881194	protein-coding		WP_012420640.1	474	GOZ73_RS09010
NZ_AP021898.1	2107590	2109422		minus	NADH-quinone oxidoreductase subunit L	nuoL	60881195	protein-coding		WP_102746730.1	610	GOZ73_RS09015
NZ_AP021898.1	2109446	2109763		minus	NADH-quinone oxidoreductase subunit NuoK	nuoK	60881196	protein-coding		WP_012420642.1	105	GOZ73_RS09020
NZ_AP021898.1	2109789	2110499		minus	NADH-quinone oxidoreductase subunit J		60881197	protein-coding		WP_102746731.1	236	GOZ73_RS09025
NZ_AP021898.1	2110528	2111091		minus	NuoI/complex I 23 kDa subunit family protein		60881198	protein-coding		WP_012420644.1	187	GOZ73_RS09030
NZ_AP021898.1	2111126	2112394		minus	complex I subunit 1/NuoH family protein		60881199	protein-coding		WP_012420645.1	422	GOZ73_RS09035
NZ_AP021898.1	2112430	2114166		minus	molybdopterin-dependent oxidoreductase		60881200	protein-coding		WP_232053432.1	578	GOZ73_RS09040
NZ_AP021898.1	2114219	2115619		minus	NADH-quinone oxidoreductase subunit NuoF	nuoF	60881201	protein-coding		WP_012420647.1	466	GOZ73_RS09045
NZ_AP021898.1	2115653	2116234		minus	NADH-quinone oxidoreductase subunit NuoE family protein		60881202	protein-coding		WP_012420648.1	193	GOZ73_RS09050
NZ_AP021898.1	2116284	2117528		minus	NADH dehydrogenase (quinone) subunit D	nuoD	60881203	protein-coding		WP_012420649.1	414	GOZ73_RS09055
NZ_AP021898.1	2117951	2119306		plus	DUF6056 family protein		60881204	protein-coding		WP_102744644.1	451	GOZ73_RS09060
NZ_AP021898.1	2119317	2120783		minus	polysaccharide deacetylase family protein		60881205	protein-coding		WP_102744645.1	488	GOZ73_RS09065
NZ_AP021898.1	2120976	2122589		plus	putative Na+/H+ antiporter		60881206	protein-coding		WP_065528973.1	537	GOZ73_RS09070
NZ_AP021898.1	2122614	2123219		plus	riboflavin synthase		60881207	protein-coding		WP_102744646.1	201	GOZ73_RS09075
NZ_AP021898.1	2123411	2124271		minus	50S ribosomal protein L11 methyltransferase		60881208	protein-coding		WP_102740061.1	286	GOZ73_RS09080
NZ_AP021898.1	2124651	2127815		plus	autotransporter family protein		60881209	protein-coding		WP_102748791.1	1054	GOZ73_RS09085
NZ_AP021898.1	2127911	2129770		minus	4-alpha-glucanotransferase		60881210	protein-coding		WP_162378824.1	619	GOZ73_RS09090
NZ_AP021898.1	2130149	2130760		plus	hypothetical protein		60881211	protein-coding		WP_022198775.1	203	GOZ73_RS09095
NZ_AP021898.1	2130875	2132233		minus	30S ribosomal protein S12 methylthiotransferase RimO	rimO	60881212	protein-coding		WP_022198776.1	452	GOZ73_RS09100
NZ_AP021898.1	2132260	2133696		minus	NfeD family protein		60881213	protein-coding		WP_022198777.1	478	GOZ73_RS09105
NZ_AP021898.1	2133876	2135675		plus	DNA primase	dnaG	60881214	protein-coding		WP_162378825.1	599	GOZ73_RS09110
NZ_AP021898.1	2135735	2137801		plus	RNA polymerase sigma factor RpoD	rpoD	87984270	protein-coding		WP_102742602.1	688	GOZ73_RS12545
NZ_AP021898.1	2137840	2138580		plus	M15 family metallopeptidase		60881216	protein-coding		WP_102740787.1	246	GOZ73_RS09120
NZ_AP021898.1	2138761	2139222		plus	hypothetical protein		60881217	protein-coding		WP_102746735.1	153	GOZ73_RS09125
NZ_AP021898.1	2139298	2139813		plus	hypothetical protein		60881218	protein-coding		WP_102746736.1	171	GOZ73_RS09130
NZ_AP021898.1	2140013	2141701		minus	ribose 5-phosphate isomerase B	rpiB	60881219	protein-coding		WP_099421501.1	562	GOZ73_RS09135
NZ_AP021898.1	2141877	2144096		minus	carboxy terminal-processing peptidase		60881220	protein-coding		WP_232053433.1	739	GOZ73_RS09140
NZ_AP021898.1	2144089	2144619		plus	hypothetical protein		60881221	protein-coding		WP_102746737.1	176	GOZ73_RS09145
NZ_AP021898.1	2144619	2145584		plus	phosphatidate cytidylyltransferase		60881222	protein-coding		WP_031931152.1	321	GOZ73_RS09150
NZ_AP021898.1	2145621	2148206		plus	ATP-dependent helicase HrpB	hrpB	60881223	protein-coding		WP_102746738.1	861	GOZ73_RS09155
NZ_AP021898.1	2148321	2150561		plus	inorganic phosphate transporter		60881224	protein-coding		WP_022198789.1	746	GOZ73_RS09160
NZ_AP021898.1	2151065	2152363		plus	TlpA family protein disulfide reductase		60881225	protein-coding		WP_102746739.1	432	GOZ73_RS09165
NZ_AP021898.1	2152372	2153754		plus	CCA tRNA nucleotidyltransferase		60881226	protein-coding		WP_232053434.1	460	GOZ73_RS09170
NZ_AP021898.1	2153781	2155550		plus	alpha-amylase family glycosyl hydrolase		60881227	protein-coding		WP_102746741.1	589	GOZ73_RS09175
NZ_AP021898.1	2155686	2158187		plus	Amuc_1098 family type IV pilus outer membrane protein		60881228	protein-coding		WP_162378827.1	833	GOZ73_RS09180
NZ_AP021898.1	2158266	2159849		plus	AsmA family protein		60881229	protein-coding		WP_146018777.1	527	GOZ73_RS09185
NZ_AP021898.1	2159865	2160593		plus	lysophospholipid acyltransferase family protein		60881230	protein-coding		WP_012420675.1	242	GOZ73_RS09190
NZ_AP021898.1	2160566	2161441		plus	bifunctional methylenetetrahydrofolate dehydrogenase/methenyltetrahydrofolate cyclohydrolase FolD	folD	60881231	protein-coding		WP_022198797.1	291	GOZ73_RS09195
NZ_AP021898.1	2161509	2162291		plus	enoyl-ACP reductase FabI		60881232	protein-coding		WP_102746742.1	260	GOZ73_RS09200
NZ_AP021898.1	2162434	2163291		minus	diacylglycerol/lipid kinase family protein		60881233	protein-coding		WP_022198799.1	285	GOZ73_RS09205
NZ_AP021898.1	2163288	2164427		minus	transglutaminase-like domain-containing protein		60881234	protein-coding		WP_051729595.1	379	GOZ73_RS09210
NZ_AP021898.1	2164440	2165486		minus	tRNA dihydrouridine synthase		60881235	protein-coding		WP_051729597.1	348	GOZ73_RS09215
NZ_AP021898.1	2165569	2166768		plus	4-hydroxy-3-methylbut-2-enyl diphosphate reductase		60881236	protein-coding		WP_012420681.1	399	GOZ73_RS09220
NZ_AP021898.1	2166905	2167126		minus	hypothetical protein		60881237	protein-coding		WP_022198802.1	73	GOZ73_RS09225
NZ_AP021898.1	2167207	2167470		minus	30S ribosomal protein S20	rpsT	60881238	protein-coding		WP_012420682.1	87	GOZ73_RS09230
NZ_AP021898.1	2167631	2168239		plus	HAD family hydrolase		60881239	protein-coding		WP_102744662.1	202	GOZ73_RS09235
NZ_AP021898.1	2168389	2170242		plus	biosynthetic-type acetolactate synthase large subunit	ilvB	60881240	protein-coding		WP_102744728.1	617	GOZ73_RS09240
NZ_AP021898.1	2170749	2171645		plus	phosphatidylserine decarboxylase		60881241	protein-coding		WP_102744663.1	298	GOZ73_RS09245
NZ_AP021898.1	2171770	2172423		minus	ribulose-phosphate 3-epimerase	rpe	60881242	protein-coding		WP_065529003.1	217	GOZ73_RS09250
NZ_AP021898.1	2172448	2175021		minus	leucine--tRNA ligase	leuS	60881243	protein-coding		WP_012420688.1	857	GOZ73_RS09255
NZ_AP021898.1	2175192	2176877		plus	sulfatase		60881244	protein-coding		WP_232053435.1	561	GOZ73_RS09260
NZ_AP021898.1	2177193	2177939		minus	hypothetical protein		60881245	protein-coding		WP_128153903.1	248	GOZ73_RS09265
NZ_AP021898.1	2178161	2179363		plus	carboxynorspermidine decarboxylase	nspC	60881246	protein-coding		WP_022198810.1	400	GOZ73_RS09270
NZ_AP021898.1	2179387	2181324		plus	biosynthetic arginine decarboxylase	speA	60881247	protein-coding		WP_012420692.1	645	GOZ73_RS09275
NZ_AP021898.1	2181395	2182489		minus	tyrosine-type recombinase/integrase		60881248	protein-coding		WP_157738271.1	364	GOZ73_RS09280
NZ_AP021898.1	2182813	2184951		plus	glycoside hydrolase family 2 protein		60881249	protein-coding		WP_102737884.1	712	GOZ73_RS09285
NZ_AP021898.1	2184974	2188843		plus	glycoside hydrolase family 2 TIM barrel-domain containing protein		60881250	protein-coding		WP_155844619.1	1289	GOZ73_RS09290
NZ_AP021898.1	2188997	2191573		plus	glycoside hydrolase family 2 protein		60881251	protein-coding		WP_162378828.1	858	GOZ73_RS09295
NZ_AP021898.1	2191568	2192947		minus	replication-associated recombination protein A		60881252	protein-coding		WP_232053436.1	459	GOZ73_RS09300
NZ_AP021898.1	2193122	2194762		plus	beta-N-acetylhexosaminidase		60881253	protein-coding		WP_269149316.1	546	GOZ73_RS09305
NZ_AP021898.1	2194822	2195817		minus	hypothetical protein		60881254	protein-coding		WP_155844623.1	331	GOZ73_RS09310
NZ_AP021898.1	2196331	2197575		minus	6-phosphofructokinase		60881255	protein-coding		WP_012420704.1	414	GOZ73_RS09315
NZ_AP021898.1	2197740	2198651		minus	sialate O-acetylesterase		60881256	protein-coding		WP_153950547.1	303	GOZ73_RS09320
NZ_AP021898.1	2198786	2199886		minus	substrate-binding domain-containing protein		60881257	protein-coding		WP_081863700.1	366	GOZ73_RS09325
NZ_AP021898.1	2200284	2200568		plus	hypothetical protein		60881258	protein-coding		WP_102740822.1	94	GOZ73_RS09330
NZ_AP021898.1	2200828	2200910		minus	tRNA-Leu		60881259	tRNA				GOZ73_RS09335
NZ_AP021898.1	2201094	2202125		minus	tyrosine-type recombinase/integrase		60881260	protein-coding		WP_155844624.1	343	GOZ73_RS09340
NZ_AP021898.1	2202271	2204334		plus	Eco57I restriction-modification methylase domain-containing protein		60881840	protein-coding		WP_197738450.1	687	GOZ73_RS12300
NZ_AP021898.1	2204350	2207682		plus	DEAD/DEAH box helicase family protein		60881261	protein-coding		WP_102744673.1	1110	GOZ73_RS09350
NZ_AP021898.1	2207815	2208405		minus	bifunctional adenosylcobinamide kinase/adenosylcobinamide-phosphate guanylyltransferase		60881262	protein-coding		WP_102742533.1	196	GOZ73_RS09355
NZ_AP021898.1	2208380	2209195		minus	cobamide remodeling phosphodiesterase CbiR	cbiR	60881263	protein-coding		WP_162378829.1	271	GOZ73_RS09360
NZ_AP021898.1	2209192	2209932		minus	adenosylcobinamide-GDP ribazoletransferase	cobS	60881264	protein-coding		WP_031931181.1	246	GOZ73_RS09365
NZ_AP021898.1	2209952	2210992		minus	nicotinate-nucleotide--dimethylbenzimidazole phosphoribosyltransferase	cobT	60881265	protein-coding		WP_102744674.1	346	GOZ73_RS09370
NZ_AP021898.1	2210998	2211981		minus	adenosylcobinamide-phosphate synthase CbiB	cbiB	60881266	protein-coding		WP_102744675.1	327	GOZ73_RS09375
NZ_AP021898.1	2211985	2214561		minus	cobyric acid synthase		60881267	protein-coding		WP_102746747.1	858	GOZ73_RS09380
NZ_AP021898.1	2215080	2217086		plus	TonB-dependent receptor plug domain-containing protein		60881268	protein-coding		WP_102744678.1	668	GOZ73_RS09385
NZ_AP021898.1	2217236	2219350		plus	extracellular solute-binding protein		60881269	protein-coding		WP_102744679.1	704	GOZ73_RS09390
NZ_AP021898.1	2219449	2221791		plus	beta-galactosidase		60881270	protein-coding		WP_012420719.1	780	GOZ73_RS09395
NZ_AP021898.1	2222316	2223746		plus	AIPR family protein		60881271	protein-coding		WP_102744680.1	476	GOZ73_RS09400
NZ_AP021898.1	2223992	2224594		minus	porin family protein		60881272	protein-coding		WP_157759309.1	200	GOZ73_RS09405
NZ_AP021898.1	2224741	2226063		plus	amidohydrolase family protein		60881273	protein-coding		WP_162378830.1	440	GOZ73_RS09410
NZ_AP021898.1	2226210	2227598		plus	dihydrolipoyl dehydrogenase	lpdA	60881274	protein-coding		WP_102744682.1	462	GOZ73_RS09415
NZ_AP021898.1	2227652	2228059		plus	nucleotidyltransferase substrate binding protein		60881275	protein-coding		WP_102744683.1	135	GOZ73_RS09420
NZ_AP021898.1	2228017	2228367		plus	nucleotidyltransferase family protein		60881276	protein-coding		WP_042448236.1	116	GOZ73_RS09425
NZ_AP021898.1	2228743	2229834		minus	dihydrolipoyllysine-residue succinyltransferase	sucB	60881277	protein-coding		WP_102744685.1	363	GOZ73_RS09430
NZ_AP021898.1	2229850	2232615		minus	2-oxoglutarate dehydrogenase E1 component		60881278	protein-coding		WP_102746748.1	921	GOZ73_RS09435
NZ_AP021898.1	2232679	2233716		minus	cytochrome d ubiquinol oxidase subunit II	cydB	60881279	protein-coding		WP_102746749.1	345	GOZ73_RS09440
NZ_AP021898.1	2233739	2235118		minus	cytochrome ubiquinol oxidase subunit I		60881280	protein-coding		WP_012420728.1	459	GOZ73_RS09445
NZ_AP021898.1	2235270	2235740		minus	L,D-transpeptidase		60881281	protein-coding		WP_012420729.1	156	GOZ73_RS09450
NZ_AP021898.1	2235767	2236222		minus	low molecular weight protein arginine phosphatase		60881282	protein-coding		WP_012420730.1	151	GOZ73_RS09455
NZ_AP021898.1	2236219	2237688		minus	hypothetical protein		60881283	protein-coding		WP_102746750.1	489	GOZ73_RS09460
NZ_AP021898.1	2237707	2238645		minus	aminoglycoside phosphotransferase family protein		60881284	protein-coding		WP_102746751.1	312	GOZ73_RS09465
NZ_AP021898.1	2238744	2239967		minus	tryptophan synthase subunit beta	trpB	60881285	protein-coding		WP_012420733.1	407	GOZ73_RS09470
NZ_AP021898.1	2240128	2240562		minus	MarR family winged helix-turn-helix transcriptional regulator		60881286	protein-coding		WP_012420734.1	144	GOZ73_RS09475
NZ_AP021898.1	2241930	2242439		minus	ferritin		60881287	protein-coding		WP_065529034.1	169	GOZ73_RS09480
NZ_AP021898.1	2242542	2244185		minus	hypothetical protein		60881288	protein-coding		WP_102744690.1	547	GOZ73_RS09485
NZ_AP021898.1	2244330	2244800		plus	RidA family protein		60881289	protein-coding		WP_094140109.1	156	GOZ73_RS09490
NZ_AP021898.1	2244870	2244952		plus	tRNA-Leu		60881290	tRNA				GOZ73_RS09495
NZ_AP021898.1	2245304	2245969		plus	SanA/YdcF family protein		60881291	protein-coding		WP_257228955.1	221	GOZ73_RS09500
NZ_AP021898.1	2246609	2247601		minus	alkaline phosphatase family protein		60881292	protein-coding		WP_102740851.1	330	GOZ73_RS09505
NZ_AP021898.1	2248203	2248610		plus	hypothetical protein		60881293	protein-coding		WP_046435653.1	135	GOZ73_RS09510
NZ_AP021898.1	2249044	2249403		minus	transfer-messenger RNA	ssrA	60881294	other				GOZ73_RS09515
NZ_AP021898.1	2249485	2249561		minus	tRNA-Arg		60881295	tRNA				GOZ73_RS09520
NZ_AP021898.1	2249775	2251925		plus	RecQ family ATP-dependent DNA helicase		60881296	protein-coding		WP_022197061.1	716	GOZ73_RS09525
NZ_AP021898.1	2252285	2252377		plus	tRNA-Ser		60881297	tRNA				GOZ73_RS09530
NZ_AP021898.1	2252939	2253661		plus	hypothetical protein		60881298	protein-coding		WP_128191142.1	240	GOZ73_RS09535
NZ_AP021898.1	2253857	2254744		minus	succinate--CoA ligase subunit alpha	sucD	60881299	protein-coding		WP_031931203.1	295	GOZ73_RS09540
NZ_AP021898.1	2254766	2255947		minus	ADP-forming succinate--CoA ligase subunit beta	sucC	60881300	protein-coding		WP_022197064.1	393	GOZ73_RS09545
NZ_AP021898.1	2256149	2257447		plus	histidinol dehydrogenase	hisD	60881301	protein-coding		WP_022197065.1	432	GOZ73_RS09550
NZ_AP021898.1	2257462	2257701		minus	hypothetical protein		60881302	protein-coding		WP_128153530.1	79	GOZ73_RS09555
NZ_AP021898.1	2257712	2258608		plus	bile acid:sodium symporter family protein		60881303	protein-coding		WP_022197066.1	298	GOZ73_RS09560
NZ_AP021898.1	2258826	2260493		plus	tetratricopeptide repeat protein		60881304	protein-coding		WP_022197067.1	555	GOZ73_RS09565
NZ_AP021898.1	2260571	2262163		plus	tetratricopeptide repeat protein		60881305	protein-coding		WP_102742514.1	530	GOZ73_RS09570
NZ_AP021898.1	2262530	2262856		minus	hypothetical protein		60881306	protein-coding		WP_012420751.1	108	GOZ73_RS09575
NZ_AP021898.1	2262998	2264362		minus	exodeoxyribonuclease VII large subunit	xseA	60881307	protein-coding		WP_046435641.1	454	GOZ73_RS09580
NZ_AP021898.1	2264366	2266447		minus	AMP-binding protein		60881308	protein-coding		WP_162378832.1	693	GOZ73_RS09585
NZ_AP021898.1	2266767	2267027		plus	autotransporter domain-containing protein		60881309	protein-coding		WP_094140089.1	86	GOZ73_RS09590
NZ_AP021898.1	2267491	2273019		plus	autotransporter outer membrane beta-barrel domain-containing protein		60881310	protein-coding		WP_155844625.1	1842	GOZ73_RS09595
NZ_AP021898.1	2273488	2279349		plus	autotransporter domain-containing protein		60881311	protein-coding		WP_155844626.1	1953	GOZ73_RS09600
NZ_AP021898.1	2279672	2280421		minus	acyl-[acyl-carrier-protein] thioesterase		60881312	protein-coding		WP_046435629.1	249	GOZ73_RS09605
NZ_AP021898.1	2280602	2281534		minus	UDP-glucuronic acid decarboxylase family protein		60881313	protein-coding		WP_094139167.1	310	GOZ73_RS09610
NZ_AP021898.1	2281774	2283411		minus	sensor histidine kinase		60881314	protein-coding		WP_102738850.1	545	GOZ73_RS09615
NZ_AP021898.1	2283415	2284119		minus	response regulator transcription factor		60881315	protein-coding		WP_012420760.1	234	GOZ73_RS09620
NZ_AP021898.1	2284220	2284666		minus	hypothetical protein		60881316	protein-coding		WP_146020883.1	148	GOZ73_RS09625
NZ_AP021898.1	2284648	2285640		minus	porphobilinogen synthase	hemB	60881317	protein-coding		WP_164502612.1	330	GOZ73_RS09630
NZ_AP021898.1	2285698	2287320		minus	hypothetical protein		60881318	protein-coding		WP_102738852.1	540	GOZ73_RS09635
NZ_AP021898.1	2287580	2289472		plus	threonine--tRNA ligase	thrS	60881319	protein-coding		WP_102748939.1	630	GOZ73_RS09640
NZ_AP021898.1	2289512	2290150		plus	translation initiation factor IF-3	infC	60881320	protein-coding		WP_094136305.1	212	GOZ73_RS09645
NZ_AP021898.1	2290542	2292881		plus	EcoAI/FtnUII family type I restriction enzme subunit R	hsdR	60881321	protein-coding		WP_102748940.1	779	GOZ73_RS09650
NZ_AP021898.1	2292885	2294366		plus	class I SAM-dependent DNA methyltransferase		60881322	protein-coding		WP_102741079.1	493	GOZ73_RS09655
NZ_AP021898.1	2294366	2295901		plus	restriction endonuclease subunit S		60881323	protein-coding		WP_155844627.1	511	GOZ73_RS09660
NZ_AP021898.1	2295943	2296752		plus	tyrosine-type recombinase/integrase		60881324	protein-coding		WP_102741082.1	269	GOZ73_RS09665
NZ_AP021898.1	2296798	2297295		minus	restriction endonuclease subunit S		60881325	protein-coding		WP_102748941.1	165	GOZ73_RS09670
NZ_AP021898.1	2297314	2298738		minus	restriction endonuclease subunit S		60881326	protein-coding		WP_155844628.1	474	GOZ73_RS09675
NZ_AP021898.1	2298811	2300040		minus	DUF418 domain-containing protein		60881327	protein-coding		WP_102748943.1	409	GOZ73_RS09680
NZ_AP021898.1	2300045	2301220		minus	1-deoxy-D-xylulose-5-phosphate reductoisomerase		60881328	protein-coding		WP_102746485.1	391	GOZ73_RS09685
NZ_AP021898.1	2301508	2302017		plus	pantetheine-phosphate adenylyltransferase	coaD	60881329	protein-coding		WP_102742077.1	169	GOZ73_RS09690
NZ_AP021898.1	2302042	2302404		minus	peptide chain release factor family protein		60881330	protein-coding		WP_102746486.1	120	GOZ73_RS09695
NZ_AP021898.1	2302391	2302945		minus	hypothetical protein		60881331	protein-coding		WP_102746487.1	184	GOZ73_RS09700
NZ_AP021898.1	2302932	2304317		minus	UTP--glucose-1-phosphate uridylyltransferase		60881332	protein-coding		WP_102746488.1	461	GOZ73_RS09705
NZ_AP021898.1	2304416	2305159		minus	methyltransferase domain-containing protein		60881333	protein-coding		WP_102746489.1	247	GOZ73_RS09710
NZ_AP021898.1	2305315	2306163		plus	hypothetical protein		60881334	protein-coding		WP_102746490.1	282	GOZ73_RS09715
NZ_AP021898.1	2306263	2306859		plus	tetratricopeptide repeat protein		60881335	protein-coding		WP_102746491.1	198	GOZ73_RS09720
NZ_AP021898.1	2307154	2308086		plus	LicD family protein		60881336	protein-coding		WP_162378833.1	310	GOZ73_RS09725
NZ_AP021898.1	2308083	2309438		plus	Gfo/Idh/MocA family oxidoreductase		60881337	protein-coding		WP_102746493.1	451	GOZ73_RS09730
NZ_AP021898.1	2309536	2310585		minus	NAD/NADP-dependent octopine/nopaline dehydrogenase family protein		60881338	protein-coding		WP_102746494.1	349	GOZ73_RS09735
NZ_AP021898.1	2310585	2312477		minus	aminotransferase class I/II-fold pyridoxal phosphate-dependent enzyme		60881339	protein-coding		WP_102746495.1	630	GOZ73_RS09740
NZ_AP021898.1	2312913	2313929		plus	LicD family protein		77100535	protein-coding		WP_102746496.1	338	GOZ73_RS12525
NZ_AP021898.1	2314015	2316051		plus	alpha amylase C-terminal domain-containing protein		60881341	protein-coding		WP_102746849.1	678	GOZ73_RS09750
NZ_AP021898.1	2316177	2316557		minus	PEGA domain-containing protein		60881342	protein-coding		WP_012420784.1	126	GOZ73_RS09755
NZ_AP021898.1	2316572	2316991		minus	SufE family protein		60881343	protein-coding		WP_012420785.1	139	GOZ73_RS09760
NZ_AP021898.1	2317025	2317942		minus	ornithine carbamoyltransferase	argF	60881344	protein-coding		WP_012420786.1	305	GOZ73_RS09765
NZ_AP021898.1	2318045	2319733		minus	sulfatase		60881345	protein-coding		WP_084042709.1	562	GOZ73_RS09770
NZ_AP021898.1	2319865	2321643		minus	phosphoenolpyruvate--protein phosphotransferase	ptsP	60881346	protein-coding		WP_102746497.1	592	GOZ73_RS09775
NZ_AP021898.1	2321690	2321956		minus	HPr family phosphocarrier protein		60881347	protein-coding		WP_022197994.1	88	GOZ73_RS09780
NZ_AP021898.1	2322041	2323003		minus	HPr(Ser) kinase/phosphatase	hprK	60881348	protein-coding		WP_012420790.1	320	GOZ73_RS09785
NZ_AP021898.1	2323102	2324499		plus	dipeptidase		60881349	protein-coding		WP_084042710.1	465	GOZ73_RS09790
NZ_AP021898.1	2324507	2325385		plus	ABC transporter ATP-binding protein		60881350	protein-coding		WP_012420792.1	292	GOZ73_RS09795
NZ_AP021898.1	2325352	2325942		plus	5-formyltetrahydrofolate cyclo-ligase		60881351	protein-coding		WP_102746498.1	196	GOZ73_RS09800
NZ_AP021898.1	2325969	2327636		minus	GTPase family protein		60881352	protein-coding		WP_102746499.1	555	GOZ73_RS09805
NZ_AP021898.1	2327723	2328418		minus	YggS family pyridoxal phosphate-dependent enzyme		60881353	protein-coding		WP_102741112.1	231	GOZ73_RS09810
NZ_AP021898.1	2328429	2328986		minus	YqgE/AlgH family protein		60881354	protein-coding		WP_157738278.1	185	GOZ73_RS09815
NZ_AP021898.1	2329101	2329958		minus	L,D-transpeptidase		60881355	protein-coding		WP_102741113.1	285	GOZ73_RS09820
NZ_AP021898.1	2329969	2331486		minus	cellulose synthase family protein		60881356	protein-coding		WP_012420798.1	505	GOZ73_RS09825
NZ_AP021898.1	2331621	2332511		plus	hypothetical protein		60881357	protein-coding		WP_022198004.1	296	GOZ73_RS09830
NZ_AP021898.1	2332538	2332915		plus	ApaG domain-containing protein		60881358	protein-coding		WP_102741115.1	125	GOZ73_RS09835
NZ_AP021898.1	2333048	2336563		minus	DEAD/DEAH box helicase		60881359	protein-coding		WP_012420801.1	1171	GOZ73_RS09840
NZ_AP021898.1	2336866	2337351		plus	Lrp/AsnC family transcriptional regulator		60881360	protein-coding		WP_012420802.1	161	GOZ73_RS09845
NZ_AP021898.1	2337379	2338548		plus	aminotransferase class I/II-fold pyridoxal phosphate-dependent enzyme		60881361	protein-coding		WP_164502603.1	389	GOZ73_RS09850
NZ_AP021898.1	2338562	2339341		plus	CPBP family glutamic-type intramembrane protease		60881362	protein-coding		WP_162378834.1	259	GOZ73_RS09855
NZ_AP021898.1	2339386	2340048		plus	YdcF family protein		60881363	protein-coding		WP_102746502.1	220	GOZ73_RS09860
NZ_AP021898.1	2340132	2341709		plus	glycine--tRNA ligase		60881364	protein-coding		WP_012420806.1	525	GOZ73_RS09865
NZ_AP021898.1	2342117	2342947		plus	aldo/keto reductase		60881365	protein-coding		WP_102746503.1	276	GOZ73_RS09870
NZ_AP021898.1	2343303	2345717		minus	tetratricopeptide repeat protein		60881366	protein-coding		WP_102746505.1	804	GOZ73_RS09875
NZ_AP021898.1	2345773	2348121		minus	vWA domain-containing protein		60881367	protein-coding		WP_155844629.1	782	GOZ73_RS09880
NZ_AP021898.1	2348140	2349126		minus	VWA domain-containing protein		60881368	protein-coding		WP_012420810.1	328	GOZ73_RS09885
NZ_AP021898.1	2349133	2349747		minus	DUF4381 domain-containing protein		60881369	protein-coding		WP_065529124.1	204	GOZ73_RS09890
NZ_AP021898.1	2349766	2350656		minus	DUF58 domain-containing protein		60881370	protein-coding		WP_012420812.1	296	GOZ73_RS09895
NZ_AP021898.1	2350755	2351738		minus	AAA family ATPase		60881371	protein-coding		WP_102746507.1	327	GOZ73_RS09900
NZ_AP021898.1	2351793	2353205		minus	Asp-tRNA(Asn)/Glu-tRNA(Gln) amidotransferase subunit GatA	gatA	60881372	protein-coding		WP_022198190.1	470	GOZ73_RS09905
NZ_AP021898.1	2353260	2353553		minus	Asp-tRNA(Asn)/Glu-tRNA(Gln) amidotransferase subunit GatC	gatC	60881373	protein-coding		WP_102746508.1	97	GOZ73_RS09910
NZ_AP021898.1	2353594	2353926		minus	hypothetical protein		60881374	protein-coding		WP_012420816.1	110	GOZ73_RS09915
NZ_AP021898.1	2353923	2354540		minus	hypothetical protein		60881375	protein-coding		WP_128153536.1	205	GOZ73_RS09920
NZ_AP021898.1	2354903	2355679		plus	hypothetical protein		60881376	protein-coding		WP_146020870.1	258	GOZ73_RS09925
NZ_AP021898.1	2355676	2356887		plus	hypothetical protein		60881377	protein-coding		WP_031931258.1	403	GOZ73_RS09930
NZ_AP021898.1	2356903	2358426		plus	SUMF1/EgtB/PvdO family nonheme iron enzyme		60881378	protein-coding		WP_102745259.1	507	GOZ73_RS09935
NZ_AP021898.1	2358461	2359303		plus	hypothetical protein		60881379	protein-coding		WP_102742457.1	280	GOZ73_RS09940
NZ_AP021898.1	2359404	2360423		minus	PDZ domain-containing protein		69060661	protein-coding		WP_012420822.1	339	GOZ73_RS12435
NZ_AP021898.1	2360420	2361184		minus	S1 family peptidase		60881380	protein-coding		WP_102745258.1	254	GOZ73_RS09950
NZ_AP021898.1	2361197	2361328		minus	hypothetical protein		77100536	protein-coding		WP_012420824.1	43	GOZ73_RS12530
NZ_AP021898.1	2361516	2361590		plus	tRNA-Gly		60881381	tRNA				GOZ73_RS09955
NZ_AP021898.1	2361794	2362975		minus	acyltransferase family protein		60881382	protein-coding		WP_102745257.1	393	GOZ73_RS09960
NZ_AP021898.1	2363383	2364189		minus	LexA family protein		60881383	protein-coding		WP_102745256.1	268	GOZ73_RS09965
NZ_AP021898.1	2364300	2364617		plus	hypothetical protein		60881384	protein-coding		WP_143369183.1	105	GOZ73_RS09970
NZ_AP021898.1	2365601	2366473		plus	DUF3737 family protein		60881385	protein-coding		WP_012420829.1	290	GOZ73_RS09975
NZ_AP021898.1	2366470	2367675		plus	MalY/PatB family protein		60881386	protein-coding		WP_102741946.1	401	GOZ73_RS09980
NZ_AP021898.1	2367715	2368722		plus	DUF362 domain-containing protein		60881387	protein-coding		WP_012420831.1	335	GOZ73_RS09985
NZ_AP021898.1	2368768	2369616		plus	aldo/keto reductase		60881388	protein-coding		WP_031931271.1	282	GOZ73_RS09990
NZ_AP021898.1	2369638	2370717		plus	alpha/beta hydrolase		60881389	protein-coding		WP_102737291.1	359	GOZ73_RS09995
NZ_AP021898.1	2370760	2371878		plus	aldo/keto reductase		60881390	protein-coding		WP_102737292.1	372	GOZ73_RS10000
NZ_AP021898.1	2371969	2373105		plus	metallophosphoesterase		60881391	protein-coding		WP_162378835.1	378	GOZ73_RS10005
NZ_AP021898.1	2373292	2373870		plus	flavodoxin		60881392	protein-coding		WP_031931275.1	192	GOZ73_RS10010
NZ_AP021898.1	2373878	2374339		plus	putative quinol monooxygenase		60881393	protein-coding		WP_088358246.1	153	GOZ73_RS10015
NZ_AP021898.1	2374347	2375165		plus	carboxymuconolactone decarboxylase family protein		60881394	protein-coding		WP_166443743.1	272	GOZ73_RS10020
NZ_AP021898.1	2375362	2375919		plus	NAD(P)H-dependent oxidoreductase		60881395	protein-coding		WP_102737294.1	185	GOZ73_RS10025
NZ_AP021898.1	2376082	2376567		minus	MerR family transcriptional regulator		60881396	protein-coding		WP_012420842.1	161	GOZ73_RS10030
NZ_AP021898.1	2376771	2377253		plus	YhcH/YjgK/YiaL family protein		60881397	protein-coding		WP_102745255.1	160	GOZ73_RS10035
NZ_AP021898.1	2377323	2378801		minus	alpha-amylase		60881398	protein-coding		WP_012420844.1	492	GOZ73_RS10040
NZ_AP021898.1	2379117	2380502		minus	MATE family efflux transporter		60881399	protein-coding		WP_102737295.1	461	GOZ73_RS10045
NZ_AP021898.1	2380680	2381126		plus	hypothetical protein		60881400	protein-coding		WP_012420846.1	148	GOZ73_RS10050
NZ_AP021898.1	2381237	2383414		plus	family 20 glycosylhydrolase		60881401	protein-coding		WP_162378836.1	725	GOZ73_RS10055
NZ_AP021898.1	2383670	2384620		minus	enolase C-terminal domain-like protein		60881402	protein-coding		WP_031931284.1	316	GOZ73_RS10060
NZ_AP021898.1	2384712	2385617		plus	SDR family oxidoreductase		60881403	protein-coding		WP_162378837.1	301	GOZ73_RS10065
NZ_AP021898.1	2385614	2386915		plus	class I SAM-dependent rRNA methyltransferase		60881404	protein-coding		WP_102745254.1	433	GOZ73_RS10070
NZ_AP021898.1	2387004	2389472		plus	phage tail protein		60881405	protein-coding		WP_146018741.1	822	GOZ73_RS10075
NZ_AP021898.1	2389487	2389768		minus	KH domain-containing protein		60881406	protein-coding		WP_012420852.1	93	GOZ73_RS10080
NZ_AP021898.1	2390100	2391284		minus	class I SAM-dependent rRNA methyltransferase		60881407	protein-coding		WP_102745252.1	394	GOZ73_RS10085
NZ_AP021898.1	2391470	2392213		plus	glucosamine-6-phosphate deaminase	nagB	60881408	protein-coding		WP_102734592.1	247	GOZ73_RS10090
NZ_AP021898.1	2392590	2394230		plus	PA14 domain-containing protein		60881409	protein-coding		WP_102745251.1	546	GOZ73_RS10095
NZ_AP021898.1	2394227	2394793		plus	hypothetical protein		60881410	protein-coding		WP_102746512.1	188	GOZ73_RS10100
NZ_AP021898.1	2395063	2395209		plus	hypothetical protein		60881411	protein-coding		WP_153950733.1	48	GOZ73_RS10105
NZ_AP021898.1	2395474	2396202		minus	TlyA family RNA methyltransferase		60881412	protein-coding		WP_102745249.1	242	GOZ73_RS10110
NZ_AP021898.1	2396387	2396926		plus	DUF2062 domain-containing protein		60881413	protein-coding		WP_065529154.1	179	GOZ73_RS10115
NZ_AP021898.1	2396988	2397686		minus	pirin family protein		60881414	protein-coding		WP_065529155.1	232	GOZ73_RS10120
NZ_AP021898.1	2397894	2401055		plus	AsmA-like C-terminal region-containing protein		60881415	protein-coding		WP_162378838.1	1053	GOZ73_RS10125
NZ_AP021898.1	2401790	2402605		minus	class II aldolase/adducin family protein		60881416	protein-coding		WP_031931298.1	271	GOZ73_RS10130
NZ_AP021898.1	2402619	2404043		minus	L-fuculokinase	fucK	60881417	protein-coding		WP_102745247.1	474	GOZ73_RS10135
NZ_AP021898.1	2404068	2404364		minus	four helix bundle protein		60881418	protein-coding		WP_102739425.1	98	GOZ73_RS10140
NZ_AP021898.1	2404484	2406262		minus	L-fucose isomerase		60881419	protein-coding		WP_102746513.1	592	GOZ73_RS10145
NZ_AP021898.1	2406848	2408224		minus	uncharacterized gene		60881420	pseudogene				GOZ73_RS10150
NZ_AP021898.1	2408413	2408925		plus	hypothetical protein		60881421	protein-coding		WP_102745245.1	170	GOZ73_RS10155
NZ_AP021898.1	2409072	2411120		plus	sialidase family protein		60881422	protein-coding		WP_102745244.1	682	GOZ73_RS10160
NZ_AP021898.1	2411329	2411922		minus	RNA polymerase sigma factor		60881423	protein-coding		WP_031931301.1	197	GOZ73_RS10165
NZ_AP021898.1	2412191	2412676		plus	GNAT family N-acetyltransferase		60881424	protein-coding		WP_102737313.1	161	GOZ73_RS10170
NZ_AP021898.1	2412898	2413173		plus	metal-sensing transcriptional repressor		60881425	protein-coding		WP_012420869.1	91	GOZ73_RS10175
NZ_AP021898.1	2413304	2415181		plus	heavy metal translocating P-type ATPase		60881426	protein-coding		WP_065529160.1	625	GOZ73_RS10180
NZ_AP021898.1	2415502	2417325		plus	phosphomethylpyrimidine synthase ThiC	thiC	60881427	protein-coding		WP_102745324.1	607	GOZ73_RS10185
NZ_AP021898.1	2417464	2418369		plus	thioredoxin family protein		60881428	protein-coding		WP_163069765.1	301	GOZ73_RS10190
NZ_AP021898.1	2418465	2419079		plus	RNA polymerase sigma factor		60881429	protein-coding		WP_022198241.1	204	GOZ73_RS10195
NZ_AP021898.1	2419095	2419766		plus	hypothetical protein		60881430	protein-coding		WP_031931306.1	223	GOZ73_RS10200
NZ_AP021898.1	2419779	2419961		plus	hypothetical protein		60881829	protein-coding		WP_031931307.1	60	GOZ73_RS12240
NZ_AP021898.1	2419952	2420917		plus	S1C family serine protease		60881431	protein-coding		WP_031931308.1	321	GOZ73_RS10205
NZ_AP021898.1	2421187	2423544		plus	PDZ domain-containing protein		60881432	protein-coding		WP_102748847.1	785	GOZ73_RS10215
NZ_AP021898.1	2423582	2424910		minus	dGTP triphosphohydrolase	dgt	60881433	protein-coding		WP_102746012.1	442	GOZ73_RS10220
NZ_AP021898.1	2424970	2427171		minus	multicopper oxidase domain-containing protein		60881434	protein-coding		WP_102746514.1	733	GOZ73_RS10225
NZ_AP021898.1	2427321	2428217		minus	EamA family transporter		60881435	protein-coding		WP_162378839.1	298	GOZ73_RS10230
NZ_AP021898.1	2428330	2428404		minus	tRNA-Val		60881436	tRNA				GOZ73_RS10235
NZ_AP021898.1	2428614	2429717		plus	alanine racemase	alr	60881437	protein-coding		WP_084042723.1	367	GOZ73_RS10240
NZ_AP021898.1	2429837	2430844		minus	ABC transporter ATP-binding protein		60881438	protein-coding		WP_012420879.1	335	GOZ73_RS10245
NZ_AP021898.1	2430863	2431840		minus	ABC transporter ATP-binding protein		60881439	protein-coding		WP_012420880.1	325	GOZ73_RS10250
NZ_AP021898.1	2431844	2434093		minus	extracellular solute-binding protein		60881440	protein-coding		WP_102746515.1	749	GOZ73_RS10255
NZ_AP021898.1	2434119	2435726		minus	ABC transporter permease subunit		60881441	protein-coding		WP_102734597.1	535	GOZ73_RS10260
NZ_AP021898.1	2435732	2437087		minus	ABC transporter permease		60881442	protein-coding		WP_232053442.1	451	GOZ73_RS10265
NZ_AP021898.1	2437289	2438026		minus	metallophosphoesterase family protein		60881443	protein-coding		WP_031931318.1	245	GOZ73_RS10270
NZ_AP021898.1	2438151	2439026		minus	tetratricopeptide repeat protein		60881444	protein-coding		WP_031931319.1	291	GOZ73_RS10275
NZ_AP021898.1	2439049	2441031		minus	DUF2075 domain-containing protein		60881445	protein-coding		WP_102746517.1	660	GOZ73_RS10280
NZ_AP021898.1	2441041	2441976		minus	2-dehydropantoate 2-reductase		60881446	protein-coding		WP_102745235.1	311	GOZ73_RS10285
NZ_AP021898.1	2442003	2443625		minus	formate--tetrahydrofolate ligase		60881447	protein-coding		WP_065530015.1	540	GOZ73_RS10290
NZ_AP021898.1	2443814	2444413		minus	DUF1287 domain-containing protein		60881448	protein-coding		WP_102743870.1	199	GOZ73_RS10295
NZ_AP021898.1	2444444	2445700		minus	phosphoribosylamine--glycine ligase	purD	60881449	protein-coding		WP_102743981.1	418	GOZ73_RS10300
NZ_AP021898.1	2445929	2446402		minus	single-stranded DNA-binding protein	ssb	60881450	protein-coding		WP_232053443.1	157	GOZ73_RS10305
NZ_AP021898.1	2446622	2447839		plus	hypothetical protein		60881451	protein-coding		WP_102743872.1	405	GOZ73_RS10310
NZ_AP021898.1	2447878	2448510		plus	MotA/TolQ/ExbB proton channel family protein		60881452	protein-coding		WP_012420893.1	210	GOZ73_RS10315
NZ_AP021898.1	2448518	2448946		plus	ExbD/TolR family protein		60881453	protein-coding		WP_012420894.1	142	GOZ73_RS10320
NZ_AP021898.1	2448978	2449526		plus	peptide deformylase	def	60881454	protein-coding		WP_012420895.1	182	GOZ73_RS10325
NZ_AP021898.1	2449687	2450874		minus	glycoside hydrolase family 57 protein		60881455	protein-coding		WP_012420896.1	395	GOZ73_RS10330
NZ_AP021898.1	2450925	2452223		minus	glycosyltransferase		60881456	protein-coding		WP_012420897.1	432	GOZ73_RS10335
NZ_AP021898.1	2452549	2454840		plus	glycoside hydrolase family 31 protein		60881457	protein-coding		WP_162378840.1	763	GOZ73_RS10340
NZ_AP021898.1	2454880	2455893		minus	chorismate-binding protein		60881458	protein-coding		WP_102745233.1	337	GOZ73_RS10345
NZ_AP021898.1	2456239	2457576		plus	NrfD/PsrC family molybdoenzyme membrane anchor subunit	nrfD	60881459	protein-coding		WP_046436345.1	445	GOZ73_RS10350
NZ_AP021898.1	2457573	2458133		plus	quinol:electron acceptor oxidoreductase subunit ActD		60881460	protein-coding		WP_102745231.1	186	GOZ73_RS10355
NZ_AP021898.1	2458130	2458792		plus	c-type cytochrome		60881461	protein-coding		WP_102745230.1	220	GOZ73_RS10360
NZ_AP021898.1	2458789	2460021		plus	hypothetical protein		60881462	protein-coding		WP_102745229.1	410	GOZ73_RS10365
NZ_AP021898.1	2460018	2462345		plus	c-type cytochrome		60881463	protein-coding		WP_102745228.1	775	GOZ73_RS10370
NZ_AP021898.1	2462565	2462945		plus	hypothetical protein		60881464	protein-coding		WP_146018742.1	126	GOZ73_RS10375
NZ_AP021898.1	2462978	2463238		minus	uncharacterized gene		90133981	pseudogene				GOZ73_RS12595
NZ_AP021898.1	2463391	2464512		plus	acyltransferase		60881465	protein-coding		WP_155844632.1	373	GOZ73_RS10385
NZ_AP021898.1	2464597	2465844		minus	NADP-dependent isocitrate dehydrogenase	icd	60881466	protein-coding		WP_102745321.1	415	GOZ73_RS10390
NZ_AP021898.1	2465982	2466674		minus	DUF4230 domain-containing protein		60881467	protein-coding		WP_102745225.1	230	GOZ73_RS10395
NZ_AP021898.1	2466698	2466985		minus	YkvA family protein		300825837	protein-coding		WP_012420910.1	95	GOZ73_RS12640
NZ_AP021898.1	2467431	2468801		plus	MBL fold metallo-hydrolase		60881469	protein-coding		WP_102741450.1	456	GOZ73_RS10405
NZ_AP021898.1	2468798	2469418		plus	dTMP kinase	tmk	60881470	protein-coding		WP_102741453.1	206	GOZ73_RS10410
NZ_AP021898.1	2469482	2470153		minus	7-cyano-7-deazaguanine synthase QueC	queC	60881471	protein-coding		WP_012420913.1	223	GOZ73_RS10415
NZ_AP021898.1	2470162	2470572		minus	preQ(1) synthase	queF	60881472	protein-coding		WP_022196886.1	136	GOZ73_RS10420
NZ_AP021898.1	2470599	2473034		minus	mechanosensitive ion channel family protein		60881473	protein-coding		WP_102746519.1	811	GOZ73_RS10425
NZ_AP021898.1	2473264	2474565		minus	glutamate--tRNA ligase		60881474	protein-coding		WP_031931343.1	433	GOZ73_RS10430
NZ_AP021898.1	2474717	2475865		plus	twin-arginine translocase subunit TatC	tatC	60881475	protein-coding		WP_102745223.1	382	GOZ73_RS10435
NZ_AP021898.1	2475890	2476726		plus	undecaprenyl-diphosphate phosphatase		60881476	protein-coding		WP_102732659.1	278	GOZ73_RS10440
NZ_AP021898.1	2476916	2477740		minus	hypothetical protein		60881477	protein-coding		WP_146018743.1	274	GOZ73_RS10445
NZ_AP021898.1	2477871	2478704		plus	hypothetical protein		60881478	protein-coding		WP_065529188.1	277	GOZ73_RS10450
NZ_AP021898.1	2478711	2479058		plus	YkgJ family cysteine cluster protein		60881479	protein-coding		WP_232053444.1	115	GOZ73_RS10455
NZ_AP021898.1	2479143	2480450		minus	3-phosphoshikimate 1-carboxyvinyltransferase	aroA	60881480	protein-coding		WP_012420922.1	435	GOZ73_RS10460
NZ_AP021898.1	2480817	2481236		plus	RNase P RNA component class A	rnpB	60881481	RNase_P_RNA				GOZ73_RS10465
NZ_AP021898.1	2481377	2482654		plus	UDP-N-acetylglucosamine 1-carboxyvinyltransferase	murA	60881482	protein-coding		WP_012420923.1	425	GOZ73_RS10470
NZ_AP021898.1	2482736	2483005		plus	HU family DNA-binding protein		60881483	protein-coding		WP_012420924.1	89	GOZ73_RS10475
NZ_AP021898.1	2483137	2484222		plus	chorismate synthase	aroC	60881484	protein-coding		WP_012420925.1	361	GOZ73_RS10480
NZ_AP021898.1	2484255	2485148		plus	hypothetical protein		60881485	protein-coding		WP_102745220.1	297	GOZ73_RS10485
NZ_AP021898.1	2485355	2485789		minus	flavodoxin domain-containing protein		60881486	protein-coding		WP_012420927.1	144	GOZ73_RS10490
NZ_AP021898.1	2485933	2486412		minus	hypothetical protein		60881487	protein-coding		WP_102746521.1	159	GOZ73_RS10495
NZ_AP021898.1	2486506	2487363		minus	metallophosphoesterase		60881488	protein-coding		WP_081863724.1	285	GOZ73_RS10500
NZ_AP021898.1	2487517	2488209		plus	iron-sulfur cluster assembly scaffold protein		60881489	protein-coding		WP_022196984.1	230	GOZ73_RS10505
NZ_AP021898.1	2488255	2489262		plus	GGGtGRT protein		60881490	protein-coding		WP_012420931.1	335	GOZ73_RS10510
NZ_AP021898.1	2489390	2489980		minus	hypothetical protein		60881491	protein-coding		WP_143246793.1	196	GOZ73_RS10515
NZ_AP021898.1	2490193	2491287		plus	DNA adenine methylase		60881492	protein-coding		WP_065530020.1	364	GOZ73_RS10520
NZ_AP021898.1	2491312	2492199		plus	tyrosine recombinase		60881493	protein-coding		WP_065530021.1	295	GOZ73_RS10525
NZ_AP021898.1	2492424	2493476		plus	hypothetical protein		60881494	protein-coding		WP_065529193.1	350	GOZ73_RS10530
NZ_AP021898.1	2493486	2494547		plus	hypothetical protein		60881495	protein-coding		WP_232053446.1	353	GOZ73_RS10535
NZ_AP021898.1	2494659	2495939		plus	hypothetical protein		60881496	protein-coding		WP_102743889.1	426	GOZ73_RS10540
NZ_AP021898.1	2496042	2497202		plus	iron-containing alcohol dehydrogenase		60881497	protein-coding		WP_012420939.1	386	GOZ73_RS10545
NZ_AP021898.1	2497361	2497792		minus	fluoride efflux transporter CrcB	crcB	60881498	protein-coding		WP_102743890.1	143	GOZ73_RS10550
NZ_AP021898.1	2498104	2499066		plus	PfkB family carbohydrate kinase		60881499	protein-coding		WP_102743891.1	320	GOZ73_RS10555
NZ_AP021898.1	2499248	2500564		minus	bifunctional UDP-3-O-[3-hydroxymyristoyl] N-acetylglucosamine deacetylase/3-hydroxyacyl-ACP dehydratase		60881500	protein-coding		WP_012420945.1	438	GOZ73_RS10560
NZ_AP021898.1	2500720	2501631		plus	nucleotidyltransferase family protein		60881501	protein-coding		WP_102743893.1	303	GOZ73_RS10565
NZ_AP021898.1	2501634	2502383		plus	phosphodiester glycosidase family protein		60881502	protein-coding		WP_162378841.1	249	GOZ73_RS10570
NZ_AP021898.1	2502350	2504239		minus	apolipoprotein N-acyltransferase	lnt	60881503	protein-coding		WP_162378842.1	629	GOZ73_RS10575
NZ_AP021898.1	2504377	2504610		plus	ferredoxin		60881504	protein-coding		WP_102734617.1	77	GOZ73_RS10580
NZ_AP021898.1	2504681	2505124		plus	DciA family protein		60881505	protein-coding		WP_012420950.1	147	GOZ73_RS10585
NZ_AP021898.1	2505207	2507201		plus	family 20 glycosylhydrolase		60881506	protein-coding		WP_102743896.1	664	GOZ73_RS10590
NZ_AP021898.1	2507253	2508158		minus	acyltransferase family protein		60881507	protein-coding		WP_162378843.1	301	GOZ73_RS10595
NZ_AP021898.1	2508174	2508557		plus	hypothetical protein		60881508	protein-coding		WP_123038841.1	127	GOZ73_RS10600
NZ_AP021898.1	2508570	2510378		minus	cytochrome c biogenesis protein		77100537	protein-coding		WP_102748846.1	602	GOZ73_RS12535
NZ_AP021898.1	2510368	2511102		minus	cytochrome c biogenesis protein ResB		60881510	protein-coding		WP_162378844.1	244	GOZ73_RS10610
NZ_AP021898.1	2511208	2512131		minus	siderophore ABC transporter substrate-binding protein		60881511	protein-coding		WP_102741493.1	307	GOZ73_RS10615
NZ_AP021898.1	2512174	2512932		minus	iron ABC transporter ATP-binding protein		60881512	protein-coding		WP_012420956.1	252	GOZ73_RS10620
NZ_AP021898.1	2512929	2513939		minus	iron chelate uptake ABC transporter family permease subunit		60881513	protein-coding		WP_102745213.1	336	GOZ73_RS10625
NZ_AP021898.1	2513932	2514897		minus	ABC transporter permease		60881514	protein-coding		WP_155844633.1	321	GOZ73_RS10630
NZ_AP021898.1	2514902	2515990		minus	RidA family protein		60881515	protein-coding		WP_102748844.1	362	GOZ73_RS10635
NZ_AP021898.1	2516006	2517658		minus	di-heme oxidoredictase family protein		60881516	protein-coding		WP_232053447.1	550	GOZ73_RS10640
NZ_AP021898.1	2517780	2518886		minus	imelysin family protein		60881517	protein-coding		WP_022197199.1	368	GOZ73_RS10645
NZ_AP021898.1	2519142	2519741		minus	GNAT family N-acetyltransferase		60881518	protein-coding		WP_102746531.1	199	GOZ73_RS10650
NZ_AP021898.1	2520071	2520502		minus	hypothetical protein		60881519	protein-coding		WP_022197197.1	143	GOZ73_RS10655
NZ_AP021898.1	2520597	2521139		minus	phosphoribosyltransferase		60881520	protein-coding		WP_022197196.1	180	GOZ73_RS10660
NZ_AP021898.1	2521378	2524215		plus	DNA polymerase I	polA	60881521	protein-coding		WP_102746532.1	945	GOZ73_RS10665
NZ_AP021898.1	2524413	2525525		minus	efflux RND transporter periplasmic adaptor subunit		60881522	protein-coding		WP_146018745.1	370	GOZ73_RS10670
NZ_AP021898.1	2525553	2526008		minus	YbjN domain-containing protein		60881523	protein-coding		WP_022197192.1	151	GOZ73_RS10675
NZ_AP021898.1	2526239	2527663		minus	adenylosuccinate lyase	purB	60881524	protein-coding		WP_102746534.1	474	GOZ73_RS10680
NZ_AP021898.1	2527917	2529170		minus	peptidase T	pepT	60881525	protein-coding		WP_031931390.1	417	GOZ73_RS10685
NZ_AP021898.1	2529287	2532040		plus	tetratricopeptide repeat protein		60881526	protein-coding		WP_065529217.1	917	GOZ73_RS10690
NZ_AP021898.1	2532073	2532906		plus	NAD(P)-dependent oxidoreductase		60881527	protein-coding		WP_162378845.1	277	GOZ73_RS10695
NZ_AP021898.1	2532919	2534475		plus	hypothetical protein		60881528	protein-coding		WP_102746537.1	518	GOZ73_RS10700
NZ_AP021898.1	2534879	2535796		plus	dihydrodipicolinate synthase family protein		60881529	protein-coding		WP_012420973.1	305	GOZ73_RS10705
NZ_AP021898.1	2535816	2536997		plus	AGE family epimerase/isomerase		60881530	protein-coding		WP_022197270.1	393	GOZ73_RS10710
NZ_AP021898.1	2537258	2539069		plus	GmrSD restriction endonuclease domain-containing protein		60881531	protein-coding		WP_102741524.1	603	GOZ73_RS10715
NZ_AP021898.1	2539094	2539708		minus	aminotransferase class IV		60881532	protein-coding		WP_102746538.1	204	GOZ73_RS10720
NZ_AP021898.1	2539689	2540705		minus	aminodeoxychorismate synthase component I		60881533	protein-coding		WP_065529220.1	338	GOZ73_RS10725
NZ_AP021898.1	2540736	2541353		plus	anthranilate synthase component II		60881534	protein-coding		WP_065529221.1	205	GOZ73_RS10730
NZ_AP021898.1	2541470	2542606		plus	NADH:flavin oxidoreductase		60881535	protein-coding		WP_102746047.1	378	GOZ73_RS10735
NZ_AP021898.1	2542750	2543442		minus	YwaF family protein		60881536	protein-coding		WP_162378846.1	230	GOZ73_RS10740
NZ_AP021898.1	2543454	2543945		minus	pyridoxamine 5'-phosphate oxidase family protein		60881537	protein-coding		WP_162378847.1	163	GOZ73_RS10745
NZ_AP021898.1	2543942	2544658		minus	glutamine amidotransferase		60881538	protein-coding		WP_102746541.1	238	GOZ73_RS10750
NZ_AP021898.1	2544758	2545252		minus	Cys-tRNA(Pro) deacylase	ybaK	60881539	protein-coding		WP_102746542.1	164	GOZ73_RS10755
NZ_AP021898.1	2545522	2546943		plus	cytidylate kinase family protein		60881540	protein-coding		WP_065530027.1	473	GOZ73_RS10760
NZ_AP021898.1	2547218	2547661		plus	pyrimidine dimer DNA glycosylase/endonuclease V		60881541	protein-coding		WP_102741537.1	147	GOZ73_RS10765
NZ_AP021898.1	2547658	2548662		minus	hypothetical protein		60881542	protein-coding		WP_102741539.1	334	GOZ73_RS10770
NZ_AP021898.1	2548813	2548888		minus	tRNA-Ala		60881543	tRNA				GOZ73_RS10775
NZ_AP021898.1	2549135	2549365		plus	hypothetical protein		60881544	protein-coding		WP_031931407.1	76	GOZ73_RS10780
NZ_AP021898.1	2549429	2550043		plus	PA14 domain-containing protein		60881545	protein-coding		WP_102748842.1	204	GOZ73_RS10785
NZ_AP021898.1	2551051	2554812		plus	methionine synthase	metH	60881546	protein-coding		WP_102748840.1	1253	GOZ73_RS10790
NZ_AP021898.1	2554830	2555606		plus	threonine/serine exporter family protein		60881547	protein-coding		WP_094139565.1	258	GOZ73_RS10795
NZ_AP021898.1	2555603	2556106		plus	threonine/serine exporter family protein		60881548	protein-coding		WP_102748839.1	167	GOZ73_RS10800
NZ_AP021898.1	2556318	2557823		plus	type I restriction-modification system subunit M		60881549	protein-coding		WP_102748838.1	501	GOZ73_RS10805
NZ_AP021898.1	2557813	2558352		plus	restriction endonuclease subunit S		60881550	protein-coding		WP_102748837.1	179	GOZ73_RS10810
NZ_AP021898.1	2558349	2559524		minus	restriction endonuclease subunit S		60881551	protein-coding		WP_162378848.1	391	GOZ73_RS10815
NZ_AP021898.1	2559536	2559790		minus	transcriptional regulator		60881830	protein-coding		WP_102748836.1	84	GOZ73_RS12245
NZ_AP021898.1	2559908	2560900		minus	site-specific tyrosine recombinase/integron integrase	xerA	60881552	protein-coding		WP_102748835.1	330	GOZ73_RS10820
NZ_AP021898.1	2561004	2561477		minus	restriction endonuclease subunit S domain-containing protein		60881553	protein-coding		WP_146020858.1	157	GOZ73_RS10825
NZ_AP021898.1	2561849	2564998		plus	type I restriction endonuclease subunit R		60881554	protein-coding		WP_102748833.1	1049	GOZ73_RS10830
NZ_AP021898.1	2565161	2565235		plus	tRNA-Gln		60881555	tRNA				GOZ73_RS10835
NZ_AP021898.1	2565495	2566823		plus	homoserine dehydrogenase		60881556	protein-coding		WP_102748868.1	442	GOZ73_RS10840
NZ_AP021898.1	2566844	2568061		plus	aspartate kinase		60881557	protein-coding		WP_012420992.1	405	GOZ73_RS10845
NZ_AP021898.1	2568487	2568996		minus	thioredoxin family protein		60881558	protein-coding		WP_012420994.1	169	GOZ73_RS10850
NZ_AP021898.1	2569098	2569817		plus	YwaF family protein		60881559	protein-coding		WP_065529230.1	239	GOZ73_RS10855
NZ_AP021898.1	2569911	2571284		minus	NADase-type glycan-binding domain-containing protein		60881560	protein-coding		WP_065529231.1	457	GOZ73_RS10860
NZ_AP021898.1	2571985	2575527		plus	adenosylcobalamin-dependent ribonucleoside-diphosphate reductase		60881561	protein-coding		WP_012420997.1	1180	GOZ73_RS10865
NZ_AP021898.1	2575794	2576726		plus	shikimate dehydrogenase family protein		60881562	protein-coding		WP_162378849.1	310	GOZ73_RS10870
NZ_AP021898.1	2576719	2577744		plus	A/G-specific adenine glycosylase		60881563	protein-coding		WP_162378850.1	341	GOZ73_RS10875
NZ_AP021898.1	2577741	2578322		plus	leucyl/phenylalanyl-tRNA--protein transferase	aat	60881564	protein-coding		WP_031931422.1	193	GOZ73_RS10880
NZ_AP021898.1	2578779	2581523		minus	pyruvate, phosphate dikinase	ppdK	60881565	protein-coding		WP_012421001.1	914	GOZ73_RS10885
NZ_AP021898.1	2581893	2583440		minus	glucose-6-phosphate isomerase		60881566	protein-coding		WP_065529238.1	515	GOZ73_RS10890
NZ_AP021898.1	2583456	2584544		minus	tetratricopeptide repeat protein		60881567	protein-coding		WP_031931424.1	362	GOZ73_RS10895
NZ_AP021898.1	2584640	2585533		minus	class I SAM-dependent rRNA methyltransferase		60881568	protein-coding		WP_102746046.1	297	GOZ73_RS10900
NZ_AP021898.1	2585733	2586176		minus	PEP-CTERM sorting domain-containing protein		60881831	protein-coding		WP_157759246.1	147	GOZ73_RS12250
NZ_AP021898.1	2586175	2586453		plus	hypothetical protein		60881832	protein-coding		WP_146021583.1	92	GOZ73_RS12255
NZ_AP021898.1	2586791	2588935		minus	methylmalonyl-CoA mutase	scpA	60881569	protein-coding		WP_102747165.1	714	GOZ73_RS10910
NZ_AP021898.1	2588959	2591013		minus	methylmalonyl-CoA mutase family protein		60881570	protein-coding		WP_102747164.1	684	GOZ73_RS10915
NZ_AP021898.1	2591219	2593846		plus	hypothetical protein		60881571	protein-coding		WP_102747163.1	875	GOZ73_RS10920
NZ_AP021898.1	2593843	2594496		plus	hypothetical protein		60881572	protein-coding		WP_102747162.1	217	GOZ73_RS10925
NZ_AP021898.1	2594550	2595551		plus	prenyltransferase/squalene oxidase repeat-containing protein		60881573	protein-coding		WP_102741077.1	333	GOZ73_RS10930
NZ_AP021898.1	2595541	2596983		plus	hypothetical protein		60881574	protein-coding		WP_065529242.1	480	GOZ73_RS10935
NZ_AP021898.1	2596995	2598422		plus	hypothetical protein		60881575	protein-coding		WP_065529243.1	475	GOZ73_RS10940
NZ_AP021898.1	2598490	2599296		minus	pyrroline-5-carboxylate reductase	proC	60881576	protein-coding		WP_102741069.1	268	GOZ73_RS10945
NZ_AP021898.1	2599367	2600029		minus	DNA-3-methyladenine glycosylase I		60881577	protein-coding		WP_065529245.1	220	GOZ73_RS10950
NZ_AP021898.1	2600041	2600958		minus	hypothetical protein		60881578	protein-coding		WP_128252834.1	305	GOZ73_RS10955
NZ_AP021898.1	2601067	2602014		plus	hypothetical protein		60881579	protein-coding		WP_022197404.1	315	GOZ73_RS10960
NZ_AP021898.1	2602094	2603143		plus	serine/threonine protein kinase		60881580	protein-coding		WP_012421019.1	349	GOZ73_RS10965
NZ_AP021898.1	2603270	2604733		minus	tryptophanase		60881581	protein-coding		WP_102747167.1	487	GOZ73_RS10970
NZ_AP021898.1	2604887	2605480		plus	M15 family metallopeptidase domain-containing protein		60881582	protein-coding		WP_102747161.1	197	GOZ73_RS10975
NZ_AP021898.1	2605470	2606492		minus	lipoprotein N-acyltransferase Lnb domain-containing protein		60881583	protein-coding		WP_102747160.1	340	GOZ73_RS10980
NZ_AP021898.1	2606553	2609072		minus	phenylalanine--tRNA ligase subunit beta	pheT	60881584	protein-coding		WP_102745185.1	839	GOZ73_RS10985
NZ_AP021898.1	2609093	2610118		minus	phenylalanine--tRNA ligase subunit alpha	pheS	60881585	protein-coding		WP_065529249.1	341	GOZ73_RS10990
NZ_AP021898.1	2610285	2611469		minus	MFS transporter		60881586	protein-coding		WP_065529250.1	394	GOZ73_RS10995
NZ_AP021898.1	2611665	2613536		minus	M60 family metallopeptidase		60881587	protein-coding		WP_157759248.1	623	GOZ73_RS11000
NZ_AP021898.1	2613713	2615554		plus	molecular chaperone HtpG	htpG	60881588	protein-coding		WP_065529252.1	613	GOZ73_RS11005
NZ_AP021898.1	2615638	2616465		plus	potassium channel family protein		60881589	protein-coding		WP_084042732.1	275	GOZ73_RS11010
NZ_AP021898.1	2616517	2616663		minus	PEP-CTERM sorting domain-containing protein		300825838	protein-coding		WP_081863738.1	48	GOZ73_RS12645
NZ_AP021898.1	2616757	2617863		plus	alanine racemase	alr	60881591	protein-coding		WP_102747159.1	368	GOZ73_RS11020
NZ_AP021898.1	2617963	2618403		plus	RrF2 family transcriptional regulator		60881592	protein-coding		WP_042449298.1	146	GOZ73_RS11025
NZ_AP021898.1	2618539	2619825		plus	O-acetylhomoserine aminocarboxypropyltransferase/cysteine synthase family protein		60881593	protein-coding		WP_102747158.1	428	GOZ73_RS11030
NZ_AP021898.1	2619862	2620791		plus	cysteine synthase A	cysK	60881594	protein-coding		WP_102747157.1	309	GOZ73_RS11035
NZ_AP021898.1	2620810	2621424		plus	thiamine phosphate synthase	thiE	60881595	protein-coding		WP_102747156.1	204	GOZ73_RS11040
NZ_AP021898.1	2621472	2622287		plus	hydroxyethylthiazole kinase	thiM	60881596	protein-coding		WP_102747166.1	271	GOZ73_RS11045
NZ_AP021898.1	2622596	2623060		plus	Panacea domain-containing protein		60881597	protein-coding		WP_157759249.1	154	GOZ73_RS11050
NZ_AP021898.1	2623195	2623269		plus	tRNA-Gln		60881598	tRNA				GOZ73_RS11055
NZ_AP021898.1	2623422	2624903		plus	beta-N-acetylhexosaminidase		60881599	protein-coding		WP_102747829.1	493	GOZ73_RS11060
NZ_AP021898.1	2624938	2626452		plus	beta-N-acetylhexosaminidase		60881600	protein-coding		WP_102747834.1	504	GOZ73_RS11065
NZ_AP021898.1	2626471	2627490		plus	methylmalonyl Co-A mutase-associated GTPase MeaB	meaB	60881601	protein-coding		WP_012421044.1	339	GOZ73_RS11070
NZ_AP021898.1	2627465	2627941		minus	NUDIX domain-containing protein		60881602	protein-coding		WP_035196799.1	158	GOZ73_RS11075
NZ_AP021898.1	2628288	2629763		plus	alkyl sulfatase C-terminal domain-containing protein		60881603	protein-coding		WP_146018850.1	491	GOZ73_RS11080
NZ_AP021898.1	2630000	2630521		plus	hypothetical protein		60881604	protein-coding		WP_102741021.1	173	GOZ73_RS11085
NZ_AP021898.1	2630615	2631118		minus	crossover junction endodeoxyribonuclease RuvC	ruvC	60881605	protein-coding		WP_012421048.1	167	GOZ73_RS11090
NZ_AP021898.1	2631168	2632370		minus	DEAD/DEAH box helicase		60881606	protein-coding		WP_087393283.1	400	GOZ73_RS11095
NZ_AP021898.1	2632432	2633061		minus	MBL fold metallo-hydrolase		60881607	protein-coding		WP_012421050.1	209	GOZ73_RS11100
NZ_AP021898.1	2633153	2634154		minus	dihydroorotase	pyrC	60881608	protein-coding		WP_102741411.1	333	GOZ73_RS11105
NZ_AP021898.1	2634463	2634540		minus	tRNA-Asp		60881609	tRNA				GOZ73_RS11110
NZ_AP021898.1	2634776	2635246		plus	MarR family winged helix-turn-helix transcriptional regulator		60881610	protein-coding		WP_012421052.1	156	GOZ73_RS11115
NZ_AP021898.1	2635253	2636389		plus	efflux RND transporter periplasmic adaptor subunit		60881611	protein-coding		WP_102740375.1	378	GOZ73_RS11120
NZ_AP021898.1	2636397	2639504		plus	efflux RND transporter permease subunit		60881612	protein-coding		WP_102747152.1	1035	GOZ73_RS11125
NZ_AP021898.1	2639608	2640087		minus	dihydrofolate reductase		60881613	protein-coding		WP_102740374.1	159	GOZ73_RS11130
NZ_AP021898.1	2640110	2640925		minus	thymidylate synthase		60881614	protein-coding		WP_065529264.1	271	GOZ73_RS11135
NZ_AP021898.1	2641070	2642524		plus	cardiolipin synthase	cls	60881615	protein-coding		WP_162378852.1	484	GOZ73_RS11140
NZ_AP021898.1	2642631	2644154		plus	pyruvate carboxylase subunit B		60881616	protein-coding		WP_012421058.1	507	GOZ73_RS11145
NZ_AP021898.1	2644264	2644968		minus	hypothetical protein		60881617	protein-coding		WP_102747150.1	234	GOZ73_RS11150
NZ_AP021898.1	2645172	2646548		minus	MATE family efflux transporter		60881618	protein-coding		WP_102747149.1	458	GOZ73_RS11155
NZ_AP021898.1	2646690	2647766		minus	Mrp/NBP35 family ATP-binding protein		60881619	protein-coding		WP_031931469.1	358	GOZ73_RS11160
NZ_AP021898.1	2648020	2648232		minus	DNA/RNA-binding protein		60881620	protein-coding		WP_012421062.1	70	GOZ73_RS11165
NZ_AP021898.1	2648666	2650300		minus	citramalate synthase	cimA	60881621	protein-coding		WP_102747147.1	544	GOZ73_RS11170
NZ_AP021898.1	2650422	2652593		plus	M3 family metallopeptidase		60881622	protein-coding		WP_162378853.1	723	GOZ73_RS11175
NZ_AP021898.1	2652816	2654075		plus	efflux RND transporter periplasmic adaptor subunit		60881623	protein-coding		WP_102740364.1	419	GOZ73_RS11180
NZ_AP021898.1	2654137	2657352		plus	efflux RND transporter permease subunit		60881624	protein-coding		WP_102747145.1	1071	GOZ73_RS11185
NZ_AP021898.1	2657392	2658825		plus	efflux transporter outer membrane subunit		60881625	protein-coding		WP_102740362.1	477	GOZ73_RS11190
NZ_AP021898.1	2659496	2660251		plus	PEP-CTERM sorting domain-containing protein		60881626	protein-coding		WP_102747143.1	251	GOZ73_RS11195
NZ_AP021898.1	2660347	2663346		plus	GDSL-type esterase/lipase family protein		60881627	protein-coding		WP_162378854.1	999	GOZ73_RS11200
NZ_AP021898.1	2663493	2664113		minus	hypothetical protein		60881628	protein-coding		WP_012421070.1	206	GOZ73_RS11205
NZ_AP021898.1	2664213	2664752		minus	hypothetical protein		60881629	protein-coding		WP_102747141.1	179	GOZ73_RS11210
NZ_AP021898.1	2664972	2665415		plus	PTS sugar transporter subunit IIA		60881630	protein-coding		WP_102747139.1	147	GOZ73_RS11215
NZ_AP021898.1	2665412	2667202		plus	chloride channel protein		60881631	protein-coding		WP_031931481.1	596	GOZ73_RS11220
NZ_AP021898.1	2667650	2668660		plus	transposase		60881632	protein-coding		WP_012421074.1	336	GOZ73_RS11225
NZ_AP021898.1	2669279	2670634		plus	NADP-specific glutamate dehydrogenase	gdhA	60881633	protein-coding		WP_012421075.1	451	GOZ73_RS11230
NZ_AP021898.1	2671014	2672132		minus	lipid-A-disaccharide synthase	lpxB	60881634	protein-coding		WP_232053449.1	372	GOZ73_RS11235
NZ_AP021898.1	2672243	2672917		plus	DedA family protein		60881635	protein-coding		WP_232053450.1	224	GOZ73_RS11240
NZ_AP021898.1	2672932	2673447		plus	C-GCAxxG-C-C family protein		60881636	protein-coding		WP_022197352.1	171	GOZ73_RS11245
NZ_AP021898.1	2673465	2673809		minus	ferritin family protein		60881637	protein-coding		WP_065529278.1	114	GOZ73_RS11250
NZ_AP021898.1	2674092	2674436		minus	ferritin family protein		60881638	protein-coding		WP_065529279.1	114	GOZ73_RS11255
NZ_AP021898.1	2674617	2675120		minus	thioredoxin family protein		60881639	protein-coding		WP_102747134.1	167	GOZ73_RS11260
NZ_AP021898.1	2675294	2675368		plus	tRNA-Val		60881640	tRNA				GOZ73_RS11265
NZ_AP021898.1	2675790	2676671		minus	hypothetical protein		60881641	protein-coding		WP_102745157.1	293	GOZ73_RS11270
NZ_AP021898.1	2676664	2676945		minus	hypothetical protein		60881642	protein-coding		WP_102745156.1	93	GOZ73_RS11275
NZ_AP021898.1	2676942	2678576		minus	portal protein		60881643	protein-coding		WP_102747110.1	544	GOZ73_RS11280
NZ_AP021898.1	2678585	2678791		minus	hypothetical protein		60881644	protein-coding		WP_128153555.1	68	GOZ73_RS11285
NZ_AP021898.1	2679116	2679736		plus	hypothetical protein		60881645	protein-coding		WP_102747109.1	206	GOZ73_RS11290
NZ_AP021898.1	2679781	2680080		plus	BlaI/MecI/CopY family transcriptional regulator		60881646	protein-coding		WP_180973812.1	99	GOZ73_RS11295
NZ_AP021898.1	2680077	2680334		plus	hypothetical protein		60881647	protein-coding		WP_012421088.1	85	GOZ73_RS11300
NZ_AP021898.1	2681033	2682187		minus	acyltransferase		60881648	protein-coding		WP_102745153.1	384	GOZ73_RS11305
NZ_AP021898.1	2682652	2686233		minus	bifunctional proline dehydrogenase/L-glutamate gamma-semialdehyde dehydrogenase		60881649	protein-coding		WP_102747108.1	1193	GOZ73_RS11310
NZ_AP021898.1	2686392	2687369		minus	hypothetical protein		60881650	protein-coding		WP_143296652.1	325	GOZ73_RS11315
NZ_AP021898.1	2687387	2687836		minus	Jag family protein		60881651	protein-coding		WP_031931498.1	149	GOZ73_RS11320
NZ_AP021898.1	2688361	2690616		plus	catalase HPII	katE	60881652	protein-coding		WP_102747106.1	751	GOZ73_RS11325
NZ_AP021898.1	2690842	2690916		minus	tRNA-Val		60881653	tRNA				GOZ73_RS11330
NZ_AP021898.1	2691113	2693764		minus	cytochrome c biogenesis protein CcsA		60881654	protein-coding		WP_102747229.1	883	GOZ73_RS11335
NZ_AP021898.1	2693854	2694429		minus	rubrerythrin	rbr	60881655	protein-coding		WP_031931504.1	191	GOZ73_RS11340
NZ_AP021898.1	2694729	2695325		plus	GNAT family N-acetyltransferase		60881656	protein-coding		WP_102745146.1	198	GOZ73_RS11345
NZ_AP021898.1	2695400	2696029		minus	hypothetical protein		60881657	protein-coding		WP_031931506.1	209	GOZ73_RS11350
NZ_AP021898.1	2696049	2698505		minus	FtsK/SpoIIIE family DNA translocase		60881658	protein-coding		WP_102745145.1	818	GOZ73_RS11355
NZ_AP021898.1	2699516	2700298		plus	polysaccharide biosynthesis/export family protein		60881659	protein-coding		WP_065530034.1	260	GOZ73_RS11360
NZ_AP021898.1	2700429	2702831		plus	GumC family protein		60881660	protein-coding		WP_102745143.1	800	GOZ73_RS11365
NZ_AP021898.1	2702895	2703566		plus	tyrosine-protein phosphatase		60881661	protein-coding		WP_084042739.1	223	GOZ73_RS11370
NZ_AP021898.1	2703605	2704453		plus	sugar transferase		60881662	protein-coding		WP_102745142.1	282	GOZ73_RS11375
NZ_AP021898.1	2704481	2705257		plus	glycosyltransferase family 2 protein		60881663	protein-coding		WP_102745141.1	258	GOZ73_RS11380
NZ_AP021898.1	2705292	2706446		plus	glycosyltransferase		60881664	protein-coding		WP_102745140.1	384	GOZ73_RS11385
NZ_AP021898.1	2706443	2707621		plus	glycosyltransferase		60881665	protein-coding		WP_180973820.1	392	GOZ73_RS11390
NZ_AP021898.1	2707655	2708827		plus	glycosyltransferase		60881666	protein-coding		WP_102745138.1	390	GOZ73_RS11395
NZ_AP021898.1	2708824	2709789		plus	hypothetical protein		60881667	protein-coding		WP_102745137.1	321	GOZ73_RS11400
NZ_AP021898.1	2709830	2710969		plus	O-antigen ligase family protein		60881668	protein-coding		WP_102745136.1	379	GOZ73_RS11405
NZ_AP021898.1	2710959	2711789		plus	alpha-1,2-fucosyltransferase		60881669	protein-coding		WP_102745135.1	276	GOZ73_RS11410
NZ_AP021898.1	2711792	2712835		plus	glycosyltransferase		60881670	protein-coding		WP_102745134.1	347	GOZ73_RS11415
NZ_AP021898.1	2712835	2713974		plus	glycosyltransferase		60881671	protein-coding		WP_102745133.1	379	GOZ73_RS11420
NZ_AP021898.1	2713971	2715146		plus	glycosyltransferase		60881672	protein-coding		WP_102747226.1	391	GOZ73_RS11425
NZ_AP021898.1	2715172	2716746		plus	hypothetical protein		60881673	protein-coding		WP_155844635.1	524	GOZ73_RS11430
NZ_AP021898.1	2716780	2717319		plus	LbetaH domain-containing protein		60881674	protein-coding		WP_012421115.1	179	GOZ73_RS11435
NZ_AP021898.1	2717323	2718171		plus	glycosyltransferase family 2 protein		60881675	protein-coding		WP_102745130.1	282	GOZ73_RS11440
NZ_AP021898.1	2718196	2719200		plus	glycosyltransferase family 2 protein		60881676	protein-coding		WP_102745129.1	334	GOZ73_RS11445
NZ_AP021898.1	2719255	2720283		plus	glycosyltransferase family 2 protein		60881677	protein-coding		WP_065529316.1	342	GOZ73_RS11450
NZ_AP021898.1	2720289	2721449		plus	polysaccharide pyruvyl transferase family protein		60881678	protein-coding		WP_087393329.1	386	GOZ73_RS11455
NZ_AP021898.1	2721442	2722974		plus	lipopolysaccharide biosynthesis protein		60881679	protein-coding		WP_065529318.1	510	GOZ73_RS11460
NZ_AP021898.1	2723011	2724015		plus	nitroreductase family protein		60881680	protein-coding		WP_065529319.1	334	GOZ73_RS11465
NZ_AP021898.1	2724231	2725082		plus	acyltransferase family protein		60881681	protein-coding		WP_102745128.1	283	GOZ73_RS11470
NZ_AP021898.1	2725264	2726289		plus	SGNH hydrolase domain-containing protein		69060664	protein-coding		WP_232053505.1	341	GOZ73_RS12450
NZ_AP021898.1	2726520	2727434		plus	hypothetical protein		60881682	protein-coding		WP_046435160.1	304	GOZ73_RS11475
NZ_AP021898.1	2727514	2728662		plus	phosphotransferase enzyme family protein		60881683	protein-coding		WP_065529323.1	382	GOZ73_RS11480
NZ_AP021898.1	2728733	2729152		plus	L-fucose mutarotase	fucU	60881684	protein-coding		WP_012421124.1	139	GOZ73_RS11485
NZ_AP021898.1	2729178	2730380		plus	MalY/PatB family protein		60881685	protein-coding		WP_065529324.1	400	GOZ73_RS11490
NZ_AP021898.1	2730608	2732260		plus	class I tRNA ligase family protein		60881686	protein-coding		WP_102747223.1	550	GOZ73_RS11495
NZ_AP021898.1	2732266	2733867		plus	2-succinyl-5-enolpyruvyl-6-hydroxy-3-cyclohexene-1-carboxylic-acid synthase	menD	60881687	protein-coding		WP_162378855.1	533	GOZ73_RS11500
NZ_AP021898.1	2734425	2735144		plus	hypothetical protein		60881688	protein-coding		WP_102747220.1	239	GOZ73_RS11505
NZ_AP021898.1	2735963	2737273		minus	malic enzyme-like NAD(P)-binding protein		60881689	protein-coding		WP_102748827.1	436	GOZ73_RS11510
NZ_AP021898.1	2737448	2741824		plus	DUF6288 domain-containing protein		60881690	protein-coding		WP_102748826.1	1458	GOZ73_RS11515
NZ_AP021898.1	2742088	2742984		plus	glycoside hydrolase family 16 protein		60881691	protein-coding		WP_162378856.1	298	GOZ73_RS11520
NZ_AP021898.1	2743087	2744148		minus	beta-N-acetylhexosaminidase	nagZ	60881692	protein-coding		WP_102748824.1	353	GOZ73_RS11525
NZ_AP021898.1	2744162	2744731		minus	orotate phosphoribosyltransferase	pyrE	60881693	protein-coding		WP_012421133.1	189	GOZ73_RS11530
NZ_AP021898.1	2744863	2745510		plus	L,D-transpeptidase		60881694	protein-coding		WP_146020857.1	215	GOZ73_RS11535
NZ_AP021898.1	2745704	2748613		plus	hypothetical protein		60881843	protein-coding		WP_180974109.1	969	GOZ73_RS12315
NZ_AP021898.1	2748626	2749735		plus	radical SAM family heme chaperone HemW	hemW	60881695	protein-coding		WP_102748822.1	369	GOZ73_RS11545
NZ_AP021898.1	2750030	2750809		minus	hypothetical protein		60881696	protein-coding		WP_102748820.1	259	GOZ73_RS11555
NZ_AP021898.1	2750846	2752126		minus	serine--tRNA ligase	serS	60881697	protein-coding		WP_012421138.1	426	GOZ73_RS11560
NZ_AP021898.1	2752488	2753594		plus	zinc-dependent alcohol dehydrogenase		60881698	protein-coding		WP_022197667.1	368	GOZ73_RS11565
NZ_AP021898.1	2753694	2754203		minus	hypothetical protein		60881699	protein-coding		WP_102748819.1	169	GOZ73_RS11570
NZ_AP021898.1	2754226	2755083		minus	carbon-nitrogen hydrolase		60881700	protein-coding		WP_102748818.1	285	GOZ73_RS11575
NZ_AP021898.1	2755187	2756191		plus	AAA family ATPase		60881701	protein-coding		WP_022197670.1	334	GOZ73_RS11580
NZ_AP021898.1	2756230	2757132		plus	DUF58 domain-containing protein		60881702	protein-coding		WP_102748817.1	300	GOZ73_RS11585
NZ_AP021898.1	2757250	2757822		plus	aminoacyl-tRNA hydrolase	pth	60881703	protein-coding		WP_102745315.1	190	GOZ73_RS11590
NZ_AP021898.1	2758085	2760610		plus	transglycosylase domain-containing protein		60881704	protein-coding		WP_155844636.1	841	GOZ73_RS11595
NZ_AP021898.1	2760623	2762176		plus	hypothetical protein		60881705	protein-coding		WP_102745114.1	517	GOZ73_RS11600
NZ_AP021898.1	2762203	2763591		plus	P-loop NTPase family protein		60881706	protein-coding		WP_012421147.1	462	GOZ73_RS11605
NZ_AP021898.1	2763804	2765075		plus	adenylosuccinate synthase		60881707	protein-coding		WP_031931542.1	423	GOZ73_RS11610
NZ_AP021898.1	2765492	2766217		minus	PEP-CTERM sorting domain-containing protein		60881708	protein-coding		WP_102743378.1	241	GOZ73_RS11615
NZ_AP021898.1	2766785	2768269		plus	carbohydrate porin		60881709	protein-coding		WP_102745112.1	494	GOZ73_RS11620
NZ_AP021898.1	2768355	2769575		plus	hydrogenase small subunit		60881710	protein-coding		WP_099421481.1	406	GOZ73_RS11625
NZ_AP021898.1	2769602	2771359		plus	nickel-dependent hydrogenase large subunit		60881711	protein-coding		WP_102745111.1	585	GOZ73_RS11630
NZ_AP021898.1	2771356	2772528		plus	cytochrome b/b6 domain-containing protein		60881712	protein-coding		WP_128252940.1	390	GOZ73_RS11635
NZ_AP021898.1	2772550	2773095		plus	HyaD/HybD family hydrogenase maturation endopeptidase		60881713	protein-coding		WP_102745110.1	181	GOZ73_RS11640
NZ_AP021898.1	2773088	2773429		plus	hydrogenase maturation nickel metallochaperone HypA/HybF		60881714	protein-coding		WP_102745109.1	113	GOZ73_RS11645
NZ_AP021898.1	2773554	2774501		plus	hypothetical protein		60881715	protein-coding		WP_146018855.1	315	GOZ73_RS11650
NZ_AP021898.1	2774598	2774999		minus	DUF4870 domain-containing protein		60881716	protein-coding		WP_012421157.1	133	GOZ73_RS11655
NZ_AP021898.1	2775151	2775918		plus	hypothetical protein		60881717	protein-coding		WP_148038697.1	255	GOZ73_RS11660
NZ_AP021898.1	2776108	2778378		minus	beta-hexosaminidase		60881718	protein-coding		WP_102747214.1	756	GOZ73_RS11665
NZ_AP021898.1	2778750	2779397		minus	NAD(P)H-dependent oxidoreductase		60881719	protein-coding		WP_065529352.1	215	GOZ73_RS11670
NZ_AP021898.1	2779430	2780521		minus	histidinol-phosphate transaminase	hisC	60881720	protein-coding		WP_102747213.1	363	GOZ73_RS11675
NZ_AP021898.1	2780856	2780993		minus	hypothetical protein		60881721	protein-coding		WP_022196871.1	45	GOZ73_RS11680
NZ_AP021898.1	2780990	2781202		minus	hypothetical protein		60881722	protein-coding		WP_012421162.1	70	GOZ73_RS11685
NZ_AP021898.1	2781358	2781846		plus	transcriptional regulator		60881723	protein-coding		WP_012421163.1	162	GOZ73_RS11690
NZ_AP021898.1	2782018	2783604		plus	SecDF P1 head subdomain-containing protein		60881724	protein-coding		WP_143246787.1	528	GOZ73_RS11695
NZ_AP021898.1	2783525	2784688		minus	acyltransferase family protein		60881725	protein-coding		WP_162378857.1	387	GOZ73_RS11700
NZ_AP021898.1	2784826	2786472		plus	fumarate hydratase		60881726	protein-coding		WP_012421166.1	548	GOZ73_RS11705
NZ_AP021898.1	2786609	2787145		minus	hypothetical protein		60881727	protein-coding		WP_012421167.1	178	GOZ73_RS11710
NZ_AP021898.1	2787321	2787773		plus	6-pyruvoyl trahydropterin synthase family protein		60881728	protein-coding		WP_012421168.1	150	GOZ73_RS11715
NZ_AP021898.1	2787871	2788629		minus	DUF3313 family protein		60881729	protein-coding		WP_012421169.1	252	GOZ73_RS11720
NZ_AP021898.1	2788750	2790435		minus	beta-N-acetylhexosaminidase		60881730	protein-coding		WP_157738296.1	561	GOZ73_RS11725
NZ_AP021898.1	2790528	2791967		minus	signal recognition particle protein	ffh	60881731	protein-coding		WP_012421171.1	479	GOZ73_RS11730
NZ_AP021898.1	2792079	2793014		plus	quinolinate synthase NadA	nadA	60881732	protein-coding		WP_012421172.1	311	GOZ73_RS11735
NZ_AP021898.1	2793031	2794053		plus	SAM-dependent methyltransferase		60881733	protein-coding		WP_012421173.1	340	GOZ73_RS11740
NZ_AP021898.1	2794438	2800221		plus	RHS repeat domain-containing protein		60881734	protein-coding		WP_155844637.1	1927	GOZ73_RS11745
NZ_AP021898.1	2800932	2801747		plus	RHS repeat domain-containing protein		60881735	protein-coding		WP_219723884.1	271	GOZ73_RS11750
NZ_AP021898.1	2801754	2802554		plus	hypothetical protein		60881736	protein-coding		WP_102744901.1	266	GOZ73_RS11755
NZ_AP021898.1	2802620	2803876		plus	RHS repeat domain-containing protein		69060665	protein-coding		WP_232053451.1	418	GOZ73_RS12455
NZ_AP021898.1	2803879	2804415		plus	signal peptidase I	lepB	60881738	protein-coding		WP_102739802.1	178	GOZ73_RS11765
NZ_AP021898.1	2804506	2805123		plus	RHS repeat domain-containing protein		60881739	protein-coding		WP_102746818.1	205	GOZ73_RS11770
NZ_AP021898.1	2805158	2805460		plus	hypothetical protein		60881740	protein-coding		WP_146018794.1	100	GOZ73_RS11775
NZ_AP021898.1	2805471	2805740		plus	hypothetical protein		60881741	protein-coding		WP_146018793.1	89	GOZ73_RS11780
NZ_AP021898.1	2806249	2806485		plus	hypothetical protein		60881742	protein-coding		WP_146018792.1	78	GOZ73_RS11785
NZ_AP021898.1	2807312	2807998		plus	hypothetical protein		60881743	protein-coding		WP_102745388.1	228	GOZ73_RS11790
NZ_AP021898.1	2808413	2808754		plus	hypothetical protein		60881744	protein-coding		WP_094137864.1	113	GOZ73_RS11795
NZ_AP021898.1	2809113	2809694		plus	NADH-quinone oxidoreductase subunit NuoB	nuoB	60881745	protein-coding		WP_012421178.1	193	GOZ73_RS11800
NZ_AP021898.1	2809740	2810324		plus	NADH-quinone oxidoreductase subunit C		60881746	protein-coding		WP_065529364.1	194	GOZ73_RS11805
NZ_AP021898.1	2810360	2811160		plus	hypothetical protein		60881747	protein-coding		WP_102746817.1	266	GOZ73_RS11810
NZ_AP021898.1	2811157	2811468		plus	ribonuclease III domain-containing protein		60881748	protein-coding		WP_102746816.1	103	GOZ73_RS11815
NZ_AP021898.1	2811481	2812611		plus	AMP-binding protein		60881749	protein-coding		WP_102746815.1	376	GOZ73_RS11820
NZ_AP021898.1	2812896	2815658		plus	tetratricopeptide repeat protein		60881750	protein-coding		WP_102746813.1	920	GOZ73_RS11825
NZ_AP021898.1	2815956	2819657		minus	LamG-like jellyroll fold domain-containing protein		60881751	protein-coding		WP_162378858.1	1233	GOZ73_RS11830
NZ_AP021898.1	2819808	2820671		minus	PEP-CTERM sorting domain-containing protein		60881752	protein-coding		WP_102744911.1	287	GOZ73_RS11835
NZ_AP021898.1	2820888	2822210		minus	Gfo/Idh/MocA family protein		60881753	protein-coding		WP_102746811.1	440	GOZ73_RS11840
NZ_AP021898.1	2822242	2824344		minus	M3 family metallopeptidase		60881754	protein-coding		WP_102746810.1	700	GOZ73_RS11845
NZ_AP021898.1	2824610	2824732		plus	hypothetical protein		77100538	protein-coding		WP_257228867.1	40	GOZ73_RS12540
NZ_AP021898.1	2824733	2826346		minus	tetratricopeptide repeat protein		60881755	protein-coding		WP_102746808.1	537	GOZ73_RS11850
NZ_AP021898.1	2826360	2828117		minus	arginine--tRNA ligase	argS	60881756	protein-coding		WP_102746868.1	585	GOZ73_RS11855
NZ_AP021898.1	2828283	2828426		minus	hypothetical protein		60881757	protein-coding		WP_022196831.1	47	GOZ73_RS11860
NZ_AP021898.1	2828853	2829707		minus	hypothetical protein		60881758	protein-coding		WP_012421192.1	284	GOZ73_RS11865
NZ_AP021898.1	2829892	2830392		plus	GNAT family N-acetyltransferase		60881759	protein-coding		WP_012421193.1	166	GOZ73_RS11870
NZ_AP021898.1	2830561	2831571		plus	TlpA disulfide reductase family protein		60881760	protein-coding		WP_146018790.1	336	GOZ73_RS11875
NZ_AP021898.1	2831609	2831797		minus	hypothetical protein		60881844	protein-coding		WP_197738455.1	62	GOZ73_RS12320
NZ_AP021898.1	2831831	2831983		minus	TfoX/Sxy family protein		90133982	protein-coding		WP_197738456.1	50	GOZ73_RS12600
NZ_AP021898.1	2832205	2832966		plus	chloramphenicol phosphotransferase CPT family protein		60881761	protein-coding		WP_162378859.1	253	GOZ73_RS11885
NZ_AP021898.1	2833096	2833183		plus	tRNA-Ser		60881762	tRNA				GOZ73_RS11890
NZ_AP021898.1	2833141	2833311		plus	hypothetical protein		60881833	protein-coding		WP_162616039.1	56	GOZ73_RS12265
NZ_AP021898.1	2833308	2838830		minus	excinuclease ABC subunit UvrA	uvrA	60881763	protein-coding		WP_102746806.1	1840	GOZ73_RS11895
NZ_AP021898.1	2839047	2842400		plus	preprotein translocase subunit SecA	secA	60881764	protein-coding		WP_102746805.1	1117	GOZ73_RS11900
NZ_AP021898.1	2842477	2843577		plus	GNAT family N-acetyltransferase		60881765	protein-coding		WP_031931592.1	366	GOZ73_RS11905
NZ_AP021898.1	2844272	2844346		minus	tRNA-Met		60881766	tRNA				GOZ73_RS11910
NZ_AP021898.1	2844557	2845117		minus	NUDIX hydrolase		60881767	protein-coding		WP_102746803.1	186	GOZ73_RS11915
NZ_AP021899.1	934	1329	pJ30893	minus	hypothetical protein		60881769	protein-coding		WP_155844644.1	131	GOZ73_RS11925
NZ_AP021899.1	1326	1631	pJ30893	minus	hypothetical protein		60881770	protein-coding		WP_155844645.1	101	GOZ73_RS11930
NZ_AP021899.1	1765	1932	pJ30893	minus	hypothetical protein		60881771	protein-coding		WP_155844646.1	55	GOZ73_RS11935
NZ_AP021899.1	1922	2206	pJ30893	minus	hypothetical protein		60881772	protein-coding		WP_162378861.1	94	GOZ73_RS11940
NZ_AP021899.1	2574	2789	pJ30893	minus	helix-turn-helix transcriptional regulator		60881773	protein-coding		WP_155844648.1	71	GOZ73_RS11945
NZ_AP021899.1	2861	3346	pJ30893	plus	super-infection exclusion protein B		300825839	protein-coding		WP_155844649.1	161	GOZ73_RS12650
NZ_AP021899.1	3358	3594	pJ30893	minus	ribbon-helix-helix domain-containing protein		300825840	protein-coding		WP_146020904.1	78	GOZ73_RS12655
NZ_AP021899.1	3548	3979	pJ30893	minus	hypothetical protein		60881775	protein-coding		WP_155844650.1	143	GOZ73_RS11960
NZ_AP021899.1	4418	4894	pJ30893	plus	Panacea domain-containing protein		60881776	protein-coding		WP_102748994.1	158	GOZ73_RS11965
NZ_AP021899.1	4899	5228	pJ30893	plus	hypothetical protein		60881777	protein-coding		WP_102748993.1	109	GOZ73_RS11970
NZ_AP021899.1	5645	6832	pJ30893	plus	tyrosine-type recombinase/integrase		60881778	protein-coding		WP_155844651.1	395	GOZ73_RS11975
NZ_AP021899.1	6865	7620	pJ30893	minus	hypothetical protein		60881779	protein-coding		WP_155844652.1	251	GOZ73_RS11980
NZ_AP021899.1	7577	7822	pJ30893	minus	YgiT-type zinc finger protein		300825841	protein-coding		WP_102749031.1	81	GOZ73_RS12660
NZ_AP021899.1	7819	9975	pJ30893	minus	hypothetical protein		60881781	protein-coding		WP_155844653.1	718	GOZ73_RS11990
NZ_AP021899.1	10027	10611	pJ30893	minus	DUF4339 domain-containing protein		60881782	protein-coding		WP_155844654.1	194	GOZ73_RS11995
NZ_AP021899.1	10658	12544	pJ30893	minus	hypothetical protein		60881783	protein-coding		WP_155844655.1	628	GOZ73_RS12000
NZ_AP021899.1	12566	12844	pJ30893	minus	hypothetical protein		60881784	protein-coding		WP_155844656.1	92	GOZ73_RS12005
NZ_AP021899.1	12877	14391	pJ30893	minus	BACON domain-containing protein		60881785	protein-coding		WP_155844657.1	504	GOZ73_RS12010
NZ_AP021899.1	14398	14928	pJ30893	minus	N-acetylmuramoyl-L-alanine amidase family protein		60881786	protein-coding		WP_155844658.1	176	GOZ73_RS12015
NZ_AP021899.1	14994	15245	pJ30893	minus	hypothetical protein		60881787	protein-coding		WP_155844659.1	83	GOZ73_RS12020
NZ_AP021899.1	15250	15720	pJ30893	minus	hypothetical protein		60881788	protein-coding		WP_155844660.1	156	GOZ73_RS12025
NZ_AP021899.1	15734	16141	pJ30893	minus	hypothetical protein		60881789	protein-coding		WP_155844661.1	135	GOZ73_RS12030
NZ_AP021899.1	16138	17859	pJ30893	minus	collagen-like domain-containing protein		60881790	protein-coding		WP_232053509.1	573	GOZ73_RS12035
NZ_AP021899.1	17977	18534	pJ30893	minus	hypothetical protein		60881791	protein-coding		WP_102739601.1	185	GOZ73_RS12040
NZ_AP021899.1	18642	18839	pJ30893	minus	hypothetical protein		60881792	protein-coding		WP_102747939.1	65	GOZ73_RS12045
NZ_AP021899.1	18836	19300	pJ30893	minus	hypothetical protein		60881793	protein-coding		WP_155844662.1	154	GOZ73_RS12050
NZ_AP021899.1	19278	19808	pJ30893	minus	hypothetical protein		60881794	protein-coding		WP_102747247.1	176	GOZ73_RS12055
NZ_AP021899.1	19805	20470	pJ30893	minus	hypothetical protein		60881795	protein-coding		WP_155844663.1	221	GOZ73_RS12060
NZ_AP021899.1	20461	21597	pJ30893	minus	hypothetical protein		60881796	protein-coding		WP_155844664.1	378	GOZ73_RS12065
NZ_AP021899.1	21594	22070	pJ30893	minus	hypothetical protein		60881797	protein-coding		WP_102739595.1	158	GOZ73_RS12070
NZ_AP021899.1	22092	22928	pJ30893	minus	major capsid protein		60881798	protein-coding		WP_155844665.1	278	GOZ73_RS12075
NZ_AP021899.1	23049	23480	pJ30893	minus	hypothetical protein		60881799	protein-coding		WP_102747252.1	143	GOZ73_RS12080
NZ_AP021899.1	23501	24622	pJ30893	minus	phage protease		60881800	protein-coding		WP_155844666.1	373	GOZ73_RS12085
NZ_AP021899.1	24597	25790	pJ30893	minus	phage portal protein family protein		60881801	protein-coding		WP_425513700.1	397	GOZ73_RS12090
NZ_AP021899.1	25984	26057	pJ30893	minus	tRNA-Arg		60881802	tRNA				GOZ73_RS12095
NZ_AP021899.1	26105	27412	pJ30893	minus	hypothetical protein		60881803	protein-coding		WP_155844667.1	435	GOZ73_RS12100
NZ_AP021899.1	27485	27934	pJ30893	minus	uncharacterized gene		60881804	pseudogene				GOZ73_RS12105
NZ_AP021899.1	28067	29077	pJ30893	minus	hypothetical protein		60881805	protein-coding		WP_155844669.1	336	GOZ73_RS12110
NZ_AP021899.1	29082	29606	pJ30893	minus	hypothetical protein		60881806	protein-coding		WP_155844670.1	174	GOZ73_RS12115
NZ_AP021899.1	29620	30090	pJ30893	minus	TRM11 family methyltransferase		60881807	protein-coding		WP_155844488.1	156	GOZ73_RS12120
NZ_AP021899.1	30554	30940	pJ30893	minus	hypothetical protein		60881808	protein-coding		WP_155844671.1	128	GOZ73_RS12125
NZ_AP021899.1	30921	31202	pJ30893	minus	hypothetical protein		60881809	protein-coding		WP_155844672.1	93	GOZ73_RS12130
NZ_AP021899.1	31209	31544	pJ30893	minus	hypothetical protein		60881810	protein-coding		WP_155844673.1	111	GOZ73_RS12135
NZ_AP021899.1	31541	32053	pJ30893	minus	crossover junction endodeoxyribonuclease RuvC		60881811	protein-coding		WP_155844674.1	170	GOZ73_RS12140
NZ_AP021899.1	32053	32742	pJ30893	minus	lambda exonuclease family protein		60881812	protein-coding		WP_155844675.1	229	GOZ73_RS12145
NZ_AP021899.1	32744	796	pJ30893	minus	recombinase RecT		60881768	protein-coding		WP_232053507.1	288	GOZ73_RS11920
