Accession	Begin	End	Chromosome	Orientation	Name	Symbol	Gene ID	Gene Type	Transcripts accession	Protein accession	Protein length	Locus tag
NZ_DS499571.1	1	488		plus	uncharacterized gene		73804332	pseudogene				ALIPUT_RS12215
NZ_DS499571.1	589	1039		plus	DUF2625 family protein		73802112	protein-coding		WP_004327462.1	150	ALIPUT_RS00020
NZ_DS499572.1	1	663		minus	uncharacterized gene		73802113	pseudogene				ALIPUT_RS00025
NZ_DS499572.1	951	1280		plus	hypothetical protein		73802114	protein-coding		WP_004327465.1	109	ALIPUT_RS00030
NZ_DS499572.1	1760	2014		plus	hypothetical protein		73804333	protein-coding		WP_231290526.1	84	ALIPUT_RS12220
NZ_DS499572.1	2197	2613		plus	uncharacterized gene		73802115	pseudogene				ALIPUT_RS00040
NZ_DS499572.1	2569	2776		minus	plasmid mobilization relaxosome protein MobC	mobC	99804927	protein-coding		WP_147554538.1	68	ALIPUT_RS13315
NZ_DS499573.1	1	1268		plus	V-type ATP synthase subunit I		73804393	protein-coding		WP_004327469.1	422	ALIPUT_RS12925
NZ_DS499573.1	1369	1764		plus	uncharacterized gene		73802116	pseudogene				ALIPUT_RS00050
NZ_DS499573.1	2048	2558		minus	TlpA family protein disulfide reductase		73802117	protein-coding		WP_050751413.1	169	ALIPUT_RS00055
NZ_DS499574.1	289	912		plus	hypothetical protein		73802118	protein-coding		WP_004327473.1	207	ALIPUT_RS00060
NZ_DS499574.1	1124	1951		minus	peptidase U32 family protein		73802119	protein-coding		WP_004327474.1	275	ALIPUT_RS00065
NZ_DS499575.1	1	562		minus	DUF7666 domain-containing protein		73802120	protein-coding		WP_004327475.1	187	ALIPUT_RS00070
NZ_DS499575.1	885	1077		plus	hypothetical protein		73804424	protein-coding		WP_222703785.1	63	ALIPUT_RS13080
NZ_DS499575.1	1046	1255		plus	hypothetical protein		73802121	protein-coding		WP_147554493.1	69	ALIPUT_RS00075
NZ_DS499575.1	1263	1519		plus	hypothetical protein		73804425	protein-coding		WP_222703786.1	85	ALIPUT_RS13085
NZ_DS499576.1	310	1047		minus	DUF4919 domain-containing protein		73802122	protein-coding		WP_004327478.1	245	ALIPUT_RS00080
NZ_DS499576.1	1127	1897		minus	4-hydroxy-tetrahydrodipicolinate synthase	dapA	73802123	protein-coding		WP_231290527.1	256	ALIPUT_RS00085
NZ_DS499576.1	2368	3621		minus	uncharacterized gene		73802124	pseudogene				ALIPUT_RS00090
NZ_DS499577.1	46	3345		plus	BACON domain-containing protein		73802125	protein-coding		WP_004327484.1	1099	ALIPUT_RS00095
NZ_DS499577.1	3834	5855		plus	dipeptidyl-peptidase 3 family protein		73802126	protein-coding		WP_147554487.1	673	ALIPUT_RS00105
NZ_DS499577.1	6151	6705		minus	PH domain-containing protein		73802127	protein-coding		WP_004327491.1	184	ALIPUT_RS00110
NZ_DS499577.1	6689	7387		minus	2-C-methyl-D-erythritol 4-phosphate cytidylyltransferase		73802128	protein-coding		WP_004327494.1	232	ALIPUT_RS00115
NZ_DS499577.1	7363	7782		minus	pyridoxamine 5'-phosphate oxidase family protein		73802129	protein-coding		WP_004327495.1	139	ALIPUT_RS00120
NZ_DS499577.1	7779	9092		minus	M23 family metallopeptidase		73802130	protein-coding		WP_004327496.1	437	ALIPUT_RS00125
NZ_DS499577.1	9309	10349		plus	tetraacyldisaccharide 4'-kinase	lpxK	73802131	protein-coding		WP_004327498.1	346	ALIPUT_RS00130
NZ_DS499577.1	10333	11139		plus	purine-nucleoside phosphorylase		73802132	protein-coding		WP_004327499.1	268	ALIPUT_RS00135
NZ_DS499577.1	11149	11631		plus	single-stranded DNA-binding protein		73802133	protein-coding		WP_004327500.1	160	ALIPUT_RS00140
NZ_DS499577.1	11737	12444		plus	CPBP family intramembrane metalloprotease		73802134	protein-coding		WP_004327501.1	235	ALIPUT_RS00145
NZ_DS499577.1	12676	13269		minus	hypothetical protein		73802135	protein-coding		WP_004327502.1	197	ALIPUT_RS00150
NZ_DS499577.1	13340	14068		minus	SDR family NAD(P)-dependent oxidoreductase		73802136	protein-coding		WP_004327503.1	242	ALIPUT_RS00155
NZ_DS499577.1	14304	16463		minus	hypothetical protein		73802137	protein-coding		WP_004327504.1	719	ALIPUT_RS00160
NZ_DS499577.1	16771	18072		plus	BACON domain-containing protein		73802138	protein-coding		WP_004327505.1	433	ALIPUT_RS00165
NZ_DS499577.1	18449	18883		minus	deoxycytidylate deaminase		73802139	protein-coding		WP_004327506.1	144	ALIPUT_RS00170
NZ_DS499577.1	18903	22196		minus	preprotein translocase subunit SecA	secA	73802140	protein-coding		WP_004327507.1	1097	ALIPUT_RS00175
NZ_DS499577.1	22409	23353		minus	DMT family transporter		73802141	protein-coding		WP_004327508.1	314	ALIPUT_RS00180
NZ_DS499577.1	23566	24528		minus	DUF2851 family protein		73802142	protein-coding		WP_004327510.1	320	ALIPUT_RS00190
NZ_DS499577.1	24532	24852		minus	metal-sulfur cluster assembly factor		73802143	protein-coding		WP_004327511.1	106	ALIPUT_RS00195
NZ_DS499577.1	24865	25281		minus	SufE family protein		73802144	protein-coding		WP_004327512.1	138	ALIPUT_RS00200
NZ_DS499577.1	25284	26915		minus	alkaline phosphatase family protein		73802145	protein-coding		WP_004327513.1	543	ALIPUT_RS00205
NZ_DS499577.1	27024	27647		minus	chloramphenicol acetyltransferase		73802146	protein-coding		WP_004327514.1	207	ALIPUT_RS00210
NZ_DS499577.1	27655	28614		minus	GSCFA domain-containing protein		73802147	protein-coding		WP_040293005.1	319	ALIPUT_RS00215
NZ_DS499577.1	28824	29630		plus	4-(cytidine 5'-diphospho)-2-C-methyl-D-erythritol kinase	ispE	73802148	protein-coding		WP_004327517.1	268	ALIPUT_RS00220
NZ_DS499577.1	29658	30110		minus	ribose 5-phosphate isomerase B	rpiB	73802149	protein-coding		WP_004327518.1	150	ALIPUT_RS00225
NZ_DS499577.1	30383	32206		minus	MFS transporter		73802150	protein-coding		WP_004327520.1	607	ALIPUT_RS00230
NZ_DS499577.1	32516	32887		plus	YbaN family protein		73802151	protein-coding		WP_004327522.1	123	ALIPUT_RS00235
NZ_DS499577.1	32865	33773		minus	DMT family transporter		73802152	protein-coding		WP_004327523.1	302	ALIPUT_RS00240
NZ_DS499577.1	33775	34092		minus	hypothetical protein		73802153	protein-coding		WP_004327524.1	105	ALIPUT_RS00245
NZ_DS499577.1	34096	35898		minus	translational GTPase TypA	typA	73802154	protein-coding		WP_004327525.1	600	ALIPUT_RS00250
NZ_DS499577.1	36242	37066		minus	leucine-rich repeat domain-containing protein		73802155	protein-coding		WP_187117654.1	274	ALIPUT_RS00255
NZ_DS499577.1	37035	37496		minus	leucine-rich repeat domain-containing protein		73804288	protein-coding		WP_004327527.1	153	ALIPUT_RS11925
NZ_DS499577.1	37976	39247		minus	malic enzyme-like NAD(P)-binding protein		73802156	protein-coding		WP_147554489.1	423	ALIPUT_RS00265
NZ_DS499577.1	39356	40219		minus	nitroreductase family protein		73802157	protein-coding		WP_004327529.1	287	ALIPUT_RS00270
NZ_DS499577.1	40252	41097		minus	hypothetical protein		73802158	protein-coding		WP_040293008.1	281	ALIPUT_RS00275
NZ_DS499577.1	41153	42169		minus	Holliday junction branch migration DNA helicase RuvB	ruvB	73802159	protein-coding		WP_004327531.1	338	ALIPUT_RS00280
NZ_DS499577.1	42807	42878		minus	tRNA-Arg		73802160	tRNA				ALIPUT_RS00285
NZ_DS499577.1	42910	43539		plus	S24 family peptidase		73802161	protein-coding		WP_004327535.1	209	ALIPUT_RS00290
NZ_DS499577.1	43549	44142		plus	riboflavin synthase		73802162	protein-coding		WP_004327536.1	197	ALIPUT_RS00295
NZ_DS499577.1	44139	45188		plus	sensor histidine kinase		73802163	protein-coding		WP_004327537.1	349	ALIPUT_RS00300
NZ_DS499577.1	45202	46107		plus	prolipoprotein diacylglyceryl transferase	lgt	73802164	protein-coding		WP_004327538.1	301	ALIPUT_RS00305
NZ_DS499577.1	46104	47099		plus	hypothetical protein		73802165	protein-coding		WP_004327539.1	331	ALIPUT_RS00310
NZ_DS499577.1	47096	47587		plus	GtrA family protein		73802166	protein-coding		WP_004327540.1	163	ALIPUT_RS00315
NZ_DS499577.1	47819	48964		minus	iron-containing alcohol dehydrogenase		73802167	protein-coding		WP_004327541.1	381	ALIPUT_RS00320
NZ_DS499577.1	49072	51114		minus	excinuclease ABC subunit UvrB	uvrB	73802168	protein-coding		WP_004327542.1	680	ALIPUT_RS00325
NZ_DS499577.1	51277	52098		plus	DUF5694 domain-containing protein		73802169	protein-coding		WP_040293009.1	273	ALIPUT_RS00330
NZ_DS499577.1	52134	54110		plus	DNA primase	dnaG	73802170	protein-coding		WP_004327544.1	658	ALIPUT_RS00335
NZ_DS499577.1	54383	54847		plus	SsrA-binding protein SmpB	smpB	73802171	protein-coding		WP_022460686.1	154	ALIPUT_RS00340
NZ_DS499577.1	55102	55809		plus	tRNA (adenosine(37)-N6)-threonylcarbamoyltransferase complex dimerization subunit type 1 TsaB	tsaB	73802172	protein-coding		WP_022460687.1	235	ALIPUT_RS00345
NZ_DS499577.1	55868	56218		plus	hypothetical protein		73802173	protein-coding		WP_004327548.1	116	ALIPUT_RS00350
NZ_DS499577.1	56544	57227		minus	M48 family metallopeptidase		73802174	protein-coding		WP_004327550.1	227	ALIPUT_RS00360
NZ_DS499577.1	57253	57984		minus	23S rRNA (guanosine(2251)-2'-O)-methyltransferase RlmB	rlmB	73802175	protein-coding		WP_004327551.1	243	ALIPUT_RS00365
NZ_DS499577.1	58110	58697		minus	flavodoxin family protein		73802176	protein-coding		WP_004327552.1	195	ALIPUT_RS00370
NZ_DS499577.1	58729	60660		minus	ribosomal protection-like ABC-F family protein	abc-f	73802177	protein-coding		WP_004327553.1	643	ALIPUT_RS00375
NZ_DS499577.1	60742	61392		minus	ribulose-phosphate 3-epimerase	rpe	73802178	protein-coding		WP_081443347.1	216	ALIPUT_RS00380
NZ_DS499577.1	61719	63359		minus	hypothetical protein		73802179	protein-coding		WP_147554491.1	546	ALIPUT_RS00385
NZ_DS499577.1	63586	64485		minus	hypothetical protein		73802180	protein-coding		WP_187117655.1	299	ALIPUT_RS00390
NZ_DS499577.1	64711	65283		minus	hypothetical protein		73802181	protein-coding		WP_004327557.1	190	ALIPUT_RS00395
NZ_DS499577.1	65530	66840		plus	DNA recombination protein RmuC		73802182	protein-coding		WP_004327559.1	436	ALIPUT_RS00405
NZ_DS499577.1	67035	67553		minus	GNAT family N-acetyltransferase		73802183	protein-coding		WP_004327560.1	172	ALIPUT_RS00410
NZ_DS499577.1	67553	68785		minus	ROK family transcriptional regulator		73802184	protein-coding		WP_004327561.1	410	ALIPUT_RS00415
NZ_DS499577.1	68944	69825		minus	ACP S-malonyltransferase	fabD	73802185	protein-coding		WP_004327562.1	293	ALIPUT_RS00420
NZ_DS499577.1	70536	71804		minus	rubredoxin	rd	79397130	protein-coding		WP_004327563.1	422	ALIPUT_RS13250
NZ_DS499577.1	71874	72842		minus	class A beta-lactamase, subclass A2	bla	73802186	protein-coding		WP_004327564.1	322	ALIPUT_RS00430
NZ_DS499577.1	73091	75472		plus	TonB-dependent receptor		73802187	protein-coding		WP_004327565.1	793	ALIPUT_RS00435
NZ_DS499577.1	75483	76502		plus	magnesium/cobalt transporter CorA	corA	73802188	protein-coding		WP_004327566.1	339	ALIPUT_RS00440
NZ_DS499577.1	76650	77855		plus	hypothetical protein		73802189	protein-coding		WP_004327567.1	401	ALIPUT_RS00445
NZ_DS499577.1	78104	78361		minus	helix-turn-helix domain-containing protein		73802190	protein-coding		WP_004327569.1	85	ALIPUT_RS00450
NZ_DS499577.1	78395	79063		minus	DNA adenine methylase		73802191	protein-coding		WP_004327570.1	222	ALIPUT_RS00455
NZ_DS499577.1	79245	79400		minus	DNA adenine methylase		73804394	protein-coding		WP_004327571.1	51	ALIPUT_RS12930
NZ_DS499577.1	79996	80367		minus	EVE domain-containing protein		73804289	protein-coding		WP_004327573.1	123	ALIPUT_RS11935
NZ_DS499577.1	81418	81490		minus	tRNA-Lys		73802192	tRNA				ALIPUT_RS00470
NZ_DS499577.1	82327	84654		plus	hypothetical protein		73802193	protein-coding		WP_040293015.1	775	ALIPUT_RS00475
NZ_DS499577.1	85870	87201		minus	glycoside hydrolase family 2 TIM barrel-domain containing protein		73802194	protein-coding		WP_004327588.1	443	ALIPUT_RS00485
NZ_DS499577.1	87442	87885		plus	type I restriction enzyme HsdR N-terminal domain-containing protein		73802195	protein-coding		WP_040293271.1	147	ALIPUT_RS00490
NZ_DS499577.1	88155	88505		plus	DUF8177 domain-containing protein		73802196	protein-coding		WP_004327590.1	116	ALIPUT_RS00495
NZ_DS499577.1	88817	89560		minus	LytR/AlgR family response regulator transcription factor		73802197	protein-coding		WP_004327592.1	247	ALIPUT_RS00500
NZ_DS499577.1	89554	90606		minus	sensor histidine kinase		73802198	protein-coding		WP_004327593.1	350	ALIPUT_RS00505
NZ_DS499577.1	91000	92700		minus	AMP-binding protein		73802199	protein-coding		WP_004327595.1	566	ALIPUT_RS00515
NZ_DS499577.1	93258	93917		minus	glycerol-3-phosphate 1-O-acyltransferase PlsY	plsY	73802200	protein-coding		WP_004327603.1	219	ALIPUT_RS00520
NZ_DS499577.1	94081	95079		plus	YitT family protein		73802201	protein-coding		WP_040293272.1	332	ALIPUT_RS00525
NZ_DS499577.1	95169	96545		plus	tRNA (N6-isopentenyl adenosine(37)-C2)-methylthiotransferase MiaB	miaB	73802202	protein-coding		WP_004327606.1	458	ALIPUT_RS00530
NZ_DS499577.1	96574	98004		plus	DEAD/DEAH box helicase		73802203	protein-coding		WP_004327607.1	476	ALIPUT_RS00535
NZ_DS499577.1	98482	99984		minus	catalase		73802204	protein-coding		WP_004327608.1	500	ALIPUT_RS00540
NZ_DS499577.1	100206	100282		plus	tRNA-Ala		73802205	tRNA				ALIPUT_RS00545
NZ_DS499577.1	100429	101742		plus	phage integrase SAM-like domain-containing protein		73804290	protein-coding		WP_081443351.1	437	ALIPUT_RS11940
NZ_DS499577.1	101846	102025		plus	type II toxin-antitoxin system HicA family toxin		99804928	protein-coding		WP_022460571.1	59	ALIPUT_RS13320
NZ_DS499577.1	102075	102479		plus	helix-turn-helix domain-containing protein		73802206	protein-coding		WP_004327610.1	134	ALIPUT_RS00555
NZ_DS499577.1	102622	102897		minus	hypothetical protein		73802207	protein-coding		WP_004327611.1	91	ALIPUT_RS00560
NZ_DS499577.1	103165	103302		plus	hypothetical protein		73804395	protein-coding		WP_004327613.1	45	ALIPUT_RS12935
NZ_DS499577.1	103348	103593		plus	DUF5053 domain-containing protein		73802208	protein-coding		WP_004327614.1	81	ALIPUT_RS00570
NZ_DS499577.1	103654	104013		minus	Bor family protein		73804335	protein-coding		WP_081443352.1	119	ALIPUT_RS12265
NZ_DS499577.1	104517	104726		minus	hypothetical protein		73802209	protein-coding		WP_147554493.1	69	ALIPUT_RS00575
NZ_DS499577.1	104849	105388		minus	hypothetical protein		73802210	protein-coding		WP_004327617.1	179	ALIPUT_RS00580
NZ_DS499577.1	105514	105783		plus	hypothetical protein		73802211	protein-coding		WP_004327618.1	89	ALIPUT_RS00585
NZ_DS499577.1	105794	106051		plus	hypothetical protein		73802212	protein-coding		WP_004327620.1	85	ALIPUT_RS00590
NZ_DS499577.1	106103	106390		plus	hypothetical protein		73802213	protein-coding		WP_004327622.1	95	ALIPUT_RS00595
NZ_DS499577.1	106793	108418		plus	A1S_2505 family phage non-structural protein		73804396	protein-coding		WP_004327624.1	541	ALIPUT_RS12940
NZ_DS499577.1	108454	108630		plus	hypothetical protein		73804397	protein-coding		WP_004327626.1	58	ALIPUT_RS12945
NZ_DS499577.1	108684	109505		plus	hypothetical protein		73802214	protein-coding		WP_004327628.1	273	ALIPUT_RS00605
NZ_DS499577.1	110086	110214		plus	hypothetical protein		75428744	protein-coding		WP_004327630.1	42	ALIPUT_RS13225
NZ_DS499577.1	110211	110666		plus	hypothetical protein		73802215	protein-coding		WP_050751417.1	151	ALIPUT_RS00610
NZ_DS499577.1	110856	111509		plus	RAD52 family DNA repair protein		73802216	protein-coding		WP_004327633.1	217	ALIPUT_RS00615
NZ_DS499577.1	111499	111960		plus	hypothetical protein		73802217	protein-coding		WP_004327634.1	153	ALIPUT_RS00620
NZ_DS499577.1	111963	112259		plus	hypothetical protein		73802218	protein-coding		WP_004327635.1	98	ALIPUT_RS00625
NZ_DS499577.1	112418	112786		plus	hypothetical protein		73802219	protein-coding		WP_004327637.1	122	ALIPUT_RS00630
NZ_DS499577.1	112838	113851		plus	DUF4373 domain-containing protein		73804291	protein-coding		WP_004327638.1	337	ALIPUT_RS11945
NZ_DS499577.1	113854	114441		plus	hypothetical protein		73802220	protein-coding		WP_004327639.1	195	ALIPUT_RS00640
NZ_DS499577.1	114438	114794		plus	PDDEXK family nuclease		73802221	protein-coding		WP_004327640.1	118	ALIPUT_RS00645
NZ_DS499577.1	114864	115412		plus	hypothetical protein		73802222	protein-coding		WP_004327641.1	182	ALIPUT_RS00650
NZ_DS499577.1	115418	116017		plus	zinc finger CCCH domain-containing protein		73802223	protein-coding		WP_004327642.1	199	ALIPUT_RS00655
NZ_DS499577.1	116032	116910		plus	radical SAM protein		73802224	protein-coding		WP_040293029.1	292	ALIPUT_RS00660
NZ_DS499577.1	116907	117272		plus	nucleoside triphosphate pyrophosphohydrolase family protein		73802225	protein-coding		WP_004327644.1	121	ALIPUT_RS00665
NZ_DS499577.1	117287	118108		plus	hypothetical protein		73802226	protein-coding		WP_004327645.1	273	ALIPUT_RS00670
NZ_DS499577.1	118122	119081		plus	DNA cytosine methyltransferase		73802227	protein-coding		WP_004327646.1	319	ALIPUT_RS00675
NZ_DS499577.1	119078	119362		plus	hypothetical protein		73802228	protein-coding		WP_004327647.1	94	ALIPUT_RS00680
NZ_DS499577.1	119477	119815		plus	YopX family protein		73804292	protein-coding		WP_004327648.1	112	ALIPUT_RS11950
NZ_DS499577.1	120117	120386		plus	hypothetical protein		73802229	protein-coding		WP_004327650.1	89	ALIPUT_RS00690
NZ_DS499577.1	120383	120817		plus	hypothetical protein		73802230	protein-coding		WP_004327651.1	144	ALIPUT_RS00695
NZ_DS499577.1	120814	121149		plus	hypothetical protein		73802231	protein-coding		WP_004327652.1	111	ALIPUT_RS00700
NZ_DS499577.1	121197	121598		plus	mediator of RNA polymerase II transcription subunit 21		73802232	protein-coding		WP_004327653.1	133	ALIPUT_RS00705
NZ_DS499577.1	122013	122369		plus	hypothetical protein		73802233	protein-coding		WP_004327655.1	118	ALIPUT_RS00710
NZ_DS499577.1	122366	122701		plus	hypothetical protein		73802234	protein-coding		WP_004327652.1	111	ALIPUT_RS00715
NZ_DS499577.1	122749	123150		plus	mediator of RNA polymerase II transcription subunit 21		73802235	protein-coding		WP_004327656.1	133	ALIPUT_RS00720
NZ_DS499577.1	124242	124670		minus	hypothetical protein		73802236	protein-coding		WP_004327660.1	142	ALIPUT_RS00735
NZ_DS499577.1	124737	125144		minus	DUF7841 family protein		73802237	protein-coding		WP_004327661.1	135	ALIPUT_RS00740
NZ_DS499577.1	125193	125453		minus	hypothetical protein		73802238	protein-coding		WP_004327662.1	86	ALIPUT_RS00745
NZ_DS499577.1	125450	125956		minus	hypothetical protein		73802239	protein-coding		WP_004327663.1	168	ALIPUT_RS00750
NZ_DS499577.1	126028	126369		minus	hypothetical protein		73802240	protein-coding		WP_004327664.1	113	ALIPUT_RS00755
NZ_DS499577.1	126389	127285		minus	hypothetical protein		73802241	protein-coding		WP_004327665.1	298	ALIPUT_RS00760
NZ_DS499577.1	127382	127684		minus	hypothetical protein		73802242	protein-coding		WP_004327666.1	100	ALIPUT_RS00765
NZ_DS499577.1	127867	128055		minus	hypothetical protein		73802243	protein-coding		WP_004327667.1	62	ALIPUT_RS00770
NZ_DS499577.1	128076	128663		minus	DUF6808 domain-containing protein		73802244	protein-coding		WP_004327668.1	195	ALIPUT_RS00775
NZ_DS499577.1	128679	129083		minus	hypothetical protein		73802245	protein-coding		WP_004327669.1	134	ALIPUT_RS00780
NZ_DS499577.1	129080	129601		minus	phage holin family protein		73802246	protein-coding		WP_004327670.1	173	ALIPUT_RS00785
NZ_DS499577.1	129607	134766		minus	hypothetical protein		73804293	protein-coding		WP_004327671.1	1719	ALIPUT_RS11955
NZ_DS499577.1	134991	135785		minus	DUF3825 domain-containing protein		73802247	protein-coding		WP_004327672.1	264	ALIPUT_RS00795
NZ_DS499577.1	136154	136582		minus	hypothetical protein		73802248	protein-coding		WP_004327674.1	142	ALIPUT_RS00800
NZ_DS499577.1	136579	136974		minus	hypothetical protein		73802249	protein-coding		WP_004327675.1	131	ALIPUT_RS00805
NZ_DS499577.1	137087	137659		plus	hypothetical protein		73802250	protein-coding		WP_004327676.1	190	ALIPUT_RS00810
NZ_DS499577.1	137759	138103		minus	type II toxin-antitoxin system HicB family antitoxin		73802251	protein-coding		WP_004327677.1	114	ALIPUT_RS00815
NZ_DS499577.1	138100	138351		minus	type II toxin-antitoxin system HicA family toxin		73802252	protein-coding		WP_004327678.1	83	ALIPUT_RS00820
NZ_DS499577.1	138631	139374		plus	phage regulatory protein/antirepressor Ant		73804294	protein-coding		WP_004327679.1	247	ALIPUT_RS11960
NZ_DS499577.1	139371	139646		plus	hypothetical protein		73802253	protein-coding		WP_004327680.1	91	ALIPUT_RS00835
NZ_DS499577.1	139649	139828		plus	hypothetical protein		73802254	protein-coding		WP_004327681.1	59	ALIPUT_RS00840
NZ_DS499577.1	140099	144112		minus	coiled-coil domain-containing protein		73802255	protein-coding		WP_004327683.1	1337	ALIPUT_RS00845
NZ_DS499577.1	144109	144678		minus	hypothetical protein		73802256	protein-coding		WP_004327684.1	189	ALIPUT_RS00850
NZ_DS499577.1	144671	145024		minus	hypothetical protein		73802257	protein-coding		WP_004327685.1	117	ALIPUT_RS00855
NZ_DS499577.1	145100	145660		minus	hypothetical protein		73802258	protein-coding		WP_004327686.1	186	ALIPUT_RS00860
NZ_DS499577.1	145665	146066		minus	hypothetical protein		73802259	protein-coding		WP_004327687.1	133	ALIPUT_RS00865
NZ_DS499577.1	146414	146728		minus	DUF6706 family protein		73802260	protein-coding		WP_004327689.1	104	ALIPUT_RS00875
NZ_DS499577.1	146740	147852		minus	major capsid protein		73802261	protein-coding		WP_004327691.1	370	ALIPUT_RS00880
NZ_DS499577.1	147855	148418		minus	hypothetical protein		73802262	protein-coding		WP_004327693.1	187	ALIPUT_RS00885
NZ_DS499577.1	148431	149114		minus	hypothetical protein		73804398	protein-coding		WP_004327694.1	227	ALIPUT_RS12950
NZ_DS499577.1	149396	150811		minus	phage portal protein		73802263	protein-coding		WP_004327696.1	471	ALIPUT_RS00895
NZ_DS499577.1	150815	152233		minus	phage terminase large subunit		73802264	protein-coding		WP_004327698.1	472	ALIPUT_RS00900
NZ_DS499577.1	152214	152840		minus	terminase small subunit		73804295	protein-coding		WP_004327699.1	208	ALIPUT_RS11970
NZ_DS499577.1	153464	153910		minus	hypothetical protein		73802265	protein-coding		WP_004327700.1	148	ALIPUT_RS00910
NZ_DS499577.1	154027	155331		minus	ribosome biogenesis GTPase Der	der	73802266	protein-coding		WP_040293038.1	434	ALIPUT_RS00915
NZ_DS499577.1	155713	157770		minus	cation:proton antiporter		73802267	protein-coding		WP_004327703.1	685	ALIPUT_RS00920
NZ_DS499577.1	158199	159377		plus	MFS transporter		73802268	protein-coding		WP_004327705.1	392	ALIPUT_RS00925
NZ_DS499577.1	159382	160023		plus	outer membrane beta-barrel protein		73802269	protein-coding		WP_004327706.1	213	ALIPUT_RS00930
NZ_DS499577.1	160027	161010		plus	PhoH family protein		73802270	protein-coding		WP_004327707.1	327	ALIPUT_RS00935
NZ_DS499577.1	161040	162503		plus	aminoacyl-histidine dipeptidase		73802271	protein-coding		WP_004327708.1	487	ALIPUT_RS00940
NZ_DS499577.1	162519	163511		plus	diacylglycerol/lipid kinase family protein		73802272	protein-coding		WP_004327709.1	330	ALIPUT_RS00945
NZ_DS499577.1	164097	165197		plus	redox-regulated ATPase YchF	ychF	73802273	protein-coding		WP_004327712.1	366	ALIPUT_RS00955
NZ_DS499577.1	165332	166063		plus	SIMPL domain-containing protein		73802274	protein-coding		WP_004327713.1	243	ALIPUT_RS00960
NZ_DS499577.1	166069	166341		plus	hypothetical protein		73802275	protein-coding		WP_004327714.1	90	ALIPUT_RS00965
NZ_DS499577.1	166348	167880		plus	glutamate--tRNA ligase	gltX	73802276	protein-coding		WP_004327715.1	510	ALIPUT_RS00970
NZ_DS499577.1	167883	168938		plus	aldose epimerase family protein		73802277	protein-coding		WP_004327716.1	351	ALIPUT_RS00975
NZ_DS499577.1	169343	171589		plus	TonB-dependent receptor		73802278	protein-coding		WP_040293039.1	748	ALIPUT_RS00980
NZ_DS499577.1	171593	172171		plus	nicotinamide riboside transporter PnuC	pnuC	73802279	protein-coding		WP_004327718.1	192	ALIPUT_RS00985
NZ_DS499577.1	172196	172582		minus	MmcQ/YjbR family DNA-binding protein		73802280	protein-coding		WP_022460554.1	128	ALIPUT_RS00990
NZ_DS499577.1	172806	174299		plus	hypothetical protein		73802281	protein-coding		WP_004327720.1	497	ALIPUT_RS00995
NZ_DS499577.1	174302	175012		plus	16S rRNA (cytidine(1402)-2'-O)-methyltransferase	rsmI	73802282	protein-coding		WP_004327721.1	236	ALIPUT_RS01000
NZ_DS499577.1	175013	176410		plus	TIGR00341 family protein		73802283	protein-coding		WP_004327722.1	465	ALIPUT_RS01005
NZ_DS499577.1	176403	177371		plus	lysophospholipid acyltransferase family protein		73802284	protein-coding		WP_004327723.1	322	ALIPUT_RS01010
NZ_DS499577.1	177350	178363		plus	glycosyltransferase family 2 protein		73802285	protein-coding		WP_004327724.1	337	ALIPUT_RS01015
NZ_DS499577.1	178617	179336		plus	polyprenol monophosphomannose synthase		73802286	protein-coding		WP_004327725.1	239	ALIPUT_RS01020
NZ_DS499577.1	179412	179873		plus	GNAT family N-acetyltransferase		73802287	protein-coding		WP_004327726.1	153	ALIPUT_RS01025
NZ_DS499577.1	180033	181715		minus	glutamine--tRNA ligase/YqeY domain fusion protein		73802288	protein-coding		WP_004327727.1	560	ALIPUT_RS01030
NZ_DS499577.1	181763	182809		minus	hypothetical protein		73802289	protein-coding		WP_004327728.1	348	ALIPUT_RS01035
NZ_DS499577.1	182970	183506		plus	RNA methyltransferase		73802290	protein-coding		WP_004327729.1	178	ALIPUT_RS01040
NZ_DS499577.1	183585	184400		plus	3-methyl-2-oxobutanoate hydroxymethyltransferase	panB	73802291	protein-coding		WP_004327730.1	271	ALIPUT_RS01045
NZ_DS499577.1	184860	186380		plus	hypothetical protein		73802292	protein-coding		WP_004327731.1	506	ALIPUT_RS01055
NZ_DS499577.1	186446	187776		minus	IS3 family transposase		73804336	protein-coding		WP_390384717.1	443	ALIPUT_RS12270
NZ_DS499577.1	187835	188737		minus	hypothetical protein		73802293	protein-coding		WP_004327734.1	300	ALIPUT_RS01070
NZ_DS499577.1	189125	190597		plus	IMP dehydrogenase	guaB	73802294	protein-coding		WP_004327736.1	490	ALIPUT_RS01075
NZ_DS499577.1	190612	190854		plus	hypothetical protein		73802295	protein-coding		WP_004327737.1	80	ALIPUT_RS01080
NZ_DS499577.1	190855	192390		plus	glutamine-hydrolyzing GMP synthase	guaA	73802296	protein-coding		WP_004327738.1	511	ALIPUT_RS01085
NZ_DS499577.1	192543	194249		minus	glycoside hydrolase family 13 protein		73802297	protein-coding		WP_004327739.1	568	ALIPUT_RS01090
NZ_DS499577.1	194533	195516		minus	nucleotidyltransferase domain-containing protein		73802298	protein-coding		WP_050751430.1	327	ALIPUT_RS01095
NZ_DS499577.1	195770	196909		minus	DegT/DnrJ/EryC1/StrS family aminotransferase		73802299	protein-coding		WP_004327741.1	379	ALIPUT_RS01100
NZ_DS499577.1	196916	197524		minus	sugar transferase		73802300	protein-coding		WP_004327742.1	202	ALIPUT_RS01105
NZ_DS499577.1	197536	198357		minus	glycosyltransferase		73802301	protein-coding		WP_004327743.1	273	ALIPUT_RS01110
NZ_DS499577.1	198363	199400		minus	glycosyltransferase		73802302	protein-coding		WP_022460537.1	345	ALIPUT_RS01115
NZ_DS499577.1	199409	200506		minus	glycosyltransferase family 4 protein		73802303	protein-coding		WP_004327745.1	365	ALIPUT_RS01120
NZ_DS499577.1	200511	201620		minus	sugar-transfer associated ATP-grasp domain-containing protein		73802304	protein-coding		WP_004327746.1	369	ALIPUT_RS01125
NZ_DS499577.1	201622	202413		minus	ATP-grasp fold amidoligase family protein		73802305	protein-coding		WP_231290529.1	263	ALIPUT_RS01130
NZ_DS499577.1	202564	203355		minus	ATP-grasp fold amidoligase family protein		73802306	protein-coding		WP_004327748.1	263	ALIPUT_RS01135
NZ_DS499577.1	203550	204683		minus	CapA family protein		73802307	protein-coding		WP_004327749.1	377	ALIPUT_RS01140
NZ_DS499577.1	204680	205687		minus	acyltransferase family protein		99804929	protein-coding		WP_040293051.1	335	ALIPUT_RS13325
NZ_DS499577.1	205704	206717		minus	acyltransferase family protein		99804930	protein-coding		WP_367400423.1	337	ALIPUT_RS13330
NZ_DS499577.1	206806	207963		minus	acyltransferase family protein		73802308	protein-coding		WP_004327752.1	385	ALIPUT_RS01155
NZ_DS499577.1	207967	209073		minus	EpsG family protein		99804931	protein-coding		WP_004327753.1	368	ALIPUT_RS13335
NZ_DS499577.1	209077	209916		minus	NAD-dependent epimerase/dehydratase family protein		73802309	protein-coding		WP_004327754.1	279	ALIPUT_RS01165
NZ_DS499577.1	209951	210925		minus	WaaS/CpsH family glycosyltransferase		73802310	protein-coding		WP_004327755.1	324	ALIPUT_RS01170
NZ_DS499577.1	210918	212144		minus	lipopolysaccharide biosynthesis protein		73802311	protein-coding		WP_004327756.1	408	ALIPUT_RS01175
NZ_DS499577.1	212141	212395		minus	hypothetical protein		99804932	protein-coding		WP_004327757.1	84	ALIPUT_RS13340
NZ_DS499577.1	212717	213751		minus	NAD-dependent epimerase		73802312	protein-coding		WP_004327759.1	344	ALIPUT_RS01185
NZ_DS499577.1	213885	215195		minus	UDP-glucose dehydrogenase family protein		73802313	protein-coding		WP_004327760.1	436	ALIPUT_RS01190
NZ_DS499577.1	215274	216332		minus	dTDP-glucose 4,6-dehydratase	rfbB	73802314	protein-coding		WP_004327762.1	352	ALIPUT_RS01195
NZ_DS499577.1	216395	217255		minus	dTDP-4-dehydrorhamnose reductase	rfbD	73802315	protein-coding		WP_004327764.1	286	ALIPUT_RS01200
NZ_DS499577.1	217248	217820		minus	dTDP-4-dehydrorhamnose 3,5-epimerase	rfbC	73802316	protein-coding		WP_004327766.1	190	ALIPUT_RS01205
NZ_DS499577.1	217820	218713		minus	glucose-1-phosphate thymidylyltransferase RfbA	rfbA	73802317	protein-coding		WP_004327768.1	297	ALIPUT_RS01210
NZ_DS499577.1	218747	220678		minus	polysaccharide biosynthesis protein		73802318	protein-coding		WP_004327769.1	643	ALIPUT_RS01215
NZ_DS499577.1	220868	221413		minus	UpxY family transcription antiterminator		73802319	protein-coding		WP_004327770.1	181	ALIPUT_RS01220
NZ_DS499577.1	222607	222694		minus	tRNA-Ser		73802320	tRNA				ALIPUT_RS01230
NZ_DS499577.1	222797	224863		minus	LTA synthase family protein		73802321	protein-coding		WP_004327772.1	688	ALIPUT_RS01235
NZ_DS499577.1	225005	226450		plus	Fe-S cluster assembly protein SufB	sufB	73802322	protein-coding		WP_004327774.1	481	ALIPUT_RS01240
NZ_DS499577.1	226533	227285		plus	Fe-S cluster assembly ATPase SufC	sufC	73802323	protein-coding		WP_004327775.1	250	ALIPUT_RS01245
NZ_DS499577.1	227288	228118		plus	SufD family Fe-S cluster assembly protein		73802324	protein-coding		WP_004327776.1	276	ALIPUT_RS01250
NZ_DS499577.1	228123	229340		plus	aminotransferase class V-fold PLP-dependent enzyme		73802325	protein-coding		WP_004327777.1	405	ALIPUT_RS01255
NZ_DS499577.1	229348	230025		plus	nucleoside/nucleotide kinase family protein		73802326	protein-coding		WP_004327778.1	225	ALIPUT_RS01260
NZ_DS499577.1	230445	231569		plus	BT_3928 family protein		73802327	protein-coding		WP_229089913.1	374	ALIPUT_RS01265
NZ_DS499577.1	231928	232323		minus	OsmC family protein		73802328	protein-coding		WP_004327780.1	131	ALIPUT_RS01270
NZ_DS499577.1	232894	235881		plus	tetratricopeptide repeat protein		73802329	protein-coding		WP_004327782.1	995	ALIPUT_RS01275
NZ_DS499577.1	235886	237640		plus	TonB-dependent receptor		73802330	protein-coding		WP_004327783.1	584	ALIPUT_RS01280
NZ_DS499577.1	237704	238477		minus	prephenate dehydrogenase/arogenate dehydrogenase family protein		73802331	protein-coding		WP_004327784.1	257	ALIPUT_RS01285
NZ_DS499577.1	238684	239748		minus	bifunctional 3-deoxy-7-phosphoheptulonate synthase/chorismate mutase type II		73802332	protein-coding		WP_004327785.1	354	ALIPUT_RS01290
NZ_DS499577.1	239811	241079		minus	pyridoxal phosphate-dependent aminotransferase		73802333	protein-coding		WP_004327786.1	422	ALIPUT_RS01295
NZ_DS499577.1	241373	242410		plus	3-dehydroquinate synthase		73802334	protein-coding		WP_187117656.1	345	ALIPUT_RS01300
NZ_DS499577.1	242463	244439		plus	3-phosphoshikimate 1-carboxyvinyltransferase	aroA	73802335	protein-coding		WP_004327789.1	658	ALIPUT_RS01305
NZ_DS499577.1	244553	245566		plus	chorismate synthase	aroC	73802336	protein-coding		WP_004327790.1	337	ALIPUT_RS01310
NZ_DS499577.1	245799	245897		minus	signal recognition particle sRNA small type	ffs	73804337	other				ALIPUT_RS12280
NZ_DS499577.1	246037	247062		plus	endolytic transglycosylase MltG	mltG	73802337	protein-coding		WP_004327791.1	341	ALIPUT_RS01315
NZ_DS499577.1	247085	247687		plus	L-threonylcarbamoyladenylate synthase		73802338	protein-coding		WP_004327792.1	200	ALIPUT_RS01320
NZ_DS499577.1	247712	248278		plus	DUF4199 domain-containing protein		73802339	protein-coding		WP_004327793.1	188	ALIPUT_RS01325
NZ_DS499577.1	248286	249254		plus	glycosyltransferase family 2 protein		73802340	protein-coding		WP_004327794.1	322	ALIPUT_RS01330
NZ_DS499577.1	249320	249784		plus	DUF4293 domain-containing protein		73802341	protein-coding		WP_004327795.1	154	ALIPUT_RS01335
NZ_DS499577.1	250077	253157		plus	DUF5689 domain-containing protein		73804296	protein-coding		WP_004327796.1	1026	ALIPUT_RS11980
NZ_DS499577.1	253250	254458		plus	DNA/RNA non-specific endonuclease		73802342	protein-coding		WP_227088531.1	402	ALIPUT_RS01350
NZ_DS499577.1	254467	255504		plus	endonuclease/exonuclease/phosphatase family protein		73802343	protein-coding		WP_004327798.1	345	ALIPUT_RS01355
NZ_DS499577.1	255525	258299		plus	TonB-dependent receptor		73802344	protein-coding		WP_004327799.1	924	ALIPUT_RS01360
NZ_DS499577.1	258329	259324		plus	DUF5689 domain-containing protein		73802345	protein-coding		WP_004327800.1	331	ALIPUT_RS01365
NZ_DS499577.1	259945	262782		minus	M16 family metallopeptidase		73802346	protein-coding		WP_004327802.1	945	ALIPUT_RS01375
NZ_DS499577.1	262830	263048		minus	helix-turn-helix domain-containing protein		73802347	protein-coding		WP_022460848.1	72	ALIPUT_RS01380
NZ_DS499577.1	263102	263821		minus	DUF2975 domain-containing protein		73802348	protein-coding		WP_004327804.1	239	ALIPUT_RS01385
NZ_DS499577.1	264466	265191		plus	acyl-[acyl-carrier-protein] thioesterase		73802349	protein-coding		WP_004327807.1	241	ALIPUT_RS01395
NZ_DS499577.1	265325	265849		plus	bacterioferritin		73802350	protein-coding		WP_004327808.1	174	ALIPUT_RS01400
NZ_DS499577.1	265956	267941		plus	protein-disulfide reductase DsbD family protein		73802351	protein-coding		WP_004327809.1	661	ALIPUT_RS01405
NZ_DS499577.1	268135	269271		plus	glycosyltransferase		73802352	protein-coding		WP_004327810.1	378	ALIPUT_RS01410
NZ_DS499577.1	269444	270844		minus	MFS transporter		73802353	protein-coding		WP_004327811.1	466	ALIPUT_RS01415
NZ_DS499577.1	270870	272879		minus	tetratricopeptide repeat protein		73802354	protein-coding		WP_040293061.1	669	ALIPUT_RS01420
NZ_DS499577.1	272907	273788		minus	GTPase Era	era	73802355	protein-coding		WP_004327813.1	293	ALIPUT_RS01425
NZ_DS499577.1	274494	275825		minus	signal recognition particle protein	ffh	73802356	protein-coding		WP_004327815.1	443	ALIPUT_RS01435
NZ_DS499577.1	276126	277994		minus	BACON domain-containing protein		73802357	protein-coding		WP_004327818.1	622	ALIPUT_RS01440
NZ_DS499577.1	278285	279064		minus	DUF4294 domain-containing protein		99804933	protein-coding		WP_004327819.1	259	ALIPUT_RS13345
NZ_DS499577.1	279359	279733		plus	thioesterase family protein		73802358	protein-coding		WP_004327821.1	124	ALIPUT_RS01450
NZ_DS499577.1	279904	281235		minus	sodium:proton antiporter NhaD	nhaD	73802359	protein-coding		WP_004327823.1	443	ALIPUT_RS01455
NZ_DS499577.1	281438	281508		plus	tRNA-Gln		73802360	tRNA				ALIPUT_RS01460
NZ_DS499577.1	281555	281794		minus	hypothetical protein		73802361	protein-coding		WP_004327825.1	79	ALIPUT_RS01465
NZ_DS499577.1	281972	282205		minus	uncharacterized gene		73804431	pseudogene				ALIPUT_RS13115
NZ_DS499577.1	282474	282797		minus	preprotein translocase subunit YajC	yajC	73802362	protein-coding		WP_004327827.1	107	ALIPUT_RS01475
NZ_DS499577.1	283297	283710		minus	DUF1573 domain-containing protein		73802363	protein-coding		WP_004327830.1	137	ALIPUT_RS01480
NZ_DS499577.1	283707	284645		minus	transcription antitermination protein NusB		73802364	protein-coding		WP_004327833.1	312	ALIPUT_RS01485
NZ_DS499577.1	285242	286531		plus	BaiN/RdsA family NAD(P)/FAD-dependent oxidoreductase		73802365	protein-coding		WP_004327835.1	429	ALIPUT_RS01490
NZ_DS499577.1	286528	287187		plus	hypothetical protein		73804297	protein-coding		WP_050751441.1	219	ALIPUT_RS11985
NZ_DS499577.1	287184	287735		plus	cob(I)yrinic acid a,c-diamide adenosyltransferase		73802366	protein-coding		WP_004327837.1	183	ALIPUT_RS01505
NZ_DS499577.1	288217	288438		plus	DUF2795 domain-containing protein		73802367	protein-coding		WP_004327839.1	73	ALIPUT_RS01515
NZ_DS499577.1	288709	290523		plus	DUF262 domain-containing protein		73802368	protein-coding		WP_004327841.1	604	ALIPUT_RS01520
NZ_DS499577.1	290607	291380		minus	class I SAM-dependent methyltransferase		73802369	protein-coding		WP_004327842.1	257	ALIPUT_RS01525
NZ_DS499577.1	291373	292218		minus	CvfB family protein		73802370	protein-coding		WP_004327843.1	281	ALIPUT_RS01530
NZ_DS499577.1	292798	293559		plus	amidohydrolase		73802371	protein-coding		WP_004327845.1	253	ALIPUT_RS01535
NZ_DS499577.1	293716	294339		plus	hypothetical protein		73802372	protein-coding		WP_004327846.1	207	ALIPUT_RS01540
NZ_DS499577.1	294450	295706		minus	6-phosphofructokinase		73802373	protein-coding		WP_040293329.1	418	ALIPUT_RS01545
NZ_DS499577.1	295841	296041		minus	cold-shock protein		73802374	protein-coding		WP_004327848.1	66	ALIPUT_RS01550
NZ_DS499577.1	296192	296467		plus	hypothetical protein		73802375	protein-coding		WP_004327849.1	91	ALIPUT_RS01555
NZ_DS499577.1	296474	297550		plus	TIGR04133 family radical SAM/SPASM protein		73802376	protein-coding		WP_004327850.1	358	ALIPUT_RS01560
NZ_DS499577.1	297716	298270		minus	nitroreductase family protein		73802377	protein-coding		WP_004327851.1	184	ALIPUT_RS01565
NZ_DS499577.1	299101	299175		minus	tRNA-Pro		73802378	tRNA				ALIPUT_RS01570
NZ_DS499577.1	299254	299328		minus	tRNA-Pro		73802379	tRNA				ALIPUT_RS01575
NZ_DS499577.1	299670	300302		minus	HAD family hydrolase		73802380	protein-coding		WP_004327853.1	210	ALIPUT_RS01580
NZ_DS499577.1	300536	303052		minus	DUF748 domain-containing protein		73802381	protein-coding		WP_004327854.1	838	ALIPUT_RS01585
NZ_DS499577.1	303088	303900		minus	SDR family NAD(P)-dependent oxidoreductase		73802382	protein-coding		WP_004327855.1	270	ALIPUT_RS01590
NZ_DS499577.1	303900	305126		minus	NADH:flavin oxidoreductase		73802383	protein-coding		WP_004327856.1	408	ALIPUT_RS01595
NZ_DS499577.1	305137	305898		minus	DUF1295 domain-containing protein		73802384	protein-coding		WP_004327857.1	253	ALIPUT_RS01600
NZ_DS499577.1	306244	307656		plus	glutamate decarboxylase	gad	73802385	protein-coding		WP_004327858.1	470	ALIPUT_RS01605
NZ_DS499577.1	307972	309459		plus	hypothetical protein		73802386	protein-coding		WP_004327860.1	495	ALIPUT_RS01610
NZ_DS499577.1	309580	311604		plus	hypothetical protein		73802387	protein-coding		WP_147554499.1	674	ALIPUT_RS01615
NZ_DS499577.1	311840	312802		plus	SPFH domain-containing protein		73802388	protein-coding		WP_040293070.1	320	ALIPUT_RS01620
NZ_DS499577.1	312812	313009		plus	type II toxin-antitoxin system antitoxin		73802389	protein-coding		WP_004327864.1	65	ALIPUT_RS01625
NZ_DS499577.1	313014	313565		plus	hypothetical protein		73802390	protein-coding		WP_004327865.1	183	ALIPUT_RS01630
NZ_DS499577.1	313745	314440		plus	SIR2 family NAD-dependent protein deacylase		73802391	protein-coding		WP_004327866.1	231	ALIPUT_RS01635
NZ_DS499577.1	314621	315655		minus	hypothetical protein		73802392	protein-coding		WP_004327867.1	344	ALIPUT_RS01640
NZ_DS499577.1	315743	316048		minus	uncharacterized gene		99804934	pseudogene				ALIPUT_RS13350
NZ_DS499577.1	316174	317289		minus	methylmalonyl Co-A mutase-associated GTPase MeaB	meaB	73802393	protein-coding		WP_004327869.1	371	ALIPUT_RS01645
NZ_DS499577.1	317316	317780		minus	peroxiredoxin family protein		73802394	protein-coding		WP_040293074.1	154	ALIPUT_RS01650
NZ_DS499577.1	317859	318563		plus	glycosyltransferase		73804298	protein-coding		WP_004327871.1	234	ALIPUT_RS11990
NZ_DS499577.1	318771	320132		plus	MATE family efflux transporter		73802395	protein-coding		WP_004327872.1	453	ALIPUT_RS01660
NZ_DS499577.1	320332	320742		plus	methylmalonyl-CoA epimerase	mce	73802396	protein-coding		WP_004327876.1	136	ALIPUT_RS01665
NZ_DS499577.1	320764	322326		plus	acyl-CoA carboxylase subunit beta		73802397	protein-coding		WP_004327878.1	520	ALIPUT_RS01670
NZ_DS499577.1	322338	322658		plus	hypothetical protein		73802398	protein-coding		WP_004327879.1	106	ALIPUT_RS01675
NZ_DS499577.1	322662	323126		plus	biotin/lipoyl-containing protein		73802399	protein-coding		WP_004327880.1	154	ALIPUT_RS01680
NZ_DS499577.1	323132	324325		plus	sodium ion-translocating decarboxylase subunit beta		73802400	protein-coding		WP_004327881.1	397	ALIPUT_RS01685
NZ_DS499577.1	325005	325535		plus	TonB family protein		73804299	protein-coding		WP_004327883.1	176	ALIPUT_RS11995
NZ_DS499577.1	325813	326268		plus	50S ribosomal protein L13	rplM	73802401	protein-coding		WP_004327884.1	151	ALIPUT_RS01700
NZ_DS499577.1	326274	326660		plus	30S ribosomal protein S9	rpsI	73802402	protein-coding		WP_004327885.1	128	ALIPUT_RS01705
NZ_DS499577.1	326840	327691		plus	30S ribosomal protein S2	rpsB	73802403	protein-coding		WP_004327886.1	283	ALIPUT_RS01710
NZ_DS499577.1	327804	328634		plus	translation elongation factor Ts	tsf	73802404	protein-coding		WP_040293335.1	276	ALIPUT_RS01715
NZ_DS499577.1	328855	329565		minus	hypothetical protein		73802405	protein-coding		WP_004327888.1	236	ALIPUT_RS01720
NZ_DS499577.1	329782	330192		minus	S24/S26 family peptidase		73802406	protein-coding		WP_004327889.1	136	ALIPUT_RS01725
NZ_DS499577.1	330205	331122		minus	phosphoenolpyruvate carboxykinase (ATP)		73802407	protein-coding		WP_004327890.1	305	ALIPUT_RS01730
NZ_DS499577.1	331115	332827		minus	ABC transporter ATP-binding protein		73802408	protein-coding		WP_004327891.1	570	ALIPUT_RS01735
NZ_DS499577.1	333021	336182		minus	UvrD-helicase domain-containing protein		73802409	protein-coding		WP_004327892.1	1053	ALIPUT_RS01740
NZ_DS499577.1	336432	337169		plus	GIN domain-containing protein		73802410	protein-coding		WP_004327894.1	245	ALIPUT_RS01750
NZ_DS499577.1	337180	340026		plus	PD-(D/E)XK nuclease family protein		73802411	protein-coding		WP_004327895.1	948	ALIPUT_RS01755
NZ_DS499577.1	340361	340900		minus	STM3941 family protein		73804300	protein-coding		WP_004327897.1	179	ALIPUT_RS12000
NZ_DS499577.1	340916	341863		minus	M23 family metallopeptidase		73802412	protein-coding		WP_004327898.1	315	ALIPUT_RS01765
NZ_DS499577.1	341865	342866		minus	M23 family metallopeptidase		73802413	protein-coding		WP_040293340.1	333	ALIPUT_RS01770
NZ_DS499577.1	343038	345659		plus	alanine--tRNA ligase	alaS	73802414	protein-coding		WP_022460789.1	873	ALIPUT_RS01775
NZ_DS499577.1	345668	347200		plus	2,3-bisphosphoglycerate-independent phosphoglycerate mutase	gpmI	73802415	protein-coding		WP_040293341.1	510	ALIPUT_RS01780
NZ_DS499577.1	347376	347876		plus	lipoprotein		73802416	protein-coding		WP_004327902.1	166	ALIPUT_RS01785
NZ_DS499577.1	348332	348520		plus	hypothetical protein		73804359	protein-coding		WP_147554500.1	62	ALIPUT_RS12650
NZ_DS499577.1	348608	349546		minus	D-2-hydroxyacid dehydrogenase		73802417	protein-coding		WP_004327904.1	312	ALIPUT_RS01795
NZ_DS499577.1	350209	350931		minus	tRNA threonylcarbamoyladenosine dehydratase		73802418	protein-coding		WP_004327907.1	240	ALIPUT_RS01800
NZ_DS499577.1	350928	351512		minus	TatD family hydrolase		73802419	protein-coding		WP_004327908.1	194	ALIPUT_RS01805
NZ_DS499577.1	351701	353050		plus	Na(+)-translocating NADH-quinone reductase subunit A		73802420	protein-coding		WP_004327909.1	449	ALIPUT_RS01810
NZ_DS499577.1	353053	354159		plus	Na+-translocating NADH-quinone reductase subunit B		73802421	protein-coding		WP_004327910.1	368	ALIPUT_RS01815
NZ_DS499577.1	354167	355099		plus	NADH:ubiquinone reductase (Na(+)-transporting) subunit C	nqrC	73802422	protein-coding		WP_004327911.1	310	ALIPUT_RS01820
NZ_DS499577.1	355092	355745		plus	NADH:ubiquinone reductase (Na(+)-transporting) subunit D		73802423	protein-coding		WP_004327912.1	217	ALIPUT_RS01825
NZ_DS499577.1	355757	356365		plus	NADH:ubiquinone reductase (Na(+)-transporting) subunit E	nqrE	73802424	protein-coding		WP_004327913.1	202	ALIPUT_RS01830
NZ_DS499577.1	356387	357649		plus	NADH:ubiquinone reductase (Na(+)-transporting) subunit F	nqrF	73802425	protein-coding		WP_004327914.1	420	ALIPUT_RS01835
NZ_DS499577.1	357798	359369		minus	M56 family metallopeptidase		73804301	protein-coding		WP_004327915.1	523	ALIPUT_RS12005
NZ_DS499577.1	359366	359764		minus	BlaI/MecI/CopY family transcriptional regulator		73802426	protein-coding		WP_004327916.1	132	ALIPUT_RS01845
NZ_DS499577.1	360040	360627		plus	HAD family hydrolase		73802427	protein-coding		WP_004327918.1	195	ALIPUT_RS01850
NZ_DS499577.1	360672	362249		plus	M14 family metallopeptidase		73802428	protein-coding		WP_004327919.1	525	ALIPUT_RS01855
NZ_DS499577.1	362436	362509		minus	tRNA-Met		73802429	tRNA				ALIPUT_RS01860
NZ_DS499577.1	362657	363343		plus	potassium channel family protein		73802430	protein-coding		WP_004327920.1	228	ALIPUT_RS01865
NZ_DS499577.1	363385	363858		minus	large-conductance mechanosensitive channel protein MscL	mscL	73802431	protein-coding		WP_004327921.1	157	ALIPUT_RS01870
NZ_DS499577.1	364217	366076		minus	biotin/lipoyl-containing protein		73802432	protein-coding		WP_004327923.1	619	ALIPUT_RS01875
NZ_DS499577.1	366653	368125		plus	sodium:solute symporter		73802433	protein-coding		WP_004327925.1	490	ALIPUT_RS01880
NZ_DS499577.1	368160	368609		plus	GatB/YqeY domain-containing protein		73802434	protein-coding		WP_004327926.1	149	ALIPUT_RS01885
NZ_DS499577.1	368642	369565		plus	bile acid:sodium symporter family protein		73802435	protein-coding		WP_004327927.1	307	ALIPUT_RS01890
NZ_DS499577.1	369728	370783		plus	site-specific integrase		73802436	protein-coding		WP_040293085.1	351	ALIPUT_RS01895
NZ_DS499577.1	370964	371036		minus	tRNA-Lys		73802437	tRNA				ALIPUT_RS01900
NZ_DS499577.1	371165	372355		plus	saccharopine dehydrogenase family protein		73802438	protein-coding		WP_004327933.1	396	ALIPUT_RS01905
NZ_DS499577.1	372541	373671		plus	carboxynorspermidine decarboxylase	nspC	73802439	protein-coding		WP_004327935.1	376	ALIPUT_RS01910
NZ_DS499577.1	373689	374981		plus	cysteate synthase		73802440	protein-coding		WP_004327937.1	430	ALIPUT_RS01915
NZ_DS499577.1	375073	375939		minus	ChaN family lipoprotein		73802441	protein-coding		WP_022459937.1	288	ALIPUT_RS01920
NZ_DS499577.1	375956	376288		minus	DUF2149 domain-containing protein		73802442	protein-coding		WP_004327939.1	110	ALIPUT_RS01925
NZ_DS499577.1	376285	376887		minus	MotA/TolQ/ExbB proton channel family protein		73802443	protein-coding		WP_004327940.1	200	ALIPUT_RS01930
NZ_DS499577.1	376903	377643		minus	hypothetical protein		73802444	protein-coding		WP_004327941.1	246	ALIPUT_RS01935
NZ_DS499577.1	377653	381741		minus	cobaltochelatase subunit CobN		73802445	protein-coding		WP_004327942.1	1362	ALIPUT_RS01940
NZ_DS499577.1	381896	383299		minus	HmuY family protein		73802446	protein-coding		WP_040293089.1	467	ALIPUT_RS01945
NZ_DS499577.1	383332	385641		minus	TonB-dependent receptor		73802447	protein-coding		WP_004327944.1	769	ALIPUT_RS01950
NZ_DS499577.1	385928	386188		plus	GlsB/YeaQ/YmgE family stress response membrane protein		73802448	protein-coding		WP_004327945.1	86	ALIPUT_RS01955
NZ_DS499577.1	386201	386458		plus	hypothetical protein		73802449	protein-coding		WP_004327946.1	85	ALIPUT_RS01960
NZ_DS499577.1	386615	388618		plus	TonB-dependent receptor		73802450	protein-coding		WP_040293090.1	667	ALIPUT_RS01965
NZ_DS499577.1	388861	390561		plus	glutamate formimidoyltransferase	ftcD	73802451	protein-coding		WP_004327948.1	566	ALIPUT_RS01970
NZ_DS499577.1	390580	392601		plus	urocanate hydratase		73802452	protein-coding		WP_004327949.1	673	ALIPUT_RS01975
NZ_DS499577.1	392756	394240		plus	histidine ammonia-lyase	hutH	73802453	protein-coding		WP_004327950.1	494	ALIPUT_RS01980
NZ_DS499577.1	394240	395478		plus	imidazolonepropionase	hutI	73802454	protein-coding		WP_004327951.1	412	ALIPUT_RS01985
NZ_DS499577.1	395724	396647		plus	bifunctional methionine sulfoxide reductase B/A protein		73802455	protein-coding		WP_040293347.1	307	ALIPUT_RS01990
NZ_DS499577.1	396751	397527		plus	SDR family NAD(P)-dependent oxidoreductase		73802456	protein-coding		WP_004327953.1	258	ALIPUT_RS01995
NZ_DS499577.1	397822	399216		minus	mechanosensitive ion channel family protein		73802457	protein-coding		WP_004327954.1	464	ALIPUT_RS02000
NZ_DS499577.1	399674	401662		plus	hypothetical protein		73802458	protein-coding		WP_004327955.1	662	ALIPUT_RS02005
NZ_DS499577.1	401673	402350		plus	hypothetical protein		73802459	protein-coding		WP_004327956.1	225	ALIPUT_RS02010
NZ_DS499577.1	402361	403845		plus	fibronectin type III domain-containing protein		73802460	protein-coding		WP_004327957.1	494	ALIPUT_RS02015
NZ_DS499577.1	404346	404717		minus	Arm DNA-binding domain-containing protein		99804935	protein-coding		WP_081443355.1	123	ALIPUT_RS13355
NZ_DS499577.1	404886	404959		minus	tRNA-Asp		73802461	tRNA				ALIPUT_RS02025
NZ_DS499577.1	405017	405550		minus	RsmD family RNA methyltransferase		73802462	protein-coding		WP_004327960.1	177	ALIPUT_RS02030
NZ_DS499577.1	405541	406161		minus	DUF3822 family protein		73802463	protein-coding		WP_004327961.1	206	ALIPUT_RS02035
NZ_DS499577.1	406133	406777		minus	hypothetical protein		73802464	protein-coding		WP_004327962.1	214	ALIPUT_RS02040
NZ_DS499577.1	406848	408263		plus	ATP-dependent DNA helicase		73802465	protein-coding		WP_004327963.1	471	ALIPUT_RS02045
NZ_DS499577.1	408511	409086		plus	hypothetical protein		73802466	protein-coding		WP_004327965.1	191	ALIPUT_RS02050
NZ_DS499577.1	409214	410125		plus	GIN domain-containing protein		73802467	protein-coding		WP_187117658.1	303	ALIPUT_RS02055
NZ_DS499577.1	410370	413036		plus	DNA mismatch repair protein MutS	mutS	73802468	protein-coding		WP_004327968.1	888	ALIPUT_RS02060
NZ_DS499577.1	413033	414238		plus	WG repeat-containing protein		73804302	protein-coding		WP_004327969.1	401	ALIPUT_RS12010
NZ_DS499577.1	414432	415052		minus	uridine kinase	udk	73802469	protein-coding		WP_004327970.1	206	ALIPUT_RS02070
NZ_DS499577.1	415458	417416		minus	DNA topoisomerase (ATP-hydrolyzing) subunit B	gyrB	73802470	protein-coding		WP_004327972.1	652	ALIPUT_RS02080
NZ_DS499577.1	417563	418741		minus	hypothetical protein		73802471	protein-coding		WP_004327973.1	392	ALIPUT_RS02085
NZ_DS499577.1	418828	419571		minus	cell division ATP-binding protein FtsE		73802472	protein-coding		WP_004327974.1	247	ALIPUT_RS02090
NZ_DS499577.1	419886	423074		plus	response regulator		73802473	protein-coding		WP_050751445.1	1062	ALIPUT_RS02095
NZ_DS499577.1	423788	424191		plus	transfer-messenger RNA	ssrA	73804338	other				ALIPUT_RS12305
NZ_DS499577.1	424708	425043		plus	CidA/LrgA family protein		73802474	protein-coding		WP_040293354.1	111	ALIPUT_RS02110
NZ_DS499577.1	425043	425735		plus	LrgB family protein		73802475	protein-coding		WP_004327981.1	230	ALIPUT_RS02115
NZ_DS499577.1	425869	427527		plus	putative transporter		73802476	protein-coding		WP_004327982.1	552	ALIPUT_RS02120
NZ_DS499577.1	428316	430676		minus	ferrous iron transport protein B	feoB	73802477	protein-coding		WP_004327985.1	786	ALIPUT_RS02125
NZ_DS499577.1	430870	431043		plus	hypothetical protein		73802478	protein-coding		WP_022459962.1	57	ALIPUT_RS02130
NZ_DS499577.1	431337	433046		minus	phosphoethanolamine transferase family protein		73802479	protein-coding		WP_004327988.1	569	ALIPUT_RS02135
NZ_DS499577.1	433052	434284		minus	BamA/TamA family outer membrane protein		73802480	protein-coding		WP_004327989.1	410	ALIPUT_RS02140
NZ_DS499577.1	434294	434815		minus	hypothetical protein		73802481	protein-coding		WP_004327990.1	173	ALIPUT_RS02145
NZ_DS499577.1	434859	435332		minus	DoxX family protein		73802482	protein-coding		WP_050751447.1	157	ALIPUT_RS02150
NZ_DS499577.1	435677	436240		plus	sugar O-acetyltransferase		79397131	protein-coding		WP_004327992.1	187	ALIPUT_RS13255
NZ_DS499577.1	436252	437307		plus	alpha/beta hydrolase		73802483	protein-coding		WP_004327993.1	351	ALIPUT_RS02160
NZ_DS499577.1	437519	437998		plus	low molecular weight protein-tyrosine-phosphatase		73802484	protein-coding		WP_004327994.1	159	ALIPUT_RS02165
NZ_DS499577.1	438110	439081		minus	PorV/PorQ family protein		73802485	protein-coding		WP_004327995.1	323	ALIPUT_RS02170
NZ_DS499577.1	439100	441283		minus	S8 family serine peptidase		79397132	protein-coding		WP_004327997.1	727	ALIPUT_RS13260
NZ_DS499577.1	441361	442107		minus	3-oxoacyl-[acyl-carrier-protein] reductase	fabG	73802486	protein-coding		WP_004327999.1	248	ALIPUT_RS02180
NZ_DS499577.1	442370	443650		plus	serine hydroxymethyltransferase	glyA	73802487	protein-coding		WP_004328002.1	426	ALIPUT_RS02185
NZ_DS499577.1	443657	444343		plus	DUF2461 domain-containing protein		73802488	protein-coding		WP_004328003.1	228	ALIPUT_RS02190
NZ_DS499577.1	444520	445476		plus	alpha/beta hydrolase		73802489	protein-coding		WP_004328004.1	318	ALIPUT_RS02195
NZ_DS499577.1	445744	447588		minus	glutamine--fructose-6-phosphate transaminase (isomerizing)	glmS	73802490	protein-coding		WP_004328005.1	614	ALIPUT_RS02200
NZ_DS499577.1	448074	449438		minus	dipeptidase		73802491	protein-coding		WP_004328007.1	454	ALIPUT_RS02205
NZ_DS499577.1	449448	449873		minus	copper resistance protein NlpE		73802492	protein-coding		WP_004328008.1	141	ALIPUT_RS02210
NZ_DS499577.1	449878	451266		minus	phosphoglucosamine mutase	glmM	73802493	protein-coding		WP_004328009.1	462	ALIPUT_RS02215
NZ_DS499577.1	451405	452280		plus	nucleoside phosphorylase		73802494	protein-coding		WP_004328010.1	291	ALIPUT_RS02220
NZ_DS499577.1	452497	453621		plus	DNA polymerase III subunit beta	dnaN	73802495	protein-coding		WP_004328011.1	374	ALIPUT_RS02225
NZ_DS499577.1	453627	454400		plus	3'-5' exonuclease		73802496	protein-coding		WP_004328012.1	257	ALIPUT_RS02230
NZ_DS499577.1	454404	456254		plus	LysM peptidoglycan-binding domain-containing protein		73802497	protein-coding		WP_004328013.1	616	ALIPUT_RS02235
NZ_DS499577.1	456256	456909		plus	redox-sensing transcriptional repressor Rex		73802498	protein-coding		WP_004328014.1	217	ALIPUT_RS02240
NZ_DS499577.1	456917	457672		plus	FAD synthetase family protein		73802499	protein-coding		WP_004328015.1	251	ALIPUT_RS02245
NZ_DS499577.1	457677	458084		plus	acyl-CoA thioesterase		73802500	protein-coding		WP_004328016.1	135	ALIPUT_RS02250
NZ_DS499577.1	458261	460321		minus	molecular chaperone HtpG	htpG	73802501	protein-coding		WP_004328017.1	686	ALIPUT_RS02255
NZ_DS499577.1	460542	460856		minus	thioredoxin	trxA	73802502	protein-coding		WP_004328018.1	104	ALIPUT_RS02260
NZ_DS499577.1	460885	464544		minus	DNA polymerase III subunit alpha	dnaE	73802503	protein-coding		WP_040293100.1	1219	ALIPUT_RS02265
NZ_DS499577.1	465084	465296		plus	putative signal transducing protein		73802504	protein-coding		WP_022459981.1	70	ALIPUT_RS02270
NZ_DS499577.1	465526	466260		minus	shikimate dehydrogenase family protein		73802505	protein-coding		WP_004328022.1	244	ALIPUT_RS02275
NZ_DS499577.1	466267	467211		minus	polyprenyl-phosphate transporter		73802506	protein-coding		WP_004328023.1	314	ALIPUT_RS02280
NZ_DS499577.1	467575	468594		minus	MnmA/TRMU family protein		73802507	protein-coding		WP_004328025.1	339	ALIPUT_RS02285
NZ_DS499577.1	468647	468967		minus	DUF3276 family protein		73802508	protein-coding		WP_004328026.1	106	ALIPUT_RS02290
NZ_DS499577.1	469180	470772		minus	S41 family peptidase		73802509	protein-coding		WP_004328027.1	530	ALIPUT_RS02295
NZ_DS499577.1	471045	472388		minus	histidine--tRNA ligase	hisS	73802510	protein-coding		WP_004328028.1	447	ALIPUT_RS02300
NZ_DS499577.1	472390	474063		minus	energy-dependent translational throttle protein EttA	ettA	73802511	protein-coding		WP_004328029.1	557	ALIPUT_RS02305
NZ_DS499577.1	474298	475035		minus	energy transducer TonB		73802512	protein-coding		WP_004328030.1	245	ALIPUT_RS02310
NZ_DS499577.1	475048	475758		minus	energy transducer TonB		73804303	protein-coding		WP_004328031.1	236	ALIPUT_RS12020
NZ_DS499577.1	475959	476537		plus	rubrerythrin	rbr	73802513	protein-coding		WP_004328033.1	192	ALIPUT_RS02325
NZ_DS499577.1	476705	477808		minus	CapA family protein		73802514	protein-coding		WP_004328034.1	367	ALIPUT_RS02330
NZ_DS499577.1	477902	478819		plus	DMT family transporter		73802515	protein-coding		WP_004328035.1	305	ALIPUT_RS02335
NZ_DS499577.1	478869	479177		minus	DUF4491 family protein		73802516	protein-coding		WP_004328036.1	102	ALIPUT_RS02340
NZ_DS499577.1	479620	481833		minus	heavy metal translocating P-type ATPase		73802517	protein-coding		WP_004328038.1	737	ALIPUT_RS02345
NZ_DS499577.1	481979	482539		minus	helix-turn-helix domain-containing protein		73802518	protein-coding		WP_004328039.1	186	ALIPUT_RS02350
NZ_DS499577.1	482836	483123		plus	uncharacterized gene		99804936	pseudogene				ALIPUT_RS13360
NZ_DS499577.1	483614	485257		plus	outer membrane beta-barrel family protein		73802519	protein-coding		WP_004328042.1	547	ALIPUT_RS02360
NZ_DS499577.1	485478	486845		minus	DcaP family trimeric outer membrane transporter		73802520	protein-coding		WP_004328044.1	455	ALIPUT_RS02365
NZ_DS499577.1	487238	488299		plus	efflux RND transporter periplasmic adaptor subunit		73802521	protein-coding		WP_004328047.1	353	ALIPUT_RS02370
NZ_DS499577.1	488299	491418		plus	efflux RND transporter permease subunit		73802522	protein-coding		WP_040293363.1	1039	ALIPUT_RS02375
NZ_DS499577.1	492025	493197		plus	metallophosphoesterase		73802523	protein-coding		WP_004328051.1	390	ALIPUT_RS02380
NZ_DS499577.1	493194	494276		plus	dihydrofolate reductase family protein		73802524	protein-coding		WP_004328052.1	360	ALIPUT_RS02385
NZ_DS499577.1	494389	495837		plus	TolC family protein		73802525	protein-coding		WP_004328053.1	482	ALIPUT_RS02390
NZ_DS499577.1	495852	496841		plus	HlyD family secretion protein		73802526	protein-coding		WP_004328054.1	329	ALIPUT_RS02395
NZ_DS499577.1	496859	498037		plus	ABC transporter permease		73802527	protein-coding		WP_004328055.1	392	ALIPUT_RS02400
NZ_DS499577.1	498040	499239		plus	ABC transporter permease		73802528	protein-coding		WP_004328056.1	399	ALIPUT_RS02405
NZ_DS499577.1	499283	499597		plus	hypothetical protein		73804360	protein-coding		WP_004328057.1	104	ALIPUT_RS12660
NZ_DS499577.1	499755	502688		minus	outer membrane beta-barrel protein		73802529	protein-coding		WP_004328058.1	977	ALIPUT_RS02410
NZ_DS499577.1	502830	503300		minus	Spy/CpxP family protein refolding chaperone		73802530	protein-coding		WP_022459738.1	156	ALIPUT_RS02415
NZ_DS499577.1	503394	503924		minus	gamma carbonic anhydrase family protein		73802531	protein-coding		WP_004328060.1	176	ALIPUT_RS02420
NZ_DS499577.1	503949	504737		minus	nucleoside triphosphate pyrophosphohydrolase	mazG	73802532	protein-coding		WP_004328061.1	262	ALIPUT_RS02425
NZ_DS499577.1	504832	505830		minus	IS110 family RNA-guided transposase		73802533	protein-coding		WP_004328062.1	332	ALIPUT_RS02430
NZ_DS499577.1	506452	507699		plus	S41 family peptidase		73804400	protein-coding		WP_004328063.1	415	ALIPUT_RS12960
NZ_DS499577.1	507696	508199		plus	S41 family peptidase		73802534	protein-coding		WP_004328064.1	167	ALIPUT_RS02440
NZ_DS499577.1	508296	508634		minus	TIGR04076 family protein		73802535	protein-coding		WP_040293119.1	112	ALIPUT_RS02445
NZ_DS499577.1	508707	511178		minus	phenylalanine--tRNA ligase subunit beta	pheT	73802536	protein-coding		WP_004328066.1	823	ALIPUT_RS02450
NZ_DS499577.1	511239	512114		minus	UbiA-like polyprenyltransferase		73802537	protein-coding		WP_040293366.1	291	ALIPUT_RS02455
NZ_DS499577.1	512272	514062		plus	translation elongation factor 4	lepA	73802538	protein-coding		WP_004328068.1	596	ALIPUT_RS02460
NZ_DS499577.1	514065	515969		plus	AMP-dependent synthetase/ligase		73802539	protein-coding		WP_004328069.1	634	ALIPUT_RS02465
NZ_DS499577.1	516034	516105		plus	tRNA-Gly		73802540	tRNA				ALIPUT_RS02470
NZ_DS499577.1	516285	516701		minus	hypothetical protein		73802541	protein-coding		WP_004328070.1	138	ALIPUT_RS02475
NZ_DS499577.1	516882	517091		plus	hypothetical protein		73802542	protein-coding		WP_147554506.1	69	ALIPUT_RS02480
NZ_DS499577.1	517555	517755		plus	sulfur carrier protein ThiS	thiS	73802543	protein-coding		WP_004328073.1	66	ALIPUT_RS02485
NZ_DS499577.1	517752	518342		plus	thiamine phosphate synthase		73802544	protein-coding		WP_004328074.1	196	ALIPUT_RS02490
NZ_DS499577.1	518553	519179		plus	thiamine phosphate synthase		73802545	protein-coding		WP_004328076.1	208	ALIPUT_RS02495
NZ_DS499577.1	519176	519943		plus	thiazole synthase		73802546	protein-coding		WP_004328077.1	255	ALIPUT_RS02500
NZ_DS499577.1	519956	521065		plus	2-iminoacetate synthase ThiH	thiH	73802547	protein-coding		WP_004328078.1	369	ALIPUT_RS02505
NZ_DS499577.1	521068	521763		plus	HesA/MoeB/ThiF family protein		73802548	protein-coding		WP_004328079.1	231	ALIPUT_RS02510
NZ_DS499577.1	521789	522487		plus	class I SAM-dependent DNA methyltransferase		73802549	protein-coding		WP_004328080.1	232	ALIPUT_RS02515
NZ_DS499577.1	522497	523147		plus	TenA family protein		73802550	protein-coding		WP_004328081.1	216	ALIPUT_RS02520
NZ_DS499577.1	523199	524011		plus	bifunctional hydroxymethylpyrimidine kinase/phosphomethylpyrimidine kinase	thiD	73802551	protein-coding		WP_004328082.1	270	ALIPUT_RS02525
NZ_DS499577.1	524120	524626		plus	IS1096 element passenger TnpR family protein		73802552	protein-coding		WP_022459724.1	168	ALIPUT_RS02530
NZ_DS499577.1	524619	525521		plus	tRNA (adenosine(37)-N6)-dimethylallyltransferase MiaA	miaA	73802553	protein-coding		WP_004328084.1	300	ALIPUT_RS02535
NZ_DS499577.1	525570	525655		plus	tRNA-Leu		73802554	tRNA				ALIPUT_RS02540
NZ_DS499577.1	526008	527609		plus	transcription termination factor Rho	rho	73802555	protein-coding		WP_004328085.1	533	ALIPUT_RS02545
NZ_DS499577.1	527623	528396		plus	S1/P1 nuclease		73802556	protein-coding		WP_004328086.1	257	ALIPUT_RS02550
NZ_DS499577.1	528470	529585		minus	DUF4595 domain-containing protein		73802557	protein-coding		WP_004328087.1	371	ALIPUT_RS02555
NZ_DS499577.1	530098	531081		minus	acyl-CoA reductase		73802558	protein-coding		WP_040293371.1	327	ALIPUT_RS02560
NZ_DS499577.1	531204	531276		plus	tRNA-Gly		73802559	tRNA				ALIPUT_RS02565
NZ_DS499577.1	531456	532661		plus	site-specific integrase		73802560	protein-coding		WP_004328090.1	401	ALIPUT_RS02570
NZ_DS499577.1	532725	533258		minus	hypothetical protein		73802561	protein-coding		WP_231290532.1	177	ALIPUT_RS02575
NZ_DS499577.1	533424	534263		minus	hypothetical protein		73802562	protein-coding		WP_004328092.1	279	ALIPUT_RS02580
NZ_DS499577.1	534848	535336		plus	hypothetical protein		73802563	protein-coding		WP_004328094.1	162	ALIPUT_RS02590
NZ_DS499577.1	535397	536518		plus	hypothetical protein		73802564	protein-coding		WP_004328095.1	373	ALIPUT_RS02595
NZ_DS499577.1	536929	537318		plus	DUF6908 domain-containing protein		73802565	protein-coding		WP_004328096.1	129	ALIPUT_RS02600
NZ_DS499577.1	537315	537593		plus	hypothetical protein		73802566	protein-coding		WP_004328097.1	92	ALIPUT_RS02605
NZ_DS499577.1	538007	539938		plus	PL29 family lyase N-terminal domain-containing protein		73802567	protein-coding		WP_004328098.1	643	ALIPUT_RS02610
NZ_DS499577.1	539944	540402		plus	HEPN family nuclease		73802568	protein-coding		WP_004328099.1	152	ALIPUT_RS02615
NZ_DS499577.1	541557	541658		plus	tRNA-Gly		73804361	tRNA				ALIPUT_RS12665
NZ_DS499577.1	541889	542812		plus	helix-turn-helix transcriptional regulator		73802569	protein-coding		WP_004328101.1	307	ALIPUT_RS02620
NZ_DS499577.1	543172	543900		plus	restriction endonuclease		73802570	protein-coding		WP_004328103.1	242	ALIPUT_RS02630
NZ_DS499577.1	544754	546487		minus	DUF262 domain-containing protein		73802571	protein-coding		WP_004328105.1	577	ALIPUT_RS02640
NZ_DS499577.1	546567	546872		minus	hypothetical protein		73804339	protein-coding		WP_004328106.1	101	ALIPUT_RS12315
NZ_DS499577.1	547368	549470		minus	DEAD/DEAH box helicase		73802572	protein-coding		WP_004328107.1	700	ALIPUT_RS02645
NZ_DS499577.1	549463	549906		minus	Hachiman antiphage defense system protein HamA		73802573	protein-coding		WP_147554507.1	147	ALIPUT_RS02650
NZ_DS499577.1	550191	551414		plus	site-specific integrase		73802574	protein-coding		WP_004328109.1	407	ALIPUT_RS02655
NZ_DS499577.1	551411	551800		plus	virulence RhuM family protein		73802575	protein-coding		WP_004328110.1	129	ALIPUT_RS02660
NZ_DS499577.1	552078	553283		plus	primase-helicase family protein		73802576	protein-coding		WP_004328112.1	401	ALIPUT_RS02665
NZ_DS499577.1	553541	553714		plus	uncharacterized gene		73802577	pseudogene				ALIPUT_RS02670
NZ_DS499577.1	554271	556079		plus	reverse transcriptase/maturase family protein		73802578	protein-coding		WP_004308094.1	602	ALIPUT_RS02675
NZ_DS499577.1	556069	557007		plus	toprim domain-containing protein		73802579	protein-coding		WP_004328115.1	312	ALIPUT_RS02680
NZ_DS499577.1	557081	557437		plus	plasmid mobilization protein		73804340	protein-coding		WP_004328116.1	118	ALIPUT_RS12330
NZ_DS499577.1	557427	558497		plus	relaxase/mobilization nuclease domain-containing protein		73802580	protein-coding		WP_004328117.1	356	ALIPUT_RS02690
NZ_DS499577.1	558516	559193		plus	hypothetical protein		73804304	protein-coding		WP_004328118.1	225	ALIPUT_RS12030
NZ_DS499577.1	559305	560495		plus	hypothetical protein		73802581	protein-coding		WP_004328119.1	396	ALIPUT_RS02700
NZ_DS499577.1	560498	562171		plus	ATP-binding protein		73802582	protein-coding		WP_004328120.1	557	ALIPUT_RS02705
NZ_DS499577.1	562178	563746		plus	ATP-binding protein		73802583	protein-coding		WP_004328121.1	522	ALIPUT_RS02710
NZ_DS499577.1	563746	565785		plus	radical SAM protein		73802584	protein-coding		WP_004328122.1	679	ALIPUT_RS02715
NZ_DS499577.1	565796	566182		plus	hypothetical protein		73802585	protein-coding		WP_004328123.1	128	ALIPUT_RS02720
NZ_DS499577.1	566256	566326		minus	tRNA-Cys		73802586	tRNA				ALIPUT_RS02725
NZ_DS499577.1	566521	567633		plus	DNA-processing protein DprA		73802587	protein-coding		WP_004328124.1	370	ALIPUT_RS02730
NZ_DS499577.1	567669	568130		plus	hypothetical protein		73802588	protein-coding		WP_004328125.1	153	ALIPUT_RS02735
NZ_DS499577.1	568149	569012		plus	TatD family hydrolase		73802589	protein-coding		WP_004328126.1	287	ALIPUT_RS02740
NZ_DS499577.1	569009	570037		plus	asparaginase		73802590	protein-coding		WP_004328127.1	342	ALIPUT_RS02745
NZ_DS499577.1	570350	571141		plus	MotA/TolQ/ExbB proton channel family protein		73802591	protein-coding		WP_004328129.1	263	ALIPUT_RS02750
NZ_DS499577.1	571172	571591		plus	hypothetical protein		73802592	protein-coding		WP_004328130.1	139	ALIPUT_RS02755
NZ_DS499577.1	571602	572213		plus	ExbD/TolR family protein		73802593	protein-coding		WP_004328131.1	203	ALIPUT_RS02760
NZ_DS499577.1	572215	572685		plus	ExbD/TolR family protein		73802594	protein-coding		WP_004328132.1	156	ALIPUT_RS02765
NZ_DS499577.1	573204	574577		minus	porin		73802595	protein-coding		WP_004328134.1	457	ALIPUT_RS02770
NZ_DS499577.1	574748	576979		minus	inorganic phosphate transporter		73802596	protein-coding		WP_004328135.1	743	ALIPUT_RS02775
NZ_DS499577.1	577201	577878		plus	response regulator transcription factor		73802597	protein-coding		WP_004328137.1	225	ALIPUT_RS02780
NZ_DS499577.1	577862	579202		plus	sensor histidine kinase		73802598	protein-coding		WP_004328138.1	446	ALIPUT_RS02785
NZ_DS499577.1	579462	582341		minus	DNA polymerase I	polA	73802599	protein-coding		WP_004328139.1	959	ALIPUT_RS02790
NZ_DS499577.1	582348	582818		minus	6-pyruvoyl trahydropterin synthase family protein		73802600	protein-coding		WP_022460721.1	156	ALIPUT_RS02795
NZ_DS499577.1	582935	583417		minus	Lrp/AsnC family transcriptional regulator		73802601	protein-coding		WP_004328141.1	160	ALIPUT_RS02800
NZ_DS499577.1	583447	584634		minus	glycine C-acetyltransferase	kbl	73802602	protein-coding		WP_004328142.1	395	ALIPUT_RS02805
NZ_DS499577.1	585094	586353		plus	phosphoglycerate kinase		73802603	protein-coding		WP_004328145.1	419	ALIPUT_RS02815
NZ_DS499577.1	586448	588478		plus	M13 family metallopeptidase		73802604	protein-coding		WP_004328147.1	676	ALIPUT_RS02820
NZ_DS499577.1	589096	590427		minus	ABC transporter permease		73802605	protein-coding		WP_004328150.1	443	ALIPUT_RS02825
NZ_DS499577.1	590462	591397		minus	ABC transporter ATP-binding protein		73802606	protein-coding		WP_004328151.1	311	ALIPUT_RS02830
NZ_DS499577.1	591446	593230		minus	signal peptide peptidase SppA	sppA	73802607	protein-coding		WP_004328152.1	594	ALIPUT_RS02835
NZ_DS499577.1	593533	594585		plus	Mrp/NBP35 family ATP-binding protein		73802608	protein-coding		WP_004328153.1	350	ALIPUT_RS02840
NZ_DS499577.1	594986	595924		plus	quinolinate synthase NadA	nadA	73802609	protein-coding		WP_004328155.1	312	ALIPUT_RS02845
NZ_DS499577.1	596204	598417		plus	S46 family peptidase		73802610	protein-coding		WP_004328156.1	737	ALIPUT_RS02850
NZ_DS499577.1	598663	599337		plus	DNA alkylation repair protein		73802611	protein-coding		WP_040293383.1	224	ALIPUT_RS02855
NZ_DS499577.1	599442	601913		plus	ATP-binding protein		73802612	protein-coding		WP_004328160.1	823	ALIPUT_RS02860
NZ_DS499577.1	602091	603458		plus	sigma-54-dependent transcriptional regulator		73802613	protein-coding		WP_004328162.1	455	ALIPUT_RS02865
NZ_DS499577.1	603666	603887		plus	hypothetical protein		73802614	protein-coding		WP_004328163.1	73	ALIPUT_RS02870
NZ_DS499577.1	604211	604816		plus	hypothetical protein		73802615	protein-coding		WP_004328164.1	201	ALIPUT_RS02875
NZ_DS499577.1	605018	607315		minus	patatin-like phospholipase family protein		73802616	protein-coding		WP_004328165.1	765	ALIPUT_RS02880
NZ_DS499577.1	607389	608414		plus	phenylalanine--tRNA ligase subunit alpha	pheS	73802617	protein-coding		WP_004328166.1	341	ALIPUT_RS02885
NZ_DS499577.1	608613	610376		plus	tetratricopeptide repeat protein		73802618	protein-coding		WP_004328167.1	587	ALIPUT_RS02890
NZ_DS499577.1	610379	611572		plus	murein hydrolase activator EnvC family protein		73802619	protein-coding		WP_004328168.1	397	ALIPUT_RS02895
NZ_DS499577.1	611579	612025		plus	rRNA maturation RNase YbeY	ybeY	73802620	protein-coding		WP_004328169.1	148	ALIPUT_RS02900
NZ_DS499577.1	613122	615014		plus	tRNA uridine-5-carboxymethylaminomethyl(34) synthesis enzyme MnmG	mnmG	73802621	protein-coding		WP_004328173.1	630	ALIPUT_RS02910
NZ_DS499577.1	615274	616287		minus	branched-chain amino acid aminotransferase		73802622	protein-coding		WP_004328174.1	337	ALIPUT_RS02915
NZ_DS499577.1	616336	618378		minus	methionine--tRNA ligase	metG	73802623	protein-coding		WP_004328175.1	680	ALIPUT_RS02920
NZ_DS499577.1	618596	620365		minus	single-stranded-DNA-specific exonuclease RecJ	recJ	73802624	protein-coding		WP_004328176.1	589	ALIPUT_RS02925
NZ_DS499577.1	620374	621045		minus	lipoyl(octanoyl) transferase LipB	lipB	73802625	protein-coding		WP_004328177.1	223	ALIPUT_RS02930
NZ_DS499577.1	621160	622065		minus	lipoyl synthase	lipA	73802626	protein-coding		WP_004328178.1	301	ALIPUT_RS02935
NZ_DS499577.1	622297	623319		minus	UDP-glucose 4-epimerase GalE	galE	73802627	protein-coding		WP_004328179.1	340	ALIPUT_RS02940
NZ_DS499577.1	623593	624213		minus	16S rRNA (guanine(527)-N(7))-methyltransferase RsmG	rsmG	73802628	protein-coding		WP_040293386.1	206	ALIPUT_RS02945
NZ_DS499577.1	624292	624855		minus	RNA polymerase sigma factor		73802629	protein-coding		WP_004328181.1	187	ALIPUT_RS02950
NZ_DS499577.1	624846	626000		minus	glycosyltransferase family 2 protein		73802630	protein-coding		WP_004328182.1	384	ALIPUT_RS02955
NZ_DS499577.1	626254	627180		minus	AraC family transcriptional regulator		73802631	protein-coding		WP_004328184.1	308	ALIPUT_RS02960
NZ_DS499577.1	627344	628318		minus	hypothetical protein		73802632	protein-coding		WP_004328185.1	324	ALIPUT_RS02965
NZ_DS499577.1	628798	629394		plus	ribonuclease HII		73802633	protein-coding		WP_004328188.1	198	ALIPUT_RS02970
NZ_DS499577.1	629684	630292		minus	GTP cyclohydrolase I FolE	folE	73802634	protein-coding		WP_004328189.1	202	ALIPUT_RS02975
NZ_DS499577.1	630311	630892		minus	RdgB/HAM1 family non-canonical purine NTP pyrophosphatase	rdgB	73802635	protein-coding		WP_040293387.1	193	ALIPUT_RS02980
NZ_DS499577.1	631016	631858		minus	HAD family hydrolase		73802636	protein-coding		WP_040293388.1	280	ALIPUT_RS02985
NZ_DS499577.1	632397	633395		plus	IS110 family RNA-guided transposase		73802637	protein-coding		WP_004328062.1	332	ALIPUT_RS02990
NZ_DS499577.1	633420	633953		plus	nitroreductase family protein		73802638	protein-coding		WP_004328192.1	177	ALIPUT_RS02995
NZ_DS499577.1	634157	634720		minus	aminoacyl-tRNA hydrolase	pth	73802639	protein-coding		WP_004328194.1	187	ALIPUT_RS03000
NZ_DS499577.1	634739	635314		minus	50S ribosomal protein L25/general stress protein Ctc		73802640	protein-coding		WP_004328195.1	191	ALIPUT_RS03005
NZ_DS499577.1	635522	635995		minus	DUF6712 family protein		73802641	protein-coding		WP_004328196.1	157	ALIPUT_RS03010
NZ_DS499577.1	635998	637227		minus	phage portal protein		73802642	protein-coding		WP_004328197.1	409	ALIPUT_RS03015
NZ_DS499577.1	637285	637788		minus	hypothetical protein		73802643	protein-coding		WP_004328198.1	167	ALIPUT_RS03020
NZ_DS499577.1	637791	638780		minus	hypothetical protein		73802644	protein-coding		WP_004328199.1	329	ALIPUT_RS03025
NZ_DS499577.1	638899	639780		minus	Clp protease ClpP		73802645	protein-coding		WP_040293390.1	293	ALIPUT_RS03030
NZ_DS499577.1	639968	642343		minus	hypothetical protein		73802646	protein-coding		WP_004328202.1	791	ALIPUT_RS03035
NZ_DS499577.1	642340	643299		minus	hypothetical protein		73802647	protein-coding		WP_004328203.1	319	ALIPUT_RS03040
NZ_DS499577.1	643459	643863		minus	hypothetical protein		73802648	protein-coding		WP_004328204.1	134	ALIPUT_RS03045
NZ_DS499577.1	644285	645058		plus	menaquinone biosynthetic enzyme MqnA/MqnD family protein		73802649	protein-coding		WP_004328205.1	257	ALIPUT_RS03050
NZ_DS499577.1	645155	646108		plus	magnesium/cobalt transporter CorA	corA	73802650	protein-coding		WP_004328206.1	317	ALIPUT_RS03055
NZ_DS499577.1	646277	646999		minus	hypothetical protein		73802651	protein-coding		WP_004328207.1	240	ALIPUT_RS03060
NZ_DS499577.1	646996	648399		minus	C10 family peptidase		73802652	protein-coding		WP_004328208.1	467	ALIPUT_RS03065
NZ_DS499577.1	648820	649572		minus	hypothetical protein		73804362	protein-coding		WP_004328209.1	250	ALIPUT_RS12675
NZ_DS499577.1	649584	650999		minus	C10 family peptidase		73802653	protein-coding		WP_004328210.1	471	ALIPUT_RS03075
NZ_DS499577.1	651373	652503		plus	tRNA guanosine(34) transglycosylase Tgt	tgt	73802654	protein-coding		WP_004328212.1	376	ALIPUT_RS03085
NZ_DS499577.1	652517	653635		plus	LptF/LptG family permease		73802655	protein-coding		WP_004328215.1	372	ALIPUT_RS03090
NZ_DS499577.1	653635	654714		plus	radical SAM protein		73802656	protein-coding		WP_004328216.1	359	ALIPUT_RS03095
NZ_DS499577.1	654802	655788		plus	PASTA domain-containing protein		73802657	protein-coding		WP_004328218.1	328	ALIPUT_RS03100
NZ_DS499577.1	655801	656871		plus	RluA family pseudouridine synthase		73802658	protein-coding		WP_004328219.1	356	ALIPUT_RS03105
NZ_DS499577.1	656886	658592		plus	YgiQ family radical SAM protein		73802659	protein-coding		WP_004328220.1	568	ALIPUT_RS03110
NZ_DS499577.1	658657	659922		minus	YeiH family protein		73802660	protein-coding		WP_004328221.1	421	ALIPUT_RS03115
NZ_DS499577.1	660119	660310		minus	hypothetical protein		73802661	protein-coding		WP_004328223.1	63	ALIPUT_RS03120
NZ_DS499577.1	660362	660511		minus	hypothetical protein		73804363	protein-coding		WP_004328224.1	49	ALIPUT_RS12680
NZ_DS499577.1	660654	661391		minus	DNA repair protein RecO	recO	73802662	protein-coding		WP_004328225.1	245	ALIPUT_RS03125
NZ_DS499577.1	661393	662223		minus	50S ribosomal protein L11 methyltransferase	prmA	73802663	protein-coding		WP_040293397.1	276	ALIPUT_RS03130
NZ_DS499577.1	662592	663488		plus	site-specific tyrosine recombinase/integron integrase	xerA	73802664	protein-coding		WP_004328228.1	298	ALIPUT_RS03135
NZ_DS499577.1	663623	664765		minus	amidohydrolase family protein		73802665	protein-coding		WP_040293141.1	380	ALIPUT_RS03140
NZ_DS499577.1	664698	665552		minus	DUF4296 domain-containing protein		73802666	protein-coding		WP_004328230.1	284	ALIPUT_RS03145
NZ_DS499577.1	665554	666708		minus	ABC transporter permease		73802667	protein-coding		WP_227088933.1	384	ALIPUT_RS03150
NZ_DS499577.1	666784	667128		minus	30S ribosome-binding factor RbfA	rbfA	73802668	protein-coding		WP_004328232.1	114	ALIPUT_RS03155
NZ_DS499577.1	667136	667960		minus	porin family protein		73802669	protein-coding		WP_004328233.1	274	ALIPUT_RS03160
NZ_DS499577.1	667957	669993		minus	Ig-like domain-containing domain		73802670	protein-coding		WP_004328234.1	678	ALIPUT_RS03165
NZ_DS499577.1	670006	670797		minus	hypothetical protein		73804401	protein-coding		WP_231290533.1	263	ALIPUT_RS12965
NZ_DS499577.1	670775	671287		minus	2-amino-4-hydroxy-6-hydroxymethyldihydropteridine diphosphokinase	folK	73802671	protein-coding		WP_004328236.1	170	ALIPUT_RS03175
NZ_DS499577.1	671290	672435		minus	DNA polymerase III subunit		73802672	protein-coding		WP_004328237.1	381	ALIPUT_RS03180
NZ_DS499577.1	672437	672613		minus	hypothetical protein		73804364	protein-coding		WP_004328238.1	58	ALIPUT_RS12690
NZ_DS499577.1	672623	674098		minus	lipopolysaccharide biosynthesis protein		73802673	protein-coding		WP_004328239.1	491	ALIPUT_RS03185
NZ_DS499577.1	674596	675009		plus	OsmC family protein		73802674	protein-coding		WP_004328241.1	137	ALIPUT_RS03195
NZ_DS499577.1	675288	676571		plus	C10 family peptidase		73802675	protein-coding		WP_004328243.1	427	ALIPUT_RS03200
NZ_DS499577.1	676568	677323		plus	hypothetical protein		73802676	protein-coding		WP_147554510.1	251	ALIPUT_RS03205
NZ_DS499577.1	677426	677596		plus	hypothetical protein		73804365	protein-coding		WP_004328245.1	56	ALIPUT_RS12695
NZ_DS499577.1	677610	678284		plus	hypothetical protein		73802677	protein-coding		WP_147554512.1	224	ALIPUT_RS03210
NZ_DS499577.1	678326	679060		plus	hypothetical protein		73802678	protein-coding		WP_004328247.1	244	ALIPUT_RS03215
NZ_DS499577.1	679343	679762		minus	thioredoxin family protein		73802679	protein-coding		WP_004328248.1	139	ALIPUT_RS03220
NZ_DS499577.1	679799	680833		minus	dual-specificity RNA methyltransferase RlmN	rlmN	73802680	protein-coding		WP_004328249.1	344	ALIPUT_RS03225
NZ_DS499577.1	680990	681670		plus	energy transducer TonB		73802681	protein-coding		WP_004328250.1	226	ALIPUT_RS03230
NZ_DS499577.1	681790	683019		plus	GTPase HflX	hflX	73802682	protein-coding		WP_040293151.1	409	ALIPUT_RS03235
NZ_DS499577.1	683051	683704		plus	uracil phosphoribosyltransferase	upp	73802683	protein-coding		WP_004328252.1	217	ALIPUT_RS03240
NZ_DS499577.1	683688	685550		plus	LTA synthase family protein		73802684	protein-coding		WP_147554513.1	620	ALIPUT_RS03245
NZ_DS499577.1	685619	686362		minus	LytR/AlgR family response regulator transcription factor		73802685	protein-coding		WP_004328254.1	247	ALIPUT_RS03250
NZ_DS499577.1	686359	687405		minus	sensor histidine kinase		73802686	protein-coding		WP_050751471.1	348	ALIPUT_RS03255
NZ_DS499577.1	687527	688747		minus	ABC transporter permease		73802687	protein-coding		WP_004328256.1	406	ALIPUT_RS03260
NZ_DS499577.1	688793	689533		minus	ABC transporter ATP-binding protein		73802688	protein-coding		WP_004328257.1	246	ALIPUT_RS03265
NZ_DS499577.1	689543	690733		minus	efflux RND transporter periplasmic adaptor subunit		73802689	protein-coding		WP_004328258.1	396	ALIPUT_RS03270
NZ_DS499577.1	690792	692114		minus	TolC family protein		73802690	protein-coding		WP_004328259.1	440	ALIPUT_RS03275
NZ_DS499577.1	692292	692552		minus	membrane protein insertion efficiency factor YidD	yidD	73804341	protein-coding		WP_022460152.1	86	ALIPUT_RS12340
NZ_DS499577.1	692509	692880		minus	ribonuclease P protein component		73802691	protein-coding		WP_004328263.1	123	ALIPUT_RS03280
NZ_DS499577.1	693034	693897		minus	uroporphyrinogen-III synthase		73802692	protein-coding		WP_040293154.1	287	ALIPUT_RS03285
NZ_DS499577.1	693922	694806		minus	DUF4271 domain-containing protein		73802693	protein-coding		WP_004328268.1	294	ALIPUT_RS03290
NZ_DS499577.1	694806	695972		minus	sensor histidine kinase		73802694	protein-coding		WP_004328269.1	388	ALIPUT_RS03295
NZ_DS499577.1	695979	697661		minus	S41 family peptidase		73802695	protein-coding		WP_004328270.1	560	ALIPUT_RS03300
NZ_DS499577.1	697648	698124		minus	hypothetical protein		73802696	protein-coding		WP_040293155.1	158	ALIPUT_RS03305
NZ_DS499577.1	698219	699082		minus	4-hydroxy-3-methylbut-2-enyl diphosphate reductase		73802697	protein-coding		WP_004328272.1	287	ALIPUT_RS03310
NZ_DS499577.1	699121	699828		minus	(d)CMP kinase	cmk	73802698	protein-coding		WP_004328273.1	235	ALIPUT_RS03315
NZ_DS499577.1	699809	700486		minus	LysE family translocator		73802699	protein-coding		WP_004328274.1	225	ALIPUT_RS03320
NZ_DS499577.1	700691	701008		plus	DUF3467 domain-containing protein		73802700	protein-coding		WP_004328276.1	105	ALIPUT_RS03325
NZ_DS499577.1	701229	702521		minus	bifunctional folylpolyglutamate synthase/dihydrofolate synthase		73802701	protein-coding		WP_004328277.1	430	ALIPUT_RS03330
NZ_DS499577.1	702588	704153		minus	apolipoprotein N-acyltransferase	lnt	73802702	protein-coding		WP_040293156.1	521	ALIPUT_RS03335
NZ_DS499577.1	704218	704712		plus	hypothetical protein		73804366	protein-coding		WP_004328280.1	164	ALIPUT_RS12700
NZ_DS499577.1	704738	705196		plus	hypothetical protein		73802703	protein-coding		WP_004328281.1	152	ALIPUT_RS03345
NZ_DS499577.1	705389	705628		minus	hypothetical protein		73802704	protein-coding		WP_004328282.1	79	ALIPUT_RS03350
NZ_DS499577.1	705621	707258		minus	S41 family peptidase		73802705	protein-coding		WP_004328283.1	545	ALIPUT_RS03355
NZ_DS499577.1	707305	708474		minus	DUF3078 domain-containing protein		73802706	protein-coding		WP_004328284.1	389	ALIPUT_RS03360
NZ_DS499577.1	708569	709414		plus	deoxyribonuclease IV	nfo	73802707	protein-coding		WP_004328285.1	281	ALIPUT_RS03365
NZ_DS499577.1	709822	710286		plus	hypothetical protein		73802708	protein-coding		WP_004328287.1	154	ALIPUT_RS03375
NZ_DS499577.1	710402	711601		minus	aspartate aminotransferase family protein		73802709	protein-coding		WP_004328288.1	399	ALIPUT_RS03380
NZ_DS499577.1	711610	712296		minus	TrmH family RNA methyltransferase		73802710	protein-coding		WP_004328289.1	228	ALIPUT_RS03385
NZ_DS499577.1	712277	713206		minus	ribosome small subunit-dependent GTPase A	rsgA	73802711	protein-coding		WP_004328290.1	309	ALIPUT_RS03390
NZ_DS499577.1	713179	713706		minus	CvpA family protein		73802712	protein-coding		WP_004328291.1	175	ALIPUT_RS03395
NZ_DS499577.1	714236	714556		minus	helix-turn-helix domain-containing protein		73802713	protein-coding		WP_004328293.1	106	ALIPUT_RS03400
NZ_DS499577.1	714605	717811		plus	hypothetical protein		73802714	protein-coding		WP_004328294.1	1068	ALIPUT_RS03405
NZ_DS499577.1	718301	718876		minus	thymidine kinase		73802715	protein-coding		WP_004328296.1	191	ALIPUT_RS03410
NZ_DS499577.1	718925	720235		minus	UDP-N-acetylglucosamine 1-carboxyvinyltransferase	murA	73802716	protein-coding		WP_004328297.1	436	ALIPUT_RS03415
NZ_DS499577.1	721030	721191		minus	50S ribosomal protein L34	rpmH	73802717	protein-coding		WP_040293407.1	53	ALIPUT_RS03420
NZ_DS499577.1	721351	721914		minus	DUF4924 family protein		73802718	protein-coding		WP_004328302.1	187	ALIPUT_RS03425
NZ_DS499577.1	721951	724185		minus	inorganic phosphate transporter		73802719	protein-coding		WP_004328303.1	744	ALIPUT_RS03430
NZ_DS499577.1	724277	724471		plus	hypothetical protein		73802720	protein-coding		WP_004328304.1	64	ALIPUT_RS03435
NZ_DS499577.1	724829	727108		minus	elongation factor G		73802721	protein-coding		WP_004328305.1	759	ALIPUT_RS03440
NZ_DS499577.1	727209	727994		minus	1,4-dihydroxy-6-naphtoate synthase		73802722	protein-coding		WP_227088833.1	261	ALIPUT_RS03445
NZ_DS499577.1	728008	728208		minus	hypothetical protein		73802723	protein-coding		WP_004328307.1	66	ALIPUT_RS03450
NZ_DS499577.1	728201	728725		minus	phosphorylase family protein		73802724	protein-coding		WP_004328308.1	174	ALIPUT_RS03455
NZ_DS499577.1	728739	730133		minus	aminopeptidase P family protein		73802725	protein-coding		WP_004328309.1	464	ALIPUT_RS03460
NZ_DS499577.1	730549	731043		plus	TlpA family protein disulfide reductase		73802726	protein-coding		WP_004328312.1	164	ALIPUT_RS03465
NZ_DS499577.1	731070	732842		plus	DUF6029 family protein		73802727	protein-coding		WP_004328314.1	590	ALIPUT_RS03470
NZ_DS499577.1	733037	733981		plus	Omp28-related outer membrane protein		73802728	protein-coding		WP_231290534.1	314	ALIPUT_RS03475
NZ_DS499577.1	734192	735241		plus	Omp28-related outer membrane protein		73802729	protein-coding		WP_004328317.1	349	ALIPUT_RS03480
NZ_DS499577.1	735383	735541		minus	hypothetical protein		73804402	protein-coding		WP_004328318.1	52	ALIPUT_RS12970
NZ_DS499577.1	735528	736109		minus	ATPase		73802730	protein-coding		WP_004328319.1	193	ALIPUT_RS03485
NZ_DS499577.1	736572	736643		minus	tRNA-Thr		73802731	tRNA				ALIPUT_RS03490
NZ_DS499577.1	737518	738009		minus	hypothetical protein		73802732	protein-coding		WP_004328322.1	163	ALIPUT_RS03495
NZ_DS499577.1	738025	740718		minus	leucine-rich repeat protein		73804305	protein-coding		WP_004328323.1	897	ALIPUT_RS12040
NZ_DS499577.1	740732	741148		minus	hypothetical protein		73802733	protein-coding		WP_004328324.1	138	ALIPUT_RS03505
NZ_DS499577.1	741575	741853		minus	hypothetical protein		73802734	protein-coding		WP_004328325.1	92	ALIPUT_RS03510
NZ_DS499577.1	741835	742236		minus	DUF6908 domain-containing protein		73802735	protein-coding		WP_004328326.1	133	ALIPUT_RS03515
NZ_DS499577.1	742659	743195		minus	hypothetical protein		73804306	protein-coding		WP_004328327.1	178	ALIPUT_RS12045
NZ_DS499577.1	743265	743765		minus	hypothetical protein		73804307	protein-coding		WP_147554514.1	166	ALIPUT_RS12050
NZ_DS499577.1	743814	744062		minus	hypothetical protein		73804403	protein-coding		WP_004328329.1	82	ALIPUT_RS12975
NZ_DS499577.1	744069	744344		minus	hypothetical protein		73804404	protein-coding		WP_004328330.1	91	ALIPUT_RS12980
NZ_DS499577.1	744935	745774		plus	hypothetical protein		73802736	protein-coding		WP_004328092.1	279	ALIPUT_RS03535
NZ_DS499577.1	745940	746473		plus	hypothetical protein		73802737	protein-coding		WP_231290535.1	177	ALIPUT_RS03540
NZ_DS499577.1	746538	747749		minus	site-specific integrase		73802738	protein-coding		WP_004328332.1	403	ALIPUT_RS03545
NZ_DS499577.1	747906	747977		minus	tRNA-Thr		73802739	tRNA				ALIPUT_RS03550
NZ_DS499577.1	748211	748900		plus	hypothetical protein		73802740	protein-coding		WP_004328333.1	229	ALIPUT_RS03555
NZ_DS499577.1	749189	750436		minus	peptidase U32 family protein		73802741	protein-coding		WP_004328335.1	415	ALIPUT_RS03560
NZ_DS499577.1	750449	751420		minus	polyprenyl synthetase family protein		73802742	protein-coding		WP_040293411.1	323	ALIPUT_RS03565
NZ_DS499577.1	751604	752599		plus	ROK family protein		73802743	protein-coding		WP_004328338.1	331	ALIPUT_RS03570
NZ_DS499577.1	752721	753650		minus	hypothetical protein		73802744	protein-coding		WP_004328339.1	309	ALIPUT_RS03575
NZ_DS499577.1	753757	754560		minus	DUF3108 domain-containing protein		73802745	protein-coding		WP_004328340.1	267	ALIPUT_RS03580
NZ_DS499577.1	754821	756932		minus	ATP-dependent DNA helicase RecG	recG	73802746	protein-coding		WP_004328342.1	703	ALIPUT_RS03585
NZ_DS499577.1	757315	757716		plus	hypothetical protein		73802747	protein-coding		WP_004328343.1	133	ALIPUT_RS03590
NZ_DS499577.1	757828	759333		plus	(E)-4-hydroxy-3-methylbut-2-enyl-diphosphate synthase	ispG	73802748	protein-coding		WP_004328344.1	501	ALIPUT_RS03595
NZ_DS499577.1	759330	759932		plus	WbqC family protein		73802749	protein-coding		WP_040293168.1	200	ALIPUT_RS03600
NZ_DS499577.1	759856	761892		minus	glycoside hydrolase family 2 protein		73802750	protein-coding		WP_004328346.1	678	ALIPUT_RS03605
NZ_DS499577.1	762145	763080		plus	DMT family transporter		73802751	protein-coding		WP_004328348.1	311	ALIPUT_RS03610
NZ_DS499577.1	763250	764485		plus	efflux RND transporter periplasmic adaptor subunit		73802752	protein-coding		WP_004328349.1	411	ALIPUT_RS03615
NZ_DS499577.1	764489	767587		plus	efflux RND transporter permease subunit		73802753	protein-coding		WP_004328350.1	1032	ALIPUT_RS03620
NZ_DS499577.1	767584	768972		plus	efflux transporter outer membrane subunit		73802754	protein-coding		WP_004328351.1	462	ALIPUT_RS03625
NZ_DS499577.1	769125	769197		plus	tRNA-Gly		73802755	tRNA				ALIPUT_RS03630
NZ_DS499577.1	769377	770582		plus	site-specific integrase		73802756	protein-coding		WP_004328352.1	401	ALIPUT_RS03635
NZ_DS499577.1	770652	771191		minus	hypothetical protein		73802757	protein-coding		WP_231290536.1	179	ALIPUT_RS03640
NZ_DS499577.1	771357	772196		minus	hypothetical protein		73802758	protein-coding		WP_004328354.1	279	ALIPUT_RS03645
NZ_DS499577.1	772788	773063		plus	hypothetical protein		73804405	protein-coding		WP_004328355.1	91	ALIPUT_RS12985
NZ_DS499577.1	773070	773318		plus	hypothetical protein		73804406	protein-coding		WP_004328356.1	82	ALIPUT_RS12990
NZ_DS499577.1	773367	773867		plus	hypothetical protein		73804308	protein-coding		WP_231290537.1	166	ALIPUT_RS12055
NZ_DS499577.1	773937	774473		plus	hypothetical protein		73804309	protein-coding		WP_004328358.1	178	ALIPUT_RS12060
NZ_DS499577.1	774895	775284		plus	DUF6908 domain-containing protein		73802759	protein-coding		WP_004328359.1	129	ALIPUT_RS03665
NZ_DS499577.1	775281	775562		plus	hypothetical protein		73802760	protein-coding		WP_004328360.1	93	ALIPUT_RS03670
NZ_DS499577.1	775713	776066		plus	hypothetical protein		73802761	protein-coding		WP_004328361.1	117	ALIPUT_RS03675
NZ_DS499577.1	776476	776814		plus	hypothetical protein		73802762	protein-coding		WP_004328362.1	112	ALIPUT_RS03680
NZ_DS499577.1	776984	777325		plus	hypothetical protein		73802763	protein-coding		WP_004328363.1	113	ALIPUT_RS03685
NZ_DS499577.1	777336	777821		plus	hypothetical protein		73802764	protein-coding		WP_004328364.1	161	ALIPUT_RS03690
NZ_DS499577.1	777899	778411		plus	tetratricopeptide repeat protein		73802765	protein-coding		WP_040293176.1	170	ALIPUT_RS03695
NZ_DS499577.1	778478	779443		plus	hypothetical protein		73802766	protein-coding		WP_004328366.1	321	ALIPUT_RS03700
NZ_DS499577.1	779915	780016		plus	tRNA-Gly		73804367	tRNA				ALIPUT_RS12715
NZ_DS499577.1	780468	781352		minus	helix-turn-helix domain-containing protein		73802767	protein-coding		WP_040293179.1	294	ALIPUT_RS03710
NZ_DS499577.1	781654	782286		minus	hypothetical protein		73804407	protein-coding		WP_187117661.1	210	ALIPUT_RS12995
NZ_DS499577.1	782645	783106		minus	N-acetylmuramoyl-L-alanine amidase		73802768	protein-coding		WP_040293182.1	153	ALIPUT_RS03725
NZ_DS499577.1	783474	784598		plus	MBL fold metallo-hydrolase		73802769	protein-coding		WP_004328376.1	374	ALIPUT_RS03735
NZ_DS499577.1	784657	785400		minus	2,3-diphosphoglycerate-dependent phosphoglycerate mutase	gpmA	73802770	protein-coding		WP_004328377.1	247	ALIPUT_RS03740
NZ_DS499577.1	785415	786410		minus	2-hydroxyacid dehydrogenase		73802771	protein-coding		WP_004328378.1	331	ALIPUT_RS03745
NZ_DS499577.1	786605	788065		plus	DHA2 family efflux MFS transporter permease subunit		73802772	protein-coding		WP_004328380.1	486	ALIPUT_RS03755
NZ_DS499577.1	788132	789208		plus	A/G-specific adenine glycosylase	mutY	73802773	protein-coding		WP_004328381.1	358	ALIPUT_RS03760
NZ_DS499577.1	789286	790992		plus	aspartate-alanine antiporter	aspT	73802774	protein-coding		WP_004328382.1	568	ALIPUT_RS03765
NZ_DS499577.1	791135	791590		plus	GAF domain-containing protein		73802775	protein-coding		WP_004328383.1	151	ALIPUT_RS03770
NZ_DS499577.1	791857	793152		minus	OmpA family protein		73802776	protein-coding		WP_004328385.1	431	ALIPUT_RS03775
NZ_DS499577.1	793323	795869		minus	adenosylcobalamin-dependent ribonucleoside-diphosphate reductase		73802777	protein-coding		WP_004328386.1	848	ALIPUT_RS03780
NZ_DS499577.1	796411	796785		minus	RidA family protein		73802778	protein-coding		WP_004328387.1	124	ALIPUT_RS03785
NZ_DS499577.1	797068	797493		plus	META domain-containing protein		73802779	protein-coding		WP_004328390.1	141	ALIPUT_RS03790
NZ_DS499577.1	797750	798880		plus	radical SAM family heme chaperone HemW	hemW	73802780	protein-coding		WP_004328392.1	376	ALIPUT_RS03795
NZ_DS499577.1	798907	803154		plus	alpha-glucan family phosphorylase	glgP	73802781	protein-coding		WP_004328393.1	1415	ALIPUT_RS03800
NZ_DS499577.1	803390	805363		plus	amylo-alpha-1,6-glucosidase		73802782	protein-coding		WP_004328395.1	657	ALIPUT_RS03805
NZ_DS499577.1	805694	807001		plus	glycosyltransferase family 4 protein		73802783	protein-coding		WP_004328396.1	435	ALIPUT_RS03810
NZ_DS499577.1	807016	808281		plus	glycoside hydrolase family 57 protein		73802784	protein-coding		WP_004328397.1	421	ALIPUT_RS03815
NZ_DS499577.1	808488	809381		minus	AraC family transcriptional regulator		73802785	protein-coding		WP_004328398.1	297	ALIPUT_RS03820
NZ_DS499577.1	809363	810298		minus	diacylglycerol/lipid kinase family protein		73802786	protein-coding		WP_004328399.1	311	ALIPUT_RS03825
NZ_DS499577.1	810314	811324		minus	FAD:protein FMN transferase		73802787	protein-coding		WP_004328400.1	336	ALIPUT_RS03830
NZ_DS499577.1	811520	811792		plus	30S ribosomal protein S15	rpsO	73802788	protein-coding		WP_022043534.1	90	ALIPUT_RS03835
NZ_DS499577.1	811882	814095		plus	polyribonucleotide nucleotidyltransferase	pnp	73802789	protein-coding		WP_004328402.1	737	ALIPUT_RS03840
NZ_DS499577.1	814285	816012		plus	hypothetical protein		73802790	protein-coding		WP_004328403.1	575	ALIPUT_RS03845
NZ_DS499577.1	816561	817439		plus	deoxyribose-phosphate aldolase	deoC	73802791	protein-coding		WP_004328406.1	292	ALIPUT_RS03850
NZ_DS499577.1	817515	818225		minus	pirin family protein		73802792	protein-coding		WP_004328407.1	236	ALIPUT_RS03855
NZ_DS499577.1	818409	820019		minus	phosphoenolpyruvate carboxykinase (ATP)	pckA	73802793	protein-coding		WP_004328408.1	536	ALIPUT_RS03860
NZ_DS499577.1	820132	821310		minus	dicarboxylate/amino acid:cation symporter		73802794	protein-coding		WP_040293187.1	392	ALIPUT_RS03865
NZ_DS499577.1	821492	822262		plus	radical SAM protein		73802795	protein-coding		WP_040293188.1	256	ALIPUT_RS03870
NZ_DS499577.1	822831	823184		minus	dihydroneopterin aldolase	folB	73802796	protein-coding		WP_004328413.1	117	ALIPUT_RS03875
NZ_DS499577.1	823186	824481		minus	tyrosine--tRNA ligase	tyrS	73802797	protein-coding		WP_004328414.1	431	ALIPUT_RS03880
NZ_DS499577.1	824508	826427		minus	DNA polymerase III subunit gamma/tau		73804342	protein-coding		WP_004328415.1	639	ALIPUT_RS12370
NZ_DS499577.1	826732	827388		minus	hypothetical protein		73802798	protein-coding		WP_004328416.1	218	ALIPUT_RS03890
NZ_DS499577.1	827556	830153		plus	ATP-dependent chaperone ClpB	clpB	73802799	protein-coding		WP_004328417.1	865	ALIPUT_RS03895
NZ_DS499577.1	830246	831517		minus	aminotransferase class I/II-fold pyridoxal phosphate-dependent enzyme		73802800	protein-coding		WP_004328418.1	423	ALIPUT_RS03900
NZ_DS499577.1	832237	832947		plus	DUF3944 domain-containing protein		73802801	protein-coding		WP_004328420.1	236	ALIPUT_RS03910
NZ_DS499577.1	833061	833591		minus	6,7-dimethyl-8-ribityllumazine synthase	ribH	73802802	protein-coding		WP_004328421.1	176	ALIPUT_RS03915
NZ_DS499577.1	833614	834294		minus	tetratricopeptide repeat protein		73802803	protein-coding		WP_004328422.1	226	ALIPUT_RS03920
NZ_DS499577.1	834414	834704		minus	DciA family protein		73802804	protein-coding		WP_004328423.1	96	ALIPUT_RS03925
NZ_DS499577.1	834701	835789		minus	DNA replication/repair protein RecF	recF	73802805	protein-coding		WP_004328424.1	362	ALIPUT_RS03930
NZ_DS499577.1	835885	836037		minus	hypothetical protein		73804368	protein-coding		WP_155813744.1	50	ALIPUT_RS12725
NZ_DS499577.1	836191	836631		minus	50S ribosomal protein L9	rplI	73802806	protein-coding		WP_004328427.1	146	ALIPUT_RS03940
NZ_DS499577.1	836650	836928		minus	30S ribosomal protein S18	rpsR	73802807	protein-coding		WP_004328428.1	92	ALIPUT_RS03945
NZ_DS499577.1	836932	837276		minus	30S ribosomal protein S6	rpsF	73802808	protein-coding		WP_004328430.1	114	ALIPUT_RS03950
NZ_DS499577.1	837617	838195		minus	adenylate kinase		73802809	protein-coding		WP_004328431.1	192	ALIPUT_RS03955
NZ_DS499577.1	838367	839404		plus	thiamine-phosphate kinase	thiL	73802810	protein-coding		WP_040293193.1	345	ALIPUT_RS03960
NZ_DS499577.1	839407	840177		minus	lipopolysaccharide kinase InaA family protein		73802811	protein-coding		WP_004328433.1	256	ALIPUT_RS03965
NZ_DS499577.1	840327	840578		minus	30S ribosomal protein S20	rpsT	73802812	protein-coding		WP_004328434.1	83	ALIPUT_RS03970
NZ_DS499577.1	840782	840853		minus	tRNA-Glu		73802813	tRNA				ALIPUT_RS03975
NZ_DS499577.1	841336	841411		plus	tRNA-Pro		73802814	tRNA				ALIPUT_RS03980
NZ_DS499577.1	841775	841850		minus	tRNA-His		73802815	tRNA				ALIPUT_RS03985
NZ_DS499577.1	842157	842426		plus	co-chaperone GroES		73802816	protein-coding		WP_004328438.1	89	ALIPUT_RS03990
NZ_DS499577.1	842458	844089		plus	chaperonin GroEL	groL	73802817	protein-coding		WP_004328439.1	543	ALIPUT_RS03995
NZ_DS499577.1	844366	845685		minus	zf-HC2 domain-containing protein		73802818	protein-coding		WP_004328440.1	439	ALIPUT_RS04005
NZ_DS499577.1	845698	846186		minus	RNA polymerase sigma factor		73804310	protein-coding		WP_004328441.1	162	ALIPUT_RS12075
NZ_DS499577.1	846558	846812		minus	uncharacterized gene		73802819	pseudogene				ALIPUT_RS04015
NZ_DS499577.1	847006	847698		minus	Mpv17/PMP22 family protein		73802820	protein-coding		WP_004328444.1	230	ALIPUT_RS04020
NZ_DS499577.1	847722	849365		minus	DNA repair protein RecN	recN	73802821	protein-coding		WP_004328445.1	547	ALIPUT_RS04025
NZ_DS499577.1	849368	850564		minus	bifunctional phosphopantothenoylcysteine decarboxylase/phosphopantothenate--cysteine ligase CoaBC	coaBC	73802822	protein-coding		WP_004328446.1	398	ALIPUT_RS04030
NZ_DS499577.1	850575	850895		minus	DNA-directed RNA polymerase subunit omega		73802823	protein-coding		WP_004328447.1	106	ALIPUT_RS04035
NZ_DS499577.1	850900	851715		minus	outer membrane protein assembly factor BamD		73802824	protein-coding		WP_004328448.1	271	ALIPUT_RS04040
NZ_DS499577.1	851893	852897		minus	aspartate-semialdehyde dehydrogenase		73802825	protein-coding		WP_004328450.1	334	ALIPUT_RS04045
NZ_DS499577.1	852926	855331		minus	transglycosylase domain-containing protein		73802826	protein-coding		WP_004328451.1	801	ALIPUT_RS04050
NZ_DS499577.1	855663	858632		minus	BamA/TamA family outer membrane protein		73802827	protein-coding		WP_004328452.1	989	ALIPUT_RS04055
NZ_DS499577.1	858629	858973		minus	translation initiation factor		73802828	protein-coding		WP_004328453.1	114	ALIPUT_RS04060
NZ_DS499577.1	859297	859374		minus	tRNA-Val		73802829	tRNA				ALIPUT_RS04065
NZ_DS499577.1	859398	859471		minus	tRNA-Asn		73802830	tRNA				ALIPUT_RS04070
NZ_DS499577.1	859602	860681		plus	DUF1573 domain-containing protein		73802831	protein-coding		WP_004328455.1	359	ALIPUT_RS04075
NZ_DS499577.1	860829	861713		plus	sulfide/dihydroorotate dehydrogenase-like FAD/NAD-binding protein		73802832	protein-coding		WP_004328456.1	294	ALIPUT_RS04080
NZ_DS499577.1	861817	863211		plus	NADPH-dependent glutamate synthase	gltA	73802833	protein-coding		WP_004328457.1	464	ALIPUT_RS04085
NZ_DS499577.1	863225	863791		plus	lipocalin-like domain-containing protein		73802834	protein-coding		WP_004328458.1	188	ALIPUT_RS04090
NZ_DS499577.1	863974	865005		minus	glycosyltransferase family 9 protein		73802835	protein-coding		WP_004328459.1	343	ALIPUT_RS04095
NZ_DS499577.1	864989	865594		minus	DUF4254 domain-containing protein		73802836	protein-coding		WP_004328460.1	201	ALIPUT_RS04100
NZ_DS499577.1	865735	866733		plus	glucosaminidase domain-containing protein		73802837	protein-coding		WP_004328462.1	332	ALIPUT_RS04105
NZ_DS499577.1	866752	867438		plus	hypothetical protein		73802838	protein-coding		WP_004328463.1	228	ALIPUT_RS04110
NZ_DS499577.1	867463	869610		plus	S9 family peptidase		73802839	protein-coding		WP_004328464.1	715	ALIPUT_RS04115
NZ_DS499577.1	869624	870094		plus	methylated-DNA--[protein]-cysteine S-methyltransferase		73802840	protein-coding		WP_004328465.1	156	ALIPUT_RS04120
NZ_DS499577.1	870148	870306		minus	rubredoxin	rd	73802841	protein-coding		WP_004328466.1	52	ALIPUT_RS04125
NZ_DS499577.1	870603	871169		minus	elongation factor P	efp	73802842	protein-coding		WP_004328467.1	188	ALIPUT_RS04130
NZ_DS499577.1	871243	871833		minus	UbiX family flavin prenyltransferase		73802843	protein-coding		WP_004328468.1	196	ALIPUT_RS04135
NZ_DS499577.1	871838	872446		minus	polysaccharide deacetylase family protein		73802844	protein-coding		WP_050751474.1	202	ALIPUT_RS04140
NZ_DS499577.1	872802	873746		plus	hypothetical protein		73802845	protein-coding		WP_040293196.1	314	ALIPUT_RS04145
NZ_DS499577.1	873728	874489		plus	hypothetical protein		73802846	protein-coding		WP_004328471.1	253	ALIPUT_RS04150
NZ_DS499577.1	874520	874984		plus	hypothetical protein		73802847	protein-coding		WP_004328472.1	154	ALIPUT_RS04155
NZ_DS499577.1	875131	876240		plus	DUF4837 family protein		73802848	protein-coding		WP_004328473.1	369	ALIPUT_RS04160
NZ_DS499577.1	876256	877674		plus	cardiolipin synthase	cls	73802849	protein-coding		WP_004328474.1	472	ALIPUT_RS04165
NZ_DS499577.1	877868	878344		plus	transcription elongation factor GreA	greA	73802850	protein-coding		WP_004328475.1	158	ALIPUT_RS04170
NZ_DS499577.1	878603	879958		minus	hypothetical protein		73802851	protein-coding		WP_040293198.1	451	ALIPUT_RS04175
NZ_DS499577.1	880619	880945		plus	hypothetical protein		73802852	protein-coding		WP_022459780.1	108	ALIPUT_RS04180
NZ_DS499577.1	881283	883592		plus	TonB-dependent receptor		73802853	protein-coding		WP_004328479.1	769	ALIPUT_RS04185
NZ_DS499577.1	883962	885245		plus	arginine deiminase family protein		73802854	protein-coding		WP_081443361.1	427	ALIPUT_RS04195
NZ_DS499577.1	885538	886479		minus	malate dehydrogenase	mdh	73802855	protein-coding		WP_004328483.1	313	ALIPUT_RS04200
NZ_DS499577.1	886663	887040		minus	glycine cleavage system protein GcvH	gcvH	73802856	protein-coding		WP_004328484.1	125	ALIPUT_RS04205
NZ_DS499577.1	887139	887918		minus	biotin--[acetyl-CoA-carboxylase] ligase		73802857	protein-coding		WP_004328485.1	259	ALIPUT_RS04210
NZ_DS499577.1	887929	888756		minus	2,3,4,5-tetrahydropyridine-2,6-dicarboxylate N-succinyltransferase		73802858	protein-coding		WP_004328486.1	275	ALIPUT_RS04215
NZ_DS499577.1	888946	891084		plus	prolyl oligopeptidase family serine peptidase		73802859	protein-coding		WP_004328487.1	712	ALIPUT_RS04220
NZ_DS499577.1	891215	892471		plus	aspartate kinase		73802860	protein-coding		WP_004328488.1	418	ALIPUT_RS04225
NZ_DS499577.1	892520	892870		plus	DUF6984 family protein		73802861	protein-coding		WP_004328489.1	116	ALIPUT_RS04230
NZ_DS499577.1	892922	893449		plus	hypothetical protein		73802862	protein-coding		WP_004328490.1	175	ALIPUT_RS04235
NZ_DS499577.1	893543	893926		plus	hypothetical protein		73804369	protein-coding		WP_147554516.1	127	ALIPUT_RS12730
NZ_DS499577.1	894018	894215		minus	hypothetical protein		73802863	protein-coding		WP_004328493.1	65	ALIPUT_RS04240
NZ_DS499577.1	894713	895168		minus	lipocalin-like domain-containing protein		73802864	protein-coding		WP_004328495.1	151	ALIPUT_RS04245
NZ_DS499577.1	895575	895871		minus	hypothetical protein		73802865	protein-coding		WP_004328496.1	98	ALIPUT_RS04250
NZ_DS499577.1	897343	898146		plus	hypothetical protein		73802866	protein-coding		WP_004328500.1	267	ALIPUT_RS04260
NZ_DS499577.1	898443	899831		minus	transposase		73802867	protein-coding		WP_004328501.1	462	ALIPUT_RS04265
NZ_DS499577.1	899973	900302		minus	hypothetical protein		73802868	protein-coding		WP_004327465.1	109	ALIPUT_RS04270
NZ_DS499577.1	900590	901350		plus	uncharacterized gene		73802869	pseudogene				ALIPUT_RS04275
NZ_DS499577.1	901355	901612		plus	hypothetical protein		73802870	protein-coding		WP_004328504.1	85	ALIPUT_RS04280
NZ_DS499577.1	901801	902922		minus	fimbrillin family protein		73802871	protein-coding		WP_026314684.1	373	ALIPUT_RS04285
NZ_DS499577.1	902968	903888		minus	DUF5119 domain-containing protein		73802872	protein-coding		WP_004328506.1	306	ALIPUT_RS04290
NZ_DS499577.1	903885	905108		minus	DUF3575 domain-containing protein		73802873	protein-coding		WP_004328507.1	407	ALIPUT_RS04295
NZ_DS499577.1	905423	906481		plus	helix-turn-helix domain-containing protein		73802874	protein-coding		WP_004328508.1	352	ALIPUT_RS04300
NZ_DS499577.1	906700	907904		minus	uncharacterized gene		73802875	pseudogene				ALIPUT_RS04305
NZ_DS499577.1	908371	909303		minus	hypothetical protein		73802876	protein-coding		WP_004328511.1	310	ALIPUT_RS04310
NZ_DS499577.1	909310	910050		minus	toxin-antitoxin system YwqK family antitoxin		73802877	protein-coding		WP_004328512.1	246	ALIPUT_RS04315
NZ_DS499577.1	910202	910825		minus	hypothetical protein		73802878	protein-coding		WP_004328513.1	207	ALIPUT_RS04320
NZ_DS499577.1	910847	911272		minus	tetratricopeptide repeat protein		73802879	protein-coding		WP_004328514.1	141	ALIPUT_RS04325
NZ_DS499577.1	911279	912409		minus	vWA domain-containing protein		73802880	protein-coding		WP_004328515.1	376	ALIPUT_RS04330
NZ_DS499577.1	912424	914646		minus	DUF5682 family protein		73802881	protein-coding		WP_004328516.1	740	ALIPUT_RS04335
NZ_DS499577.1	914675	915754		minus	ATP-binding protein		73802882	protein-coding		WP_004328517.1	359	ALIPUT_RS04340
NZ_DS499577.1	915769	917244		minus	DUF5691 domain-containing protein		73802883	protein-coding		WP_004328518.1	491	ALIPUT_RS04345
NZ_DS499577.1	917231	918562		minus	SWIM zinc finger family protein		73802884	protein-coding		WP_004328519.1	443	ALIPUT_RS04350
NZ_DS499577.1	918592	919356		minus	DUF4261 domain-containing protein		73802885	protein-coding		WP_231290539.1	254	ALIPUT_RS04355
NZ_DS499577.1	919499	921871		minus	DUF4253 domain-containing protein		73802886	protein-coding		WP_004328521.1	790	ALIPUT_RS04360
NZ_DS499577.1	921897	927218		minus	immunity protein Imm33 domain-containing protein		73804343	protein-coding		WP_004328522.1	1773	ALIPUT_RS12380
NZ_DS499577.1	927489	928082		minus	DUF2625 family protein		73802887	protein-coding		WP_009316581.1	197	ALIPUT_RS04375
NZ_DS499577.1	928218	929045		minus	hypothetical protein		73802888	protein-coding		WP_004328527.1	275	ALIPUT_RS04380
NZ_DS499577.1	929042	929485		minus	hypothetical protein		73802889	protein-coding		WP_225982423.1	147	ALIPUT_RS04385
NZ_DS499577.1	930060	930650		minus	DUF4948 family protein		73802890	protein-coding		WP_004328529.1	196	ALIPUT_RS04390
NZ_DS499577.1	930688	931227		minus	hypothetical protein		73802891	protein-coding		WP_225982424.1	179	ALIPUT_RS04395
NZ_DS499577.1	931387	931593		minus	hypothetical protein		73802892	protein-coding		WP_004328531.1	68	ALIPUT_RS04400
NZ_DS499577.1	931696	932154		minus	hypothetical protein		73802893	protein-coding		WP_004328532.1	152	ALIPUT_RS04405
NZ_DS499577.1	932233	932520		minus	hypothetical protein		73802894	protein-coding		WP_004328533.1	95	ALIPUT_RS04410
NZ_DS499577.1	932599	933597		minus	SMI1/KNR4 family protein		73802895	protein-coding		WP_004328534.1	332	ALIPUT_RS04415
NZ_DS499577.1	933665	934252		minus	leucine-rich repeat domain-containing protein		73802896	protein-coding		WP_004328535.1	195	ALIPUT_RS04420
NZ_DS499577.1	934304	934666		minus	hypothetical protein		73802897	protein-coding		WP_004328536.1	120	ALIPUT_RS04425
NZ_DS499577.1	934738	935136		minus	hypothetical protein		73802898	protein-coding		WP_004328537.1	132	ALIPUT_RS04430
NZ_DS499577.1	935229	936347		minus	tyrosine-type recombinase/integrase		73802899	protein-coding		WP_004328538.1	372	ALIPUT_RS04435
NZ_DS499577.1	936360	937184		minus	toxin-antitoxin system YwqK family antitoxin		73802900	protein-coding		WP_004328539.1	274	ALIPUT_RS04440
NZ_DS499577.1	937181	937936		minus	DUF4261 domain-containing protein		73802901	protein-coding		WP_004328540.1	251	ALIPUT_RS04445
NZ_DS499577.1	938082	939002		minus	hypothetical protein		73802902	protein-coding		WP_004328541.1	306	ALIPUT_RS04450
NZ_DS499577.1	939053	939319		minus	immunity 17 family protein		73802903	protein-coding		WP_004328542.1	88	ALIPUT_RS04455
NZ_DS499577.1	939331	939789		minus	hypothetical protein		73802904	protein-coding		WP_004328543.1	152	ALIPUT_RS04460
NZ_DS499577.1	939825	940478		minus	hypothetical protein		73802905	protein-coding		WP_004328544.1	217	ALIPUT_RS04465
NZ_DS499577.1	940516	941544		minus	DUF3137 domain-containing protein		73802906	protein-coding		WP_004328545.1	342	ALIPUT_RS04470
NZ_DS499577.1	941548	942108		minus	LemA family protein		73802907	protein-coding		WP_004328546.1	186	ALIPUT_RS04475
NZ_DS499577.1	942123	942830		minus	hypothetical protein		73802908	protein-coding		WP_004328547.1	235	ALIPUT_RS04480
NZ_DS499577.1	942877	943905		minus	DUF1266 domain-containing protein		73802909	protein-coding		WP_004328548.1	342	ALIPUT_RS04485
NZ_DS499577.1	943947	944918		minus	ankyrin repeat domain-containing protein		73802910	protein-coding		WP_004328549.1	323	ALIPUT_RS04490
NZ_DS499577.1	944929	946488		minus	ankyrin repeat domain-containing protein		73802911	protein-coding		WP_004328550.1	519	ALIPUT_RS04495
NZ_DS499577.1	946485	946934		minus	hypothetical protein		73802912	protein-coding		WP_040293443.1	149	ALIPUT_RS04500
NZ_DS499577.1	947971	948990		minus	hypothetical protein		73802913	protein-coding		WP_004328553.1	339	ALIPUT_RS04510
NZ_DS499577.1	949006	950595		minus	phage terminase large subunit		73802914	protein-coding		WP_004303996.1	529	ALIPUT_RS04515
NZ_DS499577.1	950601	951035		minus	DUF5675 family protein		73802915	protein-coding		WP_004293512.1	144	ALIPUT_RS04520
NZ_DS499577.1	951172	951453		plus	HU family DNA-binding protein		73802916	protein-coding		WP_004293511.1	93	ALIPUT_RS04525
NZ_DS499577.1	951477	951713		minus	hypothetical protein		73802917	protein-coding		WP_008860755.1	78	ALIPUT_RS04530
NZ_DS499577.1	952009	952185		minus	histone H1		73802918	protein-coding		WP_004293509.1	58	ALIPUT_RS04540
NZ_DS499577.1	952364	953641		minus	phage integrase SAM-like domain-containing protein		73802919	protein-coding		WP_004293508.1	425	ALIPUT_RS04545
NZ_DS499577.1	954262	954588		minus	cupin domain-containing protein		73802920	protein-coding		WP_004328558.1	108	ALIPUT_RS04555
NZ_DS499577.1	954598	955308		minus	aromatic aminobenezylarsenical efflux permease ArsG family transporter		73802921	protein-coding		WP_004328559.1	236	ALIPUT_RS04560
NZ_DS499577.1	955318	955740		minus	nitrophenyl compound nitroreductase subunit ArsF family protein		73802922	protein-coding		WP_004328560.1	140	ALIPUT_RS04565
NZ_DS499577.1	955762	956001		minus	MTH895/ArsE family thioredoxin-like protein		73802923	protein-coding		WP_081443362.1	79	ALIPUT_RS04570
NZ_DS499577.1	956046	957770		minus	DUF6850 family outer membrane beta-barrel protein		73802924	protein-coding		WP_004328562.1	574	ALIPUT_RS04575
NZ_DS499577.1	957783	960527		minus	TonB-dependent receptor		73802925	protein-coding		WP_004328563.1	914	ALIPUT_RS04580
NZ_DS499577.1	960659	961915		minus	DUF4876 domain-containing protein		73802926	protein-coding		WP_004328564.1	418	ALIPUT_RS04585
NZ_DS499577.1	962664	962807		plus	DUF3791 domain-containing protein		73804436	protein-coding		WP_227088790.1	47	ALIPUT_RS13140
NZ_DS499577.1	963109	963405		minus	hypothetical protein		73802927	protein-coding		WP_004328567.1	98	ALIPUT_RS04600
NZ_DS499577.1	963398	963601		minus	hypothetical protein		73802928	protein-coding		WP_004328568.1	67	ALIPUT_RS04605
NZ_DS499577.1	964133	964486		plus	hypothetical protein		73802929	protein-coding		WP_004328569.1	117	ALIPUT_RS04610
NZ_DS499577.1	964483	964818		plus	hypothetical protein		73802930	protein-coding		WP_004328570.1	111	ALIPUT_RS04615
NZ_DS499577.1	964824	965081		plus	hypothetical protein		73802931	protein-coding		WP_040293444.1	85	ALIPUT_RS04620
NZ_DS499577.1	965097	965468		plus	hypothetical protein		73802932	protein-coding		WP_004328572.1	123	ALIPUT_RS04625
NZ_DS499577.1	965753	966148		minus	ATP-binding protein		73802933	protein-coding		WP_004328573.1	131	ALIPUT_RS04630
NZ_DS499577.1	966809	967576		minus	metallophosphoesterase		73802934	protein-coding		WP_004328575.1	255	ALIPUT_RS04635
NZ_DS499577.1	967592	968134		minus	hypothetical protein		73802935	protein-coding		WP_004328576.1	180	ALIPUT_RS04640
NZ_DS499577.1	968150	968734		minus	metallophosphoesterase		73802936	protein-coding		WP_004328577.1	194	ALIPUT_RS04645
NZ_DS499577.1	969239	969445		plus	helix-turn-helix transcriptional regulator		73802937	protein-coding		WP_040293447.1	68	ALIPUT_RS04650
NZ_DS499577.1	969451	970872		plus	RNA-binding domain-containing protein		73802938	protein-coding		WP_004328579.1	473	ALIPUT_RS04655
NZ_DS499577.1	970934	972052		plus	ABC-three component system protein		73804344	protein-coding		WP_229034974.1	372	ALIPUT_RS12395
NZ_DS499577.1	972121	972438		plus	hypothetical protein		73802939	protein-coding		WP_011109311.1	105	ALIPUT_RS04665
NZ_DS499577.1	972444	973583		plus	V-type ATP synthase subunit I domain-containing protein		73804408	protein-coding		WP_187117663.1	379	ALIPUT_RS13000
NZ_DS499577.1	973856	974062		minus	hypothetical protein		73802940	protein-coding		WP_004328583.1	68	ALIPUT_RS04675
NZ_DS499577.1	974084	974476		minus	ribonuclease H family protein		73802941	protein-coding		WP_004328584.1	130	ALIPUT_RS04680
NZ_DS499577.1	974476	974994		minus	hypothetical protein		73802942	protein-coding		WP_004328585.1	172	ALIPUT_RS04685
NZ_DS499577.1	975170	975832		minus	hypothetical protein		73802943	protein-coding		WP_004328586.1	220	ALIPUT_RS04690
NZ_DS499577.1	975845	976279		minus	hypothetical protein		73802944	protein-coding		WP_004328587.1	144	ALIPUT_RS04695
NZ_DS499577.1	976358	976588		minus	hypothetical protein		73802945	protein-coding		WP_004328588.1	76	ALIPUT_RS04700
NZ_DS499577.1	976680	977333		plus	hypothetical protein		73802946	protein-coding		WP_147554518.1	217	ALIPUT_RS04705
NZ_DS499577.1	977350	977904		minus	hypothetical protein		73802947	protein-coding		WP_004328590.1	184	ALIPUT_RS04710
NZ_DS499577.1	977918	978619		minus	hypothetical protein		73804370	protein-coding		WP_147554519.1	233	ALIPUT_RS12745
NZ_DS499577.1	978725	979180		minus	hypothetical protein		73802948	protein-coding		WP_004328592.1	151	ALIPUT_RS04725
NZ_DS499577.1	979177	979659		minus	hypothetical protein		73802949	protein-coding		WP_004328593.1	160	ALIPUT_RS04730
NZ_DS499577.1	979659	979925		minus	hypothetical protein		73802950	protein-coding		WP_004328595.1	88	ALIPUT_RS04735
NZ_DS499577.1	979906	980379		minus	hypothetical protein		73804409	protein-coding		WP_004328597.1	157	ALIPUT_RS13005
NZ_DS499577.1	980385	980900		minus	DNA gyrase inhibitor YacG		73802951	protein-coding		WP_004328598.1	171	ALIPUT_RS04745
NZ_DS499577.1	981035	981628		minus	tyrosine-type recombinase/integrase		73802952	protein-coding		WP_040293212.1	197	ALIPUT_RS04750
NZ_DS499577.1	981661	982467		minus	N-6 DNA methylase		73802953	protein-coding		WP_147554520.1	268	ALIPUT_RS04755
NZ_DS499577.1	982472	982684		minus	hypothetical protein		73802954	protein-coding		WP_004328601.1	70	ALIPUT_RS04760
NZ_DS499577.1	982748	983050		minus	hypothetical protein		73802955	protein-coding		WP_004328602.1	100	ALIPUT_RS04765
NZ_DS499577.1	983062	983646		minus	hypothetical protein		73804345	protein-coding		WP_004328603.1	194	ALIPUT_RS12400
NZ_DS499577.1	983660	984013		minus	hypothetical protein		73802956	protein-coding		WP_004328604.1	117	ALIPUT_RS04775
NZ_DS499577.1	984131	985441		minus	hypothetical protein		73802957	protein-coding		WP_004328605.1	436	ALIPUT_RS04780
NZ_DS499577.1	985520	985900		minus	hypothetical protein		73802958	protein-coding		WP_004328606.1	126	ALIPUT_RS04785
NZ_DS499577.1	986174	987058		minus	hypothetical protein		73802959	protein-coding		WP_004328608.1	294	ALIPUT_RS04795
NZ_DS499577.1	987070	987726		minus	hypothetical protein		73802960	protein-coding		WP_004328609.1	218	ALIPUT_RS04800
NZ_DS499577.1	987728	987913		minus	hypothetical protein		73802961	protein-coding		WP_004328610.1	61	ALIPUT_RS04805
NZ_DS499577.1	987940	988116		minus	hypothetical protein		73804371	protein-coding		WP_155813745.1	58	ALIPUT_RS12750
NZ_DS499577.1	988722	989765		minus	hypothetical protein		73802962	protein-coding		WP_004328613.1	347	ALIPUT_RS04820
NZ_DS499577.1	989768	990238		minus	hypothetical protein		73802963	protein-coding		WP_004328614.1	156	ALIPUT_RS04825
NZ_DS499577.1	990244	990471		minus	hypothetical protein		73802964	protein-coding		WP_004328615.1	75	ALIPUT_RS04830
NZ_DS499577.1	991686	992951		minus	RNA-directed DNA polymerase		73802965	protein-coding		WP_040293218.1	421	ALIPUT_RS04835
NZ_DS499577.1	992960	993235		minus	DUF3846 domain-containing protein		73802966	protein-coding		WP_004328618.1	91	ALIPUT_RS04840
NZ_DS499577.1	993236	993475		minus	hypothetical protein		73802967	protein-coding		WP_004328619.1	79	ALIPUT_RS04845
NZ_DS499577.1	993585	993722		minus	hypothetical protein		73804372	protein-coding		WP_004328620.1	45	ALIPUT_RS12755
NZ_DS499577.1	993814	994041		minus	hypothetical protein		73802968	protein-coding		WP_004328621.1	75	ALIPUT_RS04850
NZ_DS499577.1	994366	994992		minus	hypothetical protein		73802969	protein-coding		WP_004328624.1	208	ALIPUT_RS04860
NZ_DS499577.1	996701	997795		plus	hypothetical protein		73802970	protein-coding		WP_004328626.1	364	ALIPUT_RS04865
NZ_DS499577.1	997812	998774		plus	bromodomain-containing protein		73802971	protein-coding		WP_004328627.1	320	ALIPUT_RS04870
NZ_DS499577.1	999055	999420		minus	hypothetical protein		73802972	protein-coding		WP_004328628.1	121	ALIPUT_RS04875
NZ_DS499577.1	999428	999868		minus	hypothetical protein		73802973	protein-coding		WP_004328629.1	146	ALIPUT_RS04880
NZ_DS499577.1	999865	1001349		minus	KilA-N domain-containing protein		73802974	protein-coding		WP_004328630.1	494	ALIPUT_RS04885
NZ_DS499577.1	1001356	1001739		minus	hypothetical protein		73802975	protein-coding		WP_004328631.1	127	ALIPUT_RS04890
NZ_DS499577.1	1001736	1002176		minus	hypothetical protein		73804311	protein-coding		WP_004328632.1	146	ALIPUT_RS12085
NZ_DS499577.1	1002448	1003757		plus	uncharacterized gene		89222780	pseudogene				ALIPUT_RS13270
NZ_DS499577.1	1003760	1004341		plus	hypothetical protein		73802976	protein-coding		WP_004328635.1	193	ALIPUT_RS04905
NZ_DS499577.1	1004338	1005138		plus	hypothetical protein		73802977	protein-coding		WP_004328636.1	266	ALIPUT_RS04910
NZ_DS499577.1	1005181	1006437		plus	Clp protease ClpP		73802978	protein-coding		WP_004328637.1	418	ALIPUT_RS04915
NZ_DS499577.1	1006570	1007619		plus	hypothetical protein		73802979	protein-coding		WP_004328638.1	349	ALIPUT_RS04920
NZ_DS499577.1	1007700	1007996		plus	hypothetical protein		73802980	protein-coding		WP_004328639.1	98	ALIPUT_RS04925
NZ_DS499577.1	1008009	1009352		plus	DUF2586 family protein		73802981	protein-coding		WP_004328640.1	447	ALIPUT_RS04930
NZ_DS499577.1	1009361	1009816		plus	hypothetical protein		73802982	protein-coding		WP_004328641.1	151	ALIPUT_RS04935
NZ_DS499577.1	1009927	1010244		plus	thioredoxin	trxA	73802983	protein-coding		WP_004328642.1	105	ALIPUT_RS04940
NZ_DS499577.1	1010316	1011407		minus	hypothetical protein		73802984	protein-coding		WP_004328643.1	363	ALIPUT_RS04945
NZ_DS499577.1	1011409	1011954		minus	hypothetical protein		73802985	protein-coding		WP_004328644.1	181	ALIPUT_RS04950
NZ_DS499577.1	1011966	1012823		minus	nucleotidyl transferase AbiEii/AbiGii toxin family protein		73802986	protein-coding		WP_004328645.1	285	ALIPUT_RS04955
NZ_DS499577.1	1012827	1013411		minus	type IV toxin-antitoxin system AbiEi family antitoxin domain-containing protein		73802987	protein-coding		WP_004328646.1	194	ALIPUT_RS04960
NZ_DS499577.1	1013478	1014251		minus	metallophosphoesterase		73802988	protein-coding		WP_004328647.1	257	ALIPUT_RS04965
NZ_DS499577.1	1014456	1014809		plus	hypothetical protein		73802989	protein-coding		WP_004328649.1	117	ALIPUT_RS04970
NZ_DS499577.1	1015102	1018977		plus	phage tail tape measure protein		73802990	protein-coding		WP_004328650.1	1291	ALIPUT_RS04980
NZ_DS499577.1	1018997	1019989		plus	DUF6046 domain-containing protein		73802991	protein-coding		WP_004328651.1	330	ALIPUT_RS04985
NZ_DS499577.1	1019980	1021332		plus	hypothetical protein		73802992	protein-coding		WP_004328652.1	450	ALIPUT_RS04990
NZ_DS499577.1	1021341	1022660		minus	hypothetical protein		73802993	protein-coding		WP_004328653.1	439	ALIPUT_RS04995
NZ_DS499577.1	1022748	1023641		plus	hypothetical protein		73802994	protein-coding		WP_004328654.1	297	ALIPUT_RS05000
NZ_DS499577.1	1023638	1025320		plus	hypothetical protein		73802995	protein-coding		WP_004328656.1	560	ALIPUT_RS05005
NZ_DS499577.1	1025329	1027584		plus	hypothetical protein		73802996	protein-coding		WP_004328658.1	751	ALIPUT_RS05010
NZ_DS499577.1	1027659	1031381		plus	hypothetical protein		73802997	protein-coding		WP_004328660.1	1240	ALIPUT_RS05015
NZ_DS499577.1	1031446	1031751		plus	hypothetical protein		73802998	protein-coding		WP_040293223.1	101	ALIPUT_RS05020
NZ_DS499577.1	1031775	1032089		plus	hypothetical protein		73802999	protein-coding		WP_004328662.1	104	ALIPUT_RS05025
NZ_DS499577.1	1032162	1033994		minus	argonaute/piwi family protein		73803000	protein-coding		WP_004328663.1	610	ALIPUT_RS05030
NZ_DS499577.1	1034286	1034783		minus	hypothetical protein		73803001	protein-coding		WP_004328664.1	165	ALIPUT_RS05035
NZ_DS499577.1	1034797	1035654		minus	restriction endonuclease		73803002	protein-coding		WP_004328665.1	285	ALIPUT_RS05040
NZ_DS499577.1	1035945	1036433		minus	hypothetical protein		73803003	protein-coding		WP_004328666.1	162	ALIPUT_RS05045
NZ_DS499577.1	1036430	1036888		minus	DUF5675 family protein		73803004	protein-coding		WP_004328667.1	152	ALIPUT_RS05050
NZ_DS499577.1	1036885	1037157		minus	YfiM family lipoprotein		73803005	protein-coding		WP_004328668.1	90	ALIPUT_RS05055
NZ_DS499577.1	1037170	1037844		minus	hypothetical protein		73803006	protein-coding		WP_004328669.1	224	ALIPUT_RS05060
NZ_DS499577.1	1037913	1040879		minus	hypothetical protein		73803007	protein-coding		WP_004328670.1	988	ALIPUT_RS05065
NZ_DS499577.1	1040889	1041305		minus	hypothetical protein		73803008	protein-coding		WP_004328671.1	138	ALIPUT_RS05070
NZ_DS499577.1	1041271	1042308		minus	RNA-directed DNA polymerase		73803009	protein-coding		WP_014774664.1	345	ALIPUT_RS05075
NZ_DS499577.1	1042590	1042937		minus	hypothetical protein		73803010	protein-coding		WP_004328673.1	115	ALIPUT_RS05080
NZ_DS499577.1	1042981	1044408		minus	hypothetical protein		73803011	protein-coding		WP_004328674.1	475	ALIPUT_RS05085
NZ_DS499577.1	1044560	1044877		minus	hypothetical protein		73803012	protein-coding		WP_004328675.1	105	ALIPUT_RS05090
NZ_DS499577.1	1044893	1045555		minus	hypothetical protein		73803013	protein-coding		WP_004328676.1	220	ALIPUT_RS05095
NZ_DS499577.1	1045568	1046542		minus	hypothetical protein		73803014	protein-coding		WP_004328677.1	324	ALIPUT_RS05100
NZ_DS499577.1	1046536	1047024		minus	hypothetical protein		73803015	protein-coding		WP_004328678.1	162	ALIPUT_RS05105
NZ_DS499577.1	1047025	1051359		minus	hypothetical protein		73803016	protein-coding		WP_004328679.1	1444	ALIPUT_RS05110
NZ_DS499577.1	1051589	1052107		minus	hypothetical protein		73803017	protein-coding		WP_040293228.1	172	ALIPUT_RS05120
NZ_DS499577.1	1052124	1052208		minus	tRNA-Ser		73803018	tRNA				ALIPUT_RS05125
NZ_DS499577.1	1052270	1052797		minus	hypothetical protein		73803019	protein-coding		WP_004328681.1	175	ALIPUT_RS05130
NZ_DS499577.1	1052802	1053209		minus	hypothetical protein		73803020	protein-coding		WP_004328682.1	135	ALIPUT_RS05135
NZ_DS499577.1	1053214	1053702		minus	hypothetical protein		73803021	protein-coding		WP_004328683.1	162	ALIPUT_RS05140
NZ_DS499577.1	1053704	1054015		minus	hypothetical protein		73803022	protein-coding		WP_004328684.1	103	ALIPUT_RS05145
NZ_DS499577.1	1054017	1054352		minus	hypothetical protein		73803023	protein-coding		WP_004328685.1	111	ALIPUT_RS05150
NZ_DS499577.1	1054355	1055461		minus	major capsid protein		73803024	protein-coding		WP_004328686.1	368	ALIPUT_RS05155
NZ_DS499577.1	1055467	1056099		minus	hypothetical protein		73803025	protein-coding		WP_004328687.1	210	ALIPUT_RS05160
NZ_DS499577.1	1056139	1056729		minus	hypothetical protein		73803026	protein-coding		WP_004328688.1	196	ALIPUT_RS05165
NZ_DS499577.1	1056981	1057349		plus	hypothetical protein		73803027	protein-coding		WP_004328689.1	122	ALIPUT_RS05170
NZ_DS499577.1	1057352	1057570		plus	hypothetical protein		73803028	protein-coding		WP_004328690.1	72	ALIPUT_RS05175
NZ_DS499577.1	1057579	1057797		plus	hypothetical protein		73803029	protein-coding		WP_004328691.1	72	ALIPUT_RS05180
NZ_DS499577.1	1057826	1058035		plus	DUF3873 family protein		73803030	protein-coding		WP_004328692.1	69	ALIPUT_RS05185
NZ_DS499577.1	1058040	1058216		plus	hypothetical protein		73804410	protein-coding		WP_004328693.1	58	ALIPUT_RS13010
NZ_DS499577.1	1058234	1058716		plus	DUF7659 family protein		73803031	protein-coding		WP_004328694.1	160	ALIPUT_RS05190
NZ_DS499577.1	1058735	1059631		plus	hypothetical protein		73803032	protein-coding		WP_004328695.1	298	ALIPUT_RS05195
NZ_DS499577.1	1060232	1060480		plus	hypothetical protein		73803033	protein-coding		WP_040293474.1	82	ALIPUT_RS05210
NZ_DS499577.1	1060473	1060691		plus	hypothetical protein		73803034	protein-coding		WP_004328700.1	72	ALIPUT_RS05215
NZ_DS499577.1	1060693	1061463		plus	ADP-ribosylglycohydrolase family protein		73803035	protein-coding		WP_004328701.1	256	ALIPUT_RS05220
NZ_DS499577.1	1061460	1061798		plus	hypothetical protein		73803036	protein-coding		WP_004328702.1	112	ALIPUT_RS05225
NZ_DS499577.1	1061824	1064409		minus	hypothetical protein		73803037	protein-coding		WP_004328703.1	861	ALIPUT_RS05230
NZ_DS499577.1	1064417	1065934		minus	phage portal protein		73803038	protein-coding		WP_004328707.1	505	ALIPUT_RS05235
NZ_DS499577.1	1065952	1067433		minus	phage terminase large subunit	terL	73803039	protein-coding		WP_004328708.1	493	ALIPUT_RS05240
NZ_DS499577.1	1067433	1067945		minus	hypothetical protein		73803040	protein-coding		WP_004328709.1	170	ALIPUT_RS05245
NZ_DS499577.1	1067938	1068528		minus	GTP cyclohydrolase I	folE	73803041	protein-coding		WP_004328710.1	196	ALIPUT_RS05250
NZ_DS499577.1	1068483	1069067		minus	7-carboxy-7-deazaguanine synthase QueE		73803042	protein-coding		WP_004328711.1	194	ALIPUT_RS05255
NZ_DS499577.1	1069064	1069423		minus	6-pyruvoyl trahydropterin synthase family protein		73803043	protein-coding		WP_040293230.1	119	ALIPUT_RS05260
NZ_DS499577.1	1069426	1070085		minus	queuosine precursor transporter		73803044	protein-coding		WP_004328713.1	219	ALIPUT_RS05265
NZ_DS499577.1	1070072	1070728		minus	7-cyano-7-deazaguanine synthase QueC	queC	73803045	protein-coding		WP_004328714.1	218	ALIPUT_RS05270
NZ_DS499577.1	1070760	1071593		minus	hypothetical protein		73804346	protein-coding		WP_130064498.1	277	ALIPUT_RS12410
NZ_DS499577.1	1071821	1072435		minus	ParB N-terminal domain-containing protein		73804312	protein-coding		WP_004328716.1	204	ALIPUT_RS12095
NZ_DS499577.1	1072517	1072864		minus	VRR-NUC domain-containing protein		73803046	protein-coding		WP_004328717.1	115	ALIPUT_RS05285
NZ_DS499577.1	1072866	1073537		minus	hypothetical protein		73803047	protein-coding		WP_227088820.1	223	ALIPUT_RS05290
NZ_DS499577.1	1073780	1073992		minus	hypothetical protein		73803048	protein-coding		WP_004328719.1	70	ALIPUT_RS05295
NZ_DS499577.1	1073989	1074414		minus	DUF4494 domain-containing protein		73803049	protein-coding		WP_004328720.1	141	ALIPUT_RS05300
NZ_DS499577.1	1074433	1074717		minus	hypothetical protein		73803050	protein-coding		WP_004328721.1	94	ALIPUT_RS05305
NZ_DS499577.1	1074737	1074913		minus	hypothetical protein		73804373	protein-coding		WP_004328722.1	58	ALIPUT_RS12760
NZ_DS499577.1	1074897	1075385		minus	class I SAM-dependent methyltransferase		73803051	protein-coding		WP_004328723.1	162	ALIPUT_RS05310
NZ_DS499577.1	1075382	1076170		minus	DNA-methyltransferase		73803052	protein-coding		WP_004328724.1	262	ALIPUT_RS05315
NZ_DS499577.1	1076167	1077018		minus	hypothetical protein		73803053	protein-coding		WP_004328725.1	283	ALIPUT_RS05320
NZ_DS499577.1	1077023	1077334		minus	hypothetical protein		73803054	protein-coding		WP_004328726.1	103	ALIPUT_RS05325
NZ_DS499577.1	1077331	1077606		minus	hypothetical protein		73803055	protein-coding		WP_004328727.1	91	ALIPUT_RS05330
NZ_DS499577.1	1077610	1077771		minus	hypothetical protein		73804374	protein-coding		WP_004328728.1	53	ALIPUT_RS12765
NZ_DS499577.1	1077776	1077985		minus	hypothetical protein		73804375	protein-coding		WP_147554521.1	69	ALIPUT_RS12770
NZ_DS499577.1	1078231	1078428		minus	hypothetical protein		73803056	protein-coding		WP_004328730.1	65	ALIPUT_RS05340
NZ_DS499577.1	1078433	1079920		minus	DNA cytosine methyltransferase		73803057	protein-coding		WP_004328731.1	495	ALIPUT_RS05345
NZ_DS499577.1	1079927	1080187		minus	hypothetical protein		73803058	protein-coding		WP_004328732.1	86	ALIPUT_RS05350
NZ_DS499577.1	1080190	1080438		minus	hypothetical protein		73803059	protein-coding		WP_004328733.1	82	ALIPUT_RS05355
NZ_DS499577.1	1080461	1080748		minus	hypothetical protein		73803060	protein-coding		WP_004328734.1	95	ALIPUT_RS05360
NZ_DS499577.1	1080951	1081301		minus	hypothetical protein		73804313	protein-coding		WP_004328735.1	116	ALIPUT_RS12100
NZ_DS499577.1	1081412	1081987		minus	P-loop NTPase family protein		73803061	protein-coding		WP_004328736.1	191	ALIPUT_RS05370
NZ_DS499577.1	1081995	1082750		minus	hypothetical protein		73804314	protein-coding		WP_004328737.1	251	ALIPUT_RS12105
NZ_DS499577.1	1082751	1083533		minus	SWIB-MDM2 domain-containing protein		73803062	protein-coding		WP_004328738.1	260	ALIPUT_RS05380
NZ_DS499577.1	1083924	1084661		minus	MBL fold metallo-hydrolase		73803063	protein-coding		WP_004328741.1	245	ALIPUT_RS05385
NZ_DS499577.1	1084679	1085620		minus	recombinase RecT		73803064	protein-coding		WP_261794178.1	313	ALIPUT_RS05390
NZ_DS499577.1	1085629	1085913		minus	hypothetical protein		73803065	protein-coding		WP_004328744.1	94	ALIPUT_RS05395
NZ_DS499577.1	1085943	1087928		minus	AAA family ATPase		73803066	protein-coding		WP_004328745.1	661	ALIPUT_RS05400
NZ_DS499577.1	1087947	1088186		minus	helix-turn-helix domain-containing protein		73803067	protein-coding		WP_004328746.1	79	ALIPUT_RS05405
NZ_DS499577.1	1088194	1088466		minus	helix-turn-helix domain-containing protein		73803068	protein-coding		WP_004328747.1	90	ALIPUT_RS05410
NZ_DS499577.1	1088457	1088705		minus	hypothetical protein		73803069	protein-coding		WP_004328748.1	82	ALIPUT_RS05415
NZ_DS499577.1	1088702	1088947		minus	hypothetical protein		73803070	protein-coding		WP_004328749.1	81	ALIPUT_RS05420
NZ_DS499577.1	1089166	1089507		plus	hypothetical protein		73803071	protein-coding		WP_004328751.1	113	ALIPUT_RS05425
NZ_DS499577.1	1089519	1090349		plus	DNA damage-inducible protein D	dinD	73803072	protein-coding		WP_004328752.1	276	ALIPUT_RS05430
NZ_DS499577.1	1090346	1090615		plus	hypothetical protein		73803073	protein-coding		WP_004328753.1	89	ALIPUT_RS05435
NZ_DS499577.1	1090647	1091786		minus	site-specific integrase		73803074	protein-coding		WP_004328754.1	379	ALIPUT_RS05440
NZ_DS499577.1	1092004	1093389		minus	tRNA uridine-5-carboxymethylaminomethyl(34) synthesis GTPase MnmE	mnmE	73803075	protein-coding		WP_004328755.1	461	ALIPUT_RS05445
NZ_DS499577.1	1093400	1094794		minus	lytic transglycosylase domain-containing protein		73803076	protein-coding		WP_004328756.1	464	ALIPUT_RS05450
NZ_DS499577.1	1094802	1096046		minus	DUF5683 domain-containing protein		73803077	protein-coding		WP_004328757.1	414	ALIPUT_RS05455
NZ_DS499577.1	1096047	1096943		minus	ParB/RepB/Spo0J family partition protein		73803078	protein-coding		WP_004328758.1	298	ALIPUT_RS05460
NZ_DS499577.1	1096948	1097727		minus	ParA family protein		73803079	protein-coding		WP_022460001.1	259	ALIPUT_RS05465
NZ_DS499577.1	1097861	1098799		plus	CPBP family intramembrane glutamic endopeptidase		73804315	protein-coding		WP_004328760.1	312	ALIPUT_RS12110
NZ_DS499577.1	1099083	1099964		plus	hypothetical protein		73803080	protein-coding		WP_004328762.1	293	ALIPUT_RS05475
NZ_DS499577.1	1099964	1101373		plus	peptidylprolyl isomerase		73803081	protein-coding		WP_004328763.1	469	ALIPUT_RS05480
NZ_DS499577.1	1101384	1104095		plus	OstA-like protein		73803082	protein-coding		WP_004328764.1	903	ALIPUT_RS05485
NZ_DS499577.1	1104382	1105569		plus	MFS transporter AraJ	araJ	73803083	protein-coding		WP_040293240.1	395	ALIPUT_RS05490
NZ_DS499577.1	1105553	1106074		plus	NUDIX hydrolase		73803084	protein-coding		WP_004328767.1	173	ALIPUT_RS05495
NZ_DS499577.1	1106136	1107797		minus	putative transporter		73803085	protein-coding		WP_040293243.1	553	ALIPUT_RS05500
NZ_DS499577.1	1107938	1108207		minus	hypothetical protein		73803086	protein-coding		WP_022460009.1	89	ALIPUT_RS05505
NZ_DS499577.1	1108790	1109587		plus	DUF4465 domain-containing protein		73803087	protein-coding		WP_004328770.1	265	ALIPUT_RS05510
NZ_DS499577.1	1109767	1111566		plus	PKD-like domain-containing protein		73803088	protein-coding		WP_004328771.1	599	ALIPUT_RS05515
NZ_DS499577.1	1111752	1113107		minus	TolC family protein		73803089	protein-coding		WP_004328772.1	451	ALIPUT_RS05520
NZ_DS499577.1	1113120	1114226		minus	efflux RND transporter periplasmic adaptor subunit		73803090	protein-coding		WP_004328773.1	368	ALIPUT_RS05525
NZ_DS499577.1	1114266	1115528		minus	ABC transporter permease		73803091	protein-coding		WP_004328774.1	420	ALIPUT_RS05530
NZ_DS499577.1	1115959	1117218		minus	ABC transporter permease		73803092	protein-coding		WP_004328775.1	419	ALIPUT_RS05535
NZ_DS499577.1	1117215	1117892		minus	ABC transporter ATP-binding protein		73803093	protein-coding		WP_004328776.1	225	ALIPUT_RS05540
NZ_DS499577.1	1118395	1119687		minus	acetyl-CoA hydrolase/transferase family protein		73803094	protein-coding		WP_040293499.1	430	ALIPUT_RS05545
NZ_DS499577.1	1119930	1121246		minus	pyridoxal phosphate-dependent aminotransferase		73803095	protein-coding		WP_004328779.1	438	ALIPUT_RS05550
NZ_DS499577.1	1121246	1121830		minus	indolepyruvate oxidoreductase subunit beta		73803096	protein-coding		WP_004328780.1	194	ALIPUT_RS05555
NZ_DS499577.1	1121838	1123436		minus	thiamine pyrophosphate-dependent enzyme		73803097	protein-coding		WP_040293246.1	532	ALIPUT_RS05560
NZ_DS499577.1	1123943	1125592		minus	hypothetical protein		73803098	protein-coding		WP_004328782.1	549	ALIPUT_RS05570
NZ_DS499577.1	1125767	1127917		minus	fibronectin type III domain-containing protein		73803099	protein-coding		WP_004328783.1	716	ALIPUT_RS05575
NZ_DS499577.1	1128308	1128691		plus	hypothetical protein		73804411	protein-coding		WP_004328785.1	127	ALIPUT_RS13015
NZ_DS499577.1	1128657	1128730		minus	tRNA-Arg		73803100	tRNA				ALIPUT_RS05590
NZ_DS499577.1	1129776	1130390		minus	hypothetical protein		73803101	protein-coding		WP_004328787.1	204	ALIPUT_RS05595
NZ_DS499577.1	1130429	1131118		minus	PEGA domain-containing protein		73803102	protein-coding		WP_004328788.1	229	ALIPUT_RS05600
NZ_DS499577.1	1131539	1131817		minus	hypothetical protein		73803103	protein-coding		WP_004328789.1	92	ALIPUT_RS05605
NZ_DS499577.1	1131799	1132200		minus	DUF6908 domain-containing protein		73803104	protein-coding		WP_004328790.1	133	ALIPUT_RS05610
NZ_DS499577.1	1132666	1133598		plus	Fic family protein		73803105	protein-coding		WP_004328792.1	310	ALIPUT_RS05615
NZ_DS499577.1	1133674	1135437		minus	hypothetical protein		73803106	protein-coding		WP_004328793.1	587	ALIPUT_RS05620
NZ_DS499577.1	1135510	1136100		minus	hypothetical protein		73803107	protein-coding		WP_229089941.1	196	ALIPUT_RS05625
NZ_DS499577.1	1136498	1137415		minus	hypothetical protein		73803108	protein-coding		WP_004328795.1	305	ALIPUT_RS05630
NZ_DS499577.1	1137588	1138820		minus	site-specific integrase		73803109	protein-coding		WP_004328796.1	410	ALIPUT_RS05635
NZ_DS499577.1	1138937	1139010		minus	tRNA-Arg		73803110	tRNA				ALIPUT_RS05640
NZ_DS499577.1	1139324	1140373		minus	TlpA disulfide reductase family protein		73803111	protein-coding		WP_004328799.1	349	ALIPUT_RS05645
NZ_DS499577.1	1140398	1141033		minus	crossover junction endodeoxyribonuclease RuvC	ruvC	73803112	protein-coding		WP_004328802.1	211	ALIPUT_RS05650
NZ_DS499577.1	1141073	1142110		minus	UDP-3-O-(3-hydroxymyristoyl)glucosamine N-acyltransferase	lpxD	73803113	protein-coding		WP_004328803.1	345	ALIPUT_RS05655
NZ_DS499577.1	1142124	1142597		minus	pantetheine-phosphate adenylyltransferase	coaD	73803114	protein-coding		WP_004328804.1	157	ALIPUT_RS05660
NZ_DS499577.1	1142813	1143619		minus	aminotransferase class IV		73803115	protein-coding		WP_004328805.1	268	ALIPUT_RS05665
NZ_DS499577.1	1143619	1144689		minus	DNA polymerase III subunit delta	holA	73803116	protein-coding		WP_004328806.1	356	ALIPUT_RS05670
NZ_DS499577.1	1144693	1146039		minus	tRNA lysidine(34) synthetase TilS	tilS	73803117	protein-coding		WP_004328807.1	448	ALIPUT_RS05675
NZ_DS499577.1	1146059	1147069		minus	UDP-N-acetylmuramate dehydrogenase	murB	73803118	protein-coding		WP_004328808.1	336	ALIPUT_RS05680
NZ_DS499577.1	1147482	1148927		plus	DUF4301 family protein		73803119	protein-coding		WP_004328810.1	481	ALIPUT_RS05690
NZ_DS499577.1	1149012	1149650		plus	hypothetical protein		73803120	protein-coding		WP_004328811.1	212	ALIPUT_RS05695
NZ_DS499577.1	1150059	1150673		plus	hypothetical protein		73803121	protein-coding		WP_004328813.1	204	ALIPUT_RS05700
NZ_DS499577.1	1150684	1151526		plus	DUF2764 family protein		73803122	protein-coding		WP_004328814.1	280	ALIPUT_RS05705
NZ_DS499577.1	1151535	1153292		plus	V-type ATP synthase subunit A		73803123	protein-coding		WP_004328815.1	585	ALIPUT_RS05710
NZ_DS499577.1	1153301	1154626		plus	V-type ATP synthase subunit B		73803124	protein-coding		WP_004328816.1	441	ALIPUT_RS05715
NZ_DS499577.1	1154647	1155255		plus	V-type ATP synthase subunit D		73803125	protein-coding		WP_004328817.1	202	ALIPUT_RS05720
NZ_DS499577.1	1155252	1157069		plus	V-type ATP synthase subunit I		73803126	protein-coding		WP_004328818.1	605	ALIPUT_RS05725
NZ_DS499577.1	1157114	1157563		plus	ATPase		73803127	protein-coding		WP_004328819.1	149	ALIPUT_RS05730
NZ_DS499577.1	1157847	1158359		minus	TlpA family protein disulfide reductase		73803128	protein-coding		WP_004328820.1	170	ALIPUT_RS05735
NZ_DS499577.1	1158594	1159724		minus	radical SAM protein		73803129	protein-coding		WP_004328821.1	376	ALIPUT_RS05740
NZ_DS499577.1	1159721	1161994		minus	ribonuclease R	rnr	73803130	protein-coding		WP_004328822.1	757	ALIPUT_RS05745
NZ_DS499577.1	1161991	1163094		minus	M20 metallopeptidase family protein		73803131	protein-coding		WP_004328823.1	367	ALIPUT_RS05750
NZ_DS499577.1	1163135	1164100		minus	methylenetetrahydrofolate reductase [NAD(P)H]	metF	73803132	protein-coding		WP_004328824.1	321	ALIPUT_RS05755
NZ_DS499577.1	1164100	1167735		minus	methionine synthase	metH	73803133	protein-coding		WP_004328825.1	1211	ALIPUT_RS05760
NZ_DS499577.1	1167749	1168549		minus	glutaminyl-peptide cyclotransferase		73803134	protein-coding		WP_004328826.1	266	ALIPUT_RS05765
NZ_DS499577.1	1168838	1170163		plus	trigger factor		73803135	protein-coding		WP_004328828.1	441	ALIPUT_RS05770
NZ_DS499577.1	1170404	1171069		plus	ATP-dependent Clp endopeptidase proteolytic subunit ClpP	clpP	73803136	protein-coding		WP_004328830.1	221	ALIPUT_RS05775
NZ_DS499577.1	1171341	1172630		plus	ATP-dependent Clp protease ATP-binding subunit ClpX	clpX	73803137	protein-coding		WP_004328831.1	429	ALIPUT_RS05780
NZ_DS499577.1	1172887	1174917		plus	transketolase family protein		73803138	protein-coding		WP_040293255.1	676	ALIPUT_RS05785
NZ_DS499577.1	1175790	1177880		plus	anaerobic ribonucleoside-triphosphate reductase	nrdD	73803139	protein-coding		WP_004328835.1	696	ALIPUT_RS05795
NZ_DS499577.1	1177858	1178343		plus	4Fe-4S cluster-binding domain-containing protein		73803140	protein-coding		WP_004328836.1	161	ALIPUT_RS05800
NZ_DS499577.1	1178555	1179865		minus	methionine adenosyltransferase	metK	73803141	protein-coding		WP_004328837.1	436	ALIPUT_RS05805
NZ_DS499577.1	1180319	1181806		plus	trypsin-like peptidase domain-containing protein		73803142	protein-coding		WP_004328838.1	495	ALIPUT_RS05810
NZ_DS499577.1	1181883	1182743		plus	sigma-70 family RNA polymerase sigma factor		73803143	protein-coding		WP_004328839.1	286	ALIPUT_RS05815
NZ_DS499577.1	1182851	1183066		minus	hypothetical protein		73803144	protein-coding		WP_004328840.1	71	ALIPUT_RS05820
NZ_DS499577.1	1183267	1183929		minus	uracil-DNA glycosylase	ung	73803145	protein-coding		WP_004328841.1	220	ALIPUT_RS05825
NZ_DS499577.1	1184219	1185376		plus	alkaline phosphatase		73803146	protein-coding		WP_004328842.1	385	ALIPUT_RS05830
NZ_DS499577.1	1186314	1188575		minus	DUF6562 domain-containing protein		73803147	protein-coding		WP_004328843.1	753	ALIPUT_RS05835
NZ_DS499577.1	1188794	1191283		minus	DUF6562 domain-containing protein		73803148	protein-coding		WP_004328844.1	829	ALIPUT_RS05840
NZ_DS499577.1	1191437	1194478		minus	right-handed parallel beta-helix repeat-containing protein		73803149	protein-coding		WP_004328845.1	1013	ALIPUT_RS05845
NZ_DS499577.1	1194535	1195329		minus	DUF6562 domain-containing protein		73803150	protein-coding		WP_004328846.1	264	ALIPUT_RS05850
NZ_DS499577.1	1195342	1196385		minus	DUF6562 domain-containing protein		73803151	protein-coding		WP_004328847.1	347	ALIPUT_RS05855
NZ_DS499577.1	1196400	1197632		minus	DUF3575 domain-containing protein		89222781	protein-coding		WP_306576503.1	410	ALIPUT_RS13275
NZ_DS499578.1	1	513		plus	P-loop NTPase family protein		73804413	protein-coding		WP_004328851.1	170	ALIPUT_RS13025
NZ_DS499578.1	510	866		plus	PDDEXK family nuclease		73803152	protein-coding		WP_004327640.1	118	ALIPUT_RS05870
NZ_DS499578.1	936	1484		plus	hypothetical protein		73803153	protein-coding		WP_004327641.1	182	ALIPUT_RS05875
NZ_DS499578.1	1490	2113		plus	zinc finger CCCH domain-containing protein		73803154	protein-coding		WP_004328852.1	207	ALIPUT_RS05880
NZ_DS499578.1	2116	2481		plus	nucleoside triphosphate pyrophosphohydrolase family protein		73803155	protein-coding		WP_004328853.1	121	ALIPUT_RS05885
NZ_DS499578.1	2488	3444		plus	DNA cytosine methyltransferase		73803156	protein-coding		WP_004328854.1	318	ALIPUT_RS05890
NZ_DS499578.1	3441	3725		plus	hypothetical protein		73803157	protein-coding		WP_004328855.1	94	ALIPUT_RS05895
NZ_DS499579.1	1	773		plus	23S ribosomal RNA		73803158	rRNA				ALIPUT_RS05900
NZ_DS499579.1	882	995		plus	5S ribosomal RNA	rrf	73803159	rRNA				ALIPUT_RS05905
NZ_DS499579.1	1361	2560		plus	PDZ domain-containing protein		73803160	protein-coding		WP_004328857.1	399	ALIPUT_RS05910
NZ_DS499579.1	2775	3413		plus	CatA-like O-acetyltransferase		73803161	protein-coding		WP_004328858.1	212	ALIPUT_RS05915
NZ_DS499579.1	4001	5320		minus	acetyl-CoA hydrolase/transferase family protein		73803162	protein-coding		WP_004328859.1	439	ALIPUT_RS05920
NZ_DS499579.1	5360	8086		minus	translation initiation factor IF-2	infB	73803163	protein-coding		WP_004328860.1	908	ALIPUT_RS05925
NZ_DS499579.1	8120	9352		minus	transcription termination factor NusA	nusA	73803164	protein-coding		WP_004328861.1	410	ALIPUT_RS05930
NZ_DS499579.1	9386	9853		minus	ribosome assembly cofactor RimP	rimP	73803165	protein-coding		WP_004328862.1	155	ALIPUT_RS05935
NZ_DS499579.1	10337	11137		minus	acyl-ACP--UDP-N-acetylglucosamine O-acyltransferase	lpxA	73803166	protein-coding		WP_004328863.1	266	ALIPUT_RS05945
NZ_DS499579.1	11144	12535		minus	bifunctional UDP-3-O-[3-hydroxymyristoyl] N-acetylglucosamine deacetylase/3-hydroxyacyl-ACP dehydratase		73803167	protein-coding		WP_004328864.1	463	ALIPUT_RS05950
NZ_DS499579.1	12620	13501		plus	energy transducer TonB family protein		73803168	protein-coding		WP_004328865.1	293	ALIPUT_RS05955
NZ_DS499579.1	13567	15063		plus	potassium/proton antiporter		73803169	protein-coding		WP_004328866.1	498	ALIPUT_RS05960
NZ_DS499579.1	15153	16181		minus	2-oxoacid:ferredoxin oxidoreductase subunit beta		73803170	protein-coding		WP_004328867.1	342	ALIPUT_RS05965
NZ_DS499579.1	16186	18033		minus	2-oxoacid:acceptor oxidoreductase subunit alpha		73803171	protein-coding		WP_040293639.1	615	ALIPUT_RS05970
NZ_DS499579.1	18357	19031		minus	XRE family transcriptional regulator		73803172	protein-coding		WP_004328869.1	224	ALIPUT_RS05975
NZ_DS499579.1	19168	19458		plus	hypothetical protein		73803173	protein-coding		WP_004328870.1	96	ALIPUT_RS05980
NZ_DS499579.1	19714	21174		plus	phage terminase large subunit	terL	73803174	protein-coding		WP_004328872.1	486	ALIPUT_RS05985
NZ_DS499579.1	21718	22566		plus	leucine-rich repeat domain-containing protein		73803175	protein-coding		WP_050751480.1	282	ALIPUT_RS05990
NZ_DS499579.1	23416	24081		plus	recombinase family protein		73803176	protein-coding		WP_004328876.1	221	ALIPUT_RS06000
NZ_DS499579.1	24428	25738		plus	porin family protein		73803177	protein-coding		WP_004328877.1	436	ALIPUT_RS06005
NZ_DS499579.1	25751	27931		plus	leucine-rich repeat protein		73803178	protein-coding		WP_004328878.1	726	ALIPUT_RS06010
NZ_DS499579.1	28450	29796		minus	tRNA 2-thiouridine(34) synthase MnmA	mnmA	73803179	protein-coding		WP_004328879.1	448	ALIPUT_RS06020
NZ_DS499579.1	29892	30383		minus	ribosome maturation factor RimM	rimM	73803180	protein-coding		WP_004328880.1	163	ALIPUT_RS06025
NZ_DS499579.1	30395	30949		minus	30S ribosomal protein S16		73803181	protein-coding		WP_004328881.1	184	ALIPUT_RS06030
NZ_DS499579.1	31065	32840		minus	hypothetical protein		73803182	protein-coding		WP_004328882.1	591	ALIPUT_RS06035
NZ_DS499579.1	33560	33633		plus	tRNA-Arg		73803183	tRNA				ALIPUT_RS06040
NZ_DS499579.1	33851	35581		minus	M23 family metallopeptidase		73803184	protein-coding		WP_004328884.1	576	ALIPUT_RS06045
NZ_DS499579.1	35566	36078		minus	regulatory protein RecX		73803185	protein-coding		WP_004328885.1	170	ALIPUT_RS06050
NZ_DS499579.1	36057	36905		minus	peptide chain release factor N(5)-glutamine methyltransferase	prmC	73803186	protein-coding		WP_004328886.1	282	ALIPUT_RS06055
NZ_DS499579.1	36917	38167		minus	3-phosphoshikimate 1-carboxyvinyltransferase	aroA	73803187	protein-coding		WP_004328887.1	416	ALIPUT_RS06060
NZ_DS499579.1	38542	39369		minus	LPS export ABC transporter ATP-binding protein	lptB	73803188	protein-coding		WP_004328890.1	275	ALIPUT_RS06065
NZ_DS499579.1	39453	41645		plus	DNA helicase RecQ	recQ	73803189	protein-coding		WP_004328891.1	730	ALIPUT_RS06070
NZ_DS499579.1	41711	41905		plus	hypothetical protein		73804376	protein-coding		WP_147554464.1	64	ALIPUT_RS12775
NZ_DS499579.1	41934	42164		plus	hypothetical protein		73803190	protein-coding		WP_004328893.1	76	ALIPUT_RS06075
NZ_DS499579.1	42516	43313		plus	16S rRNA (adenine(1518)-N(6)/adenine(1519)-N(6))-dimethyltransferase RsmA	rsmA	73803191	protein-coding		WP_040293538.1	265	ALIPUT_RS06080
NZ_DS499579.1	43447	43719		plus	Bor family protein		73804316	protein-coding		WP_004328896.1	90	ALIPUT_RS12115
NZ_DS499579.1	43789	45066		minus	M16 family metallopeptidase		73803192	protein-coding		WP_004328897.1	425	ALIPUT_RS06090
NZ_DS499579.1	45063	46301		minus	M16 family metallopeptidase		73803193	protein-coding		WP_004328898.1	412	ALIPUT_RS06095
NZ_DS499579.1	46544	50086		plus	pyruvate:ferredoxin (flavodoxin) oxidoreductase	nifJ	73803194	protein-coding		WP_004328900.1	1180	ALIPUT_RS06100
NZ_DS499579.1	50159	50359		minus	helix-turn-helix transcriptional regulator		73803195	protein-coding		WP_004328902.1	66	ALIPUT_RS06105
NZ_DS499579.1	50349	50765		minus	hypothetical protein		73803196	protein-coding		WP_004328904.1	138	ALIPUT_RS06110
NZ_DS499579.1	51018	51278		minus	50S ribosomal protein L27	rpmA	73803197	protein-coding		WP_004328906.1	86	ALIPUT_RS06115
NZ_DS499579.1	51297	51608		minus	50S ribosomal protein L21	rplU	73803198	protein-coding		WP_004328907.1	103	ALIPUT_RS06120
NZ_DS499579.1	51761	52138		plus	response regulator		73803199	protein-coding		WP_004328908.1	125	ALIPUT_RS06125
NZ_DS499579.1	52129	53067		plus	hypothetical protein		73803200	protein-coding		WP_004328909.1	312	ALIPUT_RS06130
NZ_DS499579.1	53069	53977		plus	hypothetical protein		73803201	protein-coding		WP_004328910.1	302	ALIPUT_RS06135
NZ_DS499579.1	54066	54956		plus	3'(2'),5'-bisphosphate nucleotidase CysQ	cysQ	73803202	protein-coding		WP_004328911.1	296	ALIPUT_RS06140
NZ_DS499579.1	55058	55336		minus	hypothetical protein		73803203	protein-coding		WP_004328912.1	92	ALIPUT_RS06145
NZ_DS499579.1	55458	56798		plus	Trk system potassium transporter TrkA	trkA	73803204	protein-coding		WP_004328913.1	446	ALIPUT_RS06150
NZ_DS499579.1	56821	58284		plus	GH3 auxin-responsive promoter family protein		73803205	protein-coding		WP_040293542.1	487	ALIPUT_RS06155
NZ_DS499579.1	58445	59071		plus	deoxynucleoside kinase		73803206	protein-coding		WP_004328915.1	208	ALIPUT_RS06160
NZ_DS499579.1	59077	60435		plus	methyltransferase RsmF C-terminal domain-like protein		73803207	protein-coding		WP_040293543.1	452	ALIPUT_RS06165
NZ_DS499579.1	60447	61055		plus	MerR family transcriptional regulator		73803208	protein-coding		WP_004328917.1	202	ALIPUT_RS06170
NZ_DS499579.1	61338	62138		plus	Nif3-like dinuclear metal center hexameric protein		73803209	protein-coding		WP_004328919.1	266	ALIPUT_RS06175
NZ_DS499579.1	62148	62906		plus	zinc ribbon domain-containing protein		73803210	protein-coding		WP_004328920.1	252	ALIPUT_RS06180
NZ_DS499579.1	63137	64720		plus	NAD+ synthase		73803211	protein-coding		WP_004328921.1	527	ALIPUT_RS06185
NZ_DS499579.1	64725	65135		plus	SoxR reducing system RseC family protein		73803212	protein-coding		WP_004328922.1	136	ALIPUT_RS06190
NZ_DS499579.1	65137	66054		plus	RnfABCDGE type electron transport complex subunit B		73803213	protein-coding		WP_004328923.1	305	ALIPUT_RS06195
NZ_DS499579.1	66084	67433		plus	electron transport complex subunit RsxC	rsxC	73803214	protein-coding		WP_004328924.1	449	ALIPUT_RS06200
NZ_DS499579.1	67451	68419		plus	RnfABCDGE type electron transport complex subunit D		73803215	protein-coding		WP_004328925.1	322	ALIPUT_RS06205
NZ_DS499579.1	68432	69298		plus	RnfABCDGE type electron transport complex subunit G		89222782	protein-coding		WP_004328926.1	288	ALIPUT_RS13280
NZ_DS499579.1	69291	69875		plus	RnfABCDGE type electron transport complex subunit E		73803216	protein-coding		WP_040293544.1	194	ALIPUT_RS06215
NZ_DS499579.1	69878	70456		plus	electron transport complex subunit RsxA	rsxA	73803217	protein-coding		WP_004328928.1	192	ALIPUT_RS06220
NZ_DS499579.1	70598	71008		plus	serine acetyltransferase		73803218	protein-coding		WP_004328929.1	136	ALIPUT_RS06225
NZ_DS499579.1	71058	71444		plus	hypothetical protein		73803219	protein-coding		WP_147554466.1	128	ALIPUT_RS06230
NZ_DS499579.1	71500	72045		plus	hypoxanthine phosphoribosyltransferase	hpt	73803220	protein-coding		WP_004328931.1	181	ALIPUT_RS06235
NZ_DS499579.1	72050	72685		plus	7-carboxy-7-deazaguanine synthase QueE		73803221	protein-coding		WP_004328932.1	211	ALIPUT_RS06240
NZ_DS499579.1	72698	72970		plus	FtsB family cell division protein		73803222	protein-coding		WP_004328933.1	90	ALIPUT_RS06245
NZ_DS499579.1	73417	74349		minus	thiamine-phosphate kinase	thiL	73803223	protein-coding		WP_004328936.1	310	ALIPUT_RS06250
NZ_DS499579.1	74993	76471		plus	pyruvate kinase	pyk	73803224	protein-coding		WP_004328938.1	492	ALIPUT_RS06260
NZ_DS499579.1	76484	77926		plus	lipopolysaccharide biosynthesis protein		73803225	protein-coding		WP_004328939.1	480	ALIPUT_RS06265
NZ_DS499579.1	78027	79094		minus	butyrate kinase	buk	73803226	protein-coding		WP_004328940.1	355	ALIPUT_RS06270
NZ_DS499579.1	79111	80013		minus	phosphate acyltransferase		73803227	protein-coding		WP_004328941.1	300	ALIPUT_RS06275
NZ_DS499579.1	80044	81249		minus	acetate/propionate family kinase		73803228	protein-coding		WP_004328942.1	401	ALIPUT_RS06280
NZ_DS499579.1	81295	81666		minus	fluoride efflux transporter FluC		73803229	protein-coding		WP_004328943.1	123	ALIPUT_RS06285
NZ_DS499579.1	81775	82428		minus	response regulator transcription factor		73803230	protein-coding		WP_004328944.1	217	ALIPUT_RS06290
NZ_DS499579.1	82554	84518		plus	DUF349 domain-containing protein		73803231	protein-coding		WP_227088887.1	654	ALIPUT_RS06295
NZ_DS499579.1	84898	86526		plus	CTP synthase		73803232	protein-coding		WP_004328946.1	542	ALIPUT_RS06300
NZ_DS499579.1	86572	88533		plus	membrane protein insertase YidC	yidC	73803233	protein-coding		WP_004328947.1	653	ALIPUT_RS06305
NZ_DS499579.1	88674	89168		minus	prolyl-tRNA synthetase associated domain-containing protein		73803234	protein-coding		WP_004328948.1	164	ALIPUT_RS06310
NZ_DS499579.1	89201	90394		minus	class I SAM-dependent rRNA methyltransferase		73803235	protein-coding		WP_187117652.1	397	ALIPUT_RS06315
NZ_DS499579.1	90394	91005		minus	3'-5' exonuclease		73803236	protein-coding		WP_004328950.1	203	ALIPUT_RS06320
NZ_DS499579.1	91020	92945		minus	RecQ family ATP-dependent DNA helicase		73803237	protein-coding		WP_004328951.1	641	ALIPUT_RS06325
NZ_DS499579.1	93063	93332		plus	PqqD family protein		73803238	protein-coding		WP_004328952.1	89	ALIPUT_RS06330
NZ_DS499579.1	93329	93760		plus	hypothetical protein		73803239	protein-coding		WP_004328953.1	143	ALIPUT_RS06335
NZ_DS499579.1	93894	96323		plus	TonB-dependent receptor		73803240	protein-coding		WP_022460131.1	809	ALIPUT_RS06340
NZ_DS499579.1	96356	96667		plus	heavy-metal-associated domain-containing protein		73803241	protein-coding		WP_004328955.1	103	ALIPUT_RS06345
NZ_DS499579.1	97219	97500		minus	helix-turn-helix domain-containing protein		73803242	protein-coding		WP_004328957.1	93	ALIPUT_RS06350
NZ_DS499579.1	97606	99270		minus	RNA-binding domain-containing protein		73803243	protein-coding		WP_004328958.1	554	ALIPUT_RS06355
NZ_DS499579.1	99273	100325		minus	DUF1848 domain-containing protein		73803244	protein-coding		WP_004328959.1	350	ALIPUT_RS06360
NZ_DS499579.1	100312	102783		minus	hypothetical protein		73803245	protein-coding		WP_004328960.1	823	ALIPUT_RS06365
NZ_DS499579.1	102816	103844		minus	ATP-binding domain-containing protein		73803246	protein-coding		WP_004328961.1	342	ALIPUT_RS06370
NZ_DS499579.1	103853	105919		minus	NERD domain-containing protein		73803247	protein-coding		WP_004328962.1	688	ALIPUT_RS06375
NZ_DS499579.1	106083	107471		minus	MobV family relaxase	mobV	73803248	protein-coding		WP_040293546.1	462	ALIPUT_RS06380
NZ_DS499579.1	107674	108744		minus	DUF6371 domain-containing protein		73803249	protein-coding		WP_004328964.1	356	ALIPUT_RS06385
NZ_DS499579.1	108879	110294		minus	DUF3987 domain-containing protein		73803250	protein-coding		WP_004328965.1	471	ALIPUT_RS06390
NZ_DS499579.1	110287	110640		minus	helix-turn-helix domain-containing protein		73803251	protein-coding		WP_004328966.1	117	ALIPUT_RS06395
NZ_DS499579.1	110862	112004		minus	DUF6043 family protein		73803252	protein-coding		WP_004328967.1	380	ALIPUT_RS06400
NZ_DS499579.1	112051	113382		minus	site-specific integrase		73803253	protein-coding		WP_004328968.1	443	ALIPUT_RS06405
NZ_DS499579.1	113396	114694		minus	site-specific integrase		73803254	protein-coding		WP_004328969.1	432	ALIPUT_RS06410
NZ_DS499579.1	114976	115227		plus	zinc ribbon domain-containing protein		73804377	protein-coding		WP_147554467.1	83	ALIPUT_RS12780
NZ_DS499579.1	115224	115652		plus	hypothetical protein		73803255	protein-coding		WP_004328971.1	142	ALIPUT_RS06420
NZ_DS499579.1	115600	116235		plus	hypothetical protein		73803256	protein-coding		WP_147554468.1	211	ALIPUT_RS06425
NZ_DS499579.1	116425	116835		plus	lipocalin-like domain-containing protein		73803257	protein-coding		WP_004328973.1	136	ALIPUT_RS06430
NZ_DS499579.1	117023	118705		minus	SulP family inorganic anion transporter		73803258	protein-coding		WP_004328975.1	560	ALIPUT_RS06435
NZ_DS499579.1	119222	120319		minus	NAD(P)H-dependent flavin oxidoreductase		73803259	protein-coding		WP_004328977.1	365	ALIPUT_RS06440
NZ_DS499579.1	120560	121612		minus	tRNA (adenosine(37)-N6)-threonylcarbamoyltransferase complex transferase subunit TsaD	tsaD	73803260	protein-coding		WP_004328979.1	350	ALIPUT_RS06445
NZ_DS499579.1	122065	126675		plus	translocation/assembly module TamB domain-containing protein		73803261	protein-coding		WP_004328982.1	1536	ALIPUT_RS06455
NZ_DS499579.1	126728	127402		plus	MotA/TolQ/ExbB proton channel family protein		73803262	protein-coding		WP_004328983.1	224	ALIPUT_RS06460
NZ_DS499579.1	127409	127813		plus	ExbD/TolR family protein		73803263	protein-coding		WP_004328984.1	134	ALIPUT_RS06465
NZ_DS499579.1	127867	128673		plus	TonB family protein		73803264	protein-coding		WP_004328985.1	268	ALIPUT_RS06470
NZ_DS499579.1	128773	129168		plus	DUF1573 domain-containing protein		73803265	protein-coding		WP_147554469.1	131	ALIPUT_RS06475
NZ_DS499579.1	129356	130675		plus	amidohydrolase		73803266	protein-coding		WP_004328987.1	439	ALIPUT_RS06480
NZ_DS499579.1	130827	131483		minus	HAD family hydrolase		73803267	protein-coding		WP_004328988.1	218	ALIPUT_RS06485
NZ_DS499579.1	131613	133637		minus	alpha-amylase family glycosyl hydrolase		73803268	protein-coding		WP_040293651.1	674	ALIPUT_RS06490
NZ_DS499579.1	133729	135252		plus	peptide MFS transporter		73803269	protein-coding		WP_004328990.1	507	ALIPUT_RS06495
NZ_DS499579.1	136038	137117		minus	helix-turn-helix domain-containing protein		73803270	protein-coding		WP_187117650.1	359	ALIPUT_RS06500
NZ_DS499579.1	138067	138849		plus	MBL fold metallo-hydrolase		73803271	protein-coding		WP_040293653.1	260	ALIPUT_RS06505
NZ_DS499579.1	138854	139669		plus	SDR family oxidoreductase		73803272	protein-coding		WP_004328997.1	271	ALIPUT_RS06510
NZ_DS499579.1	140047	140988		minus	ribose-phosphate diphosphokinase		73803273	protein-coding		WP_004328999.1	313	ALIPUT_RS06520
NZ_DS499579.1	141066	141662		minus	ribosome biogenesis GTP-binding protein YihA/YsxC	yihA	73803274	protein-coding		WP_004329000.1	198	ALIPUT_RS06525
NZ_DS499579.1	142371	142769		plus	pyrophosphohydrolase domain-containing protein		73803275	protein-coding		WP_004329002.1	132	ALIPUT_RS06530
NZ_DS499579.1	142905	144017		plus	tetratricopeptide repeat protein		73803276	protein-coding		WP_004329003.1	370	ALIPUT_RS06535
NZ_DS499579.1	144178	144903		plus	hemerythrin domain-containing protein		73803277	protein-coding		WP_004329004.1	241	ALIPUT_RS06540
NZ_DS499579.1	144896	145507		plus	response regulator transcription factor		73803278	protein-coding		WP_004329005.1	203	ALIPUT_RS06545
NZ_DS499579.1	145585	146007		plus	hypothetical protein		73803279	protein-coding		WP_155813747.1	140	ALIPUT_RS06550
NZ_DS499579.1	146354	146806		plus	hypothetical protein		73803280	protein-coding		WP_004329008.1	150	ALIPUT_RS06555
NZ_DS499579.1	147169	147705		minus	hypothetical protein		73803281	protein-coding		WP_147554470.1	178	ALIPUT_RS06560
NZ_DS499579.1	147902	149296		minus	type III PLP-dependent enzyme domain-containing protein		73803282	protein-coding		WP_004329010.1	464	ALIPUT_RS06565
NZ_DS499579.1	149519	150334		plus	hypothetical protein		73803283	protein-coding		WP_004329011.1	271	ALIPUT_RS06570
NZ_DS499579.1	150376	151587		plus	sigma-54 interaction domain-containing protein		73803284	protein-coding		WP_004329012.1	403	ALIPUT_RS06575
NZ_DS499579.1	151608	152126		plus	LPS assembly lipoprotein LptE	lptE	73803285	protein-coding		WP_004329013.1	172	ALIPUT_RS06580
NZ_DS499579.1	152130	152612		plus	tetratricopeptide repeat protein		73803286	protein-coding		WP_004329014.1	160	ALIPUT_RS06585
NZ_DS499579.1	152629	153003		plus	preprotein translocase subunit SecG	secG	73803287	protein-coding		WP_004329015.1	124	ALIPUT_RS06590
NZ_DS499579.1	153388	153963		minus	GNAT family N-acetyltransferase		73803288	protein-coding		WP_004329016.1	191	ALIPUT_RS06595
NZ_DS499579.1	153986	154786		minus	diadenylate cyclase CdaA	cdaA	73803289	protein-coding		WP_040293555.1	266	ALIPUT_RS06600
NZ_DS499579.1	155302	155580		plus	hypothetical protein		73803290	protein-coding		WP_004329022.1	92	ALIPUT_RS06605
NZ_DS499579.1	155894	156973		plus	linear amide C-N hydrolase		73803291	protein-coding		WP_004329023.1	359	ALIPUT_RS06610
NZ_DS499579.1	156980	157549		minus	IbrB-like domain-containing protein		73803292	protein-coding		WP_004329024.1	189	ALIPUT_RS06615
NZ_DS499579.1	157533	158810		minus	DUF3440 domain-containing protein		73803293	protein-coding		WP_004329025.1	425	ALIPUT_RS06620
NZ_DS499579.1	158813	159214		minus	hypothetical protein		73803294	protein-coding		WP_004329026.1	133	ALIPUT_RS06625
NZ_DS499579.1	159862	160620		minus	ABC transporter ATP-binding protein		73803295	protein-coding		WP_004329028.1	252	ALIPUT_RS06635
NZ_DS499579.1	160617	161621		minus	iron ABC transporter permease		73803296	protein-coding		WP_004329029.1	334	ALIPUT_RS06640
NZ_DS499579.1	161626	162762		minus	ABC transporter substrate-binding protein		73803297	protein-coding		WP_004329030.1	378	ALIPUT_RS06645
NZ_DS499579.1	162814	164937		minus	TonB-dependent receptor		73803298	protein-coding		WP_004329031.1	707	ALIPUT_RS06650
NZ_DS499579.1	164934	167093		minus	hypothetical protein		73803299	protein-coding		WP_004329032.1	719	ALIPUT_RS06655
NZ_DS499579.1	167102	168952		minus	PKD-like domain-containing protein		73803300	protein-coding		WP_004329033.1	616	ALIPUT_RS06660
NZ_DS499579.1	168976	170067		minus	YncE family protein		73803301	protein-coding		WP_004329034.1	363	ALIPUT_RS06665
NZ_DS499579.1	170072	172360		minus	DUF5074 domain-containing protein		73803302	protein-coding		WP_147554471.1	762	ALIPUT_RS06670
NZ_DS499579.1	172447	176634		minus	leucine-rich repeat domain-containing protein		73803303	protein-coding		WP_004329036.1	1395	ALIPUT_RS06675
NZ_DS499579.1	176656	177591		minus	DUF4988 domain-containing protein		73803304	protein-coding		WP_004329037.1	311	ALIPUT_RS06680
NZ_DS499579.1	178248	178613		minus	DMT family protein		73803305	protein-coding		WP_004329040.1	121	ALIPUT_RS06685
NZ_DS499579.1	178610	179269		minus	HAD family hydrolase		73803306	protein-coding		WP_004329041.1	219	ALIPUT_RS06690
NZ_DS499579.1	179544	182036		minus	DUF5686 family protein		73803307	protein-coding		WP_004329042.1	830	ALIPUT_RS06695
NZ_DS499579.1	182163	182675		plus	Cys-tRNA(Pro) deacylase	ybaK	73803308	protein-coding		WP_040293657.1	170	ALIPUT_RS06700
NZ_DS499579.1	182776	183408		minus	trimeric intracellular cation channel family protein		73803309	protein-coding		WP_040293660.1	210	ALIPUT_RS06705
NZ_DS499579.1	183708	184364		plus	fructose-6-phosphate aldolase	fsa	73803310	protein-coding		WP_004329047.1	218	ALIPUT_RS06710
NZ_DS499579.1	184452	184946		minus	GNAT family N-acetyltransferase		73803311	protein-coding		WP_004329048.1	164	ALIPUT_RS06715
NZ_DS499579.1	185167	187491		minus	TonB-dependent receptor		73803312	protein-coding		WP_004329049.1	774	ALIPUT_RS06720
NZ_DS499579.1	187554	188258		minus	carboxypeptidase-like regulatory domain-containing protein		73803313	protein-coding		WP_004329050.1	234	ALIPUT_RS06725
NZ_DS499579.1	189199	190746		plus	hypothetical protein		73803314	protein-coding		WP_004329053.1	515	ALIPUT_RS06730
NZ_DS499579.1	191549	192038		plus	uncharacterized gene		73803315	pseudogene				ALIPUT_RS06740
NZ_DS499579.1	192076	192663		minus	OmpH/Skp family outer membrane protein		73803316	protein-coding		WP_004329056.1	195	ALIPUT_RS06745
NZ_DS499579.1	192760	193344		plus	Holliday junction branch migration protein RuvA	ruvA	73803317	protein-coding		WP_004329057.1	194	ALIPUT_RS06750
NZ_DS499579.1	194444	195046		plus	hypothetical protein		73803318	protein-coding		WP_004329064.1	200	ALIPUT_RS06755
NZ_DS499579.1	195063	196535		plus	hypothetical protein		73803319	protein-coding		WP_050751486.1	490	ALIPUT_RS06760
NZ_DS499579.1	196874	197116		plus	hypothetical protein		73803320	protein-coding		WP_004329067.1	80	ALIPUT_RS06765
NZ_DS499579.1	197435	199354		plus	molecular chaperone DnaK	dnaK	73803321	protein-coding		WP_040293557.1	639	ALIPUT_RS06770
NZ_DS499579.1	199774	202800		plus	protein translocase subunit SecDF	secDF	73803322	protein-coding		WP_004329071.1	1008	ALIPUT_RS06775
NZ_DS499579.1	202888	203286		plus	hypothetical protein		73803323	protein-coding		WP_004329072.1	132	ALIPUT_RS06780
NZ_DS499579.1	203283	203885		plus	dephospho-CoA kinase	coaE	73803324	protein-coding		WP_004329073.1	200	ALIPUT_RS06785
NZ_DS499579.1	203860	204681		plus	dihydropteroate synthase	folP	73803325	protein-coding		WP_004329074.1	273	ALIPUT_RS06790
NZ_DS499579.1	204678	205334		plus	ABC transporter ATP-binding protein		73803326	protein-coding		WP_004329075.1	218	ALIPUT_RS06795
NZ_DS499579.1	205382	206155		plus	TIGR02757 family protein		73803327	protein-coding		WP_040293558.1	257	ALIPUT_RS06800
NZ_DS499579.1	206158	206856		plus	tRNA1(Val) (adenine(37)-N6)-methyltransferase		73803328	protein-coding		WP_004329077.1	232	ALIPUT_RS06805
NZ_DS499579.1	206907	207800		plus	DUF4831 family protein		73803329	protein-coding		WP_004329078.1	297	ALIPUT_RS06810
NZ_DS499579.1	207804	208445		plus	DNA alkylation repair protein		73803330	protein-coding		WP_004329079.1	213	ALIPUT_RS06815
NZ_DS499579.1	208442	208768		minus	thioredoxin family protein		73803331	protein-coding		WP_004329080.1	108	ALIPUT_RS06820
NZ_DS499579.1	208943	210310		minus	DNA repair protein RadA	radA	73803332	protein-coding		WP_004329082.1	455	ALIPUT_RS06825
NZ_DS499579.1	210369	210995		minus	lactate utilization protein		73803333	protein-coding		WP_004329083.1	208	ALIPUT_RS06830
NZ_DS499579.1	211045	211674		minus	lactate utilization protein		73803334	protein-coding		WP_004329084.1	209	ALIPUT_RS06835
NZ_DS499579.1	211682	213004		minus	RIP metalloprotease RseP	rseP	73803335	protein-coding		WP_004329085.1	440	ALIPUT_RS06840
NZ_DS499579.1	213114	214265		minus	1-deoxy-D-xylulose-5-phosphate reductoisomerase		73803336	protein-coding		WP_004329086.1	383	ALIPUT_RS06845
NZ_DS499579.1	214274	215143		minus	murein hydrolase activator EnvC family protein		73803337	protein-coding		WP_022460961.1	289	ALIPUT_RS06850
NZ_DS499579.1	215384	216292		plus	nucleotidyltransferase family protein		73803338	protein-coding		WP_004329089.1	302	ALIPUT_RS06855
NZ_DS499579.1	216613	217002		minus	Cof-type HAD-IIB family hydrolase		73803339	protein-coding		WP_004329090.1	129	ALIPUT_RS06860
NZ_DS499579.1	217008	219458		minus	GumC family protein		73803340	protein-coding		WP_004329091.1	816	ALIPUT_RS06865
NZ_DS499579.1	219474	220271		minus	polysaccharide biosynthesis/export family protein		73803341	protein-coding		WP_004329092.1	265	ALIPUT_RS06870
NZ_DS499579.1	220403	221683		plus	alpha-amylase family glycosyl hydrolase		73803342	protein-coding		WP_004329093.1	426	ALIPUT_RS06875
NZ_DS499579.1	221807	222730		plus	TPM domain-containing protein		73803343	protein-coding		WP_004329094.1	307	ALIPUT_RS06880
NZ_DS499579.1	222763	223347		plus	LemA family protein		73803344	protein-coding		WP_004329095.1	194	ALIPUT_RS06885
NZ_DS499579.1	223580	224308		plus	lysophospholipid acyltransferase family protein		73803345	protein-coding		WP_004329096.1	242	ALIPUT_RS06890
NZ_DS499579.1	224315	226189		plus	DNA topoisomerase IV subunit B		73803346	protein-coding		WP_004329097.1	624	ALIPUT_RS06895
NZ_DS499579.1	226262	229018		plus	DNA gyrase/topoisomerase IV subunit A		73803347	protein-coding		WP_004329098.1	918	ALIPUT_RS06900
NZ_DS499579.1	229029	229556		plus	shikimate kinase		73803348	protein-coding		WP_004329099.1	175	ALIPUT_RS06905
NZ_DS499579.1	229549	230316		plus	glutamate racemase	murI	73803349	protein-coding		WP_004329100.1	255	ALIPUT_RS06910
NZ_DS499579.1	230436	233150		plus	DNA translocase FtsK		73803350	protein-coding		WP_004329101.1	904	ALIPUT_RS06915
NZ_DS499579.1	233288	233614		plus	DMT family transporter		73803351	protein-coding		WP_004329102.1	108	ALIPUT_RS06920
NZ_DS499579.1	233797	234396		plus	LolA family protein		73803352	protein-coding		WP_004329104.1	199	ALIPUT_RS06925
NZ_DS499579.1	234856	237402		plus	DNA gyrase subunit A	gyrA	73803353	protein-coding		WP_040293560.1	848	ALIPUT_RS06930
NZ_DS499579.1	237438	238769		plus	tetratricopeptide repeat protein		73803354	protein-coding		WP_004329107.1	443	ALIPUT_RS06935
NZ_DS499579.1	239056	240372		minus	MATE family efflux transporter		73803355	protein-coding		WP_004329108.1	438	ALIPUT_RS06940
NZ_DS499579.1	240717	242072		plus	pseudouridine synthase		73803356	protein-coding		WP_004329110.1	451	ALIPUT_RS06945
NZ_DS499579.1	242171	243439		minus	clostripain-related cysteine peptidase		73803357	protein-coding		WP_004329111.1	422	ALIPUT_RS06950
NZ_DS499579.1	243617	244354		minus	DUF4919 domain-containing protein		73803358	protein-coding		WP_004327478.1	245	ALIPUT_RS06955
NZ_DS499579.1	244434	245324		minus	4-hydroxy-tetrahydrodipicolinate synthase	dapA	73803359	protein-coding		WP_022460938.1	296	ALIPUT_RS06960
NZ_DS499579.1	245623	247731		minus	NAD-dependent DNA ligase LigA	ligA	73803360	protein-coding		WP_022460937.1	702	ALIPUT_RS06965
NZ_DS499579.1	248082	248405		plus	hypothetical protein		73803361	protein-coding		WP_040293671.1	107	ALIPUT_RS06970
NZ_DS499579.1	248657	249301		plus	leucine-rich repeat domain-containing protein		73803362	protein-coding		WP_004329118.1	214	ALIPUT_RS06975
NZ_DS499579.1	249469	250734		plus	adenylosuccinate synthase		73803363	protein-coding		WP_004329119.1	421	ALIPUT_RS06980
NZ_DS499579.1	250776	251654		plus	electron transfer flavoprotein subunit beta/FixA family protein		73803364	protein-coding		WP_004329120.1	292	ALIPUT_RS06985
NZ_DS499579.1	251673	252692		plus	electron transfer flavoprotein subunit alpha/FixB family protein		73803365	protein-coding		WP_004329121.1	339	ALIPUT_RS06990
NZ_DS499579.1	252692	254425		plus	acyl-CoA dehydrogenase family protein		73803366	protein-coding		WP_004329122.1	577	ALIPUT_RS06995
NZ_DS499579.1	254622	255173		plus	outer membrane beta-barrel protein		73803367	protein-coding		WP_004329123.1	183	ALIPUT_RS07000
NZ_DS499579.1	255457	256083		minus	DUF975 family protein		73803368	protein-coding		WP_004329124.1	208	ALIPUT_RS07005
NZ_DS499579.1	256251	256772		minus	cob(I)yrinic acid a,c-diamide adenosyltransferase	cobO	73803369	protein-coding		WP_004329126.1	173	ALIPUT_RS07010
NZ_DS499579.1	257035	257400		minus	hypothetical protein		73803370	protein-coding		WP_004329128.1	121	ALIPUT_RS07020
NZ_DS499579.1	257922	258689		plus	threonine/serine exporter family protein		73803371	protein-coding		WP_004329130.1	255	ALIPUT_RS07025
NZ_DS499579.1	258686	259186		plus	threonine/serine exporter family protein		73803372	protein-coding		WP_004329131.1	166	ALIPUT_RS07030
NZ_DS499579.1	259198	259932		plus	DUF6064 family protein		73803373	protein-coding		WP_004329132.1	244	ALIPUT_RS07035
NZ_DS499579.1	259929	260486		plus	DUF2284 domain-containing protein		73803374	protein-coding		WP_004329133.1	185	ALIPUT_RS07040
NZ_DS499579.1	260546	261517		minus	glutaminase A	glsA	73803375	protein-coding		WP_004329134.1	323	ALIPUT_RS07045
NZ_DS499579.1	261529	263076		minus	glutamine/gamma-aminobutyrate antiporter GadC	gadC	73803376	protein-coding		WP_004329135.1	515	ALIPUT_RS07050
NZ_DS499579.1	263455	264381		plus	DUF5106 domain-containing protein		73803377	protein-coding		WP_004329137.1	308	ALIPUT_RS07055
NZ_DS499579.1	264514	265068		plus	NADH peroxidase		73803378	protein-coding		WP_040293562.1	184	ALIPUT_RS07060
NZ_DS499579.1	265153	265494		minus	phage holin family protein		73803379	protein-coding		WP_004329139.1	113	ALIPUT_RS07065
NZ_DS499579.1	265526	265717		minus	YtxH domain-containing protein		73803380	protein-coding		WP_004329140.1	63	ALIPUT_RS07070
NZ_DS499579.1	265861	266328		plus	SLOG family protein		73803381	protein-coding		WP_227088436.1	155	ALIPUT_RS07075
NZ_DS499579.1	266710	269529		plus	excinuclease ABC subunit UvrA	uvrA	73803382	protein-coding		WP_004329142.1	939	ALIPUT_RS07080
NZ_DS499579.1	269572	270123		plus	DUF4251 domain-containing protein		73803383	protein-coding		WP_004329143.1	183	ALIPUT_RS07085
NZ_DS499579.1	270412	270987		plus	DNA-3-methyladenine glycosylase I		73803384	protein-coding		WP_004329145.1	191	ALIPUT_RS07090
NZ_DS499579.1	271126	271563		plus	peptidylprolyl isomerase		73803385	protein-coding		WP_004329146.1	145	ALIPUT_RS07095
NZ_DS499579.1	271927	272409		minus	2-C-methyl-D-erythritol 2,4-cyclodiphosphate synthase	ispF	73803386	protein-coding		WP_004329148.1	160	ALIPUT_RS07100
NZ_DS499579.1	272710	273204		plus	3'-5' exonuclease		73803387	protein-coding		WP_004329150.1	164	ALIPUT_RS07105
NZ_DS499579.1	273581	275032		plus	aminoacyl-histidine dipeptidase		73803388	protein-coding		WP_004329152.1	483	ALIPUT_RS07110
NZ_DS499579.1	275695	276561		plus	metal ABC transporter solute-binding protein, Zn/Mn family		73803389	protein-coding		WP_004329156.1	288	ALIPUT_RS07115
NZ_DS499579.1	276558	277343		plus	metal ABC transporter ATP-binding protein		73803390	protein-coding		WP_004329157.1	261	ALIPUT_RS07120
NZ_DS499579.1	277739	278020		minus	hypothetical protein		73803391	protein-coding		WP_004329159.1	93	ALIPUT_RS07130
NZ_DS499579.1	278413	280194		minus	arginine--tRNA ligase	argS	73803392	protein-coding		WP_004329161.1	593	ALIPUT_RS07135
NZ_DS499579.1	280496	281776		plus	hemolysin family protein		73803393	protein-coding		WP_004329163.1	426	ALIPUT_RS07140
NZ_DS499579.1	281809	282831		plus	tRNA dihydrouridine synthase DusB	dusB	73803394	protein-coding		WP_004329164.1	340	ALIPUT_RS07145
NZ_DS499579.1	283093	283569		minus	methylglyoxal synthase		73803395	protein-coding		WP_022460910.1	158	ALIPUT_RS07150
NZ_DS499579.1	283878	284663		minus	pyrroline-5-carboxylate reductase	proC	73803396	protein-coding		WP_004329166.1	261	ALIPUT_RS07155
NZ_DS499579.1	284790	285197		minus	DUF5606 family protein		73803397	protein-coding		WP_004329167.1	135	ALIPUT_RS07160
NZ_DS499579.1	285300	285728		minus	hypothetical protein		73803398	protein-coding		WP_004329168.1	142	ALIPUT_RS07165
NZ_DS499579.1	285755	286669		minus	mechanosensitive ion channel family protein		73803399	protein-coding		WP_004329169.1	304	ALIPUT_RS07170
NZ_DS499579.1	286766	287980		plus	phosphoserine phosphatase SerB	serB	73803400	protein-coding		WP_004329170.1	404	ALIPUT_RS07175
NZ_DS499579.1	287987	288757		plus	DUF5689 domain-containing protein		73803401	protein-coding		WP_004329171.1	256	ALIPUT_RS07180
NZ_DS499579.1	288735	289508		plus	DUF5689 domain-containing protein		73803402	protein-coding		WP_004329172.1	257	ALIPUT_RS07185
NZ_DS499579.1	289555	289872		plus	hypothetical protein		73803403	protein-coding		WP_040293566.1	105	ALIPUT_RS07190
NZ_DS499579.1	289859	290524		plus	ATP-binding cassette domain-containing protein		73803404	protein-coding		WP_004329174.1	221	ALIPUT_RS07195
NZ_DS499579.1	290748	291749		plus	GTPase ObgE	obgE	73803405	protein-coding		WP_004329176.1	333	ALIPUT_RS07205
NZ_DS499579.1	291913	293019		minus	alanine dehydrogenase	ald	73803406	protein-coding		WP_004329177.1	368	ALIPUT_RS07210
NZ_DS499579.1	293107	295551		minus	TonB-dependent receptor		73803407	protein-coding		WP_147554473.1	814	ALIPUT_RS07215
NZ_DS499579.1	296108	296590		minus	helix-turn-helix domain-containing protein		73804347	protein-coding		WP_004329180.1	160	ALIPUT_RS12430
NZ_DS499579.1	297246	297632		minus	HIT family protein		73803408	protein-coding		WP_004329182.1	128	ALIPUT_RS07225
NZ_DS499579.1	297822	298178		minus	hypothetical protein		73803409	protein-coding		WP_004329183.1	118	ALIPUT_RS07230
NZ_DS499579.1	298191	300416		minus	RelA/SpoT family protein		73803410	protein-coding		WP_004329184.1	741	ALIPUT_RS07235
NZ_DS499579.1	300652	301668		minus	recombinase RecA	recA	73803411	protein-coding		WP_004329185.1	338	ALIPUT_RS07240
NZ_DS499579.1	302261	303670		minus	chromosomal replication initiator protein DnaA	dnaA	73803412	protein-coding		WP_004329187.1	469	ALIPUT_RS07245
NZ_DS499579.1	303902	305647		plus	phospho-sugar mutase		73803413	protein-coding		WP_004329188.1	581	ALIPUT_RS07250
NZ_DS499579.1	305769	306919		minus	uncharacterized gene		73803414	pseudogene				ALIPUT_RS07255
NZ_DS499579.1	307278	307598		minus	nucleotide pyrophosphohydrolase		73803415	protein-coding		WP_004329192.1	106	ALIPUT_RS07260
NZ_DS499579.1	307726	308373		minus	O-methyltransferase		73803416	protein-coding		WP_004329193.1	215	ALIPUT_RS07265
NZ_DS499579.1	308408	309622		minus	M16 family metallopeptidase		73803417	protein-coding		WP_004329194.1	404	ALIPUT_RS07270
NZ_DS499579.1	309630	312425		minus	excinuclease ABC subunit UvrA	uvrA	73803418	protein-coding		WP_004329195.1	931	ALIPUT_RS07275
NZ_DS499579.1	312481	313083		minus	IMPACT family protein		73803419	protein-coding		WP_004329196.1	200	ALIPUT_RS07280
NZ_DS499579.1	313097	314455		minus	signal peptidase I	lepB	73803420	protein-coding		WP_004329197.1	452	ALIPUT_RS07285
NZ_DS499579.1	314468	315181		minus	4-hydroxy-tetrahydrodipicolinate reductase	dapB	73803421	protein-coding		WP_004329198.1	237	ALIPUT_RS07290
NZ_DS499579.1	315364	316791		plus	aspartate ammonia-lyase		73803422	protein-coding		WP_004329199.1	475	ALIPUT_RS07295
NZ_DS499579.1	317183	317980		plus	tRNA pseudouridine(38-40) synthase TruA	truA	73803423	protein-coding		WP_050751492.1	265	ALIPUT_RS07300
NZ_DS499579.1	318201	319577		minus	dihydrolipoyl dehydrogenase	lpdA	73803424	protein-coding		WP_004329201.1	458	ALIPUT_RS07305
NZ_DS499579.1	319593	321260		minus	dipeptidase		73803425	protein-coding		WP_004329202.1	555	ALIPUT_RS07310
NZ_DS499579.1	321681	322805		plus	efflux RND transporter periplasmic adaptor subunit		73803426	protein-coding		WP_022459829.1	374	ALIPUT_RS07315
NZ_DS499579.1	322812	325943		plus	efflux RND transporter permease subunit		73803427	protein-coding		WP_004329205.1	1043	ALIPUT_RS07320
NZ_DS499579.1	325940	327304		plus	efflux transporter outer membrane subunit		73803428	protein-coding		WP_004329206.1	454	ALIPUT_RS07325
NZ_DS499579.1	327498	328871		plus	tryptophanase TnaA		73803429	protein-coding		WP_004329207.1	457	ALIPUT_RS07330
NZ_DS499579.1	328873	329538		plus	YggS family pyridoxal phosphate-dependent enzyme		73803430	protein-coding		WP_004329208.1	221	ALIPUT_RS07335
NZ_DS499579.1	329672	329833		minus	hypothetical protein		73804378	protein-coding		WP_004329209.1	53	ALIPUT_RS12785
NZ_DS499579.1	329979	331097		minus	peptidoglycan DD-metalloendopeptidase family protein		73803431	protein-coding		WP_004329210.1	372	ALIPUT_RS07340
NZ_DS499579.1	331114	331686		minus	DUF3109 family protein		73803432	protein-coding		WP_004329211.1	190	ALIPUT_RS07345
NZ_DS499579.1	331667	332662		minus	D-alanine--D-alanine ligase		73803433	protein-coding		WP_004329212.1	331	ALIPUT_RS07350
NZ_DS499579.1	332664	333476		minus	nicotinate (nicotinamide) nucleotide adenylyltransferase	nadD	73803434	protein-coding		WP_040293678.1	270	ALIPUT_RS07355
NZ_DS499579.1	333607	334170		minus	guanylate kinase	gmk	73803435	protein-coding		WP_004329214.1	187	ALIPUT_RS07360
NZ_DS499579.1	334184	335071		minus	YicC/YloC family endoribonuclease		73803436	protein-coding		WP_004329215.1	295	ALIPUT_RS07365
NZ_DS499579.1	335268	336353		plus	3-phosphoserine/phosphohydroxythreonine transaminase	serC	73803437	protein-coding		WP_004329216.1	361	ALIPUT_RS07370
NZ_DS499579.1	336518	337441		plus	3-phosphoglycerate dehydrogenase		73803438	protein-coding		WP_040293574.1	307	ALIPUT_RS07375
NZ_DS499579.1	337484	338734		plus	DUF1015 domain-containing protein		73803439	protein-coding		WP_004329218.1	416	ALIPUT_RS07380
NZ_DS499579.1	338882	339415		minus	hypothetical protein		73803440	protein-coding		WP_004329219.1	177	ALIPUT_RS07385
NZ_DS499579.1	339785	340012		plus	4Fe-4S dicluster domain-containing protein		73804348	protein-coding		WP_022459840.1	75	ALIPUT_RS12435
NZ_DS499579.1	340016	341113		plus	3-methyl-2-oxobutanoate dehydrogenase subunit VorB		73803441	protein-coding		WP_004329221.1	365	ALIPUT_RS07390
NZ_DS499579.1	341118	341888		plus	thiamine pyrophosphate-dependent enzyme		73803442	protein-coding		WP_004329222.1	256	ALIPUT_RS07395
NZ_DS499579.1	341901	342446		plus	2-oxoacid:acceptor oxidoreductase family protein		73803443	protein-coding		WP_004329223.1	181	ALIPUT_RS07400
NZ_DS499579.1	342556	342927		plus	thioredoxin family protein		73803444	protein-coding		WP_004329224.1	123	ALIPUT_RS07405
NZ_DS499579.1	343117	343719		plus	ferritin-like domain-containing protein		73803445	protein-coding		WP_004329225.1	200	ALIPUT_RS07410
NZ_DS499579.1	343971	344726		minus	hypothetical protein		73804317	protein-coding		WP_004329226.1	251	ALIPUT_RS12125
NZ_DS499579.1	345217	346179		minus	methionyl-tRNA formyltransferase	fmt	73803446	protein-coding		WP_004329228.1	320	ALIPUT_RS07420
NZ_DS499579.1	346342	347565		minus	bifunctional 3,4-dihydroxy-2-butanone-4-phosphate synthase/GTP cyclohydrolase II		73803447	protein-coding		WP_004329229.1	407	ALIPUT_RS07425
NZ_DS499579.1	347574	349052		minus	LptF/LptG family permease		73803448	protein-coding		WP_004329230.1	492	ALIPUT_RS07430
NZ_DS499579.1	349036	349881		minus	metal ABC transporter permease		73803449	protein-coding		WP_004329231.1	281	ALIPUT_RS07435
NZ_DS499579.1	350402	352366		plus	fibronectin type III domain-containing protein		73803450	protein-coding		WP_004329233.1	654	ALIPUT_RS07440
NZ_DS499579.1	352385	354160		plus	S41 family peptidase		73803451	protein-coding		WP_004329234.1	591	ALIPUT_RS07445
NZ_DS499579.1	354305	355606		plus	tRNA (N(6)-L-threonylcarbamoyladenosine(37)-C(2))-methylthiotransferase MtaB	mtaB	73803452	protein-coding		WP_004329235.1	433	ALIPUT_RS07450
NZ_DS499579.1	355982	356746		plus	hypothetical protein		73803453	protein-coding		WP_004329237.1	254	ALIPUT_RS07455
NZ_DS499579.1	356753	358198		plus	TrkH family potassium uptake protein		73803454	protein-coding		WP_004329238.1	481	ALIPUT_RS07460
NZ_DS499579.1	358195	359727		plus	SPOR domain-containing protein		73803455	protein-coding		WP_147554474.1	510	ALIPUT_RS07465
NZ_DS499579.1	359859	360326		plus	NfeD family protein		73803456	protein-coding		WP_004329240.1	155	ALIPUT_RS07470
NZ_DS499579.1	360334	361299		plus	flotillin-like protein FloA	floA	73803457	protein-coding		WP_004329241.1	321	ALIPUT_RS07475
NZ_DS499579.1	361489	362280		minus	CDGSH iron-sulfur domain-containing protein		73803458	protein-coding		WP_050751494.1	263	ALIPUT_RS07480
NZ_DS499579.1	362796	364214		plus	fibrobacter succinogenes major paralogous domain-containing protein		73803459	protein-coding		WP_004329244.1	472	ALIPUT_RS07485
NZ_DS499579.1	364326	365528		plus	MFS transporter		73803460	protein-coding		WP_004329245.1	400	ALIPUT_RS07490
NZ_DS499579.1	365675	367123		minus	fimbrillin family protein		73803461	protein-coding		WP_004329246.1	482	ALIPUT_RS07495
NZ_DS499579.1	367363	368010		minus	hypothetical protein		73803462	protein-coding		WP_004329247.1	215	ALIPUT_RS07500
NZ_DS499579.1	368327	371143		plus	TonB-dependent receptor		73803463	protein-coding		WP_004329248.1	938	ALIPUT_RS07505
NZ_DS499579.1	371225	372751		plus	hypothetical protein		73803464	protein-coding		WP_004329249.1	508	ALIPUT_RS07510
NZ_DS499579.1	372870	373460		minus	TetR/AcrR family transcriptional regulator		73803465	protein-coding		WP_004329250.1	196	ALIPUT_RS07515
NZ_DS499579.1	373463	374848		minus	TolC family protein		73803466	protein-coding		WP_004329251.1	461	ALIPUT_RS07520
NZ_DS499579.1	374852	378043		minus	efflux RND transporter permease subunit		73803467	protein-coding		WP_004329252.1	1063	ALIPUT_RS07525
NZ_DS499579.1	378047	379198		minus	efflux RND transporter periplasmic adaptor subunit		73803468	protein-coding		WP_022459869.1	383	ALIPUT_RS07530
NZ_DS499579.1	379397	380239		plus	helix-turn-helix domain-containing protein		73803469	protein-coding		WP_004329254.1	280	ALIPUT_RS07535
NZ_DS499579.1	380756	381430		plus	response regulator transcription factor		73803470	protein-coding		WP_004329256.1	224	ALIPUT_RS07540
NZ_DS499579.1	381442	382713		plus	sensor histidine kinase		73803471	protein-coding		WP_004329257.1	423	ALIPUT_RS07545
NZ_DS499579.1	382992	383441		plus	PepSY-like domain-containing protein		73803472	protein-coding		WP_004329259.1	149	ALIPUT_RS07550
NZ_DS499579.1	383561	384895		plus	PepSY-like domain-containing protein		73803473	protein-coding		WP_040293579.1	444	ALIPUT_RS07555
NZ_DS499579.1	384962	385405		plus	PepSY-like domain-containing protein		73803474	protein-coding		WP_004329261.1	147	ALIPUT_RS07560
NZ_DS499579.1	385395	385886		plus	PepSY-like domain-containing protein		73803475	protein-coding		WP_004329262.1	163	ALIPUT_RS07565
NZ_DS499579.1	386476	388386		minus	ABC-F family ATP-binding cassette domain-containing protein		73803476	protein-coding		WP_004329264.1	636	ALIPUT_RS07575
NZ_DS499579.1	388402	389349		minus	NAD(P)H-dependent flavin oxidoreductase		73803477	protein-coding		WP_004329265.1	315	ALIPUT_RS07580
NZ_DS499579.1	389479	390903		minus	NADH-quinone oxidoreductase subunit N		73803478	protein-coding		WP_004329266.1	474	ALIPUT_RS07585
NZ_DS499579.1	390911	392395		minus	complex I subunit 4 family protein		73803479	protein-coding		WP_004329267.1	494	ALIPUT_RS07590
NZ_DS499579.1	392406	394298		minus	NADH-quinone oxidoreductase subunit L	nuoL	73803480	protein-coding		WP_004329268.1	630	ALIPUT_RS07595
NZ_DS499579.1	394319	394627		minus	NADH-quinone oxidoreductase subunit NuoK	nuoK	73803481	protein-coding		WP_004329269.1	102	ALIPUT_RS07600
NZ_DS499579.1	394805	395314		minus	NADH-quinone oxidoreductase subunit J family protein		73803482	protein-coding		WP_004329270.1	169	ALIPUT_RS07605
NZ_DS499579.1	395319	395756		minus	4Fe-4S binding protein		73803483	protein-coding		WP_004329271.1	145	ALIPUT_RS07610
NZ_DS499579.1	395759	396835		minus	NADH-quinone oxidoreductase subunit NuoH	nuoH	73803484	protein-coding		WP_004329272.1	358	ALIPUT_RS07615
NZ_DS499579.1	396864	398492		minus	NADH-quinone oxidoreductase subunit D		73803485	protein-coding		WP_004329273.1	542	ALIPUT_RS07620
NZ_DS499579.1	398489	399148		minus	NADH-quinone oxidoreductase subunit B		73803486	protein-coding		WP_004329274.1	219	ALIPUT_RS07625
NZ_DS499579.1	399139	399489		minus	NADH-quinone oxidoreductase subunit A		73803487	protein-coding		WP_004329275.1	116	ALIPUT_RS07630
NZ_DS499579.1	399585	399947		minus	hypothetical protein		73803488	protein-coding		WP_004329276.1	120	ALIPUT_RS07635
NZ_DS499579.1	400279	401190		minus	helix-turn-helix domain-containing protein		73803489	protein-coding		WP_040293581.1	303	ALIPUT_RS07640
NZ_DS499579.1	401834	403015		plus	iron-containing alcohol dehydrogenase		73803490	protein-coding		WP_187117651.1	393	ALIPUT_RS07645
NZ_DS499579.1	403119	403655		plus	flavodoxin family protein		73803491	protein-coding		WP_004329279.1	178	ALIPUT_RS07650
NZ_DS499579.1	403755	404567		plus	cupin domain-containing carboxymuconolactone decarboxylase family protein		73803492	protein-coding		WP_050751496.1	270	ALIPUT_RS07655
NZ_DS499579.1	404530	405231		minus	uncharacterized gene		73804349	pseudogene				ALIPUT_RS12445
NZ_DS499579.1	405236	405625		minus	nitrophenyl compound nitroreductase subunit ArsF family protein		73803493	protein-coding		WP_004329282.1	129	ALIPUT_RS07665
NZ_DS499579.1	405622	405855		minus	thioredoxin family protein		73803494	protein-coding		WP_004329283.1	77	ALIPUT_RS07670
NZ_DS499579.1	405919	406242		minus	ArsR/SmtB family transcription factor		73803495	protein-coding		WP_004329284.1	107	ALIPUT_RS07675
NZ_DS499579.1	406349	407020		plus	FadR/GntR family transcriptional regulator		73803496	protein-coding		WP_040293586.1	223	ALIPUT_RS07680
NZ_DS499579.1	407024	408247		plus	MFS transporter		73803497	protein-coding		WP_050751498.1	407	ALIPUT_RS07685
NZ_DS499579.1	408791	409900		minus	S1C family serine protease		73803498	protein-coding		WP_004329288.1	369	ALIPUT_RS07695
NZ_DS499579.1	410603	410881		minus	hypothetical protein		73803499	protein-coding		WP_004329290.1	92	ALIPUT_RS07700
NZ_DS499579.1	410878	411264		minus	DUF6908 domain-containing protein		73803500	protein-coding		WP_004329291.1	128	ALIPUT_RS07705
NZ_DS499579.1	411990	413447		minus	hypothetical protein		73804414	protein-coding		WP_004329294.1	485	ALIPUT_RS13030
NZ_DS499579.1	413524	414357		minus	uncharacterized gene		73804379	pseudogene				ALIPUT_RS12790
NZ_DS499579.1	414350	415711		minus	uncharacterized gene		73803501	pseudogene				ALIPUT_RS07720
NZ_DS499579.1	415712	416587		minus	radical SAM mobile pair protein B		73803502	protein-coding		WP_004329298.1	291	ALIPUT_RS07725
NZ_DS499579.1	416584	417252		minus	radical SAM mobile pair protein A		73803503	protein-coding		WP_004329299.1	222	ALIPUT_RS07730
NZ_DS499579.1	417249	418025		minus	MBL fold metallo-hydrolase		73803504	protein-coding		WP_004329300.1	258	ALIPUT_RS07735
NZ_DS499579.1	418156	419055		plus	helix-turn-helix domain-containing protein		73803505	protein-coding		WP_004329302.1	299	ALIPUT_RS07740
NZ_DS499579.1	419103	419252		minus	hypothetical protein		73804415	protein-coding		WP_004329303.1	49	ALIPUT_RS13035
NZ_DS499579.1	419339	419974		plus	helix-turn-helix domain-containing protein		73803506	protein-coding		WP_224201639.1	211	ALIPUT_RS07745
NZ_DS499579.1	419996	420943		minus	relaxase/mobilization nuclease domain-containing protein		73803507	protein-coding		WP_004329305.1	315	ALIPUT_RS07750
NZ_DS499579.1	420940	421305		minus	MobC family plasmid mobilization relaxosome protein		73803508	protein-coding		WP_004329306.1	121	ALIPUT_RS07755
NZ_DS499579.1	421482	422375		minus	toprim domain-containing protein		73803509	protein-coding		WP_004329307.1	297	ALIPUT_RS07760
NZ_DS499579.1	422365	424173		minus	reverse transcriptase/maturase family protein		73803510	protein-coding		WP_004308094.1	602	ALIPUT_RS07765
NZ_DS499579.1	424721	424906		minus	hypothetical protein		73803511	protein-coding		WP_004329308.1	61	ALIPUT_RS07770
NZ_DS499579.1	424954	425238		minus	helix-turn-helix domain-containing protein		73803512	protein-coding		WP_040293596.1	94	ALIPUT_RS07775
NZ_DS499579.1	425495	425902		minus	hypothetical protein		73803513	protein-coding		WP_004329310.1	135	ALIPUT_RS07780
NZ_DS499579.1	426017	427684		minus	ATP-binding protein		73803514	protein-coding		WP_004329311.1	555	ALIPUT_RS07785
NZ_DS499579.1	427807	429108		minus	site-specific integrase		73803515	protein-coding		WP_004329312.1	433	ALIPUT_RS07790
NZ_DS499579.1	429768	430136		plus	response regulator		73803516	protein-coding		WP_004329316.1	122	ALIPUT_RS07795
NZ_DS499579.1	430327	431496		plus	hybrid sensor histidine kinase/response regulator		73803517	protein-coding		WP_004329317.1	389	ALIPUT_RS07800
NZ_DS499579.1	431500	433452		minus	DEAD/DEAH box helicase		73803518	protein-coding		WP_004329318.1	650	ALIPUT_RS07805
NZ_DS499579.1	433778	434272		minus	NADH-quinone oxidoreductase subunit NuoE family protein		73803519	protein-coding		WP_004329320.1	164	ALIPUT_RS07810
NZ_DS499579.1	434279	436048		minus	NADH-dependent [FeFe] hydrogenase, group A6		73803520	protein-coding		WP_004329321.1	589	ALIPUT_RS07815
NZ_DS499579.1	436072	437862		minus	NADH-quinone oxidoreductase subunit NuoF		73803521	protein-coding		WP_004329322.1	596	ALIPUT_RS07820
NZ_DS499579.1	437974	438348		minus	(2Fe-2S) ferredoxin domain-containing protein		73803522	protein-coding		WP_004329323.1	124	ALIPUT_RS07825
NZ_DS499579.1	438851	439205		minus	RNase P RNA component class A	rnpB	73804319	RNase_P_RNA				ALIPUT_RS12135
NZ_DS499579.1	439215	440111		plus	hypothetical protein		73804380	protein-coding		WP_195403220.1	298	ALIPUT_RS12795
NZ_DS499579.1	440188	440886		plus	hypothetical protein		73803523	protein-coding		WP_004329326.1	232	ALIPUT_RS07830
NZ_DS499579.1	440876	441223		plus	hypothetical protein		73803524	protein-coding		WP_004329327.1	115	ALIPUT_RS07835
NZ_DS499579.1	441308	442342		minus	VWA domain-containing protein		73803525	protein-coding		WP_004329328.1	344	ALIPUT_RS07840
NZ_DS499579.1	442342	443328		minus	vWA domain-containing protein		73803526	protein-coding		WP_004329329.1	328	ALIPUT_RS07845
NZ_DS499579.1	443350	444171		minus	tetratricopeptide repeat protein		73803527	protein-coding		WP_004329330.1	273	ALIPUT_RS07850
NZ_DS499579.1	444185	445336		minus	hypothetical protein		73803528	protein-coding		WP_004329331.1	383	ALIPUT_RS07855
NZ_DS499579.1	445333	446217		minus	DUF58 domain-containing protein		73803529	protein-coding		WP_004329332.1	294	ALIPUT_RS07860
NZ_DS499579.1	446232	447230		minus	AAA family ATPase		73803530	protein-coding		WP_004329333.1	332	ALIPUT_RS07865
NZ_DS499579.1	447518	449959		plus	ATP-dependent helicase		73803531	protein-coding		WP_004329334.1	813	ALIPUT_RS07870
NZ_DS499579.1	450000	450656		plus	endonuclease III	nth	73803532	protein-coding		WP_004329335.1	218	ALIPUT_RS07875
NZ_DS499579.1	450659	452194		plus	S41 family peptidase		73803533	protein-coding		WP_050751500.1	511	ALIPUT_RS07880
NZ_DS499579.1	452290	453318		plus	DHH family phosphoesterase		73803534	protein-coding		WP_004329337.1	342	ALIPUT_RS07885
NZ_DS499579.1	453325	454212		plus	LysR family transcriptional regulator		73803535	protein-coding		WP_004329338.1	295	ALIPUT_RS07890
NZ_DS499579.1	454441	454995		plus	GNAT family N-acetyltransferase		73803536	protein-coding		WP_004329339.1	184	ALIPUT_RS07895
NZ_DS499579.1	455080	456006		minus	YeiH family protein		73803537	protein-coding		WP_040293706.1	308	ALIPUT_RS07900
NZ_DS499579.1	456166	457662		minus	M20/M25/M40 family metallo-hydrolase		73803538	protein-coding		WP_004329341.1	498	ALIPUT_RS07905
NZ_DS499579.1	457953	458381		plus	hypothetical protein		73803539	protein-coding		WP_004329342.1	142	ALIPUT_RS07910
NZ_DS499579.1	458615	458698		minus	tRNA-Leu		73803540	tRNA				ALIPUT_RS07915
NZ_DS499579.1	458874	460868		minus	S46 family peptidase		73803541	protein-coding		WP_004329344.1	664	ALIPUT_RS07920
NZ_DS499579.1	460865	461476		minus	Maf family nucleotide pyrophosphatase		73803542	protein-coding		WP_004329345.1	203	ALIPUT_RS07925
NZ_DS499579.1	461496	462611		minus	hypothetical protein		73803543	protein-coding		WP_004329346.1	371	ALIPUT_RS07930
NZ_DS499579.1	462626	463261		minus	fumarylacetoacetate hydrolase family protein		73803544	protein-coding		WP_004329347.1	211	ALIPUT_RS07935
NZ_DS499579.1	463834	464160		minus	DUF3784 domain-containing protein		73803545	protein-coding		WP_004329349.1	108	ALIPUT_RS07940
NZ_DS499579.1	464162	465298		minus	lipid-A-disaccharide synthase	lpxB	73803546	protein-coding		WP_004329350.1	378	ALIPUT_RS07945
NZ_DS499579.1	465309	465989		minus	tRNA (guanosine(37)-N1)-methyltransferase TrmD	trmD	73803547	protein-coding		WP_004329351.1	226	ALIPUT_RS07950
NZ_DS499579.1	465994	466725		minus	FkbM family methyltransferase		73803548	protein-coding		WP_022460751.1	243	ALIPUT_RS07955
NZ_DS499579.1	466743	467411		minus	MBL fold metallo-hydrolase		73803549	protein-coding		WP_004329353.1	222	ALIPUT_RS07960
NZ_DS499579.1	467564	468706		plus	hypothetical protein		73803550	protein-coding		WP_004329355.1	380	ALIPUT_RS07965
NZ_DS499579.1	468747	470156		plus	23S rRNA (uracil(1939)-C(5))-methyltransferase RlmD	rlmD	73803551	protein-coding		WP_004329356.1	469	ALIPUT_RS07970
NZ_DS499579.1	470245	470940		plus	SIMPL domain-containing protein		73803552	protein-coding		WP_040293707.1	231	ALIPUT_RS07975
NZ_DS499579.1	471043	471498		plus	cytidine deaminase		73803553	protein-coding		WP_040293709.1	151	ALIPUT_RS07980
NZ_DS499579.1	471527	472237		plus	RluA family pseudouridine synthase		73803554	protein-coding		WP_004329359.1	236	ALIPUT_RS07985
NZ_DS499579.1	472225	472677		plus	D-aminoacyl-tRNA deacylase	dtd	73803555	protein-coding		WP_004329360.1	150	ALIPUT_RS07990
NZ_DS499579.1	472790	474916		plus	DNA/RNA non-specific endonuclease		73803556	protein-coding		WP_004329362.1	708	ALIPUT_RS07995
NZ_DS499579.1	474925	475887		plus	tRNA modification radical SAM protein MnmL/YtqA	mnmL	73803557	protein-coding		WP_004329363.1	320	ALIPUT_RS08000
NZ_DS499579.1	475948	476889		plus	YitT family protein		73803558	protein-coding		WP_040293713.1	313	ALIPUT_RS08005
NZ_DS499579.1	477080	479326		plus	replication restart helicase PriA	priA	73803559	protein-coding		WP_004329366.1	748	ALIPUT_RS08010
NZ_DS499579.1	479310	480020		plus	ComF family protein		73803560	protein-coding		WP_004329367.1	236	ALIPUT_RS08015
NZ_DS499579.1	480277	480561		plus	LysO family transporter		73803561	protein-coding		WP_004329368.1	94	ALIPUT_RS08020
NZ_DS499579.1	480551	481171		plus	LysO family transporter		73803562	protein-coding		WP_004329369.1	206	ALIPUT_RS08025
NZ_DS499579.1	481354	482916		plus	replicative DNA helicase	dnaB	73803563	protein-coding		WP_004329370.1	520	ALIPUT_RS08030
NZ_DS499579.1	483050	484591		plus	YifB family Mg chelatase-like AAA ATPase		73803564	protein-coding		WP_004329371.1	513	ALIPUT_RS08035
NZ_DS499579.1	484610	484867		plus	hypothetical protein		73803565	protein-coding		WP_004329372.1	85	ALIPUT_RS08040
NZ_DS499579.1	484864	485973		plus	undecaprenyldiphospho-muramoylpentapeptide beta-N-acetylglucosaminyltransferase	murG	73803566	protein-coding		WP_004329373.1	369	ALIPUT_RS08045
NZ_DS499579.1	486067	487536		plus	UDP-N-acetylmuramate--L-alanine ligase	murC	73803567	protein-coding		WP_004329374.1	489	ALIPUT_RS08050
NZ_DS499579.1	487638	488735		plus	cell division protein FtsQ/DivIB		73803568	protein-coding		WP_004329375.1	365	ALIPUT_RS08055
NZ_DS499579.1	488832	490331		plus	cell division protein FtsA	ftsA	73803569	protein-coding		WP_004329376.1	499	ALIPUT_RS08060
NZ_DS499579.1	490359	491690		plus	cell division protein FtsZ	ftsZ	73803570	protein-coding		WP_004329377.1	443	ALIPUT_RS08065
NZ_DS499579.1	491744	492991		plus	gliding motility-associated protein GldE	gldE	73803571	protein-coding		WP_370797610.1	415	ALIPUT_RS08070
NZ_DS499579.1	492984	493550		plus	4'-phosphopantetheinyl transferase family protein		73803572	protein-coding		WP_004329379.1	188	ALIPUT_RS08075
NZ_DS499579.1	493942	495327		plus	MATE family efflux transporter		73803573	protein-coding		WP_004329380.1	461	ALIPUT_RS08080
NZ_DS499579.1	495586	496785		minus	C1 family peptidase		73803574	protein-coding		WP_004329381.1	399	ALIPUT_RS08085
NZ_DS499579.1	496803	499100		minus	type I DNA topoisomerase	topA	73803575	protein-coding		WP_004329382.1	765	ALIPUT_RS08090
NZ_DS499579.1	499170	500771		minus	DUF4270 domain-containing protein		73803576	protein-coding		WP_004329383.1	533	ALIPUT_RS08095
NZ_DS499579.1	500755	501564		minus	glycogen/starch synthase		73803577	protein-coding		WP_022460777.1	269	ALIPUT_RS08100
NZ_DS499579.1	501823	502872		minus	tRNA preQ1(34) S-adenosylmethionine ribosyltransferase-isomerase QueA	queA	73803578	protein-coding		WP_004329385.1	349	ALIPUT_RS08105
NZ_DS499579.1	502979	503668		minus	tRNA pseudouridine(55) synthase TruB	truB	73803579	protein-coding		WP_040293717.1	229	ALIPUT_RS08110
NZ_DS499579.1	503709	504521		minus	undecaprenyl-diphosphate phosphatase		73803580	protein-coding		WP_004329387.1	270	ALIPUT_RS08115
NZ_DS499579.1	504601	504849		minus	DUF3098 domain-containing protein		73803581	protein-coding		WP_004329388.1	82	ALIPUT_RS08120
NZ_DS499579.1	504863	505744		minus	cell division protein FtsX		73803582	protein-coding		WP_004329389.1	293	ALIPUT_RS08125
NZ_DS499579.1	505716	508196		minus	YfhO family protein		73803583	protein-coding		WP_004329390.1	826	ALIPUT_RS08130
NZ_DS499579.1	508376	509365		plus	polyprenyl synthetase family protein		73803584	protein-coding		WP_004329391.1	329	ALIPUT_RS08135
NZ_DS499579.1	509851	512052		minus	RelA/SpoT family protein		73803585	protein-coding		WP_004329394.1	733	ALIPUT_RS08140
NZ_DS499579.1	512201	512866		plus	PAQR family membrane homeostasis protein TrhA	trhA	73803586	protein-coding		WP_040293718.1	221	ALIPUT_RS08145
NZ_DS499579.1	513001	513435		plus	GNAT family N-acetyltransferase		73803587	protein-coding		WP_004329396.1	144	ALIPUT_RS08150
NZ_DS499579.1	513469	514287		minus	alpha/beta fold hydrolase		73803588	protein-coding		WP_004329397.1	272	ALIPUT_RS08155
NZ_DS499579.1	514302	514496		minus	hypothetical protein		73803589	protein-coding		WP_004329398.1	64	ALIPUT_RS08160
NZ_DS499579.1	514520	515332		minus	diaminopimelate epimerase	dapF	73803590	protein-coding		WP_004329399.1	270	ALIPUT_RS08165
NZ_DS499579.1	515552	516298		plus	nitroreductase family protein		73803591	protein-coding		WP_004329401.1	248	ALIPUT_RS08170
NZ_DS499579.1	516307	518694		plus	translocation and assembly module lipoprotein TamL	tamL	73803592	protein-coding		WP_004329403.1	795	ALIPUT_RS08175
NZ_DS499579.1	518932	519444		minus	OmpH/Skp family outer membrane protein		73803593	protein-coding		WP_004329404.1	170	ALIPUT_RS08180
NZ_DS499579.1	519474	519983		minus	OmpH/Skp family outer membrane protein		73803594	protein-coding		WP_004329405.1	169	ALIPUT_RS08185
NZ_DS499579.1	520056	522635		minus	outer membrane protein assembly factor BamA	bamA	73803595	protein-coding		WP_004329406.1	859	ALIPUT_RS08190
NZ_DS499579.1	522718	523449		minus	isoprenyl transferase		73803596	protein-coding		WP_004329407.1	243	ALIPUT_RS08195
NZ_DS499579.1	523514	524395		minus	NAD(+)/NADH kinase		73803597	protein-coding		WP_004329408.1	293	ALIPUT_RS08200
NZ_DS499579.1	524521	525237		plus	pyridoxine 5'-phosphate synthase		73803598	protein-coding		WP_004329409.1	238	ALIPUT_RS08205
NZ_DS499579.1	525384	526802		plus	CCA tRNA nucleotidyltransferase		73803599	protein-coding		WP_004329410.1	472	ALIPUT_RS08210
NZ_DS499579.1	527003	527950		minus	DMT family transporter		73803600	protein-coding		WP_004329411.1	315	ALIPUT_RS08215
NZ_DS499579.1	528036	528989		plus	DMT family transporter		73803601	protein-coding		WP_004329413.1	317	ALIPUT_RS08220
NZ_DS499579.1	528913	529320		minus	acyl-CoA thioesterase		73803602	protein-coding		WP_040293604.1	135	ALIPUT_RS08225
NZ_DS499579.1	529427	530005		minus	L-threonylcarbamoyladenylate synthase		73803603	protein-coding		WP_004329414.1	192	ALIPUT_RS08230
NZ_DS499579.1	530066	530449		minus	VOC family protein		73803604	protein-coding		WP_004329415.1	127	ALIPUT_RS08235
NZ_DS499579.1	530949	531680		plus	YebC/PmpR family DNA-binding transcriptional regulator		73803605	protein-coding		WP_004329417.1	243	ALIPUT_RS08245
NZ_DS499579.1	531813	532736		minus	glycosyltransferase family 2 protein		73803606	protein-coding		WP_004329418.1	307	ALIPUT_RS08250
NZ_DS499579.1	532726	533712		minus	Stealth CR1 domain-containing protein		73803607	protein-coding		WP_004329419.1	328	ALIPUT_RS08255
NZ_DS499579.1	533861	534832		minus	long-chain-fatty-acid--protein ligase		73803608	protein-coding		WP_004329420.1	323	ALIPUT_RS08260
NZ_DS499579.1	535264	535761		minus	translation initiation factor IF-3	infC	73803609	protein-coding		WP_050751502.1	165	ALIPUT_RS08265
NZ_DS499579.1	535914	537869		minus	threonine--tRNA ligase	thrS	73803610	protein-coding		WP_004329423.1	651	ALIPUT_RS08270
NZ_DS499579.1	538175	539269		minus	4-hydroxythreonine-4-phosphate dehydrogenase PdxA	pdxA	73803611	protein-coding		WP_004329425.1	364	ALIPUT_RS08275
NZ_DS499579.1	539503	540717		plus	TPR end-of-group domain-containing protein		73803612	protein-coding		WP_004329427.1	404	ALIPUT_RS08280
NZ_DS499579.1	541140	541889		minus	TrmH family RNA methyltransferase		73803613	protein-coding		WP_004329428.1	249	ALIPUT_RS08285
NZ_DS499579.1	541886	542815		minus	ribonuclease Z		73803614	protein-coding		WP_004329429.1	309	ALIPUT_RS08290
NZ_DS499579.1	543076	543297		plus	hypothetical protein		73804381	protein-coding		WP_155813748.1	73	ALIPUT_RS12800
NZ_DS499579.1	543289	544209		minus	thioredoxin-disulfide reductase	trxB	73803615	protein-coding		WP_004329432.1	306	ALIPUT_RS08300
NZ_DS499579.1	544233	545234		minus	WG repeat-containing protein		73803616	protein-coding		WP_004329433.1	333	ALIPUT_RS08305
NZ_DS499579.1	545239	546093		minus	hypothetical protein		73803617	protein-coding		WP_004329434.1	284	ALIPUT_RS08310
NZ_DS499579.1	546093	547820		minus	DUF4954 family protein		73803618	protein-coding		WP_004329435.1	575	ALIPUT_RS08315
NZ_DS499579.1	548244	549401		minus	WG repeat-containing protein		73803619	protein-coding		WP_004329437.1	385	ALIPUT_RS08320
NZ_DS499579.1	549503	550063		minus	FKBP-type peptidyl-prolyl cis-trans isomerase		73803620	protein-coding		WP_004329438.1	186	ALIPUT_RS08325
NZ_DS499579.1	550177	550710		plus	hypothetical protein		73803621	protein-coding		WP_004329439.1	177	ALIPUT_RS08330
NZ_DS499579.1	550785	553613		minus	aminomethyl-transferring glycine dehydrogenase	gcvP	73803622	protein-coding		WP_004329440.1	942	ALIPUT_RS08335
NZ_DS499579.1	553669	555342		minus	nucleoside kinase		73803623	protein-coding		WP_040293613.1	557	ALIPUT_RS08340
NZ_DS499579.1	555412	556863		plus	bifunctional metallophosphatase/5'-nucleotidase		73803624	protein-coding		WP_004329442.1	483	ALIPUT_RS08345
NZ_DS499579.1	557108	558049		plus	DMT family transporter		73803625	protein-coding		WP_004329443.1	313	ALIPUT_RS08350
NZ_DS499579.1	558190	559989		plus	30S ribosomal protein S1	rpsA	73803626	protein-coding		WP_040293615.1	599	ALIPUT_RS08355
NZ_DS499579.1	560259	560921		minus	3,4-dihydroxy-2-butanone-4-phosphate synthase	ribB	73803627	protein-coding		WP_040293616.1	220	ALIPUT_RS08360
NZ_DS499579.1	561024	561908		plus	AraC family transcriptional regulator		73803628	protein-coding		WP_040293619.1	294	ALIPUT_RS08365
NZ_DS499579.1	561890	562669		minus	class I SAM-dependent methyltransferase		73803629	protein-coding		WP_004329447.1	259	ALIPUT_RS08370
NZ_DS499579.1	562671	562859		minus	exodeoxyribonuclease VII small subunit	xseB	73803630	protein-coding		WP_004329448.1	62	ALIPUT_RS08375
NZ_DS499579.1	562873	564099		minus	exodeoxyribonuclease VII large subunit	xseA	73803631	protein-coding		WP_004329449.1	408	ALIPUT_RS08380
NZ_DS499579.1	564579	565481		minus	1,4-dihydroxy-2-naphthoate octaprenyltransferase	menA	73803632	protein-coding		WP_004329451.1	300	ALIPUT_RS08385
NZ_DS499579.1	565504	566049		minus	energy transducer TonB		73803633	protein-coding		WP_004329452.1	181	ALIPUT_RS08390
NZ_DS499579.1	566097	566402		minus	MGMT family protein		73803634	protein-coding		WP_004329453.1	101	ALIPUT_RS08395
NZ_DS499579.1	566415	567500		minus	peptide chain release factor 1	prfA	73803635	protein-coding		WP_004329454.1	361	ALIPUT_RS08400
NZ_DS499579.1	567838	568326		plus	flavodoxin domain-containing protein		73803636	protein-coding		WP_022460254.1	162	ALIPUT_RS08405
NZ_DS499579.1	568338	568706		plus	DUF2023 family protein		73803637	protein-coding		WP_022460253.1	122	ALIPUT_RS08410
NZ_DS499579.1	568782	571538		minus	leucine--tRNA ligase	leuS	73803638	protein-coding		WP_004329457.1	918	ALIPUT_RS08415
NZ_DS499579.1	572384	572788		plus	30S ribosomal protein S12	rpsL	73803639	protein-coding		WP_004329460.1	134	ALIPUT_RS08420
NZ_DS499579.1	572828	573304		plus	30S ribosomal protein S7	rpsG	73803640	protein-coding		WP_004329461.1	158	ALIPUT_RS08425
NZ_DS499579.1	573321	575432		plus	elongation factor G	fusA	73803641	protein-coding		WP_004329462.1	703	ALIPUT_RS08430
NZ_DS499579.1	575442	575747		plus	30S ribosomal protein S10	rpsJ	73803642	protein-coding		WP_004329464.1	101	ALIPUT_RS08435
NZ_DS499579.1	575908	576522		plus	50S ribosomal protein L3	rplC	73803643	protein-coding		WP_004329466.1	204	ALIPUT_RS08440
NZ_DS499579.1	576524	577150		plus	50S ribosomal protein L4	rplD	73803644	protein-coding		WP_004329467.1	208	ALIPUT_RS08445
NZ_DS499579.1	577166	577456		plus	50S ribosomal protein L23	rplW	73803645	protein-coding		WP_004329468.1	96	ALIPUT_RS08450
NZ_DS499579.1	577462	578286		plus	50S ribosomal protein L2	rplB	73803646	protein-coding		WP_004329469.1	274	ALIPUT_RS08455
NZ_DS499579.1	578303	578572		plus	30S ribosomal protein S19	rpsS	73803647	protein-coding		WP_004329470.1	89	ALIPUT_RS08460
NZ_DS499579.1	578580	578990		plus	50S ribosomal protein L22	rplV	73803648	protein-coding		WP_004329471.1	136	ALIPUT_RS08465
NZ_DS499579.1	578995	579786		plus	30S ribosomal protein S3	rpsC	73803649	protein-coding		WP_004329472.1	263	ALIPUT_RS08470
NZ_DS499579.1	579813	580241		plus	50S ribosomal protein L16	rplP	73803650	protein-coding		WP_004329473.1	142	ALIPUT_RS08475
NZ_DS499579.1	580251	580445		plus	50S ribosomal protein L29	rpmC	73803651	protein-coding		WP_004329474.1	64	ALIPUT_RS08480
NZ_DS499579.1	580454	580708		plus	30S ribosomal protein S17	rpsQ	73803652	protein-coding		WP_022459906.1	84	ALIPUT_RS08485
NZ_DS499579.1	580711	581076		plus	50S ribosomal protein L14	rplN	73803653	protein-coding		WP_004329476.1	121	ALIPUT_RS08490
NZ_DS499579.1	581099	581422		plus	50S ribosomal protein L24	rplX	73803654	protein-coding		WP_004329477.1	107	ALIPUT_RS08495
NZ_DS499579.1	581422	581988		plus	50S ribosomal protein L5	rplE	73803655	protein-coding		WP_004329478.1	188	ALIPUT_RS08500
NZ_DS499579.1	581992	582288		plus	30S ribosomal protein S14	rpsN	73803656	protein-coding		WP_004329479.1	98	ALIPUT_RS08505
NZ_DS499579.1	583066	583464		plus	30S ribosomal protein S8	rpsH	73803657	protein-coding		WP_004329481.1	132	ALIPUT_RS08510
NZ_DS499579.1	583486	584073		plus	50S ribosomal protein L6	rplF	73803658	protein-coding		WP_004329482.1	195	ALIPUT_RS08515
NZ_DS499579.1	584091	584453		plus	50S ribosomal protein L18	rplR	73803659	protein-coding		WP_004329483.1	120	ALIPUT_RS08520
NZ_DS499579.1	584460	584978		plus	30S ribosomal protein S5	rpsE	73803660	protein-coding		WP_004329484.1	172	ALIPUT_RS08525
NZ_DS499579.1	584993	585175		plus	50S ribosomal protein L30	rpmD	73803661	protein-coding		WP_004329485.1	60	ALIPUT_RS08530
NZ_DS499579.1	585203	585649		plus	50S ribosomal protein L15	rplO	73803662	protein-coding		WP_004329486.1	148	ALIPUT_RS08535
NZ_DS499579.1	585671	587059		plus	preprotein translocase subunit SecY	secY	73803663	protein-coding		WP_004329487.1	462	ALIPUT_RS08540
NZ_DS499579.1	587086	587862		plus	type I methionyl aminopeptidase	map	73803664	protein-coding		WP_004329488.1	258	ALIPUT_RS08545
NZ_DS499579.1	587869	588087		plus	translation initiation factor IF-1	infA	73803665	protein-coding		WP_004329489.1	72	ALIPUT_RS08550
NZ_DS499579.1	588109	588225		plus	type B 50S ribosomal protein L36	ykgO	73803666	protein-coding		WP_010262443.1	38	ALIPUT_RS08555
NZ_DS499579.1	588260	588640		plus	30S ribosomal protein S13	rpsM	73803667	protein-coding		WP_004329490.1	126	ALIPUT_RS08560
NZ_DS499579.1	588654	589043		plus	30S ribosomal protein S11	rpsK	73803668	protein-coding		WP_004329491.1	129	ALIPUT_RS08565
NZ_DS499579.1	589101	589709		plus	30S ribosomal protein S4	rpsD	73803669	protein-coding		WP_004329492.1	202	ALIPUT_RS08570
NZ_DS499579.1	589734	590726		plus	DNA-directed RNA polymerase subunit alpha		73803670	protein-coding		WP_004329493.1	330	ALIPUT_RS08575
NZ_DS499579.1	590732	591346		plus	50S ribosomal protein L17	rplQ	73803671	protein-coding		WP_004329494.1	204	ALIPUT_RS08580
NZ_DS499579.1	592149	593510		minus	TrpB-like pyridoxal phosphate-dependent enzyme		73803672	protein-coding		WP_004329495.1	453	ALIPUT_RS08585
NZ_DS499579.1	593856	594617		minus	triose-phosphate isomerase	tpiA	73803673	protein-coding		WP_040293727.1	253	ALIPUT_RS08595
NZ_DS499579.1	594982	596706		minus	lysine--tRNA ligase	lysS	73803674	protein-coding		WP_004329498.1	574	ALIPUT_RS08600
NZ_DS499579.1	597242	599419		plus	DNA/RNA non-specific endonuclease		73804318	protein-coding		WP_050751504.1	725	ALIPUT_RS12130
NZ_DS499579.1	599825	601021		plus	sugar transporter		73803675	protein-coding		WP_004329501.1	398	ALIPUT_RS08620
NZ_DS499579.1	601131	601808		minus	phosphatase PAP2 family protein		73803676	protein-coding		WP_004329502.1	225	ALIPUT_RS08625
NZ_DS499579.1	601816	603318		minus	MBOAT family O-acyltransferase		73803677	protein-coding		WP_004329503.1	500	ALIPUT_RS08630
NZ_DS499579.1	603328	604893		minus	SGNH/GDSL hydrolase family protein		73803678	protein-coding		WP_004329504.1	521	ALIPUT_RS08635
NZ_DS499579.1	604893	605654		minus	zinc metallopeptidase		73803679	protein-coding		WP_004329505.1	253	ALIPUT_RS08640
NZ_DS499579.1	605733	606482		minus	SDR family NAD(P)-dependent oxidoreductase		73803680	protein-coding		WP_004329506.1	249	ALIPUT_RS08645
NZ_DS499579.1	606560	607807		plus	ABC transporter permease		73803681	protein-coding		WP_040293630.1	415	ALIPUT_RS08650
NZ_DS499579.1	607824	608540		plus	bifunctional demethylmenaquinone methyltransferase/2-methoxy-6-polyprenyl-1,4-benzoquinol methylase UbiE	ubiE	73803682	protein-coding		WP_004329508.1	238	ALIPUT_RS08655
NZ_DS499579.1	608550	609035		plus	hypothetical protein		73803683	protein-coding		WP_004329509.1	161	ALIPUT_RS08660
NZ_DS499579.1	609366	609812		plus	hypothetical protein		73803684	protein-coding		WP_022459894.1	148	ALIPUT_RS08665
NZ_DS499579.1	609906	610130		plus	hypothetical protein		73803685	protein-coding		WP_004329511.1	74	ALIPUT_RS08670
NZ_DS499579.1	610234	611556		minus	MATE family efflux transporter		73803686	protein-coding		WP_004329512.1	440	ALIPUT_RS08675
NZ_DS499579.1	611986	613548		plus	BACON domain-containing protein		73803687	protein-coding		WP_004329513.1	520	ALIPUT_RS08680
NZ_DS499579.1	613569	613892		plus	hypothetical protein		73803688	protein-coding		WP_004329514.1	107	ALIPUT_RS08685
NZ_DS499579.1	613964	614527		plus	hypothetical protein		73803689	protein-coding		WP_004329515.1	187	ALIPUT_RS08690
NZ_DS499579.1	614622	614918		minus	ribosome hibernation-promoting factor, HPF/YfiA family	hpf	73803690	protein-coding		WP_004329516.1	98	ALIPUT_RS08695
NZ_DS499579.1	614969	615898		minus	tyrosine-type recombinase/integrase		73803691	protein-coding		WP_004329517.1	309	ALIPUT_RS08700
NZ_DS499579.1	616105	616189		minus	tRNA-Leu		73803692	tRNA				ALIPUT_RS08705
NZ_DS499579.1	616267	616875		minus	signal peptidase II		73803693	protein-coding		WP_004329521.1	202	ALIPUT_RS08710
NZ_DS499579.1	617124	619091		plus	S8 family serine peptidase		73803694	protein-coding		WP_040293732.1	655	ALIPUT_RS08715
NZ_DS499579.1	619814	621340		plus	16S ribosomal RNA		73803695	rRNA				ALIPUT_RS08720
NZ_DS499579.1	621434	621507		plus	tRNA-Ile		73803696	tRNA				ALIPUT_RS08725
NZ_DS499579.1	621519	621592		plus	tRNA-Ala		73803697	tRNA				ALIPUT_RS08730
NZ_DS499579.1	621686	624559		plus	23S ribosomal RNA		73803698	rRNA				ALIPUT_RS08735
NZ_DS499579.1	624668	624781		plus	5S ribosomal RNA	rrf	73803699	rRNA				ALIPUT_RS08740
NZ_DS499579.1	625147	626346		plus	PDZ domain-containing protein		73803700	protein-coding		WP_004328857.1	399	ALIPUT_RS08745
NZ_DS499579.1	626561	626692		plus	CatA-like O-acetyltransferase		73804382	protein-coding		WP_004329525.1	44	ALIPUT_RS12805
NZ_DS499580.1	1	1702		minus	hypothetical protein		73803701	protein-coding		WP_147554445.1	567	ALIPUT_RS08755
NZ_DS499580.1	1928	2722		minus	DUF3825 domain-containing protein		73803702	protein-coding		WP_004327672.1	264	ALIPUT_RS08760
NZ_DS499580.1	3091	3513		minus	hypothetical protein		73803703	protein-coding		WP_040293740.1	140	ALIPUT_RS08765
NZ_DS499580.1	3517	7533		minus	tape measure protein		73803704	protein-coding		WP_004329528.1	1338	ALIPUT_RS08770
NZ_DS499580.1	7530	7946		minus	hypothetical protein		73803705	protein-coding		WP_004329529.1	138	ALIPUT_RS08775
NZ_DS499580.1	8188	8703		minus	hypothetical protein		73803706	protein-coding		WP_004329530.1	171	ALIPUT_RS08780
NZ_DS499580.1	8783	9301		minus	hypothetical protein		73803707	protein-coding		WP_004329531.1	172	ALIPUT_RS08785
NZ_DS499580.1	9304	9708		minus	hypothetical protein		73803708	protein-coding		WP_004329532.1	134	ALIPUT_RS08790
NZ_DS499580.1	9705	10196		minus	HK97 gp10 family phage protein		73803709	protein-coding		WP_004329533.1	163	ALIPUT_RS08795
NZ_DS499580.1	10187	10564		minus	hypothetical protein		73803710	protein-coding		WP_004329534.1	125	ALIPUT_RS08800
NZ_DS499580.1	10558	10881		minus	DUF6706 family protein		73803711	protein-coding		WP_004329535.1	107	ALIPUT_RS08805
NZ_DS499580.1	10886	11992		minus	major capsid protein		73803712	protein-coding		WP_004329536.1	368	ALIPUT_RS08810
NZ_DS499580.1	12008	12571		minus	hypothetical protein		73803713	protein-coding		WP_004329537.1	187	ALIPUT_RS08815
NZ_DS499580.1	12587	13228		minus	hypothetical protein		73803714	protein-coding		WP_004329538.1	213	ALIPUT_RS08820
NZ_DS499580.1	13621	13693		minus	tRNA-Phe		73803715	tRNA				ALIPUT_RS08825
NZ_DS499580.1	13893	14558		plus	SagB/ThcOx family dehydrogenase		73803716	protein-coding		WP_040293743.1	221	ALIPUT_RS08830
NZ_DS499580.1	15058	16341		plus	L-cysteine desulfidase family protein		73803717	protein-coding		WP_004329545.1	427	ALIPUT_RS08835
NZ_DS499580.1	16518	17753		minus	3-deoxy-D-manno-octulosonic acid transferase		73803718	protein-coding		WP_004329546.1	411	ALIPUT_RS08840
NZ_DS499580.1	17821	18186		minus	YraN family protein		73803719	protein-coding		WP_004329547.1	121	ALIPUT_RS08845
NZ_DS499580.1	18183	18755		minus	glycosyl transferase family 90		73804320	protein-coding		WP_004329548.1	190	ALIPUT_RS12140
NZ_DS499580.1	18737	19201		minus	hypothetical protein		73804416	protein-coding		WP_004329549.1	154	ALIPUT_RS13040
NZ_DS499580.1	19254	19955		minus	dipeptidase PepE	pepE	73803720	protein-coding		WP_004329550.1	233	ALIPUT_RS08855
NZ_DS499580.1	20121	20357		plus	acyl carrier protein		73803721	protein-coding		WP_004329551.1	78	ALIPUT_RS08860
NZ_DS499580.1	20400	21647		plus	beta-ketoacyl-ACP synthase II	fabF	73803722	protein-coding		WP_004329552.1	415	ALIPUT_RS08865
NZ_DS499580.1	21663	22457		plus	ribonuclease III	rnc	73803723	protein-coding		WP_004329553.1	264	ALIPUT_RS08870
NZ_DS499580.1	22454	23098		plus	RadC family protein	radC	73803724	protein-coding		WP_004329554.1	214	ALIPUT_RS08875
NZ_DS499580.1	23636	24976		minus	BACON domain-containing protein		73803725	protein-coding		WP_004329555.1	446	ALIPUT_RS08880
NZ_DS499580.1	25155	26699		plus	glycine--tRNA ligase		73803726	protein-coding		WP_022459648.1	514	ALIPUT_RS08885
NZ_DS499580.1	26821	27234		plus	Holliday junction resolvase RuvX	ruvX	73803727	protein-coding		WP_004329558.1	137	ALIPUT_RS08890
NZ_DS499580.1	27273	27818		plus	peptide deformylase	def	73803728	protein-coding		WP_004329559.1	181	ALIPUT_RS08895
NZ_DS499580.1	27978	28466		plus	hypothetical protein		73803729	protein-coding		WP_004329560.1	162	ALIPUT_RS08900
NZ_DS499580.1	28900	29361		minus	hypothetical protein		73803730	protein-coding		WP_004329561.1	153	ALIPUT_RS08905
NZ_DS499580.1	29844	30269		plus	hypothetical protein		73803731	protein-coding		WP_147554446.1	141	ALIPUT_RS08910
NZ_DS499580.1	30344	33073		minus	pyruvate, phosphate dikinase	ppdK	73803732	protein-coding		WP_040293854.1	909	ALIPUT_RS08915
NZ_DS499580.1	33239	34054		minus	endonuclease/exonuclease/phosphatase family protein		73803733	protein-coding		WP_004329565.1	271	ALIPUT_RS08920
NZ_DS499580.1	34336	34869		minus	hypothetical protein		73803734	protein-coding		WP_040293747.1	177	ALIPUT_RS08925
NZ_DS499580.1	35147	35245		plus	uncharacterized gene		73804383	pseudogene				ALIPUT_RS12810
NZ_DS499580.1	35435	38068		plus	hypothetical protein		73803735	protein-coding		WP_147554447.1	877	ALIPUT_RS08930
NZ_DS499580.1	38233	39849		plus	DUF6029 family protein		73803736	protein-coding		WP_004329572.1	538	ALIPUT_RS08935
NZ_DS499580.1	39864	41036		plus	Omp28-related outer membrane protein		73803737	protein-coding		WP_004329573.1	390	ALIPUT_RS08940
NZ_DS499580.1	41530	41748		plus	hypothetical protein		73803738	protein-coding		WP_004329574.1	72	ALIPUT_RS08945
NZ_DS499580.1	41785	41904		plus	uncharacterized gene		89222783	pseudogene				ALIPUT_RS13285
NZ_DS499580.1	42154	43014		minus	hypothetical protein		73803739	protein-coding		WP_004329576.1	286	ALIPUT_RS08955
NZ_DS499580.1	43488	44279		plus	phage integrase SAM-like domain-containing protein		73803740	protein-coding		WP_004329578.1	263	ALIPUT_RS08965
NZ_DS499580.1	44358	44789		plus	site-specific integrase		73803741	protein-coding		WP_227088964.1	143	ALIPUT_RS08970
NZ_DS499580.1	44819	45028		minus	hypothetical protein		73803742	protein-coding		WP_004329580.1	69	ALIPUT_RS08975
NZ_DS499580.1	45038	45333		plus	uncharacterized gene	rhuM	73804350	pseudogene				ALIPUT_RS12470
NZ_DS499580.1	45506	46351		minus	site-specific integrase		73803743	protein-coding		WP_004329581.1	281	ALIPUT_RS08980
NZ_DS499580.1	46870	47853		plus	virulence RhuM family protein/type II toxin-antitoxin system death-on-curing family toxin		73803744	protein-coding		WP_040293857.1	327	ALIPUT_RS08990
NZ_DS499580.1	47889	48455		plus	uncharacterized gene		73803745	pseudogene				ALIPUT_RS08995
NZ_DS499580.1	48445	49052		minus	uncharacterized gene		73803746	pseudogene				ALIPUT_RS09000
NZ_DS499580.1	49314	50279		plus	uncharacterized gene		73804384	pseudogene				ALIPUT_RS12815
NZ_DS499580.1	50534	51541		plus	IS110 family RNA-guided transposase		73803747	protein-coding		WP_022459586.1	335	ALIPUT_RS09010
NZ_DS499580.1	52405	52638		minus	hypothetical protein		73804417	protein-coding		WP_004329589.1	77	ALIPUT_RS13045
NZ_DS499580.1	52635	53564		minus	amidoligase family protein		73803748	protein-coding		WP_004329590.1	309	ALIPUT_RS09020
NZ_DS499580.1	53711	54499		minus	ParA family protein		73803749	protein-coding		WP_004329591.1	262	ALIPUT_RS09025
NZ_DS499580.1	54527	54913		minus	DUF3408 domain-containing protein		73803750	protein-coding		WP_004329592.1	128	ALIPUT_RS09030
NZ_DS499580.1	54943	55359		minus	DUF3408 domain-containing protein		73803751	protein-coding		WP_004329593.1	138	ALIPUT_RS09035
NZ_DS499580.1	56976	57542		minus	DUF2284 domain-containing protein		73803752	protein-coding		WP_004289236.1	188	ALIPUT_RS09040
NZ_DS499580.1	57539	58297		minus	ABC transporter ATP-binding protein		73803753	protein-coding		WP_004289235.1	252	ALIPUT_RS09045
NZ_DS499580.1	58294	59274		minus	uncharacterized gene		73803754	pseudogene				ALIPUT_RS09050
NZ_DS499580.1	59275	60415		minus	uncharacterized gene		73803755	pseudogene				ALIPUT_RS09055
NZ_DS499580.1	60427	62505		minus	TonB-dependent receptor plug domain-containing protein		73803756	protein-coding		WP_004311295.1	692	ALIPUT_RS09060
NZ_DS499580.1	62524	63624		minus	YncE family protein		73803757	protein-coding		WP_117508587.1	366	ALIPUT_RS09065
NZ_DS499580.1	63653	65743		minus	receptor L domain-containing protein		73803758	protein-coding		WP_004329602.1	696	ALIPUT_RS09070
NZ_DS499580.1	65758	67539		minus	PKD-like domain-containing protein		73803759	protein-coding		WP_040293764.1	593	ALIPUT_RS09075
NZ_DS499580.1	67604	68521		minus	DUF4465 domain-containing protein		73803760	protein-coding		WP_040293765.1	305	ALIPUT_RS09080
NZ_DS499580.1	69255	69584		minus	site-specific integrase		89222784	protein-coding		WP_004289226.1	109	ALIPUT_RS13290
NZ_DS499580.1	69631	70524		minus	phage integrase SAM-like domain-containing protein		73803761	protein-coding		WP_004289225.1	297	ALIPUT_RS09090
NZ_DS499580.1	70973	71884		plus	uncharacterized gene		73804351	pseudogene				ALIPUT_RS12515
NZ_DS499580.1	72058	74499		minus	AAA domain-containing protein		73803762	protein-coding		WP_004329608.1	813	ALIPUT_RS09105
NZ_DS499580.1	74595	75002		minus	plasmid mobilization protein		73803763	protein-coding		WP_004329609.1	135	ALIPUT_RS09110
NZ_DS499580.1	75646	75834		minus	uncharacterized gene		73804352	pseudogene				ALIPUT_RS12520
NZ_DS499580.1	76124	77353		plus	site-specific integrase		73803764	protein-coding		WP_004329612.1	409	ALIPUT_RS09120
NZ_DS499580.1	77368	78579		plus	site-specific integrase		73803765	protein-coding		WP_005652132.1	403	ALIPUT_RS09125
NZ_DS499580.1	78712	80280		minus	DUF3825 domain-containing protein		73803766	protein-coding		WP_004329614.1	522	ALIPUT_RS09130
NZ_DS499580.1	80786	81094		minus	helix-turn-helix domain-containing protein		73803767	protein-coding		WP_004329615.1	102	ALIPUT_RS09135
NZ_DS499580.1	81136	81456		minus	helix-turn-helix domain-containing protein		73803768	protein-coding		WP_004329616.1	106	ALIPUT_RS09140
NZ_DS499580.1	81911	82375		plus	DUF3408 domain-containing protein		73803769	protein-coding		WP_004329617.1	154	ALIPUT_RS09145
NZ_DS499580.1	82605	82979		plus	plasmid mobilization protein		73803770	protein-coding		WP_050751518.1	124	ALIPUT_RS09150
NZ_DS499580.1	82976	83902		plus	relaxase/mobilization nuclease domain-containing protein		73803771	protein-coding		WP_004329619.1	308	ALIPUT_RS09155
NZ_DS499580.1	83953	84708		plus	hypothetical protein		73803772	protein-coding		WP_004329620.1	251	ALIPUT_RS09160
NZ_DS499580.1	85114	85470		plus	helix-turn-helix domain-containing protein		73803773	protein-coding		WP_004329622.1	118	ALIPUT_RS09165
NZ_DS499580.1	85528	86685		plus	Mu transposase domain-containing protein		73803774	protein-coding		WP_004329623.1	385	ALIPUT_RS09170
NZ_DS499580.1	86719	87441		plus	IS21-like element helper ATPase IstB	istB	73803775	protein-coding		WP_004329624.1	240	ALIPUT_RS09175
NZ_DS499580.1	87732	88760		minus	helix-turn-helix transcriptional regulator		73803776	protein-coding		WP_004329626.1	342	ALIPUT_RS09180
NZ_DS499580.1	88763	94900		minus	DEAD/DEAH box helicase		73803777	protein-coding		WP_231290543.1	2045	ALIPUT_RS09185
NZ_DS499580.1	94903	98016		minus	hypothetical protein		73803778	protein-coding		WP_231290544.1	1037	ALIPUT_RS09190
NZ_DS499580.1	98591	99700		minus	site-specific integrase		73803779	protein-coding		WP_004329629.1	369	ALIPUT_RS09195
NZ_DS499580.1	99987	100068		minus	tRNA-Leu		73803780	tRNA				ALIPUT_RS09200
NZ_DS499580.1	100376	101932		plus	NAD(P)/FAD-dependent oxidoreductase		73803781	protein-coding		WP_022460414.1	518	ALIPUT_RS09205
NZ_DS499580.1	101936	102751		plus	DUF5672 family protein		73803782	protein-coding		WP_004329632.1	271	ALIPUT_RS09210
NZ_DS499580.1	102705	103550		minus	DUF4422 domain-containing protein		73803783	protein-coding		WP_004329633.1	281	ALIPUT_RS09215
NZ_DS499580.1	103555	104649		minus	UDP-galactopyranose mutase	glf	73803784	protein-coding		WP_004329634.1	364	ALIPUT_RS09220
NZ_DS499580.1	104662	105642		minus	glycosyltransferase family 2 protein		73804321	protein-coding		WP_004329635.1	326	ALIPUT_RS12150
NZ_DS499580.1	106069	106722		minus	glycosyltransferase family 2 protein		73803785	protein-coding		WP_004329637.1	217	ALIPUT_RS09230
NZ_DS499580.1	107218	107292		minus	tRNA-Glu		73803786	tRNA				ALIPUT_RS09235
NZ_DS499580.1	107502	108242		plus	RsiV family protein		73803787	protein-coding		WP_004329639.1	246	ALIPUT_RS09240
NZ_DS499580.1	108354	108488		minus	hypothetical protein		75428745	protein-coding		WP_004329640.1	44	ALIPUT_RS13230
NZ_DS499580.1	108566	109150		minus	RNA polymerase sigma factor		73803788	protein-coding		WP_004329641.1	194	ALIPUT_RS09245
NZ_DS499580.1	109369	110310		minus	cation diffusion facilitator family transporter		73803789	protein-coding		WP_004329642.1	313	ALIPUT_RS09250
NZ_DS499580.1	110307	110834		minus	pyridoxamine 5'-phosphate oxidase family protein		73803790	protein-coding		WP_004329643.1	175	ALIPUT_RS09255
NZ_DS499580.1	110917	112401		minus	proline--tRNA ligase	proS	73803791	protein-coding		WP_004329644.1	494	ALIPUT_RS09260
NZ_DS499580.1	112699	114339		minus	OmpP1/FadL family transporter		73803792	protein-coding		WP_004329645.1	546	ALIPUT_RS09265
NZ_DS499580.1	114500	115597		minus	hypothetical protein		73803793	protein-coding		WP_004329647.1	365	ALIPUT_RS09270
NZ_DS499580.1	115818	115904		plus	tRNA-Ser		73803794	tRNA				ALIPUT_RS09275
NZ_DS499580.1	116178	117407		plus	site-specific integrase		73803795	protein-coding		WP_004329648.1	409	ALIPUT_RS09280
NZ_DS499580.1	117462	117956		plus	site-specific integrase		73803796	protein-coding		WP_004329649.1	164	ALIPUT_RS09285
NZ_DS499580.1	118599	119132		plus	antirestriction protein ArdA		73803797	protein-coding		WP_004329650.1	177	ALIPUT_RS09290
NZ_DS499580.1	119210	119431		plus	DUF3873 domain-containing protein		73803798	protein-coding		WP_004329651.1	73	ALIPUT_RS09295
NZ_DS499580.1	119443	119925		plus	DUF7258 domain-containing protein		73803799	protein-coding		WP_004329652.1	160	ALIPUT_RS09300
NZ_DS499580.1	120129	120449		minus	hypothetical protein		73803800	protein-coding		WP_004308767.1	106	ALIPUT_RS09305
NZ_DS499580.1	120462	120920		minus	DUF3872 domain-containing protein		73803801	protein-coding		WP_004329653.1	152	ALIPUT_RS09310
NZ_DS499580.1	120934	121515		minus	conjugal transfer protein TraO		73803802	protein-coding		WP_004329654.1	193	ALIPUT_RS09315
NZ_DS499580.1	121518	122453		minus	conjugative transposon protein TraN	traN	73803803	protein-coding		WP_004329655.1	311	ALIPUT_RS09320
NZ_DS499580.1	122494	123807		minus	conjugative transposon protein TraM	traM	73803804	protein-coding		WP_004329656.1	437	ALIPUT_RS09325
NZ_DS499580.1	123785	124081		minus	TraL conjugative transposon family protein		73803805	protein-coding		WP_004329657.1	98	ALIPUT_RS09330
NZ_DS499580.1	124086	124709		minus	conjugative transposon protein TraK	traK	73803806	protein-coding		WP_004309966.1	207	ALIPUT_RS09335
NZ_DS499580.1	124730	125725		minus	conjugative transposon protein TraJ	traJ	73803807	protein-coding		WP_147554451.1	331	ALIPUT_RS09340
NZ_DS499580.1	125745	126371		minus	DUF4141 domain-containing protein		73803808	protein-coding		WP_004325453.1	208	ALIPUT_RS09345
NZ_DS499580.1	126384	128897		minus	TraG family conjugative transposon ATPase		73803809	protein-coding		WP_004329659.1	837	ALIPUT_RS09350
NZ_DS499580.1	128894	129229		minus	DUF4133 domain-containing protein		73803810	protein-coding		WP_004329660.1	111	ALIPUT_RS09355
NZ_DS499580.1	129240	129536		minus	DUF4134 domain-containing protein		73803811	protein-coding		WP_004309970.1	98	ALIPUT_RS09360
NZ_DS499580.1	129701	130363		minus	hypothetical protein		73803812	protein-coding		WP_004329661.1	220	ALIPUT_RS09365
NZ_DS499580.1	130366	130767		minus	DUF3408 domain-containing protein		73803813	protein-coding		WP_004329662.1	133	ALIPUT_RS09370
NZ_DS499580.1	130769	131551		minus	ParA family protein		73803814	protein-coding		WP_004329663.1	260	ALIPUT_RS09375
NZ_DS499580.1	132117	132539		plus	conjugal transfer protein MobA	mobA	73803815	protein-coding		WP_004329664.1	140	ALIPUT_RS09380
NZ_DS499580.1	132524	133771		plus	conjugal transfer protein MobB	mobB	73803816	protein-coding		WP_004329665.1	415	ALIPUT_RS09385
NZ_DS499580.1	133790	135799		plus	conjugal transfer protein MobC	mobC	73803817	protein-coding		WP_004329666.1	669	ALIPUT_RS09390
NZ_DS499580.1	135845	136861		minus	nucleotidyl transferase AbiEii/AbiGii toxin family protein		73803818	protein-coding		WP_004329667.1	338	ALIPUT_RS09395
NZ_DS499580.1	136871	137572		minus	DUF6088 family protein		73803819	protein-coding		WP_004313269.1	233	ALIPUT_RS09400
NZ_DS499580.1	138539	138949		minus	hypothetical protein		73803820	protein-coding		WP_004313267.1	136	ALIPUT_RS09415
NZ_DS499580.1	139103	139729		minus	Crp/Fnr family transcriptional regulator		73803821	protein-coding		WP_004313266.1	208	ALIPUT_RS09420
NZ_DS499580.1	139763	139963		minus	hypothetical protein		73803822	protein-coding		WP_004329670.1	66	ALIPUT_RS09425
NZ_DS499580.1	140602	141906		plus	DUF3945 domain-containing protein		73803823	protein-coding		WP_004329671.1	434	ALIPUT_RS09430
NZ_DS499580.1	141933	144020		plus	type IA DNA topoisomerase		73803824	protein-coding		WP_004329672.1	695	ALIPUT_RS09435
NZ_DS499580.1	144117	144635		minus	dihydrofolate reductase family protein		73803825	protein-coding		WP_040293864.1	172	ALIPUT_RS09440
NZ_DS499580.1	145053	147098		minus	bifunctional DNA primase/helicase		73803826	protein-coding		WP_004329674.1	681	ALIPUT_RS09445
NZ_DS499580.1	147061	147420		minus	helix-turn-helix domain-containing protein		73803827	protein-coding		WP_004329675.1	119	ALIPUT_RS09450
NZ_DS499580.1	147525	148427		minus	RteC domain-containing protein		73803828	protein-coding		WP_004329676.1	300	ALIPUT_RS09455
NZ_DS499580.1	148459	149301		minus	helix-turn-helix domain-containing protein		73803829	protein-coding		WP_004329677.1	280	ALIPUT_RS09460
NZ_DS499580.1	149330	149788		minus	hypothetical protein		73803830	protein-coding		WP_004309989.1	152	ALIPUT_RS09465
NZ_DS499580.1	149870	150838		minus	hypothetical protein		73803831	protein-coding		WP_004329678.1	322	ALIPUT_RS09470
NZ_DS499580.1	150921	152015		minus	Imm5 family immunity protein		73803832	protein-coding		WP_004329679.1	364	ALIPUT_RS09475
NZ_DS499580.1	152091	152522		minus	NTF2 fold immunity protein		73803833	protein-coding		WP_004329680.1	143	ALIPUT_RS09480
NZ_DS499580.1	152573	152995		minus	hypothetical protein		73803834	protein-coding		WP_004329681.1	140	ALIPUT_RS09485
NZ_DS499580.1	153070	153468		minus	hypothetical protein		73803835	protein-coding		WP_004329682.1	132	ALIPUT_RS09490
NZ_DS499580.1	153542	154180		minus	ankyrin repeat domain-containing protein		73803836	protein-coding		WP_004329683.1	212	ALIPUT_RS09495
NZ_DS499580.1	154243	154605		minus	hypothetical protein		73803837	protein-coding		WP_004328536.1	120	ALIPUT_RS09500
NZ_DS499580.1	154685	155449		minus	hypothetical protein		73803838	protein-coding		WP_004329684.1	254	ALIPUT_RS09505
NZ_DS499580.1	155514	156620		minus	tyrosine-type recombinase/integrase		73803839	protein-coding		WP_004329685.1	368	ALIPUT_RS09510
NZ_DS499580.1	156718	157332		minus	TetR/AcrR family transcriptional regulator		73803840	protein-coding		WP_004329686.1	204	ALIPUT_RS09515
NZ_DS499580.1	158104	158175		minus	tRNA-Thr		73803841	tRNA				ALIPUT_RS09525
NZ_DS499580.1	158563	158688		plus	hypothetical protein		75428746	protein-coding		WP_004329688.1	41	ALIPUT_RS13235
NZ_DS499580.1	158851	160950		plus	fimbrillin family protein		73803842	protein-coding		WP_004329690.1	699	ALIPUT_RS09530
NZ_DS499580.1	161256	162203		plus	L-threonine 3-dehydrogenase		73803843	protein-coding		WP_004329691.1	315	ALIPUT_RS09535
NZ_DS499580.1	162203	162631		plus	cupin domain-containing protein		73803844	protein-coding		WP_004329692.1	142	ALIPUT_RS09540
NZ_DS499580.1	162737	163381		minus	porin family protein		73804322	protein-coding		WP_004329693.1	214	ALIPUT_RS12155
NZ_DS499580.1	163736	165037		plus	phosphopyruvate hydratase	eno	73803845	protein-coding		WP_022460427.1	433	ALIPUT_RS09550
NZ_DS499580.1	165161	165760		minus	hypothetical protein		73803846	protein-coding		WP_004329696.1	199	ALIPUT_RS09555
NZ_DS499580.1	165998	166621		minus	DUF3575 domain-containing protein		73803847	protein-coding		WP_004329697.1	207	ALIPUT_RS09560
NZ_DS499580.1	166745	167191		minus	GNAT family N-acetyltransferase		73803848	protein-coding		WP_040293783.1	148	ALIPUT_RS09565
NZ_DS499580.1	167313	167870		minus	ribosome recycling factor	frr	73803849	protein-coding		WP_004329699.1	185	ALIPUT_RS09570
NZ_DS499580.1	167884	168513		minus	TlpA family protein disulfide reductase		73803850	protein-coding		WP_004329700.1	209	ALIPUT_RS09575
NZ_DS499580.1	168531	169238		minus	UMP kinase	pyrH	73803851	protein-coding		WP_004329701.1	235	ALIPUT_RS09580
NZ_DS499580.1	169319	171208		plus	1-deoxy-D-xylulose-5-phosphate synthase	dxs	73803852	protein-coding		WP_004329702.1	629	ALIPUT_RS09585
NZ_DS499580.1	171246	171782		plus	lipocalin family protein		73803853	protein-coding		WP_187117647.1	178	ALIPUT_RS09590
NZ_DS499580.1	171882	172478		minus	recombination mediator RecR	recR	73803854	protein-coding		WP_004329704.1	198	ALIPUT_RS09595
NZ_DS499580.1	172519	173346		minus	tetratricopeptide repeat protein		73803855	protein-coding		WP_004329705.1	275	ALIPUT_RS09600
NZ_DS499580.1	173352	175202		minus	BatD family protein		73803856	protein-coding		WP_004329706.1	616	ALIPUT_RS09605
NZ_DS499580.1	175251	176861		minus	fumarate hydratase		73803857	protein-coding		WP_004329707.1	536	ALIPUT_RS09610
NZ_DS499580.1	177059	178051		plus	class II fructose-bisphosphate aldolase		73803858	protein-coding		WP_040293786.1	330	ALIPUT_RS09615
NZ_DS499580.1	178174	178461		plus	GNAT family N-acetyltransferase		73803859	protein-coding		WP_022460437.1	95	ALIPUT_RS09620
NZ_DS499580.1	178735	178822		plus	tRNA-Ser		73803860	tRNA				ALIPUT_RS09625
NZ_DS499580.1	179332	179667		minus	cupin domain-containing protein		73803861	protein-coding		WP_004329710.1	111	ALIPUT_RS09630
NZ_DS499580.1	179996	181012		plus	IS110 family RNA-guided transposase		73803862	protein-coding		WP_004329711.1	338	ALIPUT_RS09635
NZ_DS499580.1	181017	181373		plus	DUF488 domain-containing protein		73803863	protein-coding		WP_004329712.1	118	ALIPUT_RS09640
NZ_DS499580.1	181449	182585		minus	cytochrome d ubiquinol oxidase subunit II		73803864	protein-coding		WP_004329713.1	378	ALIPUT_RS09645
NZ_DS499580.1	182591	184156		minus	cytochrome ubiquinol oxidase subunit I		73803865	protein-coding		WP_004329714.1	521	ALIPUT_RS09650
NZ_DS499580.1	184223	184453		minus	DUF4492 domain-containing protein		73803866	protein-coding		WP_004329715.1	76	ALIPUT_RS09655
NZ_DS499580.1	184659	186326		minus	formate--tetrahydrofolate ligase		73803867	protein-coding		WP_004329716.1	555	ALIPUT_RS09660
NZ_DS499580.1	186672	187322		plus	HAD family hydrolase		73803868	protein-coding		WP_022460302.1	216	ALIPUT_RS09665
NZ_DS499580.1	187328	188455		minus	sigma-54-dependent transcriptional regulator		73803869	protein-coding		WP_004329718.1	375	ALIPUT_RS09670
NZ_DS499580.1	188649	189344		plus	DUF4290 domain-containing protein		73803870	protein-coding		WP_040293788.1	231	ALIPUT_RS09675
NZ_DS499580.1	189379	190521		plus	peroxiredoxin family protein		73803871	protein-coding		WP_050751522.1	380	ALIPUT_RS09680
NZ_DS499580.1	190525	191256		plus	UDP-2,3-diacylglucosamine diphosphatase		73803872	protein-coding		WP_004329724.1	243	ALIPUT_RS09685
NZ_DS499580.1	191264	192163		plus	thymidylate synthase	thyA	73803873	protein-coding		WP_004329725.1	299	ALIPUT_RS09690
NZ_DS499580.1	192166	192663		plus	copper resistance protein NlpE N-terminal domain-containing protein		73804323	protein-coding		WP_004329726.1	165	ALIPUT_RS12160
NZ_DS499580.1	192666	193148		plus	dihydrofolate reductase		73803874	protein-coding		WP_004329727.1	160	ALIPUT_RS09700
NZ_DS499580.1	193216	193911		plus	4Fe-4S dicluster domain-containing protein		73803875	protein-coding		WP_004329728.1	231	ALIPUT_RS09705
NZ_DS499580.1	193915	195003		plus	heterodisulfide reductase-related iron-sulfur binding cluster		73803876	protein-coding		WP_004329729.1	362	ALIPUT_RS09710
NZ_DS499580.1	195000	196010		plus	FAD-dependent oxidoreductase		73803877	protein-coding		WP_004329730.1	336	ALIPUT_RS09715
NZ_DS499580.1	196013	196348		plus	4Fe-4S dicluster domain-containing protein		73803878	protein-coding		WP_004329731.1	111	ALIPUT_RS09720
NZ_DS499580.1	196351	198171		plus	(Fe-S)-binding protein		73803879	protein-coding		WP_004329732.1	606	ALIPUT_RS09725
NZ_DS499580.1	198389	198865		plus	hypothetical protein		73803880	protein-coding		WP_040293791.1	158	ALIPUT_RS09730
NZ_DS499580.1	198998	199070		plus	tRNA-Met		73803881	tRNA				ALIPUT_RS09735
NZ_DS499580.1	199182	199577		plus	hypothetical protein		73803882	protein-coding		WP_004329734.1	131	ALIPUT_RS09740
NZ_DS499580.1	199802	200338		plus	PspC domain-containing protein		73803883	protein-coding		WP_004329736.1	178	ALIPUT_RS09745
NZ_DS499580.1	200532	200756		plus	PspC domain-containing protein		73803884	protein-coding		WP_004329737.1	74	ALIPUT_RS09750
NZ_DS499580.1	200874	201215		plus	PadR family transcriptional regulator		73803885	protein-coding		WP_004329738.1	113	ALIPUT_RS09755
NZ_DS499580.1	201245	202051		plus	head GIN domain-containing protein		73803886	protein-coding		WP_004329739.1	268	ALIPUT_RS09760
NZ_DS499580.1	202062	203309		plus	PspC domain-containing protein		73803887	protein-coding		WP_004329740.1	415	ALIPUT_RS09765
NZ_DS499580.1	203740	204720		plus	6-phosphofructokinase	pfkA	73803888	protein-coding		WP_004329743.1	326	ALIPUT_RS09775
NZ_DS499580.1	204747	205748		plus	adenosine kinase		73803889	protein-coding		WP_004329744.1	333	ALIPUT_RS09780
NZ_DS499580.1	205790	206695		minus	glycosyltransferase family 2 protein		73803890	protein-coding		WP_004329745.1	301	ALIPUT_RS09785
NZ_DS499580.1	206919	207785		minus	Cbp1 family collagen-binding glycoprotein adhesin		73803891	protein-coding		WP_004329746.1	288	ALIPUT_RS09790
NZ_DS499580.1	208062	208589		minus	DJ-1/PfpI family protein		73803892	protein-coding		WP_004329747.1	175	ALIPUT_RS09795
NZ_DS499580.1	208747	209106		plus	winged helix-turn-helix transcriptional regulator		73803893	protein-coding		WP_004329748.1	119	ALIPUT_RS09800
NZ_DS499580.1	209191	209667		minus	PLP-dependent aminotransferase family protein		73803894	protein-coding		WP_004329749.1	158	ALIPUT_RS09805
NZ_DS499580.1	209684	210846		minus	uncharacterized gene		73803895	pseudogene				ALIPUT_RS09810
NZ_DS499580.1	211098	211250		plus	CHC2 zinc finger domain-containing protein		73804440	protein-coding		WP_004329752.1	50	ALIPUT_RS13160
NZ_DS499580.1	211370	211672		plus	hypothetical protein		73804441	protein-coding		WP_004329754.1	100	ALIPUT_RS13165
NZ_DS499580.1	211666	211908		plus	toprim domain-containing protein		73804442	protein-coding		WP_231290545.1	80	ALIPUT_RS13170
NZ_DS499580.1	212219	213106		plus	uncharacterized gene		79397133	pseudogene				ALIPUT_RS13265
NZ_DS499580.1	213898	214866		plus	leucine-rich repeat protein		73803896	protein-coding		WP_004329758.1	322	ALIPUT_RS09825
NZ_DS499580.1	214994	215746		minus	MBL fold metallo-hydrolase		73803897	protein-coding		WP_004329759.1	250	ALIPUT_RS09830
NZ_DS499580.1	215768	216970		minus	L-serine ammonia-lyase, iron-sulfur-dependent, subunit alpha		73803898	protein-coding		WP_004329760.1	400	ALIPUT_RS09835
NZ_DS499580.1	217556	217957		plus	hypothetical protein		73803899	protein-coding		WP_004329761.1	133	ALIPUT_RS09840
NZ_DS499580.1	218329	218673		minus	50S ribosomal protein L20	rplT	73803900	protein-coding		WP_004329762.1	114	ALIPUT_RS09845
NZ_DS499580.1	218776	218970		minus	50S ribosomal protein L35	rpmI	73803901	protein-coding		WP_004329763.1	64	ALIPUT_RS09850
NZ_DS499580.1	219554	220219		plus	MgtC/SapB family protein		73803902	protein-coding		WP_187117648.1	221	ALIPUT_RS09860
NZ_DS499580.1	220301	220957		plus	DUF1919 domain-containing protein		73803903	protein-coding		WP_050751524.1	218	ALIPUT_RS09865
NZ_DS499580.1	221126	221473		minus	hypothetical protein		73803904	protein-coding		WP_147554452.1	115	ALIPUT_RS09870
NZ_DS499580.1	221721	222368		minus	YiiX/YebB-like N1pC/P60 family cysteine hydrolase		73803905	protein-coding		WP_004329768.1	215	ALIPUT_RS09875
NZ_DS499580.1	222828	223274		minus	hypothetical protein		73804444	protein-coding		WP_004329769.1	148	ALIPUT_RS13180
NZ_DS499580.1	223669	225195		plus	16S ribosomal RNA		73803906	rRNA				ALIPUT_RS09880
NZ_DS499580.1	225384	228257		plus	23S ribosomal RNA		73803907	rRNA				ALIPUT_RS09885
NZ_DS499580.1	228366	228479		plus	5S ribosomal RNA	rrf	73803908	rRNA				ALIPUT_RS09890
NZ_DS499580.1	229709	230680		minus	type I phosphomannose isomerase catalytic subunit		73803909	protein-coding		WP_004329772.1	323	ALIPUT_RS09895
NZ_DS499580.1	230915	232777		plus	heavy metal translocating P-type ATPase		73803910	protein-coding		WP_004329774.1	620	ALIPUT_RS09900
NZ_DS499580.1	232794	233216		plus	Fur family transcriptional regulator		73803911	protein-coding		WP_004329775.1	140	ALIPUT_RS09905
NZ_DS499580.1	233327	233908		minus	anthranilate synthase component II		73803912	protein-coding		WP_004329776.1	193	ALIPUT_RS09910
NZ_DS499580.1	233959	234933		plus	aminodeoxychorismate synthase component I		73803913	protein-coding		WP_004329777.1	324	ALIPUT_RS09915
NZ_DS499580.1	234939	235547		plus	aminotransferase class IV		73803914	protein-coding		WP_004329778.1	202	ALIPUT_RS09920
NZ_DS499580.1	235634	236518		minus	HEPN domain-containing protein		73803915	protein-coding		WP_004329779.1	294	ALIPUT_RS09925
NZ_DS499580.1	237035	237667		plus	helix-turn-helix domain-containing protein		73804324	protein-coding		WP_004329781.1	210	ALIPUT_RS12165
NZ_DS499580.1	238243	239094		plus	PepSY-like domain-containing protein		73803916	protein-coding		WP_004329784.1	283	ALIPUT_RS09940
NZ_DS499580.1	239187	239700		plus	uncharacterized gene		73804445	pseudogene				ALIPUT_RS13185
NZ_DS499580.1	239748	240224		plus	hypothetical protein		73804353	protein-coding		WP_081443387.1	158	ALIPUT_RS12555
NZ_DS499580.1	240568	240969		plus	hypothetical protein		73804385	protein-coding		WP_004329787.1	133	ALIPUT_RS12865
NZ_DS499580.1	241053	241430		plus	hypothetical protein		73803917	protein-coding		WP_147554454.1	125	ALIPUT_RS09955
NZ_DS499580.1	241643	242449		plus	uncharacterized gene		73803918	pseudogene				ALIPUT_RS09960
NZ_DS499580.1	242481	242960		plus	hypothetical protein		73803919	protein-coding		WP_147554455.1	159	ALIPUT_RS09965
NZ_DS499580.1	242993	243166		plus	hypothetical protein		73804386	protein-coding		WP_155813749.1	57	ALIPUT_RS12870
NZ_DS499580.1	243545	243715		minus	hypothetical protein		73804387	protein-coding		WP_004329794.1	56	ALIPUT_RS12875
NZ_DS499580.1	243871	244074		plus	helix-turn-helix transcriptional regulator		73803920	protein-coding		WP_004329795.1	67	ALIPUT_RS09975
NZ_DS499580.1	244082	244846		plus	DUF2971 domain-containing protein		73803921	protein-coding		WP_004329796.1	254	ALIPUT_RS09980
NZ_DS499580.1	244851	246440		plus	class I SAM-dependent DNA methyltransferase		73803922	protein-coding		WP_004329797.1	529	ALIPUT_RS09985
NZ_DS499580.1	246427	247473		plus	PDDEXK nuclease domain-containing protein		73803923	protein-coding		WP_004329798.1	348	ALIPUT_RS09990
NZ_DS499580.1	247477	248595		plus	restriction endonuclease subunit S		73803924	protein-coding		WP_004329799.1	372	ALIPUT_RS09995
NZ_DS499580.1	248608	251835		plus	type I restriction endonuclease subunit R		73803925	protein-coding		WP_004329800.1	1075	ALIPUT_RS10000
NZ_DS499580.1	251856	254159		plus	PHP domain-containing protein		73803926	protein-coding		WP_004329801.1	767	ALIPUT_RS10005
NZ_DS499580.1	254162	254407		plus	hypothetical protein		73803927	protein-coding		WP_004329802.1	81	ALIPUT_RS10010
NZ_DS499580.1	254528	256069		minus	MobV family relaxase	mobV	73803928	protein-coding		WP_004329803.1	513	ALIPUT_RS10015
NZ_DS499580.1	256221	257270		minus	DUF6371 domain-containing protein		73803929	protein-coding		WP_004329804.1	349	ALIPUT_RS10020
NZ_DS499580.1	257427	258815		minus	DUF3987 domain-containing protein		73803930	protein-coding		WP_004329806.1	462	ALIPUT_RS10025
NZ_DS499580.1	258808	259245		minus	helix-turn-helix domain-containing protein		73803931	protein-coding		WP_004329807.1	145	ALIPUT_RS10030
NZ_DS499580.1	259373	260524		minus	DUF6043 family protein		73803932	protein-coding		WP_004329808.1	383	ALIPUT_RS10035
NZ_DS499580.1	260578	261909		minus	site-specific integrase		73803933	protein-coding		WP_004329809.1	443	ALIPUT_RS10040
NZ_DS499580.1	261923	263221		minus	site-specific integrase		73803934	protein-coding		WP_004329810.1	432	ALIPUT_RS10045
NZ_DS499580.1	263528	266707		plus	PL29 family lyase N-terminal domain-containing protein		73803935	protein-coding		WP_004329811.1	1059	ALIPUT_RS10050
NZ_DS499580.1	266817	267494		plus	RipA family octameric membrane protein		73803936	protein-coding		WP_040293799.1	225	ALIPUT_RS10055
NZ_DS499580.1	267749	267832		minus	tRNA-Leu		73803937	tRNA				ALIPUT_RS10060
NZ_DS499580.1	267911	269728		minus	excinuclease ABC subunit UvrC	uvrC	73803938	protein-coding		WP_004329814.1	605	ALIPUT_RS10065
NZ_DS499580.1	269913	270842		plus	hypothetical protein		73803939	protein-coding		WP_004329815.1	309	ALIPUT_RS10070
NZ_DS499580.1	270857	272227		plus	DUF5723 family protein		73803940	protein-coding		WP_004329816.1	456	ALIPUT_RS10075
NZ_DS499580.1	272429	272965		minus	5-formyltetrahydrofolate cyclo-ligase		73803941	protein-coding		WP_004329818.1	178	ALIPUT_RS10080
NZ_DS499580.1	273085	273783		plus	succinate dehydrogenase cytochrome b subunit		73803942	protein-coding		WP_004329819.1	232	ALIPUT_RS10085
NZ_DS499580.1	273816	275762		plus	fumarate reductase/succinate dehydrogenase flavoprotein subunit		73803943	protein-coding		WP_004329820.1	648	ALIPUT_RS10090
NZ_DS499580.1	275801	276544		plus	succinate dehydrogenase/fumarate reductase iron-sulfur subunit		73803944	protein-coding		WP_004329821.1	247	ALIPUT_RS10095
NZ_DS499580.1	276817	277101		minus	winged helix-turn-helix domain-containing protein		73803945	protein-coding		WP_004329822.1	94	ALIPUT_RS10100
NZ_DS499580.1	277086	277739		minus	hypothetical protein		73803946	protein-coding		WP_004329823.1	217	ALIPUT_RS10105
NZ_DS499580.1	277925	278152		minus	2TM domain-containing protein		73803947	protein-coding		WP_004329824.1	75	ALIPUT_RS10110
NZ_DS499580.1	278654	279454		minus	zinc transporter ZupT	zupT	73803948	protein-coding		WP_004329825.1	266	ALIPUT_RS10115
NZ_DS499580.1	280332	281507		plus	DEAD/DEAH box helicase		73803949	protein-coding		WP_040293897.1	391	ALIPUT_RS10120
NZ_DS499580.1	281528	281968		plus	cold shock domain-containing protein		73803950	protein-coding		WP_004329830.1	146	ALIPUT_RS10125
NZ_DS499580.1	281998	282306		plus	RNA recognition motif domain-containing protein		73803951	protein-coding		WP_004329831.1	102	ALIPUT_RS10130
NZ_DS499580.1	282777	284054		plus	dihydroorotase		73803952	protein-coding		WP_004329834.1	425	ALIPUT_RS10135
NZ_DS499580.1	284217	285308		plus	glutamine-hydrolyzing carbamoyl-phosphate synthase small subunit	carA	73803953	protein-coding		WP_004329835.1	363	ALIPUT_RS10140
NZ_DS499580.1	285301	288483		plus	carbamoyl-phosphate synthase large subunit	carB	73803954	protein-coding		WP_004329836.1	1060	ALIPUT_RS10145
NZ_DS499580.1	288760	289503		plus	dihydroorotate dehydrogenase electron transfer subunit		73803955	protein-coding		WP_040293804.1	247	ALIPUT_RS10150
NZ_DS499580.1	289497	290429		plus	dihydroorotate dehydrogenase		73803956	protein-coding		WP_004329839.1	310	ALIPUT_RS10155
NZ_DS499580.1	290456	291163		plus	orotidine-5'-phosphate decarboxylase	pyrF	73803957	protein-coding		WP_004329840.1	235	ALIPUT_RS10160
NZ_DS499580.1	291420	291683		plus	glutaredoxin family protein		73803958	protein-coding		WP_004329843.1	87	ALIPUT_RS10165
NZ_DS499580.1	291741	292373		plus	orotate phosphoribosyltransferase	pyrE	73803959	protein-coding		WP_004329844.1	210	ALIPUT_RS10170
NZ_DS499580.1	292380	293465		plus	aspartate carbamoyltransferase	pyrB	73803960	protein-coding		WP_004329845.1	361	ALIPUT_RS10175
NZ_DS499580.1	293814	294281		plus	5-(carboxyamino)imidazole ribonucleotide mutase	purE	73803961	protein-coding		WP_004329847.1	155	ALIPUT_RS10180
NZ_DS499580.1	294295	295386		plus	5-(carboxyamino)imidazole ribonucleotide synthase	purK	73803962	protein-coding		WP_040293899.1	363	ALIPUT_RS10185
NZ_DS499580.1	295403	299113		plus	phosphoribosylformylglycinamidine synthase		73803963	protein-coding		WP_004329849.1	1236	ALIPUT_RS10190
NZ_DS499580.1	299136	299852		plus	phosphoribosylaminoimidazolesuccinocarboxamide synthase	purC	73803964	protein-coding		WP_004329850.1	238	ALIPUT_RS10195
NZ_DS499580.1	299859	301292		plus	amidophosphoribosyltransferase	purF	73803965	protein-coding		WP_004329851.1	477	ALIPUT_RS10200
NZ_DS499580.1	301404	302429		plus	phosphoribosylformylglycinamidine cyclo-ligase	purM	73803966	protein-coding		WP_040293807.1	341	ALIPUT_RS10205
NZ_DS499580.1	302434	303000		plus	phosphoribosylglycinamide formyltransferase	purN	73803967	protein-coding		WP_004329853.1	188	ALIPUT_RS10210
NZ_DS499580.1	303299	304828		plus	bifunctional phosphoribosylaminoimidazolecarboxamide formyltransferase/IMP cyclohydrolase	purH	73803968	protein-coding		WP_004329854.1	509	ALIPUT_RS10215
NZ_DS499580.1	304924	306186		plus	phosphoribosylamine--glycine ligase	purD	73803969	protein-coding		WP_004329855.1	420	ALIPUT_RS10220
NZ_DS499580.1	306250	307101		plus	bifunctional 5,10-methylenetetrahydrofolate dehydrogenase/5,10-methenyltetrahydrofolate cyclohydrolase		73803970	protein-coding		WP_004329856.1	283	ALIPUT_RS10225
NZ_DS499580.1	307365	308366		minus	electron transfer flavoprotein subunit alpha/FixB family protein		73803971	protein-coding		WP_004329857.1	333	ALIPUT_RS10230
NZ_DS499580.1	308502	309284		minus	electron transfer flavoprotein subunit beta/FixA family protein		73803972	protein-coding		WP_004329858.1	260	ALIPUT_RS10235
NZ_DS499580.1	309387	310526		minus	acyl-CoA dehydrogenase		73803973	protein-coding		WP_004329859.1	379	ALIPUT_RS10240
NZ_DS499580.1	310553	311296		minus	3-oxoacyl-[acyl-carrier-protein] reductase	fabG	73803974	protein-coding		WP_004329860.1	247	ALIPUT_RS10245
NZ_DS499580.1	311309	311713		minus	MaoC family dehydratase		73803975	protein-coding		WP_004329861.1	134	ALIPUT_RS10250
NZ_DS499580.1	311721	312380		minus	3-oxoacid CoA-transferase subunit B		73803976	protein-coding		WP_004329862.1	219	ALIPUT_RS10255
NZ_DS499580.1	312453	313244		minus	lysine 5,6-aminomutase subunit beta	kamE	73803977	protein-coding		WP_004329863.1	263	ALIPUT_RS10260
NZ_DS499580.1	313306	314877		minus	lysine 5,6-aminomutase subunit alpha	kamD	73803978	protein-coding		WP_147554456.1	523	ALIPUT_RS10265
NZ_DS499580.1	314911	316308		minus	lysine 5,6-aminomutase reactivase ATPase KamC	kamC	73803979	protein-coding		WP_004329865.1	465	ALIPUT_RS10270
NZ_DS499580.1	316462	317469		minus	lysine 5,6-aminomutase reactivase subunit KamB	kamB	73803980	protein-coding		WP_004329866.1	335	ALIPUT_RS10275
NZ_DS499580.1	317502	318764		minus	lysine 2,3-aminomutase	kamA	73803981	protein-coding		WP_229034914.1	420	ALIPUT_RS10280
NZ_DS499580.1	318986	320029		minus	L-erythro-3,5-diaminohexanoate dehydrogenase	kdd	73803982	protein-coding		WP_275203427.1	347	ALIPUT_RS10285
NZ_DS499580.1	320072	320893		minus	3-keto-5-aminohexanoate cleavage enzyme	kce	73803983	protein-coding		WP_004329869.1	273	ALIPUT_RS10290
NZ_DS499580.1	321082	321477		minus	3-aminobutyryl-CoA ammonia lyase	kal	73803984	protein-coding		WP_004329871.1	131	ALIPUT_RS10295
NZ_DS499580.1	321532	322185		minus	CoA transferase subunit A		73803985	protein-coding		WP_004329872.1	217	ALIPUT_RS10300
NZ_DS499580.1	322429	323805		minus	GNAT family N-acetyltransferase		73803986	protein-coding		WP_004329873.1	458	ALIPUT_RS10305
NZ_DS499580.1	323802	325730		minus	LTA synthase family protein		73803987	protein-coding		WP_040293811.1	642	ALIPUT_RS10310
NZ_DS499580.1	325732	326583		minus	carboxylating nicotinate-nucleotide diphosphorylase	nadC	73803988	protein-coding		WP_004329875.1	283	ALIPUT_RS10315
NZ_DS499580.1	327019	327807		minus	tRNA (guanosine(46)-N7)-methyltransferase TrmB	trmB	73803989	protein-coding		WP_004329877.1	262	ALIPUT_RS10320
NZ_DS499580.1	327814	328242		minus	hypothetical protein		73803990	protein-coding		WP_004329878.1	142	ALIPUT_RS10325
NZ_DS499580.1	328252	329982		minus	regulatory iron-sulfur-containing complex subunit RicT		73803991	protein-coding		WP_004329879.1	576	ALIPUT_RS10330
NZ_DS499580.1	330106	331467		minus	MATE family efflux transporter		73803992	protein-coding		WP_004329880.1	453	ALIPUT_RS10335
NZ_DS499580.1	331822	334281		minus	ATP-dependent Clp protease ATP-binding subunit		73803993	protein-coding		WP_004329882.1	819	ALIPUT_RS10340
NZ_DS499580.1	334455	334955		minus	metallophosphoesterase family protein		73803994	protein-coding		WP_004329884.1	166	ALIPUT_RS10345
NZ_DS499580.1	335132	335770		minus	hypothetical protein		73803995	protein-coding		WP_004329885.1	212	ALIPUT_RS10350
NZ_DS499580.1	335896	337167		minus	replication-associated recombination protein A		73803996	protein-coding		WP_004329886.1	423	ALIPUT_RS10355
NZ_DS499580.1	337658	337972		plus	hypothetical protein		73803997	protein-coding		WP_004329888.1	104	ALIPUT_RS10360
NZ_DS499580.1	338192	338413		minus	hypothetical protein		73804388	protein-coding		WP_022459563.1	73	ALIPUT_RS12880
NZ_DS499580.1	338432	340189		minus	aspartate--tRNA ligase	aspS	73803998	protein-coding		WP_004329891.1	585	ALIPUT_RS10365
NZ_DS499580.1	340328	340504		plus	hypothetical protein		73804446	protein-coding		WP_004329893.1	58	ALIPUT_RS13190
NZ_DS499580.1	340482	340928		plus	nucleoside deaminase		73803999	protein-coding		WP_004329894.1	148	ALIPUT_RS10370
NZ_DS499580.1	341097	342065		plus	tetratricopeptide repeat protein		73804000	protein-coding		WP_004329895.1	322	ALIPUT_RS10375
NZ_DS499580.1	342392	343321		minus	tRNA epoxyqueuosine(34) reductase QueG	queG	73804001	protein-coding		WP_004329896.1	309	ALIPUT_RS10385
NZ_DS499580.1	343409	345049		plus	AMP-binding protein		73804002	protein-coding		WP_004329897.1	546	ALIPUT_RS10390
NZ_DS499580.1	345510	348710		minus	glycosyltransferase family 117 protein		73804003	protein-coding		WP_040293907.1	1066	ALIPUT_RS10395
NZ_DS499580.1	349221	351068		minus	hypothetical protein		73804004	protein-coding		WP_004329902.1	615	ALIPUT_RS10400
NZ_DS499580.1	351587	352699		minus	BACON domain-containing protein		73804005	protein-coding		WP_004329904.1	370	ALIPUT_RS10405
NZ_DS499580.1	353050	354522		plus	cysteine--tRNA ligase	cysS	73804006	protein-coding		WP_004329906.1	490	ALIPUT_RS10410
NZ_DS499580.1	354683	356116		plus	MATE family efflux transporter		73804007	protein-coding		WP_004329907.1	477	ALIPUT_RS10415
NZ_DS499580.1	356130	356777		plus	cytidylate kinase-like family protein		73804008	protein-coding		WP_040293909.1	215	ALIPUT_RS10420
NZ_DS499580.1	357150	358263		plus	peptide chain release factor 2	prfB	73804009	protein-coding		WP_147554457.1	370	ALIPUT_RS10425
NZ_DS499580.1	358336	359172		minus	hypothetical protein		73804010	protein-coding		WP_004329911.1	278	ALIPUT_RS10430
NZ_DS499580.1	359226	359648		plus	exo-beta-N-acetylmuramidase NamZ domain-containing protein		73804447	protein-coding		WP_004329912.1	140	ALIPUT_RS13195
NZ_DS499580.1	360123	361535		plus	hypothetical protein		73804011	protein-coding		WP_147554458.1	470	ALIPUT_RS10440
NZ_DS499580.1	361874	363862		plus	fructose-bisphosphatase class III		73804012	protein-coding		WP_040293820.1	662	ALIPUT_RS10445
NZ_DS499580.1	364048	364716		minus	hypothetical protein		73804013	protein-coding		WP_147554459.1	222	ALIPUT_RS10450
NZ_DS499580.1	365250	365420		minus	DUF362 domain-containing protein		73804014	protein-coding		WP_004329919.1	56	ALIPUT_RS10455
NZ_DS499580.1	365468	366739		minus	serine--tRNA ligase	serS	73804015	protein-coding		WP_004329920.1	423	ALIPUT_RS10460
NZ_DS499580.1	366914	368728		plus	peptidase U32 family protein		73804016	protein-coding		WP_004329921.1	604	ALIPUT_RS10465
NZ_DS499580.1	368939	369823		plus	class I SAM-dependent methyltransferase		73804017	protein-coding		WP_040293910.1	294	ALIPUT_RS10470
NZ_DS499580.1	369879	370172		plus	hypothetical protein		73804018	protein-coding		WP_004329923.1	97	ALIPUT_RS10475
NZ_DS499580.1	370179	370739		minus	chromate transporter		73804019	protein-coding		WP_004329924.1	186	ALIPUT_RS10480
NZ_DS499580.1	370736	371278		minus	chromate transporter		73804020	protein-coding		WP_004329925.1	180	ALIPUT_RS10485
NZ_DS499580.1	371275	372036		minus	16S rRNA (uracil(1498)-N(3))-methyltransferase		73804021	protein-coding		WP_004329926.1	253	ALIPUT_RS10490
NZ_DS499580.1	372087	374264		plus	M3 family metallopeptidase		73804022	protein-coding		WP_004329927.1	725	ALIPUT_RS10495
NZ_DS499580.1	374273	376390		plus	M3 family metallopeptidase		73804023	protein-coding		WP_004329928.1	705	ALIPUT_RS10500
NZ_DS499580.1	376629	378212		minus	peptide chain release factor 3		73804024	protein-coding		WP_004329929.1	527	ALIPUT_RS10505
NZ_DS499580.1	378251	379816		minus	L-aspartate oxidase	nadB	73804025	protein-coding		WP_004329930.1	521	ALIPUT_RS10510
NZ_DS499580.1	380098	381306		plus	S-adenosylmethionine:tRNA ribosyltransferase-isomerase		73804026	protein-coding		WP_040293913.1	402	ALIPUT_RS10515
NZ_DS499580.1	381380	382624		minus	nucleoside permease		73804027	protein-coding		WP_004329933.1	414	ALIPUT_RS10520
NZ_DS499580.1	382764	382834		plus	tRNA-Gln		73804028	tRNA				ALIPUT_RS10525
NZ_DS499580.1	382896	383348		minus	hypothetical protein		73804325	protein-coding		WP_004329934.1	150	ALIPUT_RS12175
NZ_DS499580.1	383342	383653		minus	hypothetical protein		73804326	protein-coding		WP_004329935.1	103	ALIPUT_RS12180
NZ_DS499580.1	383804	384202		minus	RNA-binding S4 domain-containing protein		73804029	protein-coding		WP_004329936.1	132	ALIPUT_RS10535
NZ_DS499580.1	384427	385737		minus	FtsW/RodA/SpoVE family cell cycle protein		73804030	protein-coding		WP_004329938.1	436	ALIPUT_RS10540
NZ_DS499580.1	385742	387094		minus	UDP-N-acetylmuramoyl-L-alanine--D-glutamate ligase	murD	73804031	protein-coding		WP_004329939.1	450	ALIPUT_RS10545
NZ_DS499580.1	387099	388343		minus	phospho-N-acetylmuramoyl-pentapeptide-transferase	mraY	73804032	protein-coding		WP_004329940.1	414	ALIPUT_RS10550
NZ_DS499580.1	388352	389812		minus	UDP-N-acetylmuramoyl-L-alanyl-D-glutamate--2,6-diaminopimelate ligase		73804033	protein-coding		WP_004329941.1	486	ALIPUT_RS10555
NZ_DS499580.1	389817	392069		minus	penicillin-binding protein		73804034	protein-coding		WP_040293917.1	750	ALIPUT_RS10560
NZ_DS499580.1	392078	392596		minus	hypothetical protein		73804035	protein-coding		WP_004329943.1	172	ALIPUT_RS10565
NZ_DS499580.1	392612	393526		minus	16S rRNA (cytosine(1402)-N(4))-methyltransferase RsmH	rsmH	73804036	protein-coding		WP_040293826.1	304	ALIPUT_RS10570
NZ_DS499580.1	393759	394592		plus	1-acyl-sn-glycerol-3-phosphate acyltransferase	glsA	73804037	protein-coding		WP_004329948.1	277	ALIPUT_RS10575
NZ_DS499580.1	394623	395615		plus	glycine N(alpha)-acyltransferase GlsB	glsB	73804038	protein-coding		WP_004329950.1	330	ALIPUT_RS10580
NZ_DS499580.1	395744	397756		plus	leucine-rich repeat domain-containing protein		73804327	protein-coding		WP_050751532.1	670	ALIPUT_RS12185
NZ_DS499580.1	397815	398360		minus	KdsC family phosphatase		73804039	protein-coding		WP_004329953.1	181	ALIPUT_RS10590
NZ_DS499580.1	398333	399115		minus	Rossmann-like and DUF2520 domain-containing protein		73804040	protein-coding		WP_004329954.1	260	ALIPUT_RS10595
NZ_DS499580.1	399112	400482		minus	YhjD/YihY/BrkB family envelope integrity protein		73804041	protein-coding		WP_004329955.1	456	ALIPUT_RS10600
NZ_DS499580.1	400506	401699		minus	THUMP-like domain-containing protein		73804042	protein-coding		WP_229089903.1	397	ALIPUT_RS10605
NZ_DS499580.1	401654	403174		minus	ComEC/Rec2 family competence protein		73804043	protein-coding		WP_004329957.1	506	ALIPUT_RS10610
NZ_DS499580.1	403504	404514		minus	DNA/RNA non-specific endonuclease		73804328	protein-coding		WP_004329958.1	336	ALIPUT_RS12190
NZ_DS499580.1	404650	406731		minus	hypothetical protein		73804044	protein-coding		WP_004329959.1	693	ALIPUT_RS10620
NZ_DS499580.1	406750	406926		minus	hypothetical protein		73804045	protein-coding		WP_155813750.1	58	ALIPUT_RS10625
NZ_DS499580.1	407082	409976		minus	putative LPS assembly protein LptD		73804046	protein-coding		WP_004329961.1	964	ALIPUT_RS10630
NZ_DS499580.1	410101	411246		plus	N-acetylmuramoyl-L-alanine amidase family protein		73804047	protein-coding		WP_004329962.1	381	ALIPUT_RS10635
NZ_DS499580.1	411269	412270		plus	MlaD family protein		73804048	protein-coding		WP_004329963.1	333	ALIPUT_RS10640
NZ_DS499580.1	412293	414794		plus	endonuclease MutS2		73804049	protein-coding		WP_004329964.1	833	ALIPUT_RS10645
NZ_DS499580.1	414823	417195		plus	alanine racemase	alr	73804050	protein-coding		WP_004329965.1	790	ALIPUT_RS10650
NZ_DS499580.1	417269	418003		plus	SAM-dependent methyltransferase		73804051	protein-coding		WP_004329966.1	244	ALIPUT_RS10655
NZ_DS499580.1	418069	418689		plus	nucleotide exchange factor GrpE		73804052	protein-coding		WP_004329967.1	206	ALIPUT_RS10660
NZ_DS499580.1	418816	419979		plus	molecular chaperone DnaJ	dnaJ	73804053	protein-coding		WP_004329968.1	387	ALIPUT_RS10665
NZ_DS499580.1	420213	420602		plus	hypothetical protein		73804054	protein-coding		WP_004329970.1	129	ALIPUT_RS10670
NZ_DS499580.1	420602	422491		plus	DNA mismatch repair endonuclease MutL	mutL	73804055	protein-coding		WP_004329971.1	629	ALIPUT_RS10675
NZ_DS499580.1	422547	423188		plus	rhomboid family intramembrane serine protease		73804056	protein-coding		WP_004329972.1	213	ALIPUT_RS10680
NZ_DS499580.1	423192	424349		plus	endonuclease/exonuclease/phosphatase family protein		73804057	protein-coding		WP_004329973.1	385	ALIPUT_RS10685
NZ_DS499580.1	424358	424807		plus	NanQ anomerase/TabA/YiaL family protein		73804058	protein-coding		WP_004329974.1	149	ALIPUT_RS10690
NZ_DS499580.1	424911	426095		minus	FprA family A-type flavoprotein		73804059	protein-coding		WP_004329975.1	394	ALIPUT_RS10695
NZ_DS499580.1	426411	429443		plus	SusC/RagA family TonB-linked outer membrane protein		73804060	protein-coding		WP_004329976.1	1010	ALIPUT_RS10700
NZ_DS499580.1	429487	430839		plus	RagB/SusD family nutrient uptake outer membrane protein		73804061	protein-coding		WP_004329977.1	450	ALIPUT_RS10705
NZ_DS499580.1	430806	431021		plus	RagB/SusD family nutrient uptake outer membrane protein		99804937	protein-coding		WP_081443389.1	71	ALIPUT_RS13365
NZ_DS499580.1	431487	432854		minus	MFS transporter		73804062	protein-coding		WP_040293927.1	455	ALIPUT_RS10710
NZ_DS499580.1	433149	433685		minus	GNAT family N-acetyltransferase		73804063	protein-coding		WP_004329980.1	178	ALIPUT_RS10715
NZ_DS499580.1	433758	435098		minus	aspartyl protease family protein		73804064	protein-coding		WP_004329981.1	446	ALIPUT_RS10720
NZ_DS499580.1	435105	436385		minus	mechanosensitive ion channel family protein		73804065	protein-coding		WP_004329982.1	426	ALIPUT_RS10725
NZ_DS499580.1	436717	437082		plus	arsenate reductase family protein		73804066	protein-coding		WP_040293932.1	121	ALIPUT_RS10730
NZ_DS499580.1	437138	437743		minus	flavin reductase family protein		73804067	protein-coding		WP_004329985.1	201	ALIPUT_RS10735
NZ_DS499580.1	437794	438870		minus	winged helix DNA-binding domain-containing protein		73804068	protein-coding		WP_004329986.1	358	ALIPUT_RS10740
NZ_DS499580.1	439246	441099		plus	BACON domain-containing protein		73804069	protein-coding		WP_004329988.1	617	ALIPUT_RS10745
NZ_DS499580.1	441198	442811		minus	RluA family pseudouridine synthase		73804070	protein-coding		WP_004329989.1	537	ALIPUT_RS10750
NZ_DS499580.1	442902	443303		minus	hypothetical protein		73804071	protein-coding		WP_022460352.1	133	ALIPUT_RS10755
NZ_DS499580.1	443681	444679		minus	virulence RhuM family protein		73804072	protein-coding		WP_040293936.1	332	ALIPUT_RS10760
NZ_DS499580.1	444685	445536		minus	hypothetical protein		73804073	protein-coding		WP_004329992.1	283	ALIPUT_RS10765
NZ_DS499580.1	445538	446128		minus	hypothetical protein		73804074	protein-coding		WP_004329993.1	196	ALIPUT_RS10770
NZ_DS499580.1	446136	447431		minus	AAA family ATPase		73804075	protein-coding		WP_231290547.1	431	ALIPUT_RS10775
NZ_DS499580.1	447807	448133		plus	TIR domain-containing protein		73804354	protein-coding		WP_196793315.1	108	ALIPUT_RS12570
NZ_DS499580.1	448145	449056		plus	caspase family protein		73804076	protein-coding		WP_004329995.1	303	ALIPUT_RS10780
NZ_DS499580.1	449108	449650		plus	TIR domain-containing protein		73804077	protein-coding		WP_147554460.1	180	ALIPUT_RS10785
NZ_DS499580.1	449713	449886		plus	hypothetical protein		73804418	protein-coding		WP_178762865.1	57	ALIPUT_RS13050
NZ_DS499580.1	449928	453901		minus	uncharacterized gene		73804078	pseudogene				ALIPUT_RS10790
NZ_DS499580.1	453908	454924		minus	hypothetical protein		73804079	protein-coding		WP_004329999.1	338	ALIPUT_RS10795
NZ_DS499580.1	455022	456230		minus	tyrosine-type recombinase/integrase		73804080	protein-coding		WP_004330000.1	402	ALIPUT_RS10800
NZ_DS499580.1	456232	456657		minus	conjugal transfer protein MobA	mobA	73804081	protein-coding		WP_004330001.1	141	ALIPUT_RS10805
NZ_DS499580.1	456943	458163		plus	site-specific integrase		73804082	protein-coding		WP_004330003.1	406	ALIPUT_RS10810
NZ_DS499580.1	458571	459650		minus	hypothetical protein		73804083	protein-coding		WP_155813751.1	359	ALIPUT_RS10815
NZ_DS499580.1	459669	461075		minus	phage portal protein		73804084	protein-coding		WP_004330005.1	468	ALIPUT_RS10820
NZ_DS499580.1	461087	462502		minus	phage terminase large subunit	terL	73804085	protein-coding		WP_004330006.1	471	ALIPUT_RS10825
NZ_DS499580.1	462557	463003		minus	hypothetical protein		73804329	protein-coding		WP_004330007.1	148	ALIPUT_RS12195
NZ_DS499580.1	463027	463749		minus	ParB N-terminal domain-containing protein		73804086	protein-coding		WP_004330008.1	240	ALIPUT_RS10835
NZ_DS499580.1	463706	464404		minus	phosphoadenosine phosphosulfate reductase domain-containing protein		73804087	protein-coding		WP_004330009.1	232	ALIPUT_RS10840
NZ_DS499580.1	464824	465231		minus	ASCH domain-containing protein		73804088	protein-coding		WP_040293839.1	135	ALIPUT_RS10845
NZ_DS499580.1	465250	465320		minus	tRNA-Thr		73804089	tRNA				ALIPUT_RS10850
NZ_DS499580.1	465646	465969		minus	SH3 beta-barrel fold-containing protein		73804090	protein-coding		WP_004330012.1	107	ALIPUT_RS10860
NZ_DS499580.1	465981	466133		minus	hypothetical protein		73804419	protein-coding		WP_004330013.1	50	ALIPUT_RS13055
NZ_DS499580.1	466130	466276		minus	hypothetical protein		73804389	protein-coding		WP_155813752.1	48	ALIPUT_RS12890
NZ_DS499580.1	466356	466607		minus	hypothetical protein		73804091	protein-coding		WP_004330015.1	83	ALIPUT_RS10865
NZ_DS499580.1	466628	466906		minus	hypothetical protein		73804092	protein-coding		WP_004330016.1	92	ALIPUT_RS10870
NZ_DS499580.1	467054	467293		plus	helix-turn-helix domain-containing protein		73804093	protein-coding		WP_004330017.1	79	ALIPUT_RS10875
NZ_DS499580.1	467296	468294		plus	virulence RhuM family protein		73804094	protein-coding		WP_004330018.1	332	ALIPUT_RS10880
NZ_DS499580.1	468359	468946		plus	ORF6N domain-containing protein		73804095	protein-coding		WP_004330020.1	195	ALIPUT_RS10885
NZ_DS499580.1	469034	469942		plus	BRO-N domain-containing protein		73804096	protein-coding		WP_004330021.1	302	ALIPUT_RS10890
NZ_DS499580.1	470568	470852		minus	hypothetical protein		73804097	protein-coding		WP_004330023.1	94	ALIPUT_RS10900
NZ_DS499580.1	471096	471500		minus	lipocalin-like domain-containing protein		73804098	protein-coding		WP_004330024.1	134	ALIPUT_RS10905
NZ_DS499580.1	472345	473427		minus	type I restriction endonuclease		73804099	protein-coding		WP_004330027.1	360	ALIPUT_RS10915
NZ_DS499580.1	473437	473778		minus	helix-turn-helix domain-containing protein		73804100	protein-coding		WP_004330028.1	113	ALIPUT_RS10920
NZ_DS499580.1	473897	474196		plus	hypothetical protein		73804101	protein-coding		WP_004330029.1	99	ALIPUT_RS10925
NZ_DS499580.1	474363	474911		plus	helix-turn-helix transcriptional regulator		73804102	protein-coding		WP_040293850.1	182	ALIPUT_RS10930
NZ_DS499580.1	474908	475648		plus	hypothetical protein		73804103	protein-coding		WP_004330031.1	246	ALIPUT_RS10935
NZ_DS499580.1	475847	476203		plus	helix-turn-helix domain-containing protein		73804104	protein-coding		WP_004330032.1	118	ALIPUT_RS10940
NZ_DS499580.1	476699	478027		plus	A1S_2505 family phage non-structural protein		73804355	protein-coding		WP_004330033.1	442	ALIPUT_RS12580
NZ_DS499580.1	478063	478239		plus	hypothetical protein		73804390	protein-coding		WP_004330034.1	58	ALIPUT_RS12895
NZ_DS499580.1	478244	478372		plus	hypothetical protein		75428747	protein-coding		WP_004330035.1	42	ALIPUT_RS13240
NZ_DS499580.1	478369	478785		plus	hypothetical protein		73804105	protein-coding		WP_004330036.1	138	ALIPUT_RS10950
NZ_DS499580.1	478966	479619		plus	RAD52 family DNA repair protein		73804106	protein-coding		WP_004327633.1	217	ALIPUT_RS10955
NZ_DS499581.1	1	743		plus	transposase		73804107	protein-coding		WP_004330041.1	246	ALIPUT_RS10960
NZ_DS499581.1	926	1342		plus	uncharacterized gene		99804938	pseudogene				ALIPUT_RS13370
NZ_DS499581.1	1298	1687		minus	plasmid mobilization protein		99804939	protein-coding		WP_014776481.1	129	ALIPUT_RS13375
NZ_DS499581.1	2017	2394		minus	DUF3408 domain-containing protein		99804940	protein-coding		WP_004330044.1	125	ALIPUT_RS13380
NZ_DS499581.1	3138	3449		plus	helix-turn-helix domain-containing protein		73804109	protein-coding		WP_004330047.1	103	ALIPUT_RS10975
NZ_DS499581.1	3492	3815		plus	helix-turn-helix domain-containing protein		73804110	protein-coding		WP_004295308.1	107	ALIPUT_RS10980
NZ_DS499581.1	4337	4729		minus	hypothetical protein		73804420	protein-coding		WP_004320820.1	130	ALIPUT_RS13060
NZ_DS499581.1	4768	5328		minus	sigma-70 RNA polymerase sigma factor region 4 domain-containing protein		73804111	protein-coding		WP_004330050.1	186	ALIPUT_RS10990
NZ_DS499581.1	6175	7422		minus	site-specific integrase		73804112	protein-coding		WP_004330052.1	415	ALIPUT_RS11000
NZ_DS499581.1	7608	7925		minus	AAA family ATPase		73804113	protein-coding		WP_004330053.1	105	ALIPUT_RS11005
NZ_DS499581.1	8081	9148		minus	Fic family protein		73804114	protein-coding		WP_040293986.1	355	ALIPUT_RS11010
NZ_DS499581.1	10117	11400		plus	O-acetylhomoserine aminocarboxypropyltransferase/cysteine synthase family protein		73804115	protein-coding		WP_004330057.1	427	ALIPUT_RS11015
NZ_DS499581.1	11406	12422		plus	homoserine O-acetyltransferase family protein		73804116	protein-coding		WP_004330058.1	338	ALIPUT_RS11020
NZ_DS499581.1	12415	13617		plus	homoserine dehydrogenase		73804117	protein-coding		WP_004330059.1	400	ALIPUT_RS11025
NZ_DS499581.1	13701	14183		minus	hypothetical protein		73804452	protein-coding		WP_004330060.1	160	ALIPUT_RS13220
NZ_DS499581.1	14194	15651		minus	hypothetical protein		73804118	protein-coding		WP_147554435.1	485	ALIPUT_RS11035
NZ_DS499581.1	15791	15982		minus	hypothetical protein		73804391	protein-coding		WP_147554436.1	63	ALIPUT_RS12915
NZ_DS499581.1	16179	17671		plus	uncharacterized gene		73804119	pseudogene				ALIPUT_RS11040
NZ_DS499581.1	17685	18722		plus	[FeFe] hydrogenase H-cluster radical SAM maturase HydE	hydE	73804120	protein-coding		WP_040293961.1	345	ALIPUT_RS11045
NZ_DS499581.1	18742	20160		plus	[FeFe] hydrogenase H-cluster radical SAM maturase HydG	hydG	73804121	protein-coding		WP_004330067.1	472	ALIPUT_RS11050
NZ_DS499581.1	20174	21358		plus	[FeFe] hydrogenase H-cluster maturation GTPase HydF	hydF	73804122	protein-coding		WP_004330068.1	394	ALIPUT_RS11055
NZ_DS499581.1	21446	22423		minus	dihydroorotate dehydrogenase-like protein		73804123	protein-coding		WP_004330069.1	325	ALIPUT_RS11060
NZ_DS499581.1	22784	22857		minus	tRNA-Ile		73804124	tRNA				ALIPUT_RS11065
NZ_DS499581.1	23144	23410		plus	type B 50S ribosomal protein L31		73804125	protein-coding		WP_004330071.1	88	ALIPUT_RS11075
NZ_DS499581.1	23726	24091		plus	DUF3127 domain-containing protein		73804126	protein-coding		WP_004330073.1	121	ALIPUT_RS11080
NZ_DS499581.1	24187	25290		minus	FKBP-type peptidyl-prolyl cis-trans isomerase		73804330	protein-coding		WP_004330074.1	367	ALIPUT_RS12200
NZ_DS499581.1	25426	26097		minus	FKBP-type peptidyl-prolyl cis-trans isomerase		73804127	protein-coding		WP_004330075.1	223	ALIPUT_RS11090
NZ_DS499581.1	26094	27479		minus	Na+/H+ antiporter NhaA	nhaA	73804128	protein-coding		WP_004330076.1	461	ALIPUT_RS11095
NZ_DS499581.1	27551	28600		minus	agmatinase family protein		73804129	protein-coding		WP_004330077.1	349	ALIPUT_RS11100
NZ_DS499581.1	28831	29826		plus	4-phosphoerythronate dehydrogenase		73804130	protein-coding		WP_004330079.1	331	ALIPUT_RS11105
NZ_DS499581.1	29882	30952		plus	quinone-dependent dihydroorotate dehydrogenase		73804131	protein-coding		WP_004330080.1	356	ALIPUT_RS11110
NZ_DS499581.1	30968	32221		plus	competence/damage-inducible protein A		73804132	protein-coding		WP_004330081.1	417	ALIPUT_RS11115
NZ_DS499581.1	32937	35042		plus	hypothetical protein		73804133	protein-coding		WP_147554437.1	701	ALIPUT_RS11120
NZ_DS499581.1	35161	35394		plus	50S ribosomal protein L28	rpmB	73804134	protein-coding		WP_004330083.1	77	ALIPUT_RS11125
NZ_DS499581.1	35409	35591		plus	50S ribosomal protein L33	rpmG	73804135	protein-coding		WP_022460453.1	60	ALIPUT_RS11130
NZ_DS499581.1	35604	35762		plus	DUF4295 domain-containing protein		73804356	protein-coding		WP_022460452.1	52	ALIPUT_RS12615
NZ_DS499581.1	36278	37375		plus	signal recognition particle-docking protein FtsY	ftsY	73804136	protein-coding		WP_004330085.1	365	ALIPUT_RS11135
NZ_DS499581.1	37388	38686		plus	30S ribosomal protein S12 methylthiotransferase RimO	rimO	73804137	protein-coding		WP_004330086.1	432	ALIPUT_RS11140
NZ_DS499581.1	38935	39255		plus	hypothetical protein		73804138	protein-coding		WP_004330088.1	106	ALIPUT_RS11145
NZ_DS499581.1	39309	39647		plus	cell division protein ZapA		73804139	protein-coding		WP_004330089.1	112	ALIPUT_RS11150
NZ_DS499581.1	39971	41518		plus	ribonuclease Y	rny	73804140	protein-coding		WP_004330091.1	515	ALIPUT_RS11155
NZ_DS499581.1	41603	42232		plus	HD domain-containing protein		73804141	protein-coding		WP_040293964.1	209	ALIPUT_RS11160
NZ_DS499581.1	42417	43526		minus	glycine cleavage system aminomethyltransferase GcvT	gcvT	73804142	protein-coding		WP_004330094.1	369	ALIPUT_RS11165
NZ_DS499581.1	43569	44768		minus	hypothetical protein		73804143	protein-coding		WP_040293965.1	399	ALIPUT_RS11170
NZ_DS499581.1	45036	46376		plus	NADP-specific glutamate dehydrogenase	gdhA	73804144	protein-coding		WP_004330097.1	446	ALIPUT_RS11175
NZ_DS499581.1	46471	47592		minus	phosphatase PAP2 family protein		73804145	protein-coding		WP_004330098.1	373	ALIPUT_RS11180
NZ_DS499581.1	47580	47708		minus	hypothetical protein		75428748	protein-coding		WP_004330099.1	42	ALIPUT_RS13245
NZ_DS499581.1	47758	50352		minus	calcium-translocating P-type ATPase, PMCA-type		73804146	protein-coding		WP_004330100.1	864	ALIPUT_RS11185
NZ_DS499581.1	50388	51824		minus	rod shape-determining protein RodA	rodA	73804147	protein-coding		WP_004330101.1	478	ALIPUT_RS11190
NZ_DS499581.1	51814	53646		minus	penicillin-binding protein 2	mrdA	73804148	protein-coding		WP_004330102.1	610	ALIPUT_RS11195
NZ_DS499581.1	53643	54161		minus	hypothetical protein		73804149	protein-coding		WP_004330103.1	172	ALIPUT_RS11200
NZ_DS499581.1	54164	55009		minus	rod shape-determining protein MreC	mreC	73804150	protein-coding		WP_004330104.1	281	ALIPUT_RS11205
NZ_DS499581.1	55038	56057		minus	rod shape-determining protein		73804151	protein-coding		WP_004330105.1	339	ALIPUT_RS11210
NZ_DS499581.1	56335	57342		plus	NAD(P)H-dependent glycerol-3-phosphate dehydrogenase		73804152	protein-coding		WP_004330106.1	335	ALIPUT_RS11215
NZ_DS499581.1	57356	58687		plus	glucose-6-phosphate isomerase		73804153	protein-coding		WP_004330107.1	443	ALIPUT_RS11220
NZ_DS499581.1	59124	59651		minus	hypothetical protein		73804154	protein-coding		WP_004330109.1	175	ALIPUT_RS11225
NZ_DS499581.1	59824	60474		minus	response regulator		73804155	protein-coding		WP_004330110.1	216	ALIPUT_RS11230
NZ_DS499581.1	60477	61430		minus	sensor histidine kinase		73804156	protein-coding		WP_004330111.1	317	ALIPUT_RS11235
NZ_DS499581.1	61724	62497		minus	5'/3'-nucleotidase SurE	surE	73804157	protein-coding		WP_040293968.1	257	ALIPUT_RS11240
NZ_DS499581.1	63060	63428		plus	50S ribosomal protein L19	rplS	73804158	protein-coding		WP_022460438.1	122	ALIPUT_RS11245
NZ_DS499581.1	63807	63891		minus	tRNA-Ser		73804159	tRNA				ALIPUT_RS11255
NZ_DS499581.1	64249	65733		plus	OmpP1/FadL family transporter		73804160	protein-coding		WP_040293972.1	494	ALIPUT_RS11260
NZ_DS499581.1	65901	65972		plus	tRNA-Arg		73804161	tRNA				ALIPUT_RS11265
NZ_DS499581.1	66304	70563		minus	DNA-directed RNA polymerase subunit beta'	rpoC	73804162	protein-coding		WP_004330118.1	1419	ALIPUT_RS11270
NZ_DS499581.1	70612	74475		minus	DNA-directed RNA polymerase subunit beta	rpoB	73804163	protein-coding		WP_004330119.1	1287	ALIPUT_RS11275
NZ_DS499581.1	74716	75093		minus	50S ribosomal protein L7/L12	rplL	73804164	protein-coding		WP_004330120.1	125	ALIPUT_RS11280
NZ_DS499581.1	75133	75654		minus	50S ribosomal protein L10	rplJ	73804165	protein-coding		WP_004330121.1	173	ALIPUT_RS11285
NZ_DS499581.1	75672	76370		minus	50S ribosomal protein L1	rplA	73804166	protein-coding		WP_004330122.1	232	ALIPUT_RS11290
NZ_DS499581.1	76385	76825		minus	50S ribosomal protein L11	rplK	73804167	protein-coding		WP_004330123.1	146	ALIPUT_RS11295
NZ_DS499581.1	76842	77402		minus	transcription termination/antitermination protein NusG	nusG	73804168	protein-coding		WP_004330124.1	186	ALIPUT_RS11300
NZ_DS499581.1	77417	77614		minus	preprotein translocase subunit SecE	secE	73804169	protein-coding		WP_004330125.1	65	ALIPUT_RS11305
NZ_DS499581.1	77636	77706		minus	tRNA-Trp		73804170	tRNA				ALIPUT_RS11310
NZ_DS499581.1	77754	78941		minus	elongation factor Tu	tuf	73804171	protein-coding		WP_004330126.1	395	ALIPUT_RS11315
NZ_DS499581.1	79065	79140		minus	tRNA-Gly		73804172	tRNA				ALIPUT_RS11320
NZ_DS499581.1	79217	79299		minus	tRNA-Tyr		73804173	tRNA				ALIPUT_RS11325
NZ_DS499581.1	79356	79432		minus	tRNA-Thr		73804174	tRNA				ALIPUT_RS11330
NZ_DS499581.1	79866	80573		plus	Dph6-related ATP pyrophosphatase		73804175	protein-coding		WP_004330127.1	235	ALIPUT_RS11335
NZ_DS499581.1	80703	81023		plus	hypothetical protein		73804176	protein-coding		WP_004330128.1	106	ALIPUT_RS11340
NZ_DS499581.1	81917	83977		minus	fimbrillin family protein		73804177	protein-coding		WP_147554438.1	686	ALIPUT_RS11350
NZ_DS499581.1	83992	84156		minus	hypothetical protein		73804392	protein-coding		WP_004330132.1	54	ALIPUT_RS12920
NZ_DS499581.1	84346	85671		plus	hypothetical protein		73804178	protein-coding		WP_040293975.1	441	ALIPUT_RS11355
NZ_DS499581.1	85754	86851		plus	hypothetical protein		73804179	protein-coding		WP_004330135.1	365	ALIPUT_RS11360
NZ_DS499581.1	86830	88479		plus	hypothetical protein		73804180	protein-coding		WP_147554439.1	549	ALIPUT_RS11365
NZ_DS499581.1	89336	90520		minus	hypothetical protein		73804181	protein-coding		WP_004330137.1	394	ALIPUT_RS11370
NZ_DS499581.1	90517	91161		minus	ATP-binding cassette domain-containing protein		73804182	protein-coding		WP_040293989.1	214	ALIPUT_RS11375
NZ_DS499581.1	91428	92981		minus	DUF4836 family protein		73804183	protein-coding		WP_004330140.1	517	ALIPUT_RS11380
NZ_DS499581.1	93483	93920		minus	DoxX family protein		73804184	protein-coding		WP_022459796.1	145	ALIPUT_RS11385
NZ_DS499581.1	94209	95558		minus	adenylosuccinate lyase	purB	73804185	protein-coding		WP_004330142.1	449	ALIPUT_RS11390
NZ_DS499581.1	95795	96208		plus	hypothetical protein		73804186	protein-coding		WP_004330143.1	137	ALIPUT_RS11395
NZ_DS499581.1	96217	96960		plus	MlaE family ABC transporter permease		73804187	protein-coding		WP_004330144.1	247	ALIPUT_RS11400
NZ_DS499581.1	96957	97721		plus	ABC transporter ATP-binding protein		73804188	protein-coding		WP_004330145.1	254	ALIPUT_RS11405
NZ_DS499581.1	97888	98901		plus	type I glyceraldehyde-3-phosphate dehydrogenase	gap	73804189	protein-coding		WP_022459792.1	337	ALIPUT_RS11410
NZ_DS499581.1	99035	99439		minus	hypothetical protein		73804190	protein-coding		WP_004330147.1	134	ALIPUT_RS11415
NZ_DS499581.1	99610	100212		plus	YceD family protein		73804191	protein-coding		WP_306468990.1	200	ALIPUT_RS11420
NZ_DS499581.1	100234	100419		plus	50S ribosomal protein L32	rpmF	73804192	protein-coding		WP_004330151.1	61	ALIPUT_RS11425
NZ_DS499581.1	100493	101443		plus	phosphate acyltransferase PlsX	plsX	73804193	protein-coding		WP_004330152.1	316	ALIPUT_RS11430
NZ_DS499581.1	101456	102460		plus	beta-ketoacyl-ACP synthase III		73804194	protein-coding		WP_004330153.1	334	ALIPUT_RS11435
NZ_DS499581.1	102816	103337		plus	ferritin		73804195	protein-coding		WP_004330155.1	173	ALIPUT_RS11445
NZ_DS499581.1	103482	103916		plus	PepSY-like domain-containing protein		73804196	protein-coding		WP_004330156.1	144	ALIPUT_RS11450
NZ_DS499581.1	104000	104725		minus	DUF5131 family protein		73804197	protein-coding		WP_040293980.1	241	ALIPUT_RS11455
NZ_DS499581.1	105133	106218		minus	AI-2E family transporter		73804198	protein-coding		WP_004330159.1	361	ALIPUT_RS11460
NZ_DS499581.1	106298	106771		minus	YqaA family protein		73804199	protein-coding		WP_004330160.1	157	ALIPUT_RS11465
NZ_DS499581.1	107026	107499		minus	GNAT family N-acetyltransferase		73804200	protein-coding		WP_004330161.1	157	ALIPUT_RS11470
NZ_DS499581.1	107548	108012		plus	hypothetical protein		73804201	protein-coding		WP_004330162.1	154	ALIPUT_RS11475
NZ_DS499581.1	108170	108673		minus	thiol peroxidase	tpx	73804202	protein-coding		WP_004330163.1	167	ALIPUT_RS11480
NZ_DS499581.1	109696	109770		minus	tRNA-Val		73804203	tRNA				ALIPUT_RS11485
NZ_DS499581.1	110747	111835		plus	DUF4435 domain-containing protein		73804204	protein-coding		WP_004330169.1	362	ALIPUT_RS11490
NZ_DS499581.1	112209	113870		plus	recombinase family protein		73804205	protein-coding		WP_004330171.1	553	ALIPUT_RS11495
NZ_DS499581.1	113935	114774		minus	ParB/RepB/Spo0J family partition protein		73804206	protein-coding		WP_004330172.1	279	ALIPUT_RS11500
NZ_DS499581.1	114954	116342		plus	transposase		73804207	protein-coding		WP_004328501.1	462	ALIPUT_RS11505
NZ_DS499581.1	116730	117074		minus	hypothetical protein		73804208	protein-coding		WP_004330173.1	114	ALIPUT_RS11510
NZ_DS499581.1	117151	117720		minus	HdeD family acid-resistance protein		73804209	protein-coding		WP_004330174.1	189	ALIPUT_RS11515
NZ_DS499581.1	117908	118744		plus	pantoate--beta-alanine ligase	panC	73804210	protein-coding		WP_004330175.1	278	ALIPUT_RS11520
NZ_DS499581.1	118741	119100		plus	aspartate 1-decarboxylase	panD	73804211	protein-coding		WP_004330176.1	119	ALIPUT_RS11525
NZ_DS499581.1	119324	119836		plus	DUF456 domain-containing protein		73804212	protein-coding		WP_004330177.1	170	ALIPUT_RS11530
NZ_DS499581.1	119849	122761		plus	M16 family metallopeptidase		73804213	protein-coding		WP_004330178.1	970	ALIPUT_RS11535
NZ_DS499581.1	122968	124377		minus	adenosylhomocysteinase	ahcY	73804214	protein-coding		WP_040293983.1	469	ALIPUT_RS11540
NZ_DS499581.1	124531	124905		minus	riboflavin kinase		73804215	protein-coding		WP_004330180.1	124	ALIPUT_RS11545
NZ_DS499581.1	124910	126016		minus	AI-2E family transporter		73804216	protein-coding		WP_004330181.1	368	ALIPUT_RS11550
NZ_DS499581.1	126050	126715		minus	phosphatidylserine decarboxylase family protein		73804217	protein-coding		WP_004330185.1	221	ALIPUT_RS11555
NZ_DS499581.1	126735	127598		minus	phosphatidate cytidylyltransferase		73804218	protein-coding		WP_004330186.1	287	ALIPUT_RS11560
NZ_DS499581.1	127626	129722		minus	ATP-dependent zinc metalloprotease FtsH	ftsH	73804219	protein-coding		WP_004330187.1	698	ALIPUT_RS11565
NZ_DS499581.1	129729	130079		minus	ribosome silencing factor	rsfS	73804220	protein-coding		WP_004330188.1	116	ALIPUT_RS11570
NZ_DS499581.1	130239	131132		minus	hydrogen peroxide-inducible genes activator		73804221	protein-coding		WP_004330189.1	297	ALIPUT_RS11575
NZ_DS499581.1	131255	132376		plus	tryptophan--tRNA ligase	trpS	73804222	protein-coding		WP_004330190.1	373	ALIPUT_RS11580
NZ_DS499581.1	132407	134218		plus	chloride channel protein		73804223	protein-coding		WP_004330191.1	603	ALIPUT_RS11585
NZ_DS499581.1	134277	134603		plus	PAS domain-containing protein		73804224	protein-coding		WP_004330192.1	108	ALIPUT_RS11590
NZ_DS499581.1	134844	135128		minus	YciI family protein		73804225	protein-coding		WP_004330193.1	94	ALIPUT_RS11595
NZ_DS499581.1	135134	136099		minus	KpsF/GutQ family sugar-phosphate isomerase		73804226	protein-coding		WP_004330194.1	321	ALIPUT_RS11600
NZ_DS499581.1	136101	136859		minus	3-deoxy-8-phosphooctulonate synthase	kdsA	73804227	protein-coding		WP_004330196.1	252	ALIPUT_RS11605
NZ_DS499581.1	136864	137619		minus	3-deoxy-manno-octulosonate cytidylyltransferase	kdsB	73804228	protein-coding		WP_004330197.1	251	ALIPUT_RS11610
NZ_DS499581.1	137701	140139		minus	endopeptidase La	lon	73804229	protein-coding		WP_004330198.1	812	ALIPUT_RS11615
NZ_DS499581.1	140409	143036		plus	valine--tRNA ligase		73804230	protein-coding		WP_004330201.1	875	ALIPUT_RS11620
NZ_DS499581.1	143104	143571		plus	ribonuclease HI	rnhA	73804231	protein-coding		WP_004330202.1	155	ALIPUT_RS11625
NZ_DS499581.1	143708	144220		minus	flavin reductase family protein		73804232	protein-coding		WP_004330203.1	170	ALIPUT_RS11630
NZ_DS499581.1	144363	146207		plus	ABC transporter ATP-binding protein		73804233	protein-coding		WP_004330204.1	614	ALIPUT_RS11635
NZ_DS499581.1	146220	146774		plus	sugar O-acetyltransferase		73804234	protein-coding		WP_004330205.1	184	ALIPUT_RS11640
NZ_DS499581.1	147070	150468		plus	isoleucine--tRNA ligase	ileS	73804235	protein-coding		WP_004330207.1	1132	ALIPUT_RS11645
NZ_DS499581.1	150569	150955		plus	TraR/DksA family transcriptional regulator		73804236	protein-coding		WP_004330208.1	128	ALIPUT_RS11650
NZ_DS499581.1	151149	154931		minus	M56 family metallopeptidase		73804331	protein-coding		WP_004330209.1	1260	ALIPUT_RS12210
NZ_DS499581.1	154936	155304		minus	BlaI/MecI/CopY family transcriptional regulator		73804237	protein-coding		WP_004330210.1	122	ALIPUT_RS11660
NZ_DS499581.1	155567	155758		minus	30S ribosomal protein S21	rpsU	73804238	protein-coding		WP_004330212.1	63	ALIPUT_RS11665
NZ_DS499581.1	155796	156929		minus	helix-hairpin-helix domain-containing protein		73804239	protein-coding		WP_004330213.1	377	ALIPUT_RS11670
NZ_DS499581.1	156933	158780		minus	menaquinone biosynthesis decarboxylase		73804240	protein-coding		WP_004330214.1	615	ALIPUT_RS11675
NZ_DS499581.1	158903	161082		minus	uncharacterized gene		73804241	pseudogene				ALIPUT_RS11680
NZ_DS499581.1	161515	163365		plus	methylmalonyl-CoA mutase family protein		73804242	protein-coding		WP_004330219.1	616	ALIPUT_RS11690
NZ_DS499581.1	163378	165522		plus	methylmalonyl-CoA mutase	scpA	73804243	protein-coding		WP_004330220.1	714	ALIPUT_RS11695
NZ_DS499581.1	166133	168169		minus	peptidylprolyl isomerase		73804244	protein-coding		WP_004330221.1	678	ALIPUT_RS11700
NZ_DS499581.1	168326	169588		minus	hemolysin family protein		73804245	protein-coding		WP_004330223.1	420	ALIPUT_RS11705
NZ_DS499581.1	169585	170313		minus	LPS export ABC transporter periplasmic protein LptC	lptC	73804246	protein-coding		WP_004330224.1	242	ALIPUT_RS11710
NZ_DS499581.1	170334	171677		minus	hypothetical protein		73804247	protein-coding		WP_050751554.1	447	ALIPUT_RS11715
NZ_DS499581.1	171720	173075		minus	BamG family beta-barrel-assembly machinery protein	bamG	73804248	protein-coding		WP_004330226.1	451	ALIPUT_RS11720
NZ_DS499581.1	173050	173793		minus	type III pantothenate kinase		73804249	protein-coding		WP_004330227.1	247	ALIPUT_RS11725
NZ_DS499581.1	174074	177343		minus	transcription-repair coupling factor	mfd	73804250	protein-coding		WP_227088863.1	1089	ALIPUT_RS11730
NZ_DS499581.1	177647	179197		minus	Rne/Rng family ribonuclease		73804251	protein-coding		WP_004330230.1	516	ALIPUT_RS11735
NZ_DS499581.1	179655	179927		minus	HU family DNA-binding protein		73804252	protein-coding		WP_004330232.1	90	ALIPUT_RS11740
NZ_DS499581.1	180423	181973		plus	T9SS response regulator signal transducer PorX	porX	73804253	protein-coding		WP_004330234.1	516	ALIPUT_RS11745
NZ_DS499581.1	181977	182393		plus	tRNA (adenosine(37)-N6)-threonylcarbamoyltransferase complex ATPase subunit type 1 TsaE	tsaE	73804254	protein-coding		WP_004330235.1	138	ALIPUT_RS11750
NZ_DS499581.1	182946	183359		plus	SRPBCC family protein		73804255	protein-coding		WP_040294002.1	137	ALIPUT_RS11755
NZ_DS499581.1	183566	184165		minus	NUDIX hydrolase		73804256	protein-coding		WP_004330239.1	199	ALIPUT_RS11760
NZ_DS499581.1	184228	186366		plus	dipeptidyl-peptidase Dpp5	dpp5	73804257	protein-coding		WP_004330240.1	712	ALIPUT_RS11765
NZ_DS499581.1	186561	186707		plus	hypothetical protein		73804421	protein-coding		WP_004330241.1	48	ALIPUT_RS13065
NZ_DS499581.1	186725	189109		plus	PCMD domain-containing protein		73804258	protein-coding		WP_004330242.1	794	ALIPUT_RS11770
NZ_DS499581.1	189311	191110		plus	fimbrillin family protein		73804422	protein-coding		WP_004330243.1	599	ALIPUT_RS13070
NZ_DS499581.1	191131	191913		plus	DUF4493 domain-containing protein		73804259	protein-coding		WP_004330244.1	260	ALIPUT_RS11780
NZ_DS499581.1	191945	193741		plus	DUF4493 domain-containing protein		73804260	protein-coding		WP_004330245.1	598	ALIPUT_RS11785
NZ_DS499581.1	193754	195844		plus	DUF4493 domain-containing protein		73804261	protein-coding		WP_004330246.1	696	ALIPUT_RS11790
NZ_DS499581.1	196048	196746		plus	hypothetical protein		73804262	protein-coding		WP_004330247.1	232	ALIPUT_RS11795
NZ_DS499581.1	196759	197721		plus	hypothetical protein		73804263	protein-coding		WP_004330248.1	320	ALIPUT_RS11800
NZ_DS499581.1	197718	199364		plus	PCMD domain-containing protein		73804264	protein-coding		WP_004330249.1	548	ALIPUT_RS11805
NZ_DS499581.1	199513	200187		minus	transglycosylase SLT domain-containing protein		73804265	protein-coding		WP_004330250.1	224	ALIPUT_RS11810
NZ_DS499581.1	200230	202356		minus	putative porin		73804266	protein-coding		WP_302758569.1	708	ALIPUT_RS11815
NZ_DS499581.1	202434	203162		minus	CDP-alcohol phosphatidyltransferase family protein		73804267	protein-coding		WP_004330252.1	242	ALIPUT_RS11820
NZ_DS499581.1	203366	204106		plus	(Fe-S)-binding protein		73804268	protein-coding		WP_004330254.1	246	ALIPUT_RS11825
NZ_DS499581.1	204103	205491		plus	lactate utilization protein B		73804269	protein-coding		WP_004330255.1	462	ALIPUT_RS11830
NZ_DS499581.1	205488	206060		plus	LutC/YkgG family protein		73804270	protein-coding		WP_004330256.1	190	ALIPUT_RS11835
NZ_DS499581.1	206312	207388		plus	mannose-1-phosphate guanylyltransferase		73804271	protein-coding		WP_004330258.1	358	ALIPUT_RS11840
NZ_DS499581.1	207535	208794		plus	UDP-N-acetylmuramoyl-tripeptide--D-alanyl-D-alanine ligase		73804272	protein-coding		WP_040294008.1	419	ALIPUT_RS11845
NZ_DS499581.1	208821	209789		plus	alpha/beta hydrolase		73804273	protein-coding		WP_004330260.1	322	ALIPUT_RS11850
NZ_DS499581.1	210005	211942		plus	OPT family oligopeptide transporter		73804274	protein-coding		WP_004330262.1	645	ALIPUT_RS11855
NZ_DS499581.1	211962	213179		plus	peptidase T	pepT	73804275	protein-coding		WP_004330263.1	405	ALIPUT_RS11860
NZ_DS499581.1	213357	215291		plus	NAD(+) synthase		73804276	protein-coding		WP_004330265.1	644	ALIPUT_RS11865
NZ_DS499581.1	215305	215913		plus	lipocalin-like domain-containing protein		73804277	protein-coding		WP_040293984.1	202	ALIPUT_RS11870
NZ_DS499581.1	216115	216726		minus	hypothetical protein		73804278	protein-coding		WP_004330267.1	203	ALIPUT_RS11875
NZ_DS499581.1	216738	218153		minus	RNA polymerase factor sigma-54	rpoN	73804279	protein-coding		WP_004330268.1	471	ALIPUT_RS11880
NZ_DS499581.1	218298	219686		minus	asparagine--tRNA ligase	asnS	73804280	protein-coding		WP_004330270.1	462	ALIPUT_RS11885
NZ_DS499581.1	219805	221124		plus	glycoside hydrolase family 2 TIM barrel-domain containing protein		73804281	protein-coding		WP_004330271.1	439	ALIPUT_RS11890
NZ_DS499581.1	221258	221731		plus	23S rRNA (pseudouridine(1915)-N(3))-methyltransferase RlmH	rlmH	73804282	protein-coding		WP_040294009.1	157	ALIPUT_RS11895
NZ_DS499581.1	221728	222339		plus	response regulator transcription factor		73804283	protein-coding		WP_004330273.1	203	ALIPUT_RS11900
NZ_DS499581.1	222477	224723		plus	TonB-dependent receptor		73804284	protein-coding		WP_147554441.1	748	ALIPUT_RS11905
NZ_DS499581.1	224735	225274		plus	hypothetical protein		73804285	protein-coding		WP_004330275.1	179	ALIPUT_RS11910
NZ_DS499581.1	225288	225608		plus	HpaII family restriction endonuclease		73804286	protein-coding		WP_256130243.1	106	ALIPUT_RS11915
NZ_DS499581.1	225850	226890		plus	uncharacterized gene		73804287	pseudogene				ALIPUT_RS11920
NZ_DS499581.1	227320	227614		minus	transposase		73804357	protein-coding		WP_004330279.1	97	ALIPUT_RS12620
