Accession	Begin	End	Chromosome	Orientation	Name	Symbol	Gene ID	Gene Type	Transcripts accession	Protein accession	Protein length	Locus tag
NZ_CP132968.1	10	1344		plus	chromosomal replication initiator protein DnaA	dnaA	92739744	protein-coding		WP_008392980.1	444	RBI15_RS00005
NZ_CP132968.1	1627	2730		plus	DNA polymerase III subunit beta	dnaN	92739745	protein-coding		WP_009203096.1	367	RBI15_RS00010
NZ_CP132968.1	2746	2952		plus	RNA-binding S4 domain-containing protein		92739746	protein-coding		WP_008392977.1	68	RBI15_RS00015
NZ_CP132968.1	2964	4049		plus	DNA replication/repair protein RecF	recF	92739747	protein-coding		WP_008392976.1	361	RBI15_RS00020
NZ_CP132968.1	4059	5981		plus	DNA topoisomerase (ATP-hydrolyzing) subunit B	gyrB	92739748	protein-coding		WP_008392975.1	640	RBI15_RS00025
NZ_CP132968.1	5996	8479		plus	DNA gyrase subunit A	gyrA	92739749	protein-coding		WP_009203097.1	827	RBI15_RS00030
NZ_CP132968.1	8631	9473		plus	fumarate hydratase		92739750	protein-coding		WP_173775032.1	280	RBI15_RS00035
NZ_CP132968.1	9549	10103		plus	Fe-S-containing hydro-lyase		92739751	protein-coding		WP_009203099.1	184	RBI15_RS00040
NZ_CP132968.1	10203	10290		plus	tRNA-Ser		92739752	tRNA				RBI15_RS00045
NZ_CP132968.1	10795	12327		plus	16S ribosomal RNA		92739753	rRNA				RBI15_RS00050
NZ_CP132968.1	12390	12507		plus	5S ribosomal RNA	rrf	92739754	rRNA				RBI15_RS00055
NZ_CP132968.1	12819	15706		plus	23S ribosomal RNA		92739755	rRNA				RBI15_RS00060
NZ_CP132968.1	15778	15851		plus	tRNA-Asp		92739756	tRNA				RBI15_RS00065
NZ_CP132968.1	15871	15943		plus	tRNA-Val		92739757	tRNA				RBI15_RS00070
NZ_CP132968.1	15964	16036		plus	tRNA-Thr		92739758	tRNA				RBI15_RS00075
NZ_CP132968.1	16086	16167		plus	tRNA-Tyr		92739759	tRNA				RBI15_RS00080
NZ_CP132968.1	16180	16253		plus	tRNA-Met		92739760	tRNA				RBI15_RS00085
NZ_CP132968.1	16277	16349		plus	tRNA-Phe		92739761	tRNA				RBI15_RS00090
NZ_CP132968.1	16498	17880		plus	aminotransferase class I/II-fold pyridoxal phosphate-dependent enzyme		92739762	protein-coding		WP_306856908.1	460	RBI15_RS00095
NZ_CP132968.1	17893	18519		plus	dTMP kinase	tmk	92739763	protein-coding		WP_173761133.1	208	RBI15_RS00100
NZ_CP132968.1	18526	19518		plus	DNA polymerase III subunit delta'	holB	92739764	protein-coding		WP_009265717.1	330	RBI15_RS00105
NZ_CP132968.1	19512	20414		plus	PSP1 domain-containing protein		92739765	protein-coding		WP_173782786.1	300	RBI15_RS00110
NZ_CP132968.1	20395	21129		plus	tRNA1(Val) (adenine(37)-N6)-methyltransferase		92739766	protein-coding		WP_008393788.1	244	RBI15_RS00115
NZ_CP132968.1	21132	21977		plus	16S rRNA (cytidine(1402)-2'-O)-methyltransferase	rsmI	92739767	protein-coding		WP_009203992.1	281	RBI15_RS00120
NZ_CP132968.1	22060	22329		minus	AbrB/MazE/SpoVT family DNA-binding domain-containing protein		92739768	protein-coding		WP_008393791.1	89	RBI15_RS00125
NZ_CP132968.1	22442	24412		minus	methionine--tRNA ligase	metG	92739769	protein-coding		WP_173774983.1	656	RBI15_RS00130
NZ_CP132968.1	24528	26297		plus	DUF885 domain-containing protein		92739770	protein-coding		WP_306856915.1	589	RBI15_RS00135
NZ_CP132968.1	26313	27998		plus	phosphoenolpyruvate carboxykinase (ATP)		92739771	protein-coding		WP_008393796.1	561	RBI15_RS00140
NZ_CP132968.1	28064	28474		plus	MarR family winged helix-turn-helix transcriptional regulator		92739772	protein-coding		WP_008393797.1	136	RBI15_RS00145
NZ_CP132968.1	29318	29836		plus	YcxB family protein		92739773	protein-coding		WP_173782784.1	172	RBI15_RS00150
NZ_CP132968.1	29986	30507		plus	ECF transporter S component		92739774	protein-coding		WP_008392219.1	173	RBI15_RS00155
NZ_CP132968.1	30606	31739		plus	pyridoxal-phosphate-dependent aminotransferase family protein		92739775	protein-coding		WP_306856919.1	377	RBI15_RS00160
NZ_CP132968.1	31736	33865		plus	SulP family inorganic anion transporter		92739776	protein-coding		WP_306856921.1	709	RBI15_RS00165
NZ_CP132968.1	33940	35691		minus	leucine-rich repeat protein		92739777	protein-coding		WP_306856923.1	583	RBI15_RS00170
NZ_CP132968.1	35753	36160		minus	nucleoside recognition domain-containing protein		92739778	protein-coding		WP_330368293.1	135	RBI15_RS00175
NZ_CP132968.1	36265	36837		minus	hypothetical protein		92739779	protein-coding		WP_173723609.1	190	RBI15_RS00180
NZ_CP132968.1	36977	37047		plus	tRNA-Gly		92739780	tRNA				RBI15_RS00185
NZ_CP132968.1	37141	38088		plus	NYN domain-containing protein		92739781	protein-coding		WP_015530602.1	315	RBI15_RS00190
NZ_CP132968.1	38085	38858		plus	TatD family hydrolase		92739782	protein-coding		WP_008392226.1	257	RBI15_RS00195
NZ_CP132968.1	38862	39719		plus	16S rRNA (adenine(1518)-N(6)/adenine(1519)-N(6))-dimethyltransferase RsmA	rsmA	92739783	protein-coding		WP_008392227.1	285	RBI15_RS00200
NZ_CP132968.1	39708	40607		minus	DUF6128 domain-containing protein		92739784	protein-coding		WP_173723608.1	299	RBI15_RS00205
NZ_CP132968.1	40659	41144		plus	tRNA adenosine(34) deaminase TadA	tadA	92739785	protein-coding		WP_009265698.1	161	RBI15_RS00210
NZ_CP132968.1	41131	42765		plus	lectin like domain-containing protein		92739786	protein-coding		WP_306856929.1	544	RBI15_RS00215
NZ_CP132968.1	42854	43117		plus	signal recognition particle sRNA large type	ffs	92739787	other				RBI15_RS00220
NZ_CP132968.1	43234	43884		plus	GTP pyrophosphokinase		92739788	protein-coding		WP_008392232.1	216	RBI15_RS00225
NZ_CP132968.1	43948	44340		plus	hypothetical protein		92739789	protein-coding		WP_009265694.1	130	RBI15_RS00230
NZ_CP132968.1	44519	47014		plus	hypothetical protein		92739790	protein-coding		WP_118352605.1	831	RBI15_RS00235
NZ_CP132968.1	47150	49366		plus	transglycosylase domain-containing protein		92739791	protein-coding		WP_306856933.1	738	RBI15_RS00240
NZ_CP132968.1	49481	50650		minus	ribose-phosphate pyrophosphokinase		92739792	protein-coding		WP_008392237.1	389	RBI15_RS00245
NZ_CP132968.1	50705	51691		minus	ATP-binding protein		92739793	protein-coding		WP_306856934.1	328	RBI15_RS00250
NZ_CP132968.1	51695	52786		minus	DnaD domain protein		92739794	protein-coding		WP_306856935.1	363	RBI15_RS00255
NZ_CP132968.1	53034	54419		minus	UDP-N-acetylmuramate--L-alanine ligase	murC	92739795	protein-coding		WP_015530603.1	461	RBI15_RS00260
NZ_CP132968.1	54727	55014		plus	septation regulator SpoVG	spoVG	92739796	protein-coding		WP_008392243.1	95	RBI15_RS00265
NZ_CP132968.1	55140	55331		plus	DUF951 domain-containing protein		92739797	protein-coding		WP_008392244.1	63	RBI15_RS00270
NZ_CP132968.1	55424	55711		plus	30S ribosomal protein S6	rpsF	92739798	protein-coding		WP_009203185.1	95	RBI15_RS00275
NZ_CP132968.1	55733	56176		plus	single-stranded DNA-binding protein		92739799	protein-coding		WP_008392248.1	147	RBI15_RS00280
NZ_CP132968.1	56193	56447		plus	30S ribosomal protein S18	rpsR	92739800	protein-coding		WP_008392249.1	84	RBI15_RS00285
NZ_CP132968.1	56706	58781		plus	DHH family phosphoesterase		92739801	protein-coding		WP_008392250.1	691	RBI15_RS00290
NZ_CP132968.1	58785	59228		plus	50S ribosomal protein L9	rplI	92739802	protein-coding		WP_008392251.1	147	RBI15_RS00295
NZ_CP132968.1	59241	60581		plus	replicative DNA helicase	dnaB	92739803	protein-coding		WP_008392252.1	446	RBI15_RS00300
NZ_CP132968.1	60692	61402		plus	ComF family protein		92739804	protein-coding		WP_055158887.1	236	RBI15_RS00305
NZ_CP132968.1	61492	62532		plus	A/G-specific adenine glycosylase	mutY	92739805	protein-coding		WP_009203177.1	346	RBI15_RS00310
NZ_CP132968.1	62609	63397		plus	basic amino acid ABC transporter substrate-binding protein		92739806	protein-coding		WP_209291433.1	262	RBI15_RS00315
NZ_CP132968.1	63423	64100		plus	amino acid ABC transporter permease		92739807	protein-coding		WP_055232823.1	225	RBI15_RS00320
NZ_CP132968.1	64087	64809		plus	amino acid ABC transporter ATP-binding protein		92739808	protein-coding		WP_008392257.1	240	RBI15_RS00325
NZ_CP132968.1	65021	66325		plus	diguanylate cyclase		92739809	protein-coding		WP_306856946.1	434	RBI15_RS00330
NZ_CP132968.1	66361	67185		plus	substrate-binding periplasmic protein		92739810	protein-coding		WP_173782778.1	274	RBI15_RS00335
NZ_CP132968.1	67175	69331		plus	response regulator		92739811	protein-coding		WP_306856948.1	718	RBI15_RS00340
NZ_CP132968.1	69475	69786		plus	hypothetical protein		92739812	protein-coding		WP_008392264.1	103	RBI15_RS00345
NZ_CP132968.1	69799	70866		plus	V-type ATPase subunit		92739813	protein-coding		WP_306856951.1	355	RBI15_RS00350
NZ_CP132968.1	70863	72812		plus	V-type ATP synthase subunit I		92739814	protein-coding		WP_008392266.1	649	RBI15_RS00355
NZ_CP132968.1	72825	73259		plus	ATP synthase subunit C		92739815	protein-coding		WP_008392267.1	144	RBI15_RS00360
NZ_CP132968.1	73277	73585		plus	V-type ATP synthase subunit F		92739816	protein-coding		WP_055232819.1	102	RBI15_RS00365
NZ_CP132968.1	73604	74200		plus	V-type ATP synthase subunit E		92739817	protein-coding		WP_009203167.1	198	RBI15_RS00370
NZ_CP132968.1	74193	75959		plus	V-type ATP synthase subunit A		92739818	protein-coding		WP_149883502.1	588	RBI15_RS00375
NZ_CP132968.1	75975	77360		plus	V-type ATP synthase subunit B		92739819	protein-coding		WP_008392271.1	461	RBI15_RS00380
NZ_CP132968.1	77374	77994		plus	V-type ATP synthase subunit D		92739820	protein-coding		WP_173774970.1	206	RBI15_RS00385
NZ_CP132968.1	78069	78368		minus	nucleotide-binding domain containing protein		92742609	protein-coding		WP_306858369.1	99	RBI15_RS14510
NZ_CP132968.1	78322	78762		minus	four-carbon acid sugar kinase family protein		92739821	protein-coding		WP_173760443.1	146	RBI15_RS00395
NZ_CP132968.1	78810	79112		minus	PCC domain-containing protein		92739822	protein-coding		WP_306856960.1	100	RBI15_RS00400
NZ_CP132968.1	79136	79273		minus	hypothetical protein		92739823	protein-coding		WP_306856962.1	45	RBI15_RS00405
NZ_CP132968.1	79287	79895		minus	class II fructose-bisphosphate aldolase		92739824	protein-coding		WP_173760440.1	202	RBI15_RS00410
NZ_CP132968.1	79985	80488		minus	MurR/RpiR family transcriptional regulator		92739825	protein-coding		WP_009264807.1	167	RBI15_RS00415
NZ_CP132968.1	80501	80743		minus	MurR/RpiR family transcriptional regulator		92739826	protein-coding		WP_009203158.1	80	RBI15_RS00420
NZ_CP132968.1	80980	81876		plus	phosphogluconate dehydrogenase (NAD(+)-dependent, decarboxylating)	gnd	92739827	protein-coding		WP_022092096.1	298	RBI15_RS00425
NZ_CP132968.1	81889	82200		plus	hypothetical protein		92739828	protein-coding		WP_009203155.1	103	RBI15_RS00430
NZ_CP132968.1	82197	84089		plus	BglG family transcription antiterminator		92739829	protein-coding		WP_009203154.1	630	RBI15_RS00435
NZ_CP132968.1	84105	84584		plus	PTS sugar transporter subunit IIA		92739830	protein-coding		WP_009203153.1	159	RBI15_RS00440
NZ_CP132968.1	84587	84907		plus	PTS fructose transporter subunit IIB		92739831	protein-coding		WP_009203152.1	106	RBI15_RS00445
NZ_CP132968.1	84930	85991		plus	PTS fructose transporter subunit IIC		92739832	protein-coding		WP_009203151.1	353	RBI15_RS00450
NZ_CP132968.1	86082	87113		plus	hypothetical protein		92739833	protein-coding		WP_009203150.1	343	RBI15_RS00455
NZ_CP132968.1	87146	87847		plus	L-ribulose-5-phosphate 4-epimerase		92739834	protein-coding		WP_173751413.1	233	RBI15_RS00460
NZ_CP132968.1	87831	88673		plus	L-ribulose-5-phosphate 3-epimerase		92739835	protein-coding		WP_009203148.1	280	RBI15_RS00465
NZ_CP132968.1	88770	89846		plus	IS701 family transposase		92739836	protein-coding		WP_331532900.1	358	RBI15_RS00470
NZ_CP132968.1	90183	90542		plus	hypothetical protein		92739837	protein-coding		WP_009203900.1	119	RBI15_RS00475
NZ_CP132968.1	90722	91918		plus	chloride channel protein		92739838	protein-coding		WP_055072857.1	398	RBI15_RS00480
NZ_CP132968.1	92541	93044		plus	NUDIX hydrolase		92739839	protein-coding		WP_009204729.1	167	RBI15_RS00485
NZ_CP132968.1	93049	94422		plus	MATE family efflux transporter		92739840	protein-coding		WP_015530605.1	457	RBI15_RS00490
NZ_CP132968.1	94500	94730		minus	hypothetical protein		92739841	protein-coding		WP_008392277.1	76	RBI15_RS00495
NZ_CP132968.1	94752	95939		minus	sodium/glutamate symporter	gltS	92739842	protein-coding		WP_009204728.1	395	RBI15_RS00500
NZ_CP132968.1	95958	96953		minus	TAXI family TRAP transporter solute-binding subunit		92739843	protein-coding		WP_306856977.1	331	RBI15_RS00505
NZ_CP132968.1	97021	97458		minus	MerR family transcriptional regulator		92739844	protein-coding		WP_227085051.1	145	RBI15_RS00510
NZ_CP132968.1	97575	99323		plus	1-deoxy-D-xylulose-5-phosphate synthase		92739845	protein-coding		WP_306856981.1	582	RBI15_RS00515
NZ_CP132968.1	99920	101038		plus	IS110 family RNA-guided transposase		92739846	protein-coding		WP_306856744.1	372	RBI15_RS00520
NZ_CP132968.1	101609	102682		minus	6-phosphofructokinase		92739847	protein-coding		WP_118303061.1	357	RBI15_RS00525
NZ_CP132968.1	102979	103938		plus	sugar-binding transcriptional regulator		92739848	protein-coding		WP_242950314.1	319	RBI15_RS00530
NZ_CP132968.1	104158	105414		plus	zinc-binding dehydrogenase		92739849	protein-coding		WP_055196415.1	418	RBI15_RS00535
NZ_CP132968.1	105469	106302		plus	class II fructose-bisphosphate aldolase		92739850	protein-coding		WP_009204650.1	277	RBI15_RS00540
NZ_CP132968.1	106653	109808		plus	isoleucine--tRNA ligase	ileS	92739851	protein-coding		WP_173761205.1	1051	RBI15_RS00545
NZ_CP132968.1	109879	110325		minus	helix-turn-helix domain-containing protein		92739852	protein-coding		WP_306856986.1	148	RBI15_RS00550
NZ_CP132968.1	110366	110710		minus	membrane protein		92739853	protein-coding		WP_008392289.1	114	RBI15_RS00555
NZ_CP132968.1	110813	111913		minus	serine/threonine protein kinase		92739854	protein-coding		WP_306856988.1	366	RBI15_RS00560
NZ_CP132968.1	112128	112544		plus	hypothetical protein		92739855	protein-coding		WP_242854550.1	138	RBI15_RS00565
NZ_CP132968.1	112600	113220		plus	methylated-DNA--[protein]-cysteine S-methyltransferase		92739856	protein-coding		WP_022091571.1	206	RBI15_RS00570
NZ_CP132968.1	113316	114296		plus	pyruvate kinase		92739857	protein-coding		WP_306856992.1	326	RBI15_RS00575
NZ_CP132968.1	114293	115966		plus	glycoside hydrolase family 13 protein		92739858	protein-coding		WP_306856993.1	557	RBI15_RS00580
NZ_CP132968.1	116359	116955		plus	stage II sporulation protein R	spoIIR	92739859	protein-coding		WP_215711123.1	198	RBI15_RS00585
NZ_CP132968.1	117007	117537		minus	class I SAM-dependent methyltransferase		92739860	protein-coding		WP_226799383.1	176	RBI15_RS00590
NZ_CP132968.1	117757	120399		plus	translation factor GTPase family protein		92739861	protein-coding		WP_306856996.1	880	RBI15_RS00595
NZ_CP132968.1	120424	121194		plus	tyrosine-protein phosphatase		92739862	protein-coding		WP_055258387.1	256	RBI15_RS00600
NZ_CP132968.1	121198	121767		plus	SGNH/GDSL hydrolase family protein		92739863	protein-coding		WP_055161224.1	189	RBI15_RS00605
NZ_CP132968.1	121784	122587		minus	MBL fold metallo-hydrolase		92739864	protein-coding		WP_306857000.1	267	RBI15_RS00610
NZ_CP132968.1	122756	123715		plus	leucine-rich repeat protein		92739865	protein-coding		WP_044924110.1	319	RBI15_RS00615
NZ_CP132968.1	123738	125057		plus	vWA domain-containing protein		92739866	protein-coding		WP_009264778.1	439	RBI15_RS00620
NZ_CP132968.1	125047	126534		plus	ATP-binding protein		92739867	protein-coding		WP_022091563.1	495	RBI15_RS00625
NZ_CP132968.1	126545	127912		minus	MATE family efflux transporter		92739868	protein-coding		WP_306857003.1	455	RBI15_RS00630
NZ_CP132968.1	128033	128368		plus	hypothetical protein		92739869	protein-coding		WP_009204677.1	111	RBI15_RS00635
NZ_CP132968.1	128605	129081		plus	nucleotidyltransferase domain-containing protein		92739870	protein-coding		WP_226796584.1	158	RBI15_RS00640
NZ_CP132968.1	129074	129403		plus	HepT-like ribonuclease domain-containing protein		92739871	protein-coding		WP_009204679.1	109	RBI15_RS00645
NZ_CP132968.1	129483	129890		plus	helix-turn-helix domain-containing protein		92739872	protein-coding		WP_055072872.1	135	RBI15_RS00650
NZ_CP132968.1	130170	131501		minus	MATE family efflux transporter		92739873	protein-coding		WP_173727794.1	443	RBI15_RS00655
NZ_CP132968.1	131508	131966		minus	MarR family winged helix-turn-helix transcriptional regulator		92739874	protein-coding		WP_008392311.1	152	RBI15_RS00660
NZ_CP132968.1	132151	133509		plus	Wadjet anti-phage system protein JetA family protein		92739875	protein-coding		WP_173727797.1	452	RBI15_RS00665
NZ_CP132968.1	133506	134162		plus	DUF4194 domain-containing protein		92739876	protein-coding		WP_173727799.1	218	RBI15_RS00670
NZ_CP132968.1	134110	137463		plus	ATP-binding protein		92739877	protein-coding		WP_416387420.1	1117	RBI15_RS00675
NZ_CP132968.1	137496	138383		plus	EamA family transporter		92739878	protein-coding		WP_156723786.1	295	RBI15_RS00680
NZ_CP132968.1	138604	138996		plus	BlaI/MecI/CopY family transcriptional regulator		92739879	protein-coding		WP_009204687.1	130	RBI15_RS00685
NZ_CP132968.1	139061	140344		plus	M56 family metallopeptidase		92739880	protein-coding		WP_306857013.1	427	RBI15_RS00690
NZ_CP132968.1	140389	140523		plus	hypothetical protein		92739881	protein-coding		WP_264471091.1	44	RBI15_RS00695
NZ_CP132968.1	141031	141888		plus	YncE family protein		92739882	protein-coding		WP_227085078.1	285	RBI15_RS00700
NZ_CP132968.1	142038	142793		plus	tRNA threonylcarbamoyladenosine dehydratase		92739883	protein-coding		WP_008392323.1	251	RBI15_RS00705
NZ_CP132968.1	142781	143485		plus	AzlC family ABC transporter permease		92739884	protein-coding		WP_156723791.1	234	RBI15_RS00710
NZ_CP132968.1	143485	143811		plus	branched-chain amino acid transporter permease		92739885	protein-coding		WP_156723793.1	108	RBI15_RS00715
NZ_CP132968.1	143859	145016		plus	trans-sulfuration enzyme family protein		92739886	protein-coding		WP_193558188.1	385	RBI15_RS00720
NZ_CP132968.1	145235	146053		plus	Cof-type HAD-IIB family hydrolase		92739887	protein-coding		WP_243135450.1	272	RBI15_RS00725
NZ_CP132968.1	146241	147179		plus	cysteine synthase A	cysK	92739888	protein-coding		WP_055232938.1	312	RBI15_RS00730
NZ_CP132968.1	147196	148356		plus	molybdopterin-synthase adenylyltransferase MoeB	moeB	92739889	protein-coding		WP_022091277.1	386	RBI15_RS00735
NZ_CP132968.1	148639	150609		plus	BglG family transcription antiterminator		92739890	protein-coding		WP_022091276.1	656	RBI15_RS00740
NZ_CP132968.1	150641	151090		plus	PTS sugar transporter subunit IIA		92739891	protein-coding		WP_008392340.1	149	RBI15_RS00745
NZ_CP132968.1	151402	151713		plus	PTS fructose transporter subunit IIB		92739892	protein-coding		WP_008392341.1	103	RBI15_RS00750
NZ_CP132968.1	151753	152841		plus	PTS fructose transporter subunit IIC		92739893	protein-coding		WP_008392342.1	362	RBI15_RS00755
NZ_CP132968.1	152864	153718		plus	class II fructose-bisphosphate aldolase		92739894	protein-coding		WP_009264749.1	284	RBI15_RS00760
NZ_CP132968.1	153750	154619		plus	ketose-bisphosphate aldolase		92739895	protein-coding		WP_008392344.1	289	RBI15_RS00765
NZ_CP132968.1	154699	155586		plus	ROK family protein		92739896	protein-coding		WP_008392345.1	295	RBI15_RS00770
NZ_CP132968.1	155691	156560		plus	MurR/RpiR family transcriptional regulator		92739897	protein-coding		WP_008392346.1	289	RBI15_RS00775
NZ_CP132968.1	156818	158206		plus	6-phospho-beta-glucosidase		92739898	protein-coding		WP_149883808.1	462	RBI15_RS00780
NZ_CP132968.1	158220	159275		plus	aldose epimerase family protein		92739899	protein-coding		WP_245193589.1	351	RBI15_RS00785
NZ_CP132968.1	159277	161442		plus	PTS sugar transporter subunit IIABC		92739900	protein-coding		WP_173782739.1	721	RBI15_RS00790
NZ_CP132968.1	161516	161588		plus	tRNA-Gly		92739901	tRNA				RBI15_RS00795
NZ_CP132968.1	161801	161980		plus	hypothetical protein		92739902	protein-coding		WP_209290690.1	59	RBI15_RS00800
NZ_CP132968.1	162059	162718		plus	hypothetical protein		92739903	protein-coding		WP_209290688.1	219	RBI15_RS00805
NZ_CP132968.1	162939	164597		plus	histidine kinase N-terminal 7TM domain-containing protein		92739904	protein-coding		WP_306857033.1	552	RBI15_RS00810
NZ_CP132968.1	164597	165880		plus	sensor histidine kinase		92739905	protein-coding		WP_209290686.1	427	RBI15_RS00815
NZ_CP132968.1	165837	166475		plus	response regulator transcription factor		92739906	protein-coding		WP_173723885.1	212	RBI15_RS00820
NZ_CP132968.1	166629	168410		plus	fibronectin type III domain-containing protein		92739907	protein-coding		WP_173723886.1	593	RBI15_RS00825
NZ_CP132968.1	168545	168832		plus	C40 family peptidase		92739908	protein-coding		WP_226796594.1	95	RBI15_RS00830
NZ_CP132968.1	169025	169939		plus	C40 family peptidase		92739909	protein-coding		WP_227054535.1	304	RBI15_RS00835
NZ_CP132968.1	170014	171378		minus	NCS2 family permease		92739910	protein-coding		WP_306857040.1	454	RBI15_RS00840
NZ_CP132968.1	171842	175075		plus	carbamoyl-phosphate synthase large subunit	carB	92739911	protein-coding		WP_009264733.1	1077	RBI15_RS00845
NZ_CP132968.1	175786	177483		minus	ABC-ATPase domain-containing protein		92739912	protein-coding		WP_306857043.1	565	RBI15_RS00850
NZ_CP132968.1	177610	178305		plus	HAD family hydrolase		92739913	protein-coding		WP_226816098.1	231	RBI15_RS00855
NZ_CP132968.1	178317	178505		plus	DUF6472 family protein		92739914	protein-coding		WP_008392367.1	62	RBI15_RS00860
NZ_CP132968.1	178591	179541		plus	Rpn family recombination-promoting nuclease/putative transposase		92739915	protein-coding		WP_008392368.1	316	RBI15_RS00865
NZ_CP132968.1	179621	180226		plus	cytidylate kinase-like family protein		92739916	protein-coding		WP_009265921.1	201	RBI15_RS00870
NZ_CP132968.1	180416	181771		plus	MATE family efflux transporter		92739917	protein-coding		WP_044924890.1	451	RBI15_RS00875
NZ_CP132968.1	181868	182596		minus	hypothetical protein		92739918	protein-coding		WP_118352263.1	242	RBI15_RS00880
NZ_CP132968.1	182704	183336		plus	endonuclease III domain-containing protein		92739919	protein-coding		WP_008392372.1	210	RBI15_RS00885
NZ_CP132968.1	183373	184278		plus	CAP domain-containing protein		92739920	protein-coding		WP_287800672.1	301	RBI15_RS00890
NZ_CP132968.1	184358	185017		minus	YczE/YyaS/YitT family protein		92739921	protein-coding		WP_243135476.1	219	RBI15_RS00895
NZ_CP132968.1	185179	186045		plus	LysR family transcriptional regulator		92739922	protein-coding		WP_055232895.1	288	RBI15_RS00900
NZ_CP132968.1	186109	187014		plus	transglutaminase domain-containing protein		92739923	protein-coding		WP_227054456.1	301	RBI15_RS00905
NZ_CP132968.1	187028	188068		plus	type II secretion system F family protein		92739924	protein-coding		WP_306857049.1	346	RBI15_RS00910
NZ_CP132968.1	188081	188416		plus	hypothetical protein		92739925	protein-coding		WP_009203755.1	111	RBI15_RS00915
NZ_CP132968.1	188440	188895		plus	DUF4860 domain-containing protein		92739926	protein-coding		WP_015530629.1	151	RBI15_RS00920
NZ_CP132968.1	188904	189344		plus	hypothetical protein		92739927	protein-coding		WP_009265933.1	146	RBI15_RS00925
NZ_CP132968.1	189331	189816		plus	hypothetical protein		92739928	protein-coding		WP_118302249.1	161	RBI15_RS00930
NZ_CP132968.1	189828	190886		plus	type IV pilus twitching motility protein PilT		92739929	protein-coding		WP_306857054.1	352	RBI15_RS00935
NZ_CP132968.1	191048	191986		plus	anthrax toxin lethal factor-related metalloendopeptidase		92739930	protein-coding		WP_149883818.1	312	RBI15_RS00940
NZ_CP132968.1	192112	192909		plus	FAD binding domain-containing protein		92739931	protein-coding		WP_009203760.1	265	RBI15_RS00945
NZ_CP132968.1	192912	193385		plus	(2Fe-2S)-binding protein		92739932	protein-coding		WP_008392385.1	157	RBI15_RS00950
NZ_CP132968.1	193382	195667		plus	xanthine dehydrogenase family protein molybdopterin-binding subunit		92739933	protein-coding		WP_009203761.1	761	RBI15_RS00955
NZ_CP132968.1	195674	196288		plus	nucleotidyltransferase family protein		92739934	protein-coding		WP_009203762.1	204	RBI15_RS00960
NZ_CP132968.1	196328	196903		plus	xanthine phosphoribosyltransferase		92739935	protein-coding		WP_008392388.1	191	RBI15_RS00965
NZ_CP132968.1	197522	199621		plus	metallophosphoesterase		92739936	protein-coding		WP_306857059.1	699	RBI15_RS00970
NZ_CP132968.1	199762	200883		plus	YibE/F family protein		92739937	protein-coding		WP_306857061.1	373	RBI15_RS00975
NZ_CP132968.1	201256	202263		plus	3-deoxy-7-phosphoheptulonate synthase	aroF	92739938	protein-coding		WP_288663353.1	335	RBI15_RS00980
NZ_CP132968.1	202398	202964		plus	aminoacyl-tRNA hydrolase	pth	92739939	protein-coding		WP_306857063.1	188	RBI15_RS00985
NZ_CP132968.1	202974	206495		plus	transcription-repair coupling factor	mfd	92739940	protein-coding		WP_306857065.1	1173	RBI15_RS00990
NZ_CP132968.1	206559	207668		plus	peptidylprolyl isomerase		92739941	protein-coding		WP_306857067.1	369	RBI15_RS00995
NZ_CP132968.1	207706	208491		minus	DeoR/GlpR family DNA-binding transcription regulator		92739942	protein-coding		WP_216421032.1	261	RBI15_RS01000
NZ_CP132968.1	208665	209669		plus	2-hydroxyacid dehydrogenase		92739943	protein-coding		WP_118738627.1	334	RBI15_RS01005
NZ_CP132968.1	209835	211916		plus	BglG family transcription antiterminator		92739944	protein-coding		WP_306857072.1	693	RBI15_RS01010
NZ_CP132968.1	211922	212389		plus	PTS sugar transporter subunit IIA		92739945	protein-coding		WP_216421035.1	155	RBI15_RS01015
NZ_CP132968.1	212448	212750		plus	PTS sugar transporter subunit IIB		92739946	protein-coding		WP_118738629.1	100	RBI15_RS01020
NZ_CP132968.1	212816	214243		plus	PTS galactitol transporter subunit IIC		92739947	protein-coding		WP_008392400.1	475	RBI15_RS01025
NZ_CP132968.1	214250	215542		plus	sn-glycerol-1-phosphate dehydrogenase		92739948	protein-coding		WP_118683043.1	430	RBI15_RS01030
NZ_CP132968.1	215536	216228		plus	L-ribulose-5-phosphate 4-epimerase		92739949	protein-coding		WP_008392402.1	230	RBI15_RS01035
NZ_CP132968.1	216337	217125		plus	HAD-IIA family hydrolase		92739950	protein-coding		WP_055233120.1	262	RBI15_RS01040
NZ_CP132968.1	217319	219043		minus	phospho-sugar mutase		92739951	protein-coding		WP_009203768.1	574	RBI15_RS01045
NZ_CP132968.1	219100	220080		minus	phosphotransferase		92739952	protein-coding		WP_306857079.1	326	RBI15_RS01050
NZ_CP132968.1	220202	220663		plus	nucleolar protein 3		92739953	protein-coding		WP_306857081.1	153	RBI15_RS01055
NZ_CP132968.1	220832	221251		plus	glycerophosphodiester phosphodiesterase family protein		92739954	protein-coding		WP_306857083.1	139	RBI15_RS01060
NZ_CP132968.1	221344	222075		plus	GntR family transcriptional regulator		92739955	protein-coding		WP_270426421.1	243	RBI15_RS01065
NZ_CP132968.1	222303	224066		plus	class I mannose-6-phosphate isomerase		92739956	protein-coding		WP_306857087.1	587	RBI15_RS01070
NZ_CP132968.1	224078	224848		plus	glucose-6-phosphate isomerase family protein		92739957	protein-coding		WP_306857088.1	256	RBI15_RS01075
NZ_CP132968.1	224862	226511		plus	alcohol dehydrogenase catalytic domain-containing protein		92739958	protein-coding		WP_173747736.1	549	RBI15_RS01080
NZ_CP132968.1	226518	227615		plus	mannitol dehydrogenase family protein		92739959	protein-coding		WP_306857091.1	365	RBI15_RS01085
NZ_CP132968.1	227638	229461		plus	PTS fructose transporter subunit IIABC		92739960	protein-coding		WP_173747740.1	607	RBI15_RS01090
NZ_CP132968.1	230539	231432		plus	aldo/keto reductase		92739961	protein-coding		WP_008392408.1	297	RBI15_RS01095
NZ_CP132968.1	231432	231941		plus	prolyl-tRNA synthetase associated domain-containing protein		92739962	protein-coding		WP_008392409.1	169	RBI15_RS01100
NZ_CP132968.1	232056	233153		plus	iron-containing alcohol dehydrogenase family protein		92739963	protein-coding		WP_008392411.1	365	RBI15_RS01105
NZ_CP132968.1	234030	234773		plus	hypothetical protein		92739964	protein-coding		WP_227054192.1	247	RBI15_RS01110
NZ_CP132968.1	235521	236825		plus	pyrimidine-nucleoside phosphorylase		92739965	protein-coding		WP_209301975.1	434	RBI15_RS01115
NZ_CP132968.1	236863	237267		plus	protease complex subunit PrcB family protein		92739966	protein-coding		WP_044925043.1	134	RBI15_RS01120
NZ_CP132968.1	237355	239373		plus	ATP-dependent zinc metalloprotease FtsH	ftsH	92739967	protein-coding		WP_055231564.1	672	RBI15_RS01125
NZ_CP132968.1	239525	240325		minus	SDR family NAD(P)-dependent oxidoreductase		92739968	protein-coding		WP_173728591.1	266	RBI15_RS01130
NZ_CP132968.1	240883	241959		plus	zinc-binding dehydrogenase		92739969	protein-coding		WP_008392417.1	358	RBI15_RS01135
NZ_CP132968.1	242008	242688		plus	beta/alpha barrel domain-containing protein		92739970	protein-coding		WP_306857102.1	226	RBI15_RS01140
NZ_CP132968.1	242709	244085		plus	MFS transporter		92739971	protein-coding		WP_306857104.1	458	RBI15_RS01145
NZ_CP132968.1	244191	245246		plus	NAD(P)-dependent alcohol dehydrogenase		92739972	protein-coding		WP_015530634.1	351	RBI15_RS01150
NZ_CP132968.1	245283	246122		plus	class II fructose-bisphosphate aldolase		92739973	protein-coding		WP_055258933.1	279	RBI15_RS01155
NZ_CP132968.1	246115	247083		plus	carbohydrate kinase family protein		92739974	protein-coding		WP_055161722.1	322	RBI15_RS01160
NZ_CP132968.1	247126	248118		plus	NADH-dependent methylglyoxal reductase	ydjG	92739975	protein-coding		WP_015530635.1	330	RBI15_RS01165
NZ_CP132968.1	248298	249050		plus	DeoR/GlpR family DNA-binding transcription regulator		92739976	protein-coding		WP_306857112.1	250	RBI15_RS01170
NZ_CP132968.1	249115	250464		plus	dicarboxylate/amino acid:cation symporter		92739977	protein-coding		WP_306857114.1	449	RBI15_RS01175
NZ_CP132968.1	250687	250935		plus	Veg family protein		92739978	protein-coding		WP_008392426.1	82	RBI15_RS01180
NZ_CP132968.1	251002	252561		plus	DUF3794 and LysM peptidoglycan-binding domain-containing protein		92739979	protein-coding		WP_306857116.1	519	RBI15_RS01185
NZ_CP132968.1	252657	253523		plus	4-(cytidine 5'-diphospho)-2-C-methyl-D-erythritol kinase	ispE	92739980	protein-coding		WP_306857118.1	288	RBI15_RS01190
NZ_CP132968.1	253589	254263		plus	GntR family transcriptional regulator		92739981	protein-coding		WP_022092030.1	224	RBI15_RS01195
NZ_CP132968.1	254689	255171		plus	GNAT family N-acetyltransferase		92739982	protein-coding		WP_306857121.1	160	RBI15_RS01200
NZ_CP132968.1	255260	255469		plus	AAA family ATPase		92742610	protein-coding		WP_306858371.1	69	RBI15_RS14515
NZ_CP132968.1	255584	256639		minus	phosphatidylinositol-specific phospholipase C/glycerophosphodiester phosphodiesterase family protein		92739983	protein-coding		WP_306857123.1	351	RBI15_RS01210
NZ_CP132968.1	256700	257323		minus	TIGR01906 family membrane protein		92739984	protein-coding		WP_306857125.1	207	RBI15_RS01215
NZ_CP132968.1	257441	258061		plus	hypothetical protein		92739985	protein-coding		WP_306857127.1	206	RBI15_RS01220
NZ_CP132968.1	258058	259713		plus	adenine deaminase	ade	92739986	protein-coding		WP_306857129.1	551	RBI15_RS01225
NZ_CP132968.1	259732	260589		plus	polysaccharide deacetylase family protein		92739987	protein-coding		WP_044924311.1	285	RBI15_RS01230
NZ_CP132968.1	260834	261796		plus	helix-turn-helix domain-containing protein		92739988	protein-coding		WP_008392439.1	320	RBI15_RS01235
NZ_CP132968.1	261815	263602		plus	ABC transporter ATP-binding protein		92739989	protein-coding		WP_306857132.1	595	RBI15_RS01240
NZ_CP132968.1	263605	265335		plus	ABC transporter ATP-binding protein		92739990	protein-coding		WP_306857134.1	576	RBI15_RS01245
NZ_CP132968.1	265676	266644		minus	Rpn family recombination-promoting nuclease/putative transposase		92739991	protein-coding		WP_216421061.1	322	RBI15_RS01250
NZ_CP132968.1	267044	268468		plus	spore germination protein		92739992	protein-coding		WP_306858373.1	474	RBI15_RS01255
NZ_CP132968.1	268458	269513		plus	GerAB/ArcD/ProY family transporter		92739993	protein-coding		WP_306857138.1	351	RBI15_RS01260
NZ_CP132968.1	269500	270015		plus	Ger(x)C family spore germination protein		92739994	protein-coding		WP_306857140.1	171	RBI15_RS01265
NZ_CP132968.1	270173	272293		plus	anaerobic ribonucleoside-triphosphate reductase	nrdD	92739995	protein-coding		WP_216421065.1	706	RBI15_RS01270
NZ_CP132968.1	272295	272786		plus	anaerobic ribonucleoside-triphosphate reductase activating protein	nrdG	92739996	protein-coding		WP_173761009.1	163	RBI15_RS01275
NZ_CP132968.1	273576	275444		plus	excinuclease ABC subunit UvrC	uvrC	92739997	protein-coding		WP_306857143.1	622	RBI15_RS01280
NZ_CP132968.1	275506	276441		plus	HPr(Ser) kinase/phosphatase	hprK	92739998	protein-coding		WP_306857145.1	311	RBI15_RS01285
NZ_CP132968.1	276447	277382		plus	ROK family glucokinase		92739999	protein-coding		WP_306857147.1	311	RBI15_RS01290
NZ_CP132968.1	277452	278360		plus	UDP-N-acetylmuramate dehydrogenase	murB	92740000	protein-coding		WP_008393811.1	302	RBI15_RS01295
NZ_CP132968.1	278376	279230		plus	RNase adapter RapZ	rapZ	92740001	protein-coding		WP_009202776.1	284	RBI15_RS01300
NZ_CP132968.1	279234	280160		plus	DNA-binding protein WhiA	whiA	92740002	protein-coding		WP_215718462.1	308	RBI15_RS01305
NZ_CP132968.1	280157	280420		plus	HPr family phosphocarrier protein		92740003	protein-coding		WP_009202774.1	87	RBI15_RS01310
NZ_CP132968.1	280447	280519		plus	tRNA-Thr		92740004	tRNA				RBI15_RS01315
NZ_CP132968.1	280568	282067		minus	M15 family metallopeptidase		92740005	protein-coding		WP_252188654.1	499	RBI15_RS01320
NZ_CP132968.1	282230	283813		minus	glucose-6-phosphate isomerase		92740006	protein-coding		WP_055231583.1	527	RBI15_RS01325
NZ_CP132968.1	283968	284675		minus	hypothetical protein		92740007	protein-coding		WP_306857153.1	235	RBI15_RS01330
NZ_CP132968.1	284917	286284		plus	sodium-dependent transporter		92740008	protein-coding		WP_306857155.1	455	RBI15_RS01335
NZ_CP132968.1	286843	288546		minus	carbon starvation CstA family protein		92740009	protein-coding		WP_008393823.1	567	RBI15_RS01340
NZ_CP132968.1	288973	290331		minus	UDP-N-acetylmuramoyl-tripeptide--D-alanyl-D-alanine ligase		92740010	protein-coding		WP_306857158.1	452	RBI15_RS01345
NZ_CP132968.1	290493	293948		plus	DNA polymerase III subunit alpha		92740011	protein-coding		WP_306857160.1	1151	RBI15_RS01350
NZ_CP132968.1	294036	295025		plus	6-phosphofructokinase	pfkA	92740012	protein-coding		WP_009265852.1	329	RBI15_RS01355
NZ_CP132968.1	295097	296449		plus	TrkH family potassium uptake protein		92740013	protein-coding		WP_055258890.1	450	RBI15_RS01360
NZ_CP132968.1	296503	297150		plus	potassium channel family protein		92740014	protein-coding		WP_008393829.1	215	RBI15_RS01365
NZ_CP132968.1	297173	297946		plus	TrmH family RNA methyltransferase		92740015	protein-coding		WP_008393830.1	257	RBI15_RS01370
NZ_CP132968.1	297947	298378		plus	NfeD family protein		92740016	protein-coding		WP_008393831.1	143	RBI15_RS01375
NZ_CP132968.1	298383	299363		plus	SPFH domain-containing protein		92740017	protein-coding		WP_008393832.1	326	RBI15_RS01380
NZ_CP132968.1	299468	300118		plus	SGNH/GDSL hydrolase family protein		92740018	protein-coding		WP_055161426.1	216	RBI15_RS01385
NZ_CP132968.1	300231	301184		plus	ornithine carbamoyltransferase	argF	92740019	protein-coding		WP_015530642.1	317	RBI15_RS01390
NZ_CP132968.1	301200	302180		plus	biotin--[acetyl-CoA-carboxylase] ligase		92740020	protein-coding		WP_044924932.1	326	RBI15_RS01395
NZ_CP132968.1	302226	302558		plus	DUF6145 family protein		92740021	protein-coding		WP_008393839.1	110	RBI15_RS01400
NZ_CP132968.1	302562	303326		plus	type III pantothenate kinase		92740022	protein-coding		WP_044924930.1	254	RBI15_RS01405
NZ_CP132968.1	303313	304311		plus	tRNA dihydrouridine synthase DusB	dusB	92740023	protein-coding		WP_044924929.1	332	RBI15_RS01410
NZ_CP132968.1	304381	304860		plus	transcription elongation factor GreA	greA	92740024	protein-coding		WP_044924927.1	159	RBI15_RS01415
NZ_CP132968.1	304876	306816		plus	lysine--tRNA ligase	lysS	92740025	protein-coding		WP_055258884.1	646	RBI15_RS01420
NZ_CP132968.1	307102	307329		plus	DUF6462 family protein		92740026	protein-coding		WP_008393847.1	75	RBI15_RS01425
NZ_CP132968.1	307355	307549		plus	uncharacterized gene		92740027	pseudogene				RBI15_RS01430
NZ_CP132968.1	307543	307665		plus	uncharacterized gene		307641554	pseudogene				RBI15_RS14655
NZ_CP132968.1	307730	308227		plus	flavodoxin		92740028	protein-coding		WP_209301938.1	165	RBI15_RS01435
NZ_CP132968.1	308244	308627		plus	MerR family transcriptional regulator		92740029	protein-coding		WP_009203852.1	127	RBI15_RS01440
NZ_CP132968.1	308609	309139		plus	flavodoxin		92740030	protein-coding		WP_005347223.1	176	RBI15_RS01445
NZ_CP132968.1	309124	309705		plus	acyltransferase		92740031	protein-coding		WP_005347226.1	193	RBI15_RS01450
NZ_CP132968.1	309710	310549		plus	aldo/keto reductase		92740032	protein-coding		WP_209301939.1	279	RBI15_RS01455
NZ_CP132968.1	310821	311174		minus	cupin domain-containing protein		92740033	protein-coding		WP_015530645.1	117	RBI15_RS01460
NZ_CP132968.1	311315	311647		plus	winged helix-turn-helix transcriptional regulator		92740034	protein-coding		WP_008373705.1	110	RBI15_RS01465
NZ_CP132968.1	311710	312618		plus	LysR family transcriptional regulator		92740035	protein-coding		WP_008393855.1	302	RBI15_RS01470
NZ_CP132968.1	312708	313292		plus	LysE family transporter		92740036	protein-coding		WP_015530646.1	194	RBI15_RS01475
NZ_CP132968.1	313305	313438		plus	uncharacterized gene		92742611	pseudogene				RBI15_RS14520
NZ_CP132968.1	313660	313875		plus	hypothetical protein		92740037	protein-coding		WP_209302301.1	71	RBI15_RS01485
NZ_CP132968.1	313897	314313		plus	hypothetical protein		92740038	protein-coding		WP_306857196.1	138	RBI15_RS01490
NZ_CP132968.1	314367	314882		minus	helix-turn-helix domain-containing protein		92740039	protein-coding		WP_008393860.1	171	RBI15_RS01495
NZ_CP132968.1	315065	316672		minus	hydroxylamine reductase	hcp	92740040	protein-coding		WP_306857199.1	535	RBI15_RS01500
NZ_CP132968.1	316811	317485		plus	Crp/Fnr family transcriptional regulator		92740041	protein-coding		WP_306857201.1	224	RBI15_RS01505
NZ_CP132968.1	317515	318876		plus	MATE family efflux transporter		92740042	protein-coding		WP_173723751.1	453	RBI15_RS01510
NZ_CP132968.1	319182	320585		plus	alanine/glycine:cation symporter family protein		92740043	protein-coding		WP_044922733.1	467	RBI15_RS01515
NZ_CP132968.1	320782	321597		plus	substrate-binding periplasmic protein		92740044	protein-coding		WP_055231613.1	271	RBI15_RS01520
NZ_CP132968.1	321581	323761		plus	hybrid sensor histidine kinase/response regulator		92740045	protein-coding		WP_055231615.1	726	RBI15_RS01525
NZ_CP132968.1	323761	325602		plus	extracellular solute-binding protein		92740046	protein-coding		WP_306857206.1	613	RBI15_RS01530
NZ_CP132968.1	325608	328556		plus	hybrid sensor histidine kinase/response regulator		92740047	protein-coding		WP_055231618.1	982	RBI15_RS01535
NZ_CP132968.1	328738	329571		plus	patatin-like phospholipase family protein		92740048	protein-coding		WP_022091972.1	277	RBI15_RS01540
NZ_CP132968.1	329656	330684		plus	hypothetical protein		92740049	protein-coding		WP_008393876.1	342	RBI15_RS01545
NZ_CP132968.1	330696	331397		plus	VanR-ABDEGLN family response regulator transcription factor	vanR	92740050	protein-coding		WP_156723868.1	233	RBI15_RS01550
NZ_CP132968.1	331387	332520		plus	sensor histidine kinase		92740051	protein-coding		WP_306857214.1	377	RBI15_RS01555
NZ_CP132968.1	332517	334151		plus	putative manganese-dependent inorganic diphosphatase		92740052	protein-coding		WP_009204230.1	544	RBI15_RS01560
NZ_CP132968.1	334369	336090		minus	ABC transporter ATP-binding protein		92740053	protein-coding		WP_008393880.1	573	RBI15_RS01565
NZ_CP132968.1	336458	336736		plus	helix-turn-helix domain-containing protein		92740054	protein-coding		WP_156723870.1	92	RBI15_RS01570
NZ_CP132968.1	336723	337853		plus	type II toxin-antitoxin system HipA family toxin		92740055	protein-coding		WP_173782487.1	376	RBI15_RS01575
NZ_CP132968.1	338066	338659		minus	NUDIX hydrolase		92740056	protein-coding		WP_009204236.1	197	RBI15_RS01580
NZ_CP132968.1	338669	340087		minus	[FeFe] hydrogenase H-cluster radical SAM maturase HydG	hydG	92740057	protein-coding		WP_008393882.1	472	RBI15_RS01585
NZ_CP132968.1	340437	343262		plus	bifunctional diguanylate cyclase/phosphodiesterase		92740058	protein-coding		WP_306857219.1	941	RBI15_RS01590
NZ_CP132968.1	343295	343792		plus	preQ(1) synthase	queF	92740059	protein-coding		WP_008393884.1	165	RBI15_RS01595
NZ_CP132968.1	343823	344767		plus	hypothetical protein		92740060	protein-coding		WP_306857221.1	314	RBI15_RS01600
NZ_CP132968.1	344778	345980		plus	hypothetical protein		92740061	protein-coding		WP_306857223.1	400	RBI15_RS01605
NZ_CP132968.1	346302	346466		plus	50S ribosomal protein L33	rpmG	92740062	protein-coding		WP_179976028.1	54	RBI15_RS01610
NZ_CP132968.1	346506	346703		plus	preprotein translocase subunit SecE	secE	92740063	protein-coding		WP_009204240.1	65	RBI15_RS01615
NZ_CP132968.1	346719	347264		plus	transcription termination/antitermination protein NusG	nusG	92740064	protein-coding		WP_008393890.1	181	RBI15_RS01620
NZ_CP132968.1	347350	347775		plus	50S ribosomal protein L11	rplK	92740065	protein-coding		WP_008393891.1	141	RBI15_RS01625
NZ_CP132968.1	347839	348531		plus	50S ribosomal protein L1	rplA	92740066	protein-coding		WP_055159790.1	230	RBI15_RS01630
NZ_CP132968.1	348854	349357		plus	50S ribosomal protein L10	rplJ	92740067	protein-coding		WP_055159791.1	167	RBI15_RS01635
NZ_CP132968.1	349400	349762		plus	50S ribosomal protein L7/L12	rplL	92740068	protein-coding		WP_008393894.1	120	RBI15_RS01640
NZ_CP132968.1	349971	350915		plus	2-hydroxyacid dehydrogenase		92740069	protein-coding		WP_173776391.1	314	RBI15_RS01645
NZ_CP132968.1	350973	352319		plus	NlpC/P60 family protein		92740070	protein-coding		WP_243134576.1	448	RBI15_RS01650
NZ_CP132968.1	352657	353958		plus	phosphomethylpyrimidine synthase ThiC	thiC	92740071	protein-coding		WP_008393897.1	433	RBI15_RS01655
NZ_CP132968.1	354079	355434		plus	sodium-dependent transporter		92740072	protein-coding		WP_055231636.1	451	RBI15_RS01660
NZ_CP132968.1	355506	356162		plus	HAD family hydrolase		92740073	protein-coding		WP_118302381.1	218	RBI15_RS01665
NZ_CP132968.1	356453	356914		plus	PTS sugar transporter subunit IIA		92740074	protein-coding		WP_055231640.1	153	RBI15_RS01670
NZ_CP132968.1	356958	357455		plus	PTS sugar transporter subunit IIB		92740075	protein-coding		WP_055231642.1	165	RBI15_RS01675
NZ_CP132968.1	357485	359125		plus	PTS system mannose/fructose/sorbose family transporter subunit IID		92740076	protein-coding		WP_306857234.1	546	RBI15_RS01680
NZ_CP132968.1	359202	360194		plus	sugar-binding transcriptional regulator		92740077	protein-coding		WP_173747480.1	330	RBI15_RS01685
NZ_CP132968.1	360257	361288		plus	alpha/beta hydrolase		92740078	protein-coding		WP_306857236.1	343	RBI15_RS01690
NZ_CP132968.1	361578	365375		plus	DNA-directed RNA polymerase subunit beta	rpoB	92740079	protein-coding		WP_055231648.1	1265	RBI15_RS01695
NZ_CP132968.1	365409	369008		plus	DNA-directed RNA polymerase subunit beta'	rpoC	92740080	protein-coding		WP_008393905.1	1199	RBI15_RS01700
NZ_CP132968.1	369328	370641		plus	IS4 family transposase		92740081	protein-coding		WP_306857240.1	437	RBI15_RS01705
NZ_CP132968.1	371929	372345		plus	30S ribosomal protein S12	rpsL	92740082	protein-coding		WP_015530650.1	138	RBI15_RS01710
NZ_CP132968.1	372516	372986		plus	30S ribosomal protein S7	rpsG	92740083	protein-coding		WP_022092081.1	156	RBI15_RS01715
NZ_CP132968.1	373055	375166		plus	elongation factor G	fusA	92740084	protein-coding		WP_080786952.1	703	RBI15_RS01720
NZ_CP132968.1	375333	376526		plus	elongation factor Tu	tuf	92740085	protein-coding		WP_008393909.1	397	RBI15_RS01725
NZ_CP132968.1	376815	377114		plus	hypothetical protein		92740086	protein-coding		WP_049995708.1	99	RBI15_RS01730
NZ_CP132968.1	377218	377979		minus	MurR/RpiR family transcriptional regulator		92740087	protein-coding		WP_306857247.1	253	RBI15_RS01735
NZ_CP132968.1	378252	379097		plus	class II fructose-bisphosphate aldolase		92740088	protein-coding		WP_044921752.1	281	RBI15_RS01740
NZ_CP132968.1	379112	380116		plus	zinc-dependent alcohol dehydrogenase family protein		92740089	protein-coding		WP_009204254.1	334	RBI15_RS01745
NZ_CP132968.1	380129	381799		plus	PTS system mannose/fructose/sorbose family transporter subunit IID		92740090	protein-coding		WP_044921748.1	556	RBI15_RS01750
NZ_CP132968.1	381837	382274		plus	PTS sugar transporter subunit IIA		92740091	protein-coding		WP_009204256.1	145	RBI15_RS01755
NZ_CP132968.1	382246	382719		plus	PTS sugar transporter subunit IIB		92740092	protein-coding		WP_009204257.1	157	RBI15_RS01760
NZ_CP132968.1	382731	383516		plus	SDR family NAD(P)-dependent oxidoreductase		92740093	protein-coding		WP_009204258.1	261	RBI15_RS01765
NZ_CP132968.1	383516	384118		plus	P-loop nucleotide/nucleoside kinase family protein		92740094	protein-coding		WP_055196321.1	200	RBI15_RS01770
NZ_CP132968.1	384260	385939		plus	AAA family ATPase		92740095	protein-coding		WP_306857255.1	559	RBI15_RS01775
NZ_CP132968.1	386002	386646		plus	EF-Tu C-terminal domain-related protein		92740096	protein-coding		WP_306857257.1	214	RBI15_RS01780
NZ_CP132968.1	386761	388767		plus	fibronectin type III domain-containing protein		92740097	protein-coding		WP_306857259.1	668	RBI15_RS01785
NZ_CP132968.1	388856	389203		minus	helix-turn-helix domain-containing protein		92740098	protein-coding		WP_306857261.1	115	RBI15_RS01790
NZ_CP132968.1	389322	389915		plus	DUF5688 family protein		92740099	protein-coding		WP_306857263.1	197	RBI15_RS01795
NZ_CP132968.1	389942	390538		plus	LemA family protein		92740100	protein-coding		WP_306857266.1	198	RBI15_RS01800
NZ_CP132968.1	390562	392493		plus	DUF2207 domain-containing protein		92740101	protein-coding		WP_306857267.1	643	RBI15_RS01805
NZ_CP132968.1	392886	393170		plus	uncharacterized gene		92740102	pseudogene				RBI15_RS01810
NZ_CP132968.1	393229	394404		plus	RNA-guided endonuclease InsQ/TnpB family protein		92740103	protein-coding		WP_306857269.1	391	RBI15_RS01815
NZ_CP132968.1	394581	397241		plus	calcium-translocating P-type ATPase, PMCA-type		92740104	protein-coding		WP_306857271.1	886	RBI15_RS01820
NZ_CP132968.1	397374	398234		plus	aldo/keto reductase		92740105	protein-coding		WP_306857273.1	286	RBI15_RS01825
NZ_CP132968.1	398385	399284		minus	dihydrodipicolinate synthase family protein		92740106	protein-coding		WP_306857275.1	299	RBI15_RS01830
NZ_CP132968.1	399286	400179		minus	2-hydroxy-3-oxopropionate reductase	garR	92740107	protein-coding		WP_316243048.1	297	RBI15_RS01835
NZ_CP132968.1	400230	401405		minus	mandelate racemase/muconate lactonizing enzyme family protein		92740108	protein-coding		WP_306857279.1	391	RBI15_RS01840
NZ_CP132968.1	401452	402729		minus	TRAP transporter large permease		92740109	protein-coding		WP_306857281.1	425	RBI15_RS01845
NZ_CP132968.1	402726	403205		minus	TRAP transporter small permease		92740110	protein-coding		WP_306857283.1	159	RBI15_RS01850
NZ_CP132968.1	403207	404232		minus	TRAP transporter substrate-binding protein		92740111	protein-coding		WP_306857285.1	341	RBI15_RS01855
NZ_CP132968.1	404391	405047		plus	GntR family transcriptional regulator		92740112	protein-coding		WP_306857287.1	218	RBI15_RS01860
NZ_CP132968.1	405110	406189		minus	CdaR family transcriptional regulator		92740113	protein-coding		WP_306857289.1	359	RBI15_RS01865
NZ_CP132968.1	406371	407513		plus	glycerate kinase family protein		92740114	protein-coding		WP_306857291.1	380	RBI15_RS01870
NZ_CP132968.1	407761	408978		plus	ATP-binding protein		92740115	protein-coding		WP_306857293.1	405	RBI15_RS01875
NZ_CP132968.1	409080	409973		minus	IS3 family transposase		92740116	protein-coding		WP_306858378.1	297	RBI15_RS01880
NZ_CP132968.1	409973	410659		minus	helix-turn-helix domain-containing protein		92740117	protein-coding		WP_306857296.1	228	RBI15_RS01885
NZ_CP132968.1	410831	411091		minus	carbohydrate kinase family protein		98633740	protein-coding		WP_331533041.1	86	RBI15_RS14620
NZ_CP132968.1	411296	412636		plus	ATP-binding protein		92740118	protein-coding		WP_306857298.1	446	RBI15_RS01895
NZ_CP132968.1	412746	414053		plus	ATP-binding protein		92740119	protein-coding		WP_306857300.1	435	RBI15_RS01900
NZ_CP132968.1	414236	415096		plus	class I SAM-dependent methyltransferase		92740120	protein-coding		WP_077325979.1	286	RBI15_RS01905
NZ_CP132968.1	415270	416280		plus	rod shape-determining protein	mreB	92740121	protein-coding		WP_008393923.1	336	RBI15_RS01910
NZ_CP132968.1	416369	418636		plus	SF1B family DNA helicase RecD2	recD2	92740122	protein-coding		WP_306857305.1	755	RBI15_RS01915
NZ_CP132968.1	418750	419283		plus	helix-turn-helix domain-containing protein		92740123	protein-coding		WP_172622378.1	177	RBI15_RS01920
NZ_CP132968.1	419382	420362		plus	ribokinase		92740124	protein-coding		WP_306857307.1	326	RBI15_RS01925
NZ_CP132968.1	420409	420579		minus	DUF362 domain-containing protein		92740125	protein-coding		WP_008393929.1	56	RBI15_RS01930
NZ_CP132968.1	420846	421052		plus	DUF1858 domain-containing protein		92740126	protein-coding		WP_009264587.1	68	RBI15_RS01935
NZ_CP132968.1	421478	421966		plus	PTS sugar transporter subunit IIA		92740127	protein-coding		WP_009264586.1	162	RBI15_RS01940
NZ_CP132968.1	422018	422296		plus	PTS sugar transporter subunit IIB		92740128	protein-coding		WP_009264585.1	92	RBI15_RS01945
NZ_CP132968.1	422347	423723		plus	PTS galactitol transporter subunit IIC		92740129	protein-coding		WP_306857312.1	458	RBI15_RS01950
NZ_CP132968.1	423781	424779		plus	dihydroxyacetone kinase subunit DhaK		92740130	protein-coding		WP_306857314.1	332	RBI15_RS01955
NZ_CP132968.1	424897	426903		plus	BglG family transcription antiterminator		92740131	protein-coding		WP_172622377.1	668	RBI15_RS01960
NZ_CP132968.1	426897	427565		plus	class II aldolase/adducin family protein		92740132	protein-coding		WP_009264580.1	222	RBI15_RS01965
NZ_CP132968.1	427595	428605		plus	dihydroxyacetone kinase subunit DhaK		92740133	protein-coding		WP_009264579.1	336	RBI15_RS01970
NZ_CP132968.1	428619	429239		plus	DAK2 domain-containing protein		92740134	protein-coding		WP_077325963.1	206	RBI15_RS01975
NZ_CP132968.1	429322	430503		plus	iron-containing alcohol dehydrogenase		92740135	protein-coding		WP_306857319.1	393	RBI15_RS01980
NZ_CP132968.1	430586	431302		minus	adaptor protein MecA		92740136	protein-coding		WP_306857321.1	238	RBI15_RS01985
NZ_CP132968.1	431579	431773		plus	hypothetical protein		92740137	protein-coding		WP_008393951.1	64	RBI15_RS01990
NZ_CP132968.1	431819	432502		minus	N-acetylmuramoyl-L-alanine amidase		92740138	protein-coding		WP_306857323.1	227	RBI15_RS01995
NZ_CP132968.1	432675	433727		plus	L-threonylcarbamoyladenylate synthase		92740139	protein-coding		WP_306857325.1	350	RBI15_RS02000
NZ_CP132968.1	433756	434106		plus	uncharacterized gene		307641555	pseudogene				RBI15_RS14660
NZ_CP132968.1	434197	434625		plus	ribose 5-phosphate isomerase B	rpiB	307641556	protein-coding		WP_039862249.1	142	RBI15_RS14665
NZ_CP132968.1	435083	435766		plus	F0F1 ATP synthase subunit A		92740141	protein-coding		WP_008393987.1	227	RBI15_RS02010
NZ_CP132968.1	435822	436040		plus	ATP synthase F0 subunit C	atpE	92740142	protein-coding		WP_008393988.1	72	RBI15_RS02015
NZ_CP132968.1	436059	436541		plus	F0F1 ATP synthase subunit B	atpF	92740143	protein-coding		WP_009203274.1	160	RBI15_RS02020
NZ_CP132968.1	436545	437048		plus	ATP synthase F1 subunit delta	atpH	92740144	protein-coding		WP_009203273.1	167	RBI15_RS02025
NZ_CP132968.1	437056	438555		plus	F0F1 ATP synthase subunit alpha	atpA	92740145	protein-coding		WP_055159362.1	499	RBI15_RS02030
NZ_CP132968.1	438565	439434		plus	ATP synthase F1 subunit gamma	atpG	92740146	protein-coding		WP_306857334.1	289	RBI15_RS02035
NZ_CP132968.1	439456	440844		plus	F0F1 ATP synthase subunit beta	atpD	92740147	protein-coding		WP_008393993.1	462	RBI15_RS02040
NZ_CP132968.1	440845	441258		plus	ATP synthase F1 subunit epsilon	atpC	92740148	protein-coding		WP_306857337.1	137	RBI15_RS02045
NZ_CP132968.1	441452	442594		plus	acyl-CoA dehydrogenase family protein		92740149	protein-coding		WP_008393995.1	380	RBI15_RS02050
NZ_CP132968.1	442616	443797		plus	CaiB/BaiF CoA transferase family protein		92740150	protein-coding		WP_306857339.1	393	RBI15_RS02055
NZ_CP132968.1	443826	444290		plus	beta-alanyl-CoA:ammonia lyase		92740151	protein-coding		WP_306857341.1	154	RBI15_RS02060
NZ_CP132968.1	444321	444692		plus	hotdog fold domain-containing protein		92740152	protein-coding		WP_173754996.1	123	RBI15_RS02065
NZ_CP132968.1	444828	445697		minus	MerR family transcriptional regulator		92740153	protein-coding		WP_216422261.1	289	RBI15_RS02070
NZ_CP132968.1	445939	447195		minus	Zn-dependent hydrolase		92740154	protein-coding		WP_009264565.1	418	RBI15_RS02075
NZ_CP132968.1	447220	447657		minus	threonine/serine exporter family protein		92740155	protein-coding		WP_118302533.1	145	RBI15_RS02080
NZ_CP132968.1	447673	448449		minus	threonine/serine exporter family protein		92740156	protein-coding		WP_009203266.1	258	RBI15_RS02085
NZ_CP132968.1	448500	449879		minus	dihydropyrimidinase	hydA	92740157	protein-coding		WP_288753947.1	459	RBI15_RS02090
NZ_CP132968.1	449913	451169		minus	NAD-dependent dihydropyrimidine dehydrogenase subunit PreA	preA	92740158	protein-coding		WP_022091071.1	418	RBI15_RS02095
NZ_CP132968.1	451186	452394		minus	FAD-dependent oxidoreductase		92740159	protein-coding		WP_077325944.1	402	RBI15_RS02100
NZ_CP132968.1	452442	452897		minus	DUF1097 domain-containing protein		92740160	protein-coding		WP_008394006.1	151	RBI15_RS02105
NZ_CP132968.1	453356	453805		plus	hotdog fold domain-containing protein		92740161	protein-coding		WP_015530672.1	149	RBI15_RS02110
NZ_CP132968.1	454022	454807		plus	IclR family transcriptional regulator		92740162	protein-coding		WP_055073125.1	261	RBI15_RS02115
NZ_CP132968.1	454886	455323		minus	hypothetical protein		92740163	protein-coding		WP_306857351.1	145	RBI15_RS02120
NZ_CP132968.1	455269	455760		minus	Rpn family recombination-promoting nuclease/putative transposase		92740164	protein-coding		WP_306857353.1	163	RBI15_RS02125
NZ_CP132968.1	456046	456192		plus	hypothetical protein		92740165	protein-coding		WP_155511639.1	48	RBI15_RS02130
NZ_CP132968.1	456490	456789		plus	PTS sugar transporter subunit IIB		92740166	protein-coding		WP_055073123.1	99	RBI15_RS02135
NZ_CP132968.1	456815	458071		plus	PTS transporter subunit IIC		92740167	protein-coding		WP_055073122.1	418	RBI15_RS02140
NZ_CP132968.1	458085	458531		plus	PTS sugar transporter subunit IIA		92740168	protein-coding		WP_055073121.1	148	RBI15_RS02145
NZ_CP132968.1	458550	460595		plus	PTS sugar transporter subunit IIA		92740169	protein-coding		WP_055231681.1	681	RBI15_RS02150
NZ_CP132968.1	460642	461931		plus	sn-glycerol-1-phosphate dehydrogenase		92740170	protein-coding		WP_173754981.1	429	RBI15_RS02155
NZ_CP132968.1	461943	462719		plus	HAD-IIA family hydrolase		92740171	protein-coding		WP_306857358.1	258	RBI15_RS02160
NZ_CP132968.1	462804	463937		minus	LacI family DNA-binding transcriptional regulator		92740172	protein-coding		WP_306857360.1	377	RBI15_RS02165
NZ_CP132968.1	464208	465083		plus	metallophosphoesterase		92740173	protein-coding		WP_077325938.1	291	RBI15_RS02170
NZ_CP132968.1	465104	466411		plus	MFS transporter		92740174	protein-coding		WP_173774633.1	435	RBI15_RS02175
NZ_CP132968.1	466440	467216		plus	HAD-IIA family hydrolase		92740175	protein-coding		WP_306857364.1	258	RBI15_RS02180
NZ_CP132968.1	467380	468315		plus	Gfo/Idh/MocA family protein		92740176	protein-coding		WP_306857366.1	311	RBI15_RS02185
NZ_CP132968.1	468444	469772		plus	ATP-binding protein		92740177	protein-coding		WP_306857368.1	442	RBI15_RS02190
NZ_CP132968.1	469922	470497		plus	RNA polymerase sigma factor		92740178	protein-coding		WP_306857370.1	191	RBI15_RS02195
NZ_CP132968.1	470497	471264		plus	hypothetical protein		92740179	protein-coding		WP_306857372.1	255	RBI15_RS02200
NZ_CP132968.1	471242	472102		plus	ABC transporter ATP-binding protein		92740180	protein-coding		WP_306857374.1	286	RBI15_RS02205
NZ_CP132968.1	472104	473309		plus	hypothetical protein		92740181	protein-coding		WP_306857376.1	401	RBI15_RS02210
NZ_CP132968.1	473306	474508		plus	hypothetical protein		92740182	protein-coding		WP_306857378.1	400	RBI15_RS02215
NZ_CP132968.1	474843	476012		minus	PucR family transcriptional regulator		92740183	protein-coding		WP_306857380.1	389	RBI15_RS02220
NZ_CP132968.1	476276	476698		minus	IS200/IS605 family transposase	tnpA	92740184	protein-coding		WP_306857382.1	140	RBI15_RS02225
NZ_CP132968.1	476789	478162		plus	RNA-guided endonuclease InsQ/TnpB family protein		92740185	protein-coding		WP_306857384.1	457	RBI15_RS02230
NZ_CP132968.1	478293	478838		plus	uncharacterized gene		92740186	pseudogene				RBI15_RS02235
NZ_CP132968.1	479027	479263		plus	AtpZ/AtpI family protein		92740187	protein-coding		WP_009264554.1	78	RBI15_RS02240
NZ_CP132968.1	479253	479657		plus	ATP synthase subunit I		92740188	protein-coding		WP_008394022.1	134	RBI15_RS02245
NZ_CP132968.1	479741	480472		plus	F0F1 ATP synthase subunit A	atpB	92740189	protein-coding		WP_008394023.1	243	RBI15_RS02250
NZ_CP132968.1	480515	480778		plus	ATP synthase F0 subunit C	atpE	92740190	protein-coding		WP_008394024.1	87	RBI15_RS02255
NZ_CP132968.1	480806	481327		plus	F0F1 ATP synthase subunit B	atpF	92740191	protein-coding		WP_008394025.1	173	RBI15_RS02260
NZ_CP132968.1	481312	481857		plus	ATP synthase F1 subunit delta	atpH	92740192	protein-coding		WP_008394026.1	181	RBI15_RS02265
NZ_CP132968.1	481879	483387		plus	F0F1 ATP synthase subunit alpha	atpA	92740193	protein-coding		WP_008394027.1	502	RBI15_RS02270
NZ_CP132968.1	483399	484259		plus	ATP synthase F1 subunit gamma	atpG	92740194	protein-coding		WP_008394029.1	286	RBI15_RS02275
NZ_CP132968.1	484292	485695		plus	F0F1 ATP synthase subunit beta	atpD	92740195	protein-coding		WP_306857390.1	467	RBI15_RS02280
NZ_CP132968.1	485704	486108		plus	ATP synthase F1 subunit epsilon	atpC	92740196	protein-coding		WP_055073109.1	134	RBI15_RS02285
NZ_CP132968.1	486316	486702		plus	BlaI/MecI/CopY family transcriptional regulator		92740197	protein-coding		WP_009264552.1	128	RBI15_RS02290
NZ_CP132968.1	486705	487847		plus	M56 family metallopeptidase		92740198	protein-coding		WP_306857393.1	380	RBI15_RS02295
NZ_CP132968.1	487831	488073		plus	hypothetical protein		92740199	protein-coding		WP_306857395.1	80	RBI15_RS02300
NZ_CP132968.1	488133	490253		plus	bacteriocin-associated integral membrane family protein		92740200	protein-coding		WP_306857397.1	706	RBI15_RS02305
NZ_CP132968.1	490253	490894		plus	ABC transporter ATP-binding protein		92740201	protein-coding		WP_022091707.1	213	RBI15_RS02310
NZ_CP132968.1	490891	491100		plus	bacteriocin-like WGxF protein		92740202	protein-coding		WP_009264547.1	69	RBI15_RS02315
NZ_CP132968.1	491583	493070		minus	hypothetical protein		92740203	protein-coding		WP_306857401.1	495	RBI15_RS02320
NZ_CP132968.1	493280	494959		plus	AAA family ATPase		92740204	protein-coding		WP_009264545.1	559	RBI15_RS02325
NZ_CP132968.1	495047	495808		minus	DeoR/GlpR family DNA-binding transcription regulator		92740205	protein-coding		WP_009264544.1	253	RBI15_RS02330
NZ_CP132968.1	496094	496723		plus	3-hexulose-6-phosphate synthase	hxlA	92740206	protein-coding		WP_009264543.1	209	RBI15_RS02335
NZ_CP132968.1	496779	497339		plus	6-phospho-3-hexuloisomerase	hxlB	92740207	protein-coding		WP_009264542.1	186	RBI15_RS02340
NZ_CP132968.1	497358	499148		plus	PTS sugar transporter subunit IIA		92740208	protein-coding		WP_055072325.1	596	RBI15_RS02345
NZ_CP132968.1	499213	500367		plus	mannitol-1-phosphate 5-dehydrogenase		92740209	protein-coding		WP_009264540.1	384	RBI15_RS02350
NZ_CP132968.1	500420	501562		plus	iron-containing alcohol dehydrogenase		92740210	protein-coding		WP_009264539.1	380	RBI15_RS02355
NZ_CP132968.1	501647	502096		minus	CYTH domain-containing protein		92740211	protein-coding		WP_009203243.1	149	RBI15_RS02360
NZ_CP132968.1	502216	502860		plus	tRNA (guanosine(46)-N7)-methyltransferase TrmB	trmB	92740212	protein-coding		WP_008394039.1	214	RBI15_RS02365
NZ_CP132968.1	503043	503360		plus	thioredoxin	trxA	92740213	protein-coding		WP_306857409.1	105	RBI15_RS02370
NZ_CP132968.1	503365	505152		plus	ABC-F family ATP-binding cassette domain-containing protein		92740214	protein-coding		WP_306857411.1	595	RBI15_RS02375
NZ_CP132968.1	505206	506381		minus	AI-2E family transporter		92740215	protein-coding		WP_055072321.1	391	RBI15_RS02380
NZ_CP132968.1	506525	506597		minus	tRNA-Lys		92740216	tRNA				RBI15_RS02385
NZ_CP132968.1	506786	507580		plus	carbon-nitrogen hydrolase family protein		92740217	protein-coding		WP_306857414.1	264	RBI15_RS02390
NZ_CP132968.1	507628	509577		plus	penicillin-binding transpeptidase domain-containing protein		92740218	protein-coding		WP_306857416.1	649	RBI15_RS02395
NZ_CP132968.1	509742	510167		plus	zinc ribbon domain-containing protein		92740219	protein-coding		WP_306857418.1	141	RBI15_RS02400
NZ_CP132968.1	510169	511014		plus	DUF5685 family protein		92740220	protein-coding		WP_118302591.1	281	RBI15_RS02405
NZ_CP132968.1	511007	511756		plus	DnaJ domain-containing protein		92740221	protein-coding		WP_216420431.1	249	RBI15_RS02410
NZ_CP132968.1	511791	513524		plus	molecular chaperone DnaK	dnaK	92740222	protein-coding		WP_306857422.1	577	RBI15_RS02415
NZ_CP132968.1	513710	514321		plus	DUF3793 family protein		92740223	protein-coding		WP_044922189.1	203	RBI15_RS02420
NZ_CP132968.1	514376	514807		plus	flavodoxin		92740224	protein-coding		WP_008394052.1	143	RBI15_RS02425
NZ_CP132968.1	514929	515216		plus	DUF2325 domain-containing protein		92740225	protein-coding		WP_015530679.1	95	RBI15_RS02430
NZ_CP132968.1	515344	515553		plus	FeoA family protein		92740226	protein-coding		WP_008394054.1	69	RBI15_RS02435
NZ_CP132968.1	515665	515889		plus	FeoA family protein		92740227	protein-coding		WP_306857426.1	74	RBI15_RS02440
NZ_CP132968.1	515991	518177		plus	ferrous iron transport protein B	feoB	92740228	protein-coding		WP_306857428.1	728	RBI15_RS02445
NZ_CP132968.1	518275	518448		plus	FeoB-associated Cys-rich membrane protein		92740229	protein-coding		WP_008394058.1	57	RBI15_RS02450
NZ_CP132968.1	518598	518960		plus	heavy-metal-associated domain-containing protein		92740230	protein-coding		WP_289003051.1	120	RBI15_RS02455
NZ_CP132968.1	519057	519455		minus	metal-dependent transcriptional regulator		92740231	protein-coding		WP_216420427.1	132	RBI15_RS02460
NZ_CP132968.1	519773	520021		plus	transcriptional repressor		92740232	protein-coding		WP_216420426.1	82	RBI15_RS02465
NZ_CP132968.1	520127	520831		plus	class B sortase	srtB	92740233	protein-coding		WP_306857434.1	234	RBI15_RS02470
NZ_CP132968.1	520860	521627		plus	glycoside hydrolase family 25 protein		92740234	protein-coding		WP_306857436.1	255	RBI15_RS02475
NZ_CP132968.1	521679	522590		minus	CPBP family intramembrane glutamic endopeptidase		92740235	protein-coding		WP_306857438.1	303	RBI15_RS02480
NZ_CP132968.1	522603	523439		minus	CvfB family protein		92740236	protein-coding		WP_008394066.1	278	RBI15_RS02485
NZ_CP132968.1	523678	523953		plus	HU family DNA-binding protein		92740237	protein-coding		WP_008394067.1	91	RBI15_RS02490
NZ_CP132968.1	524057	524296		plus	RNA-binding S4 domain-containing protein		92740238	protein-coding		WP_008394068.1	79	RBI15_RS02495
NZ_CP132968.1	524355	524639		plus	sporulation protein YabP	yabP	92740239	protein-coding		WP_008394069.1	94	RBI15_RS02500
NZ_CP132968.1	524639	525115		plus	spore cortex biosynthesis protein YabQ	yabQ	92740240	protein-coding		WP_008394070.1	158	RBI15_RS02505
NZ_CP132968.1	525090	525389		plus	cell division protein FtsL	ftsL	92740241	protein-coding		WP_008394071.1	99	RBI15_RS02510
NZ_CP132968.1	525495	526145		plus	metal-dependent transcriptional regulator		92740242	protein-coding		WP_244091789.1	216	RBI15_RS02515
NZ_CP132968.1	526117	526674		plus	helix-turn-helix domain-containing protein		92740243	protein-coding		WP_244091790.1	185	RBI15_RS02520
NZ_CP132968.1	526632	526961		plus	hypothetical protein		92740244	protein-coding		WP_244091791.1	109	RBI15_RS02525
NZ_CP132968.1	527283	528596		minus	IS4 family transposase		92740245	protein-coding		WP_306857443.1	437	RBI15_RS02530
NZ_CP132968.1	528817	529134		minus	helix-turn-helix domain-containing protein		92740246	protein-coding		WP_009203225.1	105	RBI15_RS02535
NZ_CP132968.1	529309	530250		plus	uncharacterized gene		92740247	pseudogene				RBI15_RS02540
NZ_CP132968.1	530520	531833		plus	IS4 family transposase		92740248	protein-coding		WP_306857445.1	437	RBI15_RS02545
NZ_CP132968.1	532104	533327		minus	peptidase T	pepT	92740249	protein-coding		WP_306857447.1	407	RBI15_RS02550
NZ_CP132968.1	533485	533676		plus	hypothetical protein		92740250	protein-coding		WP_306857449.1	63	RBI15_RS02555
NZ_CP132968.1	533998	535548		plus	L-lactate permease		92740251	protein-coding		WP_008394106.1	516	RBI15_RS02560
NZ_CP132968.1	535597	537024		plus	FAD-binding oxidoreductase		92740252	protein-coding		WP_008394107.1	475	RBI15_RS02565
NZ_CP132968.1	537113	538249		plus	acyl-CoA dehydrogenase family protein		92740253	protein-coding		WP_008394108.1	378	RBI15_RS02570
NZ_CP132968.1	538271	539074		plus	electron transfer flavoprotein subunit beta/FixA family protein		92740254	protein-coding		WP_008394109.1	267	RBI15_RS02575
NZ_CP132968.1	539093	540070		plus	electron transfer flavoprotein subunit alpha/FixB family protein		92740255	protein-coding		WP_306857454.1	325	RBI15_RS02580
NZ_CP132968.1	540198	540404		minus	DUF378 domain-containing protein		92740256	protein-coding		WP_008394111.1	68	RBI15_RS02585
NZ_CP132968.1	540587	541087		plus	HAD domain-containing protein		92740257	protein-coding		WP_008394112.1	166	RBI15_RS02590
NZ_CP132968.1	541102	541584		plus	HD domain-containing protein		92740258	protein-coding		WP_009203210.1	160	RBI15_RS02595
NZ_CP132968.1	541657	541729		plus	tRNA-Phe		92740259	tRNA				RBI15_RS02600
NZ_CP132968.1	541736	541806		plus	tRNA-Gly		92740260	tRNA				RBI15_RS02605
NZ_CP132968.1	541957	543111		plus	NAD(P)-dependent malic enzyme		92740261	protein-coding		WP_009203203.1	384	RBI15_RS02610
NZ_CP132968.1	543222	544652		plus	4-alpha-glucanotransferase	malQ	92740262	protein-coding		WP_287800483.1	476	RBI15_RS02615
NZ_CP132968.1	544907	545914		plus	ABC transporter substrate-binding protein		92740263	protein-coding		WP_306857460.1	335	RBI15_RS02620
NZ_CP132968.1	546012	546905		plus	ABC transporter permease		92740264	protein-coding		WP_009203201.1	297	RBI15_RS02625
NZ_CP132968.1	546922	547716		plus	ABC transporter ATP-binding protein		92740265	protein-coding		WP_008394120.1	264	RBI15_RS02630
NZ_CP132968.1	548575	549423		plus	Rossmann-like and DUF2520 domain-containing protein		92740266	protein-coding		WP_306857463.1	282	RBI15_RS02635
NZ_CP132968.1	549420	550247		plus	3-methyl-2-oxobutanoate hydroxymethyltransferase	panB	92740267	protein-coding		WP_055196254.1	275	RBI15_RS02640
NZ_CP132968.1	550321	551163		plus	pantoate--beta-alanine ligase	panC	92740268	protein-coding		WP_044921909.1	280	RBI15_RS02645
NZ_CP132968.1	551184	551573		plus	aspartate 1-decarboxylase	panD	92740269	protein-coding		WP_044921912.1	129	RBI15_RS02650
NZ_CP132968.1	551587	552777		plus	bifunctional phosphopantothenoylcysteine decarboxylase/phosphopantothenate--cysteine ligase CoaBC	coaBC	92740270	protein-coding		WP_306857466.1	396	RBI15_RS02655
NZ_CP132968.1	552860	554347		plus	HAMP domain-containing sensor histidine kinase		92740271	protein-coding		WP_008394128.1	495	RBI15_RS02660
NZ_CP132968.1	554349	555038		plus	response regulator transcription factor		92740272	protein-coding		WP_173757721.1	229	RBI15_RS02665
NZ_CP132968.1	555048	555758		plus	RluA family pseudouridine synthase		92740273	protein-coding		WP_008394130.1	236	RBI15_RS02670
NZ_CP132968.1	555779	556573		plus	phosphoribosylformimino-5-aminoimidazole carboxamide ribotide isomerase	hisA	92740274	protein-coding		WP_008394132.1	264	RBI15_RS02675
NZ_CP132968.1	556624	557097		plus	hypothetical protein		92740275	protein-coding		WP_015530704.1	157	RBI15_RS02680
NZ_CP132968.1	557188	557649		minus	hypothetical protein		92740276	protein-coding		WP_009265583.1	153	RBI15_RS02685
NZ_CP132968.1	557709	558443		minus	lysophospholipid acyltransferase family protein		92740277	protein-coding		WP_009265582.1	244	RBI15_RS02690
NZ_CP132968.1	558470	559924		minus	nicotinate phosphoribosyltransferase		92740278	protein-coding		WP_306857472.1	484	RBI15_RS02695
NZ_CP132968.1	560021	560281		minus	HPr family phosphocarrier protein		92740279	protein-coding		WP_245193558.1	86	RBI15_RS02700
NZ_CP132968.1	560355	561287		plus	SpoIID/LytB domain-containing protein		92740280	protein-coding		WP_306857475.1	310	RBI15_RS02705
NZ_CP132968.1	561328	562014		plus	M23 family metallopeptidase		92740281	protein-coding		WP_226796893.1	228	RBI15_RS02710
NZ_CP132968.1	562154	562429		plus	GIY-YIG nuclease family protein		92740282	protein-coding		WP_008394142.1	91	RBI15_RS02715
NZ_CP132968.1	562412	563056		minus	PAQR family membrane homeostasis protein TrhA	trhA	92740283	protein-coding		WP_173723644.1	214	RBI15_RS02720
NZ_CP132968.1	563245	563934		plus	FadR/GntR family transcriptional regulator		92740284	protein-coding		WP_055258317.1	229	RBI15_RS02725
NZ_CP132968.1	564191	564979		plus	electron transfer flavoprotein subunit beta/FixA family protein		92740285	protein-coding		WP_008394146.1	262	RBI15_RS02730
NZ_CP132968.1	564995	566188		plus	electron transfer flavoprotein subunit alpha		92740286	protein-coding		WP_009204084.1	397	RBI15_RS02735
NZ_CP132968.1	566194	567597		plus	FAD-binding oxidoreductase		92740287	protein-coding		WP_022091424.1	467	RBI15_RS02740
NZ_CP132968.1	567786	568181		plus	Fur family transcriptional regulator		92740288	protein-coding		WP_008394150.1	131	RBI15_RS02745
NZ_CP132968.1	568314	568859		plus	NADH peroxidase		92740289	protein-coding		WP_008394151.1	181	RBI15_RS02750
NZ_CP132968.1	568959	569414		plus	hypothetical protein		92740290	protein-coding		WP_022091425.1	151	RBI15_RS02755
NZ_CP132968.1	569392	570390		plus	hypothetical protein		92740291	protein-coding		WP_008394154.1	332	RBI15_RS02760
NZ_CP132968.1	570387	571265		plus	diadenylate cyclase CdaA	cdaA	92740292	protein-coding		WP_009204088.1	292	RBI15_RS02765
NZ_CP132968.1	571243	572466		plus	CdaR family protein		92740293	protein-coding		WP_173727761.1	407	RBI15_RS02770
NZ_CP132968.1	572489	573418		plus	glycosyltransferase family 2 protein		92740294	protein-coding		WP_044921928.1	309	RBI15_RS02775
NZ_CP132968.1	573486	573902		minus	GtrA family protein		92740295	protein-coding		WP_009204090.1	138	RBI15_RS02780
NZ_CP132968.1	574050	576776		plus	YfhO family protein		92740296	protein-coding		WP_306857484.1	908	RBI15_RS02785
NZ_CP132968.1	576868	578274		plus	glycerophosphodiester phosphodiesterase family protein		92740297	protein-coding		WP_306857486.1	468	RBI15_RS02790
NZ_CP132968.1	578626	579255		plus	YveK family protein		92740298	protein-coding		WP_306857488.1	209	RBI15_RS02795
NZ_CP132968.1	579270	580697		plus	sugar transferase		92740299	protein-coding		WP_306857490.1	475	RBI15_RS02800
NZ_CP132968.1	580726	581898		plus	beta 1-4 rhamnosyltransferase Cps2T	cps2T	92740300	protein-coding		WP_306857492.1	390	RBI15_RS02805
NZ_CP132968.1	581927	583066		plus	glycosyltransferase WbsX family protein		92740301	protein-coding		WP_306857494.1	379	RBI15_RS02810
NZ_CP132968.1	583331	584314		plus	O-antigen ligase family protein		92740302	protein-coding		WP_306857496.1	327	RBI15_RS02815
NZ_CP132968.1	584335	584958		plus	CatB-related O-acetyltransferase		92740303	protein-coding		WP_306857498.1	207	RBI15_RS02820
NZ_CP132968.1	584965	586410		plus	flippase		92740304	protein-coding		WP_306857500.1	481	RBI15_RS02825
NZ_CP132968.1	586418	587908		plus	hypothetical protein		92740305	protein-coding		WP_306857502.1	496	RBI15_RS02830
NZ_CP132968.1	587919	589049		plus	dTDP-4-amino-4,6-dideoxygalactose transaminase	rffA	92740306	protein-coding		WP_306857504.1	376	RBI15_RS02835
NZ_CP132968.1	589115	590230		plus	ATP-grasp domain-containing protein		92740307	protein-coding		WP_306857506.1	371	RBI15_RS02840
NZ_CP132968.1	590235	591233		plus	NAD-dependent epimerase/dehydratase family protein		92740308	protein-coding		WP_306857508.1	332	RBI15_RS02845
NZ_CP132968.1	591241	592191		plus	capsular polysaccharide synthesis protein		92740309	protein-coding		WP_306857510.1	316	RBI15_RS02850
NZ_CP132968.1	592210	593031		plus	LicD family protein		92740310	protein-coding		WP_306857511.1	273	RBI15_RS02855
NZ_CP132968.1	593078	594895		plus	NTP transferase domain-containing protein		92740311	protein-coding		WP_306857513.1	605	RBI15_RS02860
NZ_CP132968.1	594888	595607		plus	phosphocholine cytidylyltransferase family protein		92740312	protein-coding		WP_288810385.1	239	RBI15_RS02865
NZ_CP132968.1	595608	597161		plus	BCCT family transporter		92740313	protein-coding		WP_306857517.1	517	RBI15_RS02870
NZ_CP132968.1	597292	598989		minus	aryl-sulfate sulfotransferase		92740314	protein-coding		WP_306857519.1	565	RBI15_RS02875
NZ_CP132968.1	599330	600475		plus	AAA family ATPase		92740315	protein-coding		WP_306857521.1	381	RBI15_RS02880
NZ_CP132968.1	600478	600660		plus	hypothetical protein		92740316	protein-coding		WP_008394195.1	60	RBI15_RS02885
NZ_CP132968.1	600878	602140		plus	glycoside hydrolase family protein		92740317	protein-coding		WP_306857523.1	420	RBI15_RS02890
NZ_CP132968.1	602205	603323		plus	UDP-galactopyranose mutase	glf	92740318	protein-coding		WP_306857525.1	372	RBI15_RS02895
NZ_CP132968.1	603360	604607		plus	DUF1015 domain-containing protein		92740319	protein-coding		WP_242844379.1	415	RBI15_RS02900
NZ_CP132968.1	604717	605736		plus	UDP-glucose 4-epimerase GalE	galE	92740320	protein-coding		WP_044921974.1	339	RBI15_RS02905
NZ_CP132968.1	605756	606982		plus	O-antigen ligase family protein		92740321	protein-coding		WP_152618958.1	408	RBI15_RS02910
NZ_CP132968.1	607003	607971		plus	glycosyltransferase family 2 protein		92740322	protein-coding		WP_306857530.1	322	RBI15_RS02915
NZ_CP132968.1	607981	609993		plus	glycosyltransferase family protein		92740323	protein-coding		WP_306857531.1	670	RBI15_RS02920
NZ_CP132968.1	610024	611691		plus	DUF6020 family protein		92740324	protein-coding		WP_306857533.1	555	RBI15_RS02925
NZ_CP132968.1	611810	613345		plus	DUF6020 family protein		92740325	protein-coding		WP_306857535.1	511	RBI15_RS02930
NZ_CP132968.1	613351	614301		plus	glycosyltransferase family 2 protein		92740326	protein-coding		WP_044921989.1	316	RBI15_RS02935
NZ_CP132968.1	614298	615386		plus	acyltransferase family protein		92740327	protein-coding		WP_044921992.1	362	RBI15_RS02940
NZ_CP132968.1	615491	618028		plus	glycosyltransferase		92740328	protein-coding		WP_306857538.1	845	RBI15_RS02945
NZ_CP132968.1	618038	619858		plus	hypothetical protein		92740329	protein-coding		WP_306857540.1	606	RBI15_RS02950
NZ_CP132968.1	619891	620931		plus	SGNH/GDSL hydrolase family protein		92740330	protein-coding		WP_306857542.1	346	RBI15_RS02955
NZ_CP132968.1	620924	624577		plus	CDP-glycerol glycerophosphotransferase family protein		92740331	protein-coding		WP_306857544.1	1217	RBI15_RS02960
NZ_CP132968.1	624579	625634		plus	acyltransferase family protein		92740332	protein-coding		WP_306857546.1	351	RBI15_RS02965
NZ_CP132968.1	625708	626484		plus	ABC transporter permease		92740333	protein-coding		WP_008394217.1	258	RBI15_RS02970
NZ_CP132968.1	626494	627234		plus	ABC transporter ATP-binding protein		92740334	protein-coding		WP_008394218.1	246	RBI15_RS02975
NZ_CP132968.1	627258	627668		plus	glycerol-3-phosphate cytidylyltransferase	tagD	92740335	protein-coding		WP_055231762.1	136	RBI15_RS02980
NZ_CP132968.1	627808	629868		plus	LTA synthase family protein		92740336	protein-coding		WP_044922008.1	686	RBI15_RS02985
NZ_CP132968.1	629879	631051		plus	CDP-glycerol glycerophosphotransferase family protein		92740337	protein-coding		WP_044922011.1	390	RBI15_RS02990
NZ_CP132968.1	631095	632030		plus	glycosyltransferase family 2 protein		92740338	protein-coding		WP_008394224.1	311	RBI15_RS02995
NZ_CP132968.1	632039	633208		plus	CDP-glycerol glycerophosphotransferase family protein		92740339	protein-coding		WP_044922014.1	389	RBI15_RS03000
NZ_CP132968.1	633283	634335		minus	LCP family protein		92740340	protein-coding		WP_306857554.1	350	RBI15_RS03005
NZ_CP132968.1	634415	635845		minus	undecaprenyl-phosphate glucose phosphotransferase		92740341	protein-coding		WP_008394228.1	476	RBI15_RS03010
NZ_CP132968.1	636104	637459		plus	S1C family serine protease		92740342	protein-coding		WP_306857557.1	451	RBI15_RS03015
NZ_CP132968.1	637551	638033		plus	DUF5721 family protein		92740343	protein-coding		WP_015530723.1	160	RBI15_RS03020
NZ_CP132968.1	638158	638994		plus	DegV family protein		92740344	protein-coding		WP_008394231.1	278	RBI15_RS03025
NZ_CP132968.1	639375	641207		plus	NAD(P)-binding protein		92740345	protein-coding		WP_306857560.1	610	RBI15_RS03030
NZ_CP132968.1	641201	642907		plus	[FeFe] hydrogenase, group A		92740346	protein-coding		WP_306857562.1	568	RBI15_RS03035
NZ_CP132968.1	642999	643574		minus	glucose-6-phosphate isomerase family protein		92740347	protein-coding		WP_055072940.1	191	RBI15_RS03040
NZ_CP132968.1	643598	644308		minus	deoxyribose-phosphate aldolase	deoC	92740348	protein-coding		WP_008394235.1	236	RBI15_RS03045
NZ_CP132968.1	644460	645182		plus	GntR family transcriptional regulator		92740349	protein-coding		WP_015530724.1	240	RBI15_RS03050
NZ_CP132968.1	645281	646480		plus	NADP-dependent isocitrate dehydrogenase		92740350	protein-coding		WP_015530725.1	399	RBI15_RS03055
NZ_CP132968.1	646644	647651		minus	Rpn family recombination-promoting nuclease/putative transposase		92740351	protein-coding		WP_306857566.1	335	RBI15_RS03060
NZ_CP132968.1	647897	648340		minus	hypothetical protein		92740352	protein-coding		WP_306857568.1	147	RBI15_RS03065
NZ_CP132968.1	648728	649195		minus	hypothetical protein		92740353	protein-coding		WP_306857570.1	155	RBI15_RS03070
NZ_CP132968.1	649746	650162		plus	hypothetical protein		92740354	protein-coding		WP_306857572.1	138	RBI15_RS03075
NZ_CP132968.1	650217	651323		plus	radical SAM/SPASM domain-containing protein		92740355	protein-coding		WP_306857574.1	368	RBI15_RS03080
NZ_CP132968.1	651389	652414		minus	Rpn family recombination-promoting nuclease/putative transposase		92740356	protein-coding		WP_055158975.1	341	RBI15_RS03085
NZ_CP132968.1	652657	653757		plus	radical SAM/SPASM domain-containing protein		92740357	protein-coding		WP_306857576.1	366	RBI15_RS03090
NZ_CP132968.1	653765	655561		plus	ABC transporter ATP-binding protein		92740358	protein-coding		WP_195465485.1	598	RBI15_RS03095
NZ_CP132968.1	655654	656445		plus	class B sortase	srtB	92740359	protein-coding		WP_118352990.1	263	RBI15_RS03100
NZ_CP132968.1	656426	657616		plus	LCP family protein		92740360	protein-coding		WP_055158981.1	396	RBI15_RS03105
NZ_CP132968.1	657640	657975		plus	hypothetical protein		92740361	protein-coding		WP_044925295.1	111	RBI15_RS03110
NZ_CP132968.1	658062	658790		plus	tyrosine-protein phosphatase		92740362	protein-coding		WP_008394253.1	242	RBI15_RS03115
NZ_CP132968.1	658787	659644		plus	immunoglobulin-like domain-containing protein		92740363	protein-coding		WP_044925293.1	285	RBI15_RS03120
NZ_CP132968.1	659656	661224		plus	tyrosine-protein kinase domain-containing protein		92740364	protein-coding		WP_306857581.1	522	RBI15_RS03125
NZ_CP132968.1	661217	662632		plus	tyrosine-protein kinase domain-containing protein		92740365	protein-coding		WP_118739338.1	471	RBI15_RS03130
NZ_CP132968.1	662881	663963		minus	LacI family DNA-binding transcriptional regulator		92740366	protein-coding		WP_009265264.1	360	RBI15_RS03135
NZ_CP132968.1	664321	664977		plus	fructose-6-phosphate aldolase	fsa	92740367	protein-coding		WP_008394258.1	218	RBI15_RS03140
NZ_CP132968.1	664996	665817		plus	transketolase		92740368	protein-coding		WP_008394259.1	273	RBI15_RS03145
NZ_CP132968.1	665819	666757		plus	transketolase family protein		92740369	protein-coding		WP_008394260.1	312	RBI15_RS03150
NZ_CP132968.1	666885	667721		plus	DUF975 family protein		92740370	protein-coding		WP_306857585.1	278	RBI15_RS03155
NZ_CP132968.1	667819	669171		plus	phosphoglucosamine mutase	glmM	92740371	protein-coding		WP_008394262.1	450	RBI15_RS03160
NZ_CP132968.1	669175	671400		plus	replication restart helicase PriA	priA	92740372	protein-coding		WP_306857587.1	741	RBI15_RS03165
NZ_CP132968.1	671419	671898		plus	peptide deformylase	def	92740373	protein-coding		WP_008394264.1	159	RBI15_RS03170
NZ_CP132968.1	671900	672829		plus	methionyl-tRNA formyltransferase	fmt	92740374	protein-coding		WP_008394265.1	309	RBI15_RS03175
NZ_CP132968.1	672834	674177		plus	16S rRNA (cytosine(967)-C(5))-methyltransferase RsmB	rsmB	92740375	protein-coding		WP_118352995.1	447	RBI15_RS03180
NZ_CP132968.1	674182	675213		plus	dual-specificity RNA methyltransferase RlmN	rlmN	92740376	protein-coding		WP_009203928.1	343	RBI15_RS03185
NZ_CP132968.1	675225	675944		plus	Stp1/IreP family PP2C-type Ser/Thr phosphatase		92740377	protein-coding		WP_008394269.1	239	RBI15_RS03190
NZ_CP132968.1	675957	677798		plus	Stk1 family PASTA domain-containing Ser/Thr kinase	pknB	92740378	protein-coding		WP_055158992.1	613	RBI15_RS03195
NZ_CP132968.1	677826	678701		plus	ribosome small subunit-dependent GTPase A	rsgA	92740379	protein-coding		WP_008394271.1	291	RBI15_RS03200
NZ_CP132968.1	678701	679336		plus	thiamine diphosphokinase		92740380	protein-coding		WP_244091021.1	211	RBI15_RS03205
NZ_CP132968.1	679348	679839		plus	hypothetical protein		92740381	protein-coding		WP_008394273.1	163	RBI15_RS03210
NZ_CP132968.1	679843	680349		plus	gamma carbonic anhydrase family protein		92740382	protein-coding		WP_008394274.1	168	RBI15_RS03215
NZ_CP132968.1	680377	681354		plus	LacI family DNA-binding transcriptional regulator		92740383	protein-coding		WP_008394275.1	325	RBI15_RS03220
NZ_CP132968.1	681573	682964		plus	family 43 glycosylhydrolase		92740384	protein-coding		WP_156724055.1	463	RBI15_RS03225
NZ_CP132968.1	682994	684901		plus	PTS sucrose transporter subunit IIABC		92740385	protein-coding		WP_008394277.1	635	RBI15_RS03230
NZ_CP132968.1	684903	686288		plus	glycoside hydrolase family 32 protein		92740386	protein-coding		WP_156724053.1	461	RBI15_RS03235
NZ_CP132968.1	686425	686829		plus	Clp protease/crotonase-like domain-containing protein		92740387	protein-coding		WP_009265252.1	134	RBI15_RS03240
NZ_CP132968.1	686955	687248		plus	Asp-tRNA(Asn)/Glu-tRNA(Gln) amidotransferase subunit GatC	gatC	92740388	protein-coding		WP_008394280.1	97	RBI15_RS03245
NZ_CP132968.1	687259	688731		plus	Asp-tRNA(Asn)/Glu-tRNA(Gln) amidotransferase subunit GatA	gatA	92740389	protein-coding		WP_306857598.1	490	RBI15_RS03250
NZ_CP132968.1	688732	690171		plus	Asp-tRNA(Asn)/Glu-tRNA(Gln) amidotransferase subunit GatB	gatB	92740390	protein-coding		WP_118739339.1	479	RBI15_RS03255
NZ_CP132968.1	690376	690891		plus	RNA polymerase sigma factor		92740391	protein-coding		WP_008394283.1	171	RBI15_RS03260
NZ_CP132968.1	690878	692215		plus	DUF4179 domain-containing protein		92740392	protein-coding		WP_306857601.1	445	RBI15_RS03265
NZ_CP132968.1	692378	693175		plus	Cof-type HAD-IIB family hydrolase		92740393	protein-coding		WP_044923393.1	265	RBI15_RS03270
NZ_CP132968.1	693177	693872		plus	HAD family hydrolase		92740394	protein-coding		WP_009203916.1	231	RBI15_RS03275
NZ_CP132968.1	694015	694215		minus	cold-shock protein		92740395	protein-coding		WP_008394287.1	66	RBI15_RS03280
NZ_CP132968.1	694419	694844		minus	RNA helicase		92740396	protein-coding		WP_227085391.1	141	RBI15_RS03285
NZ_CP132968.1	694990	695448		plus	PaaI family thioesterase		92740397	protein-coding		WP_009265244.1	152	RBI15_RS03290
NZ_CP132968.1	695530	696600		minus	iron-containing alcohol dehydrogenase family protein		92740398	protein-coding		WP_009265243.1	356	RBI15_RS03295
NZ_CP132968.1	696796	697917		plus	CobW family GTP-binding protein		92740399	protein-coding		WP_149883622.1	373	RBI15_RS03300
NZ_CP132968.1	697936	698889		plus	TIGR03943 family putative permease subunit		92740400	protein-coding		WP_173782919.1	317	RBI15_RS03305
NZ_CP132968.1	698959	699156		plus	sporulation transcriptional regulator SpoIIID		92740401	protein-coding		WP_306857609.1	65	RBI15_RS03310
NZ_CP132968.1	699228	701276		plus	plasmid pRiA4b ORF-3 family protein		92740402	protein-coding		WP_209302062.1	682	RBI15_RS03315
NZ_CP132968.1	701490	702107		minus	hypothetical protein		92740403	protein-coding		WP_077325752.1	205	RBI15_RS03320
NZ_CP132968.1	702254	703570		plus	replication-associated recombination protein A		92740404	protein-coding		WP_008394295.1	438	RBI15_RS03325
NZ_CP132968.1	703599	703802		minus	hypothetical protein		92740405	protein-coding		WP_015530732.1	67	RBI15_RS03330
NZ_CP132968.1	704113	704619		plus	SEC-C metal-binding domain-containing protein		92740406	protein-coding		WP_008394298.1	168	RBI15_RS03335
NZ_CP132968.1	704844	705311		plus	MarR family winged helix-turn-helix transcriptional regulator		92740407	protein-coding		WP_009264708.1	155	RBI15_RS03340
NZ_CP132968.1	705304	707493		plus	ABC transporter ATP-binding protein		92740408	protein-coding		WP_044923382.1	729	RBI15_RS03345
NZ_CP132968.1	707486	709318		plus	ABC transporter ATP-binding protein		92740409	protein-coding		WP_008394301.1	610	RBI15_RS03350
NZ_CP132968.1	709482	710948		plus	sensor domain-containing diguanylate cyclase		92740410	protein-coding		WP_008394302.1	488	RBI15_RS03355
NZ_CP132968.1	710936	712321		minus	alanine/glycine:cation symporter family protein		92740411	protein-coding		WP_173757778.1	461	RBI15_RS03360
NZ_CP132968.1	712598	713260		plus	DUF6198 family protein		92740412	protein-coding		WP_044923389.1	220	RBI15_RS03365
NZ_CP132968.1	713364	715460		plus	glycogen debranching protein		92740413	protein-coding		WP_055072254.1	698	RBI15_RS03370
NZ_CP132968.1	716159	717025		minus	phosphoribosylaminoimidazolesuccinocarboxamide synthase		92740414	protein-coding		WP_008394307.1	288	RBI15_RS03375
NZ_CP132968.1	717229	718167		plus	tRNA dihydrouridine synthase		92740415	protein-coding		WP_044925245.1	312	RBI15_RS03380
NZ_CP132968.1	718596	720341		plus	aspartate--tRNA ligase	aspS	92740416	protein-coding		WP_009264700.1	581	RBI15_RS03385
NZ_CP132968.1	720472	720903		plus	GNAT family N-acetyltransferase		92740417	protein-coding		WP_306857619.1	143	RBI15_RS03390
NZ_CP132968.1	720919	721347		plus	2-thiouracil desulfurase family protein		92740418	protein-coding		WP_008394318.1	142	RBI15_RS03395
NZ_CP132968.1	721378	722319		plus	alpha/beta hydrolase		92740419	protein-coding		WP_306857621.1	313	RBI15_RS03400
NZ_CP132968.1	722390	723865		minus	TRM11 family SAM-dependent methyltransferase		92740420	protein-coding		WP_306857623.1	491	RBI15_RS03405
NZ_CP132968.1	724014	724526		plus	GNAT family N-acetyltransferase		92740421	protein-coding		WP_008394321.1	170	RBI15_RS03410
NZ_CP132968.1	724523	725923		plus	NAD(P)/FAD-dependent oxidoreductase		92740422	protein-coding		WP_009204145.1	466	RBI15_RS03415
NZ_CP132968.1	726036	726482		minus	PHP domain-containing protein		92740423	protein-coding		WP_306857626.1	148	RBI15_RS03420
NZ_CP132968.1	726451	726666		minus	PHP domain-containing protein		92740424	protein-coding		WP_306857628.1	71	RBI15_RS03425
NZ_CP132968.1	726688	727110		minus	MarR family winged helix-turn-helix transcriptional regulator		92740425	protein-coding		WP_022091496.1	140	RBI15_RS03430
NZ_CP132968.1	727267	728628		plus	citrate/2-methylcitrate synthase		92740426	protein-coding		WP_008394326.1	453	RBI15_RS03435
NZ_CP132968.1	728834	729661		minus	Cof-type HAD-IIB family hydrolase		92740427	protein-coding		WP_022091495.1	275	RBI15_RS03440
NZ_CP132968.1	729786	730787		plus	NUDIX domain-containing protein		92740428	protein-coding		WP_306857632.1	333	RBI15_RS03445
NZ_CP132968.1	731596	732171		plus	hypothetical protein		92740429	protein-coding		WP_227085401.1	191	RBI15_RS03450
NZ_CP132968.1	732581	733666		plus	bifunctional diaminohydroxyphosphoribosylaminopyrimidine deaminase/5-amino-6-(5-phosphoribosylamino)uracil reductase RibD	ribD	92740430	protein-coding		WP_055162166.1	361	RBI15_RS03455
NZ_CP132968.1	733648	734307		plus	riboflavin synthase	ribE	92740431	protein-coding		WP_008394332.1	219	RBI15_RS03460
NZ_CP132968.1	734352	734933		plus	uncharacterized gene	ribA	92740432	pseudogene				RBI15_RS03465
NZ_CP132968.1	735015	735482		plus	6,7-dimethyl-8-ribityllumazine synthase	ribH	92740433	protein-coding		WP_008394334.1	155	RBI15_RS03470
NZ_CP132968.1	735514	737079		plus	FGGY-family carbohydrate kinase		92740434	protein-coding		WP_306857637.1	521	RBI15_RS03475
NZ_CP132968.1	737213	737941		plus	NAD-dependent protein deacylase		92740435	protein-coding		WP_009264687.1	242	RBI15_RS03480
NZ_CP132968.1	737944	738312		plus	NusG domain II-containing protein		92740436	protein-coding		WP_022091522.1	122	RBI15_RS03485
NZ_CP132968.1	738353	738850		plus	Gx transporter family protein		92740437	protein-coding		WP_009264685.1	165	RBI15_RS03490
NZ_CP132968.1	738936	739610		plus	phosphatase PAP2 family protein		92740438	protein-coding		WP_008394339.1	224	RBI15_RS03495
NZ_CP132968.1	739685	740617		plus	metal ABC transporter substrate-binding protein		92740439	protein-coding		WP_022091519.1	310	RBI15_RS03500
NZ_CP132968.1	740614	741288		plus	metal ABC transporter ATP-binding protein		92740440	protein-coding		WP_008394342.1	224	RBI15_RS03505
NZ_CP132968.1	741285	742085		plus	metal ABC transporter permease		92740441	protein-coding		WP_009202912.1	266	RBI15_RS03510
NZ_CP132968.1	742197	743636		plus	alanine/glycine:cation symporter family protein		92740442	protein-coding		WP_306857642.1	479	RBI15_RS03515
NZ_CP132968.1	743805	745157		minus	MATE family efflux transporter		92740443	protein-coding		WP_022091517.1	450	RBI15_RS03520
NZ_CP132968.1	745344	746273		plus	AEC family transporter		92740444	protein-coding		WP_044922894.1	309	RBI15_RS03525
NZ_CP132968.1	746416	747882		minus	aminotransferase class I/II-fold pyridoxal phosphate-dependent enzyme		92740445	protein-coding		WP_173757773.1	488	RBI15_RS03530
NZ_CP132968.1	748144	749571		plus	sugar transferase		92740446	protein-coding		WP_209290737.1	475	RBI15_RS03535
NZ_CP132968.1	749611	750123		plus	glycosyltransferase		92740447	protein-coding		WP_244091247.1	170	RBI15_RS03540
NZ_CP132968.1	750156	750758		plus	glycosyltransferase family 4 protein		92740448	protein-coding		WP_306857669.1	200	RBI15_RS03545
NZ_CP132968.1	750787	751275		plus	acyltransferase		92740449	protein-coding		WP_209290741.1	162	RBI15_RS03550
NZ_CP132968.1	751285	752088		plus	glycosyltransferase		92740450	protein-coding		WP_209290743.1	267	RBI15_RS03555
NZ_CP132968.1	752104	753528		plus	hypothetical protein		92740451	protein-coding		WP_209290745.1	474	RBI15_RS03560
NZ_CP132968.1	753530	754708		plus	glycosyltransferase family 4 protein		92740452	protein-coding		WP_209290747.1	392	RBI15_RS03565
NZ_CP132968.1	754710	755663		plus	DUF6625 family protein		92740453	protein-coding		WP_209290749.1	317	RBI15_RS03570
NZ_CP132968.1	755672	757093		plus	lipopolysaccharide biosynthesis protein		92740454	protein-coding		WP_209290751.1	473	RBI15_RS03575
NZ_CP132968.1	757095	757718		plus	DUF1919 domain-containing protein		92740455	protein-coding		WP_209290753.1	207	RBI15_RS03580
NZ_CP132968.1	757740	758852		plus	UDP-galactopyranose mutase	glf	92740456	protein-coding		WP_209290755.1	370	RBI15_RS03585
NZ_CP132968.1	758865	759962		plus	polysaccharide pyruvyl transferase family protein		92740457	protein-coding		WP_209290756.1	365	RBI15_RS03590
NZ_CP132968.1	759980	761749		plus	2-succinyl-5-enolpyruvyl-6-hydroxy-3-cyclohexene-1-carboxylic-acid synthase	menD	92740458	protein-coding		WP_209290758.1	589	RBI15_RS03595
NZ_CP132968.1	761771	762631		plus	SDR family NAD(P)-dependent oxidoreductase		92740459	protein-coding		WP_209290760.1	286	RBI15_RS03600
NZ_CP132968.1	762649	763068		plus	VanZ family protein		92740460	protein-coding		WP_209290762.1	139	RBI15_RS03605
NZ_CP132968.1	763207	764124		plus	nucleotidyltransferase family protein		92740461	protein-coding		WP_209290764.1	305	RBI15_RS03610
NZ_CP132968.1	764280	764924		plus	class I SAM-dependent methyltransferase		92740462	protein-coding		WP_306857677.1	214	RBI15_RS03615
NZ_CP132968.1	765158	765424		plus	hypothetical protein		98633741	protein-coding		WP_416387417.1	88	RBI15_RS14625
NZ_CP132968.1	765625	765879		plus	hypothetical protein		92740464	protein-coding		WP_209291407.1	84	RBI15_RS03625
NZ_CP132968.1	765879	766544		plus	hypothetical protein		92740465	protein-coding		WP_209291406.1	221	RBI15_RS03630
NZ_CP132968.1	766624	767271		plus	hypothetical protein		92740466	protein-coding		WP_209291405.1	215	RBI15_RS03635
NZ_CP132968.1	767545	767937		plus	hypothetical protein		92740467	protein-coding		WP_209291404.1	130	RBI15_RS03640
NZ_CP132968.1	767927	768292		plus	IS66 family insertion sequence element accessory protein TnpB	tnpB	92740468	protein-coding		WP_209291403.1	121	RBI15_RS03645
NZ_CP132968.1	768396	768614		plus	hypothetical protein		92740469	protein-coding		WP_209291402.1	72	RBI15_RS03650
NZ_CP132968.1	768784	770058		plus	DUF262 domain-containing protein		92740470	protein-coding		WP_209291401.1	424	RBI15_RS03655
NZ_CP132968.1	770055	771146		plus	DUF3696 domain-containing protein		92740471	protein-coding		WP_209291400.1	363	RBI15_RS03660
NZ_CP132968.1	771156	772052		plus	hypothetical protein		92740472	protein-coding		WP_306857678.1	298	RBI15_RS03665
NZ_CP132968.1	772790	773422		plus	VanZ family protein		92740473	protein-coding		WP_209291398.1	210	RBI15_RS03670
NZ_CP132968.1	773660	773803		plus	hypothetical protein		92740474	protein-coding		WP_008394366.1	47	RBI15_RS03675
NZ_CP132968.1	773863	774624		minus	SDR family NAD(P)-dependent oxidoreductase		92740475	protein-coding		WP_055072912.1	253	RBI15_RS03680
NZ_CP132968.1	774908	775825		plus	nucleotidyltransferase family protein		92740476	protein-coding		WP_008394368.1	305	RBI15_RS03685
NZ_CP132968.1	775932	776279		plus	prenylated flavin chaperone LpdD	lpdD	92740477	protein-coding		WP_008394369.1	115	RBI15_RS03690
NZ_CP132968.1	776314	777354		plus	metallophosphoesterase family protein		92740478	protein-coding		WP_209291397.1	346	RBI15_RS03695
NZ_CP132968.1	777358	778680		plus	AAA family ATPase		92740479	protein-coding		WP_209291396.1	440	RBI15_RS03700
NZ_CP132968.1	778734	779717		plus	LacI family DNA-binding transcriptional regulator		92740480	protein-coding		WP_008394372.1	327	RBI15_RS03705
NZ_CP132968.1	779953	781878		plus	sucrose-specific PTS transporter subunit IIBC		92740481	protein-coding		WP_209291395.1	641	RBI15_RS03710
NZ_CP132968.1	781913	783379		plus	glycoside hydrolase family 32 protein		92740482	protein-coding		WP_209291394.1	488	RBI15_RS03715
NZ_CP132968.1	783369	784343		plus	carbohydrate kinase family protein		92740483	protein-coding		WP_008394375.1	324	RBI15_RS03720
NZ_CP132968.1	784511	785269		plus	electron transfer flavoprotein subunit beta/FixA family protein		92740484	protein-coding		WP_055072906.1	252	RBI15_RS03725
NZ_CP132968.1	785283	786293		plus	electron transfer flavoprotein subunit alpha/FixB family protein		92740485	protein-coding		WP_209291393.1	336	RBI15_RS03730
NZ_CP132968.1	786394	787272		minus	hypothetical protein		92740486	protein-coding		WP_209291392.1	292	RBI15_RS03735
NZ_CP132968.1	787602	788084		plus	DUF2798 domain-containing protein		92740487	protein-coding		WP_040343899.1	160	RBI15_RS03740
NZ_CP132968.1	788332	789006		plus	deoxyribose-phosphate aldolase	deoC	92740488	protein-coding		WP_173757737.1	224	RBI15_RS03745
NZ_CP132968.1	789023	790036		plus	Gfo/Idh/MocA family oxidoreductase		92740489	protein-coding		WP_173757738.1	337	RBI15_RS03750
NZ_CP132968.1	790048	791463		plus	PTS mannitol transporter subunit IIBC		92740490	protein-coding		WP_173757739.1	471	RBI15_RS03755
NZ_CP132968.1	791486	791914		plus	PTS mannitol transporter subunit IIA		92740491	protein-coding		WP_209291391.1	142	RBI15_RS03760
NZ_CP132968.1	792060	792818		plus	DeoR/GlpR family DNA-binding transcription regulator		92740492	protein-coding		WP_173757741.1	252	RBI15_RS03765
NZ_CP132968.1	793016	794305		plus	M18 family aminopeptidase		92740493	protein-coding		WP_306857695.1	429	RBI15_RS03770
NZ_CP132968.1	794305	794973		plus	YoaK family protein		92740494	protein-coding		WP_009265386.1	222	RBI15_RS03775
NZ_CP132968.1	795037	795579		minus	HD domain-containing protein		92740495	protein-coding		WP_306857697.1	180	RBI15_RS03780
NZ_CP132968.1	795814	796920		plus	prephenate dehydrogenase/arogenate dehydrogenase family protein		92740496	protein-coding		WP_306857698.1	368	RBI15_RS03785
NZ_CP132968.1	796925	798199		plus	3-phosphoshikimate 1-carboxyvinyltransferase	aroA	92740497	protein-coding		WP_306857699.1	424	RBI15_RS03790
NZ_CP132968.1	798240	799013		plus	HAD family hydrolase		92740498	protein-coding		WP_009202984.1	257	RBI15_RS03795
NZ_CP132968.1	798964	800370		plus	glycoside hydrolase family 10-like protein		92740499	protein-coding		WP_306857703.1	468	RBI15_RS03800
NZ_CP132968.1	800533	800856		plus	PadR family transcriptional regulator		92740500	protein-coding		WP_009265381.1	107	RBI15_RS03805
NZ_CP132968.1	800853	801512		plus	DUF1700 domain-containing protein		92740501	protein-coding		WP_055159821.1	219	RBI15_RS03810
NZ_CP132968.1	801539	802249		plus	DUF4097 family beta strand repeat-containing protein		92740502	protein-coding		WP_008392070.1	236	RBI15_RS03815
NZ_CP132968.1	802282	802467		plus	PspC domain-containing protein		92740503	protein-coding		WP_245193604.1	61	RBI15_RS03820
NZ_CP132968.1	802586	804106		plus	sodium/proline symporter PutP	putP	92740504	protein-coding		WP_306857707.1	506	RBI15_RS03825
NZ_CP132968.1	804778	804981		plus	spore coat associated protein CotJA		92740505	protein-coding		WP_330607703.1	67	RBI15_RS03830
NZ_CP132968.1	804981	805244		plus	spore coat protein CotJB		92740506	protein-coding		WP_008392075.1	87	RBI15_RS03835
NZ_CP132968.1	805246	805860		plus	manganese catalase family protein		92740507	protein-coding		WP_009204199.1	204	RBI15_RS03840
NZ_CP132968.1	806015	806449		plus	MarR family winged helix-turn-helix transcriptional regulator		92740508	protein-coding		WP_008392077.1	144	RBI15_RS03845
NZ_CP132968.1	806451	807227		plus	sulfite exporter TauE/SafE family protein		92740509	protein-coding		WP_009265374.1	258	RBI15_RS03850
NZ_CP132968.1	807256	808038		plus	GTP pyrophosphokinase		92740510	protein-coding		WP_306857712.1	260	RBI15_RS03855
NZ_CP132968.1	808213	810165		plus	BglG family transcription antiterminator		92740511	protein-coding		WP_306857714.1	650	RBI15_RS03860
NZ_CP132968.1	810184	810639		plus	PTS sugar transporter subunit IIA		92740512	protein-coding		WP_008392085.1	151	RBI15_RS03865
NZ_CP132968.1	810665	811993		plus	PTS galactitol transporter subunit IIC		92740513	protein-coding		WP_118302839.1	442	RBI15_RS03870
NZ_CP132968.1	812033	812317		plus	PTS sugar transporter subunit IIB		92740514	protein-coding		WP_008392088.1	94	RBI15_RS03875
NZ_CP132968.1	812327	812842		plus	YjbQ family protein		92740515	protein-coding		WP_008392089.1	171	RBI15_RS03880
NZ_CP132968.1	812845	813501		plus	ribulose-phosphate 3-epimerase	rpe	92740516	protein-coding		WP_008392090.1	218	RBI15_RS03885
NZ_CP132968.1	813498	814052		plus	6-phospho-3-hexuloisomerase	hxlB	92740517	protein-coding		WP_306857717.1	184	RBI15_RS03890
NZ_CP132968.1	814264	815625		plus	Trk system potassium transporter TrkA	trkA	92740518	protein-coding		WP_306857719.1	453	RBI15_RS03895
NZ_CP132968.1	815641	817134		plus	TrkH family potassium uptake protein		92740519	protein-coding		WP_118352462.1	497	RBI15_RS03900
NZ_CP132968.1	817131	817400		plus	PqqD family protein		92740520	protein-coding		WP_008392094.1	89	RBI15_RS03905
NZ_CP132968.1	817397	817837		plus	S24/S26 family peptidase		92740521	protein-coding		WP_055073489.1	146	RBI15_RS03910
NZ_CP132968.1	818148	818624		plus	LeuD/DmdB family oxidoreductase small subunit		92740522	protein-coding		WP_055073488.1	158	RBI15_RS03915
NZ_CP132968.1	818629	819879		plus	3-isopropylmalate dehydratase large subunit		92740523	protein-coding		WP_055073487.1	416	RBI15_RS03920
NZ_CP132968.1	819900	820391		plus	LeuD/DmdB family oxidoreductase small subunit		92740524	protein-coding		WP_008392101.1	163	RBI15_RS03925
NZ_CP132968.1	820396	821637		plus	3-isopropylmalate dehydratase large subunit		92740525	protein-coding		WP_055073486.1	413	RBI15_RS03930
NZ_CP132968.1	821732	822895		plus	cation diffusion facilitator family transporter		92740526	protein-coding		WP_306857728.1	387	RBI15_RS03935
NZ_CP132968.1	823704	824309		minus	GNAT family N-acetyltransferase		92740527	protein-coding		WP_306857730.1	201	RBI15_RS03940
NZ_CP132968.1	824716	825897		plus	MerR family transcriptional regulator		92740528	protein-coding		WP_306857732.1	393	RBI15_RS03945
NZ_CP132968.1	825908	826753		plus	dTDP-4-dehydrorhamnose reductase	rfbD	92740529	protein-coding		WP_008392107.1	281	RBI15_RS03950
NZ_CP132968.1	826773	827327		plus	dTDP-4-dehydrorhamnose 3,5-epimerase	rfbC	92740530	protein-coding		WP_009265363.1	184	RBI15_RS03955
NZ_CP132968.1	827358	828239		plus	glucose-1-phosphate thymidylyltransferase RfbA	rfbA	92740531	protein-coding		WP_008392109.1	293	RBI15_RS03960
NZ_CP132968.1	828250	829272		plus	dTDP-glucose 4,6-dehydratase	rfbB	92740532	protein-coding		WP_008392110.1	340	RBI15_RS03965
NZ_CP132968.1	829281	829778		plus	VanZ family protein		92740533	protein-coding		WP_009204185.1	165	RBI15_RS03970
NZ_CP132968.1	829810	830058		minus	hypothetical protein		92740534	protein-coding		WP_156724193.1	82	RBI15_RS03975
NZ_CP132968.1	830042	831214		minus	M56 family metallopeptidase		92740535	protein-coding		WP_306857738.1	390	RBI15_RS03980
NZ_CP132968.1	831216	831602		minus	BlaI/MecI/CopY family transcriptional regulator		92740536	protein-coding		WP_055259325.1	128	RBI15_RS03985
NZ_CP132968.1	831928	832689		plus	N-acetylmuramoyl-L-alanine amidase		92740537	protein-coding		WP_227054304.1	253	RBI15_RS03990
NZ_CP132968.1	833057	833914		plus	BglG family transcription antiterminator LicT	licT	92740538	protein-coding		WP_009264501.1	285	RBI15_RS03995
NZ_CP132968.1	833907	834404		plus	PTS sugar transporter subunit IIA		92740539	protein-coding		WP_009204179.1	165	RBI15_RS04000
NZ_CP132968.1	834478	835944		plus	PTS transporter subunit EIIC		92740540	protein-coding		WP_009204178.1	488	RBI15_RS04005
NZ_CP132968.1	836226	837338		plus	N-acetylglucosamine-6-phosphate deacetylase	nagA	92740541	protein-coding		WP_009264500.1	370	RBI15_RS04010
NZ_CP132968.1	837436	838209		plus	polysaccharide deacetylase family protein		92740542	protein-coding		WP_009204176.1	257	RBI15_RS04015
NZ_CP132968.1	838534	839295		plus	DUF4430 domain-containing protein		92740543	protein-coding		WP_245193594.1	253	RBI15_RS04020
NZ_CP132968.1	839296	840132		plus	energy-coupling factor transporter transmembrane component T		92740544	protein-coding		WP_209291318.1	278	RBI15_RS04025
NZ_CP132968.1	840119	841672		plus	ABC transporter ATP-binding protein		92740545	protein-coding		WP_306857749.1	517	RBI15_RS04030
NZ_CP132968.1	841666	842298		plus	ECF transporter S component		92740546	protein-coding		WP_009264495.1	210	RBI15_RS04035
NZ_CP132968.1	842319	844103		plus	PQQ-binding-like beta-propeller repeat protein		92740547	protein-coding		WP_306857752.1	594	RBI15_RS04040
NZ_CP132968.1	844303	846420		plus	glutamine synthetase III family protein		92740548	protein-coding		WP_209291321.1	705	RBI15_RS04045
NZ_CP132968.1	846593	847363		plus	polysaccharide deacetylase family protein		92740549	protein-coding		WP_008392137.1	256	RBI15_RS04050
NZ_CP132968.1	847421	848023		plus	ribosome biogenesis GTP-binding protein YihA/YsxC	yihA	92740550	protein-coding		WP_209291322.1	200	RBI15_RS04055
NZ_CP132968.1	848024	848557		minus	DUF4364 family protein		92740551	protein-coding		WP_008392139.1	177	RBI15_RS04060
NZ_CP132968.1	848680	848868		plus	hypothetical protein		92740552	protein-coding		WP_022091448.1	62	RBI15_RS04065
NZ_CP132968.1	848813	849436		plus	stage V sporulation protein AA		92740553	protein-coding		WP_306857760.1	207	RBI15_RS04070
NZ_CP132968.1	849423	849839		plus	stage V sporulation protein AB		92740554	protein-coding		WP_008392143.1	138	RBI15_RS04075
NZ_CP132968.1	849852	850325		plus	stage V sporulation protein AC	spoVAC	92740555	protein-coding		WP_009264490.1	157	RBI15_RS04080
NZ_CP132968.1	850322	851335		plus	stage V sporulation protein AD		92740556	protein-coding		WP_022091451.1	337	RBI15_RS04085
NZ_CP132968.1	851338	851694		plus	stage V sporulation protein AE	spoVAE	92740557	protein-coding		WP_008392146.1	118	RBI15_RS04090
NZ_CP132968.1	851779	854316		minus	transglycosylase domain-containing protein		92740558	protein-coding		WP_209291324.1	845	RBI15_RS04095
NZ_CP132968.1	854445	854744		plus	DUF6514 family protein		92740559	protein-coding		WP_009204165.1	99	RBI15_RS04100
NZ_CP132968.1	854725	855381		plus	YigZ family protein		92740560	protein-coding		WP_008392150.1	218	RBI15_RS04105
NZ_CP132968.1	855494	856051		plus	dihydropteroate synthase		92742613	protein-coding		WP_306857764.1	185	RBI15_RS14530
NZ_CP132968.1	856002	856457		plus	B12-binding domain-containing protein		92740561	protein-coding		WP_306857766.1	151	RBI15_RS04115
NZ_CP132968.1	856408	856581		plus	hypothetical protein		92740562	protein-coding		WP_244091350.1	57	RBI15_RS04120
NZ_CP132968.1	857063	858724		minus	2-isopropylmalate synthase		92740563	protein-coding		WP_009264481.1	553	RBI15_RS04125
NZ_CP132968.1	859207	859638		plus	hypothetical protein		92740564	protein-coding		WP_022091414.1	143	RBI15_RS04130
NZ_CP132968.1	859712	859782		plus	tRNA-Gln		92740565	tRNA				RBI15_RS04135
NZ_CP132968.1	859788	859860		plus	tRNA-Lys		92740566	tRNA				RBI15_RS04140
NZ_CP132968.1	859950	860020		plus	tRNA-Gln		92740567	tRNA				RBI15_RS04145
NZ_CP132968.1	860025	860097		plus	tRNA-Lys		92740568	tRNA				RBI15_RS04150
NZ_CP132968.1	860226	860462		minus	HPr family phosphocarrier protein		92740569	protein-coding		WP_009204159.1	78	RBI15_RS04155
NZ_CP132968.1	860581	861186		plus	sugar O-acetyltransferase		92740570	protein-coding		WP_173774670.1	201	RBI15_RS04160
NZ_CP132968.1	861143	861322		plus	hypothetical protein		92740571	protein-coding		WP_009264479.1	59	RBI15_RS04165
NZ_CP132968.1	861472	862029		plus	biotin transporter BioY		92740572	protein-coding		WP_009264478.1	185	RBI15_RS04170
NZ_CP132968.1	862462	863154		plus	serine O-acetyltransferase EpsC	epsC	92740573	protein-coding		WP_172622401.1	230	RBI15_RS04175
NZ_CP132968.1	863151	864554		plus	cysteine--tRNA ligase	cysS	92740574	protein-coding		WP_009204156.1	467	RBI15_RS04180
NZ_CP132968.1	864539	864994		plus	Mini-ribonuclease 3		92740575	protein-coding		WP_044923907.1	151	RBI15_RS04185
NZ_CP132968.1	864984	865724		plus	23S rRNA (guanosine(2251)-2'-O)-methyltransferase RlmB	rlmB	92740576	protein-coding		WP_008391852.1	246	RBI15_RS04190
NZ_CP132968.1	865728	866330		plus	sigma-70 family RNA polymerase sigma factor		92740577	protein-coding		WP_009204155.1	200	RBI15_RS04195
NZ_CP132968.1	866391	866463		minus	tRNA-Thr		92740578	tRNA				RBI15_RS04200
NZ_CP132968.1	866535	867848		plus	hypothetical protein		92740579	protein-coding		WP_306857774.1	437	RBI15_RS04205
NZ_CP132968.1	867890	870979		plus	glycosyl hydrolase 53 family protein		92740580	protein-coding		WP_306857776.1	1029	RBI15_RS04210
NZ_CP132968.1	870994	874092		plus	glycosyl hydrolase 53 family protein		92740581	protein-coding		WP_306857778.1	1032	RBI15_RS04215
NZ_CP132968.1	874238	874597		plus	CidA/LrgA family protein		92740582	protein-coding		WP_009203068.1	119	RBI15_RS04220
NZ_CP132968.1	874590	875282		plus	LrgB family protein		92740583	protein-coding		WP_009203067.1	230	RBI15_RS04225
NZ_CP132968.1	875300	875884		plus	cytidylate kinase-like family protein		92740584	protein-coding		WP_009264470.1	194	RBI15_RS04230
NZ_CP132968.1	875962	876033		plus	tRNA-Glu		92740585	tRNA				RBI15_RS04235
NZ_CP132968.1	876428	876622		plus	sulfur carrier protein ThiS	thiS	92740586	protein-coding		WP_015530548.1	64	RBI15_RS04240
NZ_CP132968.1	876681	877451		plus	thiazole synthase		92740587	protein-coding		WP_008392470.1	256	RBI15_RS04245
NZ_CP132968.1	877454	878620		plus	2-iminoacetate synthase ThiH	thiH	92740588	protein-coding		WP_009203064.1	388	RBI15_RS04250
NZ_CP132968.1	878812	879294		plus	family 1 glycosylhydrolase		92740589	protein-coding		WP_306857785.1	160	RBI15_RS04255
NZ_CP132968.1	879317	879976		plus	HAD family hydrolase		92740590	protein-coding		WP_008392465.1	219	RBI15_RS04260
NZ_CP132968.1	880119	881042		plus	orotidine-5'-phosphate decarboxylase	pyrF	92740591	protein-coding		WP_009264467.1	307	RBI15_RS04265
NZ_CP132968.1	881097	881864		plus	dihydroorotate dehydrogenase electron transfer subunit		92740592	protein-coding		WP_009264466.1	255	RBI15_RS04270
NZ_CP132968.1	881864	882766		plus	dihydroorotate dehydrogenase		92740593	protein-coding		WP_008392462.1	300	RBI15_RS04275
NZ_CP132968.1	882789	883208		plus	CBS domain-containing protein		92740594	protein-coding		WP_055072811.1	139	RBI15_RS04280
NZ_CP132968.1	883229	883912		plus	orotate phosphoribosyltransferase	pyrE	92740595	protein-coding		WP_008392460.1	227	RBI15_RS04285
NZ_CP132968.1	883915	884400		plus	VanZ family protein		92740596	protein-coding		WP_173761086.1	161	RBI15_RS04290
NZ_CP132968.1	884397	884735		plus	DUF6142 family protein		92740597	protein-coding		WP_008392458.1	112	RBI15_RS04295
NZ_CP132968.1	884766	886769		plus	aminopeptidase		92740598	protein-coding		WP_008392457.1	667	RBI15_RS04300
NZ_CP132968.1	886845	887348		plus	5-(carboxyamino)imidazole ribonucleotide mutase	purE	92740599	protein-coding		WP_008392456.1	167	RBI15_RS04305
NZ_CP132968.1	887341	888051		plus	N-acetylmuramoyl-L-alanine amidase family protein		92740600	protein-coding		WP_009203056.1	236	RBI15_RS04310
NZ_CP132968.1	888070	889095		plus	phosphoribosylformylglycinamidine cyclo-ligase	purM	92740601	protein-coding		WP_009203055.1	341	RBI15_RS04315
NZ_CP132968.1	889089	889712		plus	phosphoribosylglycinamide formyltransferase	purN	92740602	protein-coding		WP_008392453.1	207	RBI15_RS04320
NZ_CP132968.1	889746	891017		plus	phosphoribosylamine--glycine ligase	purD	92740603	protein-coding		WP_008392452.1	423	RBI15_RS04325
NZ_CP132968.1	891094	892461		minus	sodium-dependent transporter		92740604	protein-coding		WP_173757893.1	455	RBI15_RS04330
NZ_CP132968.1	892949	894376		plus	alanine/glycine:cation symporter family protein		92740605	protein-coding		WP_008392450.1	475	RBI15_RS04335
NZ_CP132968.1	894451	894738		plus	YerC/YecD family TrpR-related protein		92740606	protein-coding		WP_015530549.1	95	RBI15_RS04340
NZ_CP132968.1	894747	895358		minus	DUF1836 domain-containing protein		92740607	protein-coding		WP_008392448.1	203	RBI15_RS04345
NZ_CP132968.1	895501	897702		plus	DNA helicase PcrA	pcrA	92740608	protein-coding		WP_306857796.1	733	RBI15_RS04350
NZ_CP132968.1	897769	898050		plus	hypothetical protein		92740609	protein-coding		WP_008392446.1	93	RBI15_RS04355
NZ_CP132968.1	898332	898406		plus	tRNA-Pro		92740610	tRNA				RBI15_RS04360
NZ_CP132968.1	898413	898483		plus	tRNA-Gly		92740611	tRNA				RBI15_RS04365
NZ_CP132968.1	898489	898562		plus	tRNA-Arg		92740612	tRNA				RBI15_RS04370
NZ_CP132968.1	898576	898649		plus	tRNA-His		92740613	tRNA				RBI15_RS04375
NZ_CP132968.1	898698	898770		plus	tRNA-Lys		92740614	tRNA				RBI15_RS04380
NZ_CP132968.1	898775	898855		plus	tRNA-Leu		92740615	tRNA				RBI15_RS04385
NZ_CP132968.1	898934	899008		plus	tRNA-Pro		92740616	tRNA				RBI15_RS04390
NZ_CP132968.1	899015	899085		plus	tRNA-Gly		92740617	tRNA				RBI15_RS04395
NZ_CP132968.1	899116	899189		plus	tRNA-Arg		92740618	tRNA				RBI15_RS04400
NZ_CP132968.1	899232	899305		plus	tRNA-His		92740619	tRNA				RBI15_RS04405
NZ_CP132968.1	899330	899401		plus	tRNA-Gln		92740620	tRNA				RBI15_RS04410
NZ_CP132968.1	899420	899492		plus	tRNA-Lys		92740621	tRNA				RBI15_RS04415
NZ_CP132968.1	899831	899911		plus	tRNA-Leu		92740622	tRNA				RBI15_RS04420
NZ_CP132968.1	900026	900100		plus	tRNA-Pro		92740623	tRNA				RBI15_RS04425
NZ_CP132968.1	900107	900177		plus	tRNA-Gly		92740624	tRNA				RBI15_RS04430
NZ_CP132968.1	900208	900281		plus	tRNA-Arg		92740625	tRNA				RBI15_RS04435
NZ_CP132968.1	900330	900403		plus	tRNA-His		92740626	tRNA				RBI15_RS04440
NZ_CP132968.1	900444	900516		plus	tRNA-Lys		92740627	tRNA				RBI15_RS04445
NZ_CP132968.1	900732	901562		plus	Ig-like domain-containing protein		92740628	protein-coding		WP_306857798.1	276	RBI15_RS04450
NZ_CP132968.1	901733	902575		plus	MetQ/NlpA family ABC transporter substrate-binding protein		92740629	protein-coding		WP_288755609.1	280	RBI15_RS04455
NZ_CP132968.1	902773	903783		plus	methionine ABC transporter ATP-binding protein		92740630	protein-coding		WP_008391745.1	336	RBI15_RS04460
NZ_CP132968.1	903785	904447		plus	methionine ABC transporter permease		92740631	protein-coding		WP_008391746.1	220	RBI15_RS04465
NZ_CP132968.1	904561	905046		plus	hypothetical protein		92740632	protein-coding		WP_009264460.1	161	RBI15_RS04470
NZ_CP132968.1	905065	905496		minus	hypothetical protein		92740633	protein-coding		WP_173761064.1	143	RBI15_RS04475
NZ_CP132968.1	905585	908965		plus	helicase-exonuclease AddAB subunit AddB	addB	92740634	protein-coding		WP_306857804.1	1126	RBI15_RS04480
NZ_CP132968.1	908931	912497		plus	helicase-exonuclease AddAB subunit AddA	addA	92740635	protein-coding		WP_055072818.1	1188	RBI15_RS04485
NZ_CP132968.1	912557	912775		plus	small, acid-soluble spore protein, alpha/beta type		92740636	protein-coding		WP_015530552.1	72	RBI15_RS04490
NZ_CP132968.1	912777	913334		plus	thiamine phosphate synthase		92740637	protein-coding		WP_022091187.1	185	RBI15_RS04495
NZ_CP132968.1	913404	914966		plus	cardiolipin synthase	cls	92740638	protein-coding		WP_008391756.1	520	RBI15_RS04500
NZ_CP132968.1	914976	915710		plus	class I SAM-dependent DNA methyltransferase		92740639	protein-coding		WP_008391758.1	244	RBI15_RS04505
NZ_CP132968.1	915722	916603		plus	Hsp33 family molecular chaperone HslO	hslO	92740640	protein-coding		WP_009264451.1	293	RBI15_RS04510
NZ_CP132968.1	916666	918177		plus	fibronectin type III domain-containing protein		92740641	protein-coding		WP_055072820.1	503	RBI15_RS04515
NZ_CP132968.1	918239	918565		minus	hypothetical protein		92740642	protein-coding		WP_055072821.1	108	RBI15_RS04520
NZ_CP132968.1	918703	919320		plus	ribose 5-phosphate isomerase A	rpiA	92740643	protein-coding		WP_009202788.1	205	RBI15_RS04525
NZ_CP132968.1	919339	920304		plus	Gfo/Idh/MocA family protein		92740644	protein-coding		WP_306857812.1	321	RBI15_RS04530
NZ_CP132968.1	920432	921379		plus	magnesium transporter CorA family protein		92740645	protein-coding		WP_015530553.1	315	RBI15_RS04535
NZ_CP132968.1	921392	922168		minus	RNA polymerase sporulation sigma factor SigG	sigG	92740646	protein-coding		WP_015530554.1	258	RBI15_RS04540
NZ_CP132968.1	922314	923144		plus	substrate-binding periplasmic protein		92740647	protein-coding		WP_009264443.1	276	RBI15_RS04545
NZ_CP132968.1	923225	924997		minus	aminopeptidase P family protein		92740648	protein-coding		WP_009264442.1	590	RBI15_RS04550
NZ_CP132968.1	925216	926436		plus	6-phosphofructokinase		92740649	protein-coding		WP_008391771.1	406	RBI15_RS04555
NZ_CP132968.1	926472	927341		minus	YihY/virulence factor BrkB family protein		92740650	protein-coding		WP_149883657.1	289	RBI15_RS04560
NZ_CP132968.1	927759	928589		plus	BglG family transcription antiterminator LicT	licT	92740651	protein-coding		WP_008391774.1	276	RBI15_RS04565
NZ_CP132968.1	928814	929797		plus	PTS sugar transporter subunit IIB		92740652	protein-coding		WP_008391780.1	327	RBI15_RS04570
NZ_CP132968.1	929830	930627		plus	PTS mannose/fructose/sorbose transporter subunit IIC		92740653	protein-coding		WP_009264440.1	265	RBI15_RS04575
NZ_CP132968.1	930648	931562		plus	PTS system mannose/fructose/sorbose family transporter subunit IID		92740654	protein-coding		WP_009264439.1	304	RBI15_RS04580
NZ_CP132968.1	931730	932116		plus	DUF956 family protein		92740655	protein-coding		WP_118739326.1	128	RBI15_RS04585
NZ_CP132968.1	932160	933095		plus	mannose-6-phosphate isomerase, class I	manA	92740656	protein-coding		WP_022091176.1	311	RBI15_RS04590
NZ_CP132968.1	933154	935244		plus	PTS sugar transporter subunit IIABC		92740657	protein-coding		WP_306857816.1	696	RBI15_RS04595
NZ_CP132968.1	935411	936292		plus	DMT family transporter		92740658	protein-coding		WP_173774891.1	293	RBI15_RS04600
NZ_CP132968.1	936644	937663		plus	phenylalanine--tRNA ligase subunit alpha	pheS	92740659	protein-coding		WP_008391788.1	339	RBI15_RS04605
NZ_CP132968.1	937720	940140		plus	phenylalanine--tRNA ligase subunit beta	pheT	92740660	protein-coding		WP_055072824.1	806	RBI15_RS04610
NZ_CP132968.1	940322	941293		plus	hypothetical protein		92740661	protein-coding		WP_055072825.1	323	RBI15_RS04615
NZ_CP132968.1	941308	941532		plus	helix-turn-helix domain-containing protein		92740662	protein-coding		WP_009264431.1	74	RBI15_RS04620
NZ_CP132968.1	941525	942391		plus	hypothetical protein		92740663	protein-coding		WP_306857820.1	288	RBI15_RS04625
NZ_CP132968.1	942415	943740		plus	sodium-dependent transporter		92740664	protein-coding		WP_118352938.1	441	RBI15_RS04630
NZ_CP132968.1	944063	944734		plus	hypothetical protein		92740665	protein-coding		WP_306857823.1	223	RBI15_RS04635
NZ_CP132968.1	944843	946519		plus	aryl-sulfate sulfotransferase		92740666	protein-coding		WP_306857825.1	558	RBI15_RS04640
NZ_CP132968.1	946851	947342		minus	lysozyme inhibitor LprI family protein		92740667	protein-coding		WP_306857827.1	163	RBI15_RS04645
NZ_CP132968.1	947681	948826		plus	C40 family peptidase		92740668	protein-coding		WP_306857829.1	381	RBI15_RS04650
NZ_CP132968.1	948995	949234		plus	hypothetical protein		92740669	protein-coding		WP_306857831.1	79	RBI15_RS04655
NZ_CP132968.1	949244	950227		plus	amidase domain-containing protein		92740670	protein-coding		WP_306857833.1	327	RBI15_RS04660
NZ_CP132968.1	950294	951418		plus	InlB B-repeat-containing protein		92740671	protein-coding		WP_306857835.1	374	RBI15_RS04665
NZ_CP132968.1	951653	952990		plus	MATE family efflux transporter		92740672	protein-coding		WP_306857837.1	445	RBI15_RS04670
NZ_CP132968.1	953075	954100		plus	tRNA preQ1(34) S-adenosylmethionine ribosyltransferase-isomerase QueA	queA	92740673	protein-coding		WP_306857839.1	341	RBI15_RS04675
NZ_CP132968.1	954655	956391		minus	recombinase family protein		92740674	protein-coding		WP_306857841.1	578	RBI15_RS04680
NZ_CP132968.1	956423	957004		minus	hypothetical protein		92740675	protein-coding		WP_306857843.1	193	RBI15_RS04685
NZ_CP132968.1	957031	957414		minus	helix-turn-helix domain-containing protein		92740676	protein-coding		WP_306857844.1	127	RBI15_RS04690
NZ_CP132968.1	957621	957833		plus	helix-turn-helix domain-containing protein		92740677	protein-coding		WP_306857846.1	70	RBI15_RS04695
NZ_CP132968.1	957878	958384		plus	helix-turn-helix domain-containing protein		92740678	protein-coding		WP_306857848.1	168	RBI15_RS04700
NZ_CP132968.1	958374	958523		plus	hypothetical protein		92740679	protein-coding		WP_015530573.1	49	RBI15_RS04705
NZ_CP132968.1	958537	959322		plus	RecT family recombinase		92740680	protein-coding		WP_306857851.1	261	RBI15_RS04710
NZ_CP132968.1	959337	960134		plus	PD-(D/E)XK nuclease-like domain-containing protein		92740681	protein-coding		WP_306857853.1	265	RBI15_RS04715
NZ_CP132968.1	960156	961043		plus	hypothetical protein		92740682	protein-coding		WP_306857855.1	295	RBI15_RS04720
NZ_CP132968.1	961067	961252		plus	hypothetical protein		92740683	protein-coding		WP_306857857.1	61	RBI15_RS04725
NZ_CP132968.1	961268	961684		plus	RusA family crossover junction endodeoxyribonuclease		92740684	protein-coding		WP_306857859.1	138	RBI15_RS04730
NZ_CP132968.1	961687	962100		plus	hypothetical protein		92740685	protein-coding		WP_306857861.1	137	RBI15_RS04735
NZ_CP132968.1	962090	962476		plus	helix-turn-helix domain-containing protein		92740686	protein-coding		WP_306857863.1	128	RBI15_RS04740
NZ_CP132968.1	962795	963619		plus	hypothetical protein		92740687	protein-coding		WP_306857865.1	274	RBI15_RS04745
NZ_CP132968.1	963616	963858		plus	hypothetical protein		92740688	protein-coding		WP_306857867.1	80	RBI15_RS04750
NZ_CP132968.1	963923	964372		plus	hypothetical protein		92740689	protein-coding		WP_306857869.1	149	RBI15_RS04755
NZ_CP132968.1	964350	964583		plus	hypothetical protein		92740690	protein-coding		WP_306857871.1	77	RBI15_RS04760
NZ_CP132968.1	964613	965239		plus	hypothetical protein		92740691	protein-coding		WP_306857873.1	208	RBI15_RS04765
NZ_CP132968.1	965242	965661		plus	hypothetical protein		92740692	protein-coding		WP_306857875.1	139	RBI15_RS04770
NZ_CP132968.1	965690	965974		plus	DUF1653 domain-containing protein		92740693	protein-coding		WP_306857880.1	94	RBI15_RS04775
NZ_CP132968.1	965978	966076		plus	DUF3789 domain-containing protein		92740694	protein-coding		WP_306857882.1	32	RBI15_RS04780
NZ_CP132968.1	966073	966651		plus	hypothetical protein		92740695	protein-coding		WP_306857884.1	192	RBI15_RS04785
NZ_CP132968.1	966665	967060		plus	hypothetical protein		92740696	protein-coding		WP_306857886.1	131	RBI15_RS04790
NZ_CP132968.1	967145	967741		plus	MerR family transcriptional regulator		92740697	protein-coding		WP_306857888.1	198	RBI15_RS04795
NZ_CP132968.1	968000	968512		plus	hypothetical protein		92740698	protein-coding		WP_015530593.1	170	RBI15_RS04800
NZ_CP132968.1	968668	970065		plus	putative antirestriction adenine methyltransferase		92740699	protein-coding		WP_227085580.1	465	RBI15_RS04805
NZ_CP132968.1	970032	970937		plus	ParB N-terminal domain-containing protein		92740700	protein-coding		WP_015530595.1	301	RBI15_RS04810
NZ_CP132968.1	970941	971405		plus	LuxR C-terminal-related transcriptional regulator		92740701	protein-coding		WP_015530596.1	154	RBI15_RS04815
NZ_CP132968.1	971395	972840		plus	phage terminase large subunit	terL	92740702	protein-coding		WP_015530597.1	481	RBI15_RS04820
NZ_CP132968.1	972861	974255		plus	phage portal protein family protein		92740703	protein-coding		WP_306857892.1	464	RBI15_RS04825
NZ_CP132968.1	974296	975753		plus	phage minor head protein		92740704	protein-coding		WP_306857894.1	485	RBI15_RS04830
NZ_CP132968.1	975737	975985		plus	hypothetical protein		92740705	protein-coding		WP_008393575.1	82	RBI15_RS04835
NZ_CP132968.1	975982	976284		plus	hypothetical protein		92740706	protein-coding		WP_306857900.1	100	RBI15_RS04840
NZ_CP132968.1	976281	976745		plus	XkdF-like putative serine protease domain-containing protein		92740707	protein-coding		WP_306857906.1	154	RBI15_RS04845
NZ_CP132968.1	976745	977239		plus	DUF2829 domain-containing protein		92740708	protein-coding		WP_306857908.1	164	RBI15_RS04850
NZ_CP132968.1	977293	977505		plus	hypothetical protein		92740709	protein-coding		WP_149883929.1	70	RBI15_RS04855
NZ_CP132968.1	977714	978832		plus	hypothetical protein		92740710	protein-coding		WP_306857911.1	372	RBI15_RS04860
NZ_CP132968.1	978852	979241		plus	capsid cement protein		92740711	protein-coding		WP_306857913.1	129	RBI15_RS04865
NZ_CP132968.1	979262	980296		plus	hypothetical protein		92740712	protein-coding		WP_306857915.1	344	RBI15_RS04870
NZ_CP132968.1	980309	980800		plus	hypothetical protein		92740713	protein-coding		WP_306857916.1	163	RBI15_RS04875
NZ_CP132968.1	980790	981185		plus	hypothetical protein		92740714	protein-coding		WP_008393587.1	131	RBI15_RS04880
NZ_CP132968.1	981188	981565		plus	hypothetical protein		92740715	protein-coding		WP_044923274.1	125	RBI15_RS04885
NZ_CP132968.1	981549	981959		plus	HK97-gp10 family putative phage morphogenesis protein		92740716	protein-coding		WP_008393591.1	136	RBI15_RS04890
NZ_CP132968.1	981956	982822		plus	hypothetical protein		92740717	protein-coding		WP_009203420.1	288	RBI15_RS04895
NZ_CP132968.1	982832	983026		plus	hypothetical protein		92740718	protein-coding		WP_009203419.1	64	RBI15_RS04900
NZ_CP132968.1	983031	984440		plus	phage tail sheath subtilisin-like domain-containing protein		92740719	protein-coding		WP_306857923.1	469	RBI15_RS04905
NZ_CP132968.1	984455	984916		plus	phage tail tube protein		92740720	protein-coding		WP_306857925.1	153	RBI15_RS04910
NZ_CP132968.1	984932	985423		plus	phage tail assembly chaperone		92740721	protein-coding		WP_008393596.1	163	RBI15_RS04915
NZ_CP132968.1	985570	988695		plus	tape measure protein		92740722	protein-coding		WP_306857928.1	1041	RBI15_RS04920
NZ_CP132968.1	988696	989655		plus	PGRP and LysM peptidoglycan-binding domain-containing protein		92740723	protein-coding		WP_306857930.1	319	RBI15_RS04925
NZ_CP132968.1	989662	990660		plus	XkdQ/YqbQ family protein		92740724	protein-coding		WP_306857932.1	332	RBI15_RS04930
NZ_CP132968.1	990672	990947		plus	hypothetical protein		92740725	protein-coding		WP_055257706.1	91	RBI15_RS04935
NZ_CP132968.1	990937	991434		plus	DUF2634 domain-containing protein		92740726	protein-coding		WP_306857933.1	165	RBI15_RS04940
NZ_CP132968.1	991437	992588		plus	baseplate J/gp47 family protein		92740727	protein-coding		WP_306857935.1	383	RBI15_RS04945
NZ_CP132968.1	992593	993165		plus	putative phage tail protein		92740728	protein-coding		WP_306857937.1	190	RBI15_RS04950
NZ_CP132968.1	993170	994564		plus	hypothetical protein		92740729	protein-coding		WP_306857939.1	464	RBI15_RS04955
NZ_CP132968.1	994963	995958		plus	tyrosine-type recombinase/integrase		92740730	protein-coding		WP_306857941.1	331	RBI15_RS04960
NZ_CP132968.1	996827	997738		plus	Ig-like domain-containing protein		92740731	protein-coding		WP_306857943.1	303	RBI15_RS04965
NZ_CP132968.1	997749	998000		plus	PF13754 domain-containing protein		92740732	protein-coding		WP_306857945.1	83	RBI15_RS04970
NZ_CP132968.1	998024	998305		plus	hypothetical protein		92740733	protein-coding		WP_008393613.1	93	RBI15_RS04975
NZ_CP132968.1	998302	998484		plus	hypothetical protein		92740734	protein-coding		WP_008393614.1	60	RBI15_RS04980
NZ_CP132968.1	998503	998814		plus	hypothetical protein		92740735	protein-coding		WP_306857948.1	103	RBI15_RS04985
NZ_CP132968.1	998835	999344		plus	hypothetical protein		92740736	protein-coding		WP_306857949.1	169	RBI15_RS04990
NZ_CP132968.1	999349	1000143		plus	N-acetylmuramoyl-L-alanine amidase		92740737	protein-coding		WP_306857951.1	264	RBI15_RS04995
NZ_CP132968.1	1000303	1000446		plus	hypothetical protein		92740738	protein-coding		WP_306857953.1	47	RBI15_RS05000
NZ_CP132968.1	1000448	1000663		plus	hypothetical protein		92740739	protein-coding		WP_306857956.1	71	RBI15_RS05005
NZ_CP132968.1	1000698	1001039		plus	hypothetical protein		92740740	protein-coding		WP_306857958.1	113	RBI15_RS05010
NZ_CP132968.1	1001089	1001352		plus	hypothetical protein		92740741	protein-coding		WP_306857960.1	87	RBI15_RS05015
NZ_CP132968.1	1001399	1001818		plus	helix-turn-helix domain-containing protein		92740742	protein-coding		WP_306857961.1	139	RBI15_RS05020
NZ_CP132968.1	1001882	1002319		plus	Panacea domain-containing protein		92740743	protein-coding		WP_306857964.1	145	RBI15_RS05025
NZ_CP132968.1	1002861	1003016		plus	hypothetical protein		92740744	protein-coding		WP_306857967.1	51	RBI15_RS05030
NZ_CP132968.1	1003053	1003448		plus	hypothetical protein		92740745	protein-coding		WP_015530166.1	131	RBI15_RS05035
NZ_CP132968.1	1003475	1004311		plus	DUF5688 family protein		92740746	protein-coding		WP_306857970.1	278	RBI15_RS05040
NZ_CP132968.1	1004342	1004518		plus	hypothetical protein		92740747	protein-coding		WP_227085725.1	58	RBI15_RS05045
NZ_CP132968.1	1004511	1005452		plus	hypothetical protein		92740748	protein-coding		WP_306857972.1	313	RBI15_RS05050
NZ_CP132968.1	1005442	1006128		plus	hypothetical protein		92740749	protein-coding		WP_306857974.1	228	RBI15_RS05055
NZ_CP132968.1	1006148	1006585		plus	single-stranded DNA-binding protein		92740750	protein-coding		WP_306857976.1	145	RBI15_RS05060
NZ_CP132968.1	1006603	1006785		plus	DUF6462 family protein		92740751	protein-coding		WP_015530172.1	60	RBI15_RS05065
NZ_CP132968.1	1006814	1006963		plus	hypothetical protein		92740752	protein-coding		WP_227085720.1	49	RBI15_RS05070
NZ_CP132968.1	1006975	1007379		plus	nucleoside triphosphate pyrophosphohydrolase family protein		92740753	protein-coding		WP_306857979.1	134	RBI15_RS05075
NZ_CP132968.1	1007395	1007658		plus	hypothetical protein		92740754	protein-coding		WP_306857981.1	87	RBI15_RS05080
NZ_CP132968.1	1007781	1008764		plus	aldo/keto reductase		92740755	protein-coding		WP_173760924.1	327	RBI15_RS05085
NZ_CP132968.1	1008787	1009815		plus	Gfo/Idh/MocA family protein		92740756	protein-coding		WP_173754916.1	342	RBI15_RS05090
NZ_CP132968.1	1009844	1011061		plus	BaiN/RdsA family NAD(P)/FAD-dependent oxidoreductase		92740757	protein-coding		WP_173754917.1	405	RBI15_RS05095
NZ_CP132968.1	1011094	1011756		plus	(d)CMP kinase	cmk	92740758	protein-coding		WP_008392960.1	220	RBI15_RS05100
NZ_CP132968.1	1011790	1013688		plus	bifunctional 4-hydroxy-3-methylbut-2-enyl diphosphate reductase/30S ribosomal protein S1		92740759	protein-coding		WP_044924207.1	632	RBI15_RS05105
NZ_CP132968.1	1013824	1017291		plus	pyruvate carboxylase		92740760	protein-coding		WP_008392958.1	1155	RBI15_RS05110
NZ_CP132968.1	1017421	1018071		plus	ClpP family protease		92740761	protein-coding		WP_008392957.1	216	RBI15_RS05115
NZ_CP132968.1	1018194	1019681		plus	4Fe-4S dicluster domain-containing protein		92740762	protein-coding		WP_044924209.1	495	RBI15_RS05120
NZ_CP132968.1	1019791	1022229		plus	FtsK/SpoIIIE family DNA translocase		92740763	protein-coding		WP_416387419.1	812	RBI15_RS05125
NZ_CP132968.1	1022243	1023916		plus	formate--tetrahydrofolate ligase		92740764	protein-coding		WP_009264412.1	557	RBI15_RS05130
NZ_CP132968.1	1023968	1024813		plus	bifunctional methylenetetrahydrofolate dehydrogenase/methenyltetrahydrofolate cyclohydrolase FolD	folD	92740765	protein-coding		WP_008392953.1	281	RBI15_RS05135
NZ_CP132968.1	1024819	1026165		plus	30S ribosomal protein S12 methylthiotransferase RimO	rimO	92740766	protein-coding		WP_008392952.1	448	RBI15_RS05140
NZ_CP132968.1	1026149	1026691		plus	CDP-diacylglycerol--glycerol-3-phosphate 3-phosphatidyltransferase	pgsA	92740767	protein-coding		WP_008392950.1	180	RBI15_RS05145
NZ_CP132968.1	1026713	1027960		plus	competence/damage-inducible protein A		92740768	protein-coding		WP_008392949.1	415	RBI15_RS05150
NZ_CP132968.1	1028116	1029171		plus	recombinase RecA	recA	92740769	protein-coding		WP_009264411.1	351	RBI15_RS05155
NZ_CP132968.1	1029171	1029773		plus	regulatory protein RecX		92740770	protein-coding		WP_173774903.1	200	RBI15_RS05160
NZ_CP132968.1	1029945	1030538		plus	zinc dependent phospholipase C family protein		92740771	protein-coding		WP_237967948.1	197	RBI15_RS05165
NZ_CP132968.1	1030745	1031404		plus	response regulator transcription factor		92740772	protein-coding		WP_008392941.1	219	RBI15_RS05170
NZ_CP132968.1	1031401	1032828		plus	sensor histidine kinase		92740773	protein-coding		WP_044924217.1	475	RBI15_RS05175
NZ_CP132968.1	1032812	1033633		plus	hypothetical protein		92740774	protein-coding		WP_156723561.1	273	RBI15_RS05180
NZ_CP132968.1	1033735	1034949		plus	PP-loop family protein		92740775	protein-coding		WP_015530180.1	404	RBI15_RS05185
NZ_CP132968.1	1035012	1036640		minus	ABC-F family ATP-binding cassette domain-containing protein		92740776	protein-coding		WP_009264404.1	542	RBI15_RS05190
NZ_CP132968.1	1036814	1037167		plus	YlxM family DNA-binding protein	ylxM	92740777	protein-coding		WP_008392932.1	117	RBI15_RS05195
NZ_CP132968.1	1037186	1038526		plus	signal recognition particle protein	ffh	92740778	protein-coding		WP_008392931.1	446	RBI15_RS05200
NZ_CP132968.1	1038593	1038838		plus	30S ribosomal protein S16	rpsP	92740779	protein-coding		WP_008392930.1	81	RBI15_RS05205
NZ_CP132968.1	1038864	1039091		plus	KH domain-containing protein		92740780	protein-coding		WP_008392928.1	75	RBI15_RS05210
NZ_CP132968.1	1039219	1039689		minus	hypothetical protein		92740781	protein-coding		WP_008392927.1	156	RBI15_RS05215
NZ_CP132968.1	1039734	1041002		minus	ArsB/NhaD family transporter		92740782	protein-coding		WP_009264403.1	422	RBI15_RS05220
NZ_CP132968.1	1041147	1041347		minus	hypothetical protein		92740783	protein-coding		WP_009202811.1	66	RBI15_RS05225
NZ_CP132968.1	1041441	1041920		minus	S-ribosylhomocysteine lyase		92740784	protein-coding		WP_009202810.1	159	RBI15_RS05230
NZ_CP132968.1	1042603	1044135		plus	16S ribosomal RNA		92740785	rRNA				RBI15_RS05235
NZ_CP132968.1	1044198	1044315		plus	5S ribosomal RNA	rrf	92740786	rRNA				RBI15_RS05240
NZ_CP132968.1	1044627	1047514		plus	23S ribosomal RNA		92740787	rRNA				RBI15_RS05245
NZ_CP132968.1	1047707	1048582		plus	damage-control phosphatase ARMT1 family protein		92740788	protein-coding		WP_306858001.1	291	RBI15_RS05250
NZ_CP132968.1	1048662	1049438		plus	DUF134 domain-containing protein		92740789	protein-coding		WP_287712612.1	258	RBI15_RS05255
NZ_CP132968.1	1049587	1050351		plus	EFR1 family ferrodoxin		92740790	protein-coding		WP_040343998.1	254	RBI15_RS05260
NZ_CP132968.1	1050376	1050927		plus	alpha/beta family hydrolase		92740791	protein-coding		WP_009203104.1	183	RBI15_RS05265
NZ_CP132968.1	1051411	1052943		plus	16S ribosomal RNA		92740792	rRNA				RBI15_RS05270
NZ_CP132968.1	1053006	1053123		plus	5S ribosomal RNA	rrf	92740793	rRNA				RBI15_RS05275
NZ_CP132968.1	1053435	1056322		plus	23S ribosomal RNA		92740794	rRNA				RBI15_RS05280
NZ_CP132968.1	1056398	1056469		plus	tRNA-Trp		92740795	tRNA				RBI15_RS05285
NZ_CP132968.1	1056696	1057373		plus	C40 family peptidase		92740796	protein-coding		WP_331533358.1	225	RBI15_RS05290
NZ_CP132968.1	1057394	1058263		plus	radical SAM protein		92740797	protein-coding		WP_306858004.1	289	RBI15_RS05295
NZ_CP132968.1	1058339	1059148		minus	histidinol-phosphatase HisJ family protein		92740798	protein-coding		WP_287711893.1	269	RBI15_RS05300
NZ_CP132968.1	1059356	1061035		plus	Na/Pi cotransporter family protein		92740799	protein-coding		WP_022091999.1	559	RBI15_RS05305
NZ_CP132968.1	1061246	1062259		plus	type I glyceraldehyde-3-phosphate dehydrogenase	gap	92740800	protein-coding		WP_008393501.1	337	RBI15_RS05310
NZ_CP132968.1	1062424	1063629		plus	phosphoglycerate kinase		92740801	protein-coding		WP_008393502.1	401	RBI15_RS05315
NZ_CP132968.1	1063702	1064448		plus	triose-phosphate isomerase	tpiA	92740802	protein-coding		WP_009265097.1	248	RBI15_RS05320
NZ_CP132968.1	1064642	1065832		plus	phosphopentomutase		92740803	protein-coding		WP_044925100.1	396	RBI15_RS05325
NZ_CP132968.1	1065950	1066843		minus	IS3 family transposase		92740804	protein-coding		WP_306858378.1	297	RBI15_RS05330
NZ_CP132968.1	1066843	1067529		minus	helix-turn-helix domain-containing protein		92740805	protein-coding		WP_306857296.1	228	RBI15_RS05335
NZ_CP132968.1	1067627	1068556		minus	alpha/beta fold hydrolase		92740806	protein-coding		WP_077325384.1	309	RBI15_RS05340
NZ_CP132968.1	1068770	1070311		plus	2,3-bisphosphoglycerate-independent phosphoglycerate mutase	gpmI	92740807	protein-coding		WP_077325382.1	513	RBI15_RS05345
NZ_CP132968.1	1070425	1070706		plus	hypothetical protein		92740808	protein-coding		WP_015530868.1	93	RBI15_RS05350
NZ_CP132968.1	1070860	1071285		plus	succinylglutamate desuccinylase/aspartoacylase family protein		92740809	protein-coding		WP_306858012.1	141	RBI15_RS05355
NZ_CP132968.1	1071288	1071416		plus	hypothetical protein		92740810	protein-coding		WP_306858014.1	42	RBI15_RS05360
NZ_CP132968.1	1071459	1071983		plus	M14 family metallopeptidase		92740811	protein-coding		WP_306858016.1	174	RBI15_RS05365
NZ_CP132968.1	1072034	1072225		plus	hypothetical protein		92740812	protein-coding		WP_055232621.1	63	RBI15_RS05370
NZ_CP132968.1	1072396	1073733		plus	MATE family efflux transporter		92740813	protein-coding		WP_055232619.1	445	RBI15_RS05375
NZ_CP132968.1	1073772	1074095		minus	type 2 periplasmic-binding domain-containing protein		92740814	protein-coding		WP_009203112.1	107	RBI15_RS05380
NZ_CP132968.1	1074095	1074877		plus	helix-turn-helix domain-containing protein		92740815	protein-coding		WP_306858023.1	260	RBI15_RS05385
NZ_CP132968.1	1075116	1075754		plus	hypothetical protein		92740816	protein-coding		WP_009203110.1	212	RBI15_RS05390
NZ_CP132968.1	1075783	1076076		plus	transcriptional regulator		92740817	protein-coding		WP_008393517.1	97	RBI15_RS05395
NZ_CP132968.1	1076172	1077866		plus	AAA family ATPase		92740818	protein-coding		WP_044925108.1	564	RBI15_RS05400
NZ_CP132968.1	1078546	1079103		plus	RNA polymerase sigma factor		92740819	protein-coding		WP_008393519.1	185	RBI15_RS05405
NZ_CP132968.1	1079100	1080443		plus	hypothetical protein		92740820	protein-coding		WP_008393520.1	447	RBI15_RS05410
NZ_CP132968.1	1080482	1081771		plus	phosphopyruvate hydratase	eno	92740821	protein-coding		WP_009265085.1	429	RBI15_RS05415
NZ_CP132968.1	1081842	1082117		plus	preprotein translocase subunit SecG	secG	92740822	protein-coding		WP_008393522.1	91	RBI15_RS05420
NZ_CP132968.1	1082221	1084380		plus	ribonuclease R	rnr	92740823	protein-coding		WP_156722500.1	719	RBI15_RS05425
NZ_CP132968.1	1084343	1084828		plus	SsrA-binding protein SmpB	smpB	92740824	protein-coding		WP_008393527.1	161	RBI15_RS05430
NZ_CP132968.1	1084914	1085256		plus	transfer-messenger RNA	ssrA	92740825	other				RBI15_RS05435
NZ_CP132968.1	1085485	1086021		plus	GNAT family N-acetyltransferase		92740826	protein-coding		WP_306858031.1	178	RBI15_RS05440
NZ_CP132968.1	1086218	1086661		plus	L-2-amino-thiazoline-4-carboxylic acid hydrolase		92740827	protein-coding		WP_306858033.1	147	RBI15_RS05445
NZ_CP132968.1	1086973	1087851		plus	LysR family transcriptional regulator		92740828	protein-coding		WP_306858035.1	292	RBI15_RS05450
NZ_CP132968.1	1087937	1089883		plus	oxidoreductase		92740829	protein-coding		WP_306858037.1	648	RBI15_RS05455
NZ_CP132968.1	1090003	1090164		plus	hypothetical protein		92740830	protein-coding		WP_306858039.1	53	RBI15_RS05460
NZ_CP132968.1	1090405	1090719		plus	TIGR04076 family protein		92740831	protein-coding		WP_306858041.1	104	RBI15_RS05465
NZ_CP132968.1	1090754	1091266		plus	YgjV family protein		92740832	protein-coding		WP_306858390.1	170	RBI15_RS05470
NZ_CP132968.1	1091414	1091809		plus	pyridoxamine 5'-phosphate oxidase family protein		92740833	protein-coding		WP_306858043.1	131	RBI15_RS05475
NZ_CP132968.1	1091904	1092287		plus	winged helix-turn-helix transcriptional regulator		92740834	protein-coding		WP_306858045.1	127	RBI15_RS05480
NZ_CP132968.1	1092247	1092711		plus	GNAT family N-acetyltransferase		92740835	protein-coding		WP_306858047.1	154	RBI15_RS05485
NZ_CP132968.1	1093051	1094421		plus	MATE family efflux transporter		92740836	protein-coding		WP_306858049.1	456	RBI15_RS05490
NZ_CP132968.1	1094438	1095031		plus	cytidylate kinase-like family protein		92740837	protein-coding		WP_306858051.1	197	RBI15_RS05495
NZ_CP132968.1	1095114	1095884		plus	hypothetical protein		92740838	protein-coding		WP_306858053.1	256	RBI15_RS05500
NZ_CP132968.1	1095904	1096692		plus	class I SAM-dependent methyltransferase		92740839	protein-coding		WP_306858055.1	262	RBI15_RS05505
NZ_CP132968.1	1096822	1097088		plus	hypothetical protein		92740840	protein-coding		WP_306858057.1	88	RBI15_RS05510
NZ_CP132968.1	1097234	1098916		plus	glycogen synthase		92740841	protein-coding		WP_055232581.1	560	RBI15_RS05515
NZ_CP132968.1	1099450	1100232		minus	hypothetical protein		92740842	protein-coding		WP_306858060.1	260	RBI15_RS05520
NZ_CP132968.1	1100617	1100973		plus	hypothetical protein		92740843	protein-coding		WP_306858062.1	118	RBI15_RS05525
NZ_CP132968.1	1100966	1101229		plus	transposase		92740844	protein-coding		WP_173783063.1	87	RBI15_RS05530
NZ_CP132968.1	1101660	1101782		plus	uncharacterized gene		92740845	pseudogene				RBI15_RS05535
NZ_CP132968.1	1101810	1101962		plus	helix-turn-helix domain-containing protein		92742614	protein-coding		WP_009265058.1	50	RBI15_RS14535
NZ_CP132968.1	1102117	1103028		plus	hypothetical protein		92740846	protein-coding		WP_008393626.1	303	RBI15_RS05545
NZ_CP132968.1	1103191	1105128		plus	OPT family oligopeptide transporter		92740847	protein-coding		WP_008393627.1	645	RBI15_RS05550
NZ_CP132968.1	1105209	1105544		plus	PqqD family protein		92740848	protein-coding		WP_008393628.1	111	RBI15_RS05555
NZ_CP132968.1	1105574	1105918		plus	hypothetical protein		92740849	protein-coding		WP_008393630.1	114	RBI15_RS05560
NZ_CP132968.1	1105931	1107382		plus	aminoacyl-histidine dipeptidase		92740850	protein-coding		WP_009265056.1	483	RBI15_RS05565
NZ_CP132968.1	1107883	1108398		plus	ribosome maturation factor RimM	rimM	92740851	protein-coding		WP_008393633.1	171	RBI15_RS05570
NZ_CP132968.1	1108391	1109110		plus	tRNA (guanosine(37)-N1)-methyltransferase TrmD	trmD	92740852	protein-coding		WP_008393634.1	239	RBI15_RS05575
NZ_CP132968.1	1109097	1109930		plus	Cof-type HAD-IIB family hydrolase		92740853	protein-coding		WP_008393635.1	277	RBI15_RS05580
NZ_CP132968.1	1110068	1110415		plus	50S ribosomal protein L19	rplS	92740854	protein-coding		WP_009265055.1	115	RBI15_RS05585
NZ_CP132968.1	1110523	1111071		plus	signal peptidase I	lepB	92740855	protein-coding		WP_008393637.1	182	RBI15_RS05590
NZ_CP132968.1	1111095	1111955		plus	ribosome biogenesis GTPase YlqF	ylqF	92740856	protein-coding		WP_008393638.1	286	RBI15_RS05595
NZ_CP132968.1	1111981	1112502		plus	signal peptidase I	lepB	92740857	protein-coding		WP_156724402.1	173	RBI15_RS05600
NZ_CP132968.1	1112520	1113176		plus	ribonuclease HII		92740858	protein-coding		WP_008393640.1	218	RBI15_RS05605
NZ_CP132968.1	1113199	1113546		plus	YraN family protein		92740859	protein-coding		WP_008393641.1	115	RBI15_RS05610
NZ_CP132968.1	1113536	1114354		plus	peptidoglycan editing factor PgeF	pgeF	92740860	protein-coding		WP_306858073.1	272	RBI15_RS05615
NZ_CP132968.1	1114471	1115793		plus	ribosome biogenesis GTPase Der	der	92740861	protein-coding		WP_008393643.1	440	RBI15_RS05620
NZ_CP132968.1	1115793	1116416		plus	glycerol-3-phosphate 1-O-acyltransferase PlsY	plsY	92740862	protein-coding		WP_008393644.1	207	RBI15_RS05625
NZ_CP132968.1	1116432	1117442		plus	NAD(P)H-dependent glycerol-3-phosphate dehydrogenase		92740863	protein-coding		WP_008393645.1	336	RBI15_RS05630
NZ_CP132968.1	1117505	1118776		plus	aspartate aminotransferase type Ic		92740864	protein-coding		WP_009202845.1	423	RBI15_RS05635
NZ_CP132968.1	1118967	1119818		plus	diaminopimelate epimerase	dapF	92740865	protein-coding		WP_008393647.1	283	RBI15_RS05640
NZ_CP132968.1	1119854	1121311		plus	UDP-N-acetylmuramoyl-L-alanyl-D-glutamate--2,6-diaminopimelate ligase		92740866	protein-coding		WP_008393648.1	485	RBI15_RS05645
NZ_CP132968.1	1121360	1122235		plus	shikimate dehydrogenase		92740867	protein-coding		WP_008393649.1	291	RBI15_RS05650
NZ_CP132968.1	1122348	1123820		plus	stage IV sporulation protein A	spoIVA	92740868	protein-coding		WP_009265053.1	490	RBI15_RS05655
NZ_CP132968.1	1123943	1124905		plus	beta-ketoacyl-ACP synthase III		92740869	protein-coding		WP_044923154.1	320	RBI15_RS05660
NZ_CP132968.1	1125116	1125919		plus	GTP pyrophosphokinase		92740870	protein-coding		WP_008393655.1	267	RBI15_RS05665
NZ_CP132968.1	1125927	1127288		plus	RsmF rRNA methyltransferase first C-terminal domain-containing protein		92740871	protein-coding		WP_044923186.1	453	RBI15_RS05670
NZ_CP132968.1	1127279	1128016		plus	pseudouridine synthase		92740872	protein-coding		WP_008393657.1	245	RBI15_RS05675
NZ_CP132968.1	1128017	1128688		plus	HAD family hydrolase		92740873	protein-coding		WP_044923150.1	223	RBI15_RS05680
NZ_CP132968.1	1128715	1129476		plus	SDR family NAD(P)-dependent oxidoreductase		92740874	protein-coding		WP_044923147.1	253	RBI15_RS05685
NZ_CP132968.1	1129486	1130457		plus	RluA family pseudouridine synthase		92740875	protein-coding		WP_044923144.1	323	RBI15_RS05690
NZ_CP132968.1	1130460	1131002		plus	Holliday junction resolvase RecU		92740876	protein-coding		WP_008393665.1	180	RBI15_RS05695
NZ_CP132968.1	1131112	1131993		plus	YicC/YloC family endoribonuclease		92740877	protein-coding		WP_009265046.1	293	RBI15_RS05700
NZ_CP132968.1	1132012	1132629		plus	guanylate kinase	gmk	92740878	protein-coding		WP_008393667.1	205	RBI15_RS05705
NZ_CP132968.1	1132641	1132883		plus	DNA-directed RNA polymerase subunit omega	rpoZ	92740879	protein-coding		WP_015530879.1	80	RBI15_RS05710
NZ_CP132968.1	1132953	1133780		plus	undecaprenyl-diphosphate phosphatase		92740880	protein-coding		WP_008393669.1	275	RBI15_RS05715
NZ_CP132968.1	1133795	1134565		plus	sigma-70 domain-containing protein		92740881	protein-coding		WP_008393671.1	256	RBI15_RS05720
NZ_CP132968.1	1134621	1135628		plus	deoxyguanosinetriphosphate triphosphohydrolase		92740882	protein-coding		WP_044923183.1	335	RBI15_RS05725
NZ_CP132968.1	1135692	1137467		plus	DNA primase	dnaG	92740883	protein-coding		WP_008393674.1	591	RBI15_RS05730
NZ_CP132968.1	1137504	1138595		plus	RNA polymerase sigma factor RpoD	rpoD	92740884	protein-coding		WP_008393675.1	363	RBI15_RS05735
NZ_CP132968.1	1138605	1139300		plus	tRNA (adenine(22)-N(1))-methyltransferase		92740885	protein-coding		WP_015530881.1	231	RBI15_RS05740
NZ_CP132968.1	1139290	1140081		plus	Nif3-like dinuclear metal center hexameric protein		92740886	protein-coding		WP_044923142.1	263	RBI15_RS05745
NZ_CP132968.1	1140114	1141766		plus	nucleoside kinase		92740887	protein-coding		WP_044923139.1	550	RBI15_RS05750
NZ_CP132968.1	1141789	1142136		plus	RNase P RNA component class A	rnpB	92740888	RNase_P_RNA				RBI15_RS05755
NZ_CP132968.1	1142410	1143096		plus	N-acetylmannosamine-6-phosphate 2-epimerase		92740889	protein-coding		WP_009265040.1	228	RBI15_RS05760
NZ_CP132968.1	1143120	1143941		plus	MurR/RpiR family transcriptional regulator		92740890	protein-coding		WP_022092069.1	273	RBI15_RS05765
NZ_CP132968.1	1143938	1144666		plus	glucosamine-6-phosphate deaminase	nagB	92740891	protein-coding		WP_306858090.1	242	RBI15_RS05770
NZ_CP132968.1	1144686	1145543		plus	EFR1 family ferrodoxin		92740892	protein-coding		WP_306858092.1	285	RBI15_RS05775
NZ_CP132968.1	1145636	1146325		plus	MATE family efflux transporter		92740893	protein-coding		WP_008393689.1	229	RBI15_RS05780
NZ_CP132968.1	1146464	1147105		plus	cell wall hydrolase		92740894	protein-coding		WP_306858094.1	213	RBI15_RS05785
NZ_CP132968.1	1147463	1148485		plus	ABC transporter substrate-binding protein		92740895	protein-coding		WP_009202825.1	340	RBI15_RS05790
NZ_CP132968.1	1148504	1149388		plus	ABC transporter permease		92740896	protein-coding		WP_215718530.1	294	RBI15_RS05795
NZ_CP132968.1	1149385	1150158		plus	ABC transporter ATP-binding protein		92740897	protein-coding		WP_008393697.1	257	RBI15_RS05800
NZ_CP132968.1	1150585	1151286		plus	ABC transporter ATP-binding protein		92740898	protein-coding		WP_008393698.1	233	RBI15_RS05805
NZ_CP132968.1	1151287	1154016		plus	FtsX-like permease family protein		92740899	protein-coding		WP_306858097.1	909	RBI15_RS05810
NZ_CP132968.1	1154092	1154610		plus	hypothetical protein		92740900	protein-coding		WP_270425298.1	172	RBI15_RS05815
NZ_CP132968.1	1154628	1155497		plus	alpha/beta hydrolase		92740901	protein-coding		WP_306858098.1	289	RBI15_RS05820
NZ_CP132968.1	1155564	1156463		plus	LysR family transcriptional regulator		92740902	protein-coding		WP_270425300.1	299	RBI15_RS05825
NZ_CP132968.1	1156491	1157957		plus	type I restriction-modification system subunit M		92740903	protein-coding		WP_270425301.1	488	RBI15_RS05830
NZ_CP132968.1	1157977	1158132		plus	hypothetical protein		92740904	protein-coding		WP_270425302.1	51	RBI15_RS05835
NZ_CP132968.1	1158151	1159254		plus	restriction endonuclease subunit S		92740905	protein-coding		WP_306858103.1	367	RBI15_RS05840
NZ_CP132968.1	1159273	1160004		plus	Fic family protein		92740906	protein-coding		WP_306858105.1	243	RBI15_RS05845
NZ_CP132968.1	1160061	1161029		plus	site-specific tyrosine recombinase/integron integrase	xerA	92740907	protein-coding		WP_270425309.1	322	RBI15_RS05850
NZ_CP132968.1	1161084	1162235		plus	restriction endonuclease subunit S		92740908	protein-coding		WP_306858108.1	383	RBI15_RS05855
NZ_CP132968.1	1162219	1165572		plus	DEAD/DEAH box helicase family protein		92740909	protein-coding		WP_306858111.1	1117	RBI15_RS05860
NZ_CP132968.1	1165679	1166737		plus	16S rRNA (cytosine(1402)-N(4))-methyltransferase RsmH	rsmH	92740910	protein-coding		WP_077325208.1	352	RBI15_RS05865
NZ_CP132968.1	1166924	1168885		plus	PTS fructose transporter subunit IIABC		92740911	protein-coding		WP_173782826.1	653	RBI15_RS05870
NZ_CP132968.1	1169160	1169579		plus	6-carboxytetrahydropterin synthase QueD	queD	92740912	protein-coding		WP_008393720.1	139	RBI15_RS05875
NZ_CP132968.1	1169585	1170253		plus	putative 7-carboxy-7-deazaguanine synthase QueE	queE	92740913	protein-coding		WP_008393721.1	222	RBI15_RS05880
NZ_CP132968.1	1170265	1170852		plus	GTP cyclohydrolase I FolE	folE	92740914	protein-coding		WP_008393722.1	195	RBI15_RS05885
NZ_CP132968.1	1170871	1171536		plus	7-cyano-7-deazaguanine synthase QueC	queC	92740915	protein-coding		WP_009204725.1	221	RBI15_RS05890
NZ_CP132968.1	1171881	1173242		minus	MATE family efflux transporter		92740916	protein-coding		WP_009204547.1	453	RBI15_RS05895
NZ_CP132968.1	1173556	1178100		plus	glutamate synthase large subunit	gltB	92740917	protein-coding		WP_173782955.1	1514	RBI15_RS05900
NZ_CP132968.1	1178110	1179597		plus	glutamate synthase subunit beta		92740918	protein-coding		WP_173782956.1	495	RBI15_RS05905
NZ_CP132968.1	1179786	1180379		plus	DUF5662 family protein		92740919	protein-coding		WP_118738769.1	197	RBI15_RS05910
NZ_CP132968.1	1180447	1180623		plus	6S RNA	ssrS	92740920	ncRNA				RBI15_RS05915
NZ_CP132968.1	1180703	1181830		plus	AI-2E family transporter		92740921	protein-coding		WP_008393731.1	375	RBI15_RS05920
NZ_CP132968.1	1181879	1182049		plus	(2Fe-2S)-binding protein		92740922	protein-coding		WP_009265669.1	56	RBI15_RS05925
NZ_CP132968.1	1182166	1182249		minus	tRNA-Leu		92740923	tRNA				RBI15_RS05930
NZ_CP132968.1	1182334	1182948		minus	NUDIX hydrolase		92740924	protein-coding		WP_008393733.1	204	RBI15_RS05935
NZ_CP132968.1	1183071	1183673		plus	DUF4362 domain-containing protein		92740925	protein-coding		WP_008393734.1	200	RBI15_RS05940
NZ_CP132968.1	1183696	1184133		plus	RrF2 family transcriptional regulator		92740926	protein-coding		WP_008393735.1	145	RBI15_RS05945
NZ_CP132968.1	1184292	1185221		plus	cysteine synthase A	cysK	92740927	protein-coding		WP_306858122.1	309	RBI15_RS05950
NZ_CP132968.1	1185222	1187951		plus	DNA polymerase I	polA	92740928	protein-coding		WP_306858124.1	909	RBI15_RS05955
NZ_CP132968.1	1187963	1188550		plus	dephospho-CoA kinase	coaE	92740929	protein-coding		WP_008393738.1	195	RBI15_RS05960
NZ_CP132968.1	1188658	1189440		plus	MBL fold metallo-hydrolase		92740930	protein-coding		WP_008393741.1	260	RBI15_RS05965
NZ_CP132968.1	1189463	1189735		plus	ACT domain-containing protein		92740931	protein-coding		WP_015530898.1	90	RBI15_RS05970
NZ_CP132968.1	1189748	1191112		plus	PFL family protein		92740932	protein-coding		WP_008393743.1	454	RBI15_RS05975
NZ_CP132968.1	1191363	1192592		plus	tyrosine--tRNA ligase	tyrS	92740933	protein-coding		WP_008393745.1	409	RBI15_RS05980
NZ_CP132968.1	1192716	1193366		plus	YczE/YyaS/YitT family protein		92740934	protein-coding		WP_040344566.1	216	RBI15_RS05985
NZ_CP132968.1	1193390	1193647		plus	hypothetical protein		92740935	protein-coding		WP_055072406.1	85	RBI15_RS05990
NZ_CP132968.1	1193649	1194194		plus	transglutaminase-like domain-containing protein		92740936	protein-coding		WP_216422142.1	181	RBI15_RS05995
NZ_CP132968.1	1194327	1195250		minus	Cof-type HAD-IIB family hydrolase		92740937	protein-coding		WP_055159651.1	307	RBI15_RS06000
NZ_CP132968.1	1195440	1195724		plus	autorepressor SdpR family transcription factor		92740938	protein-coding		WP_306858133.1	94	RBI15_RS06005
NZ_CP132968.1	1195705	1196361		plus	SdpI family protein		92740939	protein-coding		WP_039862663.1	218	RBI15_RS06010
NZ_CP132968.1	1196523	1196660		plus	hypothetical protein		92740940	protein-coding		WP_022091831.1	45	RBI15_RS06015
NZ_CP132968.1	1196837	1199251		plus	glycyl radical protein		92740941	protein-coding		WP_009204564.1	804	RBI15_RS06020
NZ_CP132968.1	1199411	1200313		minus	glycyl-radical enzyme activating protein		92740942	protein-coding		WP_118352984.1	300	RBI15_RS06025
NZ_CP132968.1	1200503	1201183		plus	fructose-6-phosphate aldolase		92740943	protein-coding		WP_306858136.1	226	RBI15_RS06030
NZ_CP132968.1	1201273	1202031		plus	DeoR/GlpR family DNA-binding transcription regulator		92740944	protein-coding		WP_008393756.1	252	RBI15_RS06035
NZ_CP132968.1	1202191	1203939		plus	leucine-rich repeat domain-containing protein		92740945	protein-coding		WP_306858139.1	582	RBI15_RS06040
NZ_CP132968.1	1203999	1204334		minus	hypothetical protein		92740946	protein-coding		WP_008393758.1	111	RBI15_RS06045
NZ_CP132968.1	1204497	1205531		plus	heat-inducible transcriptional repressor HrcA	hrcA	92740947	protein-coding		WP_172675719.1	344	RBI15_RS06050
NZ_CP132968.1	1205506	1206126		plus	nucleotide exchange factor GrpE	grpE	92740948	protein-coding		WP_009204568.1	206	RBI15_RS06055
NZ_CP132968.1	1206176	1208035		plus	molecular chaperone DnaK	dnaK	92740949	protein-coding		WP_306858142.1	619	RBI15_RS06060
NZ_CP132968.1	1208060	1209220		plus	molecular chaperone DnaJ	dnaJ	92740950	protein-coding		WP_173728613.1	386	RBI15_RS06065
NZ_CP132968.1	1209501	1209893		plus	BlaI/MecI/CopY family transcriptional regulator		92740951	protein-coding		WP_306858144.1	130	RBI15_RS06070
NZ_CP132968.1	1209868	1211244		plus	M56 family metallopeptidase		92740952	protein-coding		WP_306858146.1	458	RBI15_RS06075
NZ_CP132968.1	1211776	1212447		plus	hypothetical protein		92740953	protein-coding		WP_173723722.1	223	RBI15_RS06080
NZ_CP132968.1	1212516	1212899		plus	hypothetical protein		92740954	protein-coding		WP_009204576.1	127	RBI15_RS06085
NZ_CP132968.1	1213400	1213627		plus	hypothetical protein		92740955	protein-coding		WP_118303723.1	75	RBI15_RS06090
NZ_CP132968.1	1213616	1215028		minus	MocR-like pyridoxine biosynthesis transcription factor PdxR	pdxR	92740956	protein-coding		WP_226797232.1	470	RBI15_RS06095
NZ_CP132968.1	1215176	1216054		plus	pyridoxal 5'-phosphate synthase lyase subunit PdxS	pdxS	92740957	protein-coding		WP_008393773.1	292	RBI15_RS06100
NZ_CP132968.1	1216056	1216619		plus	pyridoxal 5'-phosphate synthase glutaminase subunit PdxT	pdxT	92740958	protein-coding		WP_226797231.1	187	RBI15_RS06105
NZ_CP132968.1	1217310	1218275		plus	RNA-guided endonuclease InsQ/TnpB family protein		92740959	protein-coding		WP_306858150.1	321	RBI15_RS06110
NZ_CP132968.1	1218364	1218678		minus	PadR family transcriptional regulator		92740960	protein-coding		WP_009265757.1	104	RBI15_RS06115
NZ_CP132968.1	1219057	1219335		plus	hypothetical protein		92740961	protein-coding		WP_226799587.1	92	RBI15_RS06120
NZ_CP132968.1	1219361	1219516		plus	hypothetical protein		92740962	protein-coding		WP_008392917.1	51	RBI15_RS06125
NZ_CP132968.1	1219921	1221642		minus	hypothetical protein		92740963	protein-coding		WP_173723943.1	573	RBI15_RS06130
NZ_CP132968.1	1221656	1223038		minus	argininosuccinate lyase	argH	92740964	protein-coding		WP_009265753.1	460	RBI15_RS06135
NZ_CP132968.1	1223266	1223691		plus	putative ABC transporter permease		92740965	protein-coding		WP_009265752.1	141	RBI15_RS06140
NZ_CP132968.1	1223794	1224252		plus	hypothetical protein		92740966	protein-coding		WP_173723942.1	152	RBI15_RS06145
NZ_CP132968.1	1224276	1224809		plus	DUF3877 family protein		92740967	protein-coding		WP_173723941.1	177	RBI15_RS06150
NZ_CP132968.1	1224847	1225368		plus	nitroreductase		92740968	protein-coding		WP_008392908.1	173	RBI15_RS06155
NZ_CP132968.1	1225770	1226999		minus	argininosuccinate synthase		92740969	protein-coding		WP_008392907.1	409	RBI15_RS06160
NZ_CP132968.1	1227300	1228340		plus	N-acetyl-gamma-glutamyl-phosphate reductase	argC	92740970	protein-coding		WP_008392906.1	346	RBI15_RS06165
NZ_CP132968.1	1228367	1229593		plus	bifunctional ornithine acetyltransferase/N-acetylglutamate synthase	argJ	92740971	protein-coding		WP_173723789.1	408	RBI15_RS06170
NZ_CP132968.1	1229664	1230605		plus	acetylglutamate kinase	argB	92740972	protein-coding		WP_008392904.1	313	RBI15_RS06175
NZ_CP132968.1	1230607	1231800		plus	aspartate aminotransferase family protein		92740973	protein-coding		WP_015530235.1	397	RBI15_RS06180
NZ_CP132968.1	1231802	1232305		plus	DMT family transporter		92740974	protein-coding		WP_008392902.1	167	RBI15_RS06185
NZ_CP132968.1	1232413	1232958		plus	helix-hairpin-helix domain-containing protein		92740975	protein-coding		WP_022091690.1	181	RBI15_RS06190
NZ_CP132968.1	1232975	1233664		plus	response regulator transcription factor		92740976	protein-coding		WP_008392900.1	229	RBI15_RS06195
NZ_CP132968.1	1233693	1235093		plus	sensor histidine kinase		92740977	protein-coding		WP_055258010.1	466	RBI15_RS06200
NZ_CP132968.1	1235103	1235621		plus	GerMN domain-containing protein		92740978	protein-coding		WP_022091689.1	172	RBI15_RS06205
NZ_CP132968.1	1235625	1237814		plus	DNA internalization-related competence protein ComEC/Rec2		92740979	protein-coding		WP_149883994.1	729	RBI15_RS06210
NZ_CP132968.1	1237871	1238851		plus	DNA polymerase III subunit delta	holA	92740980	protein-coding		WP_070099312.1	326	RBI15_RS06215
NZ_CP132968.1	1238967	1239230		minus	30S ribosomal protein S20	rpsT	92740981	protein-coding		WP_022091686.1	87	RBI15_RS06220
NZ_CP132968.1	1239427	1240272		plus	GPR endopeptidase	gpr	92740982	protein-coding		WP_008392894.1	281	RBI15_RS06225
NZ_CP132968.1	1240321	1241403		plus	stage II sporulation protein P	spoIIP	92740983	protein-coding		WP_227085527.1	360	RBI15_RS06230
NZ_CP132968.1	1241456	1243267		plus	translation elongation factor 4	lepA	92740984	protein-coding		WP_008392891.1	603	RBI15_RS06235
NZ_CP132968.1	1243257	1244405		plus	radical SAM family heme chaperone HemW	hemW	92740985	protein-coding		WP_173783006.1	382	RBI15_RS06240
NZ_CP132968.1	1244419	1245318		minus	S8 family peptidase		92740986	protein-coding		WP_008392889.1	299	RBI15_RS06245
NZ_CP132968.1	1245420	1246436		minus	glycosyltransferase family 2 protein		92740987	protein-coding		WP_015530233.1	338	RBI15_RS06250
NZ_CP132968.1	1246495	1248396		minus	ABC transporter ATP-binding protein		92740988	protein-coding		WP_173783005.1	633	RBI15_RS06255
NZ_CP132968.1	1248549	1249202		plus	redox-sensing transcriptional repressor Rex		92740989	protein-coding		WP_008392885.1	217	RBI15_RS06260
NZ_CP132968.1	1249214	1249576		plus	holo-ACP synthase	acpS	92740990	protein-coding		WP_008392884.1	120	RBI15_RS06265
NZ_CP132968.1	1249573	1251054		plus	bifunctional ADP-dependent NAD(P)H-hydrate dehydratase/NAD(P)H-hydrate epimerase		92740991	protein-coding		WP_009203473.1	493	RBI15_RS06270
NZ_CP132968.1	1251038	1252201		plus	alanine racemase	alr	92740992	protein-coding		WP_009203472.1	387	RBI15_RS06275
NZ_CP132968.1	1252273	1252620		plus	type II toxin-antitoxin system PemK/MazF family toxin		92740993	protein-coding		WP_009265730.1	115	RBI15_RS06280
NZ_CP132968.1	1252718	1253668		plus	hemolysin family protein		92740994	protein-coding		WP_008392880.1	316	RBI15_RS06285
NZ_CP132968.1	1253652	1254380		plus	YebC/PmpR family DNA-binding transcriptional regulator		92740995	protein-coding		WP_044924355.1	242	RBI15_RS06290
NZ_CP132968.1	1254536	1255819		minus	O-acetylhomoserine aminocarboxypropyltransferase/cysteine synthase family protein		92740996	protein-coding		WP_044924354.1	427	RBI15_RS06295
NZ_CP132968.1	1256108	1256800		plus	iron-sulfur cluster assembly scaffold protein		92740997	protein-coding		WP_008392877.1	230	RBI15_RS06300
NZ_CP132968.1	1256814	1257824		plus	GGGtGRT protein		92740998	protein-coding		WP_044924352.1	336	RBI15_RS06305
NZ_CP132968.1	1257995	1259236		minus	tyrosine-type recombinase/integrase		92740999	protein-coding		WP_044924350.1	413	RBI15_RS06310
NZ_CP132968.1	1259403	1260083		minus	Ig-like domain-containing protein		92741000	protein-coding		WP_009203847.1	226	RBI15_RS06315
NZ_CP132968.1	1260158	1260637		minus	hypothetical protein		92741001	protein-coding		WP_009203848.1	159	RBI15_RS06320
NZ_CP132968.1	1260763	1260918		plus	uncharacterized gene		92741002	pseudogene				RBI15_RS06325
NZ_CP132968.1	1260908	1261021		plus	uncharacterized gene		92741003	pseudogene				RBI15_RS06330
NZ_CP132968.1	1261139	1261711		plus	flavodoxin		92741004	protein-coding		WP_044924348.1	190	RBI15_RS06335
NZ_CP132968.1	1261728	1262111		plus	MerR family transcriptional regulator		92741005	protein-coding		WP_009203852.1	127	RBI15_RS06340
NZ_CP132968.1	1262093	1262623		plus	flavodoxin		92741006	protein-coding		WP_005347223.1	176	RBI15_RS06345
NZ_CP132968.1	1262608	1263189		plus	acyltransferase		92741007	protein-coding		WP_005347226.1	193	RBI15_RS06350
NZ_CP132968.1	1263194	1264033		plus	aldo/keto reductase		92741008	protein-coding		WP_209301939.1	279	RBI15_RS06355
NZ_CP132968.1	1264696	1264769		plus	tRNA-Arg		92741009	tRNA				RBI15_RS06360
NZ_CP132968.1	1265096	1266028		plus	ParB/RepB/Spo0J family partition protein		92741010	protein-coding		WP_227085717.1	310	RBI15_RS06365
NZ_CP132968.1	1266076	1266861		plus	ParA family protein		92741011	protein-coding		WP_040344366.1	261	RBI15_RS06370
NZ_CP132968.1	1266851	1267756		plus	ParB/RepB/Spo0J family partition protein		92741012	protein-coding		WP_044925208.1	301	RBI15_RS06375
NZ_CP132968.1	1267819	1268607		plus	DUF6017 domain-containing protein		92741013	protein-coding		WP_044925210.1	262	RBI15_RS06380
NZ_CP132968.1	1268617	1268913		plus	hypothetical protein		92741014	protein-coding		WP_005334864.1	98	RBI15_RS06385
NZ_CP132968.1	1268921	1269325		plus	hypothetical protein		92741015	protein-coding		WP_044925223.1	134	RBI15_RS06390
NZ_CP132968.1	1269460	1270437		plus	choloylglycine hydrolase	bsh	92741016	protein-coding		WP_005347230.1	325	RBI15_RS06395
NZ_CP132968.1	1270476	1271156		plus	GTP pyrophosphokinase		92741017	protein-coding		WP_044925214.1	226	RBI15_RS06400
NZ_CP132968.1	1271192	1272751		plus	cardiolipin synthase	cls	92741018	protein-coding		WP_009203864.1	519	RBI15_RS06405
NZ_CP132968.1	1273006	1274370		plus	citrate/2-methylcitrate synthase		92741019	protein-coding		WP_009203865.1	454	RBI15_RS06410
NZ_CP132968.1	1274527	1274796		plus	helix-turn-helix domain-containing protein		92741020	protein-coding		WP_179976049.1	89	RBI15_RS06415
NZ_CP132968.1	1274972	1276405		plus	phospholipase D family protein		92741021	protein-coding		WP_044925217.1	477	RBI15_RS06420
NZ_CP132968.1	1276384	1277094		plus	response regulator transcription factor		92741022	protein-coding		WP_003693048.1	236	RBI15_RS06425
NZ_CP132968.1	1277094	1278137		plus	HAMP domain-containing sensor histidine kinase		92741023	protein-coding		WP_005347239.1	347	RBI15_RS06430
NZ_CP132968.1	1278171	1279235		plus	FUSC family protein		92741024	protein-coding		WP_009203868.1	354	RBI15_RS06435
NZ_CP132968.1	1279225	1279797		plus	CDP-alcohol phosphatidyltransferase family protein		92741025	protein-coding		WP_044925221.1	190	RBI15_RS06440
NZ_CP132968.1	1280132	1280602		plus	IS200/IS605 family transposase	tnpA	92741026	protein-coding		WP_009203872.1	156	RBI15_RS06445
NZ_CP132968.1	1281613	1282290		plus	helix-turn-helix domain-containing protein		92741027	protein-coding		WP_044925577.1	225	RBI15_RS06450
NZ_CP132968.1	1282323	1283189		plus	IS3 family transposase		92741028	protein-coding		WP_242844482.1	288	RBI15_RS06455
NZ_CP132968.1	1283715	1284074		plus	ArsR/SmtB family transcription factor		92741029	protein-coding		WP_044925580.1	119	RBI15_RS06460
NZ_CP132968.1	1284134	1286488		plus	heavy metal translocating P-type ATPase		92741030	protein-coding		WP_173723936.1	784	RBI15_RS06465
NZ_CP132968.1	1286505	1287023		plus	DUF6921 family protein		92741031	protein-coding		WP_009203874.1	172	RBI15_RS06470
NZ_CP132968.1	1287034	1287573		plus	pilus assembly protein PilX		92741032	protein-coding		WP_306858199.1	179	RBI15_RS06475
NZ_CP132968.1	1287570	1289114		plus	FAD-binding protein		92741033	protein-coding		WP_306858201.1	514	RBI15_RS06480
NZ_CP132968.1	1289111	1289821		plus	succinate dehydrogenase/fumarate reductase iron-sulfur subunit		92741034	protein-coding		WP_330600290.1	236	RBI15_RS06485
NZ_CP132968.1	1289958	1290257		plus	ArsR/SmtB family transcription factor		92741035	protein-coding		WP_005330972.1	99	RBI15_RS06490
NZ_CP132968.1	1290357	1290716		plus	hypothetical protein		92741036	protein-coding		WP_331533470.1	119	RBI15_RS06495
NZ_CP132968.1	1290900	1291139		minus	DUF6061 family protein		92741037	protein-coding		WP_177284238.1	79	RBI15_RS06500
NZ_CP132968.1	1291455	1292072		plus	DNA alkylation repair protein		92741038	protein-coding		WP_055258952.1	205	RBI15_RS06505
NZ_CP132968.1	1292371	1292607		plus	DUF6061 family protein		92741039	protein-coding		WP_012744332.1	78	RBI15_RS06510
NZ_CP132968.1	1292726	1293361		minus	HAD family hydrolase		92741040	protein-coding		WP_016304801.1	211	RBI15_RS06515
NZ_CP132968.1	1293351	1293488		minus	uncharacterized gene		98633742	pseudogene				RBI15_RS14630
NZ_CP132968.1	1293652	1294251		minus	HDOD domain-containing protein		92741041	protein-coding		WP_306858207.1	199	RBI15_RS06525
NZ_CP132968.1	1294655	1295566		minus	helix-turn-helix transcriptional regulator		92741042	protein-coding		WP_306858209.1	303	RBI15_RS06530
NZ_CP132968.1	1295790	1296266		minus	DUF6040 family protein		92741043	protein-coding		WP_306858211.1	158	RBI15_RS06535
NZ_CP132968.1	1296249	1296653		plus	uncharacterized gene		92741044	pseudogene				RBI15_RS06540
NZ_CP132968.1	1296844	1297053		plus	DUF6219 family protein		92741045	protein-coding		WP_118303770.1	69	RBI15_RS06545
NZ_CP132968.1	1297159	1297332		minus	hypothetical protein		92741046	protein-coding		WP_009203774.1	57	RBI15_RS06550
NZ_CP132968.1	1297310	1297549		minus	uncharacterized gene		92741047	pseudogene				RBI15_RS06555
NZ_CP132968.1	1297553	1297756		plus	hypothetical protein		92741048	protein-coding		WP_009265445.1	67	RBI15_RS06560
NZ_CP132968.1	1297843	1298958		plus	endonuclease/exonuclease/phosphatase family protein		92741049	protein-coding		WP_015530226.1	371	RBI15_RS06565
NZ_CP132968.1	1299068	1301575		plus	Ig-like domain-containing protein		92741050	protein-coding		WP_173775015.1	835	RBI15_RS06570
NZ_CP132968.1	1301639	1301839		plus	helix-turn-helix transcriptional regulator		92741051	protein-coding		WP_287499044.1	66	RBI15_RS06575
NZ_CP132968.1	1301952	1303439		minus	sodium/pantothenate symporter	panF	92741052	protein-coding		WP_306858214.1	495	RBI15_RS06580
NZ_CP132968.1	1303440	1303706		minus	YhdT family protein		92741053	protein-coding		WP_173751016.1	88	RBI15_RS06585
NZ_CP132968.1	1303912	1304286		plus	Asp23/Gls24 family envelope stress response protein		92741054	protein-coding		WP_008392824.1	124	RBI15_RS06590
NZ_CP132968.1	1304357	1304770		plus	transcription antitermination factor NusB	nusB	92741055	protein-coding		WP_015530222.1	137	RBI15_RS06595
NZ_CP132968.1	1304760	1305980		plus	exodeoxyribonuclease VII large subunit	xseA	92741056	protein-coding		WP_306858217.1	406	RBI15_RS06600
NZ_CP132968.1	1305998	1306207		plus	exodeoxyribonuclease VII small subunit	xseB	92741057	protein-coding		WP_008392821.1	69	RBI15_RS06605
NZ_CP132968.1	1306197	1307090		plus	polyprenyl synthetase family protein		92741058	protein-coding		WP_118739152.1	297	RBI15_RS06610
NZ_CP132968.1	1307114	1308985		plus	1-deoxy-D-xylulose-5-phosphate synthase	dxs	92741059	protein-coding		WP_009203797.1	623	RBI15_RS06615
NZ_CP132968.1	1308990	1309811		plus	TlyA family RNA methyltransferase		92741060	protein-coding		WP_008392818.1	273	RBI15_RS06620
NZ_CP132968.1	1309813	1310673		plus	NAD(+)/NADH kinase		92741061	protein-coding		WP_008392817.1	286	RBI15_RS06625
NZ_CP132968.1	1310660	1311118		plus	arginine repressor	argR	92741062	protein-coding		WP_008392816.1	152	RBI15_RS06630
NZ_CP132968.1	1311138	1312820		plus	DNA repair protein RecN	recN	92741063	protein-coding		WP_008392815.1	560	RBI15_RS06635
NZ_CP132968.1	1312895	1314112		plus	SpoIVB peptidase	spoIVB	92741064	protein-coding		WP_008392814.1	405	RBI15_RS06640
NZ_CP132968.1	1314183	1315322		plus	exonuclease SbcCD subunit D		92741065	protein-coding		WP_008392813.1	379	RBI15_RS06645
NZ_CP132968.1	1315319	1318102		plus	SbcC/MukB-like Walker B domain-containing protein		92741066	protein-coding		WP_306858227.1	927	RBI15_RS06650
NZ_CP132968.1	1318122	1318307		plus	HAD family hydrolase		92741067	protein-coding		WP_288754108.1	61	RBI15_RS06655
NZ_CP132968.1	1318465	1319286		plus	sporulation transcription factor Spo0A	spo0A	92741068	protein-coding		WP_008392810.1	273	RBI15_RS06660
NZ_CP132968.1	1319307	1320146		plus	sporulation transcription factor Spo0A	spo0A	92741069	protein-coding		WP_173755010.1	279	RBI15_RS06665
NZ_CP132968.1	1320212	1321027		plus	sporulation transcription factor Spo0A	spo0A	92741070	protein-coding		WP_173755011.1	271	RBI15_RS06670
NZ_CP132968.1	1321053	1322060		plus	flagellin lysine-N-methylase	fliB	92741071	protein-coding		WP_306858231.1	335	RBI15_RS06675
NZ_CP132968.1	1322150	1322695		plus	RNA polymerase sigma factor		92741072	protein-coding		WP_306858233.1	181	RBI15_RS06680
NZ_CP132968.1	1322751	1323416		minus	hypothetical protein		92741073	protein-coding		WP_306858236.1	221	RBI15_RS06685
NZ_CP132968.1	1323580	1325493		plus	DNA gyrase/topoisomerase IV subunit B		92741074	protein-coding		WP_009203803.1	637	RBI15_RS06690
NZ_CP132968.1	1325515	1327767		plus	DNA gyrase/topoisomerase IV subunit A		92741075	protein-coding		WP_008392803.1	750	RBI15_RS06695
NZ_CP132968.1	1327791	1328705		plus	glycosyltransferase family 2 protein		92741076	protein-coding		WP_008392802.1	304	RBI15_RS06700
NZ_CP132968.1	1328793	1330085		plus	LCP family protein		92741077	protein-coding		WP_008392801.1	430	RBI15_RS06705
NZ_CP132968.1	1330248	1330745		plus	acetolactate synthase small subunit	ilvN	92741078	protein-coding		WP_008392800.1	165	RBI15_RS06710
NZ_CP132968.1	1330801	1331817		plus	ketol-acid reductoisomerase	ilvC	92741079	protein-coding		WP_008392799.1	338	RBI15_RS06715
NZ_CP132968.1	1331929	1332369		plus	D-aminoacyl-tRNA deacylase	dtd	92741080	protein-coding		WP_008392798.1	146	RBI15_RS06720
NZ_CP132968.1	1332425	1332823		plus	hypothetical protein		92741081	protein-coding		WP_009203804.1	132	RBI15_RS06725
NZ_CP132968.1	1332833	1334407		plus	ABC1 kinase family protein		92741082	protein-coding		WP_008392796.1	524	RBI15_RS06730
NZ_CP132968.1	1334413	1334949		plus	M48 family metallopeptidase		92741083	protein-coding		WP_008392795.1	178	RBI15_RS06735
NZ_CP132968.1	1335046	1339539		plus	acyl-CoA dehydratase activase		92741084	protein-coding		WP_009265415.1	1497	RBI15_RS06740
NZ_CP132968.1	1339626	1339976		plus	Hpt domain-containing protein		92741085	protein-coding		WP_008392793.1	116	RBI15_RS06745
NZ_CP132968.1	1340069	1340455		plus	hypothetical protein		92741086	protein-coding		WP_008392792.1	128	RBI15_RS06750
NZ_CP132968.1	1340592	1341287		plus	UMP kinase	pyrH	92741087	protein-coding		WP_039862614.1	231	RBI15_RS06755
NZ_CP132968.1	1341311	1341856		plus	ribosome recycling factor	frr	92741088	protein-coding		WP_022091303.1	181	RBI15_RS06760
NZ_CP132968.1	1341946	1342653		plus	isoprenyl transferase		92741089	protein-coding		WP_055258975.1	235	RBI15_RS06765
NZ_CP132968.1	1342658	1343470		plus	phosphatidate cytidylyltransferase		92741090	protein-coding		WP_118352780.1	270	RBI15_RS06770
NZ_CP132968.1	1343472	1344611		plus	1-deoxy-D-xylulose-5-phosphate reductoisomerase		92741091	protein-coding		WP_118352779.1	379	RBI15_RS06775
NZ_CP132968.1	1344616	1345647		plus	RIP metalloprotease RseP	rseP	92741092	protein-coding		WP_008392786.1	343	RBI15_RS06780
NZ_CP132968.1	1345660	1346721		plus	flavodoxin-dependent (E)-4-hydroxy-3-methylbut-2-enyl-diphosphate synthase	ispG	92741093	protein-coding		WP_008392785.1	353	RBI15_RS06785
NZ_CP132968.1	1346723	1351135		plus	PolC-type DNA polymerase III		92741094	protein-coding		WP_070097627.1	1470	RBI15_RS06790
NZ_CP132968.1	1351283	1351747		plus	ribosome maturation factor RimP	rimP	92741095	protein-coding		WP_008392783.1	154	RBI15_RS06795
NZ_CP132968.1	1351763	1352950		plus	transcription termination factor NusA	nusA	92741096	protein-coding		WP_008392782.1	395	RBI15_RS06800
NZ_CP132968.1	1352972	1353241		plus	RNase P modulator RnpM	rnpM	92741097	protein-coding		WP_008392780.1	89	RBI15_RS06805
NZ_CP132968.1	1353234	1353533		plus	L7Ae/L30e/S12e/Gadd45 family ribosomal protein		92741098	protein-coding		WP_008392779.1	99	RBI15_RS06810
NZ_CP132968.1	1353554	1355806		plus	translation initiation factor IF-2	infB	92741099	protein-coding		WP_306858250.1	750	RBI15_RS06815
NZ_CP132968.1	1355828	1356199		plus	30S ribosome-binding factor RbfA	rbfA	92741100	protein-coding		WP_008392777.1	123	RBI15_RS06820
NZ_CP132968.1	1356186	1357130		plus	DHH family phosphoesterase		92741101	protein-coding		WP_306858252.1	314	RBI15_RS06825
NZ_CP132968.1	1357144	1358043		plus	tRNA pseudouridine(55) synthase TruB	truB	92741102	protein-coding		WP_055232482.1	299	RBI15_RS06830
NZ_CP132968.1	1358053	1358991		plus	bifunctional riboflavin kinase/FAD synthetase		92741103	protein-coding		WP_009203816.1	312	RBI15_RS06835
NZ_CP132968.1	1359103	1359729		plus	cytidylate kinase-like family protein		92741104	protein-coding		WP_009203817.1	208	RBI15_RS06840
NZ_CP132968.1	1359907	1360323		plus	large conductance mechanosensitive channel protein MscL	mscL	92741105	protein-coding		WP_009203818.1	138	RBI15_RS06845
NZ_CP132968.1	1360337	1361041		plus	flavodoxin family protein		92741106	protein-coding		WP_055258991.1	234	RBI15_RS06850
NZ_CP132968.1	1361048	1361539		plus	energy coupling factor transporter S component ThiW	thiW	92741107	protein-coding		WP_306858256.1	163	RBI15_RS06855
NZ_CP132968.1	1361607	1362938		plus	MATE family efflux transporter		92741108	protein-coding		WP_118471730.1	443	RBI15_RS06860
NZ_CP132968.1	1362935	1363135		plus	hypothetical protein		92741109	protein-coding		WP_008392768.1	66	RBI15_RS06865
NZ_CP132968.1	1363150	1363395		plus	TM1266 family iron-only hydrogenase system putative regulator		92741110	protein-coding		WP_008392767.1	81	RBI15_RS06870
NZ_CP132968.1	1363931	1365463		plus	16S ribosomal RNA		92741111	rRNA				RBI15_RS06875
NZ_CP132968.1	1365526	1365643		plus	5S ribosomal RNA	rrf	92741112	rRNA				RBI15_RS06880
NZ_CP132968.1	1365955	1368842		plus	23S ribosomal RNA		92741113	rRNA				RBI15_RS06885
NZ_CP132968.1	1369068	1369814		plus	fibronectin type III domain-containing protein		92741114	protein-coding		WP_044929615.1	248	RBI15_RS06890
NZ_CP132968.1	1369892	1370764		minus	methionyl aminopeptidase		92741115	protein-coding		WP_008390743.1	290	RBI15_RS06895
NZ_CP132968.1	1371001	1372968		plus	RCC1 domain-containing protein		92741116	protein-coding		WP_306858261.1	655	RBI15_RS06900
NZ_CP132968.1	1373045	1374136		minus	tyrosine-type recombinase/integrase		92741117	protein-coding		WP_173726239.1	363	RBI15_RS06905
NZ_CP132968.1	1374332	1375573		plus	Nramp family divalent metal transporter		92741118	protein-coding		WP_015530518.1	413	RBI15_RS06910
NZ_CP132968.1	1375619	1377496		plus	ATP-dependent nuclease		92741119	protein-coding		WP_015530517.1	625	RBI15_RS06915
NZ_CP132968.1	1377518	1379260		plus	B12-binding domain-containing radical SAM protein		92741120	protein-coding		WP_173751239.1	580	RBI15_RS06920
NZ_CP132968.1	1379294	1380487		plus	metallophosphoesterase		92741121	protein-coding		WP_173751238.1	397	RBI15_RS06925
NZ_CP132968.1	1380541	1381101		plus	DNA-3-methyladenine glycosylase I		92741122	protein-coding		WP_173751237.1	186	RBI15_RS06930
NZ_CP132968.1	1381237	1382424		plus	glucosaminidase domain-containing protein		92741123	protein-coding		WP_306858268.1	395	RBI15_RS06935
NZ_CP132968.1	1382829	1384754		plus	threonine--tRNA ligase	thrS	92741124	protein-coding		WP_009265830.1	641	RBI15_RS06940
NZ_CP132968.1	1384807	1385214		minus	type II toxin-antitoxin system VapC family toxin		92741125	protein-coding		WP_009202870.1	135	RBI15_RS06945
NZ_CP132968.1	1385198	1385434		minus	type II toxin-antitoxin system Phd/YefM family antitoxin		92741126	protein-coding		WP_009265828.1	78	RBI15_RS06950
NZ_CP132968.1	1385639	1385947		plus	metal-sensing transcriptional repressor		92741127	protein-coding		WP_015530511.1	102	RBI15_RS06955
NZ_CP132968.1	1385982	1388525		plus	heavy metal translocating P-type ATPase		92741128	protein-coding		WP_306858273.1	847	RBI15_RS06960
NZ_CP132968.1	1388757	1391093		plus	ferrous iron transport protein B	feoB	92741129	protein-coding		WP_306858275.1	778	RBI15_RS06965
NZ_CP132968.1	1391326	1391481		minus	hypothetical protein		92741130	protein-coding		WP_008390776.1	51	RBI15_RS06970
NZ_CP132968.1	1391566	1393053		minus	AAA family ATPase		92741131	protein-coding		WP_306858278.1	495	RBI15_RS06975
NZ_CP132968.1	1393139	1393696		minus	GNAT family N-acetyltransferase		92741132	protein-coding		WP_009202873.1	185	RBI15_RS06980
NZ_CP132968.1	1393741	1394712		minus	choloylglycine hydrolase	bsh	92741133	protein-coding		WP_227085660.1	323	RBI15_RS06985
NZ_CP132968.1	1394799	1395875		minus	FUSC family protein		92741134	protein-coding		WP_306858281.1	358	RBI15_RS06990
NZ_CP132968.1	1396033	1396281		plus	hypothetical protein		92741135	protein-coding		WP_008390785.1	82	RBI15_RS06995
NZ_CP132968.1	1396391	1398481		minus	heavy metal translocating P-type ATPase		92741136	protein-coding		WP_306858284.1	696	RBI15_RS07000
NZ_CP132968.1	1398549	1398887		minus	DUF6110 family protein		92741137	protein-coding		WP_008390789.1	112	RBI15_RS07005
NZ_CP132968.1	1399051	1400166		minus	LCP family protein		92741138	protein-coding		WP_009202879.1	371	RBI15_RS07010
NZ_CP132968.1	1400473	1401354		minus	LysR family transcriptional regulator		92741139	protein-coding		WP_306858286.1	293	RBI15_RS07015
NZ_CP132968.1	1401359	1402180		minus	TrmH family RNA methyltransferase		92741140	protein-coding		WP_306858288.1	273	RBI15_RS07020
NZ_CP132968.1	1402327	1403070		plus	peptidylprolyl isomerase		92741141	protein-coding		WP_008390795.1	247	RBI15_RS07025
NZ_CP132968.1	1403185	1404441		minus	zinc-binding dehydrogenase		92741142	protein-coding		WP_306858291.1	418	RBI15_RS07030
NZ_CP132968.1	1404495	1405382		minus	LysR family transcriptional regulator		92741143	protein-coding		WP_008390799.1	295	RBI15_RS07035
NZ_CP132968.1	1405475	1405717		minus	2-oxoacid:acceptor oxidoreductase family protein		307641557	protein-coding		WP_465220676.1	80	RBI15_RS14670
NZ_CP132968.1	1405818	1407239		minus	ABC transporter substrate-binding protein		92741144	protein-coding		WP_270426536.1	473	RBI15_RS07050
NZ_CP132968.1	1407229	1408032		minus	ABC transporter permease		92741145	protein-coding		WP_306858294.1	267	RBI15_RS07055
NZ_CP132968.1	1408019	1408804		minus	ABC transporter permease		92741146	protein-coding		WP_008390810.1	261	RBI15_RS07060
NZ_CP132968.1	1408801	1410198		minus	ABC transporter ATP-binding protein		92741147	protein-coding		WP_306858296.1	465	RBI15_RS07065
NZ_CP132968.1	1410228	1410725		minus	hypothetical protein		92741148	protein-coding		WP_173725959.1	165	RBI15_RS07070
NZ_CP132968.1	1410804	1411955		minus	double-cubane-cluster-containing anaerobic reductase		92741149	protein-coding		WP_306858298.1	383	RBI15_RS07075
NZ_CP132968.1	1411985	1412749		minus	acyl-CoA dehydratase activase		92741150	protein-coding		WP_306858300.1	254	RBI15_RS07080
NZ_CP132968.1	1412941	1414332		plus	uracil-xanthine permease family protein		92741151	protein-coding		WP_008390817.1	463	RBI15_RS07085
NZ_CP132968.1	1414415	1415074		minus	3-oxoacid CoA-transferase subunit B		92741152	protein-coding		WP_055259649.1	219	RBI15_RS07090
NZ_CP132968.1	1415076	1415792		minus	3-oxoacid CoA-transferase subunit A		92741153	protein-coding		WP_008390819.1	238	RBI15_RS07095
NZ_CP132968.1	1415834	1416628		minus	enoyl-CoA hydratase/isomerase family protein		92741154	protein-coding		WP_009265898.1	264	RBI15_RS07100
NZ_CP132968.1	1416949	1417683		plus	pyruvate formate-lyase-activating protein	pflA	92741155	protein-coding		WP_287800795.1	244	RBI15_RS07105
NZ_CP132968.1	1417677	1419908		plus	formate C-acetyltransferase	pflB	92741156	protein-coding		WP_118304033.1	743	RBI15_RS07110
NZ_CP132968.1	1419962	1420390		minus	hypothetical protein		92741157	protein-coding		WP_173783058.1	142	RBI15_RS07115
NZ_CP132968.1	1420424	1421950		minus	Y-family DNA polymerase		92741158	protein-coding		WP_306858306.1	508	RBI15_RS07120
NZ_CP132968.1	1421965	1422198		minus	hypothetical protein		92741159	protein-coding		WP_009202898.1	77	RBI15_RS07125
NZ_CP132968.1	1422238	1422921		minus	TIGR00266 family protein		92741160	protein-coding		WP_245193621.1	227	RBI15_RS07130
NZ_CP132968.1	1422935	1423882		minus	DMT family transporter		92741161	protein-coding		WP_044924979.1	315	RBI15_RS07135
NZ_CP132968.1	1424051	1424509		minus	spore coat protein		92741162	protein-coding		WP_008390960.1	152	RBI15_RS07140
NZ_CP132968.1	1424602	1425330		minus	DUF6070 family protein		92741163	protein-coding		WP_173755143.1	242	RBI15_RS07145
NZ_CP132968.1	1425315	1426493		minus	HNH endonuclease domain-containing protein		92741164	protein-coding		WP_306858310.1	392	RBI15_RS07150
NZ_CP132968.1	1426454	1427053		minus	class I SAM-dependent methyltransferase		92741165	protein-coding		WP_008390968.1	199	RBI15_RS07155
NZ_CP132968.1	1427066	1427800		minus	alpha/beta hydrolase		92741166	protein-coding		WP_008390969.1	244	RBI15_RS07160
NZ_CP132968.1	1427811	1428173		minus	hypothetical protein		92741167	protein-coding		WP_306858314.1	120	RBI15_RS07165
NZ_CP132968.1	1428170	1428580		minus	peptide deformylase		92741168	protein-coding		WP_306858316.1	136	RBI15_RS07170
NZ_CP132968.1	1428677	1428829		minus	hypothetical protein		92741169	protein-coding		WP_226797333.1	50	RBI15_RS07175
NZ_CP132968.1	1428930	1430303		minus	RNA-guided endonuclease InsQ/TnpB family protein		92741170	protein-coding		WP_306858317.1	457	RBI15_RS07180
NZ_CP132968.1	1430394	1430816		plus	IS200/IS605 family transposase	tnpA	92741171	protein-coding		WP_306858319.1	140	RBI15_RS07185
NZ_CP132968.1	1430851	1431351		minus	SAM-dependent methyltransferase		92741172	protein-coding		WP_244090763.1	166	RBI15_RS07190
NZ_CP132968.1	1431444	1431713		minus	FmdB family zinc ribbon protein		92741173	protein-coding		WP_009203393.1	89	RBI15_RS07195
NZ_CP132968.1	1431775	1431954		minus	EamA family transporter		92742615	protein-coding		WP_077327564.1	59	RBI15_RS14540
NZ_CP132968.1	1432081	1432923		plus	YitT family protein		92741174	protein-coding		WP_306858323.1	280	RBI15_RS07205
NZ_CP132968.1	1433060	1433254		plus	hypothetical protein		92741175	protein-coding		WP_055197108.1	64	RBI15_RS07210
NZ_CP132968.1	1433336	1433590		minus	hypothetical protein		92741176	protein-coding		WP_055162342.1	84	RBI15_RS07215
NZ_CP132968.1	1433627	1433968		minus	arsenate reductase family protein		92741177	protein-coding		WP_009203389.1	113	RBI15_RS07220
NZ_CP132968.1	1434130	1435200		minus	5-methylcytosine-specific restriction endonuclease system specificity protein McrC	mcrC	92741178	protein-coding		WP_306858326.1	356	RBI15_RS07225
NZ_CP132968.1	1435197	1437203		minus	AAA family ATPase		92741179	protein-coding		WP_306858327.1	668	RBI15_RS07230
NZ_CP132968.1	1437254	1437487		minus	hypothetical protein		92741180	protein-coding		WP_055162354.1	77	RBI15_RS07235
NZ_CP132968.1	1437551	1437988		minus	SHOCT domain-containing protein		92741181	protein-coding		WP_173760893.1	145	RBI15_RS07240
NZ_CP132968.1	1438262	1438579		minus	topoisomerase DNA-binding C4 zinc finger domain-containing protein		92741182	protein-coding		WP_055162598.1	105	RBI15_RS07245
NZ_CP132968.1	1438613	1439134		minus	hypothetical protein		92741183	protein-coding		WP_022375722.1	173	RBI15_RS07250
NZ_CP132968.1	1439243	1439680		minus	restriction endonuclease		92741184	protein-coding		WP_173760897.1	145	RBI15_RS07255
NZ_CP132968.1	1439695	1442652		minus	TOTE conflict system archaeo-eukaryotic primase domain-containing protein		92741185	protein-coding		WP_173782693.1	985	RBI15_RS07260
NZ_CP132968.1	1442724	1442957		minus	hypothetical protein		92741186	protein-coding		WP_118744389.1	77	RBI15_RS07265
NZ_CP132968.1	1443069	1443359		minus	CRISPR-associated endonuclease Cas2	cas2	92741187	protein-coding		WP_055197079.1	96	RBI15_RS07270
NZ_CP132968.1	1443363	1444361		minus	type I-B CRISPR-associated endonuclease Cas1b	cas1b	92741188	protein-coding		WP_306858333.1	332	RBI15_RS07275
NZ_CP132968.1	1444375	1444866		minus	CRISPR-associated protein Cas4		92741189	protein-coding		WP_118744391.1	163	RBI15_RS07280
NZ_CP132968.1	1446142	1446351		minus	hypothetical protein		92741190	protein-coding		WP_306858335.1	69	RBI15_RS07285
NZ_CP132968.1	1446385	1448706		minus	CRISPR-associated helicase Cas3'	cas3	92741191	protein-coding		WP_306858337.1	773	RBI15_RS07290
NZ_CP132968.1	1448678	1449382		minus	type I-B CRISPR-associated protein Cas5b	cas5b	92741192	protein-coding		WP_173774788.1	234	RBI15_RS07295
NZ_CP132968.1	1449386	1450330		minus	type I CRISPR-associated protein Cas7		92741193	protein-coding		WP_055162607.1	314	RBI15_RS07300
NZ_CP132968.1	1450343	1452127		minus	type I-B CRISPR-associated protein Cas8b/Csh1		92741194	protein-coding		WP_306858341.1	594	RBI15_RS07305
NZ_CP132968.1	1452148	1452840		minus	CRISPR-associated endoribonuclease Cas6	cas6	92741195	protein-coding		WP_055197066.1	230	RBI15_RS07310
NZ_CP132968.1	1453736	1454311		minus	SpoIIIAH-like family protein		92741196	protein-coding		WP_306858344.1	191	RBI15_RS07315
NZ_CP132968.1	1454314	1454853		minus	stage III sporulation protein AG		92741197	protein-coding		WP_306858346.1	179	RBI15_RS07320
NZ_CP132968.1	1454861	1455304		minus	stage III sporulation protein AF		92741198	protein-coding		WP_044923843.1	147	RBI15_RS07325
NZ_CP132968.1	1455310	1456437		minus	stage III sporulation protein AE		92741199	protein-coding		WP_044923845.1	375	RBI15_RS07330
NZ_CP132968.1	1456434	1456823		minus	SpoIIIAC/SpoIIIAD family protein		92741200	protein-coding		WP_022091459.1	129	RBI15_RS07335
NZ_CP132968.1	1456845	1457042		minus	stage III sporulation protein AC	spoIIIAC	92741201	protein-coding		WP_008391038.1	65	RBI15_RS07340
NZ_CP132968.1	1457079	1457597		minus	stage III sporulation protein AB		92741202	protein-coding		WP_055233096.1	172	RBI15_RS07345
NZ_CP132968.1	1457594	1458520		minus	stage III sporulation protein AA	spoIIIAA	92741203	protein-coding		WP_055233094.1	308	RBI15_RS07350
NZ_CP132968.1	1458594	1460573		minus	DNA topoisomerase		92741204	protein-coding		WP_306858351.1	659	RBI15_RS07355
NZ_CP132968.1	1460715	1461353		plus	lactate utilization protein		92741205	protein-coding		WP_306858354.1	212	RBI15_RS07360
NZ_CP132968.1	1461548	1462486		plus	helix-turn-helix transcriptional regulator		92741206	protein-coding		WP_306858356.1	312	RBI15_RS07365
NZ_CP132968.1	1462455	1462844		minus	hypothetical protein		92741207	protein-coding		WP_156722673.1	129	RBI15_RS07370
NZ_CP132968.1	1462870	1464360		minus	L,D-transpeptidase		92741208	protein-coding		WP_156722671.1	496	RBI15_RS07375
NZ_CP132968.1	1464397	1465632		minus	serine hydroxymethyltransferase	glyA	92741209	protein-coding		WP_008391053.1	411	RBI15_RS07380
NZ_CP132968.1	1465725	1466195		minus	ACT domain-containing protein		92741210	protein-coding		WP_009203361.1	156	RBI15_RS07385
NZ_CP132968.1	1466200	1467993		minus	aspartate--tRNA ligase	aspS	92741211	protein-coding		WP_009203360.1	597	RBI15_RS07390
NZ_CP132968.1	1468070	1468588		minus	flavin reductase family protein		92741212	protein-coding		WP_008391060.1	172	RBI15_RS07395
NZ_CP132968.1	1468674	1469918		minus	histidine--tRNA ligase	hisS	92741213	protein-coding		WP_009264843.1	414	RBI15_RS07400
NZ_CP132968.1	1469921	1470538		minus	HD-GYP domain-containing protein		92741214	protein-coding		WP_306858361.1	205	RBI15_RS07405
NZ_CP132968.1	1470553	1471983		minus	coproporphyrinogen dehydrogenase HemZ	hemZ	92741215	protein-coding		WP_306858363.1	476	RBI15_RS07410
NZ_CP132968.1	1471987	1472646		minus	MBL fold metallo-hydrolase		92741216	protein-coding		WP_008391068.1	219	RBI15_RS07415
NZ_CP132968.1	1472655	1474952		minus	RelA/SpoT family protein		92741217	protein-coding		WP_306858366.1	765	RBI15_RS07420
NZ_CP132968.1	1474979	1475398		minus	aspartate carbamoyltransferase regulatory subunit		92741218	protein-coding		WP_008391072.1	139	RBI15_RS07425
NZ_CP132968.1	1475388	1476314		minus	aspartate carbamoyltransferase	pyrB	92741219	protein-coding		WP_008391074.1	308	RBI15_RS07430
NZ_CP132968.1	1476374	1477288		minus	DUF2156 domain-containing protein		92741220	protein-coding		WP_306856078.1	304	RBI15_RS07435
NZ_CP132968.1	1477312	1477722		minus	23S rRNA (pseudouridine(1915)-N(3))-methyltransferase RlmH		92741221	protein-coding		WP_009264847.1	136	RBI15_RS07440
NZ_CP132968.1	1477728	1478402		minus	hypothetical protein		92741222	protein-coding		WP_156722663.1	224	RBI15_RS07445
NZ_CP132968.1	1478589	1478661		plus	tRNA-Arg		92741223	tRNA				RBI15_RS07450
NZ_CP132968.1	1478792	1480147		plus	MATE family efflux transporter		92741224	protein-coding		WP_306856079.1	451	RBI15_RS07455
NZ_CP132968.1	1480203	1480610		plus	acyl-CoA thioesterase		92741225	protein-coding		WP_156722659.1	135	RBI15_RS07460
NZ_CP132968.1	1480607	1481053		minus	23S rRNA (pseudouridine(1915)-N(3))-methyltransferase RlmH	rlmH	92741226	protein-coding		WP_008391085.1	148	RBI15_RS07465
NZ_CP132968.1	1481072	1481767		minus	RNA-binding domain-containing protein		92741227	protein-coding		WP_331532235.1	231	RBI15_RS07470
NZ_CP132968.1	1482028	1482525		plus	GNAT family N-acetyltransferase		92741228	protein-coding		WP_008391087.1	165	RBI15_RS07475
NZ_CP132968.1	1482501	1483145		minus	ribonuclease H1 domain-containing protein		92741229	protein-coding		WP_009203348.1	214	RBI15_RS07480
NZ_CP132968.1	1483246	1483953		minus	zinc metallopeptidase		92741230	protein-coding		WP_009203347.1	235	RBI15_RS07485
NZ_CP132968.1	1484073	1485056		minus	diaminopimelate dehydrogenase		92741231	protein-coding		WP_306856080.1	327	RBI15_RS07490
NZ_CP132968.1	1485215	1485829		plus	hypothetical protein		92741232	protein-coding		WP_040344149.1	204	RBI15_RS07495
NZ_CP132968.1	1485837	1487945		minus	DNA topoisomerase III		92741233	protein-coding		WP_306856081.1	702	RBI15_RS07500
NZ_CP132968.1	1488071	1488607		plus	phosphodiesterase	yfcE	92741234	protein-coding		WP_055259587.1	178	RBI15_RS07505
NZ_CP132968.1	1488926	1490311		minus	uracil-xanthine permease family protein		92741235	protein-coding		WP_156722647.1	461	RBI15_RS07510
NZ_CP132968.1	1490338	1490592		minus	hypothetical protein		92741236	protein-coding		WP_008391098.1	84	RBI15_RS07515
NZ_CP132968.1	1490611	1491984		minus	aldehyde dehydrogenase		92741237	protein-coding		WP_118627972.1	457	RBI15_RS07520
NZ_CP132968.1	1492153	1492899		plus	tRNA pseudouridine(38-40) synthase TruA	truA	92741238	protein-coding		WP_306856082.1	248	RBI15_RS07525
NZ_CP132968.1	1492909	1494027		minus	5-methyltetrahydropteroyltriglutamate--homocysteine S-methyltransferase		92741239	protein-coding		WP_044923891.1	372	RBI15_RS07530
NZ_CP132968.1	1494174	1494332		minus	uncharacterized gene		92741240	pseudogene				RBI15_RS07535
NZ_CP132968.1	1494464	1495522		minus	tryptophan--tRNA ligase	trpS	92741241	protein-coding		WP_009264871.1	352	RBI15_RS07540
NZ_CP132968.1	1495818	1497056		plus	serine/threonine transporter SstT	sstT	92741242	protein-coding		WP_015530457.1	412	RBI15_RS07545
NZ_CP132968.1	1497299	1497745		minus	ATP-binding cassette domain-containing protein		92741243	protein-coding		WP_330620691.1	148	RBI15_RS07550
NZ_CP132968.1	1497883	1498302		minus	hypothetical protein		92741244	protein-coding		WP_245193715.1	139	RBI15_RS07555
NZ_CP132968.1	1498526	1499833		minus	Na+/H+ antiporter NhaC family protein		92741245	protein-coding		WP_009264876.1	435	RBI15_RS07560
NZ_CP132968.1	1499877	1501067		minus	MalY/PatB family protein		92741246	protein-coding		WP_055161305.1	396	RBI15_RS07565
NZ_CP132968.1	1501099	1502511		minus	selenium cofactor biosynthesis protein YqeC	yqeC	92741247	protein-coding		WP_306856083.1	470	RBI15_RS07570
NZ_CP132968.1	1502525	1503643		minus	aminotransferase class V-fold PLP-dependent enzyme		92742617	protein-coding		WP_270425762.1	372	RBI15_RS14550
NZ_CP132968.1	1503716	1504516		minus	uncharacterized gene	yqeB	92742618	pseudogene				RBI15_RS14555
NZ_CP132968.1	1504526	1505131		minus	sulfurtransferase-like selenium metabolism protein YedF	yedF	92741248	protein-coding		WP_009203329.1	201	RBI15_RS07585
NZ_CP132968.1	1505146	1505382		minus	putative Se/S carrier protein		92741249	protein-coding		WP_022091949.1	78	RBI15_RS07590
NZ_CP132968.1	1505389	1505748		minus	winged helix-turn-helix domain-containing protein		92741250	protein-coding		WP_008391135.1	119	RBI15_RS07595
NZ_CP132968.1	1505751	1506785		minus	molybdopterin-binding protein		92741251	protein-coding		WP_306856084.1	344	RBI15_RS07600
NZ_CP132968.1	1506806	1507618		minus	molybdate ABC transporter substrate-binding protein	modA	92741252	protein-coding		WP_331532250.1	270	RBI15_RS07605
NZ_CP132968.1	1507659	1508318		minus	sulfate/molybdate ABC transporter ATP-binding protein		92741253	protein-coding		WP_008391140.1	219	RBI15_RS07610
NZ_CP132968.1	1508329	1509003		minus	molybdate ABC transporter permease subunit	modB	92741254	protein-coding		WP_009264884.1	224	RBI15_RS07615
NZ_CP132968.1	1509019	1509957		minus	MOSC domain-containing protein		92741255	protein-coding		WP_306856086.1	312	RBI15_RS07620
NZ_CP132968.1	1509942	1510424		minus	cyclic pyranopterin monophosphate synthase MoaC	moaC	92741256	protein-coding		WP_306856087.1	160	RBI15_RS07625
NZ_CP132968.1	1510430	1511392		minus	GTP 3',8-cyclase MoaA	moaA	92741257	protein-coding		WP_306856088.1	320	RBI15_RS07630
NZ_CP132968.1	1511490	1512527		minus	selenide, water dikinase SelD	selD	92741258	protein-coding		WP_008391149.1	345	RBI15_RS07635
NZ_CP132968.1	1512563	1513927		minus	MATE family efflux transporter		92741259	protein-coding		WP_306856089.1	454	RBI15_RS07640
NZ_CP132968.1	1514150	1514395		minus	DUF6465 family protein		92741260	protein-coding		WP_008391153.1	81	RBI15_RS07645
NZ_CP132968.1	1514533	1515069		minus	phosphatase PAP2 family protein		92741261	protein-coding		WP_055161333.1	178	RBI15_RS07650
NZ_CP132968.1	1515099	1517441		minus	hydroxymethylbilane synthase	hemC	92741262	protein-coding		WP_306856090.1	780	RBI15_RS07655
NZ_CP132968.1	1517445	1518689		minus	glutamyl-tRNA reductase	hemA	92741263	protein-coding		WP_306856091.1	414	RBI15_RS07660
NZ_CP132968.1	1518671	1519954		minus	glutamate-1-semialdehyde 2,1-aminomutase	hemL	92741264	protein-coding		WP_008391157.1	427	RBI15_RS07665
NZ_CP132968.1	1519956	1520927		minus	porphobilinogen synthase	hemB	92741265	protein-coding		WP_256158172.1	323	RBI15_RS07670
NZ_CP132968.1	1520946	1521563		minus	precorrin-2 dehydrogenase/sirohydrochlorin ferrochelatase family protein		92741266	protein-coding		WP_009203323.1	205	RBI15_RS07675
NZ_CP132968.1	1521576	1523120		minus	nitrite/sulfite reductase		92741267	protein-coding		WP_306856092.1	514	RBI15_RS07680
NZ_CP132968.1	1523193	1523849		minus	SGNH/GDSL hydrolase family protein		92741268	protein-coding		WP_055161342.1	218	RBI15_RS07685
NZ_CP132968.1	1524007	1525491		minus	FGGY-family carbohydrate kinase		92741269	protein-coding		WP_306856093.1	494	RBI15_RS07690
NZ_CP132968.1	1525506	1526438		minus	transketolase family protein		92741270	protein-coding		WP_306856094.1	310	RBI15_RS07695
NZ_CP132968.1	1526438	1527262		minus	transketolase		92741271	protein-coding		WP_306856095.1	274	RBI15_RS07700
NZ_CP132968.1	1527284	1528681		minus	L-fucose/L-arabinose isomerase family protein		92741272	protein-coding		WP_306856096.1	465	RBI15_RS07705
NZ_CP132968.1	1528695	1530119		minus	6-phospho-beta-glucosidase		92741273	protein-coding		WP_306856097.1	474	RBI15_RS07710
NZ_CP132968.1	1530145	1531650		minus	DUF1593 domain-containing protein		92741274	protein-coding		WP_306856098.1	501	RBI15_RS07715
NZ_CP132968.1	1531666	1533525		minus	beta-glucoside-specific PTS transporter subunit IIABC		92741275	protein-coding		WP_306856099.1	619	RBI15_RS07720
NZ_CP132968.1	1533759	1534826		plus	AraC family transcriptional regulator		92741276	protein-coding		WP_306856100.1	355	RBI15_RS07725
NZ_CP132968.1	1534908	1536080		minus	putative hydroxymethylpyrimidine transporter CytX	cytX	92741277	protein-coding		WP_009203320.1	390	RBI15_RS07730
NZ_CP132968.1	1536084	1536887		minus	bifunctional hydroxymethylpyrimidine kinase/phosphomethylpyrimidine kinase	thiD	92741278	protein-coding		WP_009203319.1	267	RBI15_RS07735
NZ_CP132968.1	1537296	1538474		minus	YkvI family membrane protein		92741279	protein-coding		WP_008391171.1	392	RBI15_RS07740
NZ_CP132968.1	1538514	1539935		minus	FAD-binding oxidoreductase		92741280	protein-coding		WP_008391172.1	473	RBI15_RS07745
NZ_CP132968.1	1539937	1541130		minus	electron transfer flavoprotein subunit alpha		92741281	protein-coding		WP_173757654.1	397	RBI15_RS07750
NZ_CP132968.1	1541141	1541929		minus	electron transfer flavoprotein subunit beta/FixA family protein		92741282	protein-coding		WP_008391176.1	262	RBI15_RS07755
NZ_CP132968.1	1542100	1542924		minus	AIM24 family protein		92741283	protein-coding		WP_055231198.1	274	RBI15_RS07760
NZ_CP132968.1	1542949	1544514		minus	AAA-like domain-containing protein		92741284	protein-coding		WP_306856103.1	521	RBI15_RS07765
NZ_CP132968.1	1544564	1545094		minus	Fic family protein		92741285	protein-coding		WP_306856105.1	176	RBI15_RS07770
NZ_CP132968.1	1545113	1545322		minus	hypothetical protein		92741286	protein-coding		WP_306856107.1	69	RBI15_RS07775
NZ_CP132968.1	1545391	1546101		minus	AAA family ATPase		92741287	protein-coding		WP_022374895.1	236	RBI15_RS07780
NZ_CP132968.1	1546098	1546553		minus	hypothetical protein		92741288	protein-coding		WP_055072550.1	151	RBI15_RS07785
NZ_CP132968.1	1546689	1546928		minus	helix-turn-helix domain-containing protein		92741289	protein-coding		WP_055072551.1	79	RBI15_RS07790
NZ_CP132968.1	1546971	1547300		plus	hypothetical protein		92741290	protein-coding		WP_055072552.1	109	RBI15_RS07795
NZ_CP132968.1	1547395	1550043		minus	bifunctional amino acid transporter/iron-containing alcohol dehydrogenase		92741291	protein-coding		WP_306856111.1	882	RBI15_RS07800
NZ_CP132968.1	1550155	1550751		minus	cytidylate kinase-like family protein		92741292	protein-coding		WP_077327372.1	198	RBI15_RS07805
NZ_CP132968.1	1550797	1552011		minus	aspartate aminotransferase family protein		92741293	protein-coding		WP_008391188.1	404	RBI15_RS07810
NZ_CP132968.1	1552388	1552951		minus	helix-turn-helix domain-containing protein		92741294	protein-coding		WP_008391189.1	187	RBI15_RS07815
NZ_CP132968.1	1553237	1555390		plus	ATP-dependent helicase		92741295	protein-coding		WP_331532276.1	717	RBI15_RS07820
NZ_CP132968.1	1555424	1555633		minus	hypothetical protein		92741296	protein-coding		WP_008391192.1	69	RBI15_RS07825
NZ_CP132968.1	1555774	1558980		minus	hybrid sensor histidine kinase/response regulator		92741297	protein-coding		WP_306856115.1	1068	RBI15_RS07830
NZ_CP132968.1	1560046	1560261		minus	uncharacterized gene		92742619	pseudogene				RBI15_RS14560
NZ_CP132968.1	1560274	1561110		minus	TIGR02452 family protein		92741298	protein-coding		WP_008391241.1	278	RBI15_RS07840
NZ_CP132968.1	1561948	1562217		plus	uncharacterized gene		92741299	pseudogene				RBI15_RS07845
NZ_CP132968.1	1562239	1562880		plus	recombinase zinc ribbon domain-containing protein		92741300	protein-coding		WP_306858397.1	213	RBI15_RS07850
NZ_CP132968.1	1562947	1563132		minus	hypothetical protein		92741301	protein-coding		WP_306856118.1	61	RBI15_RS07855
NZ_CP132968.1	1563153	1563287		minus	hypothetical protein		92741302	protein-coding		WP_306856120.1	44	RBI15_RS07860
NZ_CP132968.1	1563305	1563496		minus	hypothetical protein		92741303	protein-coding		WP_306856121.1	63	RBI15_RS07865
NZ_CP132968.1	1563509	1563718		minus	lipocalin/fatty-acid binding family protein		92741304	protein-coding		WP_306856122.1	69	RBI15_RS07870
NZ_CP132968.1	1563736	1564581		minus	MerR family transcriptional regulator		92741305	protein-coding		WP_306856124.1	281	RBI15_RS07875
NZ_CP132968.1	1564910	1565623		minus	pentapeptide repeat-containing protein		92741306	protein-coding		WP_306856126.1	237	RBI15_RS07880
NZ_CP132968.1	1566070	1566399		minus	type II toxin-antitoxin system RelE/ParE family toxin		92741307	protein-coding		WP_306856128.1	109	RBI15_RS07885
NZ_CP132968.1	1566396	1566704		minus	type II toxin-antitoxin system RelB/DinJ family antitoxin		92741308	protein-coding		WP_055259417.1	102	RBI15_RS07890
NZ_CP132968.1	1566948	1568024		minus	IS110 family RNA-guided transposase		92741309	protein-coding		WP_306856130.1	358	RBI15_RS07895
NZ_CP132968.1	1568146	1568670		minus	flavodoxin family protein		92741310	protein-coding		WP_009264234.1	174	RBI15_RS07900
NZ_CP132968.1	1568651	1568803		minus	hypothetical protein		92741311	protein-coding		WP_306858444.1	50	RBI15_RS07905
NZ_CP132968.1	1568917	1569285		minus	hypothetical protein		92741312	protein-coding		WP_306858399.1	122	RBI15_RS07910
NZ_CP132968.1	1569372	1569626		minus	hypothetical protein		92742620	protein-coding		WP_306856131.1	84	RBI15_RS14565
NZ_CP132968.1	1569855	1570643		minus	phage antirepressor		92741313	protein-coding		WP_306856132.1	262	RBI15_RS07920
NZ_CP132968.1	1570733	1572705		minus	uncharacterized gene		92742621	pseudogene				RBI15_RS14570
NZ_CP132968.1	1572775	1572954		minus	hypothetical protein		92741314	protein-coding		WP_306856133.1	59	RBI15_RS07930
NZ_CP132968.1	1572969	1573532		minus	DUF2815 family protein		92741315	protein-coding		WP_306856135.1	187	RBI15_RS07935
NZ_CP132968.1	1573545	1574650		minus	uncharacterized gene		92741316	pseudogene				RBI15_RS07940
NZ_CP132968.1	1574650	1574979		minus	hypothetical protein		92741317	protein-coding		WP_306856136.1	109	RBI15_RS07945
NZ_CP132968.1	1574936	1575181		minus	hypothetical protein		92741318	protein-coding		WP_306856138.1	81	RBI15_RS07950
NZ_CP132968.1	1575271	1575897		minus	sigma-70 family RNA polymerase sigma factor		92741319	protein-coding		WP_306856139.1	208	RBI15_RS07955
NZ_CP132968.1	1576436	1578817		plus	NACHT domain-containing protein		92741320	protein-coding		WP_306856140.1	793	RBI15_RS07960
NZ_CP132968.1	1578835	1579038		plus	helix-turn-helix domain-containing protein		92741321	protein-coding		WP_306856141.1	67	RBI15_RS07965
NZ_CP132968.1	1579051	1580211		plus	restriction endonuclease PLD domain-containing protein		92741322	protein-coding		WP_306856142.1	386	RBI15_RS07970
NZ_CP132968.1	1580211	1582055		plus	Z1 domain-containing protein		92741323	protein-coding		WP_306856144.1	614	RBI15_RS07975
NZ_CP132968.1	1582096	1582224		plus	PDDEXK family nuclease		92742622	protein-coding		WP_306858401.1	42	RBI15_RS14575
NZ_CP132968.1	1582181	1582471		plus	very short patch repair endonuclease		92742623	protein-coding		WP_306856145.1	96	RBI15_RS14580
NZ_CP132968.1	1582527	1583573		minus	DNA cytosine methyltransferase		92741324	protein-coding		WP_306856146.1	348	RBI15_RS07990
NZ_CP132968.1	1583580	1583906		minus	helix-turn-helix domain-containing protein		92741325	protein-coding		WP_306856148.1	108	RBI15_RS07995
NZ_CP132968.1	1584344	1584937		minus	uncharacterized gene		92741326	pseudogene				RBI15_RS08000
NZ_CP132968.1	1585422	1586705		minus	tyrosine-type recombinase/integrase		92741327	protein-coding		WP_118303859.1	427	RBI15_RS08005
NZ_CP132968.1	1586777	1586998		minus	helix-turn-helix domain-containing protein		92741328	protein-coding		WP_118303857.1	73	RBI15_RS08010
NZ_CP132968.1	1587603	1588217		minus	recombinase family protein		92741329	protein-coding		WP_173725944.1	204	RBI15_RS08015
NZ_CP132968.1	1588997	1589254		minus	DUF4160 domain-containing protein		92741330	protein-coding		WP_242950159.1	85	RBI15_RS08020
NZ_CP132968.1	1589247	1589519		minus	hypothetical protein		92741331	protein-coding		WP_077327301.1	90	RBI15_RS08025
NZ_CP132968.1	1589707	1590516		minus	DUF5688 family protein		92741332	protein-coding		WP_077327299.1	269	RBI15_RS08030
NZ_CP132968.1	1591113	1591271		minus	hypothetical protein		92741333	protein-coding		WP_158520192.1	52	RBI15_RS08035
NZ_CP132968.1	1591809	1592036		minus	type II toxin-antitoxin system MqsA family antitoxin		92741334	protein-coding		WP_055073314.1	75	RBI15_RS08040
NZ_CP132968.1	1592042	1592353		minus	DUF4258 domain-containing protein		92741335	protein-coding		WP_055159875.1	103	RBI15_RS08045
NZ_CP132968.1	1592525	1593331		minus	DUF5688 family protein		92741336	protein-coding		WP_077327297.1	268	RBI15_RS08050
NZ_CP132968.1	1593932	1594807		minus	Fic family protein		92741337	protein-coding		WP_055232731.1	291	RBI15_RS08055
NZ_CP132968.1	1594924	1595085		minus	hypothetical protein		92741338	protein-coding		WP_306856154.1	53	RBI15_RS08060
NZ_CP132968.1	1595591	1596805		minus	HipA domain-containing protein		92741339	protein-coding		WP_118304078.1	404	RBI15_RS08065
NZ_CP132968.1	1596840	1597154		minus	hypothetical protein		92741340	protein-coding		WP_055232729.1	104	RBI15_RS08070
NZ_CP132968.1	1597477	1597746		plus	type II toxin-antitoxin system Phd/YefM family antitoxin		92741341	protein-coding		WP_055232727.1	89	RBI15_RS08075
NZ_CP132968.1	1597733	1598035		plus	type II toxin-antitoxin system RelE/ParE family toxin		92741342	protein-coding		WP_055232726.1	100	RBI15_RS08080
NZ_CP132968.1	1598592	1598765		minus	hypothetical protein		92741343	protein-coding		WP_306856157.1	57	RBI15_RS08085
NZ_CP132968.1	1598811	1599962		minus	IS91 family transposase		92741344	protein-coding		WP_331532311.1	383	RBI15_RS08090
NZ_CP132968.1	1600050	1600169		minus	putative holin-like toxin		92741345	protein-coding		WP_306856159.1	39	RBI15_RS08095
NZ_CP132968.1	1600467	1603844		minus	Ig-like domain-containing protein		92741346	protein-coding		WP_306856161.1	1125	RBI15_RS08100
NZ_CP132968.1	1605442	1611915		minus	SpaA isopeptide-forming pilin-related protein		92741347	protein-coding		WP_306856163.1	2157	RBI15_RS08105
NZ_CP132968.1	1611927	1613438		minus	InlB B-repeat-containing protein		92741348	protein-coding		WP_306856164.1	503	RBI15_RS08110
NZ_CP132968.1	1613471	1614292		minus	class C sortase		92741349	protein-coding		WP_306856165.1	273	RBI15_RS08115
NZ_CP132968.1	1614289	1615131		minus	class C sortase		92741350	protein-coding		WP_216420598.1	280	RBI15_RS08120
NZ_CP132968.1	1615134	1617083		minus	SpaH/EbpB family LPXTG-anchored major pilin		92741351	protein-coding		WP_306856167.1	649	RBI15_RS08125
NZ_CP132968.1	1617233	1618255		minus	nucleoid-associated protein		92741352	protein-coding		WP_270426031.1	340	RBI15_RS08130
NZ_CP132968.1	1618273	1619031		minus	antirestriction protein ArdA		92741353	protein-coding		WP_077327279.1	252	RBI15_RS08135
NZ_CP132968.1	1619043	1620503		minus	ArdC family protein		92741354	protein-coding		WP_306856170.1	486	RBI15_RS08140
NZ_CP132968.1	1620559	1620765		minus	hypothetical protein		92741355	protein-coding		WP_306856172.1	68	RBI15_RS08145
NZ_CP132968.1	1620880	1621719		minus	helix-turn-helix domain-containing protein		92741356	protein-coding		WP_306856174.1	279	RBI15_RS08150
NZ_CP132968.1	1621740	1622009		minus	hypothetical protein		92741357	protein-coding		WP_055073332.1	89	RBI15_RS08155
NZ_CP132968.1	1622006	1622719		minus	class B sortase	srtB	92741358	protein-coding		WP_306856176.1	237	RBI15_RS08160
NZ_CP132968.1	1622701	1623900		minus	lysozyme family protein		92741359	protein-coding		WP_118683213.1	399	RBI15_RS08165
NZ_CP132968.1	1623901	1625748		minus	VirB4 family type IV secretion system protein		92741360	protein-coding		WP_306856178.1	615	RBI15_RS08170
NZ_CP132968.1	1625748	1626359		minus	hypothetical protein		92741361	protein-coding		WP_216420613.1	203	RBI15_RS08175
NZ_CP132968.1	1626371	1626586		minus	hypothetical protein		92741362	protein-coding		WP_077327261.1	71	RBI15_RS08180
NZ_CP132968.1	1626649	1627941		minus	hypothetical protein		92741363	protein-coding		WP_306856181.1	430	RBI15_RS08185
NZ_CP132968.1	1628070	1628402		minus	hypothetical protein		92741364	protein-coding		WP_055073339.1	110	RBI15_RS08190
NZ_CP132968.1	1628421	1628630		minus	hypothetical protein		92741365	protein-coding		WP_216420617.1	69	RBI15_RS08195
NZ_CP132968.1	1628639	1629472		minus	conjugal transfer protein TrbL family protein		92741366	protein-coding		WP_306856183.1	277	RBI15_RS08200
NZ_CP132968.1	1629493	1629837		minus	hypothetical protein		92741367	protein-coding		WP_306856185.1	114	RBI15_RS08205
NZ_CP132968.1	1629852	1631849		minus	type IV secretory system conjugative DNA transfer family protein		92741368	protein-coding		WP_306856187.1	665	RBI15_RS08210
NZ_CP132968.1	1631865	1633088		minus	relaxase/mobilization nuclease domain-containing protein		92741369	protein-coding		WP_306856189.1	407	RBI15_RS08215
NZ_CP132968.1	1633102	1633434		minus	plasmid mobilization protein		92741370	protein-coding		WP_306856191.1	110	RBI15_RS08220
NZ_CP132968.1	1633431	1634324		minus	DUF3991 and TOPRIM domain-containing protein		92741371	protein-coding		WP_306856193.1	297	RBI15_RS08225
NZ_CP132968.1	1634397	1634915		minus	HD-GYP domain-containing protein		92741372	protein-coding		WP_055159831.1	172	RBI15_RS08230
NZ_CP132968.1	1635042	1639187		minus	isopeptide-forming domain-containing fimbrial protein		92741373	protein-coding		WP_306856195.1	1381	RBI15_RS08235
NZ_CP132968.1	1639403	1640554		plus	IS91 family transposase		92741374	protein-coding		WP_331532311.1	383	RBI15_RS08240
NZ_CP132968.1	1640600	1640773		plus	hypothetical protein		92741375	protein-coding		WP_306856157.1	57	RBI15_RS08245
NZ_CP132968.1	1640902	1641714		minus	hypothetical protein		92741376	protein-coding		WP_306856197.1	270	RBI15_RS08250
NZ_CP132968.1	1641885	1642718		minus	hypothetical protein		92741377	protein-coding		WP_118738901.1	277	RBI15_RS08255
NZ_CP132968.1	1642992	1643489		minus	hypothetical protein		92741378	protein-coding		WP_118738902.1	165	RBI15_RS08260
NZ_CP132968.1	1643491	1644723		minus	C39 family peptidase		92741379	protein-coding		WP_118738903.1	410	RBI15_RS08265
NZ_CP132968.1	1644737	1645654		minus	ParB/RepB/Spo0J family partition protein		92741380	protein-coding		WP_118738904.1	305	RBI15_RS08270
NZ_CP132968.1	1645651	1646424		minus	ParA family protein		92741381	protein-coding		WP_077327237.1	257	RBI15_RS08275
NZ_CP132968.1	1646966	1647895		minus	translation elongation factor Ts	tsf	92741382	protein-coding		WP_009204279.1	309	RBI15_RS08280
NZ_CP132968.1	1647932	1648654		minus	30S ribosomal protein S2	rpsB	92741383	protein-coding		WP_009264260.1	240	RBI15_RS08285
NZ_CP132968.1	1648812	1649579		minus	GTP-sensing pleiotropic transcriptional regulator CodY	codY	92741384	protein-coding		WP_009264261.1	255	RBI15_RS08290
NZ_CP132968.1	1649595	1651703		minus	type I DNA topoisomerase	topA	92741385	protein-coding		WP_306856202.1	702	RBI15_RS08295
NZ_CP132968.1	1651721	1652803		minus	DNA-processing protein DprA	dprA	92741386	protein-coding		WP_306856203.1	360	RBI15_RS08300
NZ_CP132968.1	1652793	1654334		minus	YifB family Mg chelatase-like AAA ATPase		92741387	protein-coding		WP_306856204.1	513	RBI15_RS08305
NZ_CP132968.1	1654435	1654884		minus	transcriptional regulator NrdR	nrdR	92741388	protein-coding		WP_009204284.1	149	RBI15_RS08310
NZ_CP132968.1	1654954	1655202		minus	PRC-barrel domain-containing protein		92741389	protein-coding		WP_040344464.1	82	RBI15_RS08315
NZ_CP132968.1	1655331	1656167		minus	RnfABCDGE type electron transport complex subunit B		92741390	protein-coding		WP_008391303.1	278	RBI15_RS08320
NZ_CP132968.1	1656180	1656755		minus	electron transport complex subunit RsxA	rsxA	92741391	protein-coding		WP_008391304.1	191	RBI15_RS08325
NZ_CP132968.1	1656767	1657471		minus	electron transport complex subunit RsxE	rsxE	92741392	protein-coding		WP_009204287.1	234	RBI15_RS08330
NZ_CP132968.1	1657474	1658085		minus	RnfABCDGE type electron transport complex subunit G		92741393	protein-coding		WP_008391307.1	203	RBI15_RS08335
NZ_CP132968.1	1658078	1659025		minus	RnfABCDGE type electron transport complex subunit D		92741394	protein-coding		WP_306856205.1	315	RBI15_RS08340
NZ_CP132968.1	1659039	1660355		minus	electron transport complex subunit RsxC	rsxC	92741395	protein-coding		WP_055198108.1	438	RBI15_RS08345
NZ_CP132968.1	1660578	1661819		minus	glutamate-5-semialdehyde dehydrogenase		92741396	protein-coding		WP_306856206.1	413	RBI15_RS08350
NZ_CP132968.1	1661881	1662090		minus	DUF896 domain-containing protein		92741397	protein-coding		WP_008391314.1	69	RBI15_RS08355
NZ_CP132968.1	1662132	1662986		minus	glutamate 5-kinase	proB	92741398	protein-coding		WP_306856207.1	284	RBI15_RS08360
NZ_CP132968.1	1663013	1664590		minus	NAD(P)/FAD-dependent oxidoreductase		92741399	protein-coding		WP_306856208.1	525	RBI15_RS08365
NZ_CP132968.1	1664587	1665804		minus	BaiN/RdsA family NAD(P)/FAD-dependent oxidoreductase		92741400	protein-coding		WP_009204290.1	405	RBI15_RS08370
NZ_CP132968.1	1665831	1666196		minus	hypothetical protein		92741401	protein-coding		WP_009264297.1	121	RBI15_RS08375
NZ_CP132968.1	1666314	1667960		minus	putative polysaccharide biosynthesis protein		92741402	protein-coding		WP_306856209.1	548	RBI15_RS08380
NZ_CP132968.1	1667957	1668469		minus	rRNA maturation RNase YbeY	ybeY	92741403	protein-coding		WP_009204293.1	170	RBI15_RS08385
NZ_CP132968.1	1668477	1669481		minus	PhoH family protein		92741404	protein-coding		WP_008391324.1	334	RBI15_RS08390
NZ_CP132968.1	1669592	1670827		minus	sporulation protein YqfD		92741405	protein-coding		WP_306856210.1	411	RBI15_RS08395
NZ_CP132968.1	1670852	1671118		minus	YabP/YqfC family sporulation protein		92741406	protein-coding		WP_226799410.1	88	RBI15_RS08400
NZ_CP132968.1	1671220	1671396		minus	30S ribosomal protein S21	rpsU	92741407	protein-coding		WP_015530429.1	58	RBI15_RS08405
NZ_CP132968.1	1671499	1674138		minus	alanine--tRNA ligase	alaS	92741408	protein-coding		WP_306856211.1	879	RBI15_RS08410
NZ_CP132968.1	1674259	1674381		minus	hypothetical protein		92741409	protein-coding		WP_008391330.1	40	RBI15_RS08415
NZ_CP132968.1	1674464	1674826		minus	phosphoribosyl-AMP cyclohydrolase	hisI	92741410	protein-coding		WP_008391331.1	120	RBI15_RS08420
NZ_CP132968.1	1674828	1675415		minus	imidazoleglycerol-phosphate dehydratase HisB	hisB	92741411	protein-coding		WP_009204298.1	195	RBI15_RS08425
NZ_CP132968.1	1675420	1676724		minus	histidinol dehydrogenase	hisD	92741412	protein-coding		WP_009264306.1	434	RBI15_RS08430
NZ_CP132968.1	1676741	1677388		minus	ATP phosphoribosyltransferase	hisG	92741413	protein-coding		WP_008391334.1	215	RBI15_RS08435
NZ_CP132968.1	1677425	1678606		minus	ATP phosphoribosyltransferase regulatory subunit	hisZ	92741414	protein-coding		WP_009204300.1	393	RBI15_RS08440
NZ_CP132968.1	1678747	1679760		minus	DUF7309 domain-containing protein		92741415	protein-coding		WP_244090698.1	337	RBI15_RS08445
NZ_CP132968.1	1679976	1681718		plus	Rqc2 family fibronectin-binding protein		92741416	protein-coding		WP_227054321.1	580	RBI15_RS08450
NZ_CP132968.1	1681850	1682989		minus	mannitol-1-phosphate 5-dehydrogenase		92741417	protein-coding		WP_306856212.1	379	RBI15_RS08455
NZ_CP132968.1	1683098	1684972		minus	PTS mannitol transporter subunit IICBA		92741418	protein-coding		WP_237967969.1	624	RBI15_RS08460
NZ_CP132968.1	1684996	1687080		minus	BglG family transcription antiterminator		92741419	protein-coding		WP_288810809.1	694	RBI15_RS08465
NZ_CP132968.1	1687967	1689661		minus	sulfate adenylyltransferase subunit 1		92741420	protein-coding		WP_288810808.1	564	RBI15_RS08470
NZ_CP132968.1	1689663	1690562		minus	sulfate adenylyltransferase subunit CysD	cysD	92741421	protein-coding		WP_008391346.1	299	RBI15_RS08475
NZ_CP132968.1	1690579	1690893		minus	4Fe-4S dicluster domain-containing protein		92741422	protein-coding		WP_008391349.1	104	RBI15_RS08480
NZ_CP132968.1	1690877	1692571		minus	adenylyl-sulfate reductase subunit alpha		92741423	protein-coding		WP_306856213.1	564	RBI15_RS08485
NZ_CP132968.1	1692596	1693657		minus	sulfate/molybdate ABC transporter ATP-binding protein		92741424	protein-coding		WP_008391351.1	353	RBI15_RS08490
NZ_CP132968.1	1693659	1694531		minus	sulfate ABC transporter permease		92741425	protein-coding		WP_306856214.1	290	RBI15_RS08495
NZ_CP132968.1	1694543	1695415		minus	sulfate ABC transporter permease subunit CysT	cysT	92741426	protein-coding		WP_306858404.1	290	RBI15_RS08500
NZ_CP132968.1	1695426	1696469		minus	sulfate ABC transporter substrate-binding protein		92741427	protein-coding		WP_306856215.1	347	RBI15_RS08505
NZ_CP132968.1	1696690	1697571		minus	hypothetical protein		92741428	protein-coding		WP_306856216.1	293	RBI15_RS08510
NZ_CP132968.1	1697594	1698262		minus	LbetaH domain-containing protein		92741429	protein-coding		WP_294699271.1	222	RBI15_RS08515
NZ_CP132968.1	1698354	1699106		minus	exodeoxyribonuclease III	xth	92741430	protein-coding		WP_212384861.1	250	RBI15_RS08520
NZ_CP132968.1	1699107	1699970		minus	DMT family transporter		92741431	protein-coding		WP_294689328.1	287	RBI15_RS08525
NZ_CP132968.1	1699978	1700535		minus	elongation factor P	efp	92741432	protein-coding		WP_008391359.1	185	RBI15_RS08530
NZ_CP132968.1	1700600	1701784		minus	iron-containing alcohol dehydrogenase		92741433	protein-coding		WP_306856217.1	394	RBI15_RS08535
NZ_CP132968.1	1701828	1702610		minus	shikimate kinase		92741434	protein-coding		WP_212384858.1	260	RBI15_RS08540
NZ_CP132968.1	1702727	1703614		minus	LysR family transcriptional regulator		92741435	protein-coding		WP_306856218.1	295	RBI15_RS08545
NZ_CP132968.1	1703742	1705730		plus	oxidoreductase		92741436	protein-coding		WP_294689331.1	662	RBI15_RS08550
NZ_CP132968.1	1705858	1706358		minus	YqeG family HAD IIIA-type phosphatase		92741437	protein-coding		WP_294689332.1	166	RBI15_RS08555
NZ_CP132968.1	1706500	1707684		minus	MFS transporter		92741438	protein-coding		WP_212384854.1	394	RBI15_RS08560
NZ_CP132968.1	1707724	1708173		minus	type II 3-dehydroquinate dehydratase	aroQ	92741439	protein-coding		WP_212384853.1	149	RBI15_RS08565
NZ_CP132968.1	1708184	1708564		minus	VOC family protein		92741440	protein-coding		WP_215719212.1	126	RBI15_RS08570
NZ_CP132968.1	1708577	1709530		minus	ketopantoate reductase family protein		92741441	protein-coding		WP_306856219.1	317	RBI15_RS08575
NZ_CP132968.1	1709567	1710019		minus	MaoC family dehydratase		92741442	protein-coding		WP_117945008.1	150	RBI15_RS08580
NZ_CP132968.1	1710066	1711658		minus	acyl CoA:acetate/3-ketoacid CoA transferase		92741443	protein-coding		WP_212384850.1	530	RBI15_RS08585
NZ_CP132968.1	1711853	1712707		plus	AraC family transcriptional regulator		92741444	protein-coding		WP_212384849.1	284	RBI15_RS08590
NZ_CP132968.1	1712789	1713808		minus	TRAP transporter substrate-binding protein		92741445	protein-coding		WP_212385497.1	339	RBI15_RS08595
NZ_CP132968.1	1713825	1715114		minus	TRAP transporter large permease		92741446	protein-coding		WP_212385499.1	429	RBI15_RS08600
NZ_CP132968.1	1715115	1715612		minus	TRAP transporter small permease		92741447	protein-coding		WP_212385501.1	165	RBI15_RS08605
NZ_CP132968.1	1715831	1716598		minus	type I 3-dehydroquinate dehydratase	aroD	92741448	protein-coding		WP_306856220.1	255	RBI15_RS08610
NZ_CP132968.1	1716672	1717865		minus	MFS transporter		92741449	protein-coding		WP_306856221.1	397	RBI15_RS08615
NZ_CP132968.1	1717907	1718782		minus	shikimate dehydrogenase		92741450	protein-coding		WP_215719210.1	291	RBI15_RS08620
NZ_CP132968.1	1718981	1719871		plus	LysR family transcriptional regulator		92741451	protein-coding		WP_212385504.1	296	RBI15_RS08625
NZ_CP132968.1	1720029	1722026		plus	oxidoreductase		92741452	protein-coding		WP_040344593.1	665	RBI15_RS08630
NZ_CP132968.1	1722482	1723777		minus	O-acetylhomoserine aminocarboxypropyltransferase/cysteine synthase family protein		92741453	protein-coding		WP_008391393.1	431	RBI15_RS08635
NZ_CP132968.1	1723894	1724826		minus	LysR family transcriptional regulator		92741454	protein-coding		WP_009204584.1	310	RBI15_RS08640
NZ_CP132968.1	1725109	1725534		plus	MarR family winged helix-turn-helix transcriptional regulator		92741455	protein-coding		WP_015530422.1	141	RBI15_RS08645
NZ_CP132968.1	1725543	1726820		plus	cytidylate kinase family protein		92741456	protein-coding		WP_306856222.1	425	RBI15_RS08650
NZ_CP132968.1	1726867	1728240		minus	HAMP domain-containing sensor histidine kinase		92741457	protein-coding		WP_306856223.1	457	RBI15_RS08655
NZ_CP132968.1	1728237	1728908		minus	response regulator transcription factor		92741458	protein-coding		WP_306856224.1	223	RBI15_RS08660
NZ_CP132968.1	1729036	1729509		plus	entericidin EcnA/B family protein		92741459	protein-coding		WP_306856225.1	157	RBI15_RS08665
NZ_CP132968.1	1729565	1729975		minus	HI0074 family nucleotidyltransferase substrate-binding subunit		92741460	protein-coding		WP_055231328.1	136	RBI15_RS08670
NZ_CP132968.1	1729962	1730252		minus	nucleotidyltransferase family protein		92741461	protein-coding		WP_008391410.1	96	RBI15_RS08675
NZ_CP132968.1	1730462	1731703		minus	leucine-rich repeat domain-containing protein		92741462	protein-coding		WP_306856226.1	413	RBI15_RS08680
NZ_CP132968.1	1732067	1733122		minus	hypothetical protein		92741463	protein-coding		WP_306856227.1	351	RBI15_RS08685
NZ_CP132968.1	1733281	1734678		minus	M56 family metallopeptidase		92741464	protein-coding		WP_173728819.1	465	RBI15_RS08690
NZ_CP132968.1	1734659	1735030		minus	BlaI/MecI/CopY family transcriptional regulator		92741465	protein-coding		WP_055162667.1	123	RBI15_RS08695
NZ_CP132968.1	1735282	1736532		minus	leucine-rich repeat domain-containing protein		92741466	protein-coding		WP_009264364.1	416	RBI15_RS08700
NZ_CP132968.1	1736670	1737902		minus	leucine-rich repeat domain-containing protein		92741467	protein-coding		WP_209291299.1	410	RBI15_RS08705
NZ_CP132968.1	1737957	1738433		minus	helveticin J family class III bacteriocin		92741468	protein-coding		WP_209291298.1	158	RBI15_RS08710
NZ_CP132968.1	1738475	1739923		minus	M56 family metallopeptidase		92741469	protein-coding		WP_306856228.1	482	RBI15_RS08715
NZ_CP132968.1	1739904	1740275		minus	BlaI/MecI/CopY family transcriptional regulator		92741470	protein-coding		WP_306856229.1	123	RBI15_RS08720
NZ_CP132968.1	1740434	1741075		minus	helix-turn-helix domain-containing protein		92741471	protein-coding		WP_055258257.1	213	RBI15_RS08725
NZ_CP132968.1	1741140	1742786		minus	PucR family transcriptional regulator		92741472	protein-coding		WP_306856230.1	548	RBI15_RS08730
NZ_CP132968.1	1742914	1744281		minus	amidohydrolase		92741473	protein-coding		WP_008391431.1	455	RBI15_RS08735
NZ_CP132968.1	1744297	1744989		minus	hypothetical protein		92741474	protein-coding		WP_009204599.1	230	RBI15_RS08740
NZ_CP132968.1	1745006	1745749		minus	DUF5058 family protein		92741475	protein-coding		WP_212384998.1	247	RBI15_RS08745
NZ_CP132968.1	1745982	1747406		minus	6-phospho-beta-glucosidase		92741476	protein-coding		WP_294689051.1	474	RBI15_RS08750
NZ_CP132968.1	1747403	1749943		minus	glycosylhydrolase-like jelly roll fold domain-containing protein		92741477	protein-coding		WP_215719202.1	846	RBI15_RS08755
NZ_CP132968.1	1749966	1751837		minus	beta-glucoside-specific PTS transporter subunit IIABC		92741478	protein-coding		WP_147605179.1	623	RBI15_RS08760
NZ_CP132968.1	1752014	1753039		plus	AraC family transcriptional regulator		92741479	protein-coding		WP_306856231.1	341	RBI15_RS08765
NZ_CP132968.1	1753090	1753878		minus	DAPG hydrolase family protein		92741480	protein-coding		WP_147605181.1	262	RBI15_RS08770
NZ_CP132968.1	1753875	1754405		minus	DUF1097 domain-containing protein		92741481	protein-coding		WP_147605182.1	176	RBI15_RS08775
NZ_CP132968.1	1754454	1756487		minus	oxidoreductase		92741482	protein-coding		WP_306856232.1	677	RBI15_RS08780
NZ_CP132968.1	1756730	1757311		plus	TetR/AcrR family transcriptional regulator		92741483	protein-coding		WP_215719199.1	193	RBI15_RS08785
NZ_CP132968.1	1757429	1758256		minus	rhamnulose-1-phosphate aldolase	rhaD	92741484	protein-coding		WP_306856233.1	275	RBI15_RS08790
NZ_CP132968.1	1758283	1759548		minus	L-rhamnose isomerase		92741485	protein-coding		WP_306856234.1	421	RBI15_RS08795
NZ_CP132968.1	1759582	1760982		minus	rhamnulokinase	rhaB	92741486	protein-coding		WP_306856235.1	466	RBI15_RS08800
NZ_CP132968.1	1761114	1762079		minus	AraC family transcriptional regulator		92741487	protein-coding		WP_306856236.1	321	RBI15_RS08805
NZ_CP132968.1	1762259	1762882		minus	RNA polymerase sporulation sigma factor SigK	sigK	92741488	protein-coding		WP_306856237.1	207	RBI15_RS08810
NZ_CP132968.1	1762980	1764221		minus	peptidase U32 family protein		92741489	protein-coding		WP_009204601.1	413	RBI15_RS08815
NZ_CP132968.1	1764208	1764870		minus	O-methyltransferase		92741490	protein-coding		WP_009204602.1	220	RBI15_RS08820
NZ_CP132968.1	1764867	1765268		minus	hypothetical protein		92741491	protein-coding		WP_008391439.1	133	RBI15_RS08825
NZ_CP132968.1	1765270	1766934		minus	ribonuclease J		92741492	protein-coding		WP_009264372.1	554	RBI15_RS08830
NZ_CP132968.1	1767110	1767385		minus	DUF1292 domain-containing protein		92741493	protein-coding		WP_008391441.1	91	RBI15_RS08835
NZ_CP132968.1	1767398	1767817		minus	Holliday junction resolvase RuvX	ruvX	92741494	protein-coding		WP_008391442.1	139	RBI15_RS08840
NZ_CP132968.1	1767831	1768085		minus	IreB family regulatory phosphoprotein		92741495	protein-coding		WP_008391443.1	84	RBI15_RS08845
NZ_CP132968.1	1768170	1769492		minus	tRNA (N(6)-L-threonylcarbamoyladenosine(37)-C(2))-methylthiotransferase MtaB	mtaB	92741496	protein-coding		WP_306856238.1	440	RBI15_RS08850
NZ_CP132968.1	1769567	1769800		plus	HPr family phosphocarrier protein		92741497	protein-coding		WP_008391445.1	77	RBI15_RS08855
NZ_CP132968.1	1769784	1770962		minus	tRNA uracil 4-sulfurtransferase ThiI	thiI	92741498	protein-coding		WP_009204605.1	392	RBI15_RS08860
NZ_CP132968.1	1771006	1772148		minus	cysteine desulfurase family protein		92741499	protein-coding		WP_008391447.1	380	RBI15_RS08865
NZ_CP132968.1	1772330	1773505		minus	RNA-guided endonuclease InsQ/TnpB family protein		92741500	protein-coding		WP_306856239.1	391	RBI15_RS08870
NZ_CP132968.1	1773468	1773901		minus	uncharacterized gene		92741501	pseudogene				RBI15_RS08875
NZ_CP132968.1	1774009	1774746		minus	16S rRNA (uracil(1498)-N(3))-methyltransferase		92741502	protein-coding		WP_008391448.1	245	RBI15_RS08880
NZ_CP132968.1	1774750	1775709		minus	50S ribosomal protein L11 methyltransferase	prmA	92741503	protein-coding		WP_008391449.1	319	RBI15_RS08885
NZ_CP132968.1	1775854	1776585		minus	ATP-binding protein		92741504	protein-coding		WP_306856240.1	243	RBI15_RS08890
NZ_CP132968.1	1776781	1777056		minus	hypothetical protein		92741505	protein-coding		WP_009264377.1	91	RBI15_RS08895
NZ_CP132968.1	1777374	1778186		plus	Cof-type HAD-IIB family hydrolase		92741506	protein-coding		WP_215718568.1	270	RBI15_RS08900
NZ_CP132968.1	1778245	1779120		minus	mechanosensitive ion channel family protein		92741507	protein-coding		WP_044923289.1	291	RBI15_RS08905
NZ_CP132968.1	1779244	1780329		minus	aspartate-semialdehyde dehydrogenase	asd	92741508	protein-coding		WP_009204544.1	361	RBI15_RS08910
NZ_CP132968.1	1780340	1781503		minus	phosphoglycerate dehydrogenase		92741509	protein-coding		WP_306856241.1	387	RBI15_RS08915
NZ_CP132968.1	1781513	1782595		minus	3-phosphoserine/phosphohydroxythreonine transaminase	serC	92741510	protein-coding		WP_008391464.1	360	RBI15_RS08920
NZ_CP132968.1	1782632	1784320		minus	biosynthetic-type acetolactate synthase large subunit	ilvB	92741511	protein-coding		WP_039861943.1	562	RBI15_RS08925
NZ_CP132968.1	1784346	1786010		minus	dihydroxy-acid dehydratase	ilvD	92741512	protein-coding		WP_008391468.1	554	RBI15_RS08930
NZ_CP132968.1	1786067	1787152		minus	3-isopropylmalate dehydrogenase	leuB	92741513	protein-coding		WP_009204541.1	361	RBI15_RS08935
NZ_CP132968.1	1787213	1787524		minus	AzlD domain-containing protein		92741514	protein-coding		WP_009204540.1	103	RBI15_RS08940
NZ_CP132968.1	1787514	1788230		minus	AzlC family ABC transporter permease		92741515	protein-coding		WP_173723191.1	238	RBI15_RS08945
NZ_CP132968.1	1788495	1789922		plus	N-acetylmuramoyl-L-alanine amidase		92741516	protein-coding		WP_173723189.1	475	RBI15_RS08950
NZ_CP132968.1	1790037	1791464		plus	N-acetylmuramoyl-L-alanine amidase		92741517	protein-coding		WP_156722427.1	475	RBI15_RS08955
NZ_CP132968.1	1791530	1791820		minus	cell division suppressor protein YneA	yneA	92741518	protein-coding		WP_044923301.1	96	RBI15_RS08960
NZ_CP132968.1	1791996	1792613		plus	transcriptional repressor LexA	lexA	92741519	protein-coding		WP_008391477.1	205	RBI15_RS08965
NZ_CP132968.1	1792680	1793033		minus	ribosome silencing factor	rsfS	92741520	protein-coding		WP_008391478.1	117	RBI15_RS08970
NZ_CP132968.1	1793035	1793607		minus	bis(5'-nucleosyl)-tetraphosphatase (symmetrical) YqeK	yqeK	92741521	protein-coding		WP_015530396.1	190	RBI15_RS08975
NZ_CP132968.1	1793576	1794199		minus	nicotinate-nucleotide adenylyltransferase	nadD	92741522	protein-coding		WP_044923304.1	207	RBI15_RS08980
NZ_CP132968.1	1794215	1794514		minus	ribosome assembly RNA-binding protein YhbY	yhbY	92741523	protein-coding		WP_009263892.1	99	RBI15_RS08985
NZ_CP132968.1	1794537	1795820		minus	GTPase ObgE	obgE	92741524	protein-coding		WP_008391482.1	427	RBI15_RS08990
NZ_CP132968.1	1795961	1796242		minus	50S ribosomal protein L27	rpmA	92741525	protein-coding		WP_008391483.1	93	RBI15_RS08995
NZ_CP132968.1	1796248	1796574		minus	ribosomal-processing cysteine protease Prp		92741526	protein-coding		WP_008391484.1	108	RBI15_RS09000
NZ_CP132968.1	1796593	1796901		minus	50S ribosomal protein L21	rplU	92741527	protein-coding		WP_009263894.1	102	RBI15_RS09005
NZ_CP132968.1	1796994	1798133		minus	ribonuclease E/G		92741528	protein-coding		WP_044923306.1	379	RBI15_RS09010
NZ_CP132968.1	1798133	1799314		minus	enoyl-ACP reductase FabV	fabV	92741529	protein-coding		WP_306856242.1	393	RBI15_RS09015
NZ_CP132968.1	1799535	1799999		minus	C40 family peptidase		92741530	protein-coding		WP_009204531.1	154	RBI15_RS09020
NZ_CP132968.1	1800102	1802186		minus	transglutaminase-like domain-containing protein		92741531	protein-coding		WP_306856243.1	694	RBI15_RS09025
NZ_CP132968.1	1802186	1803058		minus	DUF58 domain-containing protein		92741532	protein-coding		WP_306856244.1	290	RBI15_RS09030
NZ_CP132968.1	1803133	1804089		minus	AAA family ATPase		92741533	protein-coding		WP_009204528.1	318	RBI15_RS09035
NZ_CP132968.1	1804091	1805572		minus	Na+/H+ antiporter NhaC family protein		92741534	protein-coding		WP_173747528.1	493	RBI15_RS09040
NZ_CP132968.1	1805593	1807872		minus	hydratase		92741535	protein-coding		WP_008391495.1	759	RBI15_RS09045
NZ_CP132968.1	1807999	1808961		minus	MraY family glycosyltransferase		92741536	protein-coding		WP_306856245.1	320	RBI15_RS09050
NZ_CP132968.1	1809077	1809748		minus	thiamine phosphate synthase	thiE	92741537	protein-coding		WP_009204524.1	223	RBI15_RS09055
NZ_CP132968.1	1809702	1810529		minus	hydroxyethylthiazole kinase	thiM	92741538	protein-coding		WP_039861944.1	275	RBI15_RS09060
NZ_CP132968.1	1810672	1810908		plus	chorion class high-cysteine HCB protein 13		92741539	protein-coding		WP_306856246.1	78	RBI15_RS09065
NZ_CP132968.1	1810961	1811170		minus	hypothetical protein		92741540	protein-coding		WP_009204522.1	69	RBI15_RS09070
NZ_CP132968.1	1811231	1811716		plus	hypothetical protein		92741541	protein-coding		WP_306856247.1	161	RBI15_RS09075
NZ_CP132968.1	1811728	1811991		plus	hypothetical protein		92741542	protein-coding		WP_008391501.1	87	RBI15_RS09080
NZ_CP132968.1	1811999	1812952		minus	L-lactate dehydrogenase		92741543	protein-coding		WP_009263906.1	317	RBI15_RS09085
NZ_CP132968.1	1812976	1813677		minus	acyl-[acyl-carrier-protein] thioesterase		92741544	protein-coding		WP_009263907.1	233	RBI15_RS09090
NZ_CP132968.1	1813770	1816181		minus	leucine--tRNA ligase	leuS	92741545	protein-coding		WP_009263908.1	803	RBI15_RS09095
NZ_CP132968.1	1816369	1817817		minus	L,D-transpeptidase		92741546	protein-coding		WP_306856248.1	482	RBI15_RS09100
NZ_CP132968.1	1817944	1818309		plus	VOC family protein		92741547	protein-coding		WP_209291288.1	121	RBI15_RS09105
NZ_CP132968.1	1818452	1819834		minus	aminopeptidase		92741548	protein-coding		WP_008391512.1	460	RBI15_RS09110
NZ_CP132968.1	1819831	1820181		minus	arsenate reductase family protein		92741549	protein-coding		WP_055258236.1	116	RBI15_RS09115
NZ_CP132968.1	1820225	1821376		minus	D-alanyl-D-alanine carboxypeptidase family protein		92741550	protein-coding		WP_306856249.1	383	RBI15_RS09120
NZ_CP132968.1	1821450	1822004		minus	tRNA 5-(aminomethyl)-2-thiouridylate-methyltransferase MnmM	mnmM	92741551	protein-coding		WP_008391517.1	184	RBI15_RS09125
NZ_CP132968.1	1822020	1823405		minus	L,D-transpeptidase family protein		92741552	protein-coding		WP_306856250.1	461	RBI15_RS09130
NZ_CP132968.1	1823633	1824973		plus	butyryl-CoA:acetate CoA-transferase		92741553	protein-coding		WP_044923342.1	446	RBI15_RS09135
NZ_CP132968.1	1825066	1826088		minus	nucleoid-associated protein		92741554	protein-coding		WP_015530386.1	340	RBI15_RS09140
NZ_CP132968.1	1826721	1827755		minus	electron transfer flavoprotein subunit alpha/FixB family protein		92741555	protein-coding		WP_039861946.1	344	RBI15_RS09145
NZ_CP132968.1	1827780	1828562		minus	electron transfer flavoprotein subunit beta/FixA family protein		92741556	protein-coding		WP_009263922.1	260	RBI15_RS09150
NZ_CP132968.1	1828576	1829727		minus	acyl-CoA dehydrogenase		92741557	protein-coding		WP_008392576.1	383	RBI15_RS09155
NZ_CP132968.1	1829815	1830654		minus	3-hydroxybutyryl-CoA dehydrogenase		92741558	protein-coding		WP_009263923.1	279	RBI15_RS09160
NZ_CP132968.1	1830742	1831533		minus	enoyl-CoA hydratase-related protein		92741559	protein-coding		WP_009263924.1	263	RBI15_RS09165
NZ_CP132968.1	1831570	1832754		minus	acetyl-CoA C-acetyltransferase		92741560	protein-coding		WP_009204510.1	394	RBI15_RS09170
NZ_CP132968.1	1833300	1833809		minus	acetolactate synthase small subunit	ilvN	92741561	protein-coding		WP_015530385.1	169	RBI15_RS09175
NZ_CP132968.1	1833821	1835566		minus	biosynthetic-type acetolactate synthase large subunit	ilvB	92741562	protein-coding		WP_044921809.1	581	RBI15_RS09180
NZ_CP132968.1	1835568	1836161		minus	SMC-Scp complex subunit ScpB	scpB	92741563	protein-coding		WP_306858408.1	197	RBI15_RS09185
NZ_CP132968.1	1836169	1836909		minus	segregation and condensation protein A		92741564	protein-coding		WP_306856251.1	246	RBI15_RS09190
NZ_CP132968.1	1836913	1837797		minus	metallophosphoesterase		92741565	protein-coding		WP_244090818.1	294	RBI15_RS09195
NZ_CP132968.1	1837987	1838340		minus	PTS glucitol/sorbitol transporter subunit IIA		92741566	protein-coding		WP_008392588.1	117	RBI15_RS09200
NZ_CP132968.1	1838374	1839387		minus	PTS glucitol/sorbitol transporter subunit IIB	srlE	92741567	protein-coding		WP_173782733.1	337	RBI15_RS09205
NZ_CP132968.1	1839422	1839964		minus	PTS glucitol/sorbitol transporter subunit IIC	srlA	92741568	protein-coding		WP_009263931.1	180	RBI15_RS09210
NZ_CP132968.1	1839982	1840431		minus	transcriptional regulator GutM		92741569	protein-coding		WP_015530380.1	149	RBI15_RS09215
NZ_CP132968.1	1840450	1842372		minus	BglG family transcription antiterminator		92741570	protein-coding		WP_173725533.1	640	RBI15_RS09220
NZ_CP132968.1	1842410	1843225		minus	SDR family oxidoreductase		92741571	protein-coding		WP_009263934.1	271	RBI15_RS09225
NZ_CP132968.1	1843337	1844536		minus	D-alanyl-D-alanine carboxypeptidase family protein		92741572	protein-coding		WP_173725531.1	399	RBI15_RS09230
NZ_CP132968.1	1844671	1845120		minus	NUDIX hydrolase		92741573	protein-coding		WP_008392597.1	149	RBI15_RS09235
NZ_CP132968.1	1845246	1846727		minus	peptidoglycan D,D-transpeptidase FtsI family protein		92741574	protein-coding		WP_173725529.1	493	RBI15_RS09240
NZ_CP132968.1	1846660	1848036		minus	FtsW/RodA/SpoVE family cell cycle protein		92741575	protein-coding		WP_008392599.1	458	RBI15_RS09245
NZ_CP132968.1	1848043	1850424		minus	U32 family peptidase		92741576	protein-coding		WP_156722769.1	793	RBI15_RS09250
NZ_CP132968.1	1850428	1851432		minus	Holliday junction branch migration DNA helicase RuvB	ruvB	92741577	protein-coding		WP_008392602.1	334	RBI15_RS09255
NZ_CP132968.1	1851446	1852051		minus	Holliday junction branch migration protein RuvA	ruvA	92741578	protein-coding		WP_009263937.1	201	RBI15_RS09260
NZ_CP132968.1	1852282	1853214		plus	ribonuclease H-like domain-containing protein		92741579	protein-coding		WP_306856252.1	310	RBI15_RS09265
NZ_CP132968.1	1853314	1854057		minus	phosphatase		92741580	protein-coding		WP_306856253.1	247	RBI15_RS09270
NZ_CP132968.1	1854094	1856733		minus	valine--tRNA ligase		92741581	protein-coding		WP_008392608.1	879	RBI15_RS09275
NZ_CP132968.1	1856745	1857761		minus	hypothetical protein		92741582	protein-coding		WP_209290965.1	338	RBI15_RS09280
NZ_CP132968.1	1857736	1858536		minus	tetratricopeptide repeat protein		92741583	protein-coding		WP_022091861.1	266	RBI15_RS09285
NZ_CP132968.1	1858529	1859563		minus	DUF5716 family protein		92741584	protein-coding		WP_008392611.1	344	RBI15_RS09290
NZ_CP132968.1	1859567	1862710		minus	DUF5717 family protein		92741585	protein-coding		WP_055159529.1	1047	RBI15_RS09295
NZ_CP132968.1	1862866	1863951		plus	pyridoxal phosphate-dependent aminotransferase		92741586	protein-coding		WP_173760364.1	361	RBI15_RS09300
NZ_CP132968.1	1864036	1864413		minus	RidA family protein		92741587	protein-coding		WP_008392614.1	125	RBI15_RS09305
NZ_CP132968.1	1864443	1864994		minus	signal peptidase I	lepB	92741588	protein-coding		WP_306856254.1	183	RBI15_RS09310
NZ_CP132968.1	1865014	1866300		minus	adenylosuccinate synthase		92741589	protein-coding		WP_022091857.1	428	RBI15_RS09315
NZ_CP132968.1	1866443	1868938		minus	LTA synthase family protein		92741590	protein-coding		WP_077327127.1	831	RBI15_RS09320
NZ_CP132968.1	1869008	1870141		minus	bifunctional chorismate mutase/prephenate dehydratase		92741591	protein-coding		WP_077327125.1	377	RBI15_RS09325
NZ_CP132968.1	1870145	1870966		minus	2-amino-4-hydroxy-6-hydroxymethyldihydropteridine diphosphokinase	folK	92741592	protein-coding		WP_209290966.1	273	RBI15_RS09330
NZ_CP132968.1	1870979	1871785		minus	dihydropteroate synthase	folP	92741593	protein-coding		WP_209290969.1	268	RBI15_RS09335
NZ_CP132968.1	1871796	1872275		minus	HD domain-containing protein		92741594	protein-coding		WP_209290971.1	159	RBI15_RS09340
NZ_CP132968.1	1872288	1873562		minus	bifunctional folylpolyglutamate synthase/dihydrofolate synthase		92741595	protein-coding		WP_055258101.1	424	RBI15_RS09345
NZ_CP132968.1	1873592	1875898		minus	endopeptidase La	lon	92741596	protein-coding		WP_209290973.1	768	RBI15_RS09350
NZ_CP132968.1	1876016	1877320		minus	ATP-dependent Clp protease ATP-binding subunit ClpX	clpX	92741597	protein-coding		WP_306856255.1	434	RBI15_RS09355
NZ_CP132968.1	1877344	1877925		minus	ATP-dependent Clp endopeptidase proteolytic subunit ClpP	clpP	92741598	protein-coding		WP_008392628.1	193	RBI15_RS09360
NZ_CP132968.1	1878004	1879284		minus	trigger factor	tig	92741599	protein-coding		WP_008392629.1	426	RBI15_RS09365
NZ_CP132968.1	1879383	1881389		minus	LTA synthase family protein		92741600	protein-coding		WP_306856256.1	668	RBI15_RS09370
NZ_CP132968.1	1881915	1883735		plus	glutamine--fructose-6-phosphate transaminase (isomerizing)	glmS	92741601	protein-coding		WP_173757602.1	606	RBI15_RS09375
NZ_CP132968.1	1883901	1884992		minus	glycerol dehydrogenase		92741602	protein-coding		WP_040344514.1	363	RBI15_RS09380
NZ_CP132968.1	1885290	1886588		plus	putative ABC transporter permease		92741603	protein-coding		WP_209290975.1	432	RBI15_RS09385
NZ_CP132968.1	1886679	1887434		minus	4-hydroxy-tetrahydrodipicolinate reductase	dapB	92741604	protein-coding		WP_008392033.1	251	RBI15_RS09390
NZ_CP132968.1	1887448	1888332		minus	4-hydroxy-tetrahydrodipicolinate synthase	dapA	92741605	protein-coding		WP_008392032.1	294	RBI15_RS09395
NZ_CP132968.1	1888369	1888857		minus	cob(I)yrinic acid a,c-diamide adenosyltransferase		92741606	protein-coding		WP_008392031.1	162	RBI15_RS09400
NZ_CP132968.1	1888939	1889574		minus	single-stranded DNA-binding protein		92741607	protein-coding		WP_009263958.1	211	RBI15_RS09405
NZ_CP132968.1	1889714	1891534		minus	translational GTPase TypA	typA	92741608	protein-coding		WP_009204465.1	606	RBI15_RS09410
NZ_CP132968.1	1891644	1892276		minus	uracil phosphoribosyltransferase	upp	92741609	protein-coding		WP_118470979.1	210	RBI15_RS09415
NZ_CP132968.1	1892389	1893432		plus	[FeFe] hydrogenase H-cluster radical SAM maturase HydE	hydE	92741610	protein-coding		WP_209290977.1	347	RBI15_RS09420
NZ_CP132968.1	1893562	1894719		minus	cell division protein FtsZ	ftsZ	92741611	protein-coding		WP_008392026.1	385	RBI15_RS09425
NZ_CP132968.1	1894819	1895589		minus	cell division protein FtsQ/DivIB		92741612	protein-coding		WP_209290979.1	256	RBI15_RS09430
NZ_CP132968.1	1895601	1896719		minus	FtsW/RodA/SpoVE family cell cycle protein		92741613	protein-coding		WP_008392024.1	372	RBI15_RS09435
NZ_CP132968.1	1896723	1898087		minus	UDP-N-acetylmuramoyl-L-alanine--D-glutamate ligase	murD	92741614	protein-coding		WP_009204461.1	454	RBI15_RS09440
NZ_CP132968.1	1898101	1899072		minus	phospho-N-acetylmuramoyl-pentapeptide-transferase	mraY	92741615	protein-coding		WP_008392022.1	323	RBI15_RS09445
NZ_CP132968.1	1899101	1900837		minus	peptidoglycan D,D-transpeptidase FtsI family protein		92741616	protein-coding		WP_209290981.1	578	RBI15_RS09450
NZ_CP132968.1	1900893	1902716		minus	peptidoglycan D,D-transpeptidase FtsI family protein		92741617	protein-coding		WP_306856257.1	607	RBI15_RS09455
NZ_CP132968.1	1902720	1903214		minus	septum formation initiator family protein		92741618	protein-coding		WP_008392019.1	164	RBI15_RS09460
NZ_CP132968.1	1903227	1904165		minus	16S rRNA (cytosine(1402)-N(4))-methyltransferase RsmH	rsmH	92741619	protein-coding		WP_209290982.1	312	RBI15_RS09465
NZ_CP132968.1	1904178	1904609		minus	division/cell wall cluster transcriptional repressor MraZ	mraZ	92741620	protein-coding		WP_009263965.1	143	RBI15_RS09470
NZ_CP132968.1	1904789	1905676		minus	prolipoprotein diacylglyceryl transferase	lgt	92741621	protein-coding		WP_055162103.1	295	RBI15_RS09475
NZ_CP132968.1	1905862	1906953		plus	redox-regulated ATPase YchF	ychF	92741622	protein-coding		WP_008392014.1	363	RBI15_RS09480
NZ_CP132968.1	1907425	1907688		minus	hypothetical protein		92741623	protein-coding		WP_044924068.1	87	RBI15_RS09485
NZ_CP132968.1	1907842	1908144		minus	hypothetical protein		92741624	protein-coding		WP_044924065.1	100	RBI15_RS09490
NZ_CP132968.1	1908463	1909215		minus	pyruvate formate-lyase-activating protein	pflA	92741625	protein-coding		WP_173725491.1	250	RBI15_RS09495
NZ_CP132968.1	1909232	1911484		minus	formate C-acetyltransferase	pflB	92741626	protein-coding		WP_009204448.1	750	RBI15_RS09500
NZ_CP132968.1	1911739	1912917		minus	phosphoribosylaminoimidazolecarboxamide formyltransferase		92741627	protein-coding		WP_306856258.1	392	RBI15_RS09505
NZ_CP132968.1	1912950	1913663		minus	IMP cyclohydrolase		92741628	protein-coding		WP_306856259.1	237	RBI15_RS09510
NZ_CP132968.1	1913972	1915186		minus	LL-diaminopimelate aminotransferase		92741629	protein-coding		WP_008391995.1	404	RBI15_RS09515
NZ_CP132968.1	1915196	1915759		minus	ANTAR domain-containing response regulator		92741630	protein-coding		WP_306856260.1	187	RBI15_RS09520
NZ_CP132968.1	1915786	1917117		minus	type I glutamate--ammonia ligase	glnA	92741631	protein-coding		WP_009204445.1	443	RBI15_RS09525
NZ_CP132968.1	1917143	1920343		minus	carbamoyl-phosphate synthase large subunit	carB	92741632	protein-coding		WP_044924055.1	1066	RBI15_RS09530
NZ_CP132968.1	1920336	1921415		minus	carbamoyl phosphate synthase small subunit		92741633	protein-coding		WP_009204443.1	359	RBI15_RS09535
NZ_CP132968.1	1921689	1922321		minus	epoxyqueuosine reductase QueH		92741634	protein-coding		WP_173727467.1	210	RBI15_RS09540
NZ_CP132968.1	1922550	1924550		plus	molecular chaperone HtpG	htpG	92741635	protein-coding		WP_173727465.1	666	RBI15_RS09545
NZ_CP132968.1	1924807	1925511		plus	YoaK family protein		92741636	protein-coding		WP_226816169.1	234	RBI15_RS09550
NZ_CP132968.1	1925514	1926458		plus	AEC family transporter		92741637	protein-coding		WP_008391983.1	314	RBI15_RS09555
NZ_CP132968.1	1926459	1928315		minus	asparagine synthase (glutamine-hydrolyzing)	asnB	92741638	protein-coding		WP_306856261.1	618	RBI15_RS09560
NZ_CP132968.1	1928331	1928921		minus	dipicolinate synthase subunit B		92741639	protein-coding		WP_009263984.1	196	RBI15_RS09565
NZ_CP132968.1	1928905	1929777		minus	dipicolinate synthase subunit DpsA	dpsA	92741640	protein-coding		WP_306856262.1	290	RBI15_RS09570
NZ_CP132968.1	1930047	1930628		plus	50S ribosomal protein L25		92741641	protein-coding		WP_306856263.1	193	RBI15_RS09575
NZ_CP132968.1	1930664	1931692		minus	DUF3878 family protein		92741642	protein-coding		WP_306856264.1	342	RBI15_RS09580
NZ_CP132968.1	1931724	1933601		minus	DNA helicase RecQ	recQ	92741643	protein-coding		WP_306856265.1	625	RBI15_RS09585
NZ_CP132968.1	1933687	1934247		minus	chromate transporter		92741644	protein-coding		WP_306856266.1	186	RBI15_RS09590
NZ_CP132968.1	1934244	1934831		minus	chromate transporter		92741645	protein-coding		WP_173722819.1	195	RBI15_RS09595
NZ_CP132968.1	1934861	1936609		minus	ABC transporter ATP-binding protein		92741646	protein-coding		WP_306856267.1	582	RBI15_RS09600
NZ_CP132968.1	1936614	1938341		minus	ABC transporter ATP-binding protein		92741647	protein-coding		WP_044924041.1	575	RBI15_RS09605
NZ_CP132968.1	1938504	1939514		minus	UDP-glucose 4-epimerase GalE	galE	92741648	protein-coding		WP_009204428.1	336	RBI15_RS09610
NZ_CP132968.1	1939545	1941041		minus	UDP-glucose--hexose-1-phosphate uridylyltransferase	galT	92741649	protein-coding		WP_306856268.1	498	RBI15_RS09615
NZ_CP132968.1	1941043	1942062		minus	aldose epimerase family protein		92741650	protein-coding		WP_209302082.1	339	RBI15_RS09620
NZ_CP132968.1	1942064	1943347		minus	galactokinase		92741651	protein-coding		WP_306856269.1	427	RBI15_RS09625
NZ_CP132968.1	1943598	1944629		plus	LacI family DNA-binding transcriptional regulator		92741652	protein-coding		WP_306856270.1	343	RBI15_RS09630
NZ_CP132968.1	1944752	1945210		minus	PTS sugar transporter subunit IIA		92741653	protein-coding		WP_306856271.1	152	RBI15_RS09635
NZ_CP132968.1	1945235	1945864		minus	YczE/YyaS/YitT family protein		92741654	protein-coding		WP_173782945.1	209	RBI15_RS09640
NZ_CP132968.1	1945864	1948092		minus	alpha-galactosidase		92741655	protein-coding		WP_173746635.1	742	RBI15_RS09645
NZ_CP132968.1	1948119	1949477		minus	melibiose:sodium transporter MelB	melB	92741656	protein-coding		WP_173746637.1	452	RBI15_RS09650
NZ_CP132968.1	1949650	1950495		plus	AraC family transcriptional regulator		92741657	protein-coding		WP_173746638.1	281	RBI15_RS09655
NZ_CP132968.1	1950750	1952243		plus	putative DNA modification/repair radical SAM protein		92741658	protein-coding		WP_306856272.1	497	RBI15_RS09660
NZ_CP132968.1	1952375	1952743		plus	MerR family transcriptional regulator		92741659	protein-coding		WP_306856273.1	122	RBI15_RS09665
NZ_CP132968.1	1952706	1953881		plus	RNA-guided endonuclease InsQ/TnpB family protein		92741660	protein-coding		WP_306856274.1	391	RBI15_RS09670
NZ_CP132968.1	1954057	1954809		plus	TIGR03915 family putative DNA repair protein		92741661	protein-coding		WP_173782869.1	250	RBI15_RS09675
NZ_CP132968.1	1954881	1956389		minus	xylulokinase		92741662	protein-coding		WP_173782868.1	502	RBI15_RS09680
NZ_CP132968.1	1956367	1957878		minus	alanine/glycine:cation symporter family protein		92741663	protein-coding		WP_173782867.1	503	RBI15_RS09685
NZ_CP132968.1	1957996	1958847		minus	(2Fe-2S)-binding protein		92741664	protein-coding		WP_173782866.1	283	RBI15_RS09690
NZ_CP132968.1	1958837	1959967		minus	NAD(P)/FAD-dependent oxidoreductase		92741665	protein-coding		WP_173782865.1	376	RBI15_RS09695
NZ_CP132968.1	1959968	1960285		minus	(2Fe-2S)-binding protein		92741666	protein-coding		WP_173782864.1	105	RBI15_RS09700
NZ_CP132968.1	1960306	1961391		minus	NAD(P)/FAD-dependent oxidoreductase		92741667	protein-coding		WP_173782863.1	361	RBI15_RS09705
NZ_CP132968.1	1961449	1962366		minus	dihydrodipicolinate synthase family protein		92741668	protein-coding		WP_173782862.1	305	RBI15_RS09710
NZ_CP132968.1	1962409	1963083		minus	hypothetical protein		92741669	protein-coding		WP_306856275.1	224	RBI15_RS09715
NZ_CP132968.1	1963372	1964157		plus	DeoR/GlpR family DNA-binding transcription regulator		92741670	protein-coding		WP_173782860.1	261	RBI15_RS09720
NZ_CP132968.1	1964228	1964689		minus	low molecular weight protein-tyrosine-phosphatase		92741671	protein-coding		WP_173782859.1	153	RBI15_RS09725
NZ_CP132968.1	1964831	1966282		minus	hypothetical protein		92741672	protein-coding		WP_118011674.1	483	RBI15_RS09730
NZ_CP132968.1	1966617	1967660		minus	hypothetical protein		92741673	protein-coding		WP_173782858.1	347	RBI15_RS09735
NZ_CP132968.1	1967880	1970747		minus	transporter substrate-binding domain-containing protein		92741674	protein-coding		WP_306856276.1	955	RBI15_RS09740
NZ_CP132968.1	1971321	1971527		minus	uncharacterized gene		92741675	pseudogene				RBI15_RS09745
NZ_CP132968.1	1971497	1971754		minus	TetR/AcrR family transcriptional regulator		92741676	protein-coding		WP_270426635.1	85	RBI15_RS09750
NZ_CP132968.1	1971786	1972688		minus	ABC transporter permease		92741677	protein-coding		WP_306856277.1	300	RBI15_RS09755
NZ_CP132968.1	1972688	1973599		minus	ABC transporter ATP-binding protein		92741678	protein-coding		WP_306856278.1	303	RBI15_RS09760
NZ_CP132968.1	1973751	1973873		minus	hypothetical protein		92741679	protein-coding		WP_270426629.1	40	RBI15_RS09765
NZ_CP132968.1	1973969	1974460		minus	TetR/AcrR family transcriptional regulator		92741680	protein-coding		WP_306856279.1	163	RBI15_RS09770
NZ_CP132968.1	1974462	1974542		minus	TetR family transcriptional regulator		92742624	protein-coding		WP_306858411.1	26	RBI15_RS14585
NZ_CP132968.1	1974657	1975289		minus	5' nucleotidase, NT5C type		92741681	protein-coding		WP_009204403.1	210	RBI15_RS09780
NZ_CP132968.1	1975370	1976740		minus	MATE family efflux transporter		92741682	protein-coding		WP_009204402.1	456	RBI15_RS09785
NZ_CP132968.1	1976762	1977187		minus	GNAT family N-acetyltransferase		92741683	protein-coding		WP_173782852.1	141	RBI15_RS09790
NZ_CP132968.1	1977302	1978255		minus	L-lactate dehydrogenase		92741684	protein-coding		WP_009264024.1	317	RBI15_RS09795
NZ_CP132968.1	1978350	1981505		minus	ATP-binding protein		92741685	protein-coding		WP_306856280.1	1051	RBI15_RS09800
NZ_CP132968.1	1981512	1981892		minus	uncharacterized gene		92741686	pseudogene				RBI15_RS09805
NZ_CP132968.1	1982037	1982594		minus	hypothetical protein		92741687	protein-coding		WP_306856281.1	185	RBI15_RS09810
NZ_CP132968.1	1982999	1983136		minus	hypothetical protein		92741688	protein-coding		WP_173745476.1	45	RBI15_RS09815
NZ_CP132968.1	1983223	1983999		minus	Cof-type HAD-IIB family hydrolase		92741689	protein-coding		WP_009204394.1	258	RBI15_RS09820
NZ_CP132968.1	1984033	1985430		minus	phospholipase D family protein		92741690	protein-coding		WP_306856282.1	465	RBI15_RS09825
NZ_CP132968.1	1985477	1986160		minus	YjjG family noncanonical pyrimidine nucleotidase		92741691	protein-coding		WP_306856283.1	227	RBI15_RS09830
NZ_CP132968.1	1986327	1988951		minus	pyruvate, phosphate dikinase	ppdK	92741692	protein-coding		WP_008391903.1	874	RBI15_RS09835
NZ_CP132968.1	1989321	1990778		minus	uncharacterized gene		92741693	pseudogene				RBI15_RS09840
NZ_CP132968.1	1990800	1992683		minus	beta-glucoside-specific PTS transporter subunit IIABC		92741694	protein-coding		WP_306856284.1	627	RBI15_RS09845
NZ_CP132968.1	1992825	1993385		minus	PRD domain-containing protein		92741695	protein-coding		WP_306856285.1	186	RBI15_RS09850
NZ_CP132968.1	1993382	1993591		minus	CAT RNA binding domain-containing protein		92741696	protein-coding		WP_256137850.1	69	RBI15_RS09855
NZ_CP132968.1	1993851	1994561		minus	C39 family peptidase		92741697	protein-coding		WP_243872714.1	236	RBI15_RS09860
NZ_CP132968.1	1994662	1995627		minus	transketolase family protein		92741698	protein-coding		WP_306856286.1	321	RBI15_RS09865
NZ_CP132968.1	1995640	1996479		minus	transketolase		92741699	protein-coding		WP_306856287.1	279	RBI15_RS09870
NZ_CP132968.1	1996500	1997153		minus	fructose-6-phosphate aldolase	fsa	92741700	protein-coding		WP_306856288.1	217	RBI15_RS09875
NZ_CP132968.1	1997191	1998303		minus	4-hydroxybutyrate dehydrogenase		92741701	protein-coding		WP_306856289.1	370	RBI15_RS09880
NZ_CP132968.1	1998598	1999617		minus	Gfo/Idh/MocA family oxidoreductase		92741702	protein-coding		WP_306856290.1	339	RBI15_RS09885
NZ_CP132968.1	1999670	2000569		minus	myo-inosose-2 dehydratase	iolE	92741703	protein-coding		WP_306856291.1	299	RBI15_RS09890
NZ_CP132968.1	2000597	2001619		minus	inositol 2-dehydrogenase	iolG	92741704	protein-coding		WP_306856292.1	340	RBI15_RS09895
NZ_CP132968.1	2001786	2002619		minus	sugar phosphate isomerase/epimerase family protein		92741705	protein-coding		WP_306856293.1	277	RBI15_RS09900
NZ_CP132968.1	2002653	2004044		minus	MFS transporter		92741706	protein-coding		WP_306856294.1	463	RBI15_RS09905
NZ_CP132968.1	2004291	2004896		minus	cytidylate kinase-like family protein		92741707	protein-coding		WP_306856295.1	201	RBI15_RS09910
NZ_CP132968.1	2004968	2006344		minus	MATE family efflux transporter		92741708	protein-coding		WP_306856296.1	458	RBI15_RS09915
NZ_CP132968.1	2006369	2007163		minus	5-deoxy-glucuronate isomerase		92741709	protein-coding		WP_306856297.1	264	RBI15_RS09920
NZ_CP132968.1	2007210	2009147		minus	3D-(3,5/4)-trihydroxycyclohexane-1,2-dione acylhydrolase (decyclizing)	iolD	92741710	protein-coding		WP_306856298.1	645	RBI15_RS09925
NZ_CP132968.1	2009408	2010292		minus	helix-turn-helix domain-containing protein		92741711	protein-coding		WP_306856299.1	294	RBI15_RS09930
NZ_CP132968.1	2010465	2011349		minus	AraC family transcriptional regulator		92741712	protein-coding		WP_306856300.1	294	RBI15_RS09935
NZ_CP132968.1	2011371	2012774		minus	sigma-54 interaction domain-containing protein		92741713	protein-coding		WP_465221362.1	467	RBI15_RS09940
NZ_CP132968.1	2012983	2014350		plus	SulP family inorganic anion transporter		92741714	protein-coding		WP_306856302.1	455	RBI15_RS09945
NZ_CP132968.1	2014442	2015734		minus	RNA polymerase factor sigma-54	rpoN	92741715	protein-coding		WP_306856303.1	430	RBI15_RS09950
NZ_CP132968.1	2015724	2017124		minus	AMP-binding protein		92741716	protein-coding		WP_306856304.1	466	RBI15_RS09955
NZ_CP132968.1	2017138	2018358		minus	acyl-CoA reductase		92741717	protein-coding		WP_306856305.1	406	RBI15_RS09960
NZ_CP132968.1	2018348	2019418		minus	LuxE/PaaK family acyltransferase		92741718	protein-coding		WP_306856306.1	356	RBI15_RS09965
NZ_CP132968.1	2019452	2020087		minus	MBL fold metallo-hydrolase		92741719	protein-coding		WP_306856307.1	211	RBI15_RS09970
NZ_CP132968.1	2020100	2020348		minus	acyl carrier protein		92741720	protein-coding		WP_306856308.1	82	RBI15_RS09975
NZ_CP132968.1	2020364	2021074		minus	MaoC/PaaZ C-terminal domain-containing protein		92741721	protein-coding		WP_306856309.1	236	RBI15_RS09980
NZ_CP132968.1	2021071	2021373		minus	NifU family protein		92741722	protein-coding		WP_306856310.1	100	RBI15_RS09985
NZ_CP132968.1	2021723	2023174		plus	4-hydroxyphenylacetate 3-hydroxylase family protein		92741723	protein-coding		WP_306856311.1	483	RBI15_RS09990
NZ_CP132968.1	2023186	2024490		plus	acetyl-CoA hydrolase/transferase family protein		92741724	protein-coding		WP_306856312.1	434	RBI15_RS09995
NZ_CP132968.1	2024625	2026025		minus	alanine/glycine:cation symporter family protein		92741725	protein-coding		WP_306856313.1	466	RBI15_RS10000
NZ_CP132968.1	2026158	2027024		minus	phosphatidylserine decarboxylase		92741726	protein-coding		WP_009204386.1	288	RBI15_RS10005
NZ_CP132968.1	2027044	2027655		minus	CDP-alcohol phosphatidyltransferase family protein		92741727	protein-coding		WP_008391894.1	203	RBI15_RS10010
NZ_CP132968.1	2027668	2028693		minus	lysylphosphatidylglycerol synthase transmembrane domain-containing protein		92741728	protein-coding		WP_209290835.1	341	RBI15_RS10015
NZ_CP132968.1	2028699	2029427		minus	phosphatase PAP2 family protein		92741729	protein-coding		WP_008391888.1	242	RBI15_RS10020
NZ_CP132968.1	2029588	2033265		minus	efflux RND transporter permease subunit		92741730	protein-coding		WP_306856314.1	1225	RBI15_RS10025
NZ_CP132968.1	2033478	2034929		minus	IMP dehydrogenase	guaB	92741731	protein-coding		WP_008392476.1	483	RBI15_RS10030
NZ_CP132968.1	2035201	2035569		minus	PTS glucitol/sorbitol transporter subunit IIA		92741732	protein-coding		WP_008392477.1	122	RBI15_RS10035
NZ_CP132968.1	2035584	2036975		minus	NADPH-dependent glutamate synthase	gltA	92741733	protein-coding		WP_008392478.1	463	RBI15_RS10040
NZ_CP132968.1	2036979	2037800		minus	sulfide/dihydroorotate dehydrogenase-like FAD/NAD-binding protein		92741734	protein-coding		WP_009264050.1	273	RBI15_RS10045
NZ_CP132968.1	2038030	2039184		minus	iron-containing alcohol dehydrogenase		92741735	protein-coding		WP_008392480.1	384	RBI15_RS10050
NZ_CP132968.1	2039212	2040261		minus	zinc-dependent alcohol dehydrogenase		92741736	protein-coding		WP_306856315.1	349	RBI15_RS10055
NZ_CP132968.1	2040344	2041222		minus	class II fructose-bisphosphate aldolase		92741737	protein-coding		WP_306856316.1	292	RBI15_RS10060
NZ_CP132968.1	2041591	2043216		minus	chaperonin GroEL	groL	92741738	protein-coding		WP_008392485.1	541	RBI15_RS10065
NZ_CP132968.1	2043279	2043551		minus	co-chaperone GroES		92741739	protein-coding		WP_009204377.1	90	RBI15_RS10070
NZ_CP132968.1	2043724	2044209		minus	PTS sugar transporter subunit IIB		92741740	protein-coding		WP_008392487.1	161	RBI15_RS10075
NZ_CP132968.1	2044206	2044613		minus	PTS sugar transporter subunit IIA		92741741	protein-coding		WP_040344539.1	135	RBI15_RS10080
NZ_CP132968.1	2044666	2046324		minus	glutamine--tRNA ligase/YqeY domain fusion protein		92741742	protein-coding		WP_022092009.1	552	RBI15_RS10085
NZ_CP132968.1	2046425	2047780		minus	DNA repair protein RadA	radA	92741743	protein-coding		WP_008392490.1	451	RBI15_RS10090
NZ_CP132968.1	2047799	2048212		minus	hypothetical protein		92741744	protein-coding		WP_008392491.1	137	RBI15_RS10095
NZ_CP132968.1	2048280	2050739		minus	ATP-dependent Clp protease ATP-binding subunit		92741745	protein-coding		WP_008392492.1	819	RBI15_RS10100
NZ_CP132968.1	2050754	2051131		minus	GntR family transcriptional regulator		92741746	protein-coding		WP_009264056.1	125	RBI15_RS10105
NZ_CP132968.1	2051282	2051770		minus	anaerobic ribonucleoside-triphosphate reductase activating protein	nrdG	92741747	protein-coding		WP_008392496.1	162	RBI15_RS10110
NZ_CP132968.1	2051794	2053983		minus	anaerobic ribonucleoside-triphosphate reductase	nrdD	92741748	protein-coding		WP_009204371.1	729	RBI15_RS10115
NZ_CP132968.1	2054143	2054703		minus	manganese efflux pump MntP		92741749	protein-coding		WP_044921154.1	186	RBI15_RS10120
NZ_CP132968.1	2054984	2055463		minus	methylated-DNA--[protein]-cysteine S-methyltransferase		92741750	protein-coding		WP_044921156.1	159	RBI15_RS10125
NZ_CP132968.1	2055614	2056864		plus	HlyC/CorC family transporter		92741751	protein-coding		WP_009204368.1	416	RBI15_RS10130
NZ_CP132968.1	2056909	2060664		minus	phosphoribosylformylglycinamidine synthase		92741752	protein-coding		WP_306856317.1	1251	RBI15_RS10135
NZ_CP132968.1	2060678	2061625		minus	M14 family metallopeptidase		92741753	protein-coding		WP_008392504.1	315	RBI15_RS10140
NZ_CP132968.1	2061622	2062560		minus	M14 family metallopeptidase		92741754	protein-coding		WP_008392505.1	312	RBI15_RS10145
NZ_CP132968.1	2062624	2063790		minus	cation:proton antiporter		92741755	protein-coding		WP_008392506.1	388	RBI15_RS10150
NZ_CP132968.1	2063935	2064252		plus	DUF1292 domain-containing protein		92741756	protein-coding		WP_008392507.1	105	RBI15_RS10155
NZ_CP132968.1	2064282	2064860		minus	DUF1653 domain-containing protein		92741757	protein-coding		WP_227054211.1	192	RBI15_RS10160
NZ_CP132968.1	2064850	2066712		minus	ATP-dependent helicase		92741758	protein-coding		WP_173756124.1	620	RBI15_RS10165
NZ_CP132968.1	2066705	2068165		minus	glutamate--tRNA ligase	gltX	92741759	protein-coding		WP_008392510.1	486	RBI15_RS10170
NZ_CP132968.1	2068285	2069493		minus	[FeFe] hydrogenase H-cluster maturation GTPase HydF	hydF	92741760	protein-coding		WP_149883262.1	402	RBI15_RS10175
NZ_CP132968.1	2069538	2070554		minus	DNA/RNA non-specific endonuclease		92741761	protein-coding		WP_149883261.1	338	RBI15_RS10180
NZ_CP132968.1	2070595	2070999		minus	hypothetical protein		92741762	protein-coding		WP_015530351.1	134	RBI15_RS10185
NZ_CP132968.1	2071136	2072279		minus	uncharacterized gene		92741763	pseudogene				RBI15_RS10190
NZ_CP132968.1	2072455	2072778		plus	uncharacterized gene		92741764	pseudogene				RBI15_RS10195
NZ_CP132968.1	2072790	2073641		minus	hypothetical protein		92741765	protein-coding		WP_306856318.1	283	RBI15_RS10200
NZ_CP132968.1	2073631	2074185		minus	hypothetical protein		92741766	protein-coding		WP_008392520.1	184	RBI15_RS10205
NZ_CP132968.1	2074209	2074760		minus	hypothetical protein		92741767	protein-coding		WP_009204356.1	183	RBI15_RS10210
NZ_CP132968.1	2074732	2074971		minus	polymorphic toxin type 35 domain-containing protein		92741768	protein-coding		WP_009204355.1	79	RBI15_RS10215
NZ_CP132968.1	2075159	2075650		minus	RHS repeat-associated core domain-containing protein		92741769	protein-coding		WP_306856319.1	163	RBI15_RS10220
NZ_CP132968.1	2075935	2076396		minus	hypothetical protein		92741770	protein-coding		WP_008392525.1	153	RBI15_RS10225
NZ_CP132968.1	2076413	2076634		minus	hypothetical protein		92741771	protein-coding		WP_008392526.1	73	RBI15_RS10230
NZ_CP132968.1	2077204	2077728		minus	hypothetical protein		92741772	protein-coding		WP_055259597.1	174	RBI15_RS10235
NZ_CP132968.1	2077769	2078875		minus	RHS repeat-associated core domain-containing protein		92741773	protein-coding		WP_242855539.1	368	RBI15_RS10240
NZ_CP132968.1	2078961	2080280		minus	hypothetical protein		92741774	protein-coding		WP_306856320.1	439	RBI15_RS10245
NZ_CP132968.1	2080693	2082099		minus	ankyrin repeat domain-containing protein		92741775	protein-coding		WP_176827437.1	468	RBI15_RS10250
NZ_CP132968.1	2082143	2082781		minus	RHS repeat-associated core domain-containing protein		92741776	protein-coding		WP_306856321.1	212	RBI15_RS10255
NZ_CP132968.1	2083199	2083537		minus	hypothetical protein		92741777	protein-coding		WP_306856322.1	112	RBI15_RS10260
NZ_CP132968.1	2083628	2083753		minus	uncharacterized gene		92741778	pseudogene				RBI15_RS10265
NZ_CP132968.1	2083873	2084259		minus	hypothetical protein		92741779	protein-coding		WP_173723762.1	128	RBI15_RS10270
NZ_CP132968.1	2084312	2086210		minus	RHS repeat domain-containing protein		92741780	protein-coding		WP_306856323.1	632	RBI15_RS10275
NZ_CP132968.1	2086361	2086513		minus	hypothetical protein		92741781	protein-coding		WP_306856324.1	50	RBI15_RS10280
NZ_CP132968.1	2086583	2087506		minus	hypothetical protein		92741782	protein-coding		WP_306856325.1	307	RBI15_RS10285
NZ_CP132968.1	2087999	2089333		minus	DUF5412 family protein		92741783	protein-coding		WP_055196894.1	444	RBI15_RS10290
NZ_CP132968.1	2089410	2089541		minus	hypothetical protein		92741784	protein-coding		WP_262568474.1	43	RBI15_RS10295
NZ_CP132968.1	2089607	2089897		minus	hypothetical protein		92741785	protein-coding		WP_055196893.1	96	RBI15_RS10300
NZ_CP132968.1	2090293	2090874		minus	hypothetical protein		92741786	protein-coding		WP_009204611.1	193	RBI15_RS10305
NZ_CP132968.1	2090912	2091859		minus	RHS repeat domain-containing protein		92741787	protein-coding		WP_306858414.1	315	RBI15_RS10310
NZ_CP132968.1	2091832	2092200		minus	hypothetical protein		92741788	protein-coding		WP_465220617.1	122	RBI15_RS10315
NZ_CP132968.1	2092293	2092790		minus	hypothetical protein		92741789	protein-coding		WP_008392533.1	165	RBI15_RS10320
NZ_CP132968.1	2092868	2093635		minus	ankyrin repeat domain-containing protein		92741790	protein-coding		WP_009204351.1	255	RBI15_RS10325
NZ_CP132968.1	2094518	2095072		minus	hypothetical protein		92741791	protein-coding		WP_008392537.1	184	RBI15_RS10330
NZ_CP132968.1	2095082	2095219		minus	hypothetical protein		92741792	protein-coding		WP_172676085.1	45	RBI15_RS10335
NZ_CP132968.1	2095477	2097189		minus	phosphoenolpyruvate--protein phosphotransferase	ptsP	92741793	protein-coding		WP_009204346.1	570	RBI15_RS10340
NZ_CP132968.1	2097242	2097505		minus	HPr family phosphocarrier protein		92741794	protein-coding		WP_006568975.1	87	RBI15_RS10345
NZ_CP132968.1	2097729	2098226		minus	CAT RNA binding domain-containing protein		92741795	protein-coding		WP_008392541.1	165	RBI15_RS10350
NZ_CP132968.1	2098238	2099476		minus	GTPase HflX	hflX	92741796	protein-coding		WP_009204345.1	412	RBI15_RS10355
NZ_CP132968.1	2099494	2099793		minus	hypothetical protein		92741797	protein-coding		WP_242852748.1	99	RBI15_RS10360
NZ_CP132968.1	2100182	2100997		minus	SDR family oxidoreductase		92741798	protein-coding		WP_008392547.1	271	RBI15_RS10365
NZ_CP132968.1	2101013	2101861		minus	MurR/RpiR family transcriptional regulator		92741799	protein-coding		WP_008392548.1	282	RBI15_RS10370
NZ_CP132968.1	2101873	2103129		minus	zinc-binding dehydrogenase		92741800	protein-coding		WP_055160955.1	418	RBI15_RS10375
NZ_CP132968.1	2103148	2103969		minus	PTS system mannose/fructose/sorbose family transporter subunit IID		92741801	protein-coding		WP_009265862.1	273	RBI15_RS10380
NZ_CP132968.1	2103990	2104808		minus	PTS mannose/fructose/sorbose transporter subunit IIC		92741802	protein-coding		WP_009265863.1	272	RBI15_RS10385
NZ_CP132968.1	2104834	2105322		minus	mannose/fructose/sorbose PTS transporter subunit IIB		92741803	protein-coding		WP_008392556.1	162	RBI15_RS10390
NZ_CP132968.1	2105319	2105750		minus	PTS sugar transporter subunit IIA		92741804	protein-coding		WP_008392557.1	143	RBI15_RS10395
NZ_CP132968.1	2106008	2106661		minus	tetratricopeptide repeat protein		92741805	protein-coding		WP_306856326.1	217	RBI15_RS10400
NZ_CP132968.1	2106759	2108522		minus	ComEC/Rec2 family competence protein		92741806	protein-coding		WP_306856327.1	587	RBI15_RS10405
NZ_CP132968.1	2108547	2110322		minus	ComEC/Rec2 family competence protein		92741807	protein-coding		WP_306856328.1	591	RBI15_RS10410
NZ_CP132968.1	2110527	2112983		minus	glycogen/starch/alpha-glucan phosphorylase		92741808	protein-coding		WP_149883465.1	818	RBI15_RS10415
NZ_CP132968.1	2113095	2114795		minus	S8 family peptidase		92741809	protein-coding		WP_306856329.1	566	RBI15_RS10420
NZ_CP132968.1	2114863	2115315		minus	threonine/serine exporter family protein		92741810	protein-coding		WP_306856330.1	150	RBI15_RS10425
NZ_CP132968.1	2115316	2116074		minus	threonine/serine exporter family protein		92741811	protein-coding		WP_306856331.1	252	RBI15_RS10430
NZ_CP132968.1	2116219	2117088		minus	DegV family protein		92741812	protein-coding		WP_008392565.1	289	RBI15_RS10435
NZ_CP132968.1	2117213	2117764		minus	Maf family protein		92741813	protein-coding		WP_009204337.1	183	RBI15_RS10440
NZ_CP132968.1	2117880	2119970		minus	polyribonucleotide nucleotidyltransferase		92741814	protein-coding		WP_306856332.1	696	RBI15_RS10445
NZ_CP132968.1	2120225	2120491		minus	30S ribosomal protein S15	rpsO	92741815	protein-coding		WP_008391536.1	88	RBI15_RS10450
NZ_CP132968.1	2120620	2121432		minus	pyrroline-5-carboxylate reductase	proC	92741816	protein-coding		WP_008391538.1	270	RBI15_RS10455
NZ_CP132968.1	2121457	2122374		minus	RluA family pseudouridine synthase		92741817	protein-coding		WP_008391540.1	305	RBI15_RS10460
NZ_CP132968.1	2122352	2122867		minus	signal peptidase II	lspA	92741818	protein-coding		WP_009202992.1	171	RBI15_RS10465
NZ_CP132968.1	2122885	2123964		minus	3-dehydroquinate synthase	aroB	92741819	protein-coding		WP_306858416.1	359	RBI15_RS10470
NZ_CP132968.1	2123954	2124544		minus	DivIVA domain-containing protein		92741820	protein-coding		WP_008391543.1	196	RBI15_RS10475
NZ_CP132968.1	2124554	2125309		minus	YlmH/Sll1252 family protein		92741821	protein-coding		WP_173728067.1	251	RBI15_RS10480
NZ_CP132968.1	2125316	2125876		minus	cell division protein SepF		92741822	protein-coding		WP_022091648.1	186	RBI15_RS10485
NZ_CP132968.1	2125890	2126585		minus	YggS family pyridoxal phosphate-dependent enzyme		92741823	protein-coding		WP_008391546.1	231	RBI15_RS10490
NZ_CP132968.1	2126628	2128007		minus	biotin/lipoyl attachment domain-containing protein		92741824	protein-coding		WP_173747790.1	459	RBI15_RS10495
NZ_CP132968.1	2128011	2128952		minus	tRNA modification radical SAM protein MnmL/YtqA	mnmL	92741825	protein-coding		WP_009202997.1	313	RBI15_RS10500
NZ_CP132968.1	2128954	2129922		minus	D-alanyl-D-alanine carboxypeptidase family protein		92741826	protein-coding		WP_227054054.1	322	RBI15_RS10505
NZ_CP132968.1	2129961	2130353		minus	methylglyoxal synthase		92741827	protein-coding		WP_008391552.1	130	RBI15_RS10510
NZ_CP132968.1	2130366	2131481		minus	FtsW/RodA/SpoVE family cell cycle protein		92741828	protein-coding		WP_008391554.1	371	RBI15_RS10515
NZ_CP132968.1	2131497	2131757		minus	cell division topological specificity factor MinE	minE	92741829	protein-coding		WP_008391555.1	86	RBI15_RS10520
NZ_CP132968.1	2131772	2132557		minus	septum site-determining protein MinD	minD	92741830	protein-coding		WP_015530321.1	261	RBI15_RS10525
NZ_CP132968.1	2132576	2133316		minus	septum site-determining protein MinC	minC	92741831	protein-coding		WP_008391557.1	246	RBI15_RS10530
NZ_CP132968.1	2133337	2136249		minus	penicillin-binding transpeptidase domain-containing protein		92741832	protein-coding		WP_173728064.1	970	RBI15_RS10535
NZ_CP132968.1	2136249	2136764		minus	rod shape-determining protein MreD	mreD	92741833	protein-coding		WP_008391559.1	171	RBI15_RS10540
NZ_CP132968.1	2136776	2137642		minus	rod shape-determining protein MreC	mreC	92741834	protein-coding		WP_009265116.1	288	RBI15_RS10545
NZ_CP132968.1	2137664	2138623		minus	rod shape-determining protein		92741835	protein-coding		WP_173754901.1	319	RBI15_RS10550
NZ_CP132968.1	2138634	2139332		minus	RadC family protein	radC	92741836	protein-coding		WP_040343936.1	232	RBI15_RS10555
NZ_CP132968.1	2139457	2140755		minus	methionine gamma-lyase family protein		92741837	protein-coding		WP_008391564.1	432	RBI15_RS10560
NZ_CP132968.1	2140727	2141689		minus	tRNA (adenosine(37)-N6)-dimethylallyltransferase MiaA	miaA	92741838	protein-coding		WP_009203002.1	320	RBI15_RS10565
NZ_CP132968.1	2141694	2142071		minus	cytidine deaminase	cdd	92741839	protein-coding		WP_009203003.1	125	RBI15_RS10570
NZ_CP132968.1	2142097	2144034		minus	DNA mismatch repair endonuclease MutL	mutL	92741840	protein-coding		WP_173728060.1	645	RBI15_RS10575
NZ_CP132968.1	2144039	2146666		minus	DNA mismatch repair protein MutS	mutS	92741841	protein-coding		WP_022091640.1	875	RBI15_RS10580
NZ_CP132968.1	2146659	2148071		minus	tRNA (N6-isopentenyl adenosine(37)-C2)-methylthiotransferase MiaB	miaB	92741842	protein-coding		WP_009265125.1	470	RBI15_RS10585
NZ_CP132968.1	2148279	2149961		plus	Na/Pi cotransporter family protein		92741843	protein-coding		WP_306856333.1	560	RBI15_RS10590
NZ_CP132968.1	2150197	2152119		minus	glycoside hydrolase family 13 protein		92741844	protein-coding		WP_306856334.1	640	RBI15_RS10595
NZ_CP132968.1	2152148	2154589		minus	glycogen/starch/alpha-glucan phosphorylase		92741845	protein-coding		WP_044922966.1	813	RBI15_RS10600
NZ_CP132968.1	2154702	2156147		minus	glycogen synthase		92741846	protein-coding		WP_008391575.1	481	RBI15_RS10605
NZ_CP132968.1	2156140	2157273		minus	glucose-1-phosphate adenylyltransferase subunit GlgD	glgD	92741847	protein-coding		WP_008391576.1	377	RBI15_RS10610
NZ_CP132968.1	2157287	2158471		minus	glucose-1-phosphate adenylyltransferase		92741848	protein-coding		WP_044922968.1	394	RBI15_RS10615
NZ_CP132968.1	2158488	2160722		minus	1,4-alpha-glucan branching protein GlgB	glgB	92741849	protein-coding		WP_008391591.1	744	RBI15_RS10620
NZ_CP132968.1	2161147	2162364		minus	threonine ammonia-lyase	ilvA	92741850	protein-coding		WP_009265131.1	405	RBI15_RS10625
NZ_CP132968.1	2162366	2163301		minus	signal recognition particle-docking protein FtsY	ftsY	92741851	protein-coding		WP_015530334.1	311	RBI15_RS10630
NZ_CP132968.1	2163315	2166872		minus	chromosome segregation protein SMC	smc	92741852	protein-coding		WP_055232372.1	1185	RBI15_RS10635
NZ_CP132968.1	2166891	2167577		minus	ribonuclease III	rnc	92741853	protein-coding		WP_008391604.1	228	RBI15_RS10640
NZ_CP132968.1	2167585	2168592		minus	phosphate acyltransferase PlsX	plsX	92741854	protein-coding		WP_008391605.1	335	RBI15_RS10645
NZ_CP132968.1	2168687	2168872		minus	50S ribosomal protein L32	rpmF	92741855	protein-coding		WP_008391606.1	61	RBI15_RS10650
NZ_CP132968.1	2168878	2169387		minus	YceD family protein		92741856	protein-coding		WP_015530336.1	169	RBI15_RS10655
NZ_CP132968.1	2169515	2170705		minus	acetate/propionate family kinase		92741857	protein-coding		WP_009203014.1	396	RBI15_RS10660
NZ_CP132968.1	2170732	2171745		minus	phosphate acetyltransferase	pta	92741858	protein-coding		WP_022091634.1	337	RBI15_RS10665
NZ_CP132968.1	2172019	2173230		plus	tRNA(Met) cytidine acetate ligase		92741859	protein-coding		WP_306856335.1	403	RBI15_RS10670
NZ_CP132968.1	2173279	2174190		plus	hypothetical protein		92741860	protein-coding		WP_173757819.1	303	RBI15_RS10675
NZ_CP132968.1	2174176	2174784		minus	hypothetical protein		92741861	protein-coding		WP_009265138.1	202	RBI15_RS10680
NZ_CP132968.1	2174798	2175277		minus	pantetheine-phosphate adenylyltransferase	coaD	92741862	protein-coding		WP_008391617.1	159	RBI15_RS10685
NZ_CP132968.1	2175281	2175838		minus	16S rRNA (guanine(966)-N(2))-methyltransferase RsmD	rsmD	92741863	protein-coding		WP_173746821.1	185	RBI15_RS10690
NZ_CP132968.1	2176067	2176288		minus	alpha/beta-type small acid-soluble spore protein		92741864	protein-coding		WP_008391621.1	73	RBI15_RS10695
NZ_CP132968.1	2176423	2176695		minus	acylphosphatase		92741865	protein-coding		WP_022091633.1	90	RBI15_RS10700
NZ_CP132968.1	2176711	2178741		minus	ATP-dependent DNA helicase RecG	recG	92741866	protein-coding		WP_306856336.1	676	RBI15_RS10705
NZ_CP132968.1	2178825	2180498		minus	DAK2 domain-containing protein		92741867	protein-coding		WP_044922988.1	557	RBI15_RS10710
NZ_CP132968.1	2180505	2180861		minus	Asp23/Gls24 family envelope stress response protein		92741868	protein-coding		WP_008391628.1	118	RBI15_RS10715
NZ_CP132968.1	2181055	2181240		plus	50S ribosomal protein L28	rpmB	92741869	protein-coding		WP_008391631.1	61	RBI15_RS10720
NZ_CP132968.1	2181838	2182209		minus	GerW family sporulation protein		92741870	protein-coding		WP_008391634.1	123	RBI15_RS10725
NZ_CP132968.1	2182211	2183194		minus	DUF2953 domain-containing protein		92741871	protein-coding		WP_055073208.1	327	RBI15_RS10730
NZ_CP132968.1	2183191	2183508		minus	hypothetical protein		92741872	protein-coding		WP_044923516.1	105	RBI15_RS10735
NZ_CP132968.1	2183615	2185057		minus	pyruvate kinase	pyk	92741873	protein-coding		WP_009203021.1	480	RBI15_RS10740
NZ_CP132968.1	2185104	2185973		minus	rhomboid family intramembrane serine protease		92741874	protein-coding		WP_009203022.1	289	RBI15_RS10745
NZ_CP132968.1	2185999	2186931		minus	magnesium transporter CorA family protein		92741875	protein-coding		WP_009265146.1	310	RBI15_RS10750
NZ_CP132968.1	2187056	2187457		minus	LysM peptidoglycan-binding domain-containing protein		92741876	protein-coding		WP_226797281.1	133	RBI15_RS10755
NZ_CP132968.1	2187618	2191835		plus	2-hydroxyacyl-CoA dehydratase		92741877	protein-coding		WP_306856337.1	1405	RBI15_RS10760
NZ_CP132968.1	2191954	2192361		minus	C-GCAxxG-C-C family protein		92741878	protein-coding		WP_022091629.1	135	RBI15_RS10765
NZ_CP132968.1	2192381	2193334		minus	Rpn family recombination-promoting nuclease/putative transposase		92741879	protein-coding		WP_200890897.1	317	RBI15_RS10770
NZ_CP132968.1	2193503	2194600		minus	hypothetical protein		92741880	protein-coding		WP_306856338.1	365	RBI15_RS10775
NZ_CP132968.1	2194752	2195771		minus	hypothetical protein		92741881	protein-coding		WP_044923525.1	339	RBI15_RS10780
NZ_CP132968.1	2195785	2197275		minus	hypothetical protein		92741882	protein-coding		WP_044923527.1	496	RBI15_RS10785
NZ_CP132968.1	2197295	2197696		minus	TerB family tellurite resistance protein		92741883	protein-coding		WP_306856339.1	133	RBI15_RS10790
NZ_CP132968.1	2197699	2197920		minus	YkgJ family cysteine cluster protein		92741884	protein-coding		WP_044923577.1	73	RBI15_RS10795
NZ_CP132968.1	2197962	2198909		minus	helix-turn-helix transcriptional regulator		92741885	protein-coding		WP_330377971.1	315	RBI15_RS10800
NZ_CP132968.1	2199595	2199957		minus	type II toxin-antitoxin system HicB family antitoxin		92741886	protein-coding		WP_008391651.1	120	RBI15_RS10805
NZ_CP132968.1	2200210	2200971		minus	imidazole glycerol phosphate synthase subunit HisF	hisF	92741887	protein-coding		WP_009203027.1	253	RBI15_RS10810
NZ_CP132968.1	2200984	2201589		minus	imidazole glycerol phosphate synthase subunit HisH	hisH	92741888	protein-coding		WP_306856340.1	201	RBI15_RS10815
NZ_CP132968.1	2201599	2202390		minus	SIR2 family NAD-dependent protein deacylase		92741889	protein-coding		WP_055073214.1	263	RBI15_RS10820
NZ_CP132968.1	2202530	2204014		minus	sensor histidine kinase		92741890	protein-coding		WP_044923539.1	494	RBI15_RS10825
NZ_CP132968.1	2204011	2204691		minus	response regulator transcription factor		92741891	protein-coding		WP_009203032.1	226	RBI15_RS10830
NZ_CP132968.1	2204941	2205810		minus	DUF368 domain-containing protein		92741892	protein-coding		WP_055159692.1	289	RBI15_RS10835
NZ_CP132968.1	2205898	2206989		minus	tRNA 2-thiouridine(34) synthase MnmA	mnmA	92741893	protein-coding		WP_118739067.1	363	RBI15_RS10840
NZ_CP132968.1	2206999	2207436		minus	Fe-S cluster assembly scaffold protein NifU	nifU	92741894	protein-coding		WP_008391662.1	145	RBI15_RS10845
NZ_CP132968.1	2207511	2208695		minus	cysteine desulfurase NifS	nifS	92741895	protein-coding		WP_009203035.1	394	RBI15_RS10850
NZ_CP132968.1	2208707	2209156		minus	RrF2 family transcriptional regulator		92741896	protein-coding		WP_008391664.1	149	RBI15_RS10855
NZ_CP132968.1	2209292	2210608		plus	polysaccharide biosynthesis protein		92741897	protein-coding		WP_044923543.1	438	RBI15_RS10860
NZ_CP132968.1	2210624	2212300		minus	S8 family peptidase		92741898	protein-coding		WP_306856341.1	558	RBI15_RS10865
NZ_CP132968.1	2212385	2214340		minus	fructose-1,6-bisphosphatase		92741899	protein-coding		WP_306856342.1	651	RBI15_RS10870
NZ_CP132968.1	2214567	2215625		plus	glycoside hydrolase family protein		92741900	protein-coding		WP_306856343.1	352	RBI15_RS10875
NZ_CP132968.1	2215744	2216769		plus	branched-chain amino acid aminotransferase		92741901	protein-coding		WP_008391685.1	341	RBI15_RS10880
NZ_CP132968.1	2216875	2218260		minus	ATP-dependent Clp protease ATP-binding subunit ClpX	clpX	92741902	protein-coding		WP_306856344.1	461	RBI15_RS10885
NZ_CP132968.1	2218279	2219670		minus	MocR-like pyridoxine biosynthesis transcription factor PdxR	pdxR	92741903	protein-coding		WP_009203041.1	463	RBI15_RS10890
NZ_CP132968.1	2219694	2220464		minus	peptidylprolyl isomerase		92741904	protein-coding		WP_179976042.1	256	RBI15_RS10895
NZ_CP132968.1	2220506	2221495		minus	Gfo/Idh/MocA family protein		92741905	protein-coding		WP_209302408.1	329	RBI15_RS10900
NZ_CP132968.1	2221560	2222561		minus	calcium/sodium antiporter		92741906	protein-coding		WP_209302407.1	333	RBI15_RS10905
NZ_CP132968.1	2222906	2225269		plus	HD domain-containing phosphohydrolase		92741907	protein-coding		WP_306856345.1	787	RBI15_RS10910
NZ_CP132968.1	2225326	2226723		minus	magnesium transporter	mgtE	92741908	protein-coding		WP_009203047.1	465	RBI15_RS10915
NZ_CP132968.1	2227299	2230186		minus	23S ribosomal RNA		92741909	rRNA				RBI15_RS10920
NZ_CP132968.1	2230498	2230615		minus	5S ribosomal RNA	rrf	92741910	rRNA				RBI15_RS10925
NZ_CP132968.1	2230678	2232210		minus	16S ribosomal RNA		92741911	rRNA				RBI15_RS10930
NZ_CP132968.1	2232830	2233585		minus	hypothetical protein		92741912	protein-coding		WP_055233138.1	251	RBI15_RS10935
NZ_CP132968.1	2233764	2234789		minus	threonine aldolase family protein		92741913	protein-coding		WP_306856346.1	341	RBI15_RS10940
NZ_CP132968.1	2235445	2236398		minus	beta-galactosidase small subunit		92741914	protein-coding		WP_055073281.1	317	RBI15_RS10945
NZ_CP132968.1	2236382	2238283		minus	glycoside hydrolase family 2 TIM barrel-domain containing protein		92741915	protein-coding		WP_306856347.1	633	RBI15_RS10950
NZ_CP132968.1	2238273	2238422		minus	hypothetical protein		92741916	protein-coding		WP_173728642.1	49	RBI15_RS10955
NZ_CP132968.1	2238426	2239787		minus	MFS transporter		92741917	protein-coding		WP_055073283.1	453	RBI15_RS10960
NZ_CP132968.1	2240136	2241014		plus	helix-turn-helix transcriptional regulator		92741918	protein-coding		WP_209291565.1	292	RBI15_RS10965
NZ_CP132968.1	2241145	2242506		minus	23S rRNA (uracil(1939)-C(5))-methyltransferase RlmD	rlmD	92741919	protein-coding		WP_215711495.1	453	RBI15_RS10970
NZ_CP132968.1	2242591	2243097		minus	metallophosphoesterase		92741920	protein-coding		WP_008392693.1	168	RBI15_RS10975
NZ_CP132968.1	2243118	2243702		minus	XTP/dITP diphosphatase		92741921	protein-coding		WP_008392692.1	194	RBI15_RS10980
NZ_CP132968.1	2243702	2244847		minus	THUMP domain-containing class I SAM-dependent RNA methyltransferase		92741922	protein-coding		WP_055160127.1	381	RBI15_RS10985
NZ_CP132968.1	2244929	2245246		minus	rhodanese-like domain-containing protein		92741923	protein-coding		WP_009204311.1	105	RBI15_RS10990
NZ_CP132968.1	2245360	2245509		minus	hypothetical protein		92741924	protein-coding		WP_009204312.1	49	RBI15_RS10995
NZ_CP132968.1	2246274	2247095		minus	DUF1189 domain-containing protein		92741925	protein-coding		WP_009204314.1	273	RBI15_RS11000
NZ_CP132968.1	2247102	2247653		minus	DJ-1 family glyoxalase III		92741926	protein-coding		WP_015530847.1	183	RBI15_RS11005
NZ_CP132968.1	2247849	2247922		plus	tRNA-Arg		92741927	tRNA				RBI15_RS11010
NZ_CP132968.1	2247985	2248902		plus	diacylglycerol/lipid kinase family protein		92741928	protein-coding		WP_008392685.1	305	RBI15_RS11015
NZ_CP132968.1	2248916	2250040		minus	D-alanyl-D-alanine carboxypeptidase family protein		92741929	protein-coding		WP_009204315.1	374	RBI15_RS11020
NZ_CP132968.1	2250061	2250843		minus	Cof-type HAD-IIB family hydrolase		92741930	protein-coding		WP_306856348.1	260	RBI15_RS11025
NZ_CP132968.1	2250862	2251536		minus	uracil-DNA glycosylase	ung	92741931	protein-coding		WP_008392682.1	224	RBI15_RS11030
NZ_CP132968.1	2251642	2253198		plus	ClC family H(+)/Cl(-) exchange transporter		92741932	protein-coding		WP_173760615.1	518	RBI15_RS11035
NZ_CP132968.1	2253326	2253538		plus	FeoA family protein		92741933	protein-coding		WP_008392680.1	70	RBI15_RS11040
NZ_CP132968.1	2253620	2256202		minus	ATP-dependent chaperone ClpB	clpB	92741934	protein-coding		WP_173760599.1	860	RBI15_RS11045
NZ_CP132968.1	2256405	2257307		minus	ribokinase		92741935	protein-coding		WP_306856349.1	300	RBI15_RS11050
NZ_CP132968.1	2257322	2257891		minus	UbiX family flavin prenyltransferase		92741936	protein-coding		WP_008392672.1	189	RBI15_RS11055
NZ_CP132968.1	2257929	2259392		minus	UbiD family decarboxylase		92741937	protein-coding		WP_173760597.1	487	RBI15_RS11060
NZ_CP132968.1	2259589	2260344		minus	LamB/YcsF family protein		92741938	protein-coding		WP_055162442.1	251	RBI15_RS11065
NZ_CP132968.1	2260381	2261727		minus	acetyl-CoA carboxylase biotin carboxylase subunit	accC	92741939	protein-coding		WP_008392669.1	448	RBI15_RS11070
NZ_CP132968.1	2261740	2262171		minus	acetyl-CoA carboxylase biotin carboxyl carrier protein	accB	92741940	protein-coding		WP_009264992.1	143	RBI15_RS11075
NZ_CP132968.1	2262189	2263193		minus	5-oxoprolinase subunit C family protein		92741941	protein-coding		WP_118303945.1	334	RBI15_RS11080
NZ_CP132968.1	2263197	2263925		minus	5-oxoprolinase subunit PxpB	pxpB	92741942	protein-coding		WP_055073296.1	242	RBI15_RS11085
NZ_CP132968.1	2264002	2265225		minus	NRAMP family divalent metal transporter		92741943	protein-coding		WP_008392665.1	407	RBI15_RS11090
NZ_CP132968.1	2265644	2266255		minus	response regulator		92741944	protein-coding		WP_288663824.1	203	RBI15_RS11095
NZ_CP132968.1	2266252	2268666		minus	ATP-binding protein		92741945	protein-coding		WP_306856350.1	804	RBI15_RS11100
NZ_CP132968.1	2268735	2269664		minus	alpha/beta hydrolase		92741946	protein-coding		WP_306856351.1	309	RBI15_RS11105
NZ_CP132968.1	2269770	2270549		plus	DUF6612 family protein		92741947	protein-coding		WP_306856352.1	259	RBI15_RS11110
NZ_CP132968.1	2270691	2271650		minus	sugar-binding transcriptional regulator		92741948	protein-coding		WP_055162390.1	319	RBI15_RS11115
NZ_CP132968.1	2271764	2272813		minus	hypothetical protein		92741949	protein-coding		WP_173727585.1	349	RBI15_RS11120
NZ_CP132968.1	2272829	2273932		minus	L-ascorbate 6-phosphate lactonase	ulaG	92741950	protein-coding		WP_173727587.1	367	RBI15_RS11125
NZ_CP132968.1	2273977	2274669		minus	L-ribulose-5-phosphate 4-epimerase		92741951	protein-coding		WP_055162424.1	230	RBI15_RS11130
NZ_CP132968.1	2274686	2275513		minus	Cof-type HAD-IIB family hydrolase		92741952	protein-coding		WP_055162396.1	275	RBI15_RS11135
NZ_CP132968.1	2275524	2276396		minus	L-ribulose-5-phosphate 3-epimerase		92741953	protein-coding		WP_055162399.1	290	RBI15_RS11140
NZ_CP132968.1	2276412	2276705		minus	PTS sugar transporter subunit IIB		92741954	protein-coding		WP_008392653.1	97	RBI15_RS11145
NZ_CP132968.1	2276770	2278209		minus	PTS ascorbate transporter subunit IIC		92741955	protein-coding		WP_173760587.1	479	RBI15_RS11150
NZ_CP132968.1	2278225	2278674		minus	PTS sugar transporter subunit IIA		92741956	protein-coding		WP_055162405.1	149	RBI15_RS11155
NZ_CP132968.1	2278984	2280456		minus	FGGY-family carbohydrate kinase		92741957	protein-coding		WP_173760585.1	490	RBI15_RS11160
NZ_CP132968.1	2280476	2281006		minus	hypothetical protein		92741958	protein-coding		WP_009265021.1	176	RBI15_RS11165
NZ_CP132968.1	2281003	2281254		minus	hypothetical protein		92741959	protein-coding		WP_008392647.1	83	RBI15_RS11170
NZ_CP132968.1	2281260	2282135		minus	RelA/SpoT domain-containing protein		92741960	protein-coding		WP_173760583.1	291	RBI15_RS11175
NZ_CP132968.1	2282164	2283402		minus	nucleotidyltransferase domain-containing protein		92741961	protein-coding		WP_195465753.1	412	RBI15_RS11180
NZ_CP132968.1	2283417	2284271		minus	hypothetical protein		92741962	protein-coding		WP_195465754.1	284	RBI15_RS11185
NZ_CP132968.1	2284290	2285162		minus	metallophosphoesterase		92741963	protein-coding		WP_243254094.1	290	RBI15_RS11190
NZ_CP132968.1	2285407	2286204		plus	hypothetical protein		92741964	protein-coding		WP_055162417.1	265	RBI15_RS11195
NZ_CP132968.1	2286857	2288224		minus	citrate/2-methylcitrate synthase		92741965	protein-coding		WP_173727596.1	455	RBI15_RS11200
NZ_CP132968.1	2288259	2289020		minus	amino acid ABC transporter ATP-binding protein		92741966	protein-coding		WP_022091039.1	253	RBI15_RS11205
NZ_CP132968.1	2289033	2289689		minus	amino acid ABC transporter permease		92741967	protein-coding		WP_173727598.1	218	RBI15_RS11210
NZ_CP132968.1	2289813	2290616		minus	amino acid ABC transporter substrate-binding protein		92741968	protein-coding		WP_306856353.1	267	RBI15_RS11215
NZ_CP132968.1	2290807	2292153		plus	N-acetylglucosaminidase		92741969	protein-coding		WP_215718384.1	448	RBI15_RS11220
NZ_CP132968.1	2292710	2294065		minus	sensor histidine kinase		92741970	protein-coding		WP_306856354.1	451	RBI15_RS11225
NZ_CP132968.1	2294062	2294742		minus	winged helix-turn-helix domain-containing protein		92741971	protein-coding		WP_055231956.1	226	RBI15_RS11230
NZ_CP132968.1	2294739	2295392		minus	phosphate signaling complex protein PhoU	phoU	92741972	protein-coding		WP_055231958.1	217	RBI15_RS11235
NZ_CP132968.1	2295398	2296150		minus	phosphate ABC transporter ATP-binding protein PstB	pstB	92741973	protein-coding		WP_008393288.1	250	RBI15_RS11240
NZ_CP132968.1	2296157	2297059		minus	phosphate ABC transporter permease PstA	pstA	92741974	protein-coding		WP_173727607.1	300	RBI15_RS11245
NZ_CP132968.1	2297061	2297909		minus	phosphate ABC transporter permease subunit PstC	pstC	92741975	protein-coding		WP_009265523.1	282	RBI15_RS11250
NZ_CP132968.1	2297942	2298826		minus	substrate-binding domain-containing protein		92741976	protein-coding		WP_330601200.1	294	RBI15_RS11255
NZ_CP132968.1	2299524	2300594		minus	FAD:protein FMN transferase		92741977	protein-coding		WP_306856355.1	356	RBI15_RS11260
NZ_CP132968.1	2300615	2301907		minus	hypothetical protein		92741978	protein-coding		WP_215718620.1	430	RBI15_RS11265
NZ_CP132968.1	2302050	2303312		minus	dihydroorotase		92741979	protein-coding		WP_306856356.1	420	RBI15_RS11270
NZ_CP132968.1	2303336	2303782		minus	hypothetical protein		92741980	protein-coding		WP_118352799.1	148	RBI15_RS11275
NZ_CP132968.1	2303855	2305996		minus	polyphosphate kinase 1	ppk1	92741981	protein-coding		WP_242855323.1	713	RBI15_RS11280
NZ_CP132968.1	2306075	2307463		minus	glycine--tRNA ligase		92741982	protein-coding		WP_008393279.1	462	RBI15_RS11285
NZ_CP132968.1	2307660	2307992		plus	helix-turn-helix domain-containing protein		92741983	protein-coding		WP_015530839.1	110	RBI15_RS11290
NZ_CP132968.1	2308069	2308791		minus	DNA repair protein RecO	recO	92741984	protein-coding		WP_008393277.1	240	RBI15_RS11295
NZ_CP132968.1	2308794	2309699		minus	GTPase Era	era	92741985	protein-coding		WP_173760158.1	301	RBI15_RS11300
NZ_CP132968.1	2309723	2312623		minus	insulinase family protein		92741986	protein-coding		WP_306856357.1	966	RBI15_RS11305
NZ_CP132968.1	2312776	2314014		minus	glycoside hydrolase family 25 protein		92741987	protein-coding		WP_306856358.1	412	RBI15_RS11310
NZ_CP132968.1	2314119	2314841		minus	RNA polymerase sporulation sigma factor SigE	sigE	92741988	protein-coding		WP_008393273.1	240	RBI15_RS11315
NZ_CP132968.1	2314841	2315680		minus	sigma-E processing peptidase SpoIIGA		92741989	protein-coding		WP_244090746.1	279	RBI15_RS11320
NZ_CP132968.1	2315804	2316289		plus	DNA-deoxyinosine glycosylase		92741990	protein-coding		WP_009265539.1	161	RBI15_RS11325
NZ_CP132968.1	2316271	2316945		minus	MBL fold metallo-hydrolase		92741991	protein-coding		WP_173727621.1	224	RBI15_RS11330
NZ_CP132968.1	2316942	2317847		minus	deoxyribonuclease IV		92741992	protein-coding		WP_009265540.1	301	RBI15_RS11335
NZ_CP132968.1	2318020	2318104		plus	tRNA-Leu		92741993	tRNA				RBI15_RS11340
NZ_CP132968.1	2318110	2318193		plus	tRNA-Leu		92741994	tRNA				RBI15_RS11345
NZ_CP132968.1	2318252	2318614		minus	helix-turn-helix domain-containing protein		92741995	protein-coding		WP_008393268.1	120	RBI15_RS11350
NZ_CP132968.1	2319072	2320715		plus	SulP family inorganic anion transporter		92741996	protein-coding		WP_306856359.1	547	RBI15_RS11355
NZ_CP132968.1	2320718	2321968		minus	amidohydrolase family protein		92741997	protein-coding		WP_416387421.1	416	RBI15_RS11360
NZ_CP132968.1	2322013	2322852		minus	purine-nucleoside phosphorylase		92741998	protein-coding		WP_306856361.1	279	RBI15_RS11365
NZ_CP132968.1	2323035	2323751		plus	LytR/AlgR family response regulator transcription factor		92741999	protein-coding		WP_173782589.1	238	RBI15_RS11370
NZ_CP132968.1	2323758	2325080		plus	sensor histidine kinase		92742000	protein-coding		WP_306856362.1	440	RBI15_RS11375
NZ_CP132968.1	2325090	2325446		minus	50S ribosomal protein L20	rplT	92742001	protein-coding		WP_008393261.1	118	RBI15_RS11380
NZ_CP132968.1	2325476	2325673		minus	50S ribosomal protein L35	rpmI	92742002	protein-coding		WP_008393260.1	65	RBI15_RS11385
NZ_CP132968.1	2325730	2326227		minus	translation initiation factor IF-3	infC	92742003	protein-coding		WP_009265545.1	165	RBI15_RS11390
NZ_CP132968.1	2326473	2327408		minus	Ig-like domain-containing protein		92742004	protein-coding		WP_306856363.1	311	RBI15_RS11395
NZ_CP132968.1	2327501	2328721		minus	Ig-like domain-containing protein		92742005	protein-coding		WP_306856364.1	406	RBI15_RS11400
NZ_CP132968.1	2328739	2329455		minus	CpsD/CapB family tyrosine-protein kinase		92742006	protein-coding		WP_306856365.1	238	RBI15_RS11405
NZ_CP132968.1	2329457	2330179		minus	YveK family protein		92742007	protein-coding		WP_008393255.1	240	RBI15_RS11410
NZ_CP132968.1	2330203	2330913		minus	CpsB/CapC family capsule biosynthesis tyrosine phosphatase		92742008	protein-coding		WP_156722864.1	236	RBI15_RS11415
NZ_CP132968.1	2331041	2332636		minus	peptide chain release factor 3		92742009	protein-coding		WP_306856366.1	531	RBI15_RS11420
NZ_CP132968.1	2332839	2333720		plus	aldose 1-epimerase family protein		92742010	protein-coding		WP_306856367.1	293	RBI15_RS11425
NZ_CP132968.1	2333830	2334747		plus	tRNA modification radical SAM protein MnmL/YtqA	mnmL	92742011	protein-coding		WP_306856369.1	305	RBI15_RS11430
NZ_CP132968.1	2334951	2337560		minus	DUF6273 domain-containing protein		92742012	protein-coding		WP_306856371.1	869	RBI15_RS11435
NZ_CP132968.1	2337575	2339272		minus	AAA family ATPase		92742013	protein-coding		WP_306856373.1	565	RBI15_RS11440
NZ_CP132968.1	2339296	2340648		minus	diguanylate cyclase		92742014	protein-coding		WP_173757826.1	450	RBI15_RS11445
NZ_CP132968.1	2340710	2340982		minus	DUF1294 domain-containing protein		92742015	protein-coding		WP_040344272.1	90	RBI15_RS11450
NZ_CP132968.1	2341009	2342358		minus	RNA-binding domain-containing protein		92742016	protein-coding		WP_306858420.1	449	RBI15_RS11455
NZ_CP132968.1	2342413	2343180		minus	hypothetical protein		92742017	protein-coding		WP_306856377.1	255	RBI15_RS11460
NZ_CP132968.1	2343538	2344950		minus	DUF6056 family protein		92742018	protein-coding		WP_055161463.1	470	RBI15_RS11465
NZ_CP132968.1	2345048	2346130		minus	glycosyltransferase family 2 protein		92742019	protein-coding		WP_306856379.1	360	RBI15_RS11470
NZ_CP132968.1	2346159	2347154		minus	glycosyltransferase family 2 protein		92742020	protein-coding		WP_055161468.1	331	RBI15_RS11475
NZ_CP132968.1	2347156	2348691		minus	oligosaccharide flippase family protein		92742021	protein-coding		WP_055161471.1	511	RBI15_RS11480
NZ_CP132968.1	2348701	2349717		minus	glycosyltransferase family 2 protein		92742022	protein-coding		WP_242854567.1	338	RBI15_RS11485
NZ_CP132968.1	2349662	2350666		minus	capsular polysaccharide synthesis protein		92742023	protein-coding		WP_055161474.1	334	RBI15_RS11490
NZ_CP132968.1	2350671	2351840		minus	glycosyltransferase 61 family protein		92742024	protein-coding		WP_055161477.1	389	RBI15_RS11495
NZ_CP132968.1	2351806	2352765		minus	glycosyltransferase family 2 protein		92742025	protein-coding		WP_055161480.1	319	RBI15_RS11500
NZ_CP132968.1	2352774	2353862		minus	polysaccharide pyruvyl transferase family protein		92742026	protein-coding		WP_055161483.1	362	RBI15_RS11505
NZ_CP132968.1	2353875	2354846		minus	glycosyltransferase family 2 protein		92742027	protein-coding		WP_055161486.1	323	RBI15_RS11510
NZ_CP132968.1	2354850	2355848		minus	glycosyltransferase family 2 protein		92742028	protein-coding		WP_055161489.1	332	RBI15_RS11515
NZ_CP132968.1	2355851	2356393		minus	acyltransferase		92742029	protein-coding		WP_055161492.1	180	RBI15_RS11520
NZ_CP132968.1	2356390	2357529		minus	glycosyltransferase		92742030	protein-coding		WP_055161495.1	379	RBI15_RS11525
NZ_CP132968.1	2357535	2358347		minus	glycosyltransferase		92742031	protein-coding		WP_055161498.1	270	RBI15_RS11530
NZ_CP132968.1	2358351	2359247		minus	beta-1,6-N-acetylglucosaminyltransferase		92742032	protein-coding		WP_055161501.1	298	RBI15_RS11535
NZ_CP132968.1	2359263	2360372		minus	EpsG family protein		92742033	protein-coding		WP_055161504.1	369	RBI15_RS11540
NZ_CP132968.1	2360391	2361485		minus	glycosyltransferase family 4 protein		92742034	protein-coding		WP_306856389.1	364	RBI15_RS11545
NZ_CP132968.1	2361475	2362143		minus	acetyltransferase		92742035	protein-coding		WP_306856391.1	222	RBI15_RS11550
NZ_CP132968.1	2362136	2364379		minus	sugar transferase		92742036	protein-coding		WP_306856393.1	747	RBI15_RS11555
NZ_CP132968.1	2364410	2365543		minus	DegT/DnrJ/EryC1/StrS family aminotransferase		92742037	protein-coding		WP_173782615.1	377	RBI15_RS11560
NZ_CP132968.1	2365561	2367437		minus	uncharacterized gene		92742038	pseudogene				RBI15_RS11565
NZ_CP132968.1	2367651	2369081		minus	adenylosuccinate lyase	purB	92742039	protein-coding		WP_040344282.1	476	RBI15_RS11570
NZ_CP132968.1	2369098	2370525		minus	amidophosphoribosyltransferase	purF	92742040	protein-coding		WP_118302742.1	475	RBI15_RS11575
NZ_CP132968.1	2370626	2371825		minus	glycoside hydrolase family 3 protein		92742041	protein-coding		WP_306856397.1	399	RBI15_RS11580
NZ_CP132968.1	2372308	2374443		minus	sensor histidine kinase		92742042	protein-coding		WP_306856399.1	711	RBI15_RS11585
NZ_CP132968.1	2374415	2375122		minus	response regulator transcription factor		92742043	protein-coding		WP_009203611.1	235	RBI15_RS11590
NZ_CP132968.1	2375514	2377265		plus	penicillin-binding Tp47 domain C-containing protein		92742044	protein-coding		WP_306856402.1	583	RBI15_RS11595
NZ_CP132968.1	2377613	2378413		minus	Cof-type HAD-IIB family hydrolase		92742045	protein-coding		WP_209291190.1	266	RBI15_RS11600
NZ_CP132968.1	2378538	2382431		minus	GH32 C-terminal domain-containing protein		92742046	protein-coding		WP_306856404.1	1297	RBI15_RS11605
NZ_CP132968.1	2382515	2382799		minus	hypothetical protein		92742047	protein-coding		WP_173757951.1	94	RBI15_RS11610
NZ_CP132968.1	2382815	2383651		minus	PTS system mannose/fructose/sorbose family transporter subunit IID		92742048	protein-coding		WP_009265455.1	278	RBI15_RS11615
NZ_CP132968.1	2383653	2384507		minus	PTS mannose/fructose/sorbose/N-acetylgalactosamine transporter subunit IIC		92742049	protein-coding		WP_008390531.1	284	RBI15_RS11620
NZ_CP132968.1	2384534	2385031		minus	PTS sugar transporter subunit IIB		92742050	protein-coding		WP_009203606.1	165	RBI15_RS11625
NZ_CP132968.1	2385052	2385486		minus	PTS sugar transporter subunit IIA		92742051	protein-coding		WP_008390535.1	144	RBI15_RS11630
NZ_CP132968.1	2385648	2386967		minus	ABC transporter substrate-binding protein		92742052	protein-coding		WP_306856410.1	439	RBI15_RS11635
NZ_CP132968.1	2386968	2387636		minus	response regulator transcription factor		92742053	protein-coding		WP_009203604.1	222	RBI15_RS11640
NZ_CP132968.1	2387633	2388955		minus	sensor histidine kinase		92742054	protein-coding		WP_008390541.1	440	RBI15_RS11645
NZ_CP132968.1	2388968	2389948		minus	sugar ABC transporter substrate-binding protein		92742055	protein-coding		WP_306856413.1	326	RBI15_RS11650
NZ_CP132968.1	2390049	2391947		minus	NAD(+) synthase		92742056	protein-coding		WP_306856414.1	632	RBI15_RS11655
NZ_CP132968.1	2392018	2393091		minus	peptide chain release factor 1	prfA	92742057	protein-coding		WP_009265461.1	357	RBI15_RS11660
NZ_CP132968.1	2393093	2393944		minus	peptide chain release factor N(5)-glutamine methyltransferase	prmC	92742058	protein-coding		WP_044923930.1	283	RBI15_RS11665
NZ_CP132968.1	2393937	2394884		minus	DUF1385 domain-containing protein		92742059	protein-coding		WP_306856418.1	315	RBI15_RS11670
NZ_CP132968.1	2394990	2395190		minus	50S ribosomal protein L31	rpmE	92742060	protein-coding		WP_008390552.1	66	RBI15_RS11675
NZ_CP132968.1	2395321	2396688		minus	transcription termination factor Rho	rho	92742061	protein-coding		WP_015530809.1	455	RBI15_RS11680
NZ_CP132968.1	2396779	2397504		minus	SigF/SigG family RNA polymerase sporulation sigma factor		92742062	protein-coding		WP_009203597.1	241	RBI15_RS11685
NZ_CP132968.1	2397497	2397925		minus	anti-sigma F factor	spoIIAB	92742063	protein-coding		WP_008390559.1	142	RBI15_RS11690
NZ_CP132968.1	2397945	2398304		minus	STAS domain-containing protein		92742064	protein-coding		WP_008390562.1	119	RBI15_RS11695
NZ_CP132968.1	2398408	2399607		minus	tetratricopeptide repeat protein		92742065	protein-coding		WP_173760185.1	399	RBI15_RS11700
NZ_CP132968.1	2399594	2400859		minus	bifunctional folylpolyglutamate synthase/dihydrofolate synthase		92742066	protein-coding		WP_022091987.1	421	RBI15_RS11705
NZ_CP132968.1	2400853	2401647		minus	Cof-type HAD-IIB family hydrolase		92742067	protein-coding		WP_022091986.1	264	RBI15_RS11710
NZ_CP132968.1	2401729	2402646		minus	homoserine O-acetyltransferase MetA	metA	92742068	protein-coding		WP_009203593.1	305	RBI15_RS11715
NZ_CP132968.1	2402756	2404693		minus	NAD-dependent DNA ligase LigA	ligA	92742069	protein-coding		WP_055072693.1	645	RBI15_RS11720
NZ_CP132968.1	2404704	2405438		minus	pseudouridine synthase		92742070	protein-coding		WP_009265473.1	244	RBI15_RS11725
NZ_CP132968.1	2405441	2407030		minus	MBL fold metallo-hydrolase RNA specificity domain-containing protein		92742071	protein-coding		WP_055072658.1	529	RBI15_RS11730
NZ_CP132968.1	2407034	2408224		minus	GNAT family N-acetyltransferase		92742072	protein-coding		WP_055072659.1	396	RBI15_RS11735
NZ_CP132968.1	2408211	2408687		minus	2-C-methyl-D-erythritol 2,4-cyclodiphosphate synthase	ispF	92742073	protein-coding		WP_173782502.1	158	RBI15_RS11740
NZ_CP132968.1	2408795	2408868		minus	tRNA-Met		92742074	tRNA				RBI15_RS11745
NZ_CP132968.1	2408906	2408978		minus	tRNA-Val		92742075	tRNA				RBI15_RS11750
NZ_CP132968.1	2409157	2415618		minus	SpaA isopeptide-forming pilin-related protein		92742076	protein-coding		WP_306858423.1	2153	RBI15_RS11755
NZ_CP132968.1	2415645	2417162		minus	InlB B-repeat-containing protein		92742077	protein-coding		WP_306856430.1	505	RBI15_RS11760
NZ_CP132968.1	2417186	2417893		minus	class C sortase		92742078	protein-coding		WP_173757943.1	235	RBI15_RS11765
NZ_CP132968.1	2417890	2418744		minus	class C sortase		92742079	protein-coding		WP_215718577.1	284	RBI15_RS11770
NZ_CP132968.1	2418746	2420704		minus	SpaH/EbpB family LPXTG-anchored major pilin		92742080	protein-coding		WP_306856434.1	652	RBI15_RS11775
NZ_CP132968.1	2420800	2422095		minus	C39 family peptidase		92742081	protein-coding		WP_008390591.1	431	RBI15_RS11780
NZ_CP132968.1	2422203	2423033		minus	Cof-type HAD-IIB family hydrolase		92742082	protein-coding		WP_044922245.1	276	RBI15_RS11785
NZ_CP132968.1	2423035	2424762		minus	single-stranded-DNA-specific exonuclease RecJ	recJ	92742083	protein-coding		WP_149883711.1	575	RBI15_RS11790
NZ_CP132968.1	2424827	2427121		minus	protein translocase subunit SecDF		92742084	protein-coding		WP_055232048.1	764	RBI15_RS11795
NZ_CP132968.1	2427108	2428484		minus	thioether cross-link-forming SCIFF peptide maturase	scfB	92742085	protein-coding		WP_009203581.1	458	RBI15_RS11800
NZ_CP132968.1	2428580	2428723		minus	six-cysteine ranthipeptide SCIFF	scfA	92742086	protein-coding		WP_009203580.1	47	RBI15_RS11805
NZ_CP132968.1	2428780	2429145		minus	TIGR04086 family membrane protein		92742087	protein-coding		WP_055161686.1	121	RBI15_RS11810
NZ_CP132968.1	2429243	2430070		plus	PHP domain-containing protein		92742088	protein-coding		WP_306856439.1	275	RBI15_RS11815
NZ_CP132968.1	2430151	2430444		minus	preprotein translocase subunit YajC	yajC	92742089	protein-coding		WP_008390602.1	97	RBI15_RS11820
NZ_CP132968.1	2430471	2431598		minus	tRNA guanosine(34) transglycosylase Tgt	tgt	92742090	protein-coding		WP_008390603.1	375	RBI15_RS11825
NZ_CP132968.1	2431601	2432701		minus	chorismate synthase	aroC	92742091	protein-coding		WP_009265489.1	366	RBI15_RS11830
NZ_CP132968.1	2432714	2433421		minus	S1 RNA-binding domain-containing protein		92742092	protein-coding		WP_008390605.1	235	RBI15_RS11835
NZ_CP132968.1	2433480	2435585		minus	Ig-like domain-containing protein		92742093	protein-coding		WP_306856444.1	701	RBI15_RS11840
NZ_CP132968.1	2435582	2437177		minus	serine/threonine-protein kinase		92742094	protein-coding		WP_306856446.1	531	RBI15_RS11845
NZ_CP132968.1	2437087	2437848		minus	PP2C family protein-serine/threonine phosphatase		92742095	protein-coding		WP_306856448.1	253	RBI15_RS11850
NZ_CP132968.1	2437931	2438248		minus	hypothetical protein		92742096	protein-coding		WP_009203573.1	105	RBI15_RS11855
NZ_CP132968.1	2438324	2442034		minus	LPXTG cell wall anchor domain-containing protein		92742097	protein-coding		WP_156724115.1	1236	RBI15_RS11860
NZ_CP132968.1	2442530	2444020		minus	threonine synthase	thrC	92742098	protein-coding		WP_306856451.1	496	RBI15_RS11865
NZ_CP132968.1	2444121	2445257		minus	M20 metallopeptidase family protein		92742099	protein-coding		WP_055072676.1	378	RBI15_RS11870
NZ_CP132968.1	2445280	2445738		minus	DUF1700 domain-containing protein		92742100	protein-coding		WP_306856455.1	152	RBI15_RS11875
NZ_CP132968.1	2445742	2446371		minus	histidine phosphatase family protein		92742101	protein-coding		WP_008390615.1	209	RBI15_RS11880
NZ_CP132968.1	2446529	2446921		plus	thioesterase family protein		92742102	protein-coding		WP_022091035.1	130	RBI15_RS11885
NZ_CP132968.1	2446985	2447602		minus	ECF transporter S component		92742103	protein-coding		WP_009204631.1	205	RBI15_RS11890
NZ_CP132968.1	2448091	2449119		plus	3-deoxy-7-phosphoheptulonate synthase		92742104	protein-coding		WP_306856458.1	342	RBI15_RS11895
NZ_CP132968.1	2449143	2449706		minus	hypothetical protein		92742105	protein-coding		WP_008390620.1	187	RBI15_RS11900
NZ_CP132968.1	2449775	2450305		minus	NUDIX hydrolase		92742106	protein-coding		WP_008390621.1	176	RBI15_RS11905
NZ_CP132968.1	2450384	2451931		minus	ribonuclease Y	rny	92742107	protein-coding		WP_008390622.1	515	RBI15_RS11910
NZ_CP132968.1	2452001	2453317		minus	alpha-amylase family glycosyl hydrolase		92742108	protein-coding		WP_008390623.1	438	RBI15_RS11915
NZ_CP132968.1	2453336	2456545		minus	FtsX-like permease family protein		92742109	protein-coding		WP_306856461.1	1069	RBI15_RS11920
NZ_CP132968.1	2456555	2457256		minus	ABC transporter ATP-binding protein		92742110	protein-coding		WP_040344614.1	233	RBI15_RS11925
NZ_CP132968.1	2457314	2457487		minus	DUF4250 domain-containing protein		92742111	protein-coding		WP_008390627.1	57	RBI15_RS11930
NZ_CP132968.1	2457512	2458363		minus	DUF6574 domain-containing protein		92742112	protein-coding		WP_306856464.1	283	RBI15_RS11935
NZ_CP132968.1	2458327	2459523		minus	zinc-ribbon domain-containing protein		92742113	protein-coding		WP_209291583.1	398	RBI15_RS11940
NZ_CP132968.1	2459543	2460151		minus	YARHG domain-containing protein		92742114	protein-coding		WP_209291584.1	202	RBI15_RS11945
NZ_CP132968.1	2460138	2460989		minus	N-acetylmuramoyl-L-alanine amidase family protein		92742115	protein-coding		WP_245193633.1	283	RBI15_RS11950
NZ_CP132968.1	2461027	2461572		minus	beta-class carbonic anhydrase		92742116	protein-coding		WP_008390636.1	181	RBI15_RS11955
NZ_CP132968.1	2461585	2462067		minus	Cys-tRNA(Pro) deacylase	ybaK	92742117	protein-coding		WP_008390637.1	160	RBI15_RS11960
NZ_CP132968.1	2462134	2462520		minus	hypothetical protein		92742118	protein-coding		WP_226799404.1	128	RBI15_RS11965
NZ_CP132968.1	2462625	2463884		plus	peptidoglycan-binding domain-containing protein		92742119	protein-coding		WP_055160908.1	419	RBI15_RS11970
NZ_CP132968.1	2463948	2465342		minus	PD-(D/E)XK nuclease domain-containing protein		92742120	protein-coding		WP_306856472.1	464	RBI15_RS11975
NZ_CP132968.1	2465345	2466049		minus	M15 family metallopeptidase		92742121	protein-coding		WP_306856474.1	234	RBI15_RS11980
NZ_CP132968.1	2466334	2467509		minus	RNA-guided endonuclease InsQ/TnpB family protein		92742122	protein-coding		WP_306856476.1	391	RBI15_RS11985
NZ_CP132968.1	2467472	2467880		minus	uncharacterized gene		98633744	pseudogene				RBI15_RS14640
NZ_CP132968.1	2468162	2468647		minus	dihydrofolate reductase		92742124	protein-coding		WP_008390643.1	161	RBI15_RS11995
NZ_CP132968.1	2468663	2469511		minus	thymidylate synthase	thyA	92742125	protein-coding		WP_044922290.1	282	RBI15_RS12000
NZ_CP132968.1	2469508	2470653		minus	AI-2E family transporter		92742126	protein-coding		WP_044922292.1	381	RBI15_RS12005
NZ_CP132968.1	2470743	2471624		minus	DUF5688 family protein		92742127	protein-coding		WP_009265331.1	293	RBI15_RS12010
NZ_CP132968.1	2471792	2472847		minus	histidinol-phosphate transaminase	hisC	92742128	protein-coding		WP_044922294.1	351	RBI15_RS12015
NZ_CP132968.1	2472874	2474064		minus	pyridoxal phosphate-dependent aminotransferase		92742129	protein-coding		WP_044922297.1	396	RBI15_RS12020
NZ_CP132968.1	2474178	2474966		minus	tryptophan synthase subunit alpha	trpA	92742130	protein-coding		WP_270426556.1	262	RBI15_RS12025
NZ_CP132968.1	2474956	2476146		minus	tryptophan synthase subunit beta	trpB	92742131	protein-coding		WP_009204007.1	396	RBI15_RS12030
NZ_CP132968.1	2476139	2476798		minus	phosphoribosylanthranilate isomerase		92742132	protein-coding		WP_156724101.1	219	RBI15_RS12035
NZ_CP132968.1	2476795	2477574		minus	indole-3-glycerol phosphate synthase TrpC	trpC	92742133	protein-coding		WP_306856480.1	259	RBI15_RS12040
NZ_CP132968.1	2477587	2479230		minus	bifunctional anthranilate synthase component II/anthranilate phosphoribosyltransferase		92742134	protein-coding		WP_156724097.1	547	RBI15_RS12045
NZ_CP132968.1	2479227	2480684		minus	anthranilate synthase component I	trpE	92742135	protein-coding		WP_156724094.1	485	RBI15_RS12050
NZ_CP132968.1	2481349	2482275		minus	site-specific integrase		92742136	protein-coding		WP_055257905.1	308	RBI15_RS12055
NZ_CP132968.1	2482334	2485312		minus	type I restriction endonuclease subunit R		92742137	protein-coding		WP_055257907.1	992	RBI15_RS12060
NZ_CP132968.1	2485453	2485908		minus	uncharacterized gene		92742138	pseudogene				RBI15_RS12065
NZ_CP132968.1	2485982	2486455		minus	NADAR family protein		92742139	protein-coding		WP_055259958.1	157	RBI15_RS12070
NZ_CP132968.1	2486455	2486871		minus	hypothetical protein		92742140	protein-coding		WP_055259960.1	138	RBI15_RS12075
NZ_CP132968.1	2486884	2487531		minus	DUF3990 domain-containing protein		92742141	protein-coding		WP_055259962.1	215	RBI15_RS12080
NZ_CP132968.1	2487549	2488736		minus	restriction endonuclease subunit S		92742142	protein-coding		WP_306856484.1	395	RBI15_RS12085
NZ_CP132968.1	2488742	2490340		minus	type I restriction-modification system subunit M		92742143	protein-coding		WP_055198467.1	532	RBI15_RS12090
NZ_CP132968.1	2490634	2491122		plus	restriction endonuclease subunit S		92742144	protein-coding		WP_306858428.1	162	RBI15_RS12095
NZ_CP132968.1	2491199	2492404		plus	IS256 family transposase		92742145	protein-coding		WP_172622410.1	401	RBI15_RS12100
NZ_CP132968.1	2492689	2492838		minus	hypothetical protein		92742146	protein-coding		WP_155511785.1	49	RBI15_RS12105
NZ_CP132968.1	2492935	2493408		minus	PD-(D/E)XK nuclease family transposase		92742147	protein-coding		WP_306858431.1	157	RBI15_RS12110
NZ_CP132968.1	2493563	2495533		minus	YhgE/Pip domain-containing protein		92742148	protein-coding		WP_306856487.1	656	RBI15_RS12115
NZ_CP132968.1	2495547	2497616		minus	efflux RND transporter permease subunit		92742149	protein-coding		WP_040344394.1	689	RBI15_RS12120
NZ_CP132968.1	2497770	2498369		plus	TetR/AcrR family transcriptional regulator		92742150	protein-coding		WP_156722415.1	199	RBI15_RS12125
NZ_CP132968.1	2498583	2498901		minus	uncharacterized gene		98633745	pseudogene				RBI15_RS14645
NZ_CP132968.1	2499231	2500517		minus	homoserine dehydrogenase		92742153	protein-coding		WP_009203997.1	428	RBI15_RS12140
NZ_CP132968.1	2500805	2501197		plus	ArsR/SmtB family transcription factor		92742154	protein-coding		WP_156722413.1	130	RBI15_RS12145
NZ_CP132968.1	2501181	2503793		plus	heavy metal translocating P-type ATPase		92742155	protein-coding		WP_306856495.1	870	RBI15_RS12150
NZ_CP132968.1	2504473	2505729		minus	alcohol dehydrogenase catalytic domain-containing protein		92742156	protein-coding		WP_055232140.1	418	RBI15_RS12155
NZ_CP132968.1	2505860	2506972		minus	YibE/F family protein		92742157	protein-coding		WP_009204638.1	370	RBI15_RS12160
NZ_CP132968.1	2506975	2509140		minus	purple acid phosphatase family protein		92742158	protein-coding		WP_226799574.1	721	RBI15_RS12165
NZ_CP132968.1	2509308	2510915		minus	CTP synthase		92742159	protein-coding		WP_055160871.1	535	RBI15_RS12170
NZ_CP132968.1	2511303	2512709		minus	hypothetical protein		92742160	protein-coding		WP_306856499.1	468	RBI15_RS12175
NZ_CP132968.1	2512709	2513758		minus	hypothetical protein		92742161	protein-coding		WP_173728210.1	349	RBI15_RS12180
NZ_CP132968.1	2513742	2514830		minus	hypothetical protein		92742162	protein-coding		WP_306856501.1	362	RBI15_RS12185
NZ_CP132968.1	2514847	2515719		minus	ABC transporter ATP-binding protein		92742163	protein-coding		WP_009204643.1	290	RBI15_RS12190
NZ_CP132968.1	2515723	2516100		minus	GntR family transcriptional regulator		92742164	protein-coding		WP_008390687.1	125	RBI15_RS12195
NZ_CP132968.1	2516352	2516990		minus	dihydroxyacetone kinase subunit DhaL	dhaL	92742165	protein-coding		WP_009265351.1	212	RBI15_RS12200
NZ_CP132968.1	2517131	2518129		minus	dihydroxyacetone kinase subunit DhaK		92742166	protein-coding		WP_009265352.1	332	RBI15_RS12205
NZ_CP132968.1	2518148	2519005		minus	sugar phosphate isomerase/epimerase family protein		92742167	protein-coding		WP_306856507.1	285	RBI15_RS12210
NZ_CP132968.1	2519018	2519470		minus	ribose 5-phosphate isomerase B	rpiB	92742168	protein-coding		WP_008390693.1	150	RBI15_RS12215
NZ_CP132968.1	2519518	2520291		minus	HAD-IIB family hydrolase		92742169	protein-coding		WP_008390695.1	257	RBI15_RS12220
NZ_CP132968.1	2520336	2520998		minus	HAD family hydrolase		92742170	protein-coding		WP_008390697.1	220	RBI15_RS12225
NZ_CP132968.1	2521069	2521983		minus	cupin domain-containing protein		92742171	protein-coding		WP_008390699.1	304	RBI15_RS12230
NZ_CP132968.1	2522021	2523055		minus	PTS fructose transporter subunit IIC		92742172	protein-coding		WP_118303247.1	344	RBI15_RS12235
NZ_CP132968.1	2523101	2523400		minus	PTS fructose transporter subunit IIB		92742173	protein-coding		WP_008390703.1	99	RBI15_RS12240
NZ_CP132968.1	2523422	2523895		minus	PTS sugar transporter subunit IIA		92742174	protein-coding		WP_118303249.1	157	RBI15_RS12245
NZ_CP132968.1	2523923	2524804		minus	class II fructose-bisphosphate aldolase		92742175	protein-coding		WP_118303251.1	293	RBI15_RS12250
NZ_CP132968.1	2524847	2526802		minus	BglG family transcription antiterminator		92742176	protein-coding		WP_173776696.1	651	RBI15_RS12255
NZ_CP132968.1	2527088	2527759		minus	C40 family peptidase		92742177	protein-coding		WP_009204647.1	223	RBI15_RS12260
NZ_CP132968.1	2527949	2528022		minus	tRNA-Arg		92742178	tRNA				RBI15_RS12265
NZ_CP132968.1	2528070	2528155		minus	tRNA-Leu		92742179	tRNA				RBI15_RS12270
NZ_CP132968.1	2528187	2528259		minus	tRNA-Val		92742180	tRNA				RBI15_RS12275
NZ_CP132968.1	2528286	2528359		minus	tRNA-Asp		92742181	tRNA				RBI15_RS12280
NZ_CP132968.1	2528384	2528457		minus	tRNA-Ile		92742182	tRNA				RBI15_RS12285
NZ_CP132968.1	2528464	2528536		minus	tRNA-Thr		92742183	tRNA				RBI15_RS12290
NZ_CP132968.1	2528571	2528642		minus	tRNA-Glu		92742184	tRNA				RBI15_RS12295
NZ_CP132968.1	2528690	2528762		minus	tRNA-Asn		92742185	tRNA				RBI15_RS12300
NZ_CP132968.1	2528849	2531736		minus	23S ribosomal RNA		92742186	rRNA				RBI15_RS12305
NZ_CP132968.1	2531963	2532036		minus	tRNA-Ile		92742187	tRNA				RBI15_RS12310
NZ_CP132968.1	2532097	2532169		minus	tRNA-Ala		92742188	tRNA				RBI15_RS12315
NZ_CP132968.1	2532174	2532291		minus	5S ribosomal RNA	rrf	92742189	rRNA				RBI15_RS12320
NZ_CP132968.1	2532354	2533886		minus	16S ribosomal RNA		92742190	rRNA				RBI15_RS12325
NZ_CP132968.1	2534223	2534311		minus	tRNA-Ser		92742191	tRNA				RBI15_RS12330
NZ_CP132968.1	2534341	2534426		minus	tRNA-Ser		92742192	tRNA				RBI15_RS12335
NZ_CP132968.1	2534526	2535314		minus	2-C-methyl-D-erythritol 4-phosphate cytidylyltransferase	ispD	92742193	protein-coding		WP_008391739.1	262	RBI15_RS12340
NZ_CP132968.1	2535319	2536347		minus	tRNA (adenosine(37)-N6)-threonylcarbamoyltransferase complex transferase subunit TsaD	tsaD	92742194	protein-coding		WP_022092063.1	342	RBI15_RS12345
NZ_CP132968.1	2536357	2537271		minus	ribonuclease Z		92742195	protein-coding		WP_008391736.1	304	RBI15_RS12350
NZ_CP132968.1	2537282	2538016		minus	ribosomal protein S18-alanine N-acetyltransferase	rimI	92742196	protein-coding		WP_306856520.1	244	RBI15_RS12355
NZ_CP132968.1	2538003	2538713		minus	tRNA (adenosine(37)-N6)-threonylcarbamoyltransferase complex dimerization subunit type 1 TsaB	tsaB	92742197	protein-coding		WP_306856522.1	236	RBI15_RS12360
NZ_CP132968.1	2538714	2539139		minus	tRNA (adenosine(37)-N6)-threonylcarbamoyltransferase complex ATPase subunit type 1 TsaE	tsaE	92742198	protein-coding		WP_008391733.1	141	RBI15_RS12365
NZ_CP132968.1	2539143	2539778		minus	YcxB family protein		92742199	protein-coding		WP_306856525.1	211	RBI15_RS12370
NZ_CP132968.1	2539901	2540443		plus	stage V sporulation T C-terminal domain-containing protein		92742200	protein-coding		WP_306856527.1	180	RBI15_RS12375
NZ_CP132968.1	2540514	2541443		minus	glycyl-radical enzyme activating protein		92742201	protein-coding		WP_306856529.1	309	RBI15_RS12380
NZ_CP132968.1	2541430	2543784		minus	glycyl radical protein		92742202	protein-coding		WP_306856531.1	784	RBI15_RS12385
NZ_CP132968.1	2543940	2544707		minus	DeoR/GlpR family DNA-binding transcription regulator		92742203	protein-coding		WP_055162196.1	255	RBI15_RS12390
NZ_CP132968.1	2544764	2545456		minus	PTS sugar transporter subunit IIA		92742204	protein-coding		WP_306856534.1	230	RBI15_RS12395
NZ_CP132968.1	2545441	2546355		minus	BglG family transcription antiterminator		92742205	protein-coding		WP_306856536.1	304	RBI15_RS12400
NZ_CP132968.1	2546544	2547155		minus	class I SAM-dependent methyltransferase		92742206	protein-coding		WP_306856538.1	203	RBI15_RS12405
NZ_CP132968.1	2547209	2550034		minus	excinuclease ABC subunit UvrA	uvrA	92742207	protein-coding		WP_306856540.1	941	RBI15_RS12410
NZ_CP132968.1	2550083	2552071		minus	excinuclease ABC subunit UvrB	uvrB	92742208	protein-coding		WP_306856542.1	662	RBI15_RS12415
NZ_CP132968.1	2552224	2552619		minus	VOC family protein		92742209	protein-coding		WP_044923637.1	131	RBI15_RS12420
NZ_CP132968.1	2552668	2553642		minus	cysteine desulfurase family protein		92742210	protein-coding		WP_306856545.1	324	RBI15_RS12425
NZ_CP132968.1	2553832	2554971		minus	S41 family peptidase		92742211	protein-coding		WP_306856547.1	379	RBI15_RS12430
NZ_CP132968.1	2555004	2556233		minus	murein hydrolase activator EnvC family protein		92742212	protein-coding		WP_118303931.1	409	RBI15_RS12435
NZ_CP132968.1	2556246	2557154		minus	permease-like cell division protein FtsX	ftsX	92742213	protein-coding		WP_118303933.1	302	RBI15_RS12440
NZ_CP132968.1	2557144	2557824		minus	cell division ATP-binding protein FtsE	ftsE	92742214	protein-coding		WP_055232688.1	226	RBI15_RS12445
NZ_CP132968.1	2557831	2558916		minus	PucR family transcriptional regulator		92742215	protein-coding		WP_008391707.1	361	RBI15_RS12450
NZ_CP132968.1	2559172	2560434		minus	LCP family protein		92742216	protein-coding		WP_015530306.1	420	RBI15_RS12455
NZ_CP132968.1	2560623	2561348		plus	elongation factor P 5-aminopentanone reductase	ymfI	92742217	protein-coding		WP_008391704.1	241	RBI15_RS12460
NZ_CP132968.1	2561987	2564128		minus	Tex family protein		92742218	protein-coding		WP_173758055.1	713	RBI15_RS12465
NZ_CP132968.1	2564138	2564617		minus	deoxycytidylate deaminase		92742219	protein-coding		WP_008391870.1	159	RBI15_RS12470
NZ_CP132968.1	2565307	2566509		minus	aspartate kinase		92742220	protein-coding		WP_008393293.1	400	RBI15_RS12475
NZ_CP132968.1	2566535	2567734		minus	cofactor-independent phosphoglycerate mutase		92742221	protein-coding		WP_008393294.1	399	RBI15_RS12480
NZ_CP132968.1	2567772	2568212		minus	ACT domain-containing protein		92742222	protein-coding		WP_015530304.1	146	RBI15_RS12485
NZ_CP132968.1	2568341	2569462		minus	peptide chain release factor 2	prfB	92742223	protein-coding		WP_008393296.1	373	RBI15_RS12490
NZ_CP132968.1	2569477	2572047		minus	preprotein translocase subunit SecA	secA	92742224	protein-coding		WP_009203141.1	856	RBI15_RS12495
NZ_CP132968.1	2572285	2572815		minus	ribosome hibernation-promoting factor, HPF/YfiA family	hpf	92742225	protein-coding		WP_009264099.1	176	RBI15_RS12500
NZ_CP132968.1	2573182	2574102		minus	thioredoxin-disulfide reductase	trxB	92742226	protein-coding		WP_156723145.1	306	RBI15_RS12505
NZ_CP132968.1	2574135	2575940		minus	1,4-alpha-glucan branching protein GlgB	glgB	92742227	protein-coding		WP_244091282.1	601	RBI15_RS12510
NZ_CP132968.1	2576108	2576683		plus	TetR/AcrR family transcriptional regulator		92742228	protein-coding		WP_226816121.1	191	RBI15_RS12515
NZ_CP132968.1	2576773	2577420		minus	chloramphenicol acetyltransferase		92742229	protein-coding		WP_008393320.1	215	RBI15_RS12520
NZ_CP132968.1	2577451	2578323		minus	pyridoxamine kinase		92742230	protein-coding		WP_008393322.1	290	RBI15_RS12525
NZ_CP132968.1	2578357	2579283		minus	radical SAM protein		92742231	protein-coding		WP_009264103.1	308	RBI15_RS12530
NZ_CP132968.1	2579461	2580426		plus	D-2-hydroxyacid dehydrogenase		92742232	protein-coding		WP_009203145.1	321	RBI15_RS12535
NZ_CP132968.1	2580837	2581997		minus	FprA family A-type flavoprotein		92742233	protein-coding		WP_015530299.1	386	RBI15_RS12540
NZ_CP132968.1	2582194	2583639		minus	4Fe-4S dicluster domain-containing protein		92742234	protein-coding		WP_009203745.1	481	RBI15_RS12545
NZ_CP132968.1	2584001	2585107		plus	5-methyltetrahydropteroyltriglutamate--homocysteine S-methyltransferase		92742235	protein-coding		WP_173757974.1	368	RBI15_RS12550
NZ_CP132968.1	2585296	2585604		minus	nucleotidyltransferase family protein		92742236	protein-coding		WP_156723147.1	102	RBI15_RS12555
NZ_CP132968.1	2585770	2587068		minus	phosphopyruvate hydratase	eno	92742237	protein-coding		WP_156723149.1	432	RBI15_RS12560
NZ_CP132968.1	2587299	2589278		minus	leucine-rich repeat protein		92742238	protein-coding		WP_156723152.1	659	RBI15_RS12565
NZ_CP132968.1	2589593	2589754		minus	hypothetical protein		92742608	protein-coding		WP_015530294.1	53	RBI15_RS14485
NZ_CP132968.1	2589819	2589905		minus	uncharacterized gene		92742625	pseudogene				RBI15_RS14590
NZ_CP132968.1	2589944	2590096		minus	hypothetical protein		92742239	protein-coding		WP_009203737.1	50	RBI15_RS12575
NZ_CP132968.1	2590521	2591219		minus	PucR family transcriptional regulator		92742240	protein-coding		WP_173757976.1	232	RBI15_RS12580
NZ_CP132968.1	2591457	2592137		minus	hypothetical protein		92742241	protein-coding		WP_306856569.1	226	RBI15_RS12585
NZ_CP132968.1	2592149	2592955		minus	SH3 domain-containing protein		92742242	protein-coding		WP_055287294.1	268	RBI15_RS12590
NZ_CP132968.1	2592952	2593326		minus	hypothetical protein		92742243	protein-coding		WP_306856572.1	124	RBI15_RS12595
NZ_CP132968.1	2593301	2593675		minus	hypothetical protein		92742244	protein-coding		WP_055287289.1	124	RBI15_RS12600
NZ_CP132968.1	2593672	2594025		minus	hypothetical protein		92742245	protein-coding		WP_226972216.1	117	RBI15_RS12605
NZ_CP132968.1	2594077	2594382		minus	hypothetical protein		92742246	protein-coding		WP_055287287.1	101	RBI15_RS12610
NZ_CP132968.1	2594372	2594617		minus	hypothetical protein		92742247	protein-coding		WP_101874790.1	81	RBI15_RS12615
NZ_CP132968.1	2594614	2594766		minus	XkdX family protein		92742248	protein-coding		WP_082426029.1	50	RBI15_RS12620
NZ_CP132968.1	2594768	2594956		minus	hypothetical protein		92742249	protein-coding		WP_147604221.1	62	RBI15_RS12625
NZ_CP132968.1	2595003	2596388		minus	RNA-directed DNA polymerase		92742250	protein-coding		WP_070098700.1	461	RBI15_RS12630
NZ_CP132968.1	2596753	2598048		minus	hypothetical protein		92742251	protein-coding		WP_306856577.1	431	RBI15_RS12635
NZ_CP132968.1	2598052	2598483		minus	alanine-zipper protein		92742252	protein-coding		WP_055287276.1	143	RBI15_RS12640
NZ_CP132968.1	2598574	2599635		minus	BppU family phage baseplate upper protein		92742253	protein-coding		WP_055287274.1	353	RBI15_RS12645
NZ_CP132968.1	2599664	2599960		minus	hypothetical protein		92742254	protein-coding		WP_055287272.1	98	RBI15_RS12650
NZ_CP132968.1	2599963	2600193		minus	hypothetical protein		92742255	protein-coding		WP_147344782.1	76	RBI15_RS12655
NZ_CP132968.1	2600210	2602480		minus	phage tail protein		92742256	protein-coding		WP_306856578.1	756	RBI15_RS12660
NZ_CP132968.1	2602493	2603191		minus	phage distal tail protein		92742257	protein-coding		WP_055287266.1	232	RBI15_RS12665
NZ_CP132968.1	2603201	2606566		minus	phage tail tape measure protein		92742258	protein-coding		WP_306856579.1	1121	RBI15_RS12670
NZ_CP132968.1	2606583	2606984		minus	hypothetical protein		92742259	protein-coding		WP_242854930.1	133	RBI15_RS12675
NZ_CP132968.1	2607107	2607424		minus	phage tail assembly chaperone G	gpG	92742260	protein-coding		WP_055287262.1	105	RBI15_RS12680
NZ_CP132968.1	2607454	2608089		minus	major tail protein		92742261	protein-coding		WP_055287260.1	211	RBI15_RS12685
NZ_CP132968.1	2608092	2608454		minus	hypothetical protein		92742262	protein-coding		WP_055287258.1	120	RBI15_RS12690
NZ_CP132968.1	2608464	2608913		minus	HK97-gp10 family putative phage morphogenesis protein		92742263	protein-coding		WP_055287256.1	149	RBI15_RS12695
NZ_CP132968.1	2608943	2609260		minus	phage head closure protein		92742264	protein-coding		WP_055287254.1	105	RBI15_RS12700
NZ_CP132968.1	2609257	2609565		minus	head-tail connector protein		92742265	protein-coding		WP_055287252.1	102	RBI15_RS12705
NZ_CP132968.1	2609617	2610849		minus	phage major capsid protein		92742266	protein-coding		WP_101874778.1	410	RBI15_RS12710
NZ_CP132968.1	2610870	2611697		minus	head maturation protease, ClpP-related		92742267	protein-coding		WP_055287248.1	275	RBI15_RS12715
NZ_CP132968.1	2611700	2613106		minus	phage portal protein		92742268	protein-coding		WP_117823865.1	468	RBI15_RS12720
NZ_CP132968.1	2613107	2614906		minus	terminase large subunit		92742269	protein-coding		WP_173867588.1	599	RBI15_RS12725
NZ_CP132968.1	2614910	2615449		minus	phage terminase small subunit P27 family		92742270	protein-coding		WP_055287242.1	179	RBI15_RS12730
NZ_CP132968.1	2615527	2616036		minus	hypothetical protein		92742271	protein-coding		WP_242854928.1	169	RBI15_RS12735
NZ_CP132968.1	2616264	2616707		minus	hypothetical protein		92742272	protein-coding		WP_055287240.1	147	RBI15_RS12740
NZ_CP132968.1	2616676	2617041		minus	hypothetical protein		92742273	protein-coding		WP_055287238.1	121	RBI15_RS12745
NZ_CP132968.1	2617065	2617493		minus	single-stranded DNA-binding protein		92742274	protein-coding		WP_306856588.1	142	RBI15_RS12750
NZ_CP132968.1	2617613	2618191		minus	hypothetical protein		92742275	protein-coding		WP_306856590.1	192	RBI15_RS12755
NZ_CP132968.1	2618188	2618706		minus	type II toxin-antitoxin system PemK/MazF family toxin		92742276	protein-coding		WP_306856591.1	172	RBI15_RS12760
NZ_CP132968.1	2618808	2619143		minus	hypothetical protein		92742277	protein-coding		WP_021925168.1	111	RBI15_RS12765
NZ_CP132968.1	2619235	2620539		minus	ParB/RepB/Spo0J family partition protein		92742278	protein-coding		WP_021925167.1	434	RBI15_RS12770
NZ_CP132968.1	2620607	2620990		minus	hypothetical protein		92742279	protein-coding		WP_306856594.1	127	RBI15_RS12775
NZ_CP132968.1	2620977	2621960		minus	DNA cytosine methyltransferase		92742280	protein-coding		WP_306856596.1	327	RBI15_RS12780
NZ_CP132968.1	2621964	2622743		minus	ParA family protein		92742281	protein-coding		WP_021925164.1	259	RBI15_RS12785
NZ_CP132968.1	2622769	2623068		minus	hypothetical protein		92742282	protein-coding		WP_306856598.1	99	RBI15_RS12790
NZ_CP132968.1	2623065	2623532		minus	VRR-NUC domain-containing protein		92742283	protein-coding		WP_416387422.1	155	RBI15_RS12795
NZ_CP132968.1	2623504	2623647		minus	hypothetical protein		92742284	protein-coding		WP_306856602.1	47	RBI15_RS12800
NZ_CP132968.1	2623644	2623952		minus	hypothetical protein		92742285	protein-coding		WP_306856603.1	102	RBI15_RS12805
NZ_CP132968.1	2623949	2624677		minus	lytic transglycosylase domain-containing protein		92742286	protein-coding		WP_306856605.1	242	RBI15_RS12810
NZ_CP132968.1	2624622	2625590		minus	rolling circle replication-associated protein		92742287	protein-coding		WP_306856607.1	322	RBI15_RS12815
NZ_CP132968.1	2625854	2626036		minus	hypothetical protein		92742288	protein-coding		WP_055287211.1	60	RBI15_RS12820
NZ_CP132968.1	2626033	2626353		minus	hypothetical protein		92742289	protein-coding		WP_306856610.1	106	RBI15_RS12825
NZ_CP132968.1	2626507	2626641		minus	hypothetical protein		92742290	protein-coding		WP_278320312.1	44	RBI15_RS12830
NZ_CP132968.1	2626659	2626892		minus	hypothetical protein		92742291	protein-coding		WP_055287209.1	77	RBI15_RS12835
NZ_CP132968.1	2627040	2627405		plus	helix-turn-helix domain-containing protein		92742292	protein-coding		WP_055287207.1	121	RBI15_RS12840
NZ_CP132968.1	2627658	2627855		minus	helix-turn-helix domain-containing protein		92742293	protein-coding		WP_022164642.1	65	RBI15_RS12845
NZ_CP132968.1	2627922	2628377		plus	DUF3040 domain-containing protein		92742294	protein-coding		WP_306856611.1	151	RBI15_RS12850
NZ_CP132968.1	2628551	2629603		plus	tyrosine-type recombinase/integrase		92742295	protein-coding		WP_306856612.1	350	RBI15_RS12855
NZ_CP132968.1	2629613	2629951		plus	hypothetical protein		92742296	protein-coding		WP_022164639.1	112	RBI15_RS12860
NZ_CP132968.1	2630169	2630561		minus	30S ribosomal protein S9	rpsI	92742297	protein-coding		WP_022091912.1	130	RBI15_RS12865
NZ_CP132968.1	2630583	2631017		minus	50S ribosomal protein L13	rplM	92742298	protein-coding		WP_008393360.1	144	RBI15_RS12870
NZ_CP132968.1	2631275	2632216		minus	AEC family transporter		92742299	protein-coding		WP_156723156.1	313	RBI15_RS12875
NZ_CP132968.1	2632206	2632964		minus	tRNA pseudouridine(38-40) synthase TruA	truA	92742300	protein-coding		WP_009203730.1	252	RBI15_RS12880
NZ_CP132968.1	2632971	2633780		minus	energy-coupling factor transporter transmembrane component T family protein		92742301	protein-coding		WP_008393366.1	269	RBI15_RS12885
NZ_CP132968.1	2633782	2634642		minus	energy-coupling factor transporter ATPase		92742302	protein-coding		WP_055257647.1	286	RBI15_RS12890
NZ_CP132968.1	2634627	2635478		minus	energy-coupling factor transporter ATPase		92742303	protein-coding		WP_055257645.1	283	RBI15_RS12895
NZ_CP132968.1	2635624	2636160		minus	bL17 family ribosomal protein		92742304	protein-coding		WP_008393370.1	178	RBI15_RS12900
NZ_CP132968.1	2636226	2637182		minus	DNA-directed RNA polymerase subunit alpha		92742305	protein-coding		WP_008393371.1	318	RBI15_RS12905
NZ_CP132968.1	2637222	2637815		minus	30S ribosomal protein S4	rpsD	92742306	protein-coding		WP_008393374.1	197	RBI15_RS12910
NZ_CP132968.1	2637835	2638227		minus	30S ribosomal protein S11	rpsK	92742307	protein-coding		WP_008393375.1	130	RBI15_RS12915
NZ_CP132968.1	2638350	2638718		minus	30S ribosomal protein S13	rpsM	92742308	protein-coding		WP_008393376.1	122	RBI15_RS12920
NZ_CP132968.1	2638993	2639106		minus	50S ribosomal protein L36	rpmJ	92742309	protein-coding		WP_009203726.1	37	RBI15_RS12925
NZ_CP132968.1	2639205	2639423		minus	translation initiation factor IF-1	infA	92742310	protein-coding		WP_008393377.1	72	RBI15_RS12930
NZ_CP132968.1	2639434	2640189		minus	type I methionyl aminopeptidase	map	92742311	protein-coding		WP_008393378.1	251	RBI15_RS12935
NZ_CP132968.1	2640200	2640841		minus	adenylate kinase		92742312	protein-coding		WP_009264113.1	213	RBI15_RS12940
NZ_CP132968.1	2640995	2642311		minus	preprotein translocase subunit SecY	secY	92742313	protein-coding		WP_009203724.1	438	RBI15_RS12945
NZ_CP132968.1	2642313	2642756		minus	50S ribosomal protein L15	rplO	92742314	protein-coding		WP_008393382.1	147	RBI15_RS12950
NZ_CP132968.1	2642784	2642966		minus	50S ribosomal protein L30	rpmD	92742315	protein-coding		WP_008393384.1	60	RBI15_RS12955
NZ_CP132968.1	2642980	2643489		minus	30S ribosomal protein S5	rpsE	92742316	protein-coding		WP_008393385.1	169	RBI15_RS12960
NZ_CP132968.1	2643504	2643872		minus	50S ribosomal protein L18	rplR	92742317	protein-coding		WP_008393386.1	122	RBI15_RS12965
NZ_CP132968.1	2643887	2644429		minus	50S ribosomal protein L6	rplF	92742318	protein-coding		WP_008393387.1	180	RBI15_RS12970
NZ_CP132968.1	2644517	2644918		minus	30S ribosomal protein S8	rpsH	92742319	protein-coding		WP_008393388.1	133	RBI15_RS12975
NZ_CP132968.1	2644943	2645128		minus	type Z 30S ribosomal protein S14		92742320	protein-coding		WP_008393389.1	61	RBI15_RS12980
NZ_CP132968.1	2645143	2645682		minus	50S ribosomal protein L5	rplE	92742321	protein-coding		WP_008393391.1	179	RBI15_RS12985
NZ_CP132968.1	2645705	2646016		minus	50S ribosomal protein L24	rplX	92742322	protein-coding		WP_008393393.1	103	RBI15_RS12990
NZ_CP132968.1	2646029	2646397		minus	50S ribosomal protein L14	rplN	92742323	protein-coding		WP_009264114.1	122	RBI15_RS12995
NZ_CP132968.1	2646428	2646682		minus	30S ribosomal protein S17	rpsQ	92742324	protein-coding		WP_008393395.1	84	RBI15_RS13000
NZ_CP132968.1	2646710	2646913		minus	50S ribosomal protein L29	rpmC	92742325	protein-coding		WP_008393396.1	67	RBI15_RS13005
NZ_CP132968.1	2646903	2647340		minus	50S ribosomal protein L16	rplP	92742326	protein-coding		WP_008393397.1	145	RBI15_RS13010
NZ_CP132968.1	2647340	2647990		minus	30S ribosomal protein S3	rpsC	92742327	protein-coding		WP_008393399.1	216	RBI15_RS13015
NZ_CP132968.1	2648007	2648396		minus	50S ribosomal protein L22	rplV	92742328	protein-coding		WP_008393400.1	129	RBI15_RS13020
NZ_CP132968.1	2648424	2648705		minus	30S ribosomal protein S19	rpsS	92742329	protein-coding		WP_008393401.1	93	RBI15_RS13025
NZ_CP132968.1	2648722	2649567		minus	50S ribosomal protein L2	rplB	92742330	protein-coding		WP_015530291.1	281	RBI15_RS13030
NZ_CP132968.1	2649657	2649956		minus	50S ribosomal protein L23	rplW	92742331	protein-coding		WP_008393404.1	99	RBI15_RS13035
NZ_CP132968.1	2649956	2650576		minus	50S ribosomal protein L4	rplD	92742332	protein-coding		WP_008393405.1	206	RBI15_RS13040
NZ_CP132968.1	2650606	2651235		minus	50S ribosomal protein L3	rplC	92742333	protein-coding		WP_008393406.1	209	RBI15_RS13045
NZ_CP132968.1	2651352	2651672		minus	30S ribosomal protein S10	rpsJ	92742334	protein-coding		WP_008393407.1	106	RBI15_RS13050
NZ_CP132968.1	2652130	2654589		minus	leucine-rich repeat protein		92742335	protein-coding		WP_195465646.1	819	RBI15_RS13055
NZ_CP132968.1	2654639	2656972		minus	fibronectin type III domain-containing protein		92742336	protein-coding		WP_215718644.1	777	RBI15_RS13060
NZ_CP132968.1	2657629	2658921		minus	IS110 family RNA-guided transposase		92742337	protein-coding		WP_306856642.1	430	RBI15_RS13065
NZ_CP132968.1	2659181	2659885		plus	TraX family protein		92742338	protein-coding		WP_081031070.1	234	RBI15_RS13070
NZ_CP132968.1	2660341	2662006		minus	uncharacterized gene		92742626	pseudogene				RBI15_RS14595
NZ_CP132968.1	2662027	2663394		minus	acetyl-CoA carboxylase biotin carboxylase subunit		92742339	protein-coding		WP_118352762.1	455	RBI15_RS13080
NZ_CP132968.1	2663410	2663835		minus	3-hydroxyacyl-ACP dehydratase FabZ	fabZ	92742340	protein-coding		WP_008393424.1	141	RBI15_RS13085
NZ_CP132968.1	2663855	2664298		minus	acetyl-CoA carboxylase biotin carboxyl carrier protein	accB	92742341	protein-coding		WP_009203700.1	147	RBI15_RS13090
NZ_CP132968.1	2664316	2665560		minus	beta-ketoacyl-ACP synthase II	fabF	92742342	protein-coding		WP_008393426.1	414	RBI15_RS13095
NZ_CP132968.1	2665573	2666313		minus	3-oxoacyl-[acyl-carrier-protein] reductase	fabG	92742343	protein-coding		WP_008393427.1	246	RBI15_RS13100
NZ_CP132968.1	2666316	2667236		minus	ACP S-malonyltransferase	fabD	92742344	protein-coding		WP_306856648.1	306	RBI15_RS13105
NZ_CP132968.1	2667350	2667583		minus	acyl carrier protein	acpP	92742345	protein-coding		WP_008393429.1	77	RBI15_RS13110
NZ_CP132968.1	2667892	2668857		plus	ABC transporter ATP-binding protein		92742346	protein-coding		WP_330380416.1	321	RBI15_RS13115
NZ_CP132968.1	2668841	2669707		plus	ABC transporter permease		92742347	protein-coding		WP_306856652.1	288	RBI15_RS13120
NZ_CP132968.1	2669720	2671132		plus	DUF7088 domain-containing protein		92742348	protein-coding		WP_306856654.1	470	RBI15_RS13125
NZ_CP132968.1	2671142	2672026		plus	DUF4340 domain-containing protein		92742349	protein-coding		WP_288811072.1	294	RBI15_RS13130
NZ_CP132968.1	2672204	2672289		minus	tRNA-Leu		92742350	tRNA				RBI15_RS13135
NZ_CP132968.1	2672294	2672375		minus	tRNA-Tyr		92742351	tRNA				RBI15_RS13140
NZ_CP132968.1	2672455	2674302		minus	ATP-dependent zinc metalloprotease FtsH	ftsH	92742352	protein-coding		WP_022091928.1	615	RBI15_RS13145
NZ_CP132968.1	2674318	2674839		minus	hypoxanthine phosphoribosyltransferase	hpt	92742353	protein-coding		WP_015530286.1	173	RBI15_RS13150
NZ_CP132968.1	2674763	2676205		minus	tRNA lysidine(34) synthetase TilS	tilS	92742354	protein-coding		WP_306856658.1	480	RBI15_RS13155
NZ_CP132968.1	2676202	2677608		minus	SpoIIE family protein phosphatase		92742355	protein-coding		WP_022091931.1	468	RBI15_RS13160
NZ_CP132968.1	2678105	2679763		minus	AAA family ATPase		92742356	protein-coding		WP_306856661.1	552	RBI15_RS13165
NZ_CP132968.1	2679908	2680765		minus	carboxylating nicotinate-nucleotide diphosphorylase	nadC	92742357	protein-coding		WP_015530284.1	285	RBI15_RS13170
NZ_CP132968.1	2680737	2682038		minus	L-aspartate oxidase		92742358	protein-coding		WP_055072156.1	433	RBI15_RS13175
NZ_CP132968.1	2682073	2682981		minus	quinolinate synthase NadA	nadA	92742359	protein-coding		WP_008393442.1	302	RBI15_RS13180
NZ_CP132968.1	2683201	2684517		minus	RNA-binding domain-containing protein		92742360	protein-coding		WP_008393443.1	438	RBI15_RS13185
NZ_CP132968.1	2684832	2685374		minus	rubrerythrin	rbr	92742361	protein-coding		WP_008393445.1	180	RBI15_RS13190
NZ_CP132968.1	2685438	2685800		minus	desulfoferrodoxin family protein		92742362	protein-coding		WP_209291269.1	120	RBI15_RS13195
NZ_CP132968.1	2685839	2685994		minus	rubredoxin		92742363	protein-coding		WP_008393447.1	51	RBI15_RS13200
NZ_CP132968.1	2686260	2686619		plus	putative signal transducing protein		92742364	protein-coding		WP_209291270.1	119	RBI15_RS13205
NZ_CP132968.1	2686733	2688202		minus	xylulokinase	xylB	92742365	protein-coding		WP_077326599.1	489	RBI15_RS13210
NZ_CP132968.1	2688361	2688787		minus	uncharacterized gene		92742366	pseudogene				RBI15_RS13215
NZ_CP132968.1	2688815	2688928		minus	uncharacterized gene		92742627	pseudogene				RBI15_RS14600
NZ_CP132968.1	2688971	2689819		minus	AraC family transcriptional regulator		92742367	protein-coding		WP_044923085.1	282	RBI15_RS13225
NZ_CP132968.1	2690097	2691008		plus	nucleotidyltransferase family protein		92742368	protein-coding		WP_044923083.1	303	RBI15_RS13230
NZ_CP132968.1	2691122	2691523		minus	3D domain-containing protein		92742369	protein-coding		WP_044923079.1	133	RBI15_RS13235
NZ_CP132968.1	2691802	2692626		minus	Mrp/NBP35 family ATP-binding protein		92742370	protein-coding		WP_008393455.1	274	RBI15_RS13240
NZ_CP132968.1	2692629	2693285		minus	ribulose-phosphate 3-epimerase	rpe	92742371	protein-coding		WP_008393457.1	218	RBI15_RS13245
NZ_CP132968.1	2693429	2695069		minus	Na/Pi cotransporter family protein		92742372	protein-coding		WP_209291271.1	546	RBI15_RS13250
NZ_CP132968.1	2695591	2696343		minus	hypothetical protein		92742373	protein-coding		WP_209291272.1	250	RBI15_RS13255
NZ_CP132968.1	2696379	2697140		minus	hypothetical protein		92742374	protein-coding		WP_009203677.1	253	RBI15_RS13260
NZ_CP132968.1	2697134	2697868		minus	ABC transporter ATP-binding protein		92742375	protein-coding		WP_008393461.1	244	RBI15_RS13265
NZ_CP132968.1	2697865	2698227		minus	GntR family transcriptional regulator		92742376	protein-coding		WP_009203675.1	120	RBI15_RS13270
NZ_CP132968.1	2698444	2699304		minus	DUF4866 domain-containing protein		92742377	protein-coding		WP_008393463.1	286	RBI15_RS13275
NZ_CP132968.1	2699345	2700232		plus	LysR family transcriptional regulator		92742378	protein-coding		WP_009203673.1	295	RBI15_RS13280
NZ_CP132968.1	2700238	2701560		plus	threonine/serine exporter family protein		92742379	protein-coding		WP_009203672.1	440	RBI15_RS13285
NZ_CP132968.1	2701638	2702603		minus	aldo/keto reductase		92742380	protein-coding		WP_015530273.1	321	RBI15_RS13290
NZ_CP132968.1	2702618	2703799		minus	mannitol dehydrogenase family protein		92742381	protein-coding		WP_055072167.1	393	RBI15_RS13295
NZ_CP132968.1	2703816	2704628		minus	PTS system mannose/fructose/sorbose family transporter subunit IID		92742382	protein-coding		WP_118302724.1	270	RBI15_RS13300
NZ_CP132968.1	2704618	2705388		minus	PTS mannose/fructose/sorbose/N-acetylgalactosamine transporter subunit IIC		92742383	protein-coding		WP_118302722.1	256	RBI15_RS13305
NZ_CP132968.1	2705400	2705879		minus	PTS sugar transporter subunit IIB		92742384	protein-coding		WP_015530272.1	159	RBI15_RS13310
NZ_CP132968.1	2705896	2706951		minus	zinc-dependent alcohol dehydrogenase		92742385	protein-coding		WP_008393472.1	351	RBI15_RS13315
NZ_CP132968.1	2706971	2707813		minus	sugar phosphate isomerase/epimerase family protein		92742386	protein-coding		WP_008393473.1	280	RBI15_RS13320
NZ_CP132968.1	2707807	2708676		minus	class II fructose-bisphosphate aldolase		92742387	protein-coding		WP_008393474.1	289	RBI15_RS13325
NZ_CP132968.1	2708804	2711590		minus	sigma 54-interacting transcriptional regulator		92742388	protein-coding		WP_306856683.1	928	RBI15_RS13330
NZ_CP132968.1	2711749	2712168		plus	PTS sugar transporter subunit IIA		92742389	protein-coding		WP_008393476.1	139	RBI15_RS13335
NZ_CP132968.1	2712190	2713494		plus	RNA polymerase factor sigma-54	rpoN	92742390	protein-coding		WP_008393478.1	434	RBI15_RS13340
NZ_CP132968.1	2713900	2714103		minus	uncharacterized gene		92742628	pseudogene				RBI15_RS14605
NZ_CP132968.1	2714128	2714250		minus	uncharacterized gene		92742629	pseudogene				RBI15_RS14610
NZ_CP132968.1	2714378	2717899		minus	pyruvate:ferredoxin (flavodoxin) oxidoreductase	nifJ	92742391	protein-coding		WP_055072169.1	1173	RBI15_RS13355
NZ_CP132968.1	2718164	2719126		minus	endolytic transglycosylase MltG	mltG	92742392	protein-coding		WP_306856687.1	320	RBI15_RS13360
NZ_CP132968.1	2719395	2719880		plus	peptidylprolyl isomerase		92742393	protein-coding		WP_008393484.1	161	RBI15_RS13365
NZ_CP132968.1	2719974	2720783		plus	Cof-type HAD-IIB family hydrolase		92742394	protein-coding		WP_227085364.1	269	RBI15_RS13370
NZ_CP132968.1	2720905	2723628		minus	Ig-like domain-containing protein		92742395	protein-coding		WP_227085365.1	907	RBI15_RS13375
NZ_CP132968.1	2723907	2730449		minus	leucine-rich repeat domain-containing protein		92742396	protein-coding		WP_306856691.1	2180	RBI15_RS13380
NZ_CP132968.1	2730688	2733483		minus	YhgE/Pip domain-containing protein		92742397	protein-coding		WP_306856693.1	931	RBI15_RS13385
NZ_CP132968.1	2733739	2734692		plus	NAD(+) diphosphatase	nudC	92742398	protein-coding		WP_015530266.1	317	RBI15_RS13390
NZ_CP132968.1	2735105	2736124		minus	bile acid:sodium symporter family protein		92742399	protein-coding		WP_306856696.1	339	RBI15_RS13395
NZ_CP132968.1	2737204	2737935		minus	copper homeostasis protein CutC		92742400	protein-coding		WP_008392208.1	243	RBI15_RS13400
NZ_CP132968.1	2737964	2738827		minus	L-serine ammonia-lyase, iron-sulfur-dependent, subunit alpha	sdaAA	92742401	protein-coding		WP_008392207.1	287	RBI15_RS13405
NZ_CP132968.1	2738831	2739499		minus	L-serine ammonia-lyase, iron-sulfur-dependent subunit beta	sdaAB	92742402	protein-coding		WP_147606683.1	222	RBI15_RS13410
NZ_CP132968.1	2739667	2740917		minus	diaminopimelate decarboxylase		92742403	protein-coding		WP_008392203.1	416	RBI15_RS13415
NZ_CP132968.1	2740954	2741640		minus	TrmB family transcriptional regulator		92742404	protein-coding		WP_009202851.1	228	RBI15_RS13420
NZ_CP132968.1	2741738	2742463		minus	hypothetical protein		92742405	protein-coding		WP_118628327.1	241	RBI15_RS13425
NZ_CP132968.1	2742493	2742921		minus	hypothetical protein		92742406	protein-coding		WP_244091746.1	142	RBI15_RS13430
NZ_CP132968.1	2743075	2743992		plus	Rpn family recombination-promoting nuclease/putative transposase		92742407	protein-coding		WP_306856704.1	305	RBI15_RS13435
NZ_CP132968.1	2744066	2744935		minus	class II fructose-1,6-bisphosphate aldolase	fba	92742408	protein-coding		WP_077326562.1	289	RBI15_RS13440
NZ_CP132968.1	2745058	2745813		minus	nucleoside/nucleotide kinase family protein		92742409	protein-coding		WP_022091937.1	251	RBI15_RS13445
NZ_CP132968.1	2745954	2746322		minus	DUF2752 domain-containing protein		92742410	protein-coding		WP_227085372.1	122	RBI15_RS13450
NZ_CP132968.1	2746300	2746764		minus	hypothetical protein		92742411	protein-coding		WP_008392195.1	154	RBI15_RS13455
NZ_CP132968.1	2746776	2747201		minus	GNAT family N-acetyltransferase		92742412	protein-coding		WP_009202857.1	141	RBI15_RS13460
NZ_CP132968.1	2747421	2747771		minus	P-II family nitrogen regulator		92742413	protein-coding		WP_009202858.1	116	RBI15_RS13465
NZ_CP132968.1	2747787	2749025		minus	ammonium transporter		92742414	protein-coding		WP_173728157.1	412	RBI15_RS13470
NZ_CP132968.1	2750077	2751822		minus	ammonium transporter		92742415	protein-coding		WP_009204201.1	581	RBI15_RS13475
NZ_CP132968.1	2752070	2752783		minus	response regulator		92742416	protein-coding		WP_009264181.1	237	RBI15_RS13480
NZ_CP132968.1	2752780	2753931		minus	sensor histidine kinase		92742417	protein-coding		WP_118738819.1	383	RBI15_RS13485
NZ_CP132968.1	2753934	2754356		minus	YwiB family protein		92742418	protein-coding		WP_008392186.1	140	RBI15_RS13490
NZ_CP132968.1	2754371	2755174		minus	glutamate racemase	murI	92742419	protein-coding		WP_008392185.1	267	RBI15_RS13495
NZ_CP132968.1	2755187	2756248		minus	D-alanine--D-alanine ligase family protein		92742420	protein-coding		WP_077326552.1	353	RBI15_RS13500
NZ_CP132968.1	2756300	2757106		minus	glycerophosphodiester phosphodiesterase family protein		92742421	protein-coding		WP_044924805.1	268	RBI15_RS13505
NZ_CP132968.1	2757103	2758449		minus	CCA tRNA nucleotidyltransferase		92742422	protein-coding		WP_215718545.1	448	RBI15_RS13510
NZ_CP132968.1	2758586	2760022		minus	proline--tRNA ligase	proS	92742423	protein-coding		WP_009204206.1	478	RBI15_RS13515
NZ_CP132968.1	2760155	2761489		plus	MATE family efflux transporter		92742424	protein-coding		WP_306856718.1	444	RBI15_RS13520
NZ_CP132968.1	2761613	2762761		minus	lactaldehyde reductase	fucO	92742425	protein-coding		WP_077326543.1	382	RBI15_RS13525
NZ_CP132968.1	2762897	2763445		minus	TetR/AcrR family transcriptional regulator C-terminal domain-containing protein		92742426	protein-coding		WP_008392178.1	182	RBI15_RS13530
NZ_CP132968.1	2763580	2764596		minus	DnaJ C-terminal domain-containing protein		92742427	protein-coding		WP_008392177.1	338	RBI15_RS13535
NZ_CP132968.1	2764678	2765121		minus	Hsp20/alpha crystallin family protein		92742428	protein-coding		WP_008392176.1	147	RBI15_RS13540
NZ_CP132968.1	2765382	2766257		minus	LysR family transcriptional regulator		92742429	protein-coding		WP_173782568.1	291	RBI15_RS13545
NZ_CP132968.1	2766430	2767653		plus	dicarboxylate/amino acid:cation symporter		92742430	protein-coding		WP_008392174.1	407	RBI15_RS13550
NZ_CP132968.1	2767657	2768325		plus	L-serine ammonia-lyase, iron-sulfur-dependent subunit beta	sdaAB	92742431	protein-coding		WP_044924814.1	222	RBI15_RS13555
NZ_CP132968.1	2768344	2769213		plus	L-serine ammonia-lyase, iron-sulfur-dependent, subunit alpha	sdaAA	92742432	protein-coding		WP_209291476.1	289	RBI15_RS13560
NZ_CP132968.1	2769346	2770044		minus	response regulator		92742433	protein-coding		WP_008392170.1	232	RBI15_RS13565
NZ_CP132968.1	2770037	2772013		minus	ATP-binding protein		92742434	protein-coding		WP_173782565.1	658	RBI15_RS13570
NZ_CP132968.1	2772077	2772211		minus	hypothetical protein		92742435	protein-coding		WP_009204217.1	44	RBI15_RS13575
NZ_CP132968.1	2772237	2772884		minus	potassium channel family protein		92742436	protein-coding		WP_022091482.1	215	RBI15_RS13580
NZ_CP132968.1	2772904	2774241		minus	TrkH family potassium uptake protein		92742437	protein-coding		WP_055072182.1	445	RBI15_RS13585
NZ_CP132968.1	2774497	2776071		minus	AAA family ATPase		92742438	protein-coding		WP_055162508.1	524	RBI15_RS13590
NZ_CP132968.1	2776277	2777605		minus	dicarboxylate/amino acid:cation symporter		92742439	protein-coding		WP_008392163.1	442	RBI15_RS13595
NZ_CP132968.1	2778238	2780127		minus	ABC transporter ATP-binding protein		92742440	protein-coding		WP_209291477.1	629	RBI15_RS13600
NZ_CP132968.1	2780120	2781853		minus	ABC transporter ATP-binding protein		92742441	protein-coding		WP_044925001.1	577	RBI15_RS13605
NZ_CP132968.1	2781846	2782328		minus	MarR family winged helix-turn-helix transcriptional regulator		92742442	protein-coding		WP_008391831.1	160	RBI15_RS13610
NZ_CP132968.1	2782611	2784017		minus	oxaloacetate decarboxylase subunit alpha		92742443	protein-coding		WP_209291478.1	468	RBI15_RS13615
NZ_CP132968.1	2784034	2785158		minus	sodium ion-translocating decarboxylase subunit beta		92742444	protein-coding		WP_044925005.1	374	RBI15_RS13620
NZ_CP132968.1	2785185	2785547		minus	biotin/lipoyl-containing protein		92742445	protein-coding		WP_044925008.1	120	RBI15_RS13625
NZ_CP132968.1	2785564	2785902		minus	OadG family protein		92742446	protein-coding		WP_209291479.1	112	RBI15_RS13630
NZ_CP132968.1	2785917	2787326		minus	acyl-CoA carboxylase subunit beta		92742447	protein-coding		WP_209291480.1	469	RBI15_RS13635
NZ_CP132968.1	2787480	2788124		minus	GntR family transcriptional regulator		92742448	protein-coding		WP_044925012.1	214	RBI15_RS13640
NZ_CP132968.1	2788127	2788711		minus	GntR family transcriptional regulator		92742449	protein-coding		WP_118471754.1	194	RBI15_RS13645
NZ_CP132968.1	2788887	2789513		minus	L(+)-tartrate dehydratase subunit beta	ttdB	92742450	protein-coding		WP_044925014.1	208	RBI15_RS13650
NZ_CP132968.1	2789513	2790412		minus	L(+)-tartrate dehydratase subunit alpha	ttdA	92742451	protein-coding		WP_044925016.1	299	RBI15_RS13655
NZ_CP132968.1	2790464	2791735		minus	SLC13 family permease		92742452	protein-coding		WP_118471748.1	423	RBI15_RS13660
NZ_CP132968.1	2792019	2792972		plus	biotin synthase BioB	bioB	92742453	protein-coding		WP_022091725.1	317	RBI15_RS13665
NZ_CP132968.1	2793543	2794661		minus	IS110 family RNA-guided transposase		92742454	protein-coding		WP_306856744.1	372	RBI15_RS13670
NZ_CP132968.1	2795034	2795552		minus	hypothetical protein		92742455	protein-coding		WP_209291261.1	172	RBI15_RS13675
NZ_CP132968.1	2795577	2796008		minus	uncharacterized gene	deoC	92742456	pseudogene				RBI15_RS13680
NZ_CP132968.1	2796100	2796588		minus	Crp/Fnr family transcriptional regulator		92742457	protein-coding		WP_055072232.1	162	RBI15_RS13685
NZ_CP132968.1	2796637	2796753		minus	uncharacterized gene		92742630	pseudogene				RBI15_RS14615
NZ_CP132968.1	2796860	2798779		minus	GGDEF domain-containing protein		92742458	protein-coding		WP_306856747.1	639	RBI15_RS13695
NZ_CP132968.1	2798766	2800436		minus	GGDEF domain-containing protein		92742459	protein-coding		WP_209291259.1	556	RBI15_RS13700
NZ_CP132968.1	2800552	2801190		minus	homocysteine S-methyltransferase family protein		92742460	protein-coding		WP_306856750.1	212	RBI15_RS13705
NZ_CP132968.1	2801203	2801391		minus	hypothetical protein		92742461	protein-coding		WP_044924457.1	62	RBI15_RS13710
NZ_CP132968.1	2801611	2802468		plus	BglG family transcription antiterminator LicT	licT	92742462	protein-coding		WP_009203505.1	285	RBI15_RS13715
NZ_CP132968.1	2802551	2804422		plus	beta-glucoside-specific PTS transporter subunit IIABC		92742463	protein-coding		WP_044924459.1	623	RBI15_RS13720
NZ_CP132968.1	2804435	2805475		plus	alpha/beta hydrolase		92742464	protein-coding		WP_209291258.1	346	RBI15_RS13725
NZ_CP132968.1	2805673	2805957		plus	IS66 family insertion sequence element accessory protein TnpA	tnpA	92742465	protein-coding		WP_044924461.1	94	RBI15_RS13730
NZ_CP132968.1	2805977	2806342		plus	IS66 family insertion sequence element accessory protein TnpB	tnpB	92742466	protein-coding		WP_044924462.1	121	RBI15_RS13735
NZ_CP132968.1	2806418	2808067		plus	IS66 family transposase	tnpC	92742467	protein-coding		WP_081022683.1	549	RBI15_RS13740
NZ_CP132968.1	2808088	2808657		minus	alanine:cation symporter family protein		92742468	protein-coding		WP_242852481.1	189	RBI15_RS13745
NZ_CP132968.1	2808811	2809608		minus	MerR family transcriptional regulator		92742469	protein-coding		WP_306856760.1	265	RBI15_RS13750
NZ_CP132968.1	2809664	2811322		minus	acyl-CoA dehydratase activase		92742470	protein-coding		WP_306856762.1	552	RBI15_RS13755
NZ_CP132968.1	2811315	2812601		minus	2-hydroxyacyl-CoA dehydratase subunit D		92742471	protein-coding		WP_008391810.1	428	RBI15_RS13760
NZ_CP132968.1	2812763	2814130		plus	MATE family efflux transporter		92742472	protein-coding		WP_306856764.1	455	RBI15_RS13765
NZ_CP132968.1	2814206	2815228		minus	Gfo/Idh/MocA family protein		92742473	protein-coding		WP_055232299.1	340	RBI15_RS13770
NZ_CP132968.1	2815267	2816091		minus	PTS system mannose/fructose/sorbose family transporter subunit IID		92742474	protein-coding		WP_009203510.1	274	RBI15_RS13775
NZ_CP132968.1	2816084	2816848		minus	PTS mannose/fructose/sorbose/N-acetylgalactosamine transporter subunit IIC		92742475	protein-coding		WP_009203511.1	254	RBI15_RS13780
NZ_CP132968.1	2816867	2817343		minus	PTS sugar transporter subunit IIB		92742476	protein-coding		WP_044924471.1	158	RBI15_RS13785
NZ_CP132968.1	2817349	2817759		minus	PTS sugar transporter subunit IIA		92742477	protein-coding		WP_226799511.1	136	RBI15_RS13790
NZ_CP132968.1	2817935	2820568		minus	sigma-54-dependent transcriptional regulator		92742478	protein-coding		WP_243873000.1	877	RBI15_RS13795
NZ_CP132968.1	2820758	2821255		minus	tRNA (cytidine(34)-2'-O)-methyltransferase		92742479	protein-coding		WP_008393030.1	165	RBI15_RS13800
NZ_CP132968.1	2821286	2822304		minus	uncharacterized gene		92742480	pseudogene				RBI15_RS13805
NZ_CP132968.1	2822304	2822798		minus	Lrp/AsnC family transcriptional regulator		92742481	protein-coding		WP_008393032.1	164	RBI15_RS13810
NZ_CP132968.1	2822828	2823826		minus	AIR synthase family protein		92742482	protein-coding		WP_306856770.1	332	RBI15_RS13815
NZ_CP132968.1	2823829	2825325		minus	VanW family protein		92742483	protein-coding		WP_306856772.1	498	RBI15_RS13820
NZ_CP132968.1	2825447	2826154		minus	3'-5' exonuclease		92742484	protein-coding		WP_009203518.1	235	RBI15_RS13825
NZ_CP132968.1	2826341	2827213		plus	Cof-type HAD-IIB family hydrolase		92742485	protein-coding		WP_306856775.1	290	RBI15_RS13830
NZ_CP132968.1	2827315	2828196		plus	Cof-type HAD-IIB family hydrolase		92742486	protein-coding		WP_306856776.1	293	RBI15_RS13835
NZ_CP132968.1	2828352	2829038		minus	TetR/AcrR family transcriptional regulator		92742487	protein-coding		WP_077326251.1	228	RBI15_RS13840
NZ_CP132968.1	2829122	2832043		minus	fibronectin type III domain-containing protein		92742488	protein-coding		WP_306856779.1	973	RBI15_RS13845
NZ_CP132968.1	2832228	2833607		minus	23S rRNA (uracil(1939)-C(5))-methyltransferase RlmD	rlmD	92742489	protein-coding		WP_306856781.1	459	RBI15_RS13850
NZ_CP132968.1	2833671	2834612		minus	3'-5' exoribonuclease YhaM family protein		92742490	protein-coding		WP_008393039.1	313	RBI15_RS13855
NZ_CP132968.1	2834772	2836832		minus	polyphosphate kinase 1	ppk1	92742491	protein-coding		WP_306856783.1	686	RBI15_RS13860
NZ_CP132968.1	2837023	2839425		plus	endonuclease MutS2		92742492	protein-coding		WP_009203523.1	800	RBI15_RS13865
NZ_CP132968.1	2839450	2840334		plus	putative ABC transporter permease		92742493	protein-coding		WP_044924514.1	294	RBI15_RS13870
NZ_CP132968.1	2840465	2840980		minus	PTS mannitol transporter subunit IIA		92742494	protein-coding		WP_008393043.1	171	RBI15_RS13875
NZ_CP132968.1	2841215	2842174		minus	ketopantoate reductase family protein		92742495	protein-coding		WP_156723383.1	319	RBI15_RS13880
NZ_CP132968.1	2842365	2843399		plus	ATP-binding protein		92742496	protein-coding		WP_173777080.1	344	RBI15_RS13885
NZ_CP132968.1	2843417	2843503		minus	uncharacterized gene		98633746	pseudogene				RBI15_RS14650
NZ_CP132968.1	2843887	2844339		minus	uncharacterized gene	tnpA	92742497	pseudogene				RBI15_RS13890
NZ_CP132968.1	2844428	2845132		plus	lantibiotic protection ABC transporter ATP-binding protein		92742498	protein-coding		WP_306858437.1	234	RBI15_RS13895
NZ_CP132968.1	2845133	2845879		plus	lantibiotic immunity ABC transporter MutE/EpiE family permease subunit		92742499	protein-coding		WP_008705323.1	248	RBI15_RS13900
NZ_CP132968.1	2845882	2846625		plus	lantibiotic immunity ABC transporter MutG family permease subunit		92742500	protein-coding		WP_173725380.1	247	RBI15_RS13905
NZ_CP132968.1	2846618	2846995		plus	NisI/SpaI family lantibiotic immunity lipoprotein		92742501	protein-coding		WP_025580194.1	125	RBI15_RS13910
NZ_CP132968.1	2847034	2847696		plus	response regulator transcription factor		92742502	protein-coding		WP_055056575.1	220	RBI15_RS13915
NZ_CP132968.1	2847687	2849063		plus	sensor histidine kinase		92742503	protein-coding		WP_306856799.1	458	RBI15_RS13920
NZ_CP132968.1	2849083	2849319		minus	hypothetical protein		92742504	protein-coding		WP_044924535.1	78	RBI15_RS13925
NZ_CP132968.1	2849735	2851282		minus	glutamine-hydrolyzing GMP synthase	guaA	92742505	protein-coding		WP_009204112.1	515	RBI15_RS13930
NZ_CP132968.1	2851321	2852502		minus	methionine adenosyltransferase	metK	92742506	protein-coding		WP_055232273.1	393	RBI15_RS13935
NZ_CP132968.1	2852579	2853217		minus	phosphate-starvation-inducible PsiE family protein		92742507	protein-coding		WP_055232271.1	212	RBI15_RS13940
NZ_CP132968.1	2853234	2854529		minus	UDP-N-acetylglucosamine 1-carboxyvinyltransferase		92742508	protein-coding		WP_156723362.1	431	RBI15_RS13945
NZ_CP132968.1	2854624	2855127		minus	shikimate kinase		92742509	protein-coding		WP_008393128.1	167	RBI15_RS13950
NZ_CP132968.1	2855111	2855704		minus	flavin reductase family protein		92742510	protein-coding		WP_008393129.1	197	RBI15_RS13955
NZ_CP132968.1	2855714	2856130		minus	HIT family protein		92742511	protein-coding		WP_008393130.1	138	RBI15_RS13960
NZ_CP132968.1	2856755	2857351		minus	recombination mediator RecR	recR	92742512	protein-coding		WP_008393131.1	198	RBI15_RS13965
NZ_CP132968.1	2857367	2857720		minus	YbaB/EbfC family nucleoid-associated protein		92742513	protein-coding		WP_008393132.1	117	RBI15_RS13970
NZ_CP132968.1	2857761	2859365		minus	DNA polymerase III subunit gamma/tau	dnaX	92742514	protein-coding		WP_242855245.1	534	RBI15_RS13975
NZ_CP132968.1	2859558	2860277		plus	sensor histidine kinase		92742515	protein-coding		WP_077326282.1	239	RBI15_RS13980
NZ_CP132968.1	2860207	2861190		minus	rhomboid family intramembrane serine protease		92742516	protein-coding		WP_306856809.1	327	RBI15_RS13985
NZ_CP132968.1	2861237	2862523		minus	DUF6382 domain-containing protein		92742517	protein-coding		WP_306856811.1	428	RBI15_RS13990
NZ_CP132968.1	2862498	2862992		minus	hypothetical protein		92742518	protein-coding		WP_044924248.1	164	RBI15_RS13995
NZ_CP132968.1	2862989	2863876		minus	TadE/TadG family type IV pilus assembly protein		92742519	protein-coding		WP_306856814.1	295	RBI15_RS14000
NZ_CP132968.1	2863917	2865359		minus	DUF5702 domain-containing protein		92742520	protein-coding		WP_306856816.1	480	RBI15_RS14005
NZ_CP132968.1	2865356	2865529		minus	Flp1 family type IVb pilin		92742521	protein-coding		WP_008393139.1	57	RBI15_RS14010
NZ_CP132968.1	2865550	2866887		minus	type II secretion system F family protein		92742522	protein-coding		WP_209291249.1	445	RBI15_RS14015
NZ_CP132968.1	2866877	2867635		minus	type II secretion system F family protein		92742523	protein-coding		WP_173782546.1	252	RBI15_RS14020
NZ_CP132968.1	2867574	2868806		minus	CpaF family protein		92742524	protein-coding		WP_008393142.1	410	RBI15_RS14025
NZ_CP132968.1	2868803	2869651		minus	hypothetical protein		92742525	protein-coding		WP_306856822.1	282	RBI15_RS14030
NZ_CP132968.1	2869648	2870151		minus	A24 family peptidase		92742526	protein-coding		WP_009204126.1	167	RBI15_RS14035
NZ_CP132968.1	2870275	2870547		minus	pro-sigmaK processing inhibitor BofA family protein		92742527	protein-coding		WP_008393145.1	90	RBI15_RS14040
NZ_CP132968.1	2870620	2871480		minus	DUF1002 domain-containing protein		92742528	protein-coding		WP_009265220.1	286	RBI15_RS14045
NZ_CP132968.1	2871575	2874154		minus	YfhO family protein		92742529	protein-coding		WP_306856825.1	859	RBI15_RS14050
NZ_CP132968.1	2874117	2874863		minus	glycosyltransferase family 2 protein		92742530	protein-coding		WP_306856827.1	248	RBI15_RS14055
NZ_CP132968.1	2875069	2876403		plus	NADP-specific glutamate dehydrogenase	gdhA	92742531	protein-coding		WP_008393150.1	444	RBI15_RS14060
NZ_CP132968.1	2876514	2877845		minus	MATE family efflux transporter		92742532	protein-coding		WP_306856830.1	443	RBI15_RS14065
NZ_CP132968.1	2877842	2878069		minus	hypothetical protein		92742533	protein-coding		WP_306856832.1	75	RBI15_RS14070
NZ_CP132968.1	2878160	2878693		minus	cysteine hydrolase family protein		92742534	protein-coding		WP_055160574.1	177	RBI15_RS14075
NZ_CP132968.1	2878690	2879136		minus	GatB/YqeY domain-containing protein		92742535	protein-coding		WP_008393170.1	148	RBI15_RS14080
NZ_CP132968.1	2879228	2879836		minus	hypothetical protein		92742536	protein-coding		WP_055160572.1	202	RBI15_RS14085
NZ_CP132968.1	2879889	2881274		minus	asparagine--tRNA ligase	asnS	92742537	protein-coding		WP_306856836.1	461	RBI15_RS14090
NZ_CP132968.1	2881300	2881719		minus	PPC domain-containing DNA-binding protein		92742538	protein-coding		WP_044929928.1	139	RBI15_RS14095
NZ_CP132968.1	2881949	2882662		minus	MIP/aquaporin family protein		92742539	protein-coding		WP_118628103.1	237	RBI15_RS14100
NZ_CP132968.1	2882702	2884195		minus	glycerol kinase GlpK	glpK	92742540	protein-coding		WP_009265236.1	497	RBI15_RS14105
NZ_CP132968.1	2884377	2885420		minus	glycerol-3-phosphate dehydrogenase		92742541	protein-coding		WP_306856840.1	347	RBI15_RS14110
NZ_CP132968.1	2885465	2885815		minus	DUF1667 domain-containing protein		92742542	protein-coding		WP_008393177.1	116	RBI15_RS14115
NZ_CP132968.1	2885818	2887083		minus	NAD(P)/FAD-dependent oxidoreductase		92742543	protein-coding		WP_008393178.1	421	RBI15_RS14120
NZ_CP132968.1	2887083	2888522		minus	NAD(P)/FAD-dependent oxidoreductase		92742544	protein-coding		WP_306856843.1	479	RBI15_RS14125
NZ_CP132968.1	2888847	2889959		plus	LacI family DNA-binding transcriptional regulator		92742545	protein-coding		WP_009265237.1	370	RBI15_RS14130
NZ_CP132968.1	2890054	2890515		plus	PTS mannitol transporter subunit IIA		92742546	protein-coding		WP_008393181.1	153	RBI15_RS14135
NZ_CP132968.1	2890518	2891954		plus	PTS mannitol transporter subunit IIBC		92742547	protein-coding		WP_306856845.1	478	RBI15_RS14140
NZ_CP132968.1	2892054	2893250		plus	mannitol dehydrogenase family protein		92742548	protein-coding		WP_008393183.1	398	RBI15_RS14145
NZ_CP132968.1	2893267	2894775		plus	BglG family transcription antiterminator		92742549	protein-coding		WP_044924226.1	502	RBI15_RS14150
NZ_CP132968.1	2894891	2894964		minus	tRNA-Met		92742550	tRNA				RBI15_RS14155
NZ_CP132968.1	2895007	2895077		minus	tRNA-Cys		92742551	tRNA				RBI15_RS14160
NZ_CP132968.1	2895110	2895181		minus	tRNA-Glu		92742552	tRNA				RBI15_RS14165
NZ_CP132968.1	2895233	2895305		minus	tRNA-Asn		92742553	tRNA				RBI15_RS14170
NZ_CP132968.1	2895392	2898279		minus	23S ribosomal RNA		92742554	rRNA				RBI15_RS14175
NZ_CP132968.1	2898506	2898579		minus	tRNA-Ile		92742555	tRNA				RBI15_RS14180
NZ_CP132968.1	2898640	2898712		minus	tRNA-Ala		92742556	tRNA				RBI15_RS14185
NZ_CP132968.1	2898717	2898834		minus	5S ribosomal RNA	rrf	92742557	rRNA				RBI15_RS14190
NZ_CP132968.1	2898897	2900429		minus	16S ribosomal RNA		92742558	rRNA				RBI15_RS14195
NZ_CP132968.1	2900954	2901490		minus	CvpA family protein		92742559	protein-coding		WP_009203070.1	178	RBI15_RS14200
NZ_CP132968.1	2901503	2902696		minus	DUF5711 family protein		92742560	protein-coding		WP_118303606.1	397	RBI15_RS14205
NZ_CP132968.1	2902800	2903942		minus	LysM peptidoglycan-binding domain-containing protein		92742561	protein-coding		WP_009203072.1	380	RBI15_RS14210
NZ_CP132968.1	2904095	2904667		plus	spore protease YyaC	yyaC	92742562	protein-coding		WP_306856851.1	190	RBI15_RS14215
NZ_CP132968.1	2904636	2905691		minus	PTS sugar transporter subunit IIC		92742563	protein-coding		WP_008393023.1	351	RBI15_RS14220
NZ_CP132968.1	2905825	2906091		plus	hypothetical protein		92742564	protein-coding		WP_008393022.1	88	RBI15_RS14225
NZ_CP132968.1	2906154	2906705		plus	RNA polymerase sigma factor		92742565	protein-coding		WP_287801014.1	183	RBI15_RS14230
NZ_CP132968.1	2906975	2908348		plus	RNA-guided endonuclease InsQ/TnpB family protein		92742566	protein-coding		WP_306856857.1	457	RBI15_RS14235
NZ_CP132968.1	2908765	2909277		minus	dCTP deaminase/dUTPase family protein		92742567	protein-coding		WP_008393019.1	170	RBI15_RS14240
NZ_CP132968.1	2909362	2910207		minus	polysaccharide deacetylase family protein		92742568	protein-coding		WP_287799669.1	281	RBI15_RS14245
NZ_CP132968.1	2910260	2910949		minus	hypothetical protein		92742569	protein-coding		WP_306856860.1	229	RBI15_RS14250
NZ_CP132968.1	2911041	2911733		minus	5'-methylthioadenosine/adenosylhomocysteine nucleosidase		92742570	protein-coding		WP_215710819.1	230	RBI15_RS14255
NZ_CP132968.1	2911904	2912149		plus	TIGR03905 family TSCPD domain-containing protein		92742571	protein-coding		WP_008393015.1	81	RBI15_RS14260
NZ_CP132968.1	2912166	2913245		plus	undecaprenyldiphospho-muramoylpentapeptide beta-N-acetylglucosaminyltransferase		92742572	protein-coding		WP_306856864.1	359	RBI15_RS14265
NZ_CP132968.1	2913414	2914601		plus	Fic family protein		92742573	protein-coding		WP_306856866.1	395	RBI15_RS14270
NZ_CP132968.1	2914695	2916521		minus	hemoblobin-interacting domain-containing protein		92742574	protein-coding		WP_306856868.1	608	RBI15_RS14275
NZ_CP132968.1	2916724	2917572		minus	4Fe-4S binding protein		92742575	protein-coding		WP_306856870.1	282	RBI15_RS14280
NZ_CP132968.1	2917572	2917985		minus	FMN-binding protein		92742576	protein-coding		WP_306856872.1	137	RBI15_RS14285
NZ_CP132968.1	2918007	2919608		minus	FMN-binding protein		92742577	protein-coding		WP_306856874.1	533	RBI15_RS14290
NZ_CP132968.1	2919646	2920704		minus	FAD:protein FMN transferase		92742578	protein-coding		WP_015530188.1	352	RBI15_RS14295
NZ_CP132968.1	2920856	2922025		minus	hypothetical protein		92742579	protein-coding		WP_008393007.1	389	RBI15_RS14300
NZ_CP132968.1	2922048	2923208		minus	hypothetical protein		92742580	protein-coding		WP_306856878.1	386	RBI15_RS14305
NZ_CP132968.1	2923238	2924383		minus	hypothetical protein		92742581	protein-coding		WP_306856880.1	381	RBI15_RS14310
NZ_CP132968.1	2924422	2924961		minus	5-formyltetrahydrofolate cyclo-ligase		92742582	protein-coding		WP_009203087.1	179	RBI15_RS14315
NZ_CP132968.1	2925057	2925962		minus	1-phosphofructokinase	pfkB	92742583	protein-coding		WP_008393003.1	301	RBI15_RS14320
NZ_CP132968.1	2925959	2926705		minus	DeoR/GlpR family DNA-binding transcription regulator		92742584	protein-coding		WP_173757961.1	248	RBI15_RS14325
NZ_CP132968.1	2926963	2929011		minus	ABC transporter permease		92742585	protein-coding		WP_306856884.1	682	RBI15_RS14330
NZ_CP132968.1	2929001	2929768		minus	ABC transporter ATP-binding protein		92742586	protein-coding		WP_173746868.1	255	RBI15_RS14335
NZ_CP132968.1	2929946	2930296		plus	cupin domain-containing protein		92742587	protein-coding		WP_008392999.1	116	RBI15_RS14340
NZ_CP132968.1	2930374	2931159		minus	histidinol-phosphatase HisJ family protein		92742588	protein-coding		WP_306856888.1	261	RBI15_RS14345
NZ_CP132968.1	2931178	2932194		minus	ATP-binding protein		92742589	protein-coding		WP_306856890.1	338	RBI15_RS14350
NZ_CP132968.1	2932191	2932859		minus	response regulator transcription factor		92742590	protein-coding		WP_306856892.1	222	RBI15_RS14355
NZ_CP132968.1	2932973	2934259		minus	serine--tRNA ligase	serS	92742591	protein-coding		WP_015530182.1	428	RBI15_RS14360
NZ_CP132968.1	2934272	2934763		minus	DUF4446 family protein		92742592	protein-coding		WP_008392994.1	163	RBI15_RS14365
NZ_CP132968.1	2934776	2935696		minus	ParB/RepB/Spo0J family partition protein		92742593	protein-coding		WP_008392993.1	306	RBI15_RS14370
NZ_CP132968.1	2935696	2936466		minus	ParA family protein		92742594	protein-coding		WP_008392992.1	256	RBI15_RS14375
NZ_CP132968.1	2936751	2938436		minus	arginine--tRNA ligase	argS	92742595	protein-coding		WP_009203092.1	561	RBI15_RS14380
NZ_CP132968.1	2938449	2939201		minus	hypothetical protein		92742596	protein-coding		WP_009203093.1	250	RBI15_RS14385
NZ_CP132968.1	2939261	2939971		minus	16S rRNA (guanine(527)-N(7))-methyltransferase RsmG	rsmG	92742597	protein-coding		WP_008392989.1	236	RBI15_RS14390
NZ_CP132968.1	2939975	2941858		minus	tRNA uridine-5-carboxymethylaminomethyl(34) synthesis enzyme MnmG	mnmG	92742598	protein-coding		WP_008392988.1	627	RBI15_RS14395
NZ_CP132968.1	2941861	2943237		minus	tRNA uridine-5-carboxymethylaminomethyl(34) synthesis GTPase MnmE	mnmE	92742599	protein-coding		WP_009203094.1	458	RBI15_RS14400
NZ_CP132968.1	2943286	2944092		minus	RNA-binding cell elongation regulator Jag/EloR	jag	92742600	protein-coding		WP_008392986.1	268	RBI15_RS14405
NZ_CP132968.1	2944095	2945096		minus	YidC/Oxa1 family membrane protein insertase		92742601	protein-coding		WP_306858442.1	333	RBI15_RS14410
NZ_CP132968.1	2945093	2945335		minus	membrane protein insertion efficiency factor YidD	yidD	92742602	protein-coding		WP_008392984.1	80	RBI15_RS14415
NZ_CP132968.1	2945342	2945680		minus	ribonuclease P protein component	rnpA	92742603	protein-coding		WP_008392982.1	112	RBI15_RS14420
NZ_CP132968.1	2945730	2945864		minus	50S ribosomal protein L34	rpmH	92742604	protein-coding		WP_008392981.1	44	RBI15_RS14425
