Accession	Begin	End	Chromosome	Orientation	Name	Symbol	Gene ID	Gene Type	Transcripts accession	Protein accession	Protein length	Locus tag
NZ_CP129143.1	61	1446		plus	chromosomal replication initiator protein DnaA	dnaA	99749334	protein-coding		WP_005827286.1	461	QWU49_RS00005
NZ_CP129143.1	1525	2259		minus	NADPH-dependent oxidoreductase		99749335	protein-coding		WP_044468986.1	244	QWU49_RS00010
NZ_CP129143.1	2677	5214		plus	adenosylcobalamin-dependent ribonucleoside-diphosphate reductase		99749336	protein-coding		WP_005827290.1	845	QWU49_RS00015
NZ_CP129143.1	5346	8039		plus	4-alpha-glucanotransferase		99749337	protein-coding		WP_005827292.1	897	QWU49_RS00020
NZ_CP129143.1	8826	9236		plus	hypothetical protein		99749338	protein-coding		WP_005827299.1	136	QWU49_RS00025
NZ_CP129143.1	9299	9634		plus	hypothetical protein		99749339	protein-coding		WP_004310306.1	111	QWU49_RS00030
NZ_CP129143.1	9642	9857		plus	hypothetical protein		99749340	protein-coding		WP_005827303.1	71	QWU49_RS00035
NZ_CP129143.1	9869	10090		plus	hypothetical protein		99749341	protein-coding		WP_005643956.1	73	QWU49_RS00040
NZ_CP129143.1	10114	10533		plus	PcfK-like family protein		99749342	protein-coding		WP_004310304.1	139	QWU49_RS00045
NZ_CP129143.1	10530	11795		plus	PcfJ domain-containing protein		99749343	protein-coding		WP_004310303.1	421	QWU49_RS00050
NZ_CP129143.1	11820	12077		plus	hypothetical protein		99749344	protein-coding		WP_005827305.1	85	QWU49_RS00055
NZ_CP129143.1	12109	12327		plus	DUF3873 domain-containing protein		99749345	protein-coding		WP_008770680.1	72	QWU49_RS00060
NZ_CP129143.1	12267	12572		plus	DUF6956 domain-containing protein		99749346	protein-coding		WP_004310302.1	101	QWU49_RS00065
NZ_CP129143.1	12626	12934		plus	hypothetical protein		99749347	protein-coding		WP_004310301.1	102	QWU49_RS00070
NZ_CP129143.1	13051	13272		plus	DUF7688 family protein		99749348	protein-coding		WP_004310300.1	73	QWU49_RS00075
NZ_CP129143.1	13335	13862		minus	glycoside hydrolase family protein		99749349	protein-coding		WP_005827312.1	175	QWU49_RS00080
NZ_CP129143.1	13859	14365		minus	DUF3872 domain-containing protein		99749350	protein-coding		WP_005827314.1	168	QWU49_RS00085
NZ_CP129143.1	14365	15264		minus	toprim domain-containing protein		99749351	protein-coding		WP_004310298.1	299	QWU49_RS00090
NZ_CP129143.1	15273	15848		minus	conjugal transfer protein TraO		99749352	protein-coding		WP_005827316.1	191	QWU49_RS00095
NZ_CP129143.1	15851	16837		minus	conjugative transposon protein TraN	traN	99749353	protein-coding		WP_005827318.1	328	QWU49_RS00100
NZ_CP129143.1	16907	18262		minus	conjugative transposon protein TraM	traM	99749354	protein-coding		WP_004308923.1	451	QWU49_RS00105
NZ_CP129143.1	18243	18551		minus	TraL conjugative transposon family protein		99749355	protein-coding		WP_004308924.1	102	QWU49_RS00110
NZ_CP129143.1	18558	19181		minus	conjugative transposon protein TraK	traK	99749356	protein-coding		WP_004308925.1	207	QWU49_RS00115
NZ_CP129143.1	19213	20217		minus	conjugative transposon protein TraJ	traJ	99749357	protein-coding		WP_004308926.1	334	QWU49_RS00120
NZ_CP129143.1	20221	20850		minus	DUF4141 domain-containing protein		99749358	protein-coding		WP_004308927.1	209	QWU49_RS00125
NZ_CP129143.1	20881	21264		minus	DUF3876 domain-containing protein		99749359	protein-coding		WP_004308928.1	127	QWU49_RS00130
NZ_CP129143.1	21302	23806		minus	TraG family conjugative transposon ATPase		99749360	protein-coding		WP_005827325.1	834	QWU49_RS00135
NZ_CP129143.1	23803	24135		minus	DUF4133 domain-containing protein		99749361	protein-coding		WP_004311206.1	110	QWU49_RS00140
NZ_CP129143.1	24146	24457		minus	DUF4134 domain-containing protein		99749362	protein-coding		WP_004311205.1	103	QWU49_RS00145
NZ_CP129143.1	24659	25399		minus	hypothetical protein		99749363	protein-coding		WP_005827331.1	246	QWU49_RS00150
NZ_CP129143.1	25396	25785		minus	DUF3408 domain-containing protein		99749364	protein-coding		WP_287647342.1	129	QWU49_RS00155
NZ_CP129143.1	25782	26231		minus	DUF3408 domain-containing protein		99749365	protein-coding		WP_004311202.1	149	QWU49_RS00160
NZ_CP129143.1	26237	26992		minus	ParA family protein		99749366	protein-coding		WP_005827337.1	251	QWU49_RS00165
NZ_CP129143.1	27109	27360		plus	hypothetical protein		99749367	protein-coding		WP_005827339.1	83	QWU49_RS00170
NZ_CP129143.1	27674	28102		plus	conjugal transfer protein MobA	mobA	99749368	protein-coding		WP_004310286.1	142	QWU49_RS00175
NZ_CP129143.1	28081	29331		plus	conjugal transfer protein MobB	mobB	99749369	protein-coding		WP_004310285.1	416	QWU49_RS00180
NZ_CP129143.1	29364	30287		plus	uncharacterized gene		99749370	pseudogene				QWU49_RS00185
NZ_CP129143.1	30927	32579		plus	group II intron reverse transcriptase/maturase	ltrA	99749371	protein-coding		WP_004308488.1	550	QWU49_RS00190
NZ_CP129143.1	32584	33789		plus	TraM recognition domain-containing protein		99749372	protein-coding		WP_005827352.1	401	QWU49_RS00195
NZ_CP129143.1	33884	34297		minus	hypothetical protein		99749373	protein-coding		WP_005643906.1	137	QWU49_RS00200
NZ_CP129143.1	34303	35757		minus	ATP-binding protein		99749374	protein-coding		WP_005827354.1	484	QWU49_RS00205
NZ_CP129143.1	35886	36497		minus	RteC domain-containing protein		99749375	protein-coding		WP_004309735.1	203	QWU49_RS00210
NZ_CP129143.1	36743	37156		minus	hypothetical protein		99749376	protein-coding		WP_004315319.1	137	QWU49_RS00215
NZ_CP129143.1	37449	38756		minus	sigma-54-dependent transcriptional regulator		99749377	protein-coding		WP_004309733.1	435	QWU49_RS00220
NZ_CP129143.1	38737	41082		minus	hybrid sensor histidine kinase/response regulator		99749378	protein-coding		WP_005827358.1	781	QWU49_RS00225
NZ_CP129143.1	41262	41855		minus	hypothetical protein		99749379	protein-coding		WP_005827362.1	197	QWU49_RS00230
NZ_CP129143.1	41860	42564		minus	DUF2589 domain-containing protein		99749380	protein-coding		WP_004309731.1	234	QWU49_RS00235
NZ_CP129143.1	42586	43083		minus	DUF2589 domain-containing protein		99749381	protein-coding		WP_005827365.1	165	QWU49_RS00240
NZ_CP129143.1	43311	44990		minus	fimbrillin family protein		99749382	protein-coding		WP_004309727.1	559	QWU49_RS00245
NZ_CP129143.1	45054	46847		minus	fimbrillin family protein		99749383	protein-coding		WP_049100623.1	597	QWU49_RS00250
NZ_CP129143.1	46882	47769		minus	fimbrillin family protein		99749384	protein-coding		WP_005830234.1	295	QWU49_RS00255
NZ_CP129143.1	47869	48756		minus	FimB/Mfa2 family fimbrial subunit		99749385	protein-coding		WP_004310046.1	295	QWU49_RS00260
NZ_CP129143.1	48773	49873		minus	DUF3575 domain-containing protein		99749386	protein-coding		WP_004310047.1	366	QWU49_RS00265
NZ_CP129143.1	50110	51192		minus	helix-turn-helix domain-containing protein		99749387	protein-coding		WP_005830228.1	360	QWU49_RS00270
NZ_CP129143.1	51410	55408		minus	uncharacterized gene		99749388	pseudogene				QWU49_RS00275
NZ_CP129143.1	55525	57190		minus	uncharacterized gene		99749389	pseudogene				QWU49_RS00280
NZ_CP129143.1	57180	57701		minus	DUF1896 domain-containing protein		99749390	protein-coding		WP_004308417.1	173	QWU49_RS00285
NZ_CP129143.1	57801	59912		minus	type IA DNA topoisomerase	topB	99749391	protein-coding		WP_004308419.1	703	QWU49_RS00290
NZ_CP129143.1	59972	61561		minus	DUF3945 domain-containing protein		99749392	protein-coding		WP_004308421.1	529	QWU49_RS00295
NZ_CP129143.1	61582	61932		minus	helix-turn-helix domain-containing protein		99749393	protein-coding		WP_004308425.1	116	QWU49_RS00300
NZ_CP129143.1	61936	62295		minus	helix-turn-helix domain-containing protein		99749394	protein-coding		WP_005830221.1	119	QWU49_RS00305
NZ_CP129143.1	62506	62799		plus	helix-turn-helix domain-containing protein		99749395	protein-coding		WP_008645715.1	97	QWU49_RS00310
NZ_CP129143.1	62832	63137		plus	helix-turn-helix domain-containing protein		99749396	protein-coding		WP_004308430.1	101	QWU49_RS00315
NZ_CP129143.1	63217	63579		minus	hypothetical protein		99749397	protein-coding		WP_004308431.1	120	QWU49_RS00320
NZ_CP129143.1	63592	64827		minus	site-specific integrase		99749398	protein-coding		WP_004308432.1	411	QWU49_RS00325
NZ_CP129143.1	65176	65541		plus	dihydroneopterin aldolase	folB	99749399	protein-coding		WP_005830212.1	121	QWU49_RS00330
NZ_CP129143.1	66195	66713		minus	methylglyoxal synthase		99749400	protein-coding		WP_005830204.1	172	QWU49_RS00335
NZ_CP129143.1	66761	67777		minus	glycosyltransferase family 2 protein		99749401	protein-coding		WP_005830203.1	338	QWU49_RS00340
NZ_CP129143.1	67770	68669		minus	lysophospholipid acyltransferase family protein		99749402	protein-coding		WP_008664096.1	299	QWU49_RS00345
NZ_CP129143.1	68724	70040		minus	tRNA (N(6)-L-threonylcarbamoyladenosine(37)-C(2))-methylthiotransferase MtaB	mtaB	99749403	protein-coding		WP_005830199.1	438	QWU49_RS00350
NZ_CP129143.1	70126	71799		plus	long-chain fatty acid--CoA ligase		99749404	protein-coding		WP_008664099.1	557	QWU49_RS00355
NZ_CP129143.1	71957	72169		plus	hypothetical protein		99749405	protein-coding		WP_005833237.1	70	QWU49_RS00360
NZ_CP129143.1	72503	72748		plus	RNA recognition motif domain-containing protein		99749406	protein-coding		WP_005830186.1	81	QWU49_RS00365
NZ_CP129143.1	73013	73462		minus	50S ribosomal protein L9	rplI	99749407	protein-coding		WP_005830185.1	149	QWU49_RS00370
NZ_CP129143.1	73478	73750		minus	30S ribosomal protein S18	rpsR	99749408	protein-coding		WP_004288442.1	90	QWU49_RS00375
NZ_CP129143.1	73753	74097		minus	30S ribosomal protein S6	rpsF	99749409	protein-coding		WP_005657357.1	114	QWU49_RS00380
NZ_CP129143.1	74257	74703		plus	MarR family winged helix-turn-helix transcriptional regulator		99749410	protein-coding		WP_005830183.1	148	QWU49_RS00385
NZ_CP129143.1	74904	75080		plus	hypothetical protein		99749411	protein-coding		WP_005830181.1	58	QWU49_RS00390
NZ_CP129143.1	75170	75871		minus	response regulator transcription factor		99749412	protein-coding		WP_005830176.1	233	QWU49_RS00395
NZ_CP129143.1	75877	77421		minus	sensor histidine kinase		99749413	protein-coding		WP_005830174.1	514	QWU49_RS00400
NZ_CP129143.1	77722	79878		minus	elongation factor G		99749414	protein-coding		WP_005830172.1	718	QWU49_RS00405
NZ_CP129143.1	80129	81898		plus	gamma-glutamyl-gamma-aminobutyrate hydrolase family protein		99749415	protein-coding		WP_034525865.1	589	QWU49_RS00410
NZ_CP129143.1	82046	85366		plus	beta-galactosidase		99749416	protein-coding		WP_005830169.1	1106	QWU49_RS00415
NZ_CP129143.1	85481	86662		minus	mannonate dehydratase	uxuA	99749417	protein-coding		WP_005830167.1	393	QWU49_RS00420
NZ_CP129143.1	86825	87397		plus	DNA-3-methyladenine glycosylase I		99749418	protein-coding		WP_005830166.1	190	QWU49_RS00425
NZ_CP129143.1	87357	88508		minus	glycoside hydrolase family 43 protein		99749419	protein-coding		WP_005830164.1	383	QWU49_RS00430
NZ_CP129143.1	88607	90664		minus	RagB/SusD family nutrient uptake outer membrane protein		99749420	protein-coding		WP_034525882.1	685	QWU49_RS00435
NZ_CP129143.1	90688	93966		minus	SusC/RagA family TonB-linked outer membrane protein		99749421	protein-coding		WP_175522707.1	1092	QWU49_RS00440
NZ_CP129143.1	94133	98269		minus	hybrid sensor histidine kinase/response regulator transcription factor		99749422	protein-coding		WP_074668620.1	1378	QWU49_RS00445
NZ_CP129143.1	98426	98866		plus	DUF6078 family protein		99749423	protein-coding		WP_005830148.1	146	QWU49_RS00450
NZ_CP129143.1	99440	101533		plus	BT4734/BF3469 family protein		99749424	protein-coding		WP_005830140.1	697	QWU49_RS00455
NZ_CP129143.1	101530	102750		minus	ATP-binding protein		99749425	protein-coding		WP_005830138.1	406	QWU49_RS00460
NZ_CP129143.1	102888	103466		plus	DNA-3-methyladenine glycosylase I		99749426	protein-coding		WP_005830137.1	192	QWU49_RS00465
NZ_CP129143.1	103592	106687		minus	glycoside hydrolase family 2 TIM barrel-domain containing protein		99749427	protein-coding		WP_005830133.1	1031	QWU49_RS00470
NZ_CP129143.1	106865	108814		minus	alpha-L-arabinofuranosidase C-terminal domain-containing protein		99749428	protein-coding		WP_005830131.1	649	QWU49_RS00475
NZ_CP129143.1	108869	110860		minus	glycoside hydrolase family 127 protein		99749429	protein-coding		WP_005830129.1	663	QWU49_RS00480
NZ_CP129143.1	110918	113461		minus	alpha-L-arabinofuranosidase C-terminal domain-containing protein		99749430	protein-coding		WP_005830127.1	847	QWU49_RS00485
NZ_CP129143.1	113687	115633		minus	glycoside hydrolase family 97 protein		99749431	protein-coding		WP_005830125.1	648	QWU49_RS00490
NZ_CP129143.1	115664	117574		minus	family 43 glycosylhydrolase		99749432	protein-coding		WP_374937462.1	636	QWU49_RS00495
NZ_CP129143.1	117715	118842		minus	glycoside hydrolase family 88 protein		99749433	protein-coding		WP_005830120.1	375	QWU49_RS00500
NZ_CP129143.1	118860	120191		minus	BNR repeat-containing protein		99749434	protein-coding		WP_016273056.1	443	QWU49_RS00505
NZ_CP129143.1	120184	121437		minus	DUF2264 domain-containing protein		99749435	protein-coding		WP_005830116.1	417	QWU49_RS00510
NZ_CP129143.1	121943	123073		plus	radical SAM family heme chaperone HemW	hemW	99749436	protein-coding		WP_005830109.1	376	QWU49_RS00515
NZ_CP129143.1	123094	123639		plus	RNA polymerase sigma-70 factor		99749437	protein-coding		WP_005830107.1	181	QWU49_RS00520
NZ_CP129143.1	123926	124444		plus	DUF4974 domain-containing protein		99749438	protein-coding		WP_005830106.1	172	QWU49_RS00525
NZ_CP129143.1	124447	127185		plus	TonB-dependent receptor domain-containing protein		99749439	protein-coding		WP_034525862.1	912	QWU49_RS00530
NZ_CP129143.1	127201	128343		plus	DUF4249 domain-containing protein		99749440	protein-coding		WP_005830104.1	380	QWU49_RS00535
NZ_CP129143.1	128634	128987		plus	hypothetical protein		99749441	protein-coding		WP_005830102.1	117	QWU49_RS00540
NZ_CP129143.1	129126	129878		minus	LytR/AlgR family response regulator transcription factor		99749442	protein-coding		WP_005833286.1	250	QWU49_RS00545
NZ_CP129143.1	130011	132041		minus	tetratricopeptide repeat-containing sensor histidine kinase		99749443	protein-coding		WP_005830098.1	676	QWU49_RS00550
NZ_CP129143.1	132388	133833		plus	serine/threonine protein kinase		99749444	protein-coding		WP_005830096.1	481	QWU49_RS00555
NZ_CP129143.1	133820	134590		plus	BACON domain-containing protein		99749445	protein-coding		WP_005830094.1	256	QWU49_RS00560
NZ_CP129143.1	134663	135487		plus	double zinc ribbon domain-containing protein		99749446	protein-coding		WP_034525861.1	274	QWU49_RS00565
NZ_CP129143.1	135499	136773		plus	FHA domain-containing serine/threonine-protein kinase		99749447	protein-coding		WP_005830090.1	424	QWU49_RS00570
NZ_CP129143.1	136790	138532		plus	FHA domain-containing protein		99749448	protein-coding		WP_005830088.1	580	QWU49_RS00575
NZ_CP129143.1	138541	139599		plus	PP2C family protein-serine/threonine phosphatase		99749449	protein-coding		WP_005830086.1	352	QWU49_RS00580
NZ_CP129143.1	139616	141094		plus	serine/threonine-protein kinase		99749450	protein-coding		WP_005830084.1	492	QWU49_RS00585
NZ_CP129143.1	141154	142284		minus	DUF2027 domain-containing protein		99749451	protein-coding		WP_005830082.1	376	QWU49_RS00590
NZ_CP129143.1	142412	143641		plus	S-adenosylmethionine:tRNA ribosyltransferase-isomerase		99749452	protein-coding		WP_005830078.1	409	QWU49_RS00595
NZ_CP129143.1	143647	144150		plus	NUDIX hydrolase		99749453	protein-coding		WP_005830075.1	167	QWU49_RS00600
NZ_CP129143.1	144167	145522		minus	alanine/glycine:cation symporter family protein		99749454	protein-coding		WP_005830073.1	451	QWU49_RS00605
NZ_CP129143.1	145622	147010		minus	phosphoglucosamine mutase	glmM	99749455	protein-coding		WP_005830071.1	462	QWU49_RS00610
NZ_CP129143.1	147036	147647		minus	DUF4827 domain-containing protein		99749456	protein-coding		WP_005830068.1	203	QWU49_RS00615
NZ_CP129143.1	147751	148788		minus	DHH family phosphoesterase		99749457	protein-coding		WP_005830066.1	345	QWU49_RS00620
NZ_CP129143.1	148875	150911		minus	ComEC/Rec2 family competence protein		99749458	protein-coding		WP_005830062.1	678	QWU49_RS00625
NZ_CP129143.1	150970	151620		minus	ribulose-phosphate 3-epimerase	rpe	99749459	protein-coding		WP_005830060.1	216	QWU49_RS00630
NZ_CP129143.1	151886	152857		minus	methionyl-tRNA formyltransferase	fmt	99749460	protein-coding		WP_005830056.1	323	QWU49_RS00635
NZ_CP129143.1	153031	154821		minus	chloride channel protein		99749461	protein-coding		WP_005830052.1	596	QWU49_RS00640
NZ_CP129143.1	154830	155393		minus	L-threonylcarbamoyladenylate synthase		99749462	protein-coding		WP_005830050.1	187	QWU49_RS00645
NZ_CP129143.1	155474	155908		plus	acyl-CoA thioesterase		99749463	protein-coding		WP_005830048.1	144	QWU49_RS00650
NZ_CP129143.1	155976	157148		plus	xylose operon transcription regulator XylR		99749464	protein-coding		WP_005830046.1	390	QWU49_RS00655
NZ_CP129143.1	157150	158598		minus	PA14 domain-containing protein		99749465	protein-coding		WP_005830044.1	482	QWU49_RS00660
NZ_CP129143.1	158611	160932		minus	glycoside hydrolase family 20 protein		99749466	protein-coding		WP_005830042.1	773	QWU49_RS00665
NZ_CP129143.1	160929	162380		minus	glycoside hydrolase family 125 protein		99749467	protein-coding		WP_005830040.1	483	QWU49_RS00670
NZ_CP129143.1	162395	163999		minus	MGH1-like glycoside hydrolase domain-containing protein		99749468	protein-coding		WP_005830037.1	534	QWU49_RS00675
NZ_CP129143.1	164021	165163		minus	alkaline phosphatase		99749469	protein-coding		WP_005830034.1	380	QWU49_RS00680
NZ_CP129143.1	165177	166040		minus	endonuclease/exonuclease/phosphatase family protein		99749470	protein-coding		WP_005830032.1	287	QWU49_RS00685
NZ_CP129143.1	166059	168989		minus	GH92 family glycosyl hydrolase		99749471	protein-coding		WP_008664181.1	976	QWU49_RS00690
NZ_CP129143.1	169192	170829		minus	RagB/SusD family nutrient uptake outer membrane protein		99749472	protein-coding		WP_005833325.1	545	QWU49_RS00695
NZ_CP129143.1	170852	174034		minus	SusC/RagA family TonB-linked outer membrane protein		99749473	protein-coding		WP_005830023.1	1060	QWU49_RS00700
NZ_CP129143.1	174208	175032		minus	ROK family protein		99749474	protein-coding		WP_005833328.1	274	QWU49_RS00705
NZ_CP129143.1	175116	176111		minus	phosphatidylinositol-specific phospholipase C		99749475	protein-coding		WP_005830019.1	331	QWU49_RS00710
NZ_CP129143.1	176259	177032		minus	peroxide stress protein YaaA	yaaA	99749476	protein-coding		WP_005830017.1	257	QWU49_RS00715
NZ_CP129143.1	177228	178943		plus	single-stranded-DNA-specific exonuclease RecJ	recJ	99749477	protein-coding		WP_005833333.1	571	QWU49_RS00720
NZ_CP129143.1	179154	181064		plus	RecQ family ATP-dependent DNA helicase		99749478	protein-coding		WP_005830014.1	636	QWU49_RS00725
NZ_CP129143.1	181177	182136		plus	tetratricopeptide repeat protein		99749479	protein-coding		WP_005830011.1	319	QWU49_RS00730
NZ_CP129143.1	182158	182907		plus	endonuclease/exonuclease/phosphatase family protein		99749480	protein-coding		WP_005830009.1	249	QWU49_RS00735
NZ_CP129143.1	183201	184049		plus	prephenate dehydratase		99749481	protein-coding		WP_005830004.1	282	QWU49_RS00740
NZ_CP129143.1	184024	185205		plus	pyridoxal phosphate-dependent aminotransferase		99749482	protein-coding		WP_005830000.1	393	QWU49_RS00745
NZ_CP129143.1	185420	186487		plus	bifunctional 3-deoxy-7-phosphoheptulonate synthase/chorismate mutase type II		99749483	protein-coding		WP_005829998.1	355	QWU49_RS00750
NZ_CP129143.1	186505	187278		plus	prephenate dehydrogenase		99749484	protein-coding		WP_005829995.1	257	QWU49_RS00755
NZ_CP129143.1	187771	190875		plus	response regulator		99749485	protein-coding		WP_005829988.1	1034	QWU49_RS00760
NZ_CP129143.1	190960	193056		plus	DNA primase	dnaG	99749486	protein-coding		WP_005829986.1	698	QWU49_RS00765
NZ_CP129143.1	193079	193666		minus	GTP cyclohydrolase I FolE	folE	99749487	protein-coding		WP_005829983.1	195	QWU49_RS00770
NZ_CP129143.1	193676	194134		minus	SPOR domain-containing protein		99749488	protein-coding		WP_005829980.1	152	QWU49_RS00775
NZ_CP129143.1	194236	194991		minus	triose-phosphate isomerase	tpiA	99749489	protein-coding		WP_005829974.1	251	QWU49_RS00780
NZ_CP129143.1	195057	196349		minus	BT_3928 family protein		99749490	protein-coding		WP_005829971.1	430	QWU49_RS00785
NZ_CP129143.1	196339	196881		minus	DUF1599 domain-containing protein		99749491	protein-coding		WP_005829969.1	180	QWU49_RS00790
NZ_CP129143.1	196991	197860		minus	M23 family metallopeptidase		99749492	protein-coding		WP_005837478.1	289	QWU49_RS00795
NZ_CP129143.1	198130	200226		minus	ATP-dependent DNA helicase RecG	recG	99749493	protein-coding		WP_005829964.1	698	QWU49_RS00800
NZ_CP129143.1	200214	200888		minus	2-C-methyl-D-erythritol 4-phosphate cytidylyltransferase		99749494	protein-coding		WP_005829961.1	224	QWU49_RS00805
NZ_CP129143.1	200923	201477		minus	DJ-1 family glyoxalase III		99749495	protein-coding		WP_005829959.1	184	QWU49_RS00810
NZ_CP129143.1	201492	202310		minus	TonB family protein		99749496	protein-coding		WP_005829957.1	272	QWU49_RS00815
NZ_CP129143.1	202345	202755		minus	ExbD/TolR family protein		99749497	protein-coding		WP_005833355.1	136	QWU49_RS00820
NZ_CP129143.1	202790	203506		minus	MotA/TolQ/ExbB proton channel family protein		99749498	protein-coding		WP_005829951.1	238	QWU49_RS00825
NZ_CP129143.1	203506	204219		minus	pyridoxine 5'-phosphate synthase		99749499	protein-coding		WP_005829949.1	237	QWU49_RS00830
NZ_CP129143.1	204324	205193		plus	NAD kinase		99749500	protein-coding		WP_005829945.1	289	QWU49_RS00835
NZ_CP129143.1	205333	205713		plus	transposase		99749501	protein-coding		WP_005829611.1	126	QWU49_RS00840
NZ_CP129143.1	205737	206696		plus	IS3 family transposase		99749502	protein-coding		WP_225990577.1	319	QWU49_RS00845
NZ_CP129143.1	207753	208508		minus	WG repeat-containing protein		99749503	protein-coding		WP_005647615.1	251	QWU49_RS00850
NZ_CP129143.1	208640	208942		plus	immunity 17 family protein		99749504	protein-coding		WP_005829935.1	100	QWU49_RS00855
NZ_CP129143.1	208973	209533		plus	hypothetical protein		99749505	protein-coding		WP_005829933.1	186	QWU49_RS00860
NZ_CP129143.1	209759	210628		plus	helix-turn-helix transcriptional regulator		99749506	protein-coding		WP_005647609.1	289	QWU49_RS00865
NZ_CP129143.1	210751	211587		plus	RteC domain-containing protein		99749507	protein-coding		WP_032938608.1	278	QWU49_RS00870
NZ_CP129143.1	211951	212379		plus	helix-turn-helix domain-containing protein		99749508	protein-coding		WP_005647606.1	142	QWU49_RS00875
NZ_CP129143.1	212342	214495		plus	bifunctional DNA primase/helicase		99749509	protein-coding		WP_005647604.1	717	QWU49_RS00880
NZ_CP129143.1	214470	214829		plus	helix-turn-helix domain-containing protein		99749510	protein-coding		WP_005647603.1	119	QWU49_RS00885
NZ_CP129143.1	215103	215432		minus	hypothetical protein		99749511	protein-coding		WP_225982716.1	109	QWU49_RS00890
NZ_CP129143.1	215313	215783		plus	dihydrofolate reductase family protein		99749512	protein-coding		WP_225982715.1	156	QWU49_RS00895
NZ_CP129143.1	216034	216417		minus	type II toxin-antitoxin system RnlB family antitoxin		99749513	protein-coding		WP_005647599.1	127	QWU49_RS00900
NZ_CP129143.1	216419	217501		minus	type II toxin-antitoxin system RnlA family toxin		99749514	protein-coding		WP_005647597.1	360	QWU49_RS00905
NZ_CP129143.1	217611	218087		minus	hypothetical protein		99749515	protein-coding		WP_005647596.1	158	QWU49_RS00910
NZ_CP129143.1	218084	220186		minus	type IA DNA topoisomerase		99749516	protein-coding		WP_005647594.1	700	QWU49_RS00915
NZ_CP129143.1	220276	221796		minus	DUF4099 domain-containing protein		99749517	protein-coding		WP_005647593.1	506	QWU49_RS00920
NZ_CP129143.1	221813	221947		plus	hypothetical protein		99749518	protein-coding		WP_259004987.1	44	QWU49_RS00925
NZ_CP129143.1	222110	223240		plus	tyrosine-type recombinase/integrase		99749519	protein-coding		WP_005829920.1	376	QWU49_RS00930
NZ_CP129143.1	223303	224196		plus	immunity 22 family protein		99749520	protein-coding		WP_005647542.1	297	QWU49_RS00935
NZ_CP129143.1	224282	224683		plus	hypothetical protein		99749521	protein-coding		WP_005647540.1	133	QWU49_RS00940
NZ_CP129143.1	224763	225134		plus	DUF2750 domain-containing protein		99749522	protein-coding		WP_005647538.1	123	QWU49_RS00945
NZ_CP129143.1	225197	226147		plus	hypothetical protein		99749523	protein-coding		WP_005647536.1	316	QWU49_RS00950
NZ_CP129143.1	226226	226510		plus	immunity 17 family protein		99749524	protein-coding		WP_005647534.1	94	QWU49_RS00955
NZ_CP129143.1	226541	226936		minus	hypothetical protein		99749525	protein-coding		WP_005647533.1	131	QWU49_RS00960
NZ_CP129143.1	227047	228252		minus	TraM recognition domain-containing protein		99749526	protein-coding		WP_005829914.1	401	QWU49_RS00965
NZ_CP129143.1	228257	229909		minus	group II intron reverse transcriptase/maturase	ltrA	99749527	protein-coding		WP_004308488.1	550	QWU49_RS00970
NZ_CP129143.1	230549	231469		minus	uncharacterized gene		99749528	pseudogene				QWU49_RS00975
NZ_CP129143.1	231727	233022		minus	conjugal transfer protein MobB	mobB	99749529	protein-coding		WP_005829906.1	431	QWU49_RS00980
NZ_CP129143.1	233019	233447		minus	conjugal transfer protein MobA	mobA	99749530	protein-coding		WP_004327358.1	142	QWU49_RS00985
NZ_CP129143.1	233808	233930		plus	hypothetical protein		99749531	protein-coding		WP_005829899.1	40	QWU49_RS00990
NZ_CP129143.1	234175	234954		plus	ParA family protein		99749532	protein-coding		WP_005840599.1	259	QWU49_RS00995
NZ_CP129143.1	234935	235339		plus	DUF3408 domain-containing protein		99749533	protein-coding		WP_005647514.1	134	QWU49_RS01000
NZ_CP129143.1	235359	235946		plus	DUF4122 family protein		99749534	protein-coding		WP_005829895.1	195	QWU49_RS01005
NZ_CP129143.1	235965	236264		plus	DUF4134 domain-containing protein		99749535	protein-coding		WP_005647510.1	99	QWU49_RS01010
NZ_CP129143.1	236276	236599		plus	DUF4133 domain-containing protein		99749536	protein-coding		WP_005647508.1	107	QWU49_RS01015
NZ_CP129143.1	236596	239097		plus	TraG family conjugative transposon ATPase		99749537	protein-coding		WP_005647504.1	833	QWU49_RS01020
NZ_CP129143.1	239313	239675		plus	DUF3876 domain-containing protein		99749538	protein-coding		WP_005647502.1	120	QWU49_RS01025
NZ_CP129143.1	239680	240309		plus	DUF4141 domain-containing protein		99749539	protein-coding		WP_005829892.1	209	QWU49_RS01030
NZ_CP129143.1	240359	241363		plus	conjugative transposon protein TraJ	traJ	99749540	protein-coding		WP_005647499.1	334	QWU49_RS01035
NZ_CP129143.1	241413	242036		plus	conjugative transposon protein TraK	traK	99749541	protein-coding		WP_005647497.1	207	QWU49_RS01040
NZ_CP129143.1	242042	242326		plus	TraL conjugative transposon family protein		99749542	protein-coding		WP_005647491.1	94	QWU49_RS01045
NZ_CP129143.1	242301	243467		plus	hypothetical protein		99749543	protein-coding		WP_005647488.1	388	QWU49_RS01050
NZ_CP129143.1	243488	244882		plus	conjugative transposon protein TraM	traM	99749544	protein-coding		WP_005829888.1	464	QWU49_RS01055
NZ_CP129143.1	244920	245858		plus	conjugative transposon protein TraN	traN	99749545	protein-coding		WP_005647484.1	312	QWU49_RS01060
NZ_CP129143.1	245862	246443		plus	conjugal transfer protein TraO		99749546	protein-coding		WP_005647482.1	193	QWU49_RS01065
NZ_CP129143.1	246470	246919		plus	DUF3872 domain-containing protein		99749547	protein-coding		WP_005647480.1	149	QWU49_RS01070
NZ_CP129143.1	246906	247562		plus	hypothetical protein		99749548	protein-coding		WP_005647478.1	218	QWU49_RS01075
NZ_CP129143.1	247592	248440		plus	hypothetical protein		99749549	protein-coding		WP_005647477.1	282	QWU49_RS01080
NZ_CP129143.1	248530	249030		minus	hypothetical protein		99749550	protein-coding		WP_005647475.1	166	QWU49_RS01085
NZ_CP129143.1	249034	249606		minus	type II toxin-antitoxin system antitoxin SocA domain-containing protein		99749551	protein-coding		WP_005647472.1	190	QWU49_RS01090
NZ_CP129143.1	249821	250264		minus	JAB domain-containing protein		99749552	protein-coding		WP_005647469.1	147	QWU49_RS01095
NZ_CP129143.1	250684	251286		minus	hypothetical protein		99749553	protein-coding		WP_005829877.1	200	QWU49_RS01100
NZ_CP129143.1	251396	253108		minus	ParB/RepB/Spo0J family partition protein		99749554	protein-coding		WP_005829875.1	570	QWU49_RS01105
NZ_CP129143.1	253259	253807		minus	SLOG family protein		99749555	protein-coding		WP_005829873.1	182	QWU49_RS01110
NZ_CP129143.1	253819	254028		minus	hypothetical protein		99749556	protein-coding		WP_005829870.1	69	QWU49_RS01115
NZ_CP129143.1	254073	254729		minus	hypothetical protein		99749557	protein-coding		WP_005829868.1	218	QWU49_RS01120
NZ_CP129143.1	254800	255774		minus	ArdC family protein		99749558	protein-coding		WP_005829865.1	324	QWU49_RS01125
NZ_CP129143.1	256037	256369		plus	hypothetical protein		99749559	protein-coding		WP_032934329.1	110	QWU49_RS01130
NZ_CP129143.1	256617	257273		plus	hypothetical protein		99749560	protein-coding		WP_225982706.1	218	QWU49_RS01135
NZ_CP129143.1	257348	257683		plus	hypothetical protein		99749561	protein-coding		WP_005829849.1	111	QWU49_RS01140
NZ_CP129143.1	257747	258358		plus	hypothetical protein		99749562	protein-coding		WP_005829847.1	203	QWU49_RS01145
NZ_CP129143.1	258416	259069		plus	ankyrin repeat domain-containing protein		99749563	protein-coding		WP_005829845.1	217	QWU49_RS01150
NZ_CP129143.1	259254	260081		plus	hypothetical protein		99749564	protein-coding		WP_005829837.1	275	QWU49_RS01155
NZ_CP129143.1	260110	260697		plus	DUF4948 family protein		99749565	protein-coding		WP_005829835.1	195	QWU49_RS01160
NZ_CP129143.1	260721	261032		plus	hypothetical protein		99749566	protein-coding		WP_008675376.1	103	QWU49_RS01165
NZ_CP129143.1	260991	261983		minus	ComF family protein		99749567	protein-coding		WP_032934328.1	330	QWU49_RS01170
NZ_CP129143.1	262226	262519		plus	helix-turn-helix domain-containing protein		99749568	protein-coding		WP_005829826.1	97	QWU49_RS01175
NZ_CP129143.1	262521	262838		plus	helix-turn-helix domain-containing protein		99749569	protein-coding		WP_005829824.1	105	QWU49_RS01180
NZ_CP129143.1	262932	264227		minus	site-specific integrase		99749570	protein-coding		WP_005829822.1	431	QWU49_RS01185
NZ_CP129143.1	264625	265206		plus	RNA polymerase sigma factor		99749571	protein-coding		WP_005829818.1	193	QWU49_RS01190
NZ_CP129143.1	265260	266264		plus	FecR family protein		99749572	protein-coding		WP_005829816.1	334	QWU49_RS01195
NZ_CP129143.1	266490	269813		plus	TonB-dependent receptor		99749573	protein-coding		WP_005829814.1	1107	QWU49_RS01200
NZ_CP129143.1	269828	271558		plus	RagB/SusD family nutrient uptake outer membrane protein		99749574	protein-coding		WP_005829812.1	576	QWU49_RS01205
NZ_CP129143.1	271695	273575		plus	FAD-dependent oxidoreductase		99749575	protein-coding		WP_005829809.1	626	QWU49_RS01210
NZ_CP129143.1	273623	275686		plus	alpha-galactosidase		99749576	protein-coding		WP_005829807.1	687	QWU49_RS01215
NZ_CP129143.1	275700	276992		plus	acetylxylan esterase		99749577	protein-coding		WP_008664209.1	430	QWU49_RS01220
NZ_CP129143.1	277007	279001		plus	glycoside hydrolase family 97 protein		99749578	protein-coding		WP_005829802.1	664	QWU49_RS01225
NZ_CP129143.1	279041	280837		plus	glycoside hydrolase family 2 protein		99749579	protein-coding		WP_005829800.1	598	QWU49_RS01230
NZ_CP129143.1	280834	283554		plus	glycoside hydrolase family 2		99749580	protein-coding		WP_005829798.1	906	QWU49_RS01235
NZ_CP129143.1	283566	284336		plus	hypothetical protein		99749581	protein-coding		WP_005829796.1	256	QWU49_RS01240
NZ_CP129143.1	284443	286653		plus	glycoside hydrolase family 3 N-terminal domain-containing protein		99749582	protein-coding		WP_005829794.1	736	QWU49_RS01245
NZ_CP129143.1	286723	287271		minus	RNA polymerase sigma-70 factor		99749583	protein-coding		WP_005829791.1	182	QWU49_RS01250
NZ_CP129143.1	287425	288444		plus	FecR family protein		99749584	protein-coding		WP_008664214.1	339	QWU49_RS01255
NZ_CP129143.1	288555	291794		plus	TonB-dependent receptor		99749585	protein-coding		WP_005829787.1	1079	QWU49_RS01260
NZ_CP129143.1	291816	293432		plus	RagB/SusD family nutrient uptake outer membrane protein		99749586	protein-coding		WP_005829785.1	538	QWU49_RS01265
NZ_CP129143.1	293557	294666		plus	uncharacterized gene		99749587	pseudogene				QWU49_RS01270
NZ_CP129143.1	296191	299448		minus	S41 family peptidase		99749588	protein-coding		WP_008664220.1	1085	QWU49_RS01275
NZ_CP129143.1	299543	300484		minus	malate dehydrogenase	mdh	99749589	protein-coding		WP_005829779.1	313	QWU49_RS01280
NZ_CP129143.1	300715	301593		plus	hypothetical protein		99749590	protein-coding		WP_005829777.1	292	QWU49_RS01285
NZ_CP129143.1	301715	303181		plus	TolC family protein		99749591	protein-coding		WP_008664221.1	488	QWU49_RS01290
NZ_CP129143.1	303227	304216		plus	HlyD family secretion protein		99749592	protein-coding		WP_005829771.1	329	QWU49_RS01295
NZ_CP129143.1	304244	305422		plus	ABC transporter permease		99749593	protein-coding		WP_009037852.1	392	QWU49_RS01300
NZ_CP129143.1	305422	306660		plus	ABC transporter permease		99749594	protein-coding		WP_005829766.1	412	QWU49_RS01305
NZ_CP129143.1	306879	307946		minus	SGNH/GDSL hydrolase family protein		99749595	protein-coding		WP_005829765.1	355	QWU49_RS01310
NZ_CP129143.1	308093	309994		plus	TlpA family protein disulfide reductase		99749596	protein-coding		WP_005829764.1	633	QWU49_RS01315
NZ_CP129143.1	310060	311598		minus	Gfo/Idh/MocA family protein		99749597	protein-coding		WP_005829763.1	512	QWU49_RS01320
NZ_CP129143.1	311888	312250		plus	BlaI/MecI/CopY family transcriptional regulator		99749598	protein-coding		WP_005829755.1	120	QWU49_RS01325
NZ_CP129143.1	312253	314073		plus	M56 family metallopeptidase		99749599	protein-coding		WP_005829752.1	606	QWU49_RS01330
NZ_CP129143.1	314166	315266		minus	Mrp/NBP35 family ATP-binding protein		99749600	protein-coding		WP_005829749.1	366	QWU49_RS01335
NZ_CP129143.1	315341	316099		minus	tRNA (guanosine(46)-N7)-methyltransferase TrmB	trmB	99749601	protein-coding		WP_005829747.1	252	QWU49_RS01340
NZ_CP129143.1	316262	317281		minus	branched-chain amino acid aminotransferase		99749602	protein-coding		WP_005829743.1	339	QWU49_RS01345
NZ_CP129143.1	317335	317550		minus	exodeoxyribonuclease VII small subunit	xseB	99749603	protein-coding		WP_005829741.1	71	QWU49_RS01350
NZ_CP129143.1	317563	317961		minus	lipocalin family protein		99749604	protein-coding		WP_005829739.1	132	QWU49_RS01355
NZ_CP129143.1	318040	319272		minus	exodeoxyribonuclease VII large subunit	xseA	99749605	protein-coding		WP_005829738.1	410	QWU49_RS01360
NZ_CP129143.1	319277	320257		minus	S8 family peptidase		99749606	protein-coding		WP_227742370.1	326	QWU49_RS01365
NZ_CP129143.1	320281	320394		minus	GlyGly-CTERM sorting domain-containing protein		99749607	protein-coding		WP_366208882.1	37	QWU49_RS01370
NZ_CP129143.1	320641	321735		minus	tRNA 2-thiouridine(34) synthase MnmA	mnmA	99749608	protein-coding		WP_005829733.1	364	QWU49_RS01375
NZ_CP129143.1	322299	323333		minus	C1 family peptidase		99749609	protein-coding		WP_005829726.1	344	QWU49_RS01380
NZ_CP129143.1	323437	324345		minus	helix-turn-helix transcriptional regulator		99749610	protein-coding		WP_005829725.1	302	QWU49_RS01385
NZ_CP129143.1	324477	325265		plus	hypothetical protein		99749611	protein-coding		WP_005829722.1	262	QWU49_RS01390
NZ_CP129143.1	325393	326172		minus	hypothetical protein		99749612	protein-coding		WP_005829720.1	259	QWU49_RS01395
NZ_CP129143.1	326213	326434		minus	DUF6140 family protein		99749613	protein-coding		WP_005829718.1	73	QWU49_RS01400
NZ_CP129143.1	326970	328058		minus	acyltransferase		99749614	protein-coding		WP_005829712.1	362	QWU49_RS01405
NZ_CP129143.1	328135	330192		minus	beta-L-arabinofuranosidase domain-containing protein		99749615	protein-coding		WP_005829711.1	685	QWU49_RS01410
NZ_CP129143.1	330201	331685		minus	glycoside hydrolase family 125 protein		99749616	protein-coding		WP_005829710.1	494	QWU49_RS01415
NZ_CP129143.1	331721	332725		minus	glycoside hydrolase family 43 protein		99749617	protein-coding		WP_005829709.1	334	QWU49_RS01420
NZ_CP129143.1	332855	335161		minus	GH92 family glycosyl hydrolase		99749618	protein-coding		WP_034525873.1	768	QWU49_RS01425
NZ_CP129143.1	335179	337674		minus	glutaminase domain-containing protein		99749619	protein-coding		WP_005829705.1	831	QWU49_RS01430
NZ_CP129143.1	337734	339914		minus	hypothetical protein		99749620	protein-coding		WP_005829703.1	726	QWU49_RS01435
NZ_CP129143.1	340036	340851		minus	DUF3823 domain-containing protein		99749621	protein-coding		WP_005829701.1	271	QWU49_RS01440
NZ_CP129143.1	340880	342946		minus	RagB/SusD family nutrient uptake outer membrane protein		99749622	protein-coding		WP_005829699.1	688	QWU49_RS01445
NZ_CP129143.1	342981	346151		minus	SusC/RagA family TonB-linked outer membrane protein		99749623	protein-coding		WP_005829697.1	1056	QWU49_RS01450
NZ_CP129143.1	346170	347627		minus	glycoside hydrolase family 76 protein		99749624	protein-coding		WP_005829695.1	485	QWU49_RS01455
NZ_CP129143.1	347730	349571		minus	carboxypeptidase-like regulatory domain-containing protein		99749625	protein-coding		WP_005829693.1	613	QWU49_RS01460
NZ_CP129143.1	350138	352675		minus	hypothetical protein		99749626	protein-coding		WP_005829689.1	845	QWU49_RS01465
NZ_CP129143.1	352930	355209		minus	WD40/YVTN/BNR-like repeat-containing protein		99749627	protein-coding		WP_227239144.1	759	QWU49_RS01470
NZ_CP129143.1	355497	356552		plus	porin		99749628	protein-coding		WP_008664240.1	351	QWU49_RS01475
NZ_CP129143.1	356620	357480		plus	hypothetical protein		99749629	protein-coding		WP_005829682.1	286	QWU49_RS01480
NZ_CP129143.1	357492	358547		minus	Gfo/Idh/MocA family oxidoreductase		99749630	protein-coding		WP_008664244.1	351	QWU49_RS01485
NZ_CP129143.1	358647	359783		minus	Gfo/Idh/MocA family protein		99749631	protein-coding		WP_005829678.1	378	QWU49_RS01490
NZ_CP129143.1	359788	360798		minus	FecR family protein		99749632	protein-coding		WP_005829676.1	336	QWU49_RS01495
NZ_CP129143.1	360806	361402		minus	RNA polymerase sigma-70 factor		99749633	protein-coding		WP_005829674.1	198	QWU49_RS01500
NZ_CP129143.1	361705	365169		plus	TonB-dependent receptor		99749634	protein-coding		WP_005829671.1	1154	QWU49_RS01505
NZ_CP129143.1	365191	366738		plus	RagB/SusD family nutrient uptake outer membrane protein		99749635	protein-coding		WP_005829669.1	515	QWU49_RS01510
NZ_CP129143.1	366798	368216		plus	Gfo/Idh/MocA family protein		99749636	protein-coding		WP_005829667.1	472	QWU49_RS01515
NZ_CP129143.1	368232	370814		plus	glycoside hydrolase family 3 C-terminal domain-containing protein		99749637	protein-coding		WP_005829665.1	860	QWU49_RS01520
NZ_CP129143.1	371009	372025		minus	metallophosphoesterase family protein		99749638	protein-coding		WP_005829660.1	338	QWU49_RS01525
NZ_CP129143.1	372057	372536		minus	2-C-methyl-D-erythritol 2,4-cyclodiphosphate synthase	ispF	99749639	protein-coding		WP_005829658.1	159	QWU49_RS01530
NZ_CP129143.1	372720	373853		minus	aldose epimerase family protein		99749640	protein-coding		WP_005829656.1	377	QWU49_RS01535
NZ_CP129143.1	373896	375119		minus	anaerobic sulfatase-maturation protein		99749641	protein-coding		WP_005829655.1	407	QWU49_RS01540
NZ_CP129143.1	375166	376731		minus	sulfatase family protein		99749642	protein-coding		WP_005829653.1	521	QWU49_RS01545
NZ_CP129143.1	376780	378393		minus	arylsulfatase		99749643	protein-coding		WP_172679948.1	537	QWU49_RS01550
NZ_CP129143.1	378457	380622		minus	GH92 family glycosyl hydrolase		99749644	protein-coding		WP_005829649.1	721	QWU49_RS01555
NZ_CP129143.1	380635	382020		minus	sulfatase family protein		99749645	protein-coding		WP_005829647.1	461	QWU49_RS01560
NZ_CP129143.1	382045	383859		minus	glycoside hydrolase family 2 protein		99749646	protein-coding		WP_005829645.1	604	QWU49_RS01565
NZ_CP129143.1	383929	385398		minus	glycoside hydrolase family 125 protein		99749647	protein-coding		WP_005829643.1	489	QWU49_RS01570
NZ_CP129143.1	385413	386633		minus	glycoside hydrolase family 76 protein		99749648	protein-coding		WP_369739246.1	406	QWU49_RS01575
NZ_CP129143.1	386646	387113		minus	SusE domain-containing protein		99749649	protein-coding		WP_005829639.1	155	QWU49_RS01580
NZ_CP129143.1	387138	388757		minus	RagB/SusD family nutrient uptake outer membrane protein		99749650	protein-coding		WP_008664258.1	539	QWU49_RS01585
NZ_CP129143.1	388782	391907		minus	SusC/RagA family TonB-linked outer membrane protein		99749651	protein-coding		WP_005829635.1	1041	QWU49_RS01590
NZ_CP129143.1	392208	393740		minus	sulfatase-like hydrolase/transferase		99749652	protein-coding		WP_005829631.1	510	QWU49_RS01595
NZ_CP129143.1	394195	395757		minus	arylsulfatase		99749653	protein-coding		WP_005829627.1	520	QWU49_RS01600
NZ_CP129143.1	395861	397240		minus	sulfatase family protein		99749654	protein-coding		WP_005829625.1	459	QWU49_RS01605
NZ_CP129143.1	397237	398598		minus	sulfatase family protein		99749655	protein-coding		WP_005829623.1	453	QWU49_RS01610
NZ_CP129143.1	398720	402811		minus	hybrid sensor histidine kinase/response regulator transcription factor		99749656	protein-coding		WP_005829621.1	1363	QWU49_RS01615
NZ_CP129143.1	403144	403617		minus	integrase core domain-containing protein		99749657	protein-coding		WP_005829615.1	157	QWU49_RS01620
NZ_CP129143.1	403668	404108		minus	DDE-type integrase/transposase/recombinase		99749658	protein-coding		WP_005829613.1	146	QWU49_RS01625
NZ_CP129143.1	404231	404611		minus	transposase		99749659	protein-coding		WP_005829611.1	126	QWU49_RS01630
NZ_CP129143.1	404678	405295		minus	fumarylacetoacetate hydrolase family protein		99749660	protein-coding		WP_005829609.1	205	QWU49_RS01635
NZ_CP129143.1	405295	405951		minus	redox-sensing transcriptional repressor Rex		99749661	protein-coding		WP_005829607.1	218	QWU49_RS01640
NZ_CP129143.1	406102	406449		plus	translation initiation factor		99749662	protein-coding		WP_005833443.1	115	QWU49_RS01645
NZ_CP129143.1	406557	407549		minus	translation elongation factor Ts	tsf	99749663	protein-coding		WP_005829605.1	330	QWU49_RS01650
NZ_CP129143.1	407672	408505		minus	30S ribosomal protein S2	rpsB	99749664	protein-coding		WP_005829604.1	277	QWU49_RS01655
NZ_CP129143.1	408678	409064		minus	30S ribosomal protein S9	rpsI	99749665	protein-coding		WP_005829603.1	128	QWU49_RS01660
NZ_CP129143.1	409071	409532		minus	50S ribosomal protein L13	rplM	99749666	protein-coding		WP_005829602.1	153	QWU49_RS01665
NZ_CP129143.1	409871	410362		minus	DUF4488 domain-containing protein		99749667	protein-coding		WP_005829599.1	163	QWU49_RS01670
NZ_CP129143.1	410514	411917		minus	asparagine--tRNA ligase	asnS	99749668	protein-coding		WP_005829597.1	467	QWU49_RS01675
NZ_CP129143.1	411947	413431		minus	pseudouridine synthase		99749669	protein-coding		WP_008664272.1	494	QWU49_RS01680
NZ_CP129143.1	413568	414914		minus	adenylosuccinate lyase	purB	99749670	protein-coding		WP_005829591.1	448	QWU49_RS01685
NZ_CP129143.1	415072	415146		minus	tRNA-Val		99749671	tRNA				QWU49_RS01690
NZ_CP129143.1	415178	415252		minus	tRNA-Val		99749672	tRNA				QWU49_RS01695
NZ_CP129143.1	415383	415943		minus	sugar O-acetyltransferase		99749673	protein-coding		WP_005829589.1	186	QWU49_RS01700
NZ_CP129143.1	416072	419299		minus	carbamoyl-phosphate synthase (glutamine-hydrolyzing) large subunit	carB	99749674	protein-coding		WP_005829587.1	1075	QWU49_RS01705
NZ_CP129143.1	419941	420585		plus	HU family DNA-binding protein		99749675	protein-coding		WP_005833449.1	214	QWU49_RS01710
NZ_CP129143.1	420660	421754		plus	tryptophan--tRNA ligase	trpS	99749676	protein-coding		WP_005829577.1	364	QWU49_RS01715
NZ_CP129143.1	421911	423104		minus	OmpA family protein		99749677	protein-coding		WP_074668669.1	397	QWU49_RS01720
NZ_CP129143.1	423234	425150		minus	DNA mismatch repair endonuclease MutL	mutL	99749678	protein-coding		WP_005829573.1	638	QWU49_RS01725
NZ_CP129143.1	425190	425480		minus	hypothetical protein		99749679	protein-coding		WP_005829571.1	96	QWU49_RS01730
NZ_CP129143.1	425485	427206		minus	OstA-like protein		99749680	protein-coding		WP_005829570.1	573	QWU49_RS01735
NZ_CP129143.1	427232	428599		minus	peptidylprolyl isomerase		99749681	protein-coding		WP_005829568.1	455	QWU49_RS01740
NZ_CP129143.1	428610	429458		minus	peptidylprolyl isomerase		99749682	protein-coding		WP_005829565.1	282	QWU49_RS01745
NZ_CP129143.1	429516	431078		minus	peptidylprolyl isomerase		99749683	protein-coding		WP_005829563.1	520	QWU49_RS01750
NZ_CP129143.1	431168	432643		minus	IMP dehydrogenase	guaB	99749684	protein-coding		WP_005829561.1	491	QWU49_RS01755
NZ_CP129143.1	432746	434929		minus	DNA helicase RecQ	recQ	99749685	protein-coding		WP_005829559.1	727	QWU49_RS01760
NZ_CP129143.1	435104	436348		minus	ATP-dependent Clp protease ATP-binding subunit ClpX	clpX	99749686	protein-coding		WP_005829557.1	414	QWU49_RS01765
NZ_CP129143.1	436351	437013		minus	ATP-dependent Clp endopeptidase proteolytic subunit ClpP	clpP	99749687	protein-coding		WP_005829555.1	220	QWU49_RS01770
NZ_CP129143.1	437145	438500		minus	trigger factor	tig	99749688	protein-coding		WP_005829551.1	451	QWU49_RS01775
NZ_CP129143.1	438975	439223		plus	RNA recognition motif domain-containing protein		99749689	protein-coding		WP_005829545.1	82	QWU49_RS01780
NZ_CP129143.1	439306	440046		minus	LPS export ABC transporter ATP-binding protein	lptB	99749690	protein-coding		WP_034523256.1	246	QWU49_RS01785
NZ_CP129143.1	440229	440972		plus	MlaE family ABC transporter permease		99749691	protein-coding		WP_005829541.1	247	QWU49_RS01790
NZ_CP129143.1	440969	441739		plus	ABC transporter ATP-binding protein		99749692	protein-coding		WP_005829539.1	256	QWU49_RS01795
NZ_CP129143.1	441854	443167		minus	ribosome biogenesis GTPase Der	der	99749693	protein-coding		WP_005829538.1	437	QWU49_RS01800
NZ_CP129143.1	443217	444098		minus	GTPase Era	era	99749694	protein-coding		WP_005829536.1	293	QWU49_RS01805
NZ_CP129143.1	444184	445188		minus	beta-ketoacyl-ACP synthase III		99749695	protein-coding		WP_005829534.1	334	QWU49_RS01810
NZ_CP129143.1	445312	445497		minus	50S ribosomal protein L32	rpmF	99749696	protein-coding		WP_004288267.1	61	QWU49_RS01815
NZ_CP129143.1	445510	446088		minus	DUF177 domain-containing protein		99749697	protein-coding		WP_005829530.1	192	QWU49_RS01820
NZ_CP129143.1	446321	446431		minus	5S ribosomal RNA	rrf	99749698	rRNA				QWU49_RS01825
NZ_CP129143.1	446504	449383		minus	23S ribosomal RNA		99749699	rRNA				QWU49_RS01830
NZ_CP129143.1	449497	449570		minus	tRNA-Ala		99749700	tRNA				QWU49_RS01835
NZ_CP129143.1	449661	449734		minus	tRNA-Ile		99749701	tRNA				QWU49_RS01840
NZ_CP129143.1	449870	451396		minus	16S ribosomal RNA		99749702	rRNA				QWU49_RS01845
NZ_CP129143.1	452535	454250		minus	DUF6377 domain-containing protein		99749703	protein-coding		WP_005824747.1	571	QWU49_RS01850
NZ_CP129143.1	454691	457606		plus	SusC/RagA family TonB-linked outer membrane protein		99749704	protein-coding		WP_369738703.1	971	QWU49_RS01855
NZ_CP129143.1	457625	459151		plus	RagB/SusD family nutrient uptake outer membrane protein		99749705	protein-coding		WP_005824743.1	508	QWU49_RS01860
NZ_CP129143.1	459183	460694		plus	glycoside hydrolase family 30 protein		99749706	protein-coding		WP_005824741.1	503	QWU49_RS01865
NZ_CP129143.1	460722	462053		plus	DUF5125 domain-containing protein		99749707	protein-coding		WP_005824739.1	443	QWU49_RS01870
NZ_CP129143.1	462147	462491		minus	hypothetical protein		99749708	protein-coding		WP_005824737.1	114	QWU49_RS01875
NZ_CP129143.1	462488	462796		minus	FtsB family cell division protein		99749709	protein-coding		WP_005824736.1	102	QWU49_RS01880
NZ_CP129143.1	462939	464753		plus	DNA polymerase III subunit gamma/tau		99749710	protein-coding		WP_005824735.1	604	QWU49_RS01885
NZ_CP129143.1	464908	466767		plus	tetratricopeptide repeat-containing sensor histidine kinase		99749711	protein-coding		WP_172679957.1	619	QWU49_RS01890
NZ_CP129143.1	466764	468725		plus	sensor histidine kinase		99749712	protein-coding		WP_005824732.1	653	QWU49_RS01895
NZ_CP129143.1	468962	469132		plus	DUF362 domain-containing protein		99749713	protein-coding		WP_005834872.1	56	QWU49_RS01900
NZ_CP129143.1	469516	470709		minus	pyridoxal phosphate-dependent aminotransferase		99749714	protein-coding		WP_005834870.1	397	QWU49_RS01905
NZ_CP129143.1	470791	472005		minus	bifunctional 3,4-dihydroxy-2-butanone-4-phosphate synthase/GTP cyclohydrolase II		99749715	protein-coding		WP_005824728.1	404	QWU49_RS01910
NZ_CP129143.1	472020	473921		minus	LptF/LptG family permease		99749716	protein-coding		WP_005824727.1	633	QWU49_RS01915
NZ_CP129143.1	473999	474385		minus	START-like domain-containing protein		99749717	protein-coding		WP_005824726.1	128	QWU49_RS01920
NZ_CP129143.1	474642	474715		plus	tRNA-Met		99749718	tRNA				QWU49_RS01925
NZ_CP129143.1	474905	476239		plus	TolC family protein		99749719	protein-coding		WP_005824723.1	444	QWU49_RS01930
NZ_CP129143.1	476316	477410		plus	HlyD family secretion protein		99749720	protein-coding		WP_005824722.1	364	QWU49_RS01935
NZ_CP129143.1	477445	479085		plus	hypothetical protein		99749721	protein-coding		WP_005824720.1	546	QWU49_RS01940
NZ_CP129143.1	479123	479989		plus	helix-turn-helix domain-containing protein		99749722	protein-coding		WP_034525423.1	288	QWU49_RS01945
NZ_CP129143.1	479996	481435		minus	sensor histidine kinase		99749723	protein-coding		WP_005824715.1	479	QWU49_RS01950
NZ_CP129143.1	481456	482577		minus	sensor protein KdpD		99749724	protein-coding		WP_005834862.1	373	QWU49_RS01955
NZ_CP129143.1	482690	483445		minus	hypothetical protein		99749725	protein-coding		WP_005824711.1	251	QWU49_RS01960
NZ_CP129143.1	483592	484164		minus	K(+)-transporting ATPase subunit C		99749726	protein-coding		WP_005824709.1	190	QWU49_RS01965
NZ_CP129143.1	484177	486225		minus	potassium-transporting ATPase subunit KdpB	kdpB	99749727	protein-coding		WP_005824707.1	682	QWU49_RS01970
NZ_CP129143.1	486256	487962		minus	potassium-transporting ATPase subunit KdpA	kdpA	99749728	protein-coding		WP_009037805.1	568	QWU49_RS01975
NZ_CP129143.1	487981	488061		minus	K(+)-transporting ATPase subunit F	kdpF	99749729	protein-coding		WP_055305132.1	26	QWU49_RS01980
NZ_CP129143.1	488447	489799		minus	sigma-54-dependent transcriptional regulator		99749730	protein-coding		WP_008662930.1	450	QWU49_RS01985
NZ_CP129143.1	490104	491438		plus	aspartate kinase		99749731	protein-coding		WP_008662927.1	444	QWU49_RS01990
NZ_CP129143.1	491435	492226		minus	SGNH/GDSL hydrolase family protein		99749732	protein-coding		WP_005824695.1	263	QWU49_RS01995
NZ_CP129143.1	492245	493432		minus	AGE family epimerase/isomerase		99749733	protein-coding		WP_008662925.1	395	QWU49_RS02000
NZ_CP129143.1	493473	494852		minus	MFS transporter		99749734	protein-coding		WP_005824990.1	459	QWU49_RS02005
NZ_CP129143.1	494870	496042		minus	glycosidase		99749735	protein-coding		WP_005824991.1	390	QWU49_RS02010
NZ_CP129143.1	496065	497180		minus	glycoside hydrolase family 26 protein		99749736	protein-coding		WP_005834842.1	371	QWU49_RS02015
NZ_CP129143.1	497312	498772		minus	TolB family protein		99749737	protein-coding		WP_005834841.1	486	QWU49_RS02020
NZ_CP129143.1	498783	500549		minus	DUF6057 family protein		99749738	protein-coding		WP_005824995.1	588	QWU49_RS02025
NZ_CP129143.1	500600	502075		minus	TolB family protein		99749739	protein-coding		WP_005824996.1	491	QWU49_RS02030
NZ_CP129143.1	502079	503530		minus	DUF6057 family protein		99749740	protein-coding		WP_005824997.1	483	QWU49_RS02035
NZ_CP129143.1	503502	504116		minus	DUF4369 domain-containing protein		99749741	protein-coding		WP_005824998.1	204	QWU49_RS02040
NZ_CP129143.1	504196	505323		minus	Rid family hydrolase		99749742	protein-coding		WP_005825000.1	375	QWU49_RS02045
NZ_CP129143.1	505584	506912		minus	VapE domain-containing protein		99749743	protein-coding		WP_005825002.1	442	QWU49_RS02050
NZ_CP129143.1	507272	507913		plus	HU family DNA-binding protein		99749744	protein-coding		WP_005834825.1	213	QWU49_RS02055
NZ_CP129143.1	508235	508957		minus	hypothetical protein		99749745	protein-coding		WP_005825006.1	240	QWU49_RS02060
NZ_CP129143.1	509028	509885		minus	hypothetical protein		99749746	protein-coding		WP_005834823.1	285	QWU49_RS02065
NZ_CP129143.1	509912	511681		minus	RagB/SusD family nutrient uptake outer membrane protein		99749747	protein-coding		WP_005825008.1	589	QWU49_RS02070
NZ_CP129143.1	511694	514942		minus	SusC/RagA family TonB-linked outer membrane protein		99749748	protein-coding		WP_005825009.1	1082	QWU49_RS02075
NZ_CP129143.1	515348	517045		minus	glycosyl hydrolase		99749749	protein-coding		WP_005825012.1	565	QWU49_RS02080
NZ_CP129143.1	517113	519098		minus	hypothetical protein		99749750	protein-coding		WP_005825014.1	661	QWU49_RS02085
NZ_CP129143.1	519120	520421		minus	glycan-binding surface protein		99749751	protein-coding		WP_034525433.1	433	QWU49_RS02090
NZ_CP129143.1	520438	522159		minus	RagB/SusD family nutrient uptake outer membrane protein		99749752	protein-coding		WP_005825019.1	573	QWU49_RS02095
NZ_CP129143.1	522180	525446		minus	SusC/RagA family TonB-linked outer membrane protein		99749753	protein-coding		WP_005825021.1	1088	QWU49_RS02100
NZ_CP129143.1	525672	526652		minus	glycoside hydrolase family 5 protein		99749754	protein-coding		WP_005825023.1	326	QWU49_RS02105
NZ_CP129143.1	526765	528057		minus	glycoside hydrolase 5 family protein		99749755	protein-coding		WP_005825026.1	430	QWU49_RS02110
NZ_CP129143.1	528149	529432		minus	acetylxylan esterase		99749756	protein-coding		WP_005834805.1	427	QWU49_RS02115
NZ_CP129143.1	529505	530392		minus	helix-turn-helix domain-containing protein		99749757	protein-coding		WP_009037794.1	295	QWU49_RS02120
NZ_CP129143.1	530697	533141		minus	beta-galactosidase GalA	galA	99749758	protein-coding		WP_005825033.1	814	QWU49_RS02125
NZ_CP129143.1	533364	535850		plus	GH36-type glycosyl hydrolase domain-containing protein		99749759	protein-coding		WP_005825037.1	828	QWU49_RS02130
NZ_CP129143.1	535869	536873		plus	aldo/keto reductase		99749760	protein-coding		WP_005825039.1	334	QWU49_RS02135
NZ_CP129143.1	536880	538895		plus	glycoside hydrolase family 97 protein		99749761	protein-coding		WP_005825041.1	671	QWU49_RS02140
NZ_CP129143.1	539087	539725		plus	DUF4136 domain-containing protein		99749762	protein-coding		WP_005825043.1	212	QWU49_RS02145
NZ_CP129143.1	539849	540478		plus	outer membrane beta-barrel protein		99749763	protein-coding		WP_005834794.1	209	QWU49_RS02150
NZ_CP129143.1	540586	543630		minus	glycoside hydrolase family 3 N-terminal domain-containing protein		99749764	protein-coding		WP_005825051.1	1014	QWU49_RS02155
NZ_CP129143.1	543651	546665		minus	glycoside hydrolase family 3 N-terminal domain-containing protein		99749765	protein-coding		WP_005825053.1	1004	QWU49_RS02160
NZ_CP129143.1	546667	547584		minus	bifunctional metallophosphatase/5'-nucleotidase		99749766	protein-coding		WP_005825055.1	305	QWU49_RS02165
NZ_CP129143.1	547607	548377		minus	5'-nucleotidase C-terminal domain-containing protein		99749767	protein-coding		WP_016273980.1	256	QWU49_RS02170
NZ_CP129143.1	548637	548990		plus	50S ribosomal protein L19	rplS	99749768	protein-coding		WP_004292313.1	117	QWU49_RS02175
NZ_CP129143.1	549748	550728		minus	ROK family protein		99749769	protein-coding		WP_005825067.1	326	QWU49_RS02180
NZ_CP129143.1	550905	551621		plus	ABC transporter ATP-binding protein		99749770	protein-coding		WP_005825069.1	238	QWU49_RS02185
NZ_CP129143.1	551676	552935		plus	ABC transporter permease		99749771	protein-coding		WP_005825072.1	419	QWU49_RS02190
NZ_CP129143.1	552941	554182		plus	ABC transporter permease		99749772	protein-coding		WP_005825074.1	413	QWU49_RS02195
NZ_CP129143.1	554261	555364		plus	efflux RND transporter periplasmic adaptor subunit		99749773	protein-coding		WP_005825076.1	367	QWU49_RS02200
NZ_CP129143.1	555395	556723		plus	TolC family protein		99749774	protein-coding		WP_005825078.1	442	QWU49_RS02205
NZ_CP129143.1	556808	557725		minus	hypothetical protein		99749775	protein-coding		WP_005825085.1	305	QWU49_RS02210
NZ_CP129143.1	557740	558432		minus	DUF4476 domain-containing protein		99749776	protein-coding		WP_005825088.1	230	QWU49_RS02215
NZ_CP129143.1	558533	559369		minus	CvfB family protein		99749777	protein-coding		WP_005825090.1	278	QWU49_RS02220
NZ_CP129143.1	559563	560564		plus	malate dehydrogenase		99749778	protein-coding		WP_005825092.1	333	QWU49_RS02225
NZ_CP129143.1	560702	560774		plus	tRNA-Phe		99749779	tRNA				QWU49_RS02230
NZ_CP129143.1	560790	560862		plus	tRNA-Pro		99749780	tRNA				QWU49_RS02235
NZ_CP129143.1	560904	561819		minus	uncharacterized gene		99749781	pseudogene				QWU49_RS02240
NZ_CP129143.1	561942	563096		minus	lactaldehyde reductase	fucO	99749782	protein-coding		WP_008662885.1	384	QWU49_RS02245
NZ_CP129143.1	563122	563931		minus	rhamnulose-1-phosphate aldolase	rhaD	99749783	protein-coding		WP_005825102.1	269	QWU49_RS02250
NZ_CP129143.1	563979	564989		minus	L-rhamnose/proton symporter RhaT		99749784	protein-coding		WP_005825105.1	336	QWU49_RS02255
NZ_CP129143.1	565012	566265		minus	L-rhamnose isomerase		99749785	protein-coding		WP_005825107.1	417	QWU49_RS02260
NZ_CP129143.1	566307	567779		minus	rhamnulokinase		99749786	protein-coding		WP_005825109.1	490	QWU49_RS02265
NZ_CP129143.1	568094	568567		plus	arginine repressor	argR	99749787	protein-coding		WP_005825113.1	157	QWU49_RS02270
NZ_CP129143.1	568604	569161		plus	GNAT family N-acetyltransferase		99749788	protein-coding		WP_005825115.1	185	QWU49_RS02275
NZ_CP129143.1	569175	570380		plus	argininosuccinate synthase		99749789	protein-coding		WP_005825117.1	401	QWU49_RS02280
NZ_CP129143.1	570381	570599		plus	PspC domain-containing protein		99749790	protein-coding		WP_005825120.1	72	QWU49_RS02285
NZ_CP129143.1	570592	571560		plus	N-acetyl-gamma-glutamyl-phosphate reductase	argC	99749791	protein-coding		WP_005825122.1	322	QWU49_RS02290
NZ_CP129143.1	571566	572687		plus	aspartate aminotransferase family protein		99749792	protein-coding		WP_005825124.1	373	QWU49_RS02295
NZ_CP129143.1	572817	573590		plus	pyrroline-5-carboxylate reductase	proC	99749793	protein-coding		WP_005825128.1	257	QWU49_RS02300
NZ_CP129143.1	573712	574266		plus	helix-turn-helix domain-containing protein		99749794	protein-coding		WP_005825132.1	184	QWU49_RS02305
NZ_CP129143.1	574274	575929		plus	AMP-binding protein		99749795	protein-coding		WP_005825134.1	551	QWU49_RS02310
NZ_CP129143.1	576149	577399		plus	acyloxyacyl hydrolase		99749796	protein-coding		WP_005825139.1	416	QWU49_RS02315
NZ_CP129143.1	577749	577832		minus	tRNA-Leu		99749797	tRNA				QWU49_RS02320
NZ_CP129143.1	577853	577925		minus	tRNA-Gly		99749798	tRNA				QWU49_RS02325
NZ_CP129143.1	578028	579368		minus	argininosuccinate lyase	argH	99749799	protein-coding		WP_005825140.1	446	QWU49_RS02330
NZ_CP129143.1	579397	579807		minus	SRPBCC family protein		99749800	protein-coding		WP_005825141.1	136	QWU49_RS02335
NZ_CP129143.1	579901	580539		minus	orotate phosphoribosyltransferase	pyrE	99749801	protein-coding		WP_005825142.1	212	QWU49_RS02340
NZ_CP129143.1	580622	581101		minus	regulatory protein RecX		99749802	protein-coding		WP_005825143.1	159	QWU49_RS02345
NZ_CP129143.1	581098	581934		minus	peptide chain release factor N(5)-glutamine methyltransferase	prmC	99749803	protein-coding		WP_008662876.1	278	QWU49_RS02350
NZ_CP129143.1	582009	583064		plus	bifunctional diaminohydroxyphosphoribosylaminopyrimidine deaminase/5-amino-6-(5-phosphoribosylamino)uracil reductase RibD	ribD	99749804	protein-coding		WP_005825145.1	351	QWU49_RS02355
NZ_CP129143.1	583199	584563		plus	DUF6242 domain-containing protein		99749805	protein-coding		WP_005825147.1	454	QWU49_RS02360
NZ_CP129143.1	584569	585303		plus	isoprenyl transferase		99749806	protein-coding		WP_005834753.1	244	QWU49_RS02365
NZ_CP129143.1	585356	587995		plus	outer membrane protein assembly factor BamA	bamA	99749807	protein-coding		WP_005825149.1	879	QWU49_RS02370
NZ_CP129143.1	588037	588552		plus	OmpH family outer membrane protein		99749808	protein-coding		WP_005825150.1	171	QWU49_RS02375
NZ_CP129143.1	588681	589187		plus	OmpH family outer membrane protein		99749809	protein-coding		WP_005825151.1	168	QWU49_RS02380
NZ_CP129143.1	589297	590136		plus	glutamate racemase	murI	99749810	protein-coding		WP_005825152.1	279	QWU49_RS02385
NZ_CP129143.1	590212	590451		plus	DUF2007-related protein		99749811	protein-coding		WP_005825154.1	79	QWU49_RS02390
NZ_CP129143.1	590441	591520		plus	glutamate 5-kinase	proB	99749812	protein-coding		WP_005825155.1	359	QWU49_RS02395
NZ_CP129143.1	591587	592834		plus	glutamate-5-semialdehyde dehydrogenase		99749813	protein-coding		WP_005825156.1	415	QWU49_RS02400
NZ_CP129143.1	592879	593832		plus	acetylornithine carbamoyltransferase		99749814	protein-coding		WP_005825157.1	317	QWU49_RS02405
NZ_CP129143.1	593974	594360		minus	rhodanese-like domain-containing protein		99749815	protein-coding		WP_008662859.1	128	QWU49_RS02410
NZ_CP129143.1	594374	595042		minus	hypothetical protein		99749816	protein-coding		WP_005825161.1	222	QWU49_RS02415
NZ_CP129143.1	595047	596204		minus	hypothetical protein		99749817	protein-coding		WP_005825164.1	385	QWU49_RS02420
NZ_CP129143.1	596217	597197		minus	D-alanine--D-alanine ligase		99749818	protein-coding		WP_005825166.1	326	QWU49_RS02425
NZ_CP129143.1	597194	598264		minus	RluA family pseudouridine synthase		99749819	protein-coding		WP_005825168.1	356	QWU49_RS02430
NZ_CP129143.1	598318	598965		minus	PASTA domain-containing protein		99749820	protein-coding		WP_005825170.1	215	QWU49_RS02435
NZ_CP129143.1	599136	599297		minus	50S ribosomal protein L34	rpmH	99749821	protein-coding		WP_004292199.1	53	QWU49_RS02440
NZ_CP129143.1	599492	600058		plus	elongation factor P	efp	99749822	protein-coding		WP_005825176.1	188	QWU49_RS02445
NZ_CP129143.1	600204	601193		plus	glycosyltransferase		99749823	protein-coding		WP_005825178.1	329	QWU49_RS02450
NZ_CP129143.1	601225	601911		plus	RadC family protein	radC	99749824	protein-coding		WP_005825180.1	228	QWU49_RS02455
NZ_CP129143.1	602397	603398		minus	IS3 family transposase		99749825	protein-coding		WP_227212994.1	333	QWU49_RS02460
NZ_CP129143.1	603380	603760		minus	transposase		99749826	protein-coding		WP_005828537.1	126	QWU49_RS02465
NZ_CP129143.1	603939	604250		plus	metal-sulfur cluster assembly factor		99749827	protein-coding		WP_005824875.1	103	QWU49_RS02470
NZ_CP129143.1	604290	605054		plus	UDP-2,3-diacylglucosamine diphosphatase		99749828	protein-coding		WP_005824878.1	254	QWU49_RS02475
NZ_CP129143.1	605096	606952		plus	serine hydrolase		99749829	protein-coding		WP_005824880.1	618	QWU49_RS02480
NZ_CP129143.1	607052	607264		plus	hypothetical protein		99749830	protein-coding		WP_005824882.1	70	QWU49_RS02485
NZ_CP129143.1	607371	608771		minus	alkaline phosphatase		99749831	protein-coding		WP_005824885.1	466	QWU49_RS02490
NZ_CP129143.1	608952	610148		minus	acetate/propionate family kinase		99749832	protein-coding		WP_005824887.1	398	QWU49_RS02495
NZ_CP129143.1	610170	611189		minus	phosphate acetyltransferase	pta	99749833	protein-coding		WP_005824889.1	339	QWU49_RS02500
NZ_CP129143.1	611512	611850		plus	CidA/LrgA family protein		99749834	protein-coding		WP_005824896.1	112	QWU49_RS02505
NZ_CP129143.1	611847	612542		plus	LrgB family protein		99749835	protein-coding		WP_005824898.1	231	QWU49_RS02510
NZ_CP129143.1	612595	613509		plus	DUF2156 domain-containing protein		99749836	protein-coding		WP_005824900.1	304	QWU49_RS02515
NZ_CP129143.1	613552	614568		plus	GNAT family N-acetyltransferase		99749837	protein-coding		WP_005824902.1	338	QWU49_RS02520
NZ_CP129143.1	614571	615890		minus	TldD/PmbA family protein		99749838	protein-coding		WP_005824904.1	439	QWU49_RS02525
NZ_CP129143.1	615913	617451		minus	TldD/PmbA family protein		99749839	protein-coding		WP_005824906.1	512	QWU49_RS02530
NZ_CP129143.1	617531	618295		minus	diadenylate cyclase CdaA	cdaA	99749840	protein-coding		WP_005824908.1	254	QWU49_RS02535
NZ_CP129143.1	618322	619173		minus	dihydropteroate synthase	folP	99749841	protein-coding		WP_005824910.1	283	QWU49_RS02540
NZ_CP129143.1	619358	620656		plus	UDP-N-acetylmuramoyl-tripeptide--D-alanyl-D-alanine ligase		99749842	protein-coding		WP_005824911.1	432	QWU49_RS02545
NZ_CP129143.1	620659	621042		minus	VanZ family protein		99749843	protein-coding		WP_005824913.1	127	QWU49_RS02550
NZ_CP129143.1	621146	622513		plus	sodium-dependent transporter		99749844	protein-coding		WP_005824915.1	455	QWU49_RS02555
NZ_CP129143.1	622520	623470		plus	helix-hairpin-helix domain-containing protein		99749845	protein-coding		WP_005824917.1	316	QWU49_RS02560
NZ_CP129143.1	623595	625919		plus	TonB-dependent receptor		99749846	protein-coding		WP_005824919.1	774	QWU49_RS02565
NZ_CP129143.1	625922	626581		minus	ABC transporter ATP-binding protein		99749847	protein-coding		WP_005824920.1	219	QWU49_RS02570
NZ_CP129143.1	626646	627356		minus	tRNA threonylcarbamoyladenosine dehydratase		99749848	protein-coding		WP_005824922.1	236	QWU49_RS02575
NZ_CP129143.1	627358	629487		minus	cation:proton antiporter		99749849	protein-coding		WP_005824924.1	709	QWU49_RS02580
NZ_CP129143.1	629642	630649		plus	aspartate-semialdehyde dehydrogenase		99749850	protein-coding		WP_005824925.1	335	QWU49_RS02585
NZ_CP129143.1	630850	632268		minus	C10 family peptidase		99749851	protein-coding		WP_005824927.1	472	QWU49_RS02590
NZ_CP129143.1	632412	634226		minus	RagB/SusD family nutrient uptake outer membrane protein		99749852	protein-coding		WP_005824929.1	604	QWU49_RS02595
NZ_CP129143.1	634234	637557		minus	SusC/RagA family TonB-linked outer membrane protein		99749853	protein-coding		WP_005824930.1	1107	QWU49_RS02600
NZ_CP129143.1	637970	638818		minus	hypothetical protein		99749854	protein-coding		WP_005824933.1	282	QWU49_RS02605
NZ_CP129143.1	639222	642617		plus	SusC/RagA family TonB-linked outer membrane protein		99749855	protein-coding		WP_005824938.1	1131	QWU49_RS02610
NZ_CP129143.1	642640	644325		plus	RagB/SusD family nutrient uptake outer membrane protein		99749856	protein-coding		WP_005824940.1	561	QWU49_RS02615
NZ_CP129143.1	644534	646087		plus	hypothetical protein		99749857	protein-coding		WP_005824945.1	517	QWU49_RS02620
NZ_CP129143.1	646178	646450		plus	HI0074 family nucleotidyltransferase substrate-binding subunit		99749858	protein-coding		WP_005824947.1	90	QWU49_RS02625
NZ_CP129143.1	646454	646762		plus	nucleotidyltransferase domain-containing protein		99749859	protein-coding		WP_005824948.1	102	QWU49_RS02630
NZ_CP129143.1	646911	647534		minus	HU family DNA-binding protein		99749860	protein-coding		WP_005824951.1	207	QWU49_RS02635
NZ_CP129143.1	647906	649999		plus	BT4734/BF3469 family protein		99749861	protein-coding		WP_005824953.1	697	QWU49_RS02640
NZ_CP129143.1	650230	651396		plus	exo-beta-N-acetylmuramidase NamZ family protein		99749862	protein-coding		WP_034525429.1	388	QWU49_RS02645
NZ_CP129143.1	651555	653009		plus	sodium:solute symporter		99749863	protein-coding		WP_005824960.1	484	QWU49_RS02650
NZ_CP129143.1	653025	656135		plus	hypothetical protein		99749864	protein-coding		WP_005824962.1	1036	QWU49_RS02655
NZ_CP129143.1	656155	658014		plus	PQQ-binding-like beta-propeller repeat protein		99749865	protein-coding		WP_005824965.1	619	QWU49_RS02660
NZ_CP129143.1	658039	659499		plus	glycosyltransferase family 2 protein		99749866	protein-coding		WP_005824967.1	486	QWU49_RS02665
NZ_CP129143.1	659501	660433		plus	DUF4922 domain-containing protein		99749867	protein-coding		WP_005824968.1	310	QWU49_RS02670
NZ_CP129143.1	660475	661794		plus	SpoIID/LytB domain-containing protein		99749868	protein-coding		WP_005824970.1	439	QWU49_RS02675
NZ_CP129143.1	661822	663144		plus	MFS transporter		99749869	protein-coding		WP_005824972.1	440	QWU49_RS02680
NZ_CP129143.1	663193	664434		plus	exo-beta-N-acetylmuramidase NamZ family protein		99749870	protein-coding		WP_005824974.1	413	QWU49_RS02685
NZ_CP129143.1	664611	667571		plus	FAD-binding and (Fe-S)-binding domain-containing protein		99749871	protein-coding		WP_005824976.1	986	QWU49_RS02690
NZ_CP129143.1	667605	668789		plus	acyltransferase family protein		99749872	protein-coding		WP_005824978.1	394	QWU49_RS02695
NZ_CP129143.1	668919	669758		plus	BadF/BadG/BcrA/BcrD ATPase family protein		99749873	protein-coding		WP_005824980.1	279	QWU49_RS02700
NZ_CP129143.1	669805	670614		plus	N-acetylmuramic acid 6-phosphate etherase	murQ	99749874	protein-coding		WP_005824981.1	269	QWU49_RS02705
NZ_CP129143.1	670643	672538		plus	serine hydrolase		99749875	protein-coding		WP_005824982.1	631	QWU49_RS02710
NZ_CP129143.1	672683	673327		minus	FKBP-type peptidyl-prolyl cis-trans isomerase		99749876	protein-coding		WP_005824983.1	214	QWU49_RS02715
NZ_CP129143.1	673396	674937		minus	glycine--tRNA ligase		99749877	protein-coding		WP_005824984.1	513	QWU49_RS02720
NZ_CP129143.1	675176	677512		minus	beta-glucosidase		99749878	protein-coding		WP_005824986.1	778	QWU49_RS02725
NZ_CP129143.1	677526	678722		minus	esterase		99749879	protein-coding		WP_005824987.1	398	QWU49_RS02730
NZ_CP129143.1	678758	680299		minus	DUF1593 domain-containing protein		99749880	protein-coding		WP_005824988.1	513	QWU49_RS02735
NZ_CP129143.1	680321	681868		minus	RagB/SusD family nutrient uptake outer membrane protein		99749881	protein-coding		WP_009037748.1	515	QWU49_RS02740
NZ_CP129143.1	681889	684945		minus	SusC/RagA family TonB-linked outer membrane protein		99749882	protein-coding		WP_016272477.1	1018	QWU49_RS02745
NZ_CP129143.1	685020	686036		minus	GRP family sugar transporter		99749883	protein-coding		WP_005834661.1	338	QWU49_RS02750
NZ_CP129143.1	686072	687496		minus	L-fucose/L-arabinose isomerase family protein		99749884	protein-coding		WP_005830248.1	474	QWU49_RS02755
NZ_CP129143.1	687535	689013		minus	FGGY-family carbohydrate kinase		99749885	protein-coding		WP_005830250.1	492	QWU49_RS02760
NZ_CP129143.1	689062	689985		minus	transketolase family protein		99749886	protein-coding		WP_005834658.1	307	QWU49_RS02765
NZ_CP129143.1	689987	690820		minus	transketolase		99749887	protein-coding		WP_005830255.1	277	QWU49_RS02770
NZ_CP129143.1	691075	691689		plus	3,4-dihydroxy-2-butanone-4-phosphate synthase	ribB	99749888	protein-coding		WP_005830259.1	204	QWU49_RS02775
NZ_CP129143.1	691697	692458		plus	DeoR/GlpR family DNA-binding transcription regulator		99749889	protein-coding		WP_005830261.1	253	QWU49_RS02780
NZ_CP129143.1	692538	694064		minus	MutS-related protein		99749890	protein-coding		WP_005830263.1	508	QWU49_RS02785
NZ_CP129143.1	694203	695306		plus	glycoside hydrolase family 43 protein		99749891	protein-coding		WP_005830266.1	367	QWU49_RS02790
NZ_CP129143.1	695388	697385		minus	glycoside hydrolase family 2 protein		99749892	protein-coding		WP_005830268.1	665	QWU49_RS02795
NZ_CP129143.1	697630	701640		plus	hybrid sensor histidine kinase/response regulator transcription factor		99749893	protein-coding		WP_005830273.1	1336	QWU49_RS02800
NZ_CP129143.1	701760	704936		plus	SusC/RagA family TonB-linked outer membrane protein		99749894	protein-coding		WP_005830275.1	1058	QWU49_RS02805
NZ_CP129143.1	704980	706602		plus	RagB/SusD family nutrient uptake outer membrane protein		99749895	protein-coding		WP_005830278.1	540	QWU49_RS02810
NZ_CP129143.1	706643	708100		plus	glycan-binding surface protein		99749896	protein-coding		WP_034525954.1	485	QWU49_RS02815
NZ_CP129143.1	708231	709664		plus	cellulase family glycosylhydrolase		99749897	protein-coding		WP_005830286.1	477	QWU49_RS02820
NZ_CP129143.1	709696	711768		plus	glycoside hydrolase family 97 protein		99749898	protein-coding		WP_005830289.1	690	QWU49_RS02825
NZ_CP129143.1	711765	715490		plus	glycoside hydrolase family 2 TIM barrel-domain containing protein		99749899	protein-coding		WP_229031903.1	1241	QWU49_RS02830
NZ_CP129143.1	715517	717577		plus	beta-galactosidase		99749900	protein-coding		WP_005830295.1	686	QWU49_RS02835
NZ_CP129143.1	717600	720707		plus	glycoside hydrolase family 2 TIM barrel-domain containing protein		99749901	protein-coding		WP_005830298.1	1035	QWU49_RS02840
NZ_CP129143.1	720765	722381		plus	alpha-L-fucosidase		99749902	protein-coding		WP_005830301.1	538	QWU49_RS02845
NZ_CP129143.1	722396	724786		plus	TIM-barrel domain-containing protein		99749903	protein-coding		WP_005830303.1	796	QWU49_RS02850
NZ_CP129143.1	724836	727676		plus	family 43 glycosylhydrolase		99749904	protein-coding		WP_229031904.1	946	QWU49_RS02855
NZ_CP129143.1	727676	727960		plus	hypothetical protein		99749905	protein-coding		WP_070100546.1	94	QWU49_RS02860
NZ_CP129143.1	728098	730779		plus	DNA gyrase/topoisomerase IV subunit A		99749906	protein-coding		WP_005830314.1	893	QWU49_RS02865
NZ_CP129143.1	730841	731695		plus	DUF3316 domain-containing protein		99749907	protein-coding		WP_005830316.1	284	QWU49_RS02870
NZ_CP129143.1	731740	732756		plus	S41 family peptidase		99749908	protein-coding		WP_085931088.1	338	QWU49_RS02875
NZ_CP129143.1	732833	732914		plus	tRNA-Leu		99749909	tRNA				QWU49_RS02880
NZ_CP129143.1	733083	735947		plus	helix-turn-helix and ligand-binding sensor domain-containing protein		99749910	protein-coding		WP_005830320.1	954	QWU49_RS02885
NZ_CP129143.1	736126	739149		plus	SusC/RagA family TonB-linked outer membrane protein		99749911	protein-coding		WP_005830322.1	1007	QWU49_RS02890
NZ_CP129143.1	739168	740718		plus	RagB/SusD family nutrient uptake outer membrane protein		99749912	protein-coding		WP_005830324.1	516	QWU49_RS02895
NZ_CP129143.1	740731	742830		plus	family 43 glycosylhydrolase		99749913	protein-coding		WP_005830326.1	699	QWU49_RS02900
NZ_CP129143.1	742848	744239		plus	glucoamylase family protein		99749914	protein-coding		WP_034525906.1	463	QWU49_RS02905
NZ_CP129143.1	744359	746650		plus	beta-glucosidase BglX	bglX	99749915	protein-coding		WP_005830329.1	763	QWU49_RS02910
NZ_CP129143.1	746788	749823		plus	SusC/RagA family TonB-linked outer membrane protein		99749916	protein-coding		WP_005830331.1	1011	QWU49_RS02915
NZ_CP129143.1	749904	751424		plus	RagB/SusD family nutrient uptake outer membrane protein		99749917	protein-coding		WP_005830332.1	506	QWU49_RS02920
NZ_CP129143.1	751740	754076		plus	beta-glucosidase BglX	bglX	99749918	protein-coding		WP_034525957.1	778	QWU49_RS02925
NZ_CP129143.1	754116	754979		plus	endonuclease/exonuclease/phosphatase family protein		99749919	protein-coding		WP_008662722.1	287	QWU49_RS02930
NZ_CP129143.1	755024	756358		plus	glucoamylase family protein		99749920	protein-coding		WP_034525907.1	444	QWU49_RS02935
NZ_CP129143.1	756446	758977		minus	TonB-dependent receptor domain-containing protein		99749921	protein-coding		WP_005830342.1	843	QWU49_RS02940
NZ_CP129143.1	759128	760423		minus	MgtC/SapB family protein		99749922	protein-coding		WP_005830344.1	431	QWU49_RS02945
NZ_CP129143.1	760458	760925		minus	CYTH domain-containing protein		99749923	protein-coding		WP_005830347.1	155	QWU49_RS02950
NZ_CP129143.1	760945	761079		minus	hypothetical protein		99749924	protein-coding		WP_005830349.1	44	QWU49_RS02955
NZ_CP129143.1	761160	762275		minus	peptide chain release factor 2	prfB	99749925	protein-coding		WP_005830350.1	371	QWU49_RS02960
NZ_CP129143.1	762390	763142		minus	carbohydrate-binding family 9-like protein		99749926	protein-coding		WP_005830351.1	250	QWU49_RS02965
NZ_CP129143.1	763139	764542		minus	family 10 glycosylhydrolase		99749927	protein-coding		WP_005830352.1	467	QWU49_RS02970
NZ_CP129143.1	764548	765774		minus	DUF5009 domain-containing protein		99749928	protein-coding		WP_034525909.1	408	QWU49_RS02975
NZ_CP129143.1	765786	768236		minus	glycoside hydrolase family 9 protein		99749929	protein-coding		WP_034525961.1	816	QWU49_RS02980
NZ_CP129143.1	768322	769407		minus	M57 family metalloprotease		99749930	protein-coding		WP_008662714.1	361	QWU49_RS02985
NZ_CP129143.1	769536	771137		minus	SusD/RagB family nutrient-binding outer membrane lipoprotein		99749931	protein-coding		WP_005834583.1	533	QWU49_RS02990
NZ_CP129143.1	771153	774242		minus	SusC/RagA family TonB-linked outer membrane protein		99749932	protein-coding		WP_005830357.1	1029	QWU49_RS02995
NZ_CP129143.1	774960	776765		minus	AMP-dependent synthetase/ligase		99749933	protein-coding		WP_005830361.1	601	QWU49_RS03000
NZ_CP129143.1	776983	777600		plus	porin family protein		99749934	protein-coding		WP_005834577.1	205	QWU49_RS03005
NZ_CP129143.1	777691	778761		plus	M20 family metallo-hydrolase		99749935	protein-coding		WP_005830364.1	356	QWU49_RS03010
NZ_CP129143.1	778769	780070		minus	murein hydrolase activator EnvC family protein		99749936	protein-coding		WP_005830365.1	433	QWU49_RS03015
NZ_CP129143.1	780120	780707		minus	DUF4292 domain-containing protein		99749937	protein-coding		WP_005830366.1	195	QWU49_RS03020
NZ_CP129143.1	780685	782535		minus	tetratricopeptide repeat protein		99749938	protein-coding		WP_005830367.1	616	QWU49_RS03025
NZ_CP129143.1	782582	783016		minus	dUTP diphosphatase	dut	99749939	protein-coding		WP_025831605.1	144	QWU49_RS03030
NZ_CP129143.1	783229	784557		plus	deoxyguanosinetriphosphate triphosphohydrolase		99749940	protein-coding		WP_005830369.1	442	QWU49_RS03035
NZ_CP129143.1	784586	785563		minus	GNAT family N-acetyltransferase		99749941	protein-coding		WP_005830370.1	325	QWU49_RS03040
NZ_CP129143.1	785607	786425		minus	1-acyl-sn-glycerol-3-phosphate acyltransferase		99749942	protein-coding		WP_005830371.1	272	QWU49_RS03045
NZ_CP129143.1	786641	787144		plus	RNA polymerase sigma factor		99749943	protein-coding		WP_008662699.1	167	QWU49_RS03050
NZ_CP129143.1	787521	788024		plus	RNA polymerase sigma factor		99749944	protein-coding		WP_005830374.1	167	QWU49_RS03055
NZ_CP129143.1	788193	789614		plus	glycoside hydrolase family 125 protein		99749945	protein-coding		WP_085931089.1	473	QWU49_RS03060
NZ_CP129143.1	790136	790612		plus	division/cell wall cluster transcriptional repressor MraZ	mraZ	99749946	protein-coding		WP_005830382.1	158	QWU49_RS03065
NZ_CP129143.1	790623	791543		plus	16S rRNA (cytosine(1402)-N(4))-methyltransferase RsmH	rsmH	99749947	protein-coding		WP_008662693.1	306	QWU49_RS03070
NZ_CP129143.1	791553	791903		plus	FtsL-like putative cell division protein		99749948	protein-coding		WP_005830386.1	116	QWU49_RS03075
NZ_CP129143.1	791991	794129		plus	penicillin-binding protein		99749949	protein-coding		WP_005830388.1	712	QWU49_RS03080
NZ_CP129143.1	794175	795623		plus	UDP-N-acetylmuramoyl-L-alanyl-D-glutamate--2,6-diaminopimelate ligase		99749950	protein-coding		WP_016272445.1	482	QWU49_RS03085
NZ_CP129143.1	795746	797014		plus	phospho-N-acetylmuramoyl-pentapeptide-transferase	mraY	99749951	protein-coding		WP_005830392.1	422	QWU49_RS03090
NZ_CP129143.1	797110	798444		plus	UDP-N-acetylmuramoyl-L-alanine--D-glutamate ligase	murD	99749952	protein-coding		WP_034525910.1	444	QWU49_RS03095
NZ_CP129143.1	798536	799852		plus	FtsW/RodA/SpoVE family cell cycle protein		99749953	protein-coding		WP_005830397.1	438	QWU49_RS03100
NZ_CP129143.1	799952	801175		plus	undecaprenyldiphospho-muramoylpentapeptide beta-N-acetylglucosaminyltransferase	murG	99749954	protein-coding		WP_008662690.1	407	QWU49_RS03105
NZ_CP129143.1	801245	802690		plus	UDP-N-acetylmuramate--L-alanine ligase	murC	99749955	protein-coding		WP_005830401.1	481	QWU49_RS03110
NZ_CP129143.1	802683	803420		plus	cell division protein FtsQ/DivIB		99749956	protein-coding		WP_005830403.1	245	QWU49_RS03115
NZ_CP129143.1	803504	804937		plus	cell division protein FtsA	ftsA	99749957	protein-coding		WP_005830405.1	477	QWU49_RS03120
NZ_CP129143.1	804971	806284		plus	cell division protein FtsZ	ftsZ	99749958	protein-coding		WP_005830408.1	437	QWU49_RS03125
NZ_CP129143.1	806354	806803		plus	GatB/YqeY domain-containing protein		99749959	protein-coding		WP_005830410.1	149	QWU49_RS03130
NZ_CP129143.1	807141	807869		minus	DNA repair protein RecO	recO	99749960	protein-coding		WP_005830412.1	242	QWU49_RS03135
NZ_CP129143.1	808159	808230		plus	tRNA-Glu		99749961	tRNA				QWU49_RS03140
NZ_CP129143.1	808271	808525		plus	30S ribosomal protein S20	rpsT	99749962	protein-coding		WP_005830420.1	84	QWU49_RS03145
NZ_CP129143.1	808731	810692		plus	DNA topoisomerase (ATP-hydrolyzing) subunit B	gyrB	99749963	protein-coding		WP_005830422.1	653	QWU49_RS03150
NZ_CP129143.1	810817	811398		minus	DUF3109 family protein		99749964	protein-coding		WP_005830425.1	193	QWU49_RS03155
NZ_CP129143.1	811511	813025		minus	2,3-bisphosphoglycerate-independent phosphoglycerate mutase	gpmI	99749965	protein-coding		WP_005830427.1	504	QWU49_RS03160
NZ_CP129143.1	813237	814163		plus	magnesium transporter CorA family protein		99749966	protein-coding		WP_005834540.1	308	QWU49_RS03165
NZ_CP129143.1	814273	814638		minus	transposase		99749967	protein-coding		WP_005830433.1	121	QWU49_RS03170
NZ_CP129143.1	814635	814967		minus	DUF4372 domain-containing protein		99749968	protein-coding		WP_005830435.1	110	QWU49_RS03175
NZ_CP129143.1	815410	819129		minus	glycosyl hydrolase 2 galactose-binding domain-containing protein		99749969	protein-coding		WP_005830440.1	1239	QWU49_RS03180
NZ_CP129143.1	819142	820320		minus	glycoside hydrolase family 26 protein		99749970	protein-coding		WP_229031906.1	392	QWU49_RS03185
NZ_CP129143.1	820345	820725		minus	IPT/TIG domain-containing protein		99749971	protein-coding		WP_005830444.1	126	QWU49_RS03190
NZ_CP129143.1	820742	822487		minus	RagB/SusD family nutrient uptake outer membrane protein		99749972	protein-coding		WP_005830446.1	581	QWU49_RS03195
NZ_CP129143.1	822506	825547		minus	SusC/RagA family TonB-linked outer membrane protein		99749973	protein-coding		WP_229031907.1	1013	QWU49_RS03200
NZ_CP129143.1	825707	826927		minus	AGE family epimerase/isomerase		99749974	protein-coding		WP_005830450.1	406	QWU49_RS03205
NZ_CP129143.1	828174	829536		plus	uncharacterized gene		99749975	pseudogene				QWU49_RS03210
NZ_CP129143.1	829964	830174		minus	uncharacterized gene		99749976	pseudogene				QWU49_RS03215
NZ_CP129143.1	830181	830423		plus	uncharacterized gene		99749977	pseudogene				QWU49_RS03220
NZ_CP129143.1	830426	831034		minus	ribonuclease HII		99749978	protein-coding		WP_005830470.1	202	QWU49_RS03225
NZ_CP129143.1	831132	832754		plus	tetratricopeptide repeat protein		99749979	protein-coding		WP_034525970.1	540	QWU49_RS03230
NZ_CP129143.1	833792	836869		plus	SusC/RagA family TonB-linked outer membrane protein		99749980	protein-coding		WP_005830477.1	1025	QWU49_RS03235
NZ_CP129143.1	836898	838433		plus	RagB/SusD family nutrient uptake outer membrane protein		99749981	protein-coding		WP_005834532.1	511	QWU49_RS03240
NZ_CP129143.1	838560	840569		plus	MGH1-like glycoside hydrolase domain-containing protein		99749982	protein-coding		WP_005830479.1	669	QWU49_RS03245
NZ_CP129143.1	840639	843875		plus	glycoside hydrolase family 2 TIM barrel-domain containing protein		99749983	protein-coding		WP_005830482.1	1078	QWU49_RS03250
NZ_CP129143.1	843977	844255		plus	LysO family transporter		99749984	protein-coding		WP_005830484.1	92	QWU49_RS03255
NZ_CP129143.1	844252	844854		plus	lysine exporter LysO family protein		99749985	protein-coding		WP_005830487.1	200	QWU49_RS03260
NZ_CP129143.1	844927	848070		plus	glycoside hydrolase family 2 TIM barrel-domain containing protein		99749986	protein-coding		WP_005830490.1	1047	QWU49_RS03265
NZ_CP129143.1	848091	850019		plus	MGH1-like glycoside hydrolase domain-containing protein		99749987	protein-coding		WP_034525911.1	642	QWU49_RS03270
NZ_CP129143.1	850174	851256		minus	butyrate kinase	buk	99749988	protein-coding		WP_005830498.1	360	QWU49_RS03275
NZ_CP129143.1	851301	852221		minus	phosphate acyltransferase		99749989	protein-coding		WP_005830501.1	306	QWU49_RS03280
NZ_CP129143.1	852479	853417		plus	S66 peptidase family protein		99749990	protein-coding		WP_005830507.1	312	QWU49_RS03285
NZ_CP129143.1	853414	854427		plus	M20 family metallopeptidase		99749991	protein-coding		WP_005830510.1	337	QWU49_RS03290
NZ_CP129143.1	854465	854887		plus	SufE family protein		99749992	protein-coding		WP_034525971.1	140	QWU49_RS03295
NZ_CP129143.1	855023	855403		plus	transposase		99749993	protein-coding		WP_005829611.1	126	QWU49_RS03300
NZ_CP129143.1	855427	856386		plus	IS3 family transposase		99749994	protein-coding		WP_225990577.1	319	QWU49_RS03305
NZ_CP129143.1	856782	856985		minus	helix-turn-helix domain-containing protein		99749995	protein-coding		WP_005830522.1	67	QWU49_RS03310
NZ_CP129143.1	857004	857222		minus	hypothetical protein		99749996	protein-coding		WP_005830523.1	72	QWU49_RS03315
NZ_CP129143.1	857243	857707		minus	DUF2975 domain-containing protein		99749997	protein-coding		WP_034525973.1	154	QWU49_RS03320
NZ_CP129143.1	857743	858384		minus	DUF2975 domain-containing protein		99749998	protein-coding		WP_005830526.1	213	QWU49_RS03325
NZ_CP129143.1	858400	859005		minus	DUF2975 domain-containing protein		99749999	protein-coding		WP_005830530.1	201	QWU49_RS03330
NZ_CP129143.1	859029	859697		minus	DUF2975 domain-containing protein		99750000	protein-coding		WP_005830532.1	222	QWU49_RS03335
NZ_CP129143.1	859694	860485		minus	CPBP family intramembrane glutamic endopeptidase		99750001	protein-coding		WP_005830534.1	263	QWU49_RS03340
NZ_CP129143.1	860666	861151		minus	DUF3836 domain-containing protein		99750002	protein-coding		WP_005830538.1	161	QWU49_RS03345
NZ_CP129143.1	861374	862315		minus	bifunctional riboflavin kinase/FAD synthetase		99750003	protein-coding		WP_005830540.1	313	QWU49_RS03350
NZ_CP129143.1	862299	862919		minus	HAD family hydrolase		99750004	protein-coding		WP_005830542.1	206	QWU49_RS03355
NZ_CP129143.1	862922	865606		minus	calcium-translocating P-type ATPase, PMCA-type		99750005	protein-coding		WP_005830544.1	894	QWU49_RS03360
NZ_CP129143.1	865697	866863		minus	sensor histidine kinase		99750006	protein-coding		WP_005830546.1	388	QWU49_RS03365
NZ_CP129143.1	866971	867132		plus	rubredoxin	rd	99750007	protein-coding		WP_005830549.1	53	QWU49_RS03370
NZ_CP129143.1	867129	868826		minus	Na/Pi cotransporter family protein		99750008	protein-coding		WP_005830551.1	565	QWU49_RS03375
NZ_CP129143.1	868910	870583		plus	nucleoside kinase		99750009	protein-coding		WP_005830553.1	557	QWU49_RS03380
NZ_CP129143.1	870626	872131		plus	sensor histidine kinase		99750010	protein-coding		WP_005830555.1	501	QWU49_RS03385
NZ_CP129143.1	872233	873606		minus	aminopeptidase P family protein		99750011	protein-coding		WP_005830557.1	457	QWU49_RS03390
NZ_CP129143.1	873934	875424		plus	RNA polymerase factor sigma-54	rpoN	99750012	protein-coding		WP_005830563.1	496	QWU49_RS03395
NZ_CP129143.1	875518	876180		plus	membrane protein		99750013	protein-coding		WP_005830565.1	220	QWU49_RS03400
NZ_CP129143.1	876249	876629		plus	glycine cleavage system protein GcvH	gcvH	99750014	protein-coding		WP_034525976.1	126	QWU49_RS03405
NZ_CP129143.1	876746	877255		plus	5-(carboxyamino)imidazole ribonucleotide mutase	purE	99750015	protein-coding		WP_005830568.1	169	QWU49_RS03410
NZ_CP129143.1	877354	879222		plus	4-hydroxy-3-methylbut-2-en-1-yl diphosphate synthase		99750016	protein-coding		WP_074668604.1	622	QWU49_RS03415
NZ_CP129143.1	879226	880227		minus	metallophosphoesterase		99750017	protein-coding		WP_005830571.1	333	QWU49_RS03420
NZ_CP129143.1	880224	880967		minus	prolyl oligopeptidase family serine peptidase		99750018	protein-coding		WP_369738710.1	247	QWU49_RS03425
NZ_CP129143.1	881158	882675		minus	sulfatase family protein		99750019	protein-coding		WP_005830577.1	505	QWU49_RS03430
NZ_CP129143.1	882695	884431		minus	family 43 glycosylhydrolase		99750020	protein-coding		WP_005830579.1	578	QWU49_RS03435
NZ_CP129143.1	884516	886249		minus	family 43 glycosylhydrolase		99750021	protein-coding		WP_005830581.1	577	QWU49_RS03440
NZ_CP129143.1	886306	887871		minus	sulfatase family protein		99750022	protein-coding		WP_034525981.1	521	QWU49_RS03445
NZ_CP129143.1	887905	890175		minus	glycoside hydrolase family 3 N-terminal domain-containing protein		99750023	protein-coding		WP_005830586.1	756	QWU49_RS03450
NZ_CP129143.1	890187	891038		minus	endonuclease/exonuclease/phosphatase family protein		99750024	protein-coding		WP_005830588.1	283	QWU49_RS03455
NZ_CP129143.1	891101	892432		minus	glucoamylase family protein		99750025	protein-coding		WP_034525916.1	443	QWU49_RS03460
NZ_CP129143.1	892500	894008		minus	RagB/SusD family nutrient uptake outer membrane protein		99750026	protein-coding		WP_227239046.1	502	QWU49_RS03465
NZ_CP129143.1	894034	897039		minus	SusC/RagA family TonB-linked outer membrane protein		99750027	protein-coding		WP_005830593.1	1001	QWU49_RS03470
NZ_CP129143.1	897214	898365		minus	glycoside hydrolase family 172 protein		99750028	protein-coding		WP_005830596.1	383	QWU49_RS03475
NZ_CP129143.1	898390	899967		minus	sulfatase-like hydrolase/transferase		99750029	protein-coding		WP_005830598.1	525	QWU49_RS03480
NZ_CP129143.1	899980	901326		minus	sulfatase family protein		99750030	protein-coding		WP_005830600.1	448	QWU49_RS03485
NZ_CP129143.1	901345	902541		minus	glycoside hydrolase family 172 protein		99750031	protein-coding		WP_005830602.1	398	QWU49_RS03490
NZ_CP129143.1	902577	904142		minus	sulfatase family protein		99750032	protein-coding		WP_005830603.1	521	QWU49_RS03495
NZ_CP129143.1	904190	906841		minus	glycoside hydrolase family 2 TIM barrel-domain containing protein		99750033	protein-coding		WP_005830604.1	883	QWU49_RS03500
NZ_CP129143.1	906994	909285		minus	beta-glucosidase BglX	bglX	99750034	protein-coding		WP_008662605.1	763	QWU49_RS03505
NZ_CP129143.1	909453	912290		minus	hypothetical protein		99750035	protein-coding		WP_080545844.1	945	QWU49_RS03510
NZ_CP129143.1	912412	913809		minus	DUF5723 family protein		99750036	protein-coding		WP_057254077.1	465	QWU49_RS03515
NZ_CP129143.1	913964	915730		minus	S41 family peptidase		99750037	protein-coding		WP_005830610.1	588	QWU49_RS03520
NZ_CP129143.1	915839	916822		minus	adenosine kinase		99750038	protein-coding		WP_005834458.1	327	QWU49_RS03525
NZ_CP129143.1	916904	916977		plus	tRNA-Asn		99750039	tRNA				QWU49_RS03530
NZ_CP129143.1	916999	917072		plus	tRNA-Asn		99750040	tRNA				QWU49_RS03535
NZ_CP129143.1	917259	917864		plus	outer membrane beta-barrel protein		99750041	protein-coding		WP_005830614.1	201	QWU49_RS03540
NZ_CP129143.1	917866	918570		minus	ComF family protein		99750042	protein-coding		WP_005830616.1	234	QWU49_RS03545
NZ_CP129143.1	918602	919399		minus	inositol monophosphatase family protein		99750043	protein-coding		WP_005830618.1	265	QWU49_RS03550
NZ_CP129143.1	919409	919876		minus	hypothetical protein		99750044	protein-coding		WP_005830620.1	155	QWU49_RS03555
NZ_CP129143.1	920118	920720		minus	DsbA family protein		99750045	protein-coding		WP_005830624.1	200	QWU49_RS03560
NZ_CP129143.1	921025	922137		plus	CHAT domain-containing protein		99750046	protein-coding		WP_005834454.1	370	QWU49_RS03565
NZ_CP129143.1	922148	924217		plus	tetratricopeptide repeat protein		99750047	protein-coding		WP_005830630.1	689	QWU49_RS03570
NZ_CP129143.1	924437	924916		plus	DsbA family protein		99750048	protein-coding		WP_005830632.1	159	QWU49_RS03575
NZ_CP129143.1	924988	925479		minus	3'-5' exonuclease		99750049	protein-coding		WP_005830635.1	163	QWU49_RS03580
NZ_CP129143.1	925586	926125		plus	NUDIX domain-containing protein		99750050	protein-coding		WP_005830636.1	179	QWU49_RS03585
NZ_CP129143.1	926230	929274		plus	tetratricopeptide repeat protein		99750051	protein-coding		WP_005830637.1	1014	QWU49_RS03590
NZ_CP129143.1	929290	930921		plus	TonB-dependent receptor		99750052	protein-coding		WP_005830638.1	543	QWU49_RS03595
NZ_CP129143.1	931067	933469		plus	type I DNA topoisomerase	topA	99750053	protein-coding		WP_034525921.1	800	QWU49_RS03600
NZ_CP129143.1	933611	935428		minus	arginine--tRNA ligase	argS	99750054	protein-coding		WP_005830641.1	605	QWU49_RS03605
NZ_CP129143.1	935584	935850		minus	HU family DNA-binding protein		99750055	protein-coding		WP_005830643.1	88	QWU49_RS03610
NZ_CP129143.1	936097	936780		plus	rhomboid family intramembrane serine protease		99750056	protein-coding		WP_005830648.1	227	QWU49_RS03615
NZ_CP129143.1	936761	937651		plus	rhomboid family intramembrane serine protease		99750057	protein-coding		WP_005830650.1	296	QWU49_RS03620
NZ_CP129143.1	937744	938844		plus	endonuclease/exonuclease/phosphatase family protein		99750058	protein-coding		WP_005830652.1	366	QWU49_RS03625
NZ_CP129143.1	938880	940964		plus	M3 family metallopeptidase		99750059	protein-coding		WP_005830654.1	694	QWU49_RS03630
NZ_CP129143.1	941048	944047		plus	protein translocase subunit SecDF	secDF	99750060	protein-coding		WP_005830657.1	999	QWU49_RS03635
NZ_CP129143.1	944159	944339		plus	uncharacterized gene		99750061	pseudogene				QWU49_RS03640
NZ_CP129143.1	944506	945768		minus	TolC family protein		99750062	protein-coding		WP_034525923.1	420	QWU49_RS03645
NZ_CP129143.1	945809	947227		minus	DUF1593 domain-containing protein		99750063	protein-coding		WP_005830666.1	472	QWU49_RS03650
NZ_CP129143.1	947224	950379		minus	efflux RND transporter permease subunit		99750064	protein-coding		WP_005830668.1	1051	QWU49_RS03655
NZ_CP129143.1	950379	951440		minus	efflux RND transporter periplasmic adaptor subunit		99750065	protein-coding		WP_158560251.1	353	QWU49_RS03660
NZ_CP129143.1	951589	952470		plus	helix-turn-helix domain-containing protein		99750066	protein-coding		WP_005830672.1	293	QWU49_RS03665
NZ_CP129143.1	952489	954201		minus	DUF6377 domain-containing protein		99750067	protein-coding		WP_034525926.1	570	QWU49_RS03670
NZ_CP129143.1	954979	958206		plus	SusC/RagA family TonB-linked outer membrane protein		99750068	protein-coding		WP_005830680.1	1075	QWU49_RS03675
NZ_CP129143.1	958238	960010		plus	RagB/SusD family nutrient uptake outer membrane protein		99750069	protein-coding		WP_005830682.1	590	QWU49_RS03680
NZ_CP129143.1	960046	961200		plus	hypothetical protein		99750070	protein-coding		WP_005830684.1	384	QWU49_RS03685
NZ_CP129143.1	961400	963790		plus	glycoside hydrolase family 3 N-terminal domain-containing protein		99750071	protein-coding		WP_005830686.1	796	QWU49_RS03690
NZ_CP129143.1	963877	966198		plus	beta-glucosidase BglX	bglX	99750072	protein-coding		WP_005830688.1	773	QWU49_RS03695
NZ_CP129143.1	966224	967636		plus	glycoside hydrolase family 5 protein		99750073	protein-coding		WP_005830690.1	470	QWU49_RS03700
NZ_CP129143.1	967659	970181		plus	beta-glucosidase		99750074	protein-coding		WP_005830693.1	840	QWU49_RS03705
NZ_CP129143.1	970187	972487		plus	alpha-L-rhamnosidase C-terminal domain-containing protein		99750075	protein-coding		WP_034525997.1	766	QWU49_RS03710
NZ_CP129143.1	972734	972805		minus	tRNA-Arg		99750076	tRNA				QWU49_RS03715
NZ_CP129143.1	972971	974818		plus	2-oxoacid:acceptor oxidoreductase subunit alpha		99750077	protein-coding		WP_005830698.1	615	QWU49_RS03720
NZ_CP129143.1	974918	975922		plus	2-oxoacid:ferredoxin oxidoreductase subunit beta		99750078	protein-coding		WP_005830701.1	334	QWU49_RS03725
NZ_CP129143.1	976543	979923		plus	SusC/RagA family TonB-linked outer membrane protein		99750079	protein-coding		WP_005830708.1	1126	QWU49_RS03730
NZ_CP129143.1	979955	981637		plus	SusD/RagB family nutrient-binding outer membrane lipoprotein		99750080	protein-coding		WP_034525936.1	560	QWU49_RS03735
NZ_CP129143.1	981939	983447		plus	amino acid adenylation domain-containing protein		99750081	protein-coding		WP_005830713.1	502	QWU49_RS03740
NZ_CP129143.1	983456	983698		plus	acyl carrier protein		99750082	protein-coding		WP_005830717.1	80	QWU49_RS03745
NZ_CP129143.1	983702	985090		plus	MBOAT family O-acyltransferase		99750083	protein-coding		WP_005830719.1	462	QWU49_RS03750
NZ_CP129143.1	985103	986191		plus	hypothetical protein		99750084	protein-coding		WP_005830721.1	362	QWU49_RS03755
NZ_CP129143.1	986134	986793		minus	uracil phosphoribosyltransferase	upp	99750085	protein-coding		WP_005830723.1	219	QWU49_RS03760
NZ_CP129143.1	987086	988693		plus	phosphoenolpyruvate carboxykinase (ATP)	pckA	99750086	protein-coding		WP_005830728.1	535	QWU49_RS03765
NZ_CP129143.1	988831	989478		plus	nitroreductase family protein		99750087	protein-coding		WP_005830732.1	215	QWU49_RS03770
NZ_CP129143.1	989569	991368		minus	translational GTPase TypA	typA	99750088	protein-coding		WP_005830735.1	599	QWU49_RS03775
NZ_CP129143.1	991527	991796		plus	30S ribosomal protein S15	rpsO	99750089	protein-coding		WP_005830737.1	89	QWU49_RS03780
NZ_CP129143.1	991889	992776		plus	helix-turn-helix domain-containing protein		99750090	protein-coding		WP_005830741.1	295	QWU49_RS03785
NZ_CP129143.1	992790	993278		plus	DUF4251 domain-containing protein		99750091	protein-coding		WP_005830743.1	162	QWU49_RS03790
NZ_CP129143.1	993422	995746		plus	outer membrane beta-barrel family protein		99750092	protein-coding		WP_005830745.1	774	QWU49_RS03795
NZ_CP129143.1	995924	996499		plus	helix-turn-helix domain-containing protein		99750093	protein-coding		WP_005830747.1	191	QWU49_RS03800
NZ_CP129143.1	996587	998233		plus	AMP-binding protein		99750094	protein-coding		WP_034525939.1	548	QWU49_RS03805
NZ_CP129143.1	998339	998830		minus	S-ribosylhomocysteine lyase		99750095	protein-coding		WP_005830754.1	163	QWU49_RS03810
NZ_CP129143.1	998855	999559		minus	5'-methylthioadenosine/adenosylhomocysteine nucleosidase		99750096	protein-coding		WP_005830756.1	234	QWU49_RS03815
NZ_CP129143.1	999804	1002314		plus	YfhO family protein		99750097	protein-coding		WP_005830759.1	836	QWU49_RS03820
NZ_CP129143.1	1003009	1003341		plus	30S ribosome-binding factor RbfA	rbfA	99750098	protein-coding		WP_005834378.1	110	QWU49_RS03825
NZ_CP129143.1	1003341	1004576		plus	FtsX-like permease family protein		99750099	protein-coding		WP_005830763.1	411	QWU49_RS03830
NZ_CP129143.1	1004585	1005214		minus	O-methyltransferase		99750100	protein-coding		WP_005830764.1	209	QWU49_RS03835
NZ_CP129143.1	1005333	1006790		minus	pyruvate kinase	pyk	99750101	protein-coding		WP_005830765.1	485	QWU49_RS03840
NZ_CP129143.1	1006811	1007230		minus	type II 3-dehydroquinate dehydratase	aroQ	99750102	protein-coding		WP_005830766.1	139	QWU49_RS03845
NZ_CP129143.1	1007349	1008302		plus	site-specific tyrosine recombinase XerD	xerD	99750103	protein-coding		WP_005830767.1	317	QWU49_RS03850
NZ_CP129143.1	1008439	1010133		plus	tetratricopeptide repeat protein		99750104	protein-coding		WP_005830769.1	564	QWU49_RS03855
NZ_CP129143.1	1010245	1011318		plus	TlpA disulfide reductase family protein		99750105	protein-coding		WP_005830772.1	357	QWU49_RS03860
NZ_CP129143.1	1011356	1012894		plus	YifB family Mg chelatase-like AAA ATPase		99750106	protein-coding		WP_005830774.1	512	QWU49_RS03865
NZ_CP129143.1	1013021	1015705		minus	discoidin domain-containing protein		99750107	protein-coding		WP_008662537.1	894	QWU49_RS03870
NZ_CP129143.1	1015759	1016949		minus	glycoside hydrolase family 172 protein		99750108	protein-coding		WP_005830778.1	396	QWU49_RS03875
NZ_CP129143.1	1016992	1019367		minus	GH92 family glycosyl hydrolase		99750109	protein-coding		WP_005830780.1	791	QWU49_RS03880
NZ_CP129143.1	1019444	1021249		minus	RagB/SusD family nutrient uptake outer membrane protein		99750110	protein-coding		WP_005830782.1	601	QWU49_RS03885
NZ_CP129143.1	1021278	1024400		minus	SusC/RagA family TonB-linked outer membrane protein		99750111	protein-coding		WP_198136114.1	1040	QWU49_RS03890
NZ_CP129143.1	1024577	1026121		minus	ADP-ribosylglycohydrolase family protein		99750112	protein-coding		WP_005830786.1	514	QWU49_RS03895
NZ_CP129143.1	1026158	1027114		minus	ribokinase	rbsK	99750113	protein-coding		WP_005830788.1	318	QWU49_RS03900
NZ_CP129143.1	1027115	1028119		minus	GRP family sugar transporter		99750114	protein-coding		WP_005830790.1	334	QWU49_RS03905
NZ_CP129143.1	1028274	1030364		minus	glycoside hydrolase family 172 protein		99750115	protein-coding		WP_005830792.1	696	QWU49_RS03910
NZ_CP129143.1	1030446	1032998		minus	hypothetical protein		99750116	protein-coding		WP_005830794.1	850	QWU49_RS03915
NZ_CP129143.1	1033064	1037077		minus	hybrid sensor histidine kinase/response regulator transcription factor		99750117	protein-coding		WP_175522703.1	1337	QWU49_RS03920
NZ_CP129143.1	1037226	1039289		minus	acetate--CoA ligase family protein		99750118	protein-coding		WP_005830797.1	687	QWU49_RS03925
NZ_CP129143.1	1039458	1040390		plus	acyltransferase family protein		99750119	protein-coding		WP_005830800.1	310	QWU49_RS03930
NZ_CP129143.1	1040377	1041396		minus	sensor histidine kinase		99750120	protein-coding		WP_005830803.1	339	QWU49_RS03935
NZ_CP129143.1	1041407	1042165		minus	uncharacterized gene		99750121	pseudogene				QWU49_RS03940
NZ_CP129143.1	1042231	1043139		minus	DUF6268 family outer membrane beta-barrel protein		99750122	protein-coding		WP_034526003.1	302	QWU49_RS03945
NZ_CP129143.1	1043386	1043826		plus	DUF6078 family protein		99750123	protein-coding		WP_080545845.1	146	QWU49_RS03950
NZ_CP129143.1	1044239	1045240		minus	IS3 family transposase		99750124	protein-coding		WP_227212994.1	333	QWU49_RS03955
NZ_CP129143.1	1045222	1045602		minus	transposase		99750125	protein-coding		WP_005828537.1	126	QWU49_RS03960
NZ_CP129143.1	1045690	1046541		minus	PepSY-like domain-containing protein		99750126	protein-coding		WP_034525943.1	283	QWU49_RS03965
NZ_CP129143.1	1046708	1048750		plus	methionine--tRNA ligase	metG	99750127	protein-coding		WP_009037611.1	680	QWU49_RS03970
NZ_CP129143.1	1048843	1050288		plus	lipopolysaccharide biosynthesis protein		99750128	protein-coding		WP_005830822.1	481	QWU49_RS03975
NZ_CP129143.1	1050285	1051190		plus	beta-1,6-N-acetylglucosaminyltransferase		99750129	protein-coding		WP_005830824.1	301	QWU49_RS03980
NZ_CP129143.1	1051292	1052662		plus	bifunctional cytidylyltransferase/SDR family oxidoreductase		99750130	protein-coding		WP_005830829.1	456	QWU49_RS03985
NZ_CP129143.1	1052659	1053474		plus	LicD family protein		99750131	protein-coding		WP_005830831.1	271	QWU49_RS03990
NZ_CP129143.1	1053471	1054487		plus	hypothetical protein		99750132	protein-coding		WP_005830833.1	338	QWU49_RS03995
NZ_CP129143.1	1054528	1055793		plus	glycosyltransferase family 4 protein		99750133	protein-coding		WP_005830834.1	421	QWU49_RS04000
NZ_CP129143.1	1055786	1056532		plus	glycosyltransferase family 2 protein		99750134	protein-coding		WP_005830836.1	248	QWU49_RS04005
NZ_CP129143.1	1056798	1057514		minus	SIR2 family NAD-dependent protein deacylase		99750135	protein-coding		WP_005830840.1	238	QWU49_RS04010
NZ_CP129143.1	1057697	1058290		plus	FKBP-type peptidyl-prolyl cis-trans isomerase		99750136	protein-coding		WP_005830842.1	197	QWU49_RS04015
NZ_CP129143.1	1058309	1059175		plus	FKBP-type peptidyl-prolyl cis-trans isomerase		99750137	protein-coding		WP_005830844.1	288	QWU49_RS04020
NZ_CP129143.1	1059406	1059870		plus	Lrp/AsnC family transcriptional regulator		99750138	protein-coding		WP_005830846.1	154	QWU49_RS04025
NZ_CP129143.1	1059880	1060191		plus	DUF4491 family protein		99750139	protein-coding		WP_005830847.1	103	QWU49_RS04030
NZ_CP129143.1	1060284	1060357		plus	tRNA-Ile		99750140	tRNA				QWU49_RS04035
NZ_CP129143.1	1060748	1060932		plus	uncharacterized gene		99750141	pseudogene				QWU49_RS04040
NZ_CP129143.1	1061101	1061382		plus	uncharacterized gene		99750142	pseudogene				QWU49_RS04045
NZ_CP129143.1	1061470	1061544		plus	uncharacterized gene		99750143	pseudogene				QWU49_RS04050
NZ_CP129143.1	1061541	1062062		plus	uncharacterized gene		99750144	pseudogene				QWU49_RS04055
NZ_CP129143.1	1062243	1062698		plus	lipocalin family protein		99750145	protein-coding		WP_005830863.1	151	QWU49_RS04060
NZ_CP129143.1	1062826	1063464		minus	nucleotidyl transferase AbiEii/AbiGii toxin family protein		99750146	protein-coding		WP_005830867.1	212	QWU49_RS04065
NZ_CP129143.1	1063461	1063793		minus	hypothetical protein		99750147	protein-coding		WP_005830869.1	110	QWU49_RS04070
NZ_CP129143.1	1063970	1064035		plus	tRNA-Met		99750148	tRNA				QWU49_RS04075
NZ_CP129143.1	1064132	1064548		plus	hypothetical protein		99750149	protein-coding		WP_005830871.1	138	QWU49_RS04080
NZ_CP129143.1	1065088	1065429		plus	uncharacterized gene		99750150	pseudogene				QWU49_RS04085
NZ_CP129143.1	1065541	1065981		plus	hypothetical protein		99750151	protein-coding		WP_196029313.1	146	QWU49_RS04090
NZ_CP129143.1	1066078	1066515		plus	hypothetical protein		99750152	protein-coding		WP_005830882.1	145	QWU49_RS04095
NZ_CP129143.1	1066518	1067732		plus	sodium ion-translocating decarboxylase subunit beta		99750153	protein-coding		WP_005830884.1	404	QWU49_RS04100
NZ_CP129143.1	1067872	1069023		plus	hypothetical protein		99750154	protein-coding		WP_034526008.1	383	QWU49_RS04105
NZ_CP129143.1	1069025	1069792		plus	M15 family metallopeptidase		99750155	protein-coding		WP_034525946.1	255	QWU49_RS04110
NZ_CP129143.1	1070012	1071259		plus	THUMP-like domain-containing protein		99750156	protein-coding		WP_005830896.1	415	QWU49_RS04115
NZ_CP129143.1	1071533	1074301		plus	TonB-dependent receptor		99750157	protein-coding		WP_005830906.1	922	QWU49_RS04120
NZ_CP129143.1	1074362	1075291		plus	metallophosphoesterase		99750158	protein-coding		WP_005830908.1	309	QWU49_RS04125
NZ_CP129143.1	1075471	1076763		plus	WD40-like domain containing protein		99750159	protein-coding		WP_005830909.1	430	QWU49_RS04130
NZ_CP129143.1	1076773	1078578		minus	mechanosensitive ion channel family protein		99750160	protein-coding		WP_005830910.1	601	QWU49_RS04135
NZ_CP129143.1	1078747	1079727		plus	calcium/sodium antiporter		99750161	protein-coding		WP_050756856.1	326	QWU49_RS04140
NZ_CP129143.1	1079878	1081014		plus	hypothetical protein		99750162	protein-coding		WP_005830912.1	378	QWU49_RS04145
NZ_CP129143.1	1081132	1083066		plus	DNA topoisomerase IV subunit B		99750163	protein-coding		WP_005830915.1	644	QWU49_RS04150
NZ_CP129143.1	1083063	1083521		plus	pantetheine-phosphate adenylyltransferase	coaD	99750164	protein-coding		WP_005830918.1	152	QWU49_RS04155
NZ_CP129143.1	1083574	1085187		plus	S41 family peptidase		99750165	protein-coding		WP_034526010.1	537	QWU49_RS04160
NZ_CP129143.1	1085270	1085872		minus	phosphatase PAP2 family protein		99750166	protein-coding		WP_005830921.1	200	QWU49_RS04165
NZ_CP129143.1	1085978	1086880		plus	helix-turn-helix domain-containing protein		99750167	protein-coding		WP_005834304.1	300	QWU49_RS04170
NZ_CP129143.1	1087043	1087741		plus	succinate dehydrogenase/fumarate reductase cytochrome b subunit		99750168	protein-coding		WP_005830923.1	232	QWU49_RS04175
NZ_CP129143.1	1087778	1089724		plus	fumarate reductase/succinate dehydrogenase flavoprotein subunit		99750169	protein-coding		WP_005830924.1	648	QWU49_RS04180
NZ_CP129143.1	1089758	1090513		plus	succinate dehydrogenase/fumarate reductase iron-sulfur subunit		99750170	protein-coding		WP_005830925.1	251	QWU49_RS04185
NZ_CP129143.1	1090652	1091515		minus	helix-turn-helix domain-containing protein		99750171	protein-coding		WP_008662453.1	287	QWU49_RS04190
NZ_CP129143.1	1091664	1092632		minus	fimbrillin family protein		99750172	protein-coding		WP_005830928.1	322	QWU49_RS04195
NZ_CP129143.1	1092678	1093682		minus	DUF5119 domain-containing protein		99750173	protein-coding		WP_034525948.1	334	QWU49_RS04200
NZ_CP129143.1	1093658	1094173		minus	uncharacterized gene		99750174	pseudogene				QWU49_RS04205
NZ_CP129143.1	1094710	1095513		plus	glycerophosphodiester phosphodiesterase		99750175	protein-coding		WP_005830938.1	267	QWU49_RS04210
NZ_CP129143.1	1095533	1096651		minus	DNA-processing protein DprA	dprA	99750176	protein-coding		WP_005830940.1	372	QWU49_RS04215
NZ_CP129143.1	1096663	1097079		minus	acyl-CoA thioesterase		99750177	protein-coding		WP_005834284.1	138	QWU49_RS04220
NZ_CP129143.1	1097111	1098403		minus	peptidase U32 family protein		99750178	protein-coding		WP_005830944.1	430	QWU49_RS04225
NZ_CP129143.1	1098473	1099453		plus	tRNA dihydrouridine synthase DusB	dusB	99750179	protein-coding		WP_005830947.1	326	QWU49_RS04230
NZ_CP129143.1	1099813	1099938		plus	hypothetical protein		99750180	protein-coding		WP_005834280.1	41	QWU49_RS04235
NZ_CP129143.1	1099935	1100900		minus	phosphatase PAP2 family protein		99750181	protein-coding		WP_005830954.1	321	QWU49_RS04240
NZ_CP129143.1	1100891	1101898		minus	NAD-dependent epimerase/dehydratase family protein		99750182	protein-coding		WP_005830955.1	335	QWU49_RS04245
NZ_CP129143.1	1101960	1102898		minus	cation diffusion facilitator family transporter		99750183	protein-coding		WP_034523299.1	312	QWU49_RS04250
NZ_CP129143.1	1103125	1105269		plus	ribonuclease R	rnr	99750184	protein-coding		WP_005830959.1	714	QWU49_RS04255
NZ_CP129143.1	1105435	1105911		plus	pyridoxamine 5'-phosphate oxidase family protein		99750185	protein-coding		WP_005830961.1	158	QWU49_RS04260
NZ_CP129143.1	1105975	1106922		minus	cysteine synthase A	cysK	99750186	protein-coding		WP_005830963.1	315	QWU49_RS04265
NZ_CP129143.1	1107142	1108041		plus	serine O-acetyltransferase EpsC	epsC	99750187	protein-coding		WP_005830965.1	299	QWU49_RS04270
NZ_CP129143.1	1108181	1109680		plus	THUMP domain-containing protein		99750188	protein-coding		WP_005830967.1	499	QWU49_RS04275
NZ_CP129143.1	1109701	1111926		plus	S9 family peptidase		99750189	protein-coding		WP_005830969.1	741	QWU49_RS04280
NZ_CP129143.1	1112101	1113375		plus	phosphoribosylamine--glycine ligase	purD	99750190	protein-coding		WP_005830971.1	424	QWU49_RS04285
NZ_CP129143.1	1113376	1114371		plus	hypothetical protein		99750191	protein-coding		WP_005830973.1	331	QWU49_RS04290
NZ_CP129143.1	1114356	1114835		plus	YqaA family protein		99750192	protein-coding		WP_005830979.1	159	QWU49_RS04295
NZ_CP129143.1	1114998	1115678		plus	tRNA (5-methylaminomethyl-2-thiouridine)(34)-methyltransferase MnmD	mnmD	99750193	protein-coding		WP_005830981.1	226	QWU49_RS04300
NZ_CP129143.1	1115756	1116658		plus	metal ABC transporter solute-binding protein, Zn/Mn family		99750194	protein-coding		WP_005830983.1	300	QWU49_RS04305
NZ_CP129143.1	1116693	1117502		plus	metal ABC transporter ATP-binding protein		99750195	protein-coding		WP_005830985.1	269	QWU49_RS04310
NZ_CP129143.1	1117585	1119474		minus	hypothetical protein		99750196	protein-coding		WP_172679951.1	629	QWU49_RS04315
NZ_CP129143.1	1119464	1121992		minus	glycoside hydrolase family 9 protein		99750197	protein-coding		WP_005830988.1	842	QWU49_RS04320
NZ_CP129143.1	1121998	1123242		minus	AGE family epimerase/isomerase		99750198	protein-coding		WP_005830990.1	414	QWU49_RS04325
NZ_CP129143.1	1123445	1125124		minus	RagB/SusD family nutrient uptake outer membrane protein		99750199	protein-coding		WP_008662437.1	559	QWU49_RS04330
NZ_CP129143.1	1125149	1128322		minus	SusC/RagA family TonB-linked outer membrane protein		99750200	protein-coding		WP_211475851.1	1057	QWU49_RS04335
NZ_CP129143.1	1128534	1130909		minus	TIM-barrel domain-containing protein		99750201	protein-coding		WP_005830996.1	791	QWU49_RS04340
NZ_CP129143.1	1131166	1135077		plus	hybrid sensor histidine kinase/response regulator transcription factor		99750202	protein-coding		WP_005830998.1	1303	QWU49_RS04345
NZ_CP129143.1	1135083	1136813		minus	glycoside hydrolase family 9 protein		99750203	protein-coding		WP_005831000.1	576	QWU49_RS04350
NZ_CP129143.1	1136854	1138728		minus	hypothetical protein		99750204	protein-coding		WP_229031923.1	624	QWU49_RS04355
NZ_CP129143.1	1138752	1140005		minus	AGE family epimerase/isomerase		99750205	protein-coding		WP_008662425.1	417	QWU49_RS04360
NZ_CP129143.1	1140345	1142879		plus	glycoside hydrolase family 9 protein		99750206	protein-coding		WP_005831008.1	844	QWU49_RS04365
NZ_CP129143.1	1143033	1144454		minus	sialate O-acetylesterase		99750207	protein-coding		WP_005831010.1	473	QWU49_RS04370
NZ_CP129143.1	1144648	1145775		plus	AAA family ATPase		99750208	protein-coding		WP_005831012.1	375	QWU49_RS04375
NZ_CP129143.1	1146567	1147523		minus	uncharacterized gene		99750209	pseudogene				QWU49_RS04380
NZ_CP129143.1	1147913	1151257		plus	DUF2723 domain-containing protein		99750210	protein-coding		WP_005831023.1	1114	QWU49_RS04385
NZ_CP129143.1	1151392	1152048		plus	polysaccharide deacetylase family protein		99750211	protein-coding		WP_005831030.1	218	QWU49_RS04390
NZ_CP129143.1	1152192	1153088		minus	DUF4595 domain-containing protein		99750212	protein-coding		WP_005831035.1	298	QWU49_RS04395
NZ_CP129143.1	1153410	1155299		plus	tetratricopeptide repeat-containing sensor histidine kinase		99750213	protein-coding		WP_005831040.1	629	QWU49_RS04400
NZ_CP129143.1	1155296	1155928		plus	response regulator		99750214	protein-coding		WP_005831042.1	210	QWU49_RS04405
NZ_CP129143.1	1156007	1157239		minus	DUF4861 domain-containing protein		99750215	protein-coding		WP_008662385.1	410	QWU49_RS04410
NZ_CP129143.1	1157414	1158217		minus	gluconate 5-dehydrogenase		99750216	protein-coding		WP_005831048.1	267	QWU49_RS04415
NZ_CP129143.1	1158274	1158408		minus	uncharacterized gene		99750217	pseudogene				QWU49_RS04420
NZ_CP129143.1	1158662	1158732		minus	tRNA-Gln		99750218	tRNA				QWU49_RS04425
NZ_CP129143.1	1158857	1160149		minus	tyrosine--tRNA ligase	tyrS	99750219	protein-coding		WP_005831052.1	430	QWU49_RS04430
NZ_CP129143.1	1160257	1160922		minus	TatD family hydrolase		99750220	protein-coding		WP_005831054.1	221	QWU49_RS04435
NZ_CP129143.1	1160919	1161140		minus	membrane protein insertion efficiency factor YidD	yidD	99750221	protein-coding		WP_005831056.1	73	QWU49_RS04440
NZ_CP129143.1	1161137	1161553		minus	ribonuclease P protein component	rnpA	99750222	protein-coding		WP_005831059.1	138	QWU49_RS04445
NZ_CP129143.1	1161739	1162491		minus	uroporphyrinogen-III synthase		99750223	protein-coding		WP_005831061.1	250	QWU49_RS04450
NZ_CP129143.1	1162496	1163227		minus	DUF4271 domain-containing protein		99750224	protein-coding		WP_005831062.1	243	QWU49_RS04455
NZ_CP129143.1	1163224	1163811		minus	TIGR00730 family Rossman fold protein		99750225	protein-coding		WP_034526017.1	195	QWU49_RS04460
NZ_CP129143.1	1164111	1164932		minus	RHS repeat domain-containing protein		99750226	protein-coding		WP_005831064.1	273	QWU49_RS04465
NZ_CP129143.1	1165125	1165397		minus	hypothetical protein		99750227	protein-coding		WP_005831065.1	90	QWU49_RS04470
NZ_CP129143.1	1165401	1166809		minus	uncharacterized gene		99750228	pseudogene				QWU49_RS04475
NZ_CP129143.1	1166905	1167171		minus	hypothetical protein		99750229	protein-coding		WP_225982726.1	88	QWU49_RS04480
NZ_CP129143.1	1167174	1168860		minus	uncharacterized gene		99750230	pseudogene				QWU49_RS04485
NZ_CP129143.1	1169391	1171889		minus	RHS repeat domain-containing protein		99750231	protein-coding		WP_005825328.1	832	QWU49_RS04490
NZ_CP129143.1	1172037	1172585		minus	hypothetical protein		99750232	protein-coding		WP_005825326.1	182	QWU49_RS04495
NZ_CP129143.1	1172575	1173885		minus	uncharacterized gene		99750233	pseudogene				QWU49_RS04500
NZ_CP129143.1	1174068	1174646		minus	hypothetical protein		99750234	protein-coding		WP_008662344.1	192	QWU49_RS04505
NZ_CP129143.1	1174609	1177590		minus	DUF6443 domain-containing protein		99750235	protein-coding		WP_236253218.1	993	QWU49_RS04510
NZ_CP129143.1	1177605	1180865		minus	hypothetical protein		99750236	protein-coding		WP_005825321.1	1086	QWU49_RS04515
NZ_CP129143.1	1180973	1181074		minus	smalltalk protein		99750237	protein-coding		WP_005825315.1	33	QWU49_RS04520
NZ_CP129143.1	1181101	1181541		minus	N-acetylmuramoyl-L-alanine amidase		99750238	protein-coding		WP_005825313.1	146	QWU49_RS04525
NZ_CP129143.1	1181700	1182188		minus	HU family DNA-binding protein		99750239	protein-coding		WP_005825310.1	162	QWU49_RS04530
NZ_CP129143.1	1182374	1183237		minus	DUF4373 domain-containing protein		99750240	protein-coding		WP_005825306.1	287	QWU49_RS04535
NZ_CP129143.1	1183285	1183599		minus	hypothetical protein		99750241	protein-coding		WP_008662326.1	104	QWU49_RS04540
NZ_CP129143.1	1183701	1183844		minus	hypothetical protein		99750242	protein-coding		WP_005834025.1	47	QWU49_RS04545
NZ_CP129143.1	1184025	1184747		plus	LexA family transcriptional regulator		99750243	protein-coding		WP_005825301.1	240	QWU49_RS04550
NZ_CP129143.1	1184903	1186849		plus	tetratricopeptide repeat-containing sensor histidine kinase		99750244	protein-coding		WP_034525440.1	648	QWU49_RS04555
NZ_CP129143.1	1186954	1188246		minus	methionine adenosyltransferase	metK	99750245	protein-coding		WP_005825299.1	430	QWU49_RS04560
NZ_CP129143.1	1188548	1189024		minus	2-amino-4-hydroxy-6-hydroxymethyldihydropteridine diphosphokinase	folK	99750246	protein-coding		WP_005825297.1	158	QWU49_RS04565
NZ_CP129143.1	1189027	1190085		minus	tRNA preQ1(34) S-adenosylmethionine ribosyltransferase-isomerase QueA	queA	99750247	protein-coding		WP_005825296.1	352	QWU49_RS04570
NZ_CP129143.1	1190209	1190916		minus	tRNA pseudouridine(55) synthase TruB	truB	99750248	protein-coding		WP_005825294.1	235	QWU49_RS04575
NZ_CP129143.1	1191032	1191823		minus	undecaprenyl-diphosphate phosphatase		99750249	protein-coding		WP_005825291.1	263	QWU49_RS04580
NZ_CP129143.1	1191980	1192219		minus	DUF3098 domain-containing protein		99750250	protein-coding		WP_005825288.1	79	QWU49_RS04585
NZ_CP129143.1	1192303	1193178		minus	cell division protein FtsX		99750251	protein-coding		WP_005825286.1	291	QWU49_RS04590
NZ_CP129143.1	1193261	1194160		minus	class I SAM-dependent methyltransferase		99750252	protein-coding		WP_005825283.1	299	QWU49_RS04595
NZ_CP129143.1	1194533	1195036		plus	DUF3836 domain-containing protein		99750253	protein-coding		WP_005825281.1	167	QWU49_RS04600
NZ_CP129143.1	1195139	1196512		minus	tRNA (N6-isopentenyl adenosine(37)-C2)-methylthiotransferase MiaB	miaB	99750254	protein-coding		WP_005825279.1	457	QWU49_RS04605
NZ_CP129143.1	1196907	1197287		plus	hypothetical protein		99750255	protein-coding		WP_005825277.1	126	QWU49_RS04610
NZ_CP129143.1	1197361	1198857		plus	acetyl-CoA hydrolase/transferase family protein		99750256	protein-coding		WP_005825276.1	498	QWU49_RS04615
NZ_CP129143.1	1199289	1200695		minus	TolC family protein		99750257	protein-coding		WP_005825275.1	468	QWU49_RS04620
NZ_CP129143.1	1200725	1203904		minus	efflux RND transporter permease subunit		99750258	protein-coding		WP_005825274.1	1059	QWU49_RS04625
NZ_CP129143.1	1203942	1205048		minus	efflux RND transporter periplasmic adaptor subunit		99750259	protein-coding		WP_034523281.1	368	QWU49_RS04630
NZ_CP129143.1	1205271	1206182		plus	helix-turn-helix domain-containing protein		99750260	protein-coding		WP_005825269.1	303	QWU49_RS04635
NZ_CP129143.1	1206280	1207719		minus	D-alanyl-D-alanine carboxypeptidase/D-alanyl-D-alanine endopeptidase	dacB	99750261	protein-coding		WP_005825265.1	479	QWU49_RS04640
NZ_CP129143.1	1207897	1209168		plus	M1 family aminopeptidase		99750262	protein-coding		WP_005825263.1	423	QWU49_RS04645
NZ_CP129143.1	1209177	1209599		minus	DUF2007 domain-containing protein		99750263	protein-coding		WP_005825260.1	140	QWU49_RS04650
NZ_CP129143.1	1209634	1210992		minus	dihydrolipoyl dehydrogenase	lpdA	99750264	protein-coding		WP_005825257.1	452	QWU49_RS04655
NZ_CP129143.1	1211181	1212128		plus	hypothetical protein		99750265	protein-coding		WP_061412812.1	315	QWU49_RS04660
NZ_CP129143.1	1212125	1212457		minus	DUF4907 domain-containing protein		99750266	protein-coding		WP_005825250.1	110	QWU49_RS04665
NZ_CP129143.1	1212483	1213562		minus	Kelch repeat-containing protein		99750267	protein-coding		WP_005825248.1	359	QWU49_RS04670
NZ_CP129143.1	1213805	1215121		plus	DUF4270 family protein		99750268	protein-coding		WP_005825247.1	438	QWU49_RS04675
NZ_CP129143.1	1215118	1216329		plus	hypothetical protein		99750269	protein-coding		WP_005825246.1	403	QWU49_RS04680
NZ_CP129143.1	1216483	1217229		minus	LytR/AlgR family response regulator transcription factor		99750270	protein-coding		WP_005825244.1	248	QWU49_RS04685
NZ_CP129143.1	1217455	1217847		minus	PH domain-containing protein		99750271	protein-coding		WP_005825240.1	130	QWU49_RS04690
NZ_CP129143.1	1217881	1218255		minus	helix-turn-helix transcriptional regulator		99750272	protein-coding		WP_005825238.1	124	QWU49_RS04695
NZ_CP129143.1	1218476	1220395		plus	tetratricopeptide repeat protein		99750273	protein-coding		WP_005825236.1	639	QWU49_RS04700
NZ_CP129143.1	1220472	1222043		plus	L-aspartate oxidase	nadB	99750274	protein-coding		WP_005825234.1	523	QWU49_RS04705
NZ_CP129143.1	1222062	1223810		plus	transglutaminase domain-containing protein		99750275	protein-coding		WP_034525438.1	582	QWU49_RS04710
NZ_CP129143.1	1223841	1226024		plus	DUF3857 domain-containing protein		99750276	protein-coding		WP_005825230.1	727	QWU49_RS04715
NZ_CP129143.1	1226318	1226896		minus	rubrerythrin	rbr	99750277	protein-coding		WP_005825226.1	192	QWU49_RS04720
NZ_CP129143.1	1227218	1228900		plus	SulP family inorganic anion transporter		99750278	protein-coding		WP_005825218.1	560	QWU49_RS04725
NZ_CP129143.1	1228908	1229747		plus	DNA/RNA non-specific endonuclease		99750279	protein-coding		WP_005825215.1	279	QWU49_RS04730
NZ_CP129143.1	1229753	1230262		minus	flavin reductase family protein		99750280	protein-coding		WP_009037517.1	169	QWU49_RS04735
NZ_CP129143.1	1230273	1231046		minus	radical SAM protein		99750281	protein-coding		WP_034525437.1	257	QWU49_RS04740
NZ_CP129143.1	1231185	1233230		minus	helix-hairpin-helix domain-containing protein		99750282	protein-coding		WP_005825210.1	681	QWU49_RS04745
NZ_CP129143.1	1233328	1233960		plus	DUF4294 domain-containing protein		99750283	protein-coding		WP_005833968.1	210	QWU49_RS04750
NZ_CP129143.1	1233955	1234695		minus	DUF5131 family protein		99750284	protein-coding		WP_005825207.1	246	QWU49_RS04755
NZ_CP129143.1	1234825	1235787		minus	YitT family protein		99750285	protein-coding		WP_005825206.1	320	QWU49_RS04760
NZ_CP129143.1	1236111	1236638		minus	RNA methyltransferase		99750286	protein-coding		WP_005825205.1	175	QWU49_RS04765
NZ_CP129143.1	1237103	1238041		plus	quinolinate synthase NadA	nadA	99750287	protein-coding		WP_005825202.1	312	QWU49_RS04770
NZ_CP129143.1	1238135	1238713		minus	non-canonical purine NTP diphosphatase		99750288	protein-coding		WP_005825199.1	192	QWU49_RS04775
NZ_CP129143.1	1238751	1239653		minus	YitT family protein		99750289	protein-coding		WP_005825197.1	300	QWU49_RS04780
NZ_CP129143.1	1239659	1242496		minus	leucine--tRNA ligase	leuS	99750290	protein-coding		WP_005825196.1	945	QWU49_RS04785
NZ_CP129143.1	1243045	1243923		plus	DMT family transporter		99750291	protein-coding		WP_034525442.1	292	QWU49_RS04790
NZ_CP129143.1	1243994	1245427		minus	DUF4185 domain-containing protein		99750292	protein-coding		WP_005825193.1	477	QWU49_RS04795
NZ_CP129143.1	1245434	1247407		minus	glycoside hydrolase family 97 protein		99750293	protein-coding		WP_117652920.1	657	QWU49_RS04800
NZ_CP129143.1	1247484	1249058		minus	RagB/SusD family nutrient uptake outer membrane protein		99750294	protein-coding		WP_005824689.1	524	QWU49_RS04805
NZ_CP129143.1	1249077	1252001		minus	SusC/RagA family TonB-linked outer membrane protein		99750295	protein-coding		WP_229031968.1	974	QWU49_RS04810
NZ_CP129143.1	1252104	1253279		minus	glycoside hydrolase family 172 protein		99750296	protein-coding		WP_005824687.1	391	QWU49_RS04815
NZ_CP129143.1	1253309	1254247		minus	FGGY-family carbohydrate kinase		99750297	protein-coding		WP_005824686.1	312	QWU49_RS04820
NZ_CP129143.1	1254577	1255641		minus	hypothetical protein		99750298	protein-coding		WP_005824685.1	354	QWU49_RS04825
NZ_CP129143.1	1255872	1256876		plus	LacI family DNA-binding transcriptional regulator		99750299	protein-coding		WP_005824684.1	334	QWU49_RS04830
NZ_CP129143.1	1256954	1258741		plus	L-fucose isomerase		99750300	protein-coding		WP_005824683.1	595	QWU49_RS04835
NZ_CP129143.1	1258756	1259979		plus	DUF6786 family protein		99750301	protein-coding		WP_005824682.1	407	QWU49_RS04840
NZ_CP129143.1	1260005	1261435		plus	L-fucose:H+ symporter permease	fucP	99750302	protein-coding		WP_005824680.1	476	QWU49_RS04845
NZ_CP129143.1	1261447	1263087		plus	ribulokinase		99750303	protein-coding		WP_200998837.1	546	QWU49_RS04850
NZ_CP129143.1	1263116	1264297		plus	glycoside hydrolase family 172 protein		99750304	protein-coding		WP_005824517.1	393	QWU49_RS04855
NZ_CP129143.1	1264398	1267616		plus	SusC/RagA family TonB-linked outer membrane protein		99750305	protein-coding		WP_005824519.1	1072	QWU49_RS04860
NZ_CP129143.1	1267630	1269438		plus	RagB/SusD family nutrient uptake outer membrane protein		99750306	protein-coding		WP_005824521.1	602	QWU49_RS04865
NZ_CP129143.1	1269463	1269876		plus	DUF4945 domain-containing protein		99750307	protein-coding		WP_225982630.1	137	QWU49_RS04870
NZ_CP129143.1	1269971	1271377		plus	DUF4185 domain-containing protein		99750308	protein-coding		WP_008662231.1	468	QWU49_RS04875
NZ_CP129143.1	1271400	1273496		plus	hypothetical protein		99750309	protein-coding		WP_005824527.1	698	QWU49_RS04880
NZ_CP129143.1	1273590	1276502		plus	GH116 family glycosyl hydrolase		99750310	protein-coding		WP_008662228.1	970	QWU49_RS04885
NZ_CP129143.1	1276543	1278525		plus	glycoside hydrolase family 97 protein		99750311	protein-coding		WP_200998835.1	660	QWU49_RS04890
NZ_CP129143.1	1278627	1280075		plus	glycoside hydrolase family 125 protein		99750312	protein-coding		WP_005824760.1	482	QWU49_RS04895
NZ_CP129143.1	1280107	1281300		plus	glycoside hydrolase family 172 protein		99750313	protein-coding		WP_034525426.1	397	QWU49_RS04900
NZ_CP129143.1	1281480	1284566		plus	SusC/RagA family TonB-linked outer membrane protein		99750314	protein-coding		WP_005824769.1	1028	QWU49_RS04905
NZ_CP129143.1	1284583	1286505		plus	RagB/SusD family nutrient uptake outer membrane protein		99750315	protein-coding		WP_005824772.1	640	QWU49_RS04910
NZ_CP129143.1	1286526	1287404		plus	Ig-like domain-containing protein		99750316	protein-coding		WP_005824774.1	292	QWU49_RS04915
NZ_CP129143.1	1287527	1289470		plus	glycoside hydrolase family 172 protein		99750317	protein-coding		WP_005824777.1	647	QWU49_RS04920
NZ_CP129143.1	1289493	1290638		plus	DUF4185 domain-containing protein		99750318	protein-coding		WP_005824779.1	381	QWU49_RS04925
NZ_CP129143.1	1290662	1291834		plus	glycoside hydrolase family 76 protein		99750319	protein-coding		WP_005824782.1	390	QWU49_RS04930
NZ_CP129143.1	1291875	1292018		plus	hypothetical protein		99750320	protein-coding		WP_005824785.1	47	QWU49_RS04935
NZ_CP129143.1	1292025	1295486		plus	glycoside hydrolase family 38 C-terminal domain-containing protein		99750321	protein-coding		WP_234129821.1	1153	QWU49_RS04940
NZ_CP129143.1	1295498	1297582		plus	DUF2961 domain-containing protein		99750322	protein-coding		WP_005824790.1	694	QWU49_RS04945
NZ_CP129143.1	1297719	1299944		plus	sensor histidine kinase		99750323	protein-coding		WP_005824793.1	741	QWU49_RS04950
NZ_CP129143.1	1299947	1300420		minus	metalloprotease family protein		99750324	protein-coding		WP_229094639.1	157	QWU49_RS04955
NZ_CP129143.1	1300592	1301290		plus	response regulator transcription factor		99750325	protein-coding		WP_005833949.1	232	QWU49_RS04960
NZ_CP129143.1	1301401	1302267		plus	hypothetical protein		99750326	protein-coding		WP_005833948.1	288	QWU49_RS04965
NZ_CP129143.1	1302558	1302983		plus	DUF3836 domain-containing protein		99750327	protein-coding		WP_005824804.1	141	QWU49_RS04970
NZ_CP129143.1	1303069	1304334		minus	S41 family peptidase		99750328	protein-coding		WP_005824806.1	421	QWU49_RS04975
NZ_CP129143.1	1304534	1304890		plus	cupin domain-containing protein		99750329	protein-coding		WP_005824807.1	118	QWU49_RS04980
NZ_CP129143.1	1305162	1305302		plus	hypothetical protein		99750330	protein-coding		WP_005824809.1	46	QWU49_RS04985
NZ_CP129143.1	1305487	1306008		plus	DUF3836 domain-containing protein		99750331	protein-coding		WP_005824811.1	173	QWU49_RS04990
NZ_CP129143.1	1306430	1307242		plus	SPFH domain-containing protein		99750332	protein-coding		WP_005824816.1	270	QWU49_RS04995
NZ_CP129143.1	1307951	1310566		plus	DNA mismatch repair protein MutS	mutS	99750333	protein-coding		WP_005824820.1	871	QWU49_RS05000
NZ_CP129143.1	1310661	1314908		minus	uncharacterized gene		99750334	pseudogene				QWU49_RS05005
NZ_CP129143.1	1314931	1318998		minus	hybrid sensor histidine kinase/response regulator transcription factor		99750335	protein-coding		WP_005824829.1	1355	QWU49_RS05010
NZ_CP129143.1	1319159	1321108		minus	glycoside hydrolase family 97 protein		99750336	protein-coding		WP_005824831.1	649	QWU49_RS05015
NZ_CP129143.1	1321440	1325069		plus	glycoside hydrolase family 38 C-terminal domain-containing protein		99750337	protein-coding		WP_005824833.1	1209	QWU49_RS05020
NZ_CP129143.1	1325217	1327283		plus	beta-L-arabinofuranosidase domain-containing protein		99750338	protein-coding		WP_005824835.1	688	QWU49_RS05025
NZ_CP129143.1	1327509	1328738		plus	glycoside hydrolase family 76 protein		99750339	protein-coding		WP_005824838.1	409	QWU49_RS05030
NZ_CP129143.1	1328758	1330221		plus	glycoside hydrolase family 125 protein		99750340	protein-coding		WP_005824841.1	487	QWU49_RS05035
NZ_CP129143.1	1330364	1333540		plus	SusC/RagA family TonB-linked outer membrane protein		99750341	protein-coding		WP_005824843.1	1058	QWU49_RS05040
NZ_CP129143.1	1333556	1335166		plus	RagB/SusD family nutrient uptake outer membrane protein		99750342	protein-coding		WP_005824845.1	536	QWU49_RS05045
NZ_CP129143.1	1335200	1336348		plus	SusE domain-containing protein		99750343	protein-coding		WP_005824847.1	382	QWU49_RS05050
NZ_CP129143.1	1336363	1337496		plus	glycoside hydrolase family 76 protein		99750344	protein-coding		WP_005824849.1	377	QWU49_RS05055
NZ_CP129143.1	1337639	1339789		plus	GH92 family glycosyl hydrolase		99750345	protein-coding		WP_005824851.1	716	QWU49_RS05060
NZ_CP129143.1	1339805	1342432		plus	glycoside hydrolase family 78 protein		99750346	protein-coding		WP_005824853.1	875	QWU49_RS05065
NZ_CP129143.1	1342544	1344721		minus	glycoside hydrolase family 3 C-terminal domain-containing protein		99750347	protein-coding		WP_005824855.1	725	QWU49_RS05070
NZ_CP129143.1	1344756	1347092		minus	alpha-xylosidase		99750348	protein-coding		WP_005824859.1	778	QWU49_RS05075
NZ_CP129143.1	1347194	1348099		minus	prolipoprotein diacylglyceryl transferase	lgt	99750349	protein-coding		WP_005824861.1	301	QWU49_RS05080
NZ_CP129143.1	1348186	1349106		minus	ketopantoate reductase family protein		99750350	protein-coding		WP_005824862.1	306	QWU49_RS05085
NZ_CP129143.1	1349121	1349933		minus	carboxypeptidase-like regulatory domain-containing protein		99750351	protein-coding		WP_005824864.1	270	QWU49_RS05090
NZ_CP129143.1	1350008	1351111		minus	redox-regulated ATPase YchF	ychF	99750352	protein-coding		WP_005824866.1	367	QWU49_RS05095
NZ_CP129143.1	1351451	1353067		plus	family 43 glycosylhydrolase		99750353	protein-coding		WP_005826184.1	538	QWU49_RS05100
NZ_CP129143.1	1353338	1353961		minus	HD domain-containing protein		99750354	protein-coding		WP_005826183.1	207	QWU49_RS05105
NZ_CP129143.1	1354095	1354487		minus	DUF3836 domain-containing protein		99750355	protein-coding		WP_005826180.1	130	QWU49_RS05110
NZ_CP129143.1	1354766	1357621		minus	DNA polymerase I	polA	99750356	protein-coding		WP_034525482.1	951	QWU49_RS05115
NZ_CP129143.1	1357709	1358683		plus	polyprenyl synthetase family protein		99750357	protein-coding		WP_005826176.1	324	QWU49_RS05120
NZ_CP129143.1	1358769	1359671		minus	deoxyribose-phosphate aldolase	deoC	99750358	protein-coding		WP_005826174.1	300	QWU49_RS05125
NZ_CP129143.1	1359658	1359996		minus	nucleotide pyrophosphohydrolase		99750359	protein-coding		WP_005826173.1	112	QWU49_RS05130
NZ_CP129143.1	1359996	1360448		minus	D-aminoacyl-tRNA deacylase	dtd	99750360	protein-coding		WP_005826171.1	150	QWU49_RS05135
NZ_CP129143.1	1360529	1362349		minus	excinuclease ABC subunit UvrC	uvrC	99750361	protein-coding		WP_005826169.1	606	QWU49_RS05140
NZ_CP129143.1	1362472	1362996		minus	adenine phosphoribosyltransferase		99750362	protein-coding		WP_005826167.1	174	QWU49_RS05145
NZ_CP129143.1	1363053	1364927		minus	tRNA uridine-5-carboxymethylaminomethyl(34) synthesis enzyme MnmG	mnmG	99750363	protein-coding		WP_005826165.1	624	QWU49_RS05150
NZ_CP129143.1	1365223	1368384		plus	SusC/RagA family TonB-linked outer membrane protein		99750364	protein-coding		WP_005826161.1	1053	QWU49_RS05155
NZ_CP129143.1	1368404	1369894		plus	RagB/SusD family nutrient uptake outer membrane protein		99750365	protein-coding		WP_005826159.1	496	QWU49_RS05160
NZ_CP129143.1	1370226	1372043		plus	glycoside hydrolase family 2 protein		99750366	protein-coding		WP_005826156.1	605	QWU49_RS05165
NZ_CP129143.1	1372149	1376102		plus	hybrid sensor histidine kinase/response regulator transcription factor		99750367	protein-coding		WP_005826155.1	1317	QWU49_RS05170
NZ_CP129143.1	1376403	1379414		plus	SusC/RagA family TonB-linked outer membrane protein		99750368	protein-coding		WP_005826152.1	1003	QWU49_RS05175
NZ_CP129143.1	1379437	1381014		plus	RagB/SusD family nutrient uptake outer membrane protein		99750369	protein-coding		WP_005826150.1	525	QWU49_RS05180
NZ_CP129143.1	1381099	1383741		plus	family 43 glycosylhydrolase		99750370	protein-coding		WP_005826148.1	880	QWU49_RS05185
NZ_CP129143.1	1383986	1384954		plus	glycoside hydrolase family 43 protein		99750371	protein-coding		WP_005826146.1	322	QWU49_RS05190
NZ_CP129143.1	1384958	1385926		plus	glycoside hydrolase family 43 protein		99750372	protein-coding		WP_005826144.1	322	QWU49_RS05195
NZ_CP129143.1	1385954	1386961		plus	family 43 glycosylhydrolase		99750373	protein-coding		WP_005826142.1	335	QWU49_RS05200
NZ_CP129143.1	1386967	1389693		plus	alpha-L-rhamnosidase		99750374	protein-coding		WP_074668535.1	908	QWU49_RS05205
NZ_CP129143.1	1389726	1391756		plus	hypothetical protein		99750375	protein-coding		WP_034525481.1	676	QWU49_RS05210
NZ_CP129143.1	1391786	1392922		plus	aldose epimerase family protein		99750376	protein-coding		WP_005826133.1	378	QWU49_RS05215
NZ_CP129143.1	1393013	1393549		plus	hypothetical protein		99750377	protein-coding		WP_005826131.1	178	QWU49_RS05220
NZ_CP129143.1	1393621	1394034		minus	rRNA maturation RNase YbeY	ybeY	99750378	protein-coding		WP_005826129.1	137	QWU49_RS05225
NZ_CP129143.1	1394102	1395334		minus	nucleoside recognition domain-containing protein		99750379	protein-coding		WP_005826127.1	410	QWU49_RS05230
NZ_CP129143.1	1395360	1396364		minus	M28 family metallopeptidase		99750380	protein-coding		WP_005826125.1	334	QWU49_RS05235
NZ_CP129143.1	1396496	1397263		plus	DNA alkylation repair protein		99750381	protein-coding		WP_005826124.1	255	QWU49_RS05240
NZ_CP129143.1	1397414	1398964		plus	hypothetical protein		99750382	protein-coding		WP_008662136.1	516	QWU49_RS05245
NZ_CP129143.1	1399181	1400107		plus	ribokinase	rbsK	99750383	protein-coding		WP_005826122.1	308	QWU49_RS05250
NZ_CP129143.1	1400147	1401082		plus	ribokinase	rbsK	99750384	protein-coding		WP_005826121.1	311	QWU49_RS05255
NZ_CP129143.1	1401094	1402098		plus	GRP family sugar transporter		99750385	protein-coding		WP_005826120.1	334	QWU49_RS05260
NZ_CP129143.1	1402151	1405105		plus	SusC/RagA family TonB-linked outer membrane protein		99750386	protein-coding		WP_005826119.1	984	QWU49_RS05265
NZ_CP129143.1	1405114	1406685		plus	RagB/SusD family nutrient uptake outer membrane protein		99750387	protein-coding		WP_005826118.1	523	QWU49_RS05270
NZ_CP129143.1	1406721	1408247		plus	ADP-ribosylglycohydrolase family protein		99750388	protein-coding		WP_005826117.1	508	QWU49_RS05275
NZ_CP129143.1	1408489	1409526		plus	Holliday junction branch migration DNA helicase RuvB	ruvB	99750389	protein-coding		WP_034525480.1	345	QWU49_RS05280
NZ_CP129143.1	1409639	1411081		plus	lipopolysaccharide biosynthesis protein		99750390	protein-coding		WP_034525489.1	480	QWU49_RS05285
NZ_CP129143.1	1411262	1411894		plus	uncharacterized gene	dinD	99750391	pseudogene				QWU49_RS05290
NZ_CP129143.1	1411947	1413317		plus	TIGR00341 family protein		99750392	protein-coding		WP_005826112.1	456	QWU49_RS05295
NZ_CP129143.1	1413334	1415472		plus	S46 family peptidase		99750393	protein-coding		WP_005826110.1	712	QWU49_RS05300
NZ_CP129143.1	1415511	1417070		minus	alkyl hydroperoxide reductase subunit F	ahpF	99750394	protein-coding		WP_005826109.1	519	QWU49_RS05305
NZ_CP129143.1	1417284	1417850		minus	alkyl hydroperoxide reductase subunit C	ahpC	99750395	protein-coding		WP_005826106.1	188	QWU49_RS05310
NZ_CP129143.1	1418046	1418972		minus	hydrogen peroxide-inducible genes activator		99750396	protein-coding		WP_005826104.1	308	QWU49_RS05315
NZ_CP129143.1	1419113	1419601		plus	Dps family protein		99750397	protein-coding		WP_005826103.1	162	QWU49_RS05320
NZ_CP129143.1	1419691	1421643		minus	DEAD/DEAH box helicase		99750398	protein-coding		WP_009037442.1	650	QWU49_RS05325
NZ_CP129143.1	1421788	1422852		minus	tyrosine-protein phosphatase		99750399	protein-coding		WP_005826099.1	354	QWU49_RS05330
NZ_CP129143.1	1423002	1423619		minus	DUF5043 domain-containing protein		99750400	protein-coding		WP_005826097.1	205	QWU49_RS05335
NZ_CP129143.1	1423656	1424270		minus	DUF5043 domain-containing protein		99750401	protein-coding		WP_005826095.1	204	QWU49_RS05340
NZ_CP129143.1	1424267	1425649		minus	hypothetical protein		99750402	protein-coding		WP_005826092.1	460	QWU49_RS05345
NZ_CP129143.1	1425813	1426742		minus	carbohydrate kinase family protein		99750403	protein-coding		WP_034525479.1	309	QWU49_RS05350
NZ_CP129143.1	1426730	1427335		minus	SIS domain-containing protein		99750404	protein-coding		WP_005826081.1	201	QWU49_RS05355
NZ_CP129143.1	1427519	1428766		plus	M16 family metallopeptidase		99750405	protein-coding		WP_005826079.1	415	QWU49_RS05360
NZ_CP129143.1	1428753	1429352		minus	epoxyqueuosine reductase QueH		99750406	protein-coding		WP_005826077.1	199	QWU49_RS05365
NZ_CP129143.1	1429352	1430536		minus	DUF5009 domain-containing protein		99750407	protein-coding		WP_034525478.1	394	QWU49_RS05370
NZ_CP129143.1	1430643	1432235		plus	DUF6377 domain-containing protein		99750408	protein-coding		WP_034525487.1	530	QWU49_RS05375
NZ_CP129143.1	1432441	1433691		plus	glycoside hydrolase family 5 protein		99750409	protein-coding		WP_034525477.1	416	QWU49_RS05380
NZ_CP129143.1	1434052	1436277		plus	glycoside hydrolase family 3 C-terminal domain-containing protein		99750410	protein-coding		WP_005826070.1	741	QWU49_RS05385
NZ_CP129143.1	1436536	1437201		plus	MIP family channel protein		99750411	protein-coding		WP_085931073.1	221	QWU49_RS05390
NZ_CP129143.1	1437336	1438508		minus	mannonate dehydratase	uxuA	99750412	protein-coding		WP_005826068.1	390	QWU49_RS05395
NZ_CP129143.1	1438543	1439355		minus	SDR family oxidoreductase		99750413	protein-coding		WP_005826063.1	270	QWU49_RS05400
NZ_CP129143.1	1439493	1440710		minus	uncharacterized gene		99750414	pseudogene				QWU49_RS05405
NZ_CP129143.1	1440714	1441355		minus	WbqC family protein		99750415	protein-coding		WP_005826060.1	213	QWU49_RS05410
NZ_CP129143.1	1441445	1442380		minus	signal peptidase I	lepB	99750416	protein-coding		WP_005826058.1	311	QWU49_RS05415
NZ_CP129143.1	1442377	1443870		minus	signal peptidase I	lepB	99750417	protein-coding		WP_005826057.1	497	QWU49_RS05420
NZ_CP129143.1	1443877	1444641		minus	4-hydroxy-tetrahydrodipicolinate reductase	dapB	99750418	protein-coding		WP_005826055.1	254	QWU49_RS05425
NZ_CP129143.1	1444738	1446012		plus	DUF2851 family protein		99750419	protein-coding		WP_005826054.1	424	QWU49_RS05430
NZ_CP129143.1	1446090	1446602		plus	hypothetical protein		99750420	protein-coding		WP_005826053.1	170	QWU49_RS05435
NZ_CP129143.1	1446717	1447406		plus	DUF6250 domain-containing protein		99750421	protein-coding		WP_005826049.1	229	QWU49_RS05440
NZ_CP129143.1	1447413	1450499		plus	chondroitinase family polysaccharide lyase		99750422	protein-coding		WP_005826047.1	1028	QWU49_RS05445
NZ_CP129143.1	1450708	1451676		minus	tRNA-dihydrouridine synthase family protein		99750423	protein-coding		WP_005826046.1	322	QWU49_RS05450
NZ_CP129143.1	1451679	1452812		minus	glycoside hydrolase family protein		99750424	protein-coding		WP_008662105.1	377	QWU49_RS05455
NZ_CP129143.1	1453007	1455487		plus	polysaccharide lyase family 8 super-sandwich domain-containing protein		99750425	protein-coding		WP_005826043.1	826	QWU49_RS05460
NZ_CP129143.1	1455496	1458141		plus	glycoside hydrolase family 2		99750426	protein-coding		WP_005826042.1	881	QWU49_RS05465
NZ_CP129143.1	1458547	1460037		minus	RagB/SusD family nutrient uptake outer membrane protein		99750427	protein-coding		WP_034522898.1	496	QWU49_RS05470
NZ_CP129143.1	1460064	1463144		minus	SusC/RagA family TonB-linked outer membrane protein		99750428	protein-coding		WP_005826038.1	1026	QWU49_RS05475
NZ_CP129143.1	1463315	1464874		minus	sulfatase family protein		99750429	protein-coding		WP_034525476.1	519	QWU49_RS05480
NZ_CP129143.1	1465004	1469077		minus	hybrid sensor histidine kinase/response regulator transcription factor		99750430	protein-coding		WP_009037414.1	1357	QWU49_RS05485
NZ_CP129143.1	1469267	1470349		plus	phosphotransferase enzyme family protein		99750431	protein-coding		WP_005826031.1	360	QWU49_RS05490
NZ_CP129143.1	1470340	1471074		plus	carbohydrate-binding family 9-like protein		99750432	protein-coding		WP_005826029.1	244	QWU49_RS05495
NZ_CP129143.1	1471633	1472400		minus	acyl-ACP--UDP-N-acetylglucosamine O-acyltransferase	lpxA	99750433	protein-coding		WP_005826023.1	255	QWU49_RS05500
NZ_CP129143.1	1472500	1473885		minus	TolC family protein		99750434	protein-coding		WP_234129818.1	461	QWU49_RS05505
NZ_CP129143.1	1473905	1477324		minus	efflux RND transporter permease subunit		99750435	protein-coding		WP_005826019.1	1139	QWU49_RS05510
NZ_CP129143.1	1477379	1478557		minus	efflux RND transporter periplasmic adaptor subunit		99750436	protein-coding		WP_005826017.1	392	QWU49_RS05515
NZ_CP129143.1	1478839	1480821		plus	Ig-like domain-containing domain		99750437	protein-coding		WP_005826015.1	660	QWU49_RS05520
NZ_CP129143.1	1480736	1481650		plus	DUF3108 domain-containing protein		99750438	protein-coding		WP_080545834.1	304	QWU49_RS05525
NZ_CP129143.1	1481595	1482038		minus	PaaI family thioesterase		99750439	protein-coding		WP_005826009.1	147	QWU49_RS05530
NZ_CP129143.1	1482217	1483416		plus	glycoside hydrolase family 88 protein		99750440	protein-coding		WP_005826007.1	399	QWU49_RS05535
NZ_CP129143.1	1483413	1484957		plus	sulfatase family protein		99750441	protein-coding		WP_016272089.1	514	QWU49_RS05540
NZ_CP129143.1	1485103	1487133		plus	patatin-like phospholipase family protein		99750442	protein-coding		WP_016272088.1	676	QWU49_RS05545
NZ_CP129143.1	1487292	1488767		minus	cysteine--tRNA ligase	cysS	99750443	protein-coding		WP_005825999.1	491	QWU49_RS05550
NZ_CP129143.1	1488893	1489945		plus	tRNA 2-thiouridine(34) synthase MnmA	mnmA	99750444	protein-coding		WP_005825997.1	350	QWU49_RS05555
NZ_CP129143.1	1490045	1490926		plus	DUF3078 domain-containing protein		99750445	protein-coding		WP_005825995.1	293	QWU49_RS05560
NZ_CP129143.1	1491072	1492583		minus	GH3 auxin-responsive promoter family protein		99750446	protein-coding		WP_005825993.1	503	QWU49_RS05565
NZ_CP129143.1	1492706	1493716		plus	ATP-dependent 6-phosphofructokinase		99750447	protein-coding		WP_005833813.1	336	QWU49_RS05570
NZ_CP129143.1	1493675	1494553		minus	ribonuclease III	rnc	99750448	protein-coding		WP_172679983.1	292	QWU49_RS05575
NZ_CP129143.1	1494561	1495826		minus	beta-ketoacyl-ACP synthase II	fabF	99750449	protein-coding		WP_005825984.1	421	QWU49_RS05580
NZ_CP129143.1	1495848	1496084		minus	acyl carrier protein		99750450	protein-coding		WP_004291965.1	78	QWU49_RS05585
NZ_CP129143.1	1496234	1496821		plus	phosphoribosylglycinamide formyltransferase	purN	99750451	protein-coding		WP_008662068.1	195	QWU49_RS05590
NZ_CP129143.1	1496812	1498665		minus	sulfatase-like hydrolase/transferase		99750452	protein-coding		WP_005825980.1	617	QWU49_RS05595
NZ_CP129143.1	1498782	1499825		minus	4-phosphoerythronate dehydrogenase PdxB	pdxB	99750453	protein-coding		WP_005825977.1	347	QWU49_RS05600
NZ_CP129143.1	1499872	1500087		minus	hypothetical protein		99750454	protein-coding		WP_227201678.1	71	QWU49_RS05605
NZ_CP129143.1	1500455	1501600		plus	glycosyltransferase family 4 protein		99750455	protein-coding		WP_005825968.1	381	QWU49_RS05610
NZ_CP129143.1	1501604	1502641		plus	pyridoxal phosphate-dependent aminotransferase		99750456	protein-coding		WP_005825966.1	345	QWU49_RS05615
NZ_CP129143.1	1502638	1503369		plus	NTP transferase domain-containing protein		99750457	protein-coding		WP_005825963.1	243	QWU49_RS05620
NZ_CP129143.1	1503387	1504214		plus	LicD family protein		99750458	protein-coding		WP_005825961.1	275	QWU49_RS05625
NZ_CP129143.1	1504236	1505153		minus	glycosyltransferase family 2 protein		99750459	protein-coding		WP_005825959.1	305	QWU49_RS05630
NZ_CP129143.1	1505462	1506460		plus	glycosyltransferase family 9 protein		99750460	protein-coding		WP_005825955.1	332	QWU49_RS05635
NZ_CP129143.1	1506441	1507871		minus	bifunctional D-glycero-beta-D-manno-heptose-7-phosphate kinase/D-glycero-beta-D-manno-heptose 1-phosphate adenylyltransferase HldE	hldE	99750461	protein-coding		WP_005825953.1	476	QWU49_RS05640
NZ_CP129143.1	1507868	1508356		minus	D-glycero-alpha-D-manno-heptose-1,7-bisphosphate 7-phosphatase		99750462	protein-coding		WP_005825952.1	162	QWU49_RS05645
NZ_CP129143.1	1508349	1508930		minus	D-sedoheptulose 7-phosphate isomerase	gmhA	99750463	protein-coding		WP_005825951.1	193	QWU49_RS05650
NZ_CP129143.1	1508967	1509716		minus	lipopolysaccharide kinase InaA family protein		99750464	protein-coding		WP_005825949.1	249	QWU49_RS05655
NZ_CP129143.1	1509800	1511614		minus	LTA synthase family protein		99750465	protein-coding		WP_005825948.1	604	QWU49_RS05660
NZ_CP129143.1	1511876	1512940		plus	CDP-glycerol glycerophosphotransferase family protein		99750466	protein-coding		WP_005825943.1	354	QWU49_RS05665
NZ_CP129143.1	1512953	1513963		plus	glycosyltransferase family 2 protein		99750467	protein-coding		WP_005825941.1	336	QWU49_RS05670
NZ_CP129143.1	1513983	1515059		plus	glycoside hydrolase family 99-like domain-containing protein		99750468	protein-coding		WP_005825939.1	358	QWU49_RS05675
NZ_CP129143.1	1515056	1516000		plus	glycosyltransferase family 2 protein		99750469	protein-coding		WP_005825937.1	314	QWU49_RS05680
NZ_CP129143.1	1516000	1517283		plus	glycosyltransferase		99750470	protein-coding		WP_005825933.1	427	QWU49_RS05685
NZ_CP129143.1	1517296	1518171		plus	glycosyltransferase		99750471	protein-coding		WP_005825931.1	291	QWU49_RS05690
NZ_CP129143.1	1518183	1519322		plus	glycosyltransferase		99750472	protein-coding		WP_005825928.1	379	QWU49_RS05695
NZ_CP129143.1	1519338	1520312		plus	glycosyltransferase family 2 protein		99750473	protein-coding		WP_005825925.1	324	QWU49_RS05700
NZ_CP129143.1	1520317	1521228		plus	alpha-1,2-fucosyltransferase		99750474	protein-coding		WP_005825921.1	303	QWU49_RS05705
NZ_CP129143.1	1521359	1521982		minus	porin family protein		99750475	protein-coding		WP_005825917.1	207	QWU49_RS05710
NZ_CP129143.1	1522110	1524080		minus	MAC/perforin domain-containing protein		99750476	protein-coding		WP_005825915.1	656	QWU49_RS05715
NZ_CP129143.1	1524125	1524523		minus	DUF3244 domain-containing protein		99750477	protein-coding		WP_005825909.1	132	QWU49_RS05720
NZ_CP129143.1	1524652	1526232		minus	tetratricopeptide repeat protein		99750478	protein-coding		WP_005825907.1	526	QWU49_RS05725
NZ_CP129143.1	1526541	1528379		plus	ABC transporter ATP-binding protein		99750479	protein-coding		WP_005825904.1	612	QWU49_RS05730
NZ_CP129143.1	1528803	1529882		plus	Gfo/Idh/MocA family protein		99750480	protein-coding		WP_005825902.1	359	QWU49_RS05735
NZ_CP129143.1	1529949	1531436		plus	Gfo/Idh/MocA family protein		99750481	protein-coding		WP_005825899.1	495	QWU49_RS05740
NZ_CP129143.1	1531508	1532383		plus	3-keto-disaccharide hydrolase		99750482	protein-coding		WP_005825897.1	291	QWU49_RS05745
NZ_CP129143.1	1532406	1533308		plus	sugar phosphate isomerase/epimerase family protein		99750483	protein-coding		WP_005825894.1	300	QWU49_RS05750
NZ_CP129143.1	1533402	1534037		minus	viroplasmin family protein		99750484	protein-coding		WP_034525485.1	211	QWU49_RS05755
NZ_CP129143.1	1534198	1534521		plus	hypothetical protein		99750485	protein-coding		WP_005825891.1	107	QWU49_RS05760
NZ_CP129143.1	1534594	1535511		plus	IS1595-like element ISBun1 family transposase		99750486	protein-coding		WP_005825889.1	305	QWU49_RS05765
NZ_CP129143.1	1535508	1535768		plus	hypothetical protein		99750487	protein-coding		WP_005825887.1	86	QWU49_RS05770
NZ_CP129143.1	1535782	1535967		minus	hypothetical protein		99750488	protein-coding		WP_005825886.1	61	QWU49_RS05775
NZ_CP129143.1	1536252	1536785		plus	hypothetical protein		99750489	protein-coding		WP_034525474.1	177	QWU49_RS05780
NZ_CP129143.1	1536863	1537465		plus	nitroreductase family protein		99750490	protein-coding		WP_034525484.1	200	QWU49_RS05785
NZ_CP129143.1	1537563	1538090		plus	shikimate kinase		99750491	protein-coding		WP_005825881.1	175	QWU49_RS05790
NZ_CP129143.1	1538226	1540118		plus	biosynthetic arginine decarboxylase	speA	99750492	protein-coding		WP_005825878.1	630	QWU49_RS05795
NZ_CP129143.1	1540120	1540890		plus	acetylglutamate kinase	argB	99750493	protein-coding		WP_005825877.1	256	QWU49_RS05800
NZ_CP129143.1	1540951	1541460		plus	RNA polymerase sigma factor		99750494	protein-coding		WP_005825876.1	169	QWU49_RS05805
NZ_CP129143.1	1541450	1541932		plus	hypothetical protein		99750495	protein-coding		WP_005825875.1	160	QWU49_RS05810
NZ_CP129143.1	1542221	1543891		plus	LuxR C-terminal-related transcriptional regulator		99750496	protein-coding		WP_229031883.1	556	QWU49_RS05815
NZ_CP129143.1	1544046	1544450		plus	hypothetical protein		99750497	protein-coding		WP_005825870.1	134	QWU49_RS05820
NZ_CP129143.1	1544463	1546799		plus	TonB-dependent receptor		99750498	protein-coding		WP_005825869.1	778	QWU49_RS05825
NZ_CP129143.1	1546949	1547809		minus	head GIN domain-containing protein		99750499	protein-coding		WP_005825867.1	286	QWU49_RS05830
NZ_CP129143.1	1548097	1548807		plus	SprT family zinc-dependent metalloprotease		99750500	protein-coding		WP_005825865.1	236	QWU49_RS05835
NZ_CP129143.1	1549122	1549520		minus	hypothetical protein		99750501	protein-coding		WP_005825862.1	132	QWU49_RS05840
NZ_CP129143.1	1549583	1553635		minus	hybrid sensor histidine kinase/response regulator transcription factor		99750502	protein-coding		WP_005825860.1	1350	QWU49_RS05845
NZ_CP129143.1	1553895	1555550		plus	carboxylesterase/lipase family protein		99750503	protein-coding		WP_005825859.1	551	QWU49_RS05850
NZ_CP129143.1	1555600	1558731		plus	SusC/RagA family TonB-linked outer membrane protein		99750504	protein-coding		WP_005825858.1	1043	QWU49_RS05855
NZ_CP129143.1	1558762	1560333		plus	RagB/SusD family nutrient uptake outer membrane protein		99750505	protein-coding		WP_034525472.1	523	QWU49_RS05860
NZ_CP129143.1	1560487	1562853		plus	glycoside hydrolase family 3 C-terminal domain-containing protein		99750506	protein-coding		WP_005825856.1	788	QWU49_RS05865
NZ_CP129143.1	1562941	1563825		plus	alpha/beta hydrolase		99750507	protein-coding		WP_005825855.1	294	QWU49_RS05870
NZ_CP129143.1	1563857	1565062		plus	esterase		99750508	protein-coding		WP_005825853.1	401	QWU49_RS05875
NZ_CP129143.1	1565108	1566304		plus	esterase		99750509	protein-coding		WP_005825852.1	398	QWU49_RS05880
NZ_CP129143.1	1566309	1568636		plus	glycoside hydrolase family 3 C-terminal domain-containing protein		99750510	protein-coding		WP_005825849.1	775	QWU49_RS05885
NZ_CP129143.1	1568773	1571262		plus	glycoside hydrolase family 3 N-terminal domain-containing protein		99750511	protein-coding		WP_055288451.1	829	QWU49_RS05890
NZ_CP129143.1	1571733	1572200		plus	ribosome assembly cofactor RimP	rimP	99750512	protein-coding		WP_005824352.1	155	QWU49_RS05895
NZ_CP129143.1	1572205	1573470		plus	transcription termination factor NusA	nusA	99750513	protein-coding		WP_005824354.1	421	QWU49_RS05900
NZ_CP129143.1	1573594	1576641		plus	translation initiation factor IF-2	infB	99750514	protein-coding		WP_005824356.1	1015	QWU49_RS05905
NZ_CP129143.1	1576795	1577307		plus	CvpA family protein		99750515	protein-coding		WP_008661989.1	170	QWU49_RS05910
NZ_CP129143.1	1577356	1578810		plus	Fe-S cluster assembly protein SufB	sufB	99750516	protein-coding		WP_005824359.1	484	QWU49_RS05915
NZ_CP129143.1	1578929	1579684		plus	Fe-S cluster assembly ATPase SufC	sufC	99750517	protein-coding		WP_005824362.1	251	QWU49_RS05920
NZ_CP129143.1	1579702	1581045		plus	Fe-S cluster assembly protein SufD	sufD	99750518	protein-coding		WP_005824364.1	447	QWU49_RS05925
NZ_CP129143.1	1581113	1582333		plus	cysteine desulfurase		99750519	protein-coding		WP_008661986.1	406	QWU49_RS05930
NZ_CP129143.1	1582404	1582724		plus	heavy metal-binding domain-containing protein		99750520	protein-coding		WP_005824368.1	106	QWU49_RS05935
NZ_CP129143.1	1582818	1584899		minus	LruC domain-containing protein		99750521	protein-coding		WP_057253883.1	693	QWU49_RS05940
NZ_CP129143.1	1584966	1587170		plus	sodium-translocating pyrophosphatase		99750522	protein-coding		WP_009037367.1	734	QWU49_RS05945
NZ_CP129143.1	1587167	1588768		minus	SusD/RagB family nutrient-binding outer membrane lipoprotein		99750523	protein-coding		WP_005824376.1	533	QWU49_RS05950
NZ_CP129143.1	1588781	1592128		minus	SusC/RagA family TonB-linked outer membrane protein		99750524	protein-coding		WP_005824378.1	1115	QWU49_RS05955
NZ_CP129143.1	1592294	1593229		minus	FecR family protein		99750525	protein-coding		WP_005824380.1	311	QWU49_RS05960
NZ_CP129143.1	1593326	1593898		minus	RNA polymerase sigma-70 factor		99750526	protein-coding		WP_005833682.1	190	QWU49_RS05965
NZ_CP129143.1	1594071	1596215		minus	polyribonucleotide nucleotidyltransferase	pnp	99750527	protein-coding		WP_005824386.1	714	QWU49_RS05970
NZ_CP129143.1	1596423	1597574		plus	thioredoxin-like domain-containing protein		99750528	protein-coding		WP_005824390.1	383	QWU49_RS05975
NZ_CP129143.1	1597765	1598229		plus	transcription elongation factor GreA	greA	99750529	protein-coding		WP_005824394.1	154	QWU49_RS05980
NZ_CP129143.1	1598279	1598671		plus	HIT family protein		99750530	protein-coding		WP_005824396.1	130	QWU49_RS05985
NZ_CP129143.1	1598772	1599857		minus	mannose-1-phosphate guanylyltransferase		99750531	protein-coding		WP_005824399.1	361	QWU49_RS05990
NZ_CP129143.1	1600015	1600098		plus	tRNA-Leu		99750532	tRNA				QWU49_RS05995
NZ_CP129143.1	1600274	1601083		plus	Fic family protein		99750533	protein-coding		WP_004291350.1	269	QWU49_RS06000
NZ_CP129143.1	1601109	1601849		minus	NERD domain-containing protein		99750534	protein-coding		WP_004291349.1	246	QWU49_RS06005
NZ_CP129143.1	1601859	1602302		minus	hypothetical protein		99750535	protein-coding		WP_004291348.1	147	QWU49_RS06010
NZ_CP129143.1	1602358	1603077		minus	hypothetical protein		99750536	protein-coding		WP_005649593.1	239	QWU49_RS06015
NZ_CP129143.1	1603396	1604799		minus	hypothetical protein		99750537	protein-coding		WP_005649590.1	467	QWU49_RS06020
NZ_CP129143.1	1605011	1605967		minus	toprim domain-containing protein		99750538	protein-coding		WP_004291345.1	318	QWU49_RS06025
NZ_CP129143.1	1606199	1607389		minus	primase-helicase family protein		99750539	protein-coding		WP_004291344.1	396	QWU49_RS06030
NZ_CP129143.1	1607394	1607708		minus	helix-turn-helix transcriptional regulator		99750540	protein-coding		WP_004291341.1	104	QWU49_RS06035
NZ_CP129143.1	1607878	1608819		minus	DUF6043 family protein		99750541	protein-coding		WP_004291334.1	313	QWU49_RS06040
NZ_CP129143.1	1608827	1610164		minus	site-specific integrase		99750542	protein-coding		WP_004291332.1	445	QWU49_RS06045
NZ_CP129143.1	1610454	1611263		plus	Fic family protein		99750543	protein-coding		WP_034525383.1	269	QWU49_RS06050
NZ_CP129143.1	1611493	1612881		plus	PAS domain-containing sensor histidine kinase		99750544	protein-coding		WP_005824402.1	462	QWU49_RS06055
NZ_CP129143.1	1612892	1613851		minus	FimB/Mfa2 family fimbrial subunit		99750545	protein-coding		WP_005824403.1	319	QWU49_RS06060
NZ_CP129143.1	1614200	1617394		plus	SusC/RagA family TonB-linked outer membrane protein		99750546	protein-coding		WP_005824407.1	1064	QWU49_RS06065
NZ_CP129143.1	1617408	1619087		plus	RagB/SusD family nutrient uptake outer membrane protein		99750547	protein-coding		WP_005824409.1	559	QWU49_RS06070
NZ_CP129143.1	1619129	1621099		plus	hypothetical protein		99750548	protein-coding		WP_005824411.1	656	QWU49_RS06075
NZ_CP129143.1	1621108	1623729		plus	hypothetical protein		99750549	protein-coding		WP_005824413.1	873	QWU49_RS06080
NZ_CP129143.1	1624124	1625695		minus	glycoside hydrolase family 43 protein		99750550	protein-coding		WP_005824415.1	523	QWU49_RS06085
NZ_CP129143.1	1625946	1627727		plus	cellulase family glycosylhydrolase		99750551	protein-coding		WP_005824418.1	593	QWU49_RS06090
NZ_CP129143.1	1627948	1632030		plus	hybrid sensor histidine kinase/response regulator transcription factor		99750552	protein-coding		WP_005824420.1	1360	QWU49_RS06095
NZ_CP129143.1	1632169	1635051		plus	TIM-barrel domain-containing protein		99750553	protein-coding		WP_005824422.1	960	QWU49_RS06100
NZ_CP129143.1	1635193	1637712		plus	glycoside hydrolase family 2 TIM barrel-domain containing protein		99750554	protein-coding		WP_005824424.1	839	QWU49_RS06105
NZ_CP129143.1	1637760	1639973		plus	glycoside hydrolase family 3 C-terminal domain-containing protein		99750555	protein-coding		WP_005824426.1	737	QWU49_RS06110
NZ_CP129143.1	1640170	1642632		plus	glycoside hydrolase family 95 protein		99750556	protein-coding		WP_005824428.1	820	QWU49_RS06115
NZ_CP129143.1	1642729	1644225		plus	3-succinylated cholic acid synthase	bas-suc	99750557	protein-coding		WP_005824432.1	498	QWU49_RS06120
NZ_CP129143.1	1644230	1644862		plus	hypothetical protein		99750558	protein-coding		WP_005824435.1	210	QWU49_RS06125
NZ_CP129143.1	1644967	1645521		plus	cob(I)yrinic acid a,c-diamide adenosyltransferase		99750559	protein-coding		WP_005824436.1	184	QWU49_RS06130
NZ_CP129143.1	1645592	1645813		plus	DUF2795 domain-containing protein		99750560	protein-coding		WP_002558131.1	73	QWU49_RS06135
NZ_CP129143.1	1645947	1648382		plus	DEAD/DEAH box helicase		99750561	protein-coding		WP_005824438.1	811	QWU49_RS06140
NZ_CP129143.1	1648453	1648812		minus	DUF488 domain-containing protein		99750562	protein-coding		WP_005824440.1	119	QWU49_RS06145
NZ_CP129143.1	1648809	1649537		minus	iron-sulfur cluster repair di-iron protein	ric	99750563	protein-coding		WP_005824443.1	242	QWU49_RS06150
NZ_CP129143.1	1649818	1650315		minus	hypothetical protein		99750564	protein-coding		WP_005824447.1	165	QWU49_RS06155
NZ_CP129143.1	1650477	1651037		plus	porin family protein		99750565	protein-coding		WP_005824451.1	186	QWU49_RS06160
NZ_CP129143.1	1651111	1651671		minus	hypothetical protein		99750566	protein-coding		WP_005824453.1	186	QWU49_RS06165
NZ_CP129143.1	1651783	1655046		minus	PL29 family lyase N-terminal domain-containing protein		99750567	protein-coding		WP_005824456.1	1087	QWU49_RS06170
NZ_CP129143.1	1655482	1656435		minus	tyrosine-type recombinase/integrase		99750568	protein-coding		WP_005824461.1	317	QWU49_RS06175
NZ_CP129143.1	1656597	1657703		plus	AAA family ATPase		99750569	protein-coding		WP_005824463.1	368	QWU49_RS06180
NZ_CP129143.1	1657732	1658673		minus	HipA domain-containing protein		99750570	protein-coding		WP_005824466.1	313	QWU49_RS06185
NZ_CP129143.1	1658676	1659002		minus	HipA N-terminal domain-containing protein		99750571	protein-coding		WP_022401131.1	108	QWU49_RS06190
NZ_CP129143.1	1659002	1659226		minus	helix-turn-helix transcriptional regulator		99750572	protein-coding		WP_005824474.1	74	QWU49_RS06195
NZ_CP129143.1	1659684	1660031		minus	hypothetical protein		99750573	protein-coding		WP_022401132.1	115	QWU49_RS06200
NZ_CP129143.1	1660109	1663240		minus	PspA/IM30 family protein		99750574	protein-coding		WP_034525381.1	1043	QWU49_RS06205
NZ_CP129143.1	1663598	1664545		plus	tyrosine-type recombinase/integrase		99750575	protein-coding		WP_005824483.1	315	QWU49_RS06210
NZ_CP129143.1	1664989	1668198		plus	hypothetical protein		99750576	protein-coding		WP_034525471.1	1069	QWU49_RS06215
NZ_CP129143.1	1668297	1668635		plus	hypothetical protein		99750577	protein-coding		WP_005825841.1	112	QWU49_RS06220
NZ_CP129143.1	1668811	1669434		minus	HU family DNA-binding protein		99750578	protein-coding		WP_005825839.1	207	QWU49_RS06225
NZ_CP129143.1	1669835	1671925		plus	BT4734/BF3469 family protein		99750579	protein-coding		WP_034525470.1	696	QWU49_RS06230
NZ_CP129143.1	1671922	1672383		minus	low molecular weight protein-tyrosine-phosphatase		99750580	protein-coding		WP_005825832.1	153	QWU49_RS06235
NZ_CP129143.1	1672405	1674870		minus	replication restart helicase PriA	priA	99750581	protein-coding		WP_034525468.1	821	QWU49_RS06240
NZ_CP129143.1	1675328	1678312		minus	PL29 family lyase N-terminal domain-containing protein		99750582	protein-coding		WP_057281913.1	994	QWU49_RS06245
NZ_CP129143.1	1678748	1678912		minus	hypothetical protein		99750583	protein-coding		WP_005825822.1	54	QWU49_RS06250
NZ_CP129143.1	1679227	1680456		plus	site-specific integrase		99750584	protein-coding		WP_005825819.1	409	QWU49_RS06255
NZ_CP129143.1	1680476	1681687		plus	site-specific integrase		99750585	protein-coding		WP_005825818.1	403	QWU49_RS06260
NZ_CP129143.1	1681753	1682046		minus	helix-turn-helix domain-containing protein		99750586	protein-coding		WP_034525467.1	97	QWU49_RS06265
NZ_CP129143.1	1682059	1682262		minus	helix-turn-helix domain-containing protein		99750587	protein-coding		WP_074668675.1	67	QWU49_RS06270
NZ_CP129143.1	1682650	1682862		minus	hypothetical protein		99750588	protein-coding		WP_005825814.1	70	QWU49_RS06275
NZ_CP129143.1	1684196	1684732		minus	methylglyoxal synthase		99750589	protein-coding		WP_005654459.1	178	QWU49_RS06280
NZ_CP129143.1	1684785	1685594		minus	arginase family protein		99750590	protein-coding		WP_005825802.1	269	QWU49_RS06285
NZ_CP129143.1	1685611	1688169		minus	alpha-glucan family phosphorylase	glgP	99750591	protein-coding		WP_005654457.1	852	QWU49_RS06290
NZ_CP129143.1	1688197	1690443		minus	cation:proton antiporter		99750592	protein-coding		WP_005825801.1	748	QWU49_RS06295
NZ_CP129143.1	1690457	1691443		minus	6-phosphofructokinase	pfkA	99750593	protein-coding		WP_005825800.1	328	QWU49_RS06300
NZ_CP129143.1	1691466	1691963		minus	RNA polymerase sigma factor		99750594	protein-coding		WP_005825799.1	165	QWU49_RS06305
NZ_CP129143.1	1692065	1692493		minus	Hsp20/alpha crystallin family protein		99750595	protein-coding		WP_005825798.1	142	QWU49_RS06310
NZ_CP129143.1	1692569	1693318		minus	2,3-diphosphoglycerate-dependent phosphoglycerate mutase	gpmA	99750596	protein-coding		WP_005825796.1	249	QWU49_RS06315
NZ_CP129143.1	1693332	1694381		minus	class I fructose-bisphosphate aldolase		99750597	protein-coding		WP_005825795.1	349	QWU49_RS06320
NZ_CP129143.1	1694410	1694892		minus	ferritin		99750598	protein-coding		WP_005825794.1	160	QWU49_RS06325
NZ_CP129143.1	1694943	1695590		minus	MarC family protein		99750599	protein-coding		WP_005851956.1	215	QWU49_RS06330
NZ_CP129143.1	1695693	1696145		minus	ferritin-like domain-containing protein		99750600	protein-coding		WP_008777875.1	150	QWU49_RS06335
NZ_CP129143.1	1696306	1696515		minus	hypothetical protein		99750601	protein-coding		WP_005654431.1	69	QWU49_RS06340
NZ_CP129143.1	1697309	1697584		plus	hypothetical protein		99750602	protein-coding		WP_151881457.1	91	QWU49_RS06345
NZ_CP129143.1	1697726	1699179		minus	uncharacterized gene		99750603	pseudogene				QWU49_RS06350
NZ_CP129143.1	1699370	1699675		minus	hypothetical protein		99750604	protein-coding		WP_005859437.1	101	QWU49_RS06355
NZ_CP129143.1	1700115	1700225		plus	helix-turn-helix domain-containing protein		99750605	protein-coding		WP_229031962.1	36	QWU49_RS06360
NZ_CP129143.1	1700324	1700941		minus	FAD:protein FMN transferase		99750606	protein-coding		WP_005825771.1	205	QWU49_RS06365
NZ_CP129143.1	1701023	1701214		minus	uncharacterized gene		99750607	pseudogene				QWU49_RS06370
NZ_CP129143.1	1701212	1701385		plus	hypothetical protein		99750608	protein-coding		WP_227194237.1	57	QWU49_RS06375
NZ_CP129143.1	1701900	1702676		minus	uncharacterized gene		99750609	pseudogene				QWU49_RS06380
NZ_CP129143.1	1702994	1703155		plus	hypothetical protein		99750610	protein-coding		WP_005825763.1	53	QWU49_RS06385
NZ_CP129143.1	1703152	1703304		plus	hypothetical protein		99750611	protein-coding		WP_005825762.1	50	QWU49_RS06390
NZ_CP129143.1	1703458	1703799		minus	hypothetical protein		99750612	protein-coding		WP_008661937.1	113	QWU49_RS06395
NZ_CP129143.1	1703881	1707048		minus	hypothetical protein		99750613	protein-coding		WP_005825757.1	1055	QWU49_RS06400
NZ_CP129143.1	1707483	1708436		minus	tyrosine-type recombinase/integrase		99750614	protein-coding		WP_005825755.1	317	QWU49_RS06405
NZ_CP129143.1	1708725	1708904		minus	uncharacterized gene		99750615	pseudogene				QWU49_RS06410
NZ_CP129143.1	1709053	1709274		minus	HEPN domain-containing protein		99750616	protein-coding		WP_005825751.1	73	QWU49_RS06415
NZ_CP129143.1	1709564	1710691		minus	AAA family ATPase		99750617	protein-coding		WP_005825750.1	375	QWU49_RS06420
NZ_CP129143.1	1710856	1711197		minus	hypothetical protein		99750618	protein-coding		WP_005825747.1	113	QWU49_RS06425
NZ_CP129143.1	1711288	1714599		minus	hypothetical protein		99750619	protein-coding		WP_034525466.1	1103	QWU49_RS06430
NZ_CP129143.1	1715036	1715989		minus	tyrosine-type recombinase/integrase		99750620	protein-coding		WP_005825744.1	317	QWU49_RS06435
NZ_CP129143.1	1716123	1716887		minus	hypothetical protein		99750621	protein-coding		WP_005825742.1	254	QWU49_RS06440
NZ_CP129143.1	1716893	1718953		minus	HD family phosphohydrolase		99750622	protein-coding		WP_009037308.1	686	QWU49_RS06445
NZ_CP129143.1	1719051	1720577		plus	glutamate--tRNA ligase	gltX	99750623	protein-coding		WP_005825740.1	508	QWU49_RS06450
NZ_CP129143.1	1720609	1721829		plus	3-deoxy-D-manno-octulosonic acid transferase		99750624	protein-coding		WP_005825739.1	406	QWU49_RS06455
NZ_CP129143.1	1721922	1722434		minus	gamma carbonic anhydrase family protein		99750625	protein-coding		WP_005825738.1	170	QWU49_RS06460
NZ_CP129143.1	1722439	1724232		minus	aminopeptidase P family protein		99750626	protein-coding		WP_008661879.1	597	QWU49_RS06465
NZ_CP129143.1	1724512	1724703		plus	30S ribosomal protein S21	rpsU	99750627	protein-coding		WP_005825735.1	63	QWU49_RS06470
NZ_CP129143.1	1724777	1725661		plus	tyrosine recombinase XerC		99750628	protein-coding		WP_005825733.1	294	QWU49_RS06475
NZ_CP129143.1	1725680	1725979		plus	ribosome hibernation-promoting factor, HPF/YfiA family	hpf	99750629	protein-coding		WP_005825731.1	99	QWU49_RS06480
NZ_CP129143.1	1726073	1726146		plus	tRNA-Thr		99750630	tRNA				QWU49_RS06485
NZ_CP129143.1	1726271	1726353		plus	tRNA-Tyr		99750631	tRNA				QWU49_RS06490
NZ_CP129143.1	1726371	1726442		plus	tRNA-Thr		99750632	tRNA				QWU49_RS06495
NZ_CP129143.1	1726493	1727677		plus	elongation factor Tu	tuf	99750633	protein-coding		WP_005825727.1	394	QWU49_RS06500
NZ_CP129143.1	1727734	1727806		plus	tRNA-Trp		99750634	tRNA				QWU49_RS06505
NZ_CP129143.1	1727821	1728009		plus	preprotein translocase subunit SecE	secE	99750635	protein-coding		WP_005825726.1	62	QWU49_RS06510
NZ_CP129143.1	1728022	1728564		plus	transcription termination/antitermination protein NusG	nusG	99750636	protein-coding		WP_005825724.1	180	QWU49_RS06515
NZ_CP129143.1	1728624	1729067		plus	50S ribosomal protein L11	rplK	99750637	protein-coding		WP_005825722.1	147	QWU49_RS06520
NZ_CP129143.1	1729083	1729781		plus	50S ribosomal protein L1	rplA	99750638	protein-coding		WP_005825721.1	232	QWU49_RS06525
NZ_CP129143.1	1729797	1730318		plus	50S ribosomal protein L10	rplJ	99750639	protein-coding		WP_005825719.1	173	QWU49_RS06530
NZ_CP129143.1	1730380	1730757		plus	50S ribosomal protein L7/L12	rplL	99750640	protein-coding		WP_004291279.1	125	QWU49_RS06535
NZ_CP129143.1	1730863	1734675		plus	DNA-directed RNA polymerase subunit beta	rpoB	99750641	protein-coding		WP_005825717.1	1270	QWU49_RS06540
NZ_CP129143.1	1734784	1739079		plus	DNA-directed RNA polymerase subunit beta'	rpoC	99750642	protein-coding		WP_008661873.1	1431	QWU49_RS06545
NZ_CP129143.1	1739348	1739659		plus	DUF3467 domain-containing protein		99750643	protein-coding		WP_005825714.1	103	QWU49_RS06550
NZ_CP129143.1	1739777	1740178		plus	30S ribosomal protein S12	rpsL	99750644	protein-coding		WP_005825712.1	133	QWU49_RS06555
NZ_CP129143.1	1740334	1740810		plus	30S ribosomal protein S7	rpsG	99750645	protein-coding		WP_005825710.1	158	QWU49_RS06560
NZ_CP129143.1	1740869	1742986		plus	elongation factor G	fusA	99750646	protein-coding		WP_005825709.1	705	QWU49_RS06565
NZ_CP129143.1	1743074	1743379		plus	30S ribosomal protein S10	rpsJ	99750647	protein-coding		WP_004291244.1	101	QWU49_RS06570
NZ_CP129143.1	1743399	1744016		plus	50S ribosomal protein L3	rplC	99750648	protein-coding		WP_005825708.1	205	QWU49_RS06575
NZ_CP129143.1	1744016	1744642		plus	50S ribosomal protein L4	rplD	99750649	protein-coding		WP_005825707.1	208	QWU49_RS06580
NZ_CP129143.1	1744659	1744952		plus	50S ribosomal protein L23	rplW	99750650	protein-coding		WP_005825706.1	97	QWU49_RS06585
NZ_CP129143.1	1744958	1745782		plus	50S ribosomal protein L2	rplB	99750651	protein-coding		WP_005825705.1	274	QWU49_RS06590
NZ_CP129143.1	1745803	1746072		plus	30S ribosomal protein S19	rpsS	99750652	protein-coding		WP_002558070.1	89	QWU49_RS06595
NZ_CP129143.1	1746109	1746519		plus	50S ribosomal protein L22	rplV	99750653	protein-coding		WP_004291236.1	136	QWU49_RS06600
NZ_CP129143.1	1746525	1747256		plus	30S ribosomal protein S3	rpsC	99750654	protein-coding		WP_004291235.1	243	QWU49_RS06605
NZ_CP129143.1	1747278	1747712		plus	50S ribosomal protein L16	rplP	99750655	protein-coding		WP_004291234.1	144	QWU49_RS06610
NZ_CP129143.1	1747718	1747915		plus	50S ribosomal protein L29	rpmC	99750656	protein-coding		WP_005825702.1	65	QWU49_RS06615
NZ_CP129143.1	1747912	1748181		plus	30S ribosomal protein S17	rpsQ	99750657	protein-coding		WP_005825701.1	89	QWU49_RS06620
NZ_CP129143.1	1748184	1748549		plus	50S ribosomal protein L14	rplN	99750658	protein-coding		WP_005825700.1	121	QWU49_RS06625
NZ_CP129143.1	1748570	1748890		plus	50S ribosomal protein L24	rplX	99750659	protein-coding		WP_005825699.1	106	QWU49_RS06630
NZ_CP129143.1	1748890	1749447		plus	50S ribosomal protein L5	rplE	99750660	protein-coding		WP_005825698.1	185	QWU49_RS06635
NZ_CP129143.1	1749452	1749751		plus	30S ribosomal protein S14	rpsN	99750661	protein-coding		WP_005825697.1	99	QWU49_RS06640
NZ_CP129143.1	1749807	1750202		plus	30S ribosomal protein S8	rpsH	99750662	protein-coding		WP_004291226.1	131	QWU49_RS06645
NZ_CP129143.1	1750218	1750787		plus	50S ribosomal protein L6	rplF	99750663	protein-coding		WP_005825696.1	189	QWU49_RS06650
NZ_CP129143.1	1750808	1751152		plus	50S ribosomal protein L18	rplR	99750664	protein-coding		WP_005656518.1	114	QWU49_RS06655
NZ_CP129143.1	1751158	1751676		plus	30S ribosomal protein S5	rpsE	99750665	protein-coding		WP_005825693.1	172	QWU49_RS06660
NZ_CP129143.1	1751688	1751864		plus	50S ribosomal protein L30	rpmD	99750666	protein-coding		WP_004291222.1	58	QWU49_RS06665
NZ_CP129143.1	1751895	1752341		plus	50S ribosomal protein L15	rplO	99750667	protein-coding		WP_005825692.1	148	QWU49_RS06670
NZ_CP129143.1	1752346	1753689		plus	preprotein translocase subunit SecY	secY	99750668	protein-coding		WP_005825690.1	447	QWU49_RS06675
NZ_CP129143.1	1753703	1754503		plus	type I methionyl aminopeptidase	map	99750669	protein-coding		WP_005825687.1	266	QWU49_RS06680
NZ_CP129143.1	1754513	1754731		plus	translation initiation factor IF-1	infA	99750670	protein-coding		WP_002558052.1	72	QWU49_RS06685
NZ_CP129143.1	1754741	1754857		plus	type B 50S ribosomal protein L36	ykgO	99750671	protein-coding		WP_002558051.1	38	QWU49_RS06690
NZ_CP129143.1	1754892	1755272		plus	30S ribosomal protein S13	rpsM	99750672	protein-coding		WP_004291218.1	126	QWU49_RS06695
NZ_CP129143.1	1755284	1755673		plus	30S ribosomal protein S11	rpsK	99750673	protein-coding		WP_002558049.1	129	QWU49_RS06700
NZ_CP129143.1	1755791	1756396		plus	30S ribosomal protein S4	rpsD	99750674	protein-coding		WP_005825685.1	201	QWU49_RS06705
NZ_CP129143.1	1756408	1757400		plus	DNA-directed RNA polymerase subunit alpha		99750675	protein-coding		WP_005825683.1	330	QWU49_RS06710
NZ_CP129143.1	1757404	1757907		plus	50S ribosomal protein L17	rplQ	99750676	protein-coding		WP_005825680.1	167	QWU49_RS06715
NZ_CP129143.1	1758049	1758462		plus	hypothetical protein		99750677	protein-coding		WP_005825677.1	137	QWU49_RS06720
NZ_CP129143.1	1758572	1759111		plus	hypothetical protein		99750678	protein-coding		WP_005833536.1	179	QWU49_RS06725
NZ_CP129143.1	1759152	1761050		minus	MutS family DNA mismatch repair protein		99750679	protein-coding		WP_005825673.1	632	QWU49_RS06730
NZ_CP129143.1	1761177	1761821		plus	DUF6563 family protein		99750680	protein-coding		WP_034525464.1	214	QWU49_RS06735
NZ_CP129143.1	1761833	1762285		plus	DUF6078 family protein		99750681	protein-coding		WP_005825667.1	150	QWU49_RS06740
NZ_CP129143.1	1762515	1763135		minus	lysine exporter LysO family protein		99750682	protein-coding		WP_005825665.1	206	QWU49_RS06745
NZ_CP129143.1	1763132	1763410		minus	LysO family transporter		99750683	protein-coding		WP_005825664.1	92	QWU49_RS06750
NZ_CP129143.1	1763844	1764194		plus	lipocalin family protein		99750684	protein-coding		WP_005825659.1	116	QWU49_RS06755
NZ_CP129143.1	1764222	1764959		minus	hypothetical protein		99750685	protein-coding		WP_016271991.1	245	QWU49_RS06760
NZ_CP129143.1	1765271	1767253		plus	urocanate hydratase		99750686	protein-coding		WP_005825655.1	660	QWU49_RS06765
NZ_CP129143.1	1767400	1768290		plus	glutamate formimidoyltransferase	ftcD	99750687	protein-coding		WP_005825654.1	296	QWU49_RS06770
NZ_CP129143.1	1768354	1769607		plus	imidazolonepropionase	hutI	99750688	protein-coding		WP_016271987.1	417	QWU49_RS06775
NZ_CP129143.1	1769656	1770285		plus	cyclodeaminase/cyclohydrolase family protein		99750689	protein-coding		WP_005825652.1	209	QWU49_RS06780
NZ_CP129143.1	1770282	1771778		plus	histidine ammonia-lyase	hutH	99750690	protein-coding		WP_005825651.1	498	QWU49_RS06785
NZ_CP129143.1	1771934	1772596		plus	TetR/AcrR family transcriptional regulator		99750691	protein-coding		WP_005825647.1	220	QWU49_RS06790
NZ_CP129143.1	1772624	1773982		plus	TolC family protein		99750692	protein-coding		WP_005825645.1	452	QWU49_RS06795
NZ_CP129143.1	1774020	1775036		plus	efflux RND transporter periplasmic adaptor subunit		99750693	protein-coding		WP_005833504.1	338	QWU49_RS06800
NZ_CP129143.1	1775139	1778309		plus	efflux RND transporter permease subunit		99750694	protein-coding		WP_005825640.1	1056	QWU49_RS06805
NZ_CP129143.1	1778361	1778654		plus	PG0541 family transporter-associated protein		99750695	protein-coding		WP_005825638.1	97	QWU49_RS06810
NZ_CP129143.1	1778778	1780157		plus	SGNH/GDSL hydrolase family protein		99750696	protein-coding		WP_005825636.1	459	QWU49_RS06815
NZ_CP129143.1	1780105	1781076		plus	SGNH/GDSL hydrolase family protein		99750697	protein-coding		WP_175522711.1	323	QWU49_RS06820
NZ_CP129143.1	1781063	1782571		plus	MBOAT family O-acyltransferase		99750698	protein-coding		WP_005825628.1	502	QWU49_RS06825
NZ_CP129143.1	1782572	1784239		minus	beta-N-acetylhexosaminidase		99750699	protein-coding		WP_005825626.1	555	QWU49_RS06830
NZ_CP129143.1	1784330	1785166		minus	helix-turn-helix domain-containing protein		99750700	protein-coding		WP_005825624.1	278	QWU49_RS06835
NZ_CP129143.1	1785357	1786472		plus	efflux RND transporter periplasmic adaptor subunit		99750701	protein-coding		WP_005825620.1	371	QWU49_RS06840
NZ_CP129143.1	1786493	1789684		plus	efflux RND transporter permease subunit		99750702	protein-coding		WP_005825618.1	1063	QWU49_RS06845
NZ_CP129143.1	1789716	1791116		plus	TolC family protein		99750703	protein-coding		WP_005825616.1	466	QWU49_RS06850
NZ_CP129143.1	1791303	1792022		plus	SGNH/GDSL hydrolase family protein		99750704	protein-coding		WP_005825612.1	239	QWU49_RS06855
NZ_CP129143.1	1792267	1792875		plus	HU family DNA-binding protein		99750705	protein-coding		WP_005825608.1	202	QWU49_RS06860
NZ_CP129143.1	1793698	1795224		plus	16S ribosomal RNA		99750706	rRNA				QWU49_RS06865
NZ_CP129143.1	1795360	1795433		plus	tRNA-Ile		99750707	tRNA				QWU49_RS06870
NZ_CP129143.1	1795524	1795597		plus	tRNA-Ala		99750708	tRNA				QWU49_RS06875
NZ_CP129143.1	1795711	1798590		plus	23S ribosomal RNA		99750709	rRNA				QWU49_RS06880
NZ_CP129143.1	1798663	1798773		plus	5S ribosomal RNA	rrf	99750710	rRNA				QWU49_RS06885
NZ_CP129143.1	1799138	1799584		plus	hypothetical protein		99750711	protein-coding		WP_005828652.1	148	QWU49_RS06890
NZ_CP129143.1	1799784	1800596		plus	MotA/TolQ/ExbB proton channel family protein		99750712	protein-coding		WP_005828650.1	270	QWU49_RS06895
NZ_CP129143.1	1800690	1801295		plus	ExbD/TolR family protein		99750713	protein-coding		WP_005828648.1	201	QWU49_RS06900
NZ_CP129143.1	1801335	1801985		plus	ExbD/TolR family protein		99750714	protein-coding		WP_005828642.1	216	QWU49_RS06905
NZ_CP129143.1	1802014	1802829		plus	energy transducer TonB		99750715	protein-coding		WP_005828639.1	271	QWU49_RS06910
NZ_CP129143.1	1802841	1803791		plus	PstS family phosphate ABC transporter substrate-binding protein		99750716	protein-coding		WP_005828635.1	316	QWU49_RS06915
NZ_CP129143.1	1803797	1805242		plus	tetratricopeptide repeat protein		99750717	protein-coding		WP_005828632.1	481	QWU49_RS06920
NZ_CP129143.1	1805290	1806213		minus	helix-turn-helix domain-containing protein		99750718	protein-coding		WP_008665930.1	307	QWU49_RS06925
NZ_CP129143.1	1806460	1807311		plus	ATP-binding cassette domain-containing protein		99750719	protein-coding		WP_005828621.1	283	QWU49_RS06930
NZ_CP129143.1	1807311	1808141		plus	hypothetical protein		99750720	protein-coding		WP_005828617.1	276	QWU49_RS06935
NZ_CP129143.1	1808144	1808512		plus	GntR family transcriptional regulator		99750721	protein-coding		WP_005828614.1	122	QWU49_RS06940
NZ_CP129143.1	1808525	1809358		plus	hypothetical protein		99750722	protein-coding		WP_005828612.1	277	QWU49_RS06945
NZ_CP129143.1	1809411	1810721		plus	anaerobic C4-dicarboxylate transporter family protein		99750723	protein-coding		WP_005828611.1	436	QWU49_RS06950
NZ_CP129143.1	1811363	1811435		minus	tRNA-Met		99750724	tRNA				QWU49_RS06955
NZ_CP129143.1	1811674	1812258		plus	TetR/AcrR family transcriptional regulator		99750725	protein-coding		WP_005828604.1	194	QWU49_RS06960
NZ_CP129143.1	1812290	1813036		plus	3-oxoacyl-[acyl-carrier-protein] reductase	fabG	99750726	protein-coding		WP_005828602.1	248	QWU49_RS06965
NZ_CP129143.1	1813129	1813800		plus	RluA family pseudouridine synthase		99750727	protein-coding		WP_005828600.1	223	QWU49_RS06970
NZ_CP129143.1	1813811	1816348		plus	prolyl oligopeptidase family serine peptidase		99750728	protein-coding		WP_034525661.1	845	QWU49_RS06975
NZ_CP129143.1	1816436	1816618		minus	hypothetical protein		99750729	protein-coding		WP_005828596.1	60	QWU49_RS06980
NZ_CP129143.1	1816841	1818268		minus	sigma-54-dependent transcriptional regulator		99750730	protein-coding		WP_005828592.1	475	QWU49_RS06985
NZ_CP129143.1	1818362	1819201		plus	peptidylprolyl isomerase		99750731	protein-coding		WP_005828591.1	279	QWU49_RS06990
NZ_CP129143.1	1819226	1820464		plus	M16 family metallopeptidase		99750732	protein-coding		WP_005828590.1	412	QWU49_RS06995
NZ_CP129143.1	1820466	1821809		plus	MATE family efflux transporter		99750733	protein-coding		WP_057253230.1	447	QWU49_RS07000
NZ_CP129143.1	1821814	1824108		plus	hybrid sensor histidine kinase/response regulator		99750734	protein-coding		WP_005828587.1	764	QWU49_RS07005
NZ_CP129143.1	1824216	1828766		plus	translocation/assembly module TamB domain-containing protein		99750735	protein-coding		WP_005828586.1	1516	QWU49_RS07010
NZ_CP129143.1	1828776	1831130		plus	BamA/TamA family outer membrane protein		99750736	protein-coding		WP_005828585.1	784	QWU49_RS07015
NZ_CP129143.1	1831256	1832167		plus	nucleotidyltransferase family protein		99750737	protein-coding		WP_005828584.1	303	QWU49_RS07020
NZ_CP129143.1	1832868	1833788		plus	tyrosine-type recombinase/integrase		99750738	protein-coding		WP_005828581.1	306	QWU49_RS07025
NZ_CP129143.1	1834228	1834800		plus	DUF3575 domain-containing protein		99750739	protein-coding		WP_005828576.1	190	QWU49_RS07030
NZ_CP129143.1	1834814	1836277		plus	DUF3868 domain-containing protein		99750740	protein-coding		WP_005828573.1	487	QWU49_RS07035
NZ_CP129143.1	1836330	1837478		plus	hypothetical protein		99750741	protein-coding		WP_005828571.1	382	QWU49_RS07040
NZ_CP129143.1	1837610	1838542		plus	FimB/Mfa2 family fimbrial subunit		99750742	protein-coding		WP_008665958.1	310	QWU49_RS07045
NZ_CP129143.1	1838562	1839569		plus	hypothetical protein		99750743	protein-coding		WP_005828567.1	335	QWU49_RS07050
NZ_CP129143.1	1839589	1842885		plus	fimbrial protein		99750744	protein-coding		WP_005828565.1	1098	QWU49_RS07055
NZ_CP129143.1	1842892	1843866		plus	DUF5106 domain-containing protein		99750745	protein-coding		WP_005828563.1	324	QWU49_RS07060
NZ_CP129143.1	1844216	1844548		plus	DUF3795 domain-containing protein		99750746	protein-coding		WP_005828559.1	110	QWU49_RS07065
NZ_CP129143.1	1844782	1845558		plus	class I SAM-dependent methyltransferase		99750747	protein-coding		WP_005828557.1	258	QWU49_RS07070
NZ_CP129143.1	1845633	1846481		minus	helix-turn-helix domain-containing protein		99750748	protein-coding		WP_005828555.1	282	QWU49_RS07075
NZ_CP129143.1	1846702	1848195		plus	sensor histidine kinase		99750749	protein-coding		WP_005828554.1	497	QWU49_RS07080
NZ_CP129143.1	1848300	1850261		plus	ribosomal protection-like ABC-F family protein	abc-f	99750750	protein-coding		WP_008665967.1	653	QWU49_RS07085
NZ_CP129143.1	1850282	1852318		plus	M13 family metallopeptidase		99750751	protein-coding		WP_009037259.1	678	QWU49_RS07090
NZ_CP129143.1	1852479	1854002		plus	bifunctional phosphoribosylaminoimidazolecarboxamide formyltransferase/IMP cyclohydrolase	purH	99750752	protein-coding		WP_005828546.1	507	QWU49_RS07095
NZ_CP129143.1	1854125	1855147		plus	rod shape-determining protein		99750753	protein-coding		WP_005828544.1	340	QWU49_RS07100
NZ_CP129143.1	1855147	1855992		plus	rod shape-determining protein MreC	mreC	99750754	protein-coding		WP_005828542.1	281	QWU49_RS07105
NZ_CP129143.1	1856099	1856602		plus	rod shape-determining protein MreD	mreD	99750755	protein-coding		WP_005828540.1	167	QWU49_RS07110
NZ_CP129143.1	1856622	1858490		plus	penicillin-binding protein 2	mrdA	99750756	protein-coding		WP_034525656.1	622	QWU49_RS07115
NZ_CP129143.1	1858582	1860039		plus	rod shape-determining protein RodA	rodA	99750757	protein-coding		WP_009037257.1	485	QWU49_RS07120
NZ_CP129143.1	1860121	1860501		plus	transposase		99750758	protein-coding		WP_005828537.1	126	QWU49_RS07125
NZ_CP129143.1	1860525	1861484		plus	IS3 family transposase		99750759	protein-coding		WP_225990577.1	319	QWU49_RS07130
NZ_CP129143.1	1862012	1862497		minus	gliding motility lipoprotein GldH		99750760	protein-coding		WP_005828535.1	161	QWU49_RS07135
NZ_CP129143.1	1862475	1863851		minus	regulatory iron-sulfur-containing complex subunit RicT	ricT	99750761	protein-coding		WP_009037255.1	458	QWU49_RS07140
NZ_CP129143.1	1863940	1865067		minus	DNA polymerase III subunit delta'	holB	99750762	protein-coding		WP_005828533.1	375	QWU49_RS07145
NZ_CP129143.1	1865140	1866093		minus	methylenetetrahydrofolate reductase [NAD(P)H]	metF	99750763	protein-coding		WP_008665978.1	317	QWU49_RS07150
NZ_CP129143.1	1866185	1868092		minus	fimbrillin family protein		99750764	protein-coding		WP_034525653.1	635	QWU49_RS07155
NZ_CP129143.1	1868432	1869349		plus	homoserine O-acetyltransferase MetA	metA	99750765	protein-coding		WP_005828529.1	305	QWU49_RS07160
NZ_CP129143.1	1869368	1871233		plus	peptidase U32 family protein		99750766	protein-coding		WP_005828527.1	621	QWU49_RS07165
NZ_CP129143.1	1871275	1872330		plus	hypothetical protein		99750767	protein-coding		WP_005828525.1	351	QWU49_RS07170
NZ_CP129143.1	1872407	1872694		plus	hypothetical protein		99750768	protein-coding		WP_005828523.1	95	QWU49_RS07175
NZ_CP129143.1	1872691	1873095		plus	type II toxin-antitoxin system VapC family toxin		99750769	protein-coding		WP_005828521.1	134	QWU49_RS07180
NZ_CP129143.1	1873208	1875664		minus	TonB-dependent receptor		99750770	protein-coding		WP_005828519.1	818	QWU49_RS07185
NZ_CP129143.1	1875930	1876541		minus	helix-turn-helix transcriptional regulator		99750771	protein-coding		WP_005828517.1	203	QWU49_RS07190
NZ_CP129143.1	1876631	1880623		minus	hybrid sensor histidine kinase/response regulator transcription factor		99750772	protein-coding		WP_005828515.1	1330	QWU49_RS07195
NZ_CP129143.1	1880730	1882352		minus	NAD(P)/FAD-dependent oxidoreductase		99750773	protein-coding		WP_005828513.1	540	QWU49_RS07200
NZ_CP129143.1	1882358	1883725		minus	DNA repair protein RadA	radA	99750774	protein-coding		WP_008665988.1	455	QWU49_RS07205
NZ_CP129143.1	1883847	1884389		plus	beta-class carbonic anhydrase		99750775	protein-coding		WP_005828510.1	180	QWU49_RS07210
NZ_CP129143.1	1884400	1885437		minus	asparaginase		99750776	protein-coding		WP_005828507.1	345	QWU49_RS07215
NZ_CP129143.1	1885886	1888318		plus	bifunctional aspartate kinase/homoserine dehydrogenase I	thrA	99750777	protein-coding		WP_005828504.1	810	QWU49_RS07220
NZ_CP129143.1	1888340	1889599		plus	cofactor-independent phosphoglycerate mutase		99750778	protein-coding		WP_005828502.1	419	QWU49_RS07225
NZ_CP129143.1	1889670	1890971		plus	threonine synthase	thrC	99750779	protein-coding		WP_005828500.1	433	QWU49_RS07230
NZ_CP129143.1	1891457	1891780		minus	type II toxin-antitoxin system RelE/ParE family toxin		99750780	protein-coding		WP_005828493.1	107	QWU49_RS07235
NZ_CP129143.1	1891765	1891932		minus	hypothetical protein		99750781	protein-coding		WP_165860120.1	55	QWU49_RS07240
NZ_CP129143.1	1892002	1892910		plus	DMT family transporter		99750782	protein-coding		WP_034525647.1	302	QWU49_RS07245
NZ_CP129143.1	1892870	1893547		minus	thiamine diphosphokinase		99750783	protein-coding		WP_005828487.1	225	QWU49_RS07250
NZ_CP129143.1	1893555	1894205		minus	nicotinamide riboside transporter PnuC	pnuC	99750784	protein-coding		WP_005828485.1	216	QWU49_RS07255
NZ_CP129143.1	1894205	1896517		minus	TonB-dependent receptor		99750785	protein-coding		WP_005828483.1	770	QWU49_RS07260
NZ_CP129143.1	1896753	1897622		plus	mechanosensitive ion channel family protein		99750786	protein-coding		WP_034525644.1	289	QWU49_RS07265
NZ_CP129143.1	1897750	1897992		minus	hypothetical protein		99750787	protein-coding		WP_005828479.1	80	QWU49_RS07270
NZ_CP129143.1	1898121	1898663		plus	hypothetical protein		99750788	protein-coding		WP_005828477.1	180	QWU49_RS07275
NZ_CP129143.1	1898712	1899003		minus	uncharacterized gene		99750789	pseudogene				QWU49_RS07280
NZ_CP129143.1	1899107	1899556		plus	hypothetical protein		99750790	protein-coding		WP_005828472.1	149	QWU49_RS07285
NZ_CP129143.1	1899791	1900000		plus	winged helix-turn-helix domain-containing protein		99750791	protein-coding		WP_005828467.1	69	QWU49_RS07290
NZ_CP129143.1	1900637	1902013		plus	MATE family efflux transporter		99750792	protein-coding		WP_005828459.1	458	QWU49_RS07295
NZ_CP129143.1	1902153	1902992		plus	AraC family transcriptional regulator		99750793	protein-coding		WP_005828457.1	279	QWU49_RS07300
NZ_CP129143.1	1903001	1903774		plus	N-acetyltransferase		99750794	protein-coding		WP_005828455.1	257	QWU49_RS07305
NZ_CP129143.1	1903779	1904369		plus	uncharacterized gene		99750795	pseudogene				QWU49_RS07310
NZ_CP129143.1	1904445	1904678		minus	uncharacterized gene		99750796	pseudogene				QWU49_RS07315
NZ_CP129143.1	1904946	1905021		minus	tRNA-Lys		99750797	tRNA				QWU49_RS07320
NZ_CP129143.1	1905116	1906231		minus	AI-2E family transporter		99750798	protein-coding		WP_005828446.1	371	QWU49_RS07325
NZ_CP129143.1	1906254	1906859		minus	thymidine kinase		99750799	protein-coding		WP_005828444.1	201	QWU49_RS07330
NZ_CP129143.1	1906970	1907512		plus	hypothetical protein		99750800	protein-coding		WP_005828442.1	180	QWU49_RS07335
NZ_CP129143.1	1907526	1908200		plus	16S rRNA (cytidine(1402)-2'-O)-methyltransferase	rsmI	99750801	protein-coding		WP_005828441.1	224	QWU49_RS07340
NZ_CP129143.1	1908235	1909113		plus	hypothetical protein		99750802	protein-coding		WP_005828438.1	292	QWU49_RS07345
NZ_CP129143.1	1909201	1909899		plus	YjjG family noncanonical pyrimidine nucleotidase		99750803	protein-coding		WP_005828436.1	232	QWU49_RS07350
NZ_CP129143.1	1909952	1910617		plus	MarC family protein		99750804	protein-coding		WP_008665785.1	221	QWU49_RS07355
NZ_CP129143.1	1910677	1912194		minus	RagB/SusD family nutrient uptake outer membrane protein		99750805	protein-coding		WP_005828430.1	505	QWU49_RS07360
NZ_CP129143.1	1912212	1915061		minus	SusC/RagA family TonB-linked outer membrane protein		99750806	protein-coding		WP_257932148.1	949	QWU49_RS07365
NZ_CP129143.1	1915479	1916699		plus	ATP-binding protein		99750807	protein-coding		WP_008665782.1	406	QWU49_RS07370
NZ_CP129143.1	1916795	1917748		minus	hypothetical protein		99750808	protein-coding		WP_005824271.1	317	QWU49_RS07375
NZ_CP129143.1	1917779	1919368		minus	RagB/SusD family nutrient uptake outer membrane protein		99750809	protein-coding		WP_005824273.1	529	QWU49_RS07380
NZ_CP129143.1	1919400	1922345		minus	SusC/RagA family TonB-linked outer membrane protein		99750810	protein-coding		WP_034525368.1	981	QWU49_RS07385
NZ_CP129143.1	1923498	1925096		minus	RagB/SusD family nutrient uptake outer membrane protein		99750811	protein-coding		WP_005824578.1	532	QWU49_RS07390
NZ_CP129143.1	1925117	1928083		minus	SusC/RagA family TonB-linked outer membrane protein		99750812	protein-coding		WP_262484305.1	988	QWU49_RS07395
NZ_CP129143.1	1928507	1929727		plus	ATP-binding protein		99750813	protein-coding		WP_005828427.1	406	QWU49_RS07400
NZ_CP129143.1	1929863	1931005		plus	uncharacterized gene		99750814	pseudogene				QWU49_RS07405
NZ_CP129143.1	1931158	1932651		minus	RagB/SusD family nutrient uptake outer membrane protein		99750815	protein-coding		WP_005828414.1	497	QWU49_RS07410
NZ_CP129143.1	1932670	1935714		minus	SusC/RagA family TonB-linked outer membrane protein		99750816	protein-coding		WP_074668629.1	1014	QWU49_RS07415
NZ_CP129143.1	1936394	1936585		minus	hypothetical protein		99750817	protein-coding		WP_005824336.1	63	QWU49_RS07420
NZ_CP129143.1	1936572	1937156		minus	zeta toxin family protein		99750818	protein-coding		WP_005824335.1	194	QWU49_RS07425
NZ_CP129143.1	1937561	1938058		plus	AAA family ATPase		99750819	protein-coding		WP_229031933.1	165	QWU49_RS07430
NZ_CP129143.1	1938292	1939752		minus	RagB/SusD family nutrient uptake outer membrane protein		99750820	protein-coding		WP_005824584.1	486	QWU49_RS07435
NZ_CP129143.1	1939771	1942707		minus	SusC/RagA family TonB-linked outer membrane protein		99750821	protein-coding		WP_074668627.1	978	QWU49_RS07440
NZ_CP129143.1	1943567	1944757		minus	site-specific integrase		99750822	protein-coding		WP_005824324.1	396	QWU49_RS07445
NZ_CP129143.1	1945211	1948393		plus	SusC/RagA family TonB-linked outer membrane protein		99750823	protein-coding		WP_395940297.1	1060	QWU49_RS07450
NZ_CP129143.1	1948425	1950014		plus	RagB/SusD family nutrient uptake outer membrane protein		99750824	protein-coding		WP_005824273.1	529	QWU49_RS07455
NZ_CP129143.1	1950045	1950998		plus	hypothetical protein		99750825	protein-coding		WP_005824271.1	317	QWU49_RS07460
NZ_CP129143.1	1951094	1952314		minus	ATP-binding protein		99750826	protein-coding		WP_008665782.1	406	QWU49_RS07465
NZ_CP129143.1	1952762	1955704		plus	SusC/RagA family TonB-linked outer membrane protein		99750827	protein-coding		WP_074668631.1	980	QWU49_RS07470
NZ_CP129143.1	1955725	1957323		plus	RagB/SusD family nutrient uptake outer membrane protein		99750828	protein-coding		WP_005824578.1	532	QWU49_RS07475
NZ_CP129143.1	1958422	1961499		plus	SusC/RagA family TonB-linked outer membrane protein		99750829	protein-coding		WP_262717691.1	1025	QWU49_RS07480
NZ_CP129143.1	1961518	1963011		plus	RagB/SusD family nutrient uptake outer membrane protein		99750830	protein-coding		WP_005828414.1	497	QWU49_RS07485
NZ_CP129143.1	1963164	1964306		minus	uncharacterized gene		99750831	pseudogene				QWU49_RS07490
NZ_CP129143.1	1964442	1965662		minus	ATP-binding protein		99750832	protein-coding		WP_005828427.1	406	QWU49_RS07495
NZ_CP129143.1	1966095	1969106		plus	uncharacterized gene		99750833	pseudogene				QWU49_RS07500
NZ_CP129143.1	1969132	1970760		plus	RagB/SusD family nutrient uptake outer membrane protein		99750834	protein-coding		WP_225982625.1	542	QWU49_RS07505
NZ_CP129143.1	1970792	1971568		plus	hypothetical protein		99750835	protein-coding		WP_005824260.1	258	QWU49_RS07510
NZ_CP129143.1	1971756	1973012		plus	GTPase HflX	hflX	99750836	protein-coding		WP_005824258.1	418	QWU49_RS07515
NZ_CP129143.1	1973121	1975112		plus	DUF4954 family protein		99750837	protein-coding		WP_005824256.1	663	QWU49_RS07520
NZ_CP129143.1	1975246	1976886		plus	fumarate hydratase		99750838	protein-coding		WP_005824254.1	546	QWU49_RS07525
NZ_CP129143.1	1977258	1978415		plus	acyltransferase		99750839	protein-coding		WP_005824252.1	385	QWU49_RS07530
NZ_CP129143.1	1978463	1980103		minus	amino acid permease		99750840	protein-coding		WP_005824251.1	546	QWU49_RS07535
NZ_CP129143.1	1980152	1981477		minus	TolC family protein		99750841	protein-coding		WP_005824250.1	441	QWU49_RS07540
NZ_CP129143.1	1981474	1984506		minus	efflux RND transporter permease subunit		99750842	protein-coding		WP_005824249.1	1010	QWU49_RS07545
NZ_CP129143.1	1984547	1985629		minus	efflux RND transporter periplasmic adaptor subunit		99750843	protein-coding		WP_005824248.1	360	QWU49_RS07550
NZ_CP129143.1	1985751	1986683		minus	ribosome small subunit-dependent GTPase A	rsgA	99750844	protein-coding		WP_005824247.1	310	QWU49_RS07555
NZ_CP129143.1	1986790	1987350		minus	ribosome recycling factor	frr	99750845	protein-coding		WP_005824243.1	186	QWU49_RS07560
NZ_CP129143.1	1987464	1988174		minus	UMP kinase	pyrH	99750846	protein-coding		WP_005824241.1	236	QWU49_RS07565
NZ_CP129143.1	1988258	1988773		minus	nucleoside 2-deoxyribosyltransferase domain-containing protein		99750847	protein-coding		WP_005824239.1	171	QWU49_RS07570
NZ_CP129143.1	1988796	1989734		minus	DMT family transporter		99750848	protein-coding		WP_005824237.1	312	QWU49_RS07575
NZ_CP129143.1	1989823	1992345		minus	heavy metal translocating P-type ATPase		99750849	protein-coding		WP_005824234.1	840	QWU49_RS07580
NZ_CP129143.1	1992609	1993982		minus	MATE family efflux transporter		99750850	protein-coding		WP_005824230.1	457	QWU49_RS07585
NZ_CP129143.1	1994126	1994806		plus	tetratricopeptide repeat protein		99750851	protein-coding		WP_034523335.1	226	QWU49_RS07590
NZ_CP129143.1	1994847	1998787		minus	uncharacterized gene		99750852	pseudogene				QWU49_RS07595
NZ_CP129143.1	1998991	2000511		plus	hypothetical protein		99750853	protein-coding		WP_034525343.1	506	QWU49_RS07600
NZ_CP129143.1	2000534	2003584		plus	SusC/RagA family TonB-linked outer membrane protein		99750854	protein-coding		WP_005824221.1	1016	QWU49_RS07605
NZ_CP129143.1	2003598	2005259		plus	RagB/SusD family nutrient uptake outer membrane protein		99750855	protein-coding		WP_005824219.1	553	QWU49_RS07610
NZ_CP129143.1	2005379	2006986		plus	glycoside hydrolase		99750856	protein-coding		WP_005824217.1	535	QWU49_RS07615
NZ_CP129143.1	2007023	2009464		plus	sugar-binding domain-containing protein		99750857	protein-coding		WP_034525340.1	813	QWU49_RS07620
NZ_CP129143.1	2009586	2010359		minus	biotin--[acetyl-CoA-carboxylase] ligase		99750858	protein-coding		WP_005824213.1	257	QWU49_RS07625
NZ_CP129143.1	2010343	2010699		minus	MmcQ/YjbR family DNA-binding protein		99750859	protein-coding		WP_005824210.1	118	QWU49_RS07630
NZ_CP129143.1	2010769	2011134		minus	YraN family protein		99750860	protein-coding		WP_005824208.1	121	QWU49_RS07635
NZ_CP129143.1	2011134	2012936		minus	S41 family peptidase		99750861	protein-coding		WP_005824206.1	600	QWU49_RS07640
NZ_CP129143.1	2013117	2013350		plus	hypothetical protein		99750862	protein-coding		WP_005824205.1	77	QWU49_RS07645
NZ_CP129143.1	2013376	2013810		plus	nucleoside deaminase		99750863	protein-coding		WP_009037193.1	144	QWU49_RS07650
NZ_CP129143.1	2013835	2014134		minus	DUF4834 family protein		99750864	protein-coding		WP_005824202.1	99	QWU49_RS07655
NZ_CP129143.1	2014202	2014909		minus	CDP-diacylglycerol--serine O-phosphatidyltransferase	pssA	99750865	protein-coding		WP_005835110.1	235	QWU49_RS07660
NZ_CP129143.1	2014923	2015609		minus	phosphatidylserine decarboxylase family protein		99750866	protein-coding		WP_005824199.1	228	QWU49_RS07665
NZ_CP129143.1	2015780	2019577		plus	DNA polymerase III subunit alpha	dnaE	99750867	protein-coding		WP_005824197.1	1265	QWU49_RS07670
NZ_CP129143.1	2019744	2020058		plus	thioredoxin	trxA	99750868	protein-coding		WP_005824191.1	104	QWU49_RS07675
NZ_CP129143.1	2020170	2020502		plus	hypothetical protein		99750869	protein-coding		WP_005824189.1	110	QWU49_RS07680
NZ_CP129143.1	2020564	2020782		minus	immunity 17 family protein		99750870	protein-coding		WP_008665728.1	72	QWU49_RS07685
NZ_CP129143.1	2020830	2021255		minus	tRNA (adenosine(37)-N6)-threonylcarbamoyltransferase complex ATPase subunit type 1 TsaE	tsaE	99750871	protein-coding		WP_005824185.1	141	QWU49_RS07690
NZ_CP129143.1	2021269	2022081		minus	metal ABC transporter permease		99750872	protein-coding		WP_005824182.1	270	QWU49_RS07695
NZ_CP129143.1	2022132	2022560		minus	hypothetical protein		99750873	protein-coding		WP_008665724.1	142	QWU49_RS07700
NZ_CP129143.1	2022815	2024131		minus	3-phosphoshikimate 1-carboxyvinyltransferase		99750874	protein-coding		WP_008665722.1	438	QWU49_RS07705
NZ_CP129143.1	2024309	2024698		plus	DUF2721 domain-containing protein		99750875	protein-coding		WP_005824170.1	129	QWU49_RS07710
NZ_CP129143.1	2024704	2025315		minus	aminotransferase class IV family protein		99750876	protein-coding		WP_005824168.1	203	QWU49_RS07715
NZ_CP129143.1	2025299	2026306		minus	aminodeoxychorismate synthase component I		99750877	protein-coding		WP_005824166.1	335	QWU49_RS07720
NZ_CP129143.1	2026310	2027908		minus	aspartate:alanine exchanger family transporter		99750878	protein-coding		WP_005824164.1	532	QWU49_RS07725
NZ_CP129143.1	2028089	2031361		minus	S41 family peptidase		99750879	protein-coding		WP_005824160.1	1090	QWU49_RS07730
NZ_CP129143.1	2031438	2032217		minus	DnaJ domain-containing protein		99750880	protein-coding		WP_005824158.1	259	QWU49_RS07735
NZ_CP129143.1	2033098	2033262		plus	hypothetical protein		99750881	protein-coding		WP_005824152.1	54	QWU49_RS07740
NZ_CP129143.1	2033450	2034451		plus	DUF3871 family protein		99750882	protein-coding		WP_005824146.1	333	QWU49_RS07745
NZ_CP129143.1	2035289	2035960		minus	hypothetical protein		99750883	protein-coding		WP_008665713.1	223	QWU49_RS07750
NZ_CP129143.1	2035988	2036884		minus	BT4734/BF3469 family protein		99750884	protein-coding		WP_227238988.1	298	QWU49_RS07755
NZ_CP129143.1	2036902	2037348		minus	HNH endonuclease		99750885	protein-coding		WP_005824136.1	148	QWU49_RS07760
NZ_CP129143.1	2037368	2037724		minus	tetratricopeptide repeat protein		99750886	protein-coding		WP_234129834.1	118	QWU49_RS07765
NZ_CP129143.1	2038542	2039210		plus	GDSL-type esterase/lipase family protein		99750887	protein-coding		WP_005824132.1	222	QWU49_RS07770
NZ_CP129143.1	2039256	2039828		plus	RNA polymerase sigma-70 factor		99750888	protein-coding		WP_227238991.1	190	QWU49_RS07775
NZ_CP129143.1	2039830	2040852		plus	FecR family protein		99750889	protein-coding		WP_005824128.1	340	QWU49_RS07780
NZ_CP129143.1	2041120	2044371		plus	TonB-dependent receptor		99750890	protein-coding		WP_227238993.1	1083	QWU49_RS07785
NZ_CP129143.1	2044383	2046284		plus	RagB/SusD family nutrient uptake outer membrane protein		99750891	protein-coding		WP_005824124.1	633	QWU49_RS07790
NZ_CP129143.1	2046301	2046993		plus	DUF3823 domain-containing protein		99750892	protein-coding		WP_005824122.1	230	QWU49_RS07795
NZ_CP129143.1	2046995	2048437		plus	glycoside hydrolase family 125 protein		99750893	protein-coding		WP_008665704.1	480	QWU49_RS07800
NZ_CP129143.1	2048434	2049240		plus	DUF5040 domain-containing protein		99750894	protein-coding		WP_005824118.1	268	QWU49_RS07805
NZ_CP129143.1	2049245	2051500		plus	GH92 family glycosyl hydrolase		99750895	protein-coding		WP_005824115.1	751	QWU49_RS07810
NZ_CP129143.1	2051678	2051800		minus	uncharacterized gene		99750896	pseudogene				QWU49_RS07815
NZ_CP129143.1	2051937	2052010		minus	tRNA-Pro		99750897	tRNA				QWU49_RS07820
NZ_CP129143.1	2052348	2052878		plus	Arm DNA-binding domain-containing protein		99750898	protein-coding		WP_005824111.1	176	QWU49_RS07825
NZ_CP129143.1	2052995	2054575		plus	IS21 family transposase	istA	99750899	protein-coding		WP_005829261.1	526	QWU49_RS07830
NZ_CP129143.1	2054562	2055344		plus	IS21-like element helper ATPase IstB	istB	99750900	protein-coding		WP_005824105.1	260	QWU49_RS07835
NZ_CP129143.1	2055908	2056561		plus	hypothetical protein		99750901	protein-coding		WP_005824100.1	217	QWU49_RS07840
NZ_CP129143.1	2057166	2057915		minus	NigD-like protein		99750902	protein-coding		WP_008665687.1	249	QWU49_RS07845
NZ_CP129143.1	2058289	2058819		plus	HU family DNA-binding protein		99750903	protein-coding		WP_008665685.1	176	QWU49_RS07850
NZ_CP129143.1	2058823	2059206		plus	MmcQ/YjbR family DNA-binding protein		99750904	protein-coding		WP_005824086.1	127	QWU49_RS07855
NZ_CP129143.1	2059182	2060243		minus	3-dehydroquinate synthase	aroB	99750905	protein-coding		WP_005824084.1	353	QWU49_RS07860
NZ_CP129143.1	2060451	2060864		plus	hypothetical protein		99750906	protein-coding		WP_005824079.1	137	QWU49_RS07865
NZ_CP129143.1	2060972	2063896		plus	TonB-dependent receptor		99750907	protein-coding		WP_005824078.1	974	QWU49_RS07870
NZ_CP129143.1	2064167	2065606		plus	cardiolipin synthase	cls	99750908	protein-coding		WP_005824073.1	479	QWU49_RS07875
NZ_CP129143.1	2065667	2066200		minus	16S rRNA (guanine(966)-N(2))-methyltransferase RsmD	rsmD	99750909	protein-coding		WP_005824070.1	177	QWU49_RS07880
NZ_CP129143.1	2066191	2066970		minus	DUF3822 family protein		99750910	protein-coding		WP_005824068.1	259	QWU49_RS07885
NZ_CP129143.1	2066989	2067675		minus	hypothetical protein		99750911	protein-coding		WP_005824067.1	228	QWU49_RS07890
NZ_CP129143.1	2067771	2069189		plus	ATP-dependent DNA helicase		99750912	protein-coding		WP_005824065.1	472	QWU49_RS07895
NZ_CP129143.1	2069266	2070075		plus	hypothetical protein		99750913	protein-coding		WP_005824063.1	269	QWU49_RS07900
NZ_CP129143.1	2070529	2073147		minus	alanine--tRNA ligase	alaS	99750914	protein-coding		WP_005824062.1	872	QWU49_RS07905
NZ_CP129143.1	2073319	2074287		plus	M23 family metallopeptidase		99750915	protein-coding		WP_005824061.1	322	QWU49_RS07910
NZ_CP129143.1	2074317	2074706		plus	MerR family transcriptional regulator		99750916	protein-coding		WP_005824060.1	129	QWU49_RS07915
NZ_CP129143.1	2074724	2076982		minus	RelA/SpoT family protein		99750917	protein-coding		WP_005824059.1	752	QWU49_RS07920
NZ_CP129143.1	2077059	2078354		minus	lytic transglycosylase domain-containing protein		99750918	protein-coding		WP_200998832.1	431	QWU49_RS07925
NZ_CP129143.1	2078407	2079186		minus	DUF5683 domain-containing protein		99750919	protein-coding		WP_005824056.1	259	QWU49_RS07930
NZ_CP129143.1	2079187	2080071		minus	ParB/RepB/Spo0J family partition protein		99750920	protein-coding		WP_005824054.1	294	QWU49_RS07935
NZ_CP129143.1	2080179	2080949		minus	ParA family protein		99750921	protein-coding		WP_005824052.1	256	QWU49_RS07940
NZ_CP129143.1	2081371	2081844		minus	DUF456 domain-containing protein		99750922	protein-coding		WP_005824051.1	157	QWU49_RS07945
NZ_CP129143.1	2081890	2083326		minus	DUF1080 domain-containing protein		99750923	protein-coding		WP_005824049.1	478	QWU49_RS07950
NZ_CP129143.1	2083484	2084248		plus	5'/3'-nucleotidase SurE	surE	99750924	protein-coding		WP_005824046.1	254	QWU49_RS07955
NZ_CP129143.1	2084273	2085418		plus	lipid-A-disaccharide synthase	lpxB	99750925	protein-coding		WP_005824044.1	381	QWU49_RS07960
NZ_CP129143.1	2085517	2086266		plus	NigD-like protein		99750926	protein-coding		WP_034525364.1	249	QWU49_RS07965
NZ_CP129143.1	2086384	2087226		minus	phosphatidate cytidylyltransferase		99750927	protein-coding		WP_005824038.1	280	QWU49_RS07970
NZ_CP129143.1	2087216	2089228		minus	ATP-dependent zinc metalloprotease FtsH	ftsH	99750928	protein-coding		WP_005824037.1	670	QWU49_RS07975
NZ_CP129143.1	2089238	2089597		minus	ribosome silencing factor	rsfS	99750929	protein-coding		WP_005824036.1	119	QWU49_RS07980
NZ_CP129143.1	2089815	2089885		plus	tRNA-Gln		99750930	tRNA				QWU49_RS07985
NZ_CP129143.1	2090069	2091247		plus	phosphoribosylaminoimidazolecarboxamide formyltransferase		99750931	protein-coding		WP_005824030.1	392	QWU49_RS07990
NZ_CP129143.1	2091333	2093186		minus	DUF349 domain-containing protein		99750932	protein-coding		WP_005824028.1	617	QWU49_RS07995
NZ_CP129143.1	2093304	2094650		minus	magnesium transporter	mgtE	99750933	protein-coding		WP_005824027.1	448	QWU49_RS08000
NZ_CP129143.1	2094677	2095471		minus	16S rRNA (adenine(1518)-N(6)/adenine(1519)-N(6))-dimethyltransferase RsmA	rsmA	99750934	protein-coding		WP_005824025.1	264	QWU49_RS08005
NZ_CP129143.1	2095607	2096593		plus	lysylphosphatidylglycerol synthase transmembrane domain-containing protein		99750935	protein-coding		WP_005824021.1	328	QWU49_RS08010
NZ_CP129143.1	2096964	2098421		plus	aminoacyl-histidine dipeptidase		99750936	protein-coding		WP_008665648.1	485	QWU49_RS08015
NZ_CP129143.1	2099125	2105022		plus	alpha-2-macroglobulin family protein		99750937	protein-coding		WP_005824012.1	1965	QWU49_RS08020
NZ_CP129143.1	2105164	2106237		plus	DUF1573 domain-containing protein		99750938	protein-coding		WP_005824010.1	357	QWU49_RS08025
NZ_CP129143.1	2106287	2107390		plus	methylmalonyl Co-A mutase-associated GTPase MeaB	meaB	99750939	protein-coding		WP_005824008.1	367	QWU49_RS08030
NZ_CP129143.1	2107415	2107999		plus	Crp/Fnr family transcriptional regulator		99750940	protein-coding		WP_005824006.1	194	QWU49_RS08035
NZ_CP129143.1	2108016	2108927		minus	DMT family transporter		99750941	protein-coding		WP_005824004.1	303	QWU49_RS08040
NZ_CP129143.1	2109068	2109898		plus	AAA family ATPase		99750942	protein-coding		WP_005823999.1	276	QWU49_RS08045
NZ_CP129143.1	2109910	2110923		plus	DUF4435 domain-containing protein		99750943	protein-coding		WP_005823997.1	337	QWU49_RS08050
NZ_CP129143.1	2110951	2112228		plus	mechanosensitive ion channel family protein		99750944	protein-coding		WP_005823993.1	425	QWU49_RS08055
NZ_CP129143.1	2112564	2112989		plus	hypothetical protein		99750945	protein-coding		WP_005835201.1	141	QWU49_RS08060
NZ_CP129143.1	2113110	2114291		minus	hypothetical protein		99750946	protein-coding		WP_005823986.1	393	QWU49_RS08065
NZ_CP129143.1	2114411	2117116		minus	TonB-dependent receptor		99750947	protein-coding		WP_005823984.1	901	QWU49_RS08070
NZ_CP129143.1	2117351	2120134		plus	ATP-binding protein		99750948	protein-coding		WP_034525362.1	927	QWU49_RS08075
NZ_CP129143.1	2120270	2121709		minus	NADH-quinone oxidoreductase subunit N		99750949	protein-coding		WP_005823978.1	479	QWU49_RS08080
NZ_CP129143.1	2121831	2123315		minus	complex I subunit 4 family protein		99750950	protein-coding		WP_005823976.1	494	QWU49_RS08085
NZ_CP129143.1	2123367	2125280		minus	NADH-quinone oxidoreductase subunit L	nuoL	99750951	protein-coding		WP_005823974.1	637	QWU49_RS08090
NZ_CP129143.1	2125339	2125647		minus	NADH-quinone oxidoreductase subunit NuoK	nuoK	99750952	protein-coding		WP_005823972.1	102	QWU49_RS08095
NZ_CP129143.1	2125653	2126165		minus	NADH-quinone oxidoreductase subunit J		99750953	protein-coding		WP_005823970.1	170	QWU49_RS08100
NZ_CP129143.1	2126196	2126699		minus	4Fe-4S binding protein		99750954	protein-coding		WP_005823968.1	167	QWU49_RS08105
NZ_CP129143.1	2126757	2127833		minus	NADH-quinone oxidoreductase subunit NuoH	nuoH	99750955	protein-coding		WP_009037156.1	358	QWU49_RS08110
NZ_CP129143.1	2127974	2129563		minus	NADH-quinone oxidoreductase subunit D		99750956	protein-coding		WP_005823961.1	529	QWU49_RS08115
NZ_CP129143.1	2129579	2130160		minus	NADH-quinone oxidoreductase subunit B		99750957	protein-coding		WP_005823959.1	193	QWU49_RS08120
NZ_CP129143.1	2130151	2130501		minus	NADH-quinone oxidoreductase subunit A		99750958	protein-coding		WP_005823956.1	116	QWU49_RS08125
NZ_CP129143.1	2130612	2130983		minus	hypothetical protein		99750959	protein-coding		WP_005823953.1	123	QWU49_RS08130
NZ_CP129143.1	2131087	2132538		minus	TrkH family potassium uptake protein		99750960	protein-coding		WP_005823951.1	483	QWU49_RS08135
NZ_CP129143.1	2132560	2133900		minus	Trk system potassium transporter TrkA	trkA	99750961	protein-coding		WP_005823949.1	446	QWU49_RS08140
NZ_CP129143.1	2133967	2135871		minus	1-deoxy-D-xylulose-5-phosphate synthase	dxs	99750962	protein-coding		WP_034525360.1	634	QWU49_RS08145
NZ_CP129143.1	2136438	2137535		plus	hypothetical protein		99750963	protein-coding		WP_034525358.1	365	QWU49_RS08150
NZ_CP129143.1	2137698	2138687		plus	GSCFA domain-containing protein		99750964	protein-coding		WP_034525357.1	329	QWU49_RS08155
NZ_CP129143.1	2138663	2141188		plus	bifunctional UDP-N-acetylmuramoyl-tripeptide:D-alanyl-D-alanine ligase/alanine racemase		99750965	protein-coding		WP_005823941.1	841	QWU49_RS08160
NZ_CP129143.1	2141300	2141515		plus	Sec-independent protein translocase subunit TatA/TatB		99750966	protein-coding		WP_005823939.1	71	QWU49_RS08165
NZ_CP129143.1	2141653	2142474		plus	twin-arginine translocase subunit TatC	tatC	99750967	protein-coding		WP_005823936.1	273	QWU49_RS08170
NZ_CP129143.1	2142471	2145905		plus	AAA domain-containing protein		99750968	protein-coding		WP_005823935.1	1144	QWU49_RS08175
NZ_CP129143.1	2146227	2147717		minus	MFS transporter		99750969	protein-coding		WP_009037147.1	496	QWU49_RS08180
NZ_CP129143.1	2147859	2148815		minus	5-dehydro-4-deoxy-D-glucuronate isomerase	kduI	99750970	protein-coding		WP_005823932.1	318	QWU49_RS08185
NZ_CP129143.1	2148843	2150234		minus	PTS galactitol transporter subunit IIC		99750971	protein-coding		WP_005823931.1	463	QWU49_RS08190
NZ_CP129143.1	2150702	2151268		plus	RNA polymerase sigma-70 factor		99750972	protein-coding		WP_005823929.1	188	QWU49_RS08195
NZ_CP129143.1	2151373	2152548		plus	FecR family protein		99750973	protein-coding		WP_005823927.1	391	QWU49_RS08200
NZ_CP129143.1	2152567	2155923		plus	TonB-dependent receptor		99750974	protein-coding		WP_005823925.1	1118	QWU49_RS08205
NZ_CP129143.1	2155944	2157410		plus	RagB/SusD family nutrient uptake outer membrane protein		99750975	protein-coding		WP_005823923.1	488	QWU49_RS08210
NZ_CP129143.1	2157429	2158592		plus	metallophosphoesterase		99750976	protein-coding		WP_005823921.1	387	QWU49_RS08215
NZ_CP129143.1	2158748	2159401		minus	HAD family hydrolase		99750977	protein-coding		WP_005823917.1	217	QWU49_RS08220
NZ_CP129143.1	2159763	2160620		plus	enoyl-ACP reductase FabI		99750978	protein-coding		WP_005823911.1	285	QWU49_RS08225
NZ_CP129143.1	2160620	2161324		plus	SAM-dependent methyltransferase		99750979	protein-coding		WP_005823906.1	234	QWU49_RS08230
NZ_CP129143.1	2161290	2162408		minus	hypothetical protein		99750980	protein-coding		WP_008665606.1	372	QWU49_RS08235
NZ_CP129143.1	2162455	2163336		minus	lipoyl synthase	lipA	99750981	protein-coding		WP_005823900.1	293	QWU49_RS08240
NZ_CP129143.1	2163336	2165549		minus	S9 family peptidase		99750982	protein-coding		WP_005823898.1	737	QWU49_RS08245
NZ_CP129143.1	2165751	2166512		minus	sugar isomerase domain-containing protein		99750983	protein-coding		WP_005823892.1	253	QWU49_RS08250
NZ_CP129143.1	2166545	2167696		minus	MFS transporter		99750984	protein-coding		WP_005823889.1	383	QWU49_RS08255
NZ_CP129143.1	2167689	2168648		minus	ROK family protein		99750985	protein-coding		WP_005823887.1	319	QWU49_RS08260
NZ_CP129143.1	2168964	2169893		plus	TIGR01212 family radical SAM protein		99750986	protein-coding		WP_005823884.1	309	QWU49_RS08265
NZ_CP129143.1	2169956	2171155		plus	FprA family A-type flavoprotein		99750987	protein-coding		WP_005835258.1	399	QWU49_RS08270
NZ_CP129143.1	2171234	2172046		plus	glucosamine-6-phosphate deaminase	nagB	99750988	protein-coding		WP_005823882.1	270	QWU49_RS08275
NZ_CP129143.1	2172512	2174077		plus	ATP-binding protein		99750989	protein-coding		WP_005823881.1	521	QWU49_RS08280
NZ_CP129143.1	2174225	2175241		plus	winged helix-turn-helix domain-containing protein		99750990	protein-coding		WP_005823880.1	338	QWU49_RS08285
NZ_CP129143.1	2175380	2175616		plus	NVEALA domain-containing protein		99750991	protein-coding		WP_034525331.1	78	QWU49_RS08290
NZ_CP129143.1	2175585	2176652		plus	BF3164 family lipoprotein		99750992	protein-coding		WP_009037140.1	355	QWU49_RS08295
NZ_CP129143.1	2176922	2177155		plus	NVEALA domain-containing protein		99750993	protein-coding		WP_009037139.1	77	QWU49_RS08300
NZ_CP129143.1	2177459	2178526		plus	BF3164 family lipoprotein		99750994	protein-coding		WP_005823873.1	355	QWU49_RS08305
NZ_CP129143.1	2178571	2179458		plus	DUF1573 domain-containing protein		99750995	protein-coding		WP_005823872.1	295	QWU49_RS08310
NZ_CP129143.1	2179471	2180361		plus	signal peptidase I	lepB	99750996	protein-coding		WP_005823871.1	296	QWU49_RS08315
NZ_CP129143.1	2180363	2182282		plus	hypothetical protein		99750997	protein-coding		WP_005823869.1	639	QWU49_RS08320
NZ_CP129143.1	2182328	2184286		plus	transglutaminase domain-containing protein		99750998	protein-coding		WP_005823867.1	652	QWU49_RS08325
NZ_CP129143.1	2184321	2186003		plus	O-antigen ligase family protein		99750999	protein-coding		WP_005823866.1	560	QWU49_RS08330
NZ_CP129143.1	2186128	2187201		plus	efflux RND transporter periplasmic adaptor subunit		99751000	protein-coding		WP_034525355.1	357	QWU49_RS08335
NZ_CP129143.1	2187238	2190309		plus	efflux RND transporter permease subunit		99751001	protein-coding		WP_034525328.1	1023	QWU49_RS08340
NZ_CP129143.1	2190306	2191778		plus	TolC family protein		99751002	protein-coding		WP_005823863.1	490	QWU49_RS08345
NZ_CP129143.1	2191778	2194984		plus	efflux RND transporter permease subunit		99751003	protein-coding		WP_005823862.1	1068	QWU49_RS08350
NZ_CP129143.1	2195033	2195683		plus	hypothetical protein		99751004	protein-coding		WP_005823861.1	216	QWU49_RS08355
NZ_CP129143.1	2196299	2196487		plus	hypothetical protein		99751005	protein-coding		WP_005823856.1	62	QWU49_RS08360
NZ_CP129143.1	2196484	2198178		plus	tetratricopeptide repeat protein		99751006	protein-coding		WP_005823853.1	564	QWU49_RS08365
NZ_CP129143.1	2198297	2198734		plus	DUF3244 domain-containing protein		99751007	protein-coding		WP_005823851.1	145	QWU49_RS08370
NZ_CP129143.1	2198753	2199832		plus	glycosyltransferase		99751008	protein-coding		WP_005835286.1	359	QWU49_RS08375
NZ_CP129143.1	2199834	2200847		plus	hypothetical protein		99751009	protein-coding		WP_005823848.1	337	QWU49_RS08380
NZ_CP129143.1	2200904	2201113		plus	TIGR04149 family rSAM-modified RiPP		99751010	protein-coding		WP_005835287.1	69	QWU49_RS08385
NZ_CP129143.1	2201304	2202620		plus	6-bladed beta-propeller		99751011	protein-coding		WP_009037127.1	438	QWU49_RS08390
NZ_CP129143.1	2202624	2204075		plus	radical SAM peptide maturase		99751012	protein-coding		WP_005823842.1	483	QWU49_RS08395
NZ_CP129143.1	2204096	2205331		plus	TIGR04150 pseudo-rSAM protein		99751013	protein-coding		WP_005823840.1	411	QWU49_RS08400
NZ_CP129143.1	2205332	2207536		plus	peptidase domain-containing ABC transporter		99751014	protein-coding		WP_034525326.1	734	QWU49_RS08405
NZ_CP129143.1	2207540	2208850		plus	HlyD family secretion protein		99751015	protein-coding		WP_005823836.1	436	QWU49_RS08410
NZ_CP129143.1	2208949	2209797		plus	formylglycine-generating enzyme family protein		99751016	protein-coding		WP_005823834.1	282	QWU49_RS08415
NZ_CP129143.1	2209856	2211061		plus	6-bladed beta-propeller		99751017	protein-coding		WP_034525324.1	401	QWU49_RS08420
NZ_CP129143.1	2211066	2212088		minus	AI-2E family transporter		99751018	protein-coding		WP_005823830.1	340	QWU49_RS08425
NZ_CP129143.1	2212165	2212779		minus	L-threonylcarbamoyladenylate synthase		99751019	protein-coding		WP_005823828.1	204	QWU49_RS08430
NZ_CP129143.1	2212848	2214590		minus	ATP-dependent DNA helicase		99751020	protein-coding		WP_005835299.1	580	QWU49_RS08435
NZ_CP129143.1	2214603	2215403		minus	Cof-type HAD-IIB family hydrolase		99751021	protein-coding		WP_034525323.1	266	QWU49_RS08440
NZ_CP129143.1	2215491	2216384		plus	prenyltransferase		99751022	protein-coding		WP_034525322.1	297	QWU49_RS08445
NZ_CP129143.1	2216381	2216995		plus	CPBP family intramembrane glutamic endopeptidase		99751023	protein-coding		WP_005823820.1	204	QWU49_RS08450
NZ_CP129143.1	2217081	2218250		plus	MalY/PatB family protein		99751024	protein-coding		WP_005823816.1	389	QWU49_RS08455
NZ_CP129143.1	2218276	2219910		plus	helix-turn-helix transcriptional regulator		99751025	protein-coding		WP_034525320.1	544	QWU49_RS08460
NZ_CP129143.1	2220083	2222488		plus	TonB-dependent receptor domain-containing protein		99751026	protein-coding		WP_005823811.1	801	QWU49_RS08465
NZ_CP129143.1	2222577	2225171		plus	xylan 1,4-beta-xylosidase	xyl3A	99751027	protein-coding		WP_034525351.1	864	QWU49_RS08470
NZ_CP129143.1	2225369	2226325		plus	SPFH domain-containing protein		99751028	protein-coding		WP_005823806.1	318	QWU49_RS08475
NZ_CP129143.1	2226338	2227696		plus	alpha/beta fold hydrolase		99751029	protein-coding		WP_005823804.1	452	QWU49_RS08480
NZ_CP129143.1	2227763	2227969		plus	hypothetical protein		99751030	protein-coding		WP_005823802.1	68	QWU49_RS08485
NZ_CP129143.1	2228287	2229669		plus	hypothetical protein		99751031	protein-coding		WP_005823799.1	460	QWU49_RS08490
NZ_CP129143.1	2229699	2230850		plus	imelysin family protein		99751032	protein-coding		WP_005823798.1	383	QWU49_RS08495
NZ_CP129143.1	2230960	2232393		plus	di-heme oxidoredictase family protein		99751033	protein-coding		WP_085931069.1	477	QWU49_RS08500
NZ_CP129143.1	2232423	2233634		plus	porin		99751034	protein-coding		WP_005823796.1	403	QWU49_RS08505
NZ_CP129143.1	2233659	2234375		plus	hypothetical protein		99751035	protein-coding		WP_008665536.1	238	QWU49_RS08510
NZ_CP129143.1	2234441	2235595		plus	Rid family hydrolase		99751036	protein-coding		WP_005823794.1	384	QWU49_RS08515
NZ_CP129143.1	2235624	2237675		plus	cytochrome c biogenesis protein CcsA	ccsA	99751037	protein-coding		WP_005823791.1	683	QWU49_RS08520
NZ_CP129143.1	2238107	2238721		minus	response regulator transcription factor		99751038	protein-coding		WP_005823789.1	204	QWU49_RS08525
NZ_CP129143.1	2238711	2239415		minus	hemerythrin domain-containing protein		99751039	protein-coding		WP_005823787.1	234	QWU49_RS08530
NZ_CP129143.1	2239626	2239988		plus	BlaI/MecI/CopY family transcriptional regulator		99751040	protein-coding		WP_005823785.1	120	QWU49_RS08535
NZ_CP129143.1	2240018	2241883		plus	TlpA family protein disulfide reductase		99751041	protein-coding		WP_005823784.1	621	QWU49_RS08540
NZ_CP129143.1	2241934	2244015		plus	M56 family metallopeptidase		99751042	protein-coding		WP_005823783.1	693	QWU49_RS08545
NZ_CP129143.1	2244028	2244798		plus	TlpA family protein disulfide reductase		99751043	protein-coding		WP_005823782.1	256	QWU49_RS08550
NZ_CP129143.1	2244900	2245112		plus	uncharacterized gene		99751044	pseudogene				QWU49_RS08555
NZ_CP129143.1	2245473	2246738		plus	site-specific integrase		99751045	protein-coding		WP_005823779.1	421	QWU49_RS08560
NZ_CP129143.1	2246740	2247135		plus	hypothetical protein		99751046	protein-coding		WP_005823778.1	131	QWU49_RS08565
NZ_CP129143.1	2247892	2248623		plus	UpxY family transcription antiterminator		99751047	protein-coding		WP_005823777.1	243	QWU49_RS08570
NZ_CP129143.1	2248638	2251712		plus	virulence factor SrfB		99751048	protein-coding		WP_005823776.1	1024	QWU49_RS08575
NZ_CP129143.1	2251730	2254540		plus	virulence factor SrfC family protein		99751049	protein-coding		WP_005823775.1	936	QWU49_RS08580
NZ_CP129143.1	2254545	2257262		plus	S8 family peptidase		99751050	protein-coding		WP_005823774.1	905	QWU49_RS08585
NZ_CP129143.1	2257265	2258203		plus	hypothetical protein		99751051	protein-coding		WP_004312230.1	312	QWU49_RS08590
NZ_CP129143.1	2258206	2259822		plus	tetratricopeptide repeat protein		99751052	protein-coding		WP_005823770.1	538	QWU49_RS08595
NZ_CP129143.1	2259824	2261851		plus	hypothetical protein		99751053	protein-coding		WP_005823768.1	675	QWU49_RS08600
NZ_CP129143.1	2261851	2262720		plus	hypothetical protein		99751054	protein-coding		WP_005823766.1	289	QWU49_RS08605
NZ_CP129143.1	2262713	2263549		plus	hypothetical protein		99751055	protein-coding		WP_005823764.1	278	QWU49_RS08610
NZ_CP129143.1	2263908	2264090		minus	uncharacterized gene		99751056	pseudogene				QWU49_RS08615
NZ_CP129143.1	2264128	2265381		minus	conjugal transfer protein MobB	mobB	99751057	protein-coding		WP_005823759.1	417	QWU49_RS08620
NZ_CP129143.1	2265366	2265785		minus	conjugal transfer protein MobA	mobA	99751058	protein-coding		WP_032856281.1	139	QWU49_RS08625
NZ_CP129143.1	2266536	2267294		plus	ParA family protein		99751059	protein-coding		WP_005823750.1	252	QWU49_RS08630
NZ_CP129143.1	2267299	2267745		plus	DUF3408 domain-containing protein		99751060	protein-coding		WP_005823748.1	148	QWU49_RS08635
NZ_CP129143.1	2267771	2268415		plus	hypothetical protein		99751061	protein-coding		WP_395940298.1	214	QWU49_RS08640
NZ_CP129143.1	2268435	2268602		plus	hypothetical protein		99751062	protein-coding		WP_005823744.1	55	QWU49_RS08645
NZ_CP129143.1	2268685	2269182		plus	DUF3408 domain-containing protein		99751063	protein-coding		WP_139169197.1	165	QWU49_RS08650
NZ_CP129143.1	2269500	2270777		minus	PcfJ domain-containing protein		99751064	protein-coding		WP_005823738.1	425	QWU49_RS08655
NZ_CP129143.1	2270774	2271199		minus	PcfK-like family protein		99751065	protein-coding		WP_004312216.1	141	QWU49_RS08660
NZ_CP129143.1	2271223	2271462		minus	DUF6926 domain-containing protein		99751066	protein-coding		WP_005823735.1	79	QWU49_RS08665
NZ_CP129143.1	2271475	2271690		minus	hypothetical protein		99751067	protein-coding		WP_005823733.1	71	QWU49_RS08670
NZ_CP129143.1	2272118	2272246		plus	hypothetical protein		99751068	protein-coding		WP_255415916.1	42	QWU49_RS08675
NZ_CP129143.1	2272981	2273994		plus	uncharacterized gene		99751069	pseudogene				QWU49_RS08680
NZ_CP129143.1	2273970	2274875		minus	tRNA (adenosine(37)-N6)-dimethylallyltransferase MiaA	miaA	99751070	protein-coding		WP_005823716.1	301	QWU49_RS08685
NZ_CP129143.1	2274984	2275538		minus	IS1096 element passenger TnpR family protein		99751071	protein-coding		WP_005823714.1	184	QWU49_RS08690
NZ_CP129143.1	2275587	2276363		minus	acyl-ACP--UDP-N-acetylglucosamine O-acyltransferase	lpxA	99751072	protein-coding		WP_005823711.1	258	QWU49_RS08695
NZ_CP129143.1	2276501	2277886		minus	bifunctional UDP-3-O-[3-hydroxymyristoyl] N-acetylglucosamine deacetylase/3-hydroxyacyl-ACP dehydratase		99751073	protein-coding		WP_005823709.1	461	QWU49_RS08700
NZ_CP129143.1	2277890	2278930		minus	UDP-3-O-(3-hydroxymyristoyl)glucosamine N-acyltransferase	lpxD	99751074	protein-coding		WP_005823705.1	346	QWU49_RS08705
NZ_CP129143.1	2279015	2280241		minus	HD domain-containing protein		99751075	protein-coding		WP_005823703.1	408	QWU49_RS08710
NZ_CP129143.1	2280248	2281078		minus	orotidine-5'-phosphate decarboxylase	pyrF	99751076	protein-coding		WP_005823701.1	276	QWU49_RS08715
NZ_CP129143.1	2281113	2282225		minus	peptide chain release factor 1	prfA	99751077	protein-coding		WP_005823698.1	370	QWU49_RS08720
NZ_CP129143.1	2282230	2283399		minus	AIR synthase-related protein		99751078	protein-coding		WP_005835357.1	389	QWU49_RS08725
NZ_CP129143.1	2283512	2284093		minus	LemA family protein		99751079	protein-coding		WP_005835359.1	193	QWU49_RS08730
NZ_CP129143.1	2284265	2285173		minus	TPM domain-containing protein		99751080	protein-coding		WP_005823693.1	302	QWU49_RS08735
NZ_CP129143.1	2285214	2286209		minus	alpha/beta hydrolase		99751081	protein-coding		WP_005823691.1	331	QWU49_RS08740
NZ_CP129143.1	2286209	2286955		minus	shikimate dehydrogenase family protein		99751082	protein-coding		WP_005823689.1	248	QWU49_RS08745
NZ_CP129143.1	2287004	2287558		minus	hypothetical protein		99751083	protein-coding		WP_005823687.1	184	QWU49_RS08750
NZ_CP129143.1	2287590	2288327		minus	bifunctional demethylmenaquinone methyltransferase/2-methoxy-6-polyprenyl-1,4-benzoquinol methylase UbiE	ubiE	99751084	protein-coding		WP_005823685.1	245	QWU49_RS08755
NZ_CP129143.1	2288328	2289269		minus	phosphoribosylaminoimidazolesuccinocarboxamide synthase		99751085	protein-coding		WP_005823683.1	313	QWU49_RS08760
NZ_CP129143.1	2289297	2290298		minus	PhoH family protein		99751086	protein-coding		WP_005823681.1	333	QWU49_RS08765
NZ_CP129143.1	2290308	2291027		minus	M23 family metallopeptidase		99751087	protein-coding		WP_005823679.1	239	QWU49_RS08770
NZ_CP129143.1	2291028	2291693		minus	B3/4 domain-containing protein		99751088	protein-coding		WP_005823677.1	221	QWU49_RS08775
NZ_CP129143.1	2291693	2292520		minus	peptidoglycan editing factor PgeF	pgeF	99751089	protein-coding		WP_005823675.1	275	QWU49_RS08780
NZ_CP129143.1	2292517	2293698		minus	GTPase ObgE	obgE	99751090	protein-coding		WP_005823673.1	393	QWU49_RS08785
NZ_CP129143.1	2293713	2294285		minus	adenylate kinase		99751091	protein-coding		WP_005823672.1	190	QWU49_RS08790
NZ_CP129143.1	2294328	2294864		minus	hypoxanthine phosphoribosyltransferase	hpt	99751092	protein-coding		WP_005823670.1	178	QWU49_RS08795
NZ_CP129143.1	2294906	2296444		minus	peptide MFS transporter		99751093	protein-coding		WP_005823668.1	512	QWU49_RS08800
NZ_CP129143.1	2296834	2298345		plus	NAD(P)H-hydrate dehydratase		99751094	protein-coding		WP_005823666.1	503	QWU49_RS08805
NZ_CP129143.1	2298375	2298938		plus	YdeI/OmpD-associated family protein		99751095	protein-coding		WP_005823665.1	187	QWU49_RS08810
NZ_CP129143.1	2298956	2299639		minus	DUF5715 family protein		99751096	protein-coding		WP_005823664.1	227	QWU49_RS08815
NZ_CP129143.1	2299760	2300512		plus	tRNA pseudouridine(38-40) synthase TruA	truA	99751097	protein-coding		WP_005823662.1	250	QWU49_RS08820
NZ_CP129143.1	2300582	2301481		plus	DMT family transporter		99751098	protein-coding		WP_005823661.1	299	QWU49_RS08825
NZ_CP129143.1	2301493	2301963		plus	GAF domain-containing protein		99751099	protein-coding		WP_005823659.1	156	QWU49_RS08830
NZ_CP129143.1	2301960	2302619		plus	DUF3256 family protein		99751100	protein-coding		WP_005823657.1	219	QWU49_RS08835
NZ_CP129143.1	2302606	2303496		minus	YitT family protein		99751101	protein-coding		WP_005823655.1	296	QWU49_RS08840
NZ_CP129143.1	2303684	2304568		plus	AraC family transcriptional regulator		99751102	protein-coding		WP_009037084.1	294	QWU49_RS08845
NZ_CP129143.1	2304751	2305314		plus	glucose-6-phosphate isomerase family protein		99751103	protein-coding		WP_009037083.1	187	QWU49_RS08850
NZ_CP129143.1	2305311	2306270		plus	ROK family protein		99751104	protein-coding		WP_005823650.1	319	QWU49_RS08855
NZ_CP129143.1	2306254	2308017		plus	class I mannose-6-phosphate isomerase		99751105	protein-coding		WP_005823649.1	587	QWU49_RS08860
NZ_CP129143.1	2308010	2308795		plus	glucose-6-phosphate isomerase family protein		99751106	protein-coding		WP_005823648.1	261	QWU49_RS08865
NZ_CP129143.1	2308810	2310219		plus	sugar porter family MFS transporter		99751107	protein-coding		WP_008665500.1	469	QWU49_RS08870
NZ_CP129143.1	2310247	2312808		plus	GH116 family glycosyl hydrolase		99751108	protein-coding		WP_008665498.1	853	QWU49_RS08875
NZ_CP129143.1	2312898	2316149		plus	SusC/RagA family TonB-linked outer membrane protein		99751109	protein-coding		WP_005823644.1	1083	QWU49_RS08880
NZ_CP129143.1	2316162	2317652		plus	RagB/SusD family nutrient uptake outer membrane protein		99751110	protein-coding		WP_005823643.1	496	QWU49_RS08885
NZ_CP129143.1	2317736	2318932		plus	sialidase family protein		99751111	protein-coding		WP_005823642.1	398	QWU49_RS08890
NZ_CP129143.1	2318948	2320138		plus	glycoside hydrolase family 172 protein		99751112	protein-coding		WP_005823641.1	396	QWU49_RS08895
NZ_CP129143.1	2320176	2322785		plus	glycoside hydrolase family 3 N-terminal domain-containing protein		99751113	protein-coding		WP_005823638.1	869	QWU49_RS08900
NZ_CP129143.1	2322778	2324595		plus	family 20 glycosylhydrolase		99751114	protein-coding		WP_005823636.1	605	QWU49_RS08905
NZ_CP129143.1	2324621	2327176		plus	GH116 family glycosyl hydrolase		99751115	protein-coding		WP_008665489.1	851	QWU49_RS08910
NZ_CP129143.1	2327368	2327733		plus	hypothetical protein		99751116	protein-coding		WP_005823632.1	121	QWU49_RS08915
NZ_CP129143.1	2327829	2328983		minus	acyltransferase family protein		99751117	protein-coding		WP_008665488.1	384	QWU49_RS08920
NZ_CP129143.1	2329084	2329647		minus	Crp/Fnr family transcriptional regulator		99751118	protein-coding		WP_005823628.1	187	QWU49_RS08925
NZ_CP129143.1	2329821	2330117		plus	hypothetical protein		99751119	protein-coding		WP_005823625.1	98	QWU49_RS08930
NZ_CP129143.1	2330251	2330323		minus	tRNA-Gly		99751120	tRNA				QWU49_RS08935
NZ_CP129143.1	2330333	2330415		minus	tRNA-Tyr		99751121	tRNA				QWU49_RS08940
NZ_CP129143.1	2330489	2330983		minus	6,7-dimethyl-8-ribityllumazine synthase	ribH	99751122	protein-coding		WP_005823623.1	164	QWU49_RS08945
NZ_CP129143.1	2331127	2331810		minus	tetratricopeptide repeat protein		99751123	protein-coding		WP_005823621.1	227	QWU49_RS08950
NZ_CP129143.1	2332048	2333160		plus	DNA replication/repair protein RecF	recF	99751124	protein-coding		WP_005823617.1	370	QWU49_RS08955
NZ_CP129143.1	2333157	2333447		plus	DUF721 domain-containing protein		99751125	protein-coding		WP_005823615.1	96	QWU49_RS08960
NZ_CP129143.1	2333440	2334225		minus	histidinol-phosphatase		99751126	protein-coding		WP_034525313.1	261	QWU49_RS08965
NZ_CP129143.1	2334222	2334752		minus	5-formyltetrahydrofolate cyclo-ligase		99751127	protein-coding		WP_034525311.1	176	QWU49_RS08970
NZ_CP129143.1	2334670	2336409		minus	S41 family peptidase		99751128	protein-coding		WP_034525309.1	579	QWU49_RS08975
NZ_CP129143.1	2336467	2336925		minus	deoxycytidylate deaminase		99751129	protein-coding		WP_005835453.1	152	QWU49_RS08980
NZ_CP129143.1	2336938	2337453		minus	DUF4847 family protein		99751130	protein-coding		WP_005823604.1	171	QWU49_RS08985
NZ_CP129143.1	2337450	2339507		minus	M3 family metallopeptidase		99751131	protein-coding		WP_034525308.1	685	QWU49_RS08990
NZ_CP129143.1	2339648	2340658		minus	type I glyceraldehyde-3-phosphate dehydrogenase	gap	99751132	protein-coding		WP_005835458.1	336	QWU49_RS08995
NZ_CP129143.1	2340799	2341233		plus	large-conductance mechanosensitive channel protein MscL	mscL	99751133	protein-coding		WP_005835461.1	144	QWU49_RS09000
NZ_CP129143.1	2341696	2343249		plus	glutamine-hydrolyzing GMP synthase	guaA	99751134	protein-coding		WP_005823593.1	517	QWU49_RS09005
NZ_CP129143.1	2343289	2344596		plus	glutamine-hydrolyzing GMP synthase	guaA	99751135	protein-coding		WP_005823591.1	435	QWU49_RS09010
NZ_CP129143.1	2344678	2345364		plus	SGNH/GDSL hydrolase family protein		99751136	protein-coding		WP_005823589.1	228	QWU49_RS09015
NZ_CP129143.1	2345385	2346047		minus	Crp/Fnr family transcriptional regulator		99751137	protein-coding		WP_005823588.1	220	QWU49_RS09020
NZ_CP129143.1	2346149	2346838		minus	rhomboid family intramembrane serine protease		99751138	protein-coding		WP_005823585.1	229	QWU49_RS09025
NZ_CP129143.1	2347009	2348949		plus	glycogen debranching enzyme N-terminal domain-containing protein		99751139	protein-coding		WP_005823580.1	646	QWU49_RS09030
NZ_CP129143.1	2348964	2350232		plus	glycosyltransferase family 4 protein		99751140	protein-coding		WP_005823578.1	422	QWU49_RS09035
NZ_CP129143.1	2350250	2351665		plus	glycoside hydrolase family 57 protein		99751141	protein-coding		WP_005823576.1	471	QWU49_RS09040
NZ_CP129143.1	2351746	2353329		minus	DUF4270 domain-containing protein		99751142	protein-coding		WP_005823574.1	527	QWU49_RS09045
NZ_CP129143.1	2353353	2354177		minus	glycogen/starch synthase		99751143	protein-coding		WP_005823572.1	274	QWU49_RS09050
NZ_CP129143.1	2354424	2355281		plus	pantoate--beta-alanine ligase	panC	99751144	protein-coding		WP_005823570.1	285	QWU49_RS09055
NZ_CP129143.1	2355314	2355667		plus	aspartate 1-decarboxylase	panD	99751145	protein-coding		WP_005823568.1	117	QWU49_RS09060
NZ_CP129143.1	2355732	2357378		minus	S41 family peptidase		99751146	protein-coding		WP_005823566.1	548	QWU49_RS09065
NZ_CP129143.1	2357486	2359792		minus	bifunctional dihydroorotate dehydrogenase B NAD binding subunit/NADPH-dependent glutamate synthase		99751147	protein-coding		WP_005823564.1	768	QWU49_RS09070
NZ_CP129143.1	2359989	2362124		plus	TonB-dependent receptor domain-containing protein		99751148	protein-coding		WP_074668495.1	711	QWU49_RS09075
NZ_CP129143.1	2362130	2363143		plus	sensor histidine kinase		99751149	protein-coding		WP_005828900.1	337	QWU49_RS09080
NZ_CP129143.1	2363145	2363846		plus	LytR/AlgR family response regulator transcription factor		99751150	protein-coding		WP_005828898.1	233	QWU49_RS09085
NZ_CP129143.1	2363994	2365268		minus	serine--tRNA ligase	serS	99751151	protein-coding		WP_005828896.1	424	QWU49_RS09090
NZ_CP129143.1	2365410	2365679		minus	50S ribosomal protein L27	rpmA	99751152	protein-coding		WP_005828893.1	89	QWU49_RS09095
NZ_CP129143.1	2365702	2366019		minus	50S ribosomal protein L21	rplU	99751153	protein-coding		WP_005828892.1	105	QWU49_RS09100
NZ_CP129143.1	2366246	2368258		minus	HAD-IA family hydrolase		99751154	protein-coding		WP_005828889.1	670	QWU49_RS09105
NZ_CP129143.1	2368432	2370663		plus	GH92 family glycosyl hydrolase		99751155	protein-coding		WP_016272631.1	743	QWU49_RS09110
NZ_CP129143.1	2370675	2371268		plus	RNA polymerase sigma-70 factor		99751156	protein-coding		WP_005828885.1	197	QWU49_RS09115
NZ_CP129143.1	2371280	2372269		plus	FecR family protein		99751157	protein-coding		WP_005835480.1	329	QWU49_RS09120
NZ_CP129143.1	2372335	2374611		plus	GH92 family glycosyl hydrolase		99751158	protein-coding		WP_005828880.1	758	QWU49_RS09125
NZ_CP129143.1	2374915	2378301		plus	TonB-dependent receptor		99751159	protein-coding		WP_005828878.1	1128	QWU49_RS09130
NZ_CP129143.1	2378313	2379902		plus	RagB/SusD family nutrient uptake outer membrane protein		99751160	protein-coding		WP_005828876.1	529	QWU49_RS09135
NZ_CP129143.1	2379925	2380938		plus	glycoside hydrolase family 18		99751161	protein-coding		WP_005828871.1	337	QWU49_RS09140
NZ_CP129143.1	2380948	2382102		plus	DUF1735 and LamG domain-containing protein		99751162	protein-coding		WP_005828870.1	384	QWU49_RS09145
NZ_CP129143.1	2382141	2384123		plus	BT_3987 domain-containing protein		99751163	protein-coding		WP_005828869.1	660	QWU49_RS09150
NZ_CP129143.1	2384290	2386560		plus	GH92 family glycosyl hydrolase		99751164	protein-coding		WP_005828868.1	756	QWU49_RS09155
NZ_CP129143.1	2386582	2387892		plus	MFS transporter		99751165	protein-coding		WP_016272635.1	436	QWU49_RS09160
NZ_CP129143.1	2387916	2388887		plus	glycoside hydrolase family 130 protein		99751166	protein-coding		WP_005828866.1	323	QWU49_RS09165
NZ_CP129143.1	2389183	2391426		plus	GH92 family glycosyl hydrolase		99751167	protein-coding		WP_005828861.1	747	QWU49_RS09170
NZ_CP129143.1	2391505	2393031		minus	PAS domain-containing sensor histidine kinase		99751168	protein-coding		WP_005828859.1	508	QWU49_RS09175
NZ_CP129143.1	2393470	2394354		minus	TraB/GumN family protein		99751169	protein-coding		WP_005828856.1	294	QWU49_RS09180
NZ_CP129143.1	2394432	2394944		minus	C40 family peptidase		99751170	protein-coding		WP_005828855.1	170	QWU49_RS09185
NZ_CP129143.1	2394941	2395744		minus	ABC transporter ATP-binding protein		99751171	protein-coding		WP_005828854.1	267	QWU49_RS09190
NZ_CP129143.1	2395770	2397257		minus	DUF5687 family protein		99751172	protein-coding		WP_005828852.1	495	QWU49_RS09195
NZ_CP129143.1	2397341	2400169		minus	M16 family metallopeptidase		99751173	protein-coding		WP_005828850.1	942	QWU49_RS09200
NZ_CP129143.1	2400273	2401073		minus	3-deoxy-8-phosphooctulonate synthase	kdsA	99751174	protein-coding		WP_005828848.1	266	QWU49_RS09205
NZ_CP129143.1	2401097	2402023		minus	diacylglycerol/lipid kinase family protein		99751175	protein-coding		WP_005828845.1	308	QWU49_RS09210
NZ_CP129143.1	2402090	2403007		minus	tRNA (adenosine(37)-N6)-dimethylallyltransferase MiaA	miaA	99751176	protein-coding		WP_005828843.1	305	QWU49_RS09215
NZ_CP129143.1	2403635	2404927		plus	MATE family efflux transporter		99751177	protein-coding		WP_005828839.1	430	QWU49_RS09220
NZ_CP129143.1	2404942	2405562		plus	CatB-related O-acetyltransferase		99751178	protein-coding		WP_005828836.1	206	QWU49_RS09225
NZ_CP129143.1	2405573	2407633		minus	HelD family protein		99751179	protein-coding		WP_005828834.1	686	QWU49_RS09230
NZ_CP129143.1	2407761	2408345		plus	nucleotidyltransferase domain-containing protein		99751180	protein-coding		WP_005828829.1	194	QWU49_RS09235
NZ_CP129143.1	2408348	2409112		minus	LuxR C-terminal-related transcriptional regulator		99751181	protein-coding		WP_005828828.1	254	QWU49_RS09240
NZ_CP129143.1	2409280	2409744		plus	DUF2867 domain-containing protein		99751182	protein-coding		WP_005835508.1	154	QWU49_RS09245
NZ_CP129143.1	2410075	2410728		minus	nucleotidyl transferase AbiEii/AbiGii toxin family protein		99751183	protein-coding		WP_005828823.1	217	QWU49_RS09250
NZ_CP129143.1	2410614	2410895		minus	nucleotidyl transferase AbiEii/AbiGii toxin family protein		99751184	protein-coding		WP_250802612.1	93	QWU49_RS09255
NZ_CP129143.1	2410955	2411536		minus	type IV toxin-antitoxin system AbiEi family antitoxin domain-containing protein		99751185	protein-coding		WP_005828819.1	193	QWU49_RS09260
NZ_CP129143.1	2411773	2411946		plus	uncharacterized gene		99751186	pseudogene				QWU49_RS09265
NZ_CP129143.1	2412139	2412492		minus	hypothetical protein		99751187	protein-coding		WP_005828814.1	117	QWU49_RS09270
NZ_CP129143.1	2412503	2413045		minus	RloB family protein		99751188	protein-coding		WP_005640372.1	180	QWU49_RS09275
NZ_CP129143.1	2413054	2414298		minus	AAA family ATPase		99751189	protein-coding		WP_005828812.1	414	QWU49_RS09280
NZ_CP129143.1	2415047	2416345		plus	ATP-binding protein		99751190	protein-coding		WP_005828806.1	432	QWU49_RS09285
NZ_CP129143.1	2416627	2416929		minus	helix-turn-helix domain-containing protein		99751191	protein-coding		WP_005828804.1	100	QWU49_RS09290
NZ_CP129143.1	2416926	2417225		minus	helix-turn-helix domain-containing protein		99751192	protein-coding		WP_011964869.1	99	QWU49_RS09295
NZ_CP129143.1	2417635	2417928		plus	helix-turn-helix domain-containing protein		99751193	protein-coding		WP_005828798.1	97	QWU49_RS09300
NZ_CP129143.1	2417985	2418707		plus	NYN domain-containing protein		99751194	protein-coding		WP_005828796.1	240	QWU49_RS09305
NZ_CP129143.1	2418730	2419521		minus	PRTRC system ThiF family protein		99751195	protein-coding		WP_005828794.1	263	QWU49_RS09310
NZ_CP129143.1	2419518	2420219		minus	prokaryotic E2 ligase family D protein		99751196	protein-coding		WP_005828792.1	233	QWU49_RS09315
NZ_CP129143.1	2420251	2421378		minus	hypothetical protein		99751197	protein-coding		WP_005828790.1	375	QWU49_RS09320
NZ_CP129143.1	2421421	2421642		minus	PRTRC system protein C		99751198	protein-coding		WP_005828787.1	73	QWU49_RS09325
NZ_CP129143.1	2421662	2422732		minus	PRTRC system protein E		99751199	protein-coding		WP_005828784.1	356	QWU49_RS09330
NZ_CP129143.1	2422753	2422962		minus	hypothetical protein		99751200	protein-coding		WP_007219029.1	69	QWU49_RS09335
NZ_CP129143.1	2422982	2423194		minus	hypothetical protein		99751201	protein-coding		WP_005828779.1	70	QWU49_RS09340
NZ_CP129143.1	2423506	2425266		minus	DNA topoisomerase		99751202	protein-coding		WP_005828774.1	586	QWU49_RS09345
NZ_CP129143.1	2425340	2425615		minus	DUF4099 domain-containing protein		99751203	protein-coding		WP_007219032.1	91	QWU49_RS09350
NZ_CP129143.1	2425670	2427505		minus	DUF3945 domain-containing protein		99751204	protein-coding		WP_005828772.1	611	QWU49_RS09355
NZ_CP129143.1	2428358	2429572		plus	tyrosine-type recombinase/integrase		99751205	protein-coding		WP_005828768.1	404	QWU49_RS09360
NZ_CP129143.1	2430068	2430616		plus	UpxY family transcription antiterminator		99751206	protein-coding		WP_005636842.1	182	QWU49_RS09365
NZ_CP129143.1	2430641	2431747		plus	MraY family glycosyltransferase		99751207	protein-coding		WP_005636844.1	368	QWU49_RS09370
NZ_CP129143.1	2431774	2432568		plus	polysaccharide biosynthesis/export family protein		99751208	protein-coding		WP_005636845.1	264	QWU49_RS09375
NZ_CP129143.1	2432610	2434988		plus	GumC family protein		99751209	protein-coding		WP_005656936.1	792	QWU49_RS09380
NZ_CP129143.1	2435002	2435706		plus	tyrosine-protein phosphatase		99751210	protein-coding		WP_005656934.1	234	QWU49_RS09385
NZ_CP129143.1	2435788	2436993		plus	UDP-N-acetyl-D-mannosamine dehydrogenase	wecC	99751211	protein-coding		WP_005636852.1	401	QWU49_RS09390
NZ_CP129143.1	2437812	2439155		plus	lipopolysaccharide biosynthesis protein		99751212	protein-coding		WP_005636855.1	447	QWU49_RS09395
NZ_CP129143.1	2439143	2440345		plus	hypothetical protein		99751213	protein-coding		WP_005636858.1	400	QWU49_RS09400
NZ_CP129143.1	2440352	2441521		plus	glycosyltransferase		99751214	protein-coding		WP_005636860.1	389	QWU49_RS09405
NZ_CP129143.1	2441527	2442600		plus	polysaccharide biosynthesis protein		99751215	protein-coding		WP_005636862.1	357	QWU49_RS09410
NZ_CP129143.1	2442775	2443929		plus	capsular polysaccharide biosynthesis protein CapF		99751216	protein-coding		WP_005656928.1	384	QWU49_RS09415
NZ_CP129143.1	2443936	2444334		plus	WbuC family cupin fold metalloprotein		99751217	protein-coding		WP_005636866.1	132	QWU49_RS09420
NZ_CP129143.1	2444341	2445522		plus	non-hydrolyzing UDP-N-acetylglucosamine 2-epimerase	wecB	99751218	protein-coding		WP_005636869.1	393	QWU49_RS09425
NZ_CP129143.1	2445554	2446735		plus	glycosyltransferase		99751219	protein-coding		WP_005636871.1	393	QWU49_RS09430
NZ_CP129143.1	2446945	2447145		plus	acyltransferase		99751220	protein-coding		WP_005636874.1	66	QWU49_RS09435
NZ_CP129143.1	2447150	2447647		plus	serine O-acetyltransferase		99751221	protein-coding		WP_005828765.1	165	QWU49_RS09440
NZ_CP129143.1	2447994	2448116		plus	hexapeptide transferase family protein		99751222	protein-coding		WP_005840881.1	40	QWU49_RS09445
NZ_CP129143.1	2448123	2449316		plus	glycoside hydrolase family 88 protein		99751223	protein-coding		WP_005636881.1	397	QWU49_RS09450
NZ_CP129143.1	2449329	2450027		plus	WecB/TagA/CpsF family glycosyltransferase		99751224	protein-coding		WP_005656920.1	232	QWU49_RS09455
NZ_CP129143.1	2450039	2451199		plus	non-hydrolyzing UDP-N-acetylglucosamine 2-epimerase	wecB	99751225	protein-coding		WP_007219053.1	386	QWU49_RS09460
NZ_CP129143.1	2452095	2452403		plus	Arm DNA-binding domain-containing protein		99751226	protein-coding		WP_005636892.1	102	QWU49_RS09465
NZ_CP129143.1	2452428	2454689		plus	Helicase associated domain protein		99751227	protein-coding		WP_005636894.1	753	QWU49_RS09470
NZ_CP129143.1	2455019	2457394		plus	hybrid sensor histidine kinase/response regulator		99751228	protein-coding		WP_005840888.1	791	QWU49_RS09475
NZ_CP129143.1	2457339	2458643		plus	sigma-54-dependent transcriptional regulator		99751229	protein-coding		WP_005636898.1	434	QWU49_RS09480
NZ_CP129143.1	2458649	2459143		minus	hypothetical protein		99751230	protein-coding		WP_005636900.1	164	QWU49_RS09485
NZ_CP129143.1	2459365	2461401		minus	conjugal transfer protein MobC	mobC	99751231	protein-coding		WP_005636903.1	678	QWU49_RS09490
NZ_CP129143.1	2461438	2462685		minus	conjugal transfer protein MobB	mobB	99751232	protein-coding		WP_005828750.1	415	QWU49_RS09495
NZ_CP129143.1	2462670	2463092		minus	conjugal transfer protein MobA	mobA	99751233	protein-coding		WP_005840900.1	140	QWU49_RS09500
NZ_CP129143.1	2463817	2464611		plus	ParA family protein		99751234	protein-coding		WP_005828742.1	264	QWU49_RS09505
NZ_CP129143.1	2464620	2465069		plus	DUF3408 domain-containing protein		99751235	protein-coding		WP_005828741.1	149	QWU49_RS09510
NZ_CP129143.1	2465057	2465725		plus	DUF4122 family protein		99751236	protein-coding		WP_005828739.1	222	QWU49_RS09515
NZ_CP129143.1	2466192	2467331		minus	AbiH family protein		99751237	protein-coding		WP_005828737.1	379	QWU49_RS09520
NZ_CP129143.1	2467364	2468374		minus	hypothetical protein		99751238	protein-coding		WP_005828735.1	336	QWU49_RS09525
NZ_CP129143.1	2468931	2469317		plus	DUF4134 domain-containing protein		99751239	protein-coding		WP_074668503.1	128	QWU49_RS09530
NZ_CP129143.1	2469323	2469649		plus	DUF4133 domain-containing protein		99751240	protein-coding		WP_005656899.1	108	QWU49_RS09535
NZ_CP129143.1	2469646	2472180		plus	TraG family conjugative transposon ATPase		99751241	protein-coding		WP_005828729.1	844	QWU49_RS09540
NZ_CP129143.1	2472177	2472533		plus	DUF3876 domain-containing protein		99751242	protein-coding		WP_005636939.1	118	QWU49_RS09545
NZ_CP129143.1	2472530	2473159		plus	DUF4141 domain-containing protein		99751243	protein-coding		WP_005656895.1	209	QWU49_RS09550
NZ_CP129143.1	2473162	2474175		plus	conjugative transposon protein TraJ	traJ	99751244	protein-coding		WP_005656893.1	337	QWU49_RS09555
NZ_CP129143.1	2474298	2474921		plus	conjugative transposon protein TraK	traK	99751245	protein-coding		WP_005636947.1	207	QWU49_RS09560
NZ_CP129143.1	2474918	2475217		plus	TraL conjugative transposon family protein		99751246	protein-coding		WP_005828724.1	99	QWU49_RS09565
NZ_CP129143.1	2475168	2476475		plus	conjugative transposon protein TraM	traM	99751247	protein-coding		WP_005828723.1	435	QWU49_RS09570
NZ_CP129143.1	2476525	2477439		plus	conjugative transposon protein TraN	traN	99751248	protein-coding		WP_005828721.1	304	QWU49_RS09575
NZ_CP129143.1	2477436	2478023		plus	conjugal transfer protein TraO		99751249	protein-coding		WP_005828719.1	195	QWU49_RS09580
NZ_CP129143.1	2478045	2478506		plus	DUF3872 domain-containing protein		99751250	protein-coding		WP_005828717.1	153	QWU49_RS09585
NZ_CP129143.1	2478503	2478982		plus	glycoside hydrolase family protein		99751251	protein-coding		WP_005828716.1	159	QWU49_RS09590
NZ_CP129143.1	2479051	2480205		minus	hypothetical protein		99751252	protein-coding		WP_005828713.1	384	QWU49_RS09595
NZ_CP129143.1	2480234	2481115		minus	hypothetical protein		99751253	protein-coding		WP_005828711.1	293	QWU49_RS09600
NZ_CP129143.1	2481128	2482363		minus	hypothetical protein		99751254	protein-coding		WP_005636598.1	411	QWU49_RS09605
NZ_CP129143.1	2482396	2483136		minus	N-6 DNA methylase		99751255	protein-coding		WP_005636600.1	246	QWU49_RS09610
NZ_CP129143.1	2483123	2483944		minus	DUF4121 family protein		99751256	protein-coding		WP_005636601.1	273	QWU49_RS09615
NZ_CP129143.1	2483931	2484209		minus	hypothetical protein		99751257	protein-coding		WP_005636603.1	92	QWU49_RS09620
NZ_CP129143.1	2484491	2484781		minus	DUF4120 family protein		99751258	protein-coding		WP_005942846.1	96	QWU49_RS09625
NZ_CP129143.1	2485112	2485456		plus	hypothetical protein		99751259	protein-coding		WP_005636608.1	114	QWU49_RS09630
NZ_CP129143.1	2485515	2486225		minus	hypothetical protein		99751260	protein-coding		WP_005840921.1	236	QWU49_RS09635
NZ_CP129143.1	2486227	2486928		minus	hypothetical protein		99751261	protein-coding		WP_005636610.1	233	QWU49_RS09640
NZ_CP129143.1	2486939	2487958		minus	LPD29 domain-containing protein		99751262	protein-coding		WP_008778735.1	339	QWU49_RS09645
NZ_CP129143.1	2487972	2488181		minus	hypothetical protein		99751263	protein-coding		WP_005802673.1	69	QWU49_RS09650
NZ_CP129143.1	2488157	2488456		minus	hypothetical protein		99751264	protein-coding		WP_005637786.1	99	QWU49_RS09655
NZ_CP129143.1	2488453	2489052		minus	hypothetical protein		99751265	protein-coding		WP_034525703.1	199	QWU49_RS09660
NZ_CP129143.1	2489100	2489597		minus	uncharacterized gene		99751266	pseudogene				QWU49_RS09665
NZ_CP129143.1	2489648	2489899		minus	hypothetical protein		99751267	protein-coding		WP_005634966.1	83	QWU49_RS09670
NZ_CP129143.1	2489969	2490856		minus	hypothetical protein		99751268	protein-coding		WP_005828696.1	295	QWU49_RS09675
NZ_CP129143.1	2490860	2492002		minus	hypothetical protein		99751269	protein-coding		WP_007851204.1	380	QWU49_RS09680
NZ_CP129143.1	2491987	2492283		minus	hypothetical protein		99751270	protein-coding		WP_005634950.1	98	QWU49_RS09685
NZ_CP129143.1	2492344	2492574		minus	hypothetical protein		99751271	protein-coding		WP_229035968.1	76	QWU49_RS09690
NZ_CP129143.1	2492696	2493103		plus	hypothetical protein		99751272	protein-coding		WP_005828689.1	135	QWU49_RS09695
NZ_CP129143.1	2493616	2494852		plus	uncharacterized gene		99751273	pseudogene				QWU49_RS09700
NZ_CP129143.1	2494950	2496131		minus	uncharacterized gene		99751274	pseudogene				QWU49_RS09705
NZ_CP129143.1	2496399	2497766		plus	hypothetical protein		99751275	protein-coding		WP_005640468.1	455	QWU49_RS09710
NZ_CP129143.1	2498488	2499777		plus	IS1380-like element ISBvu1 family transposase		99751276	protein-coding		WP_005640453.1	429	QWU49_RS09715
NZ_CP129143.1	2499956	2501191		minus	site-specific integrase		99751277	protein-coding		WP_005864602.1	411	QWU49_RS09720
NZ_CP129143.1	2501654	2501729		minus	tRNA-Phe		99751278	tRNA				QWU49_RS09725
NZ_CP129143.1	2501873	2502922		minus	thiamine-phosphate kinase	thiL	99751279	protein-coding		WP_005828671.1	349	QWU49_RS09730
NZ_CP129143.1	2502929	2503738		minus	purine-nucleoside phosphorylase		99751280	protein-coding		WP_005835556.1	269	QWU49_RS09735
NZ_CP129143.1	2503677	2504807		minus	tetraacyldisaccharide 4'-kinase	lpxK	99751281	protein-coding		WP_005828669.1	376	QWU49_RS09740
NZ_CP129143.1	2504808	2506577		minus	signal peptide peptidase SppA	sppA	99751282	protein-coding		WP_005828668.1	589	QWU49_RS09745
NZ_CP129143.1	2507331	2507600		plus	hypothetical protein		99751283	protein-coding		WP_005828664.1	89	QWU49_RS09750
NZ_CP129143.1	2507857	2509383		plus	16S ribosomal RNA		99751284	rRNA				QWU49_RS09755
NZ_CP129143.1	2509519	2509592		plus	tRNA-Ile		99751285	tRNA				QWU49_RS09760
NZ_CP129143.1	2509683	2509756		plus	tRNA-Ala		99751286	tRNA				QWU49_RS09765
NZ_CP129143.1	2509870	2512749		plus	23S ribosomal RNA		99751287	rRNA				QWU49_RS09770
NZ_CP129143.1	2512822	2512932		plus	5S ribosomal RNA	rrf	99751288	rRNA				QWU49_RS09775
NZ_CP129143.1	2513056	2513292		plus	hypothetical protein		99751289	protein-coding		WP_034523359.1	78	QWU49_RS09780
NZ_CP129143.1	2513659	2515155		plus	2-isopropylmalate synthase		99751290	protein-coding		WP_005826189.1	498	QWU49_RS09785
NZ_CP129143.1	2515198	2516592		plus	3-isopropylmalate dehydratase large subunit	leuC	99751291	protein-coding		WP_005826191.1	464	QWU49_RS09790
NZ_CP129143.1	2516702	2517301		plus	3-isopropylmalate dehydratase small subunit	leuD	99751292	protein-coding		WP_005826193.1	199	QWU49_RS09795
NZ_CP129143.1	2517291	2518832		plus	alpha-isopropylmalate synthase regulatory domain-containing protein		99751293	protein-coding		WP_005826194.1	513	QWU49_RS09800
NZ_CP129143.1	2518845	2519102		plus	hypothetical protein		99751294	protein-coding		WP_005835569.1	85	QWU49_RS09805
NZ_CP129143.1	2519092	2520153		plus	3-isopropylmalate dehydrogenase	leuB	99751295	protein-coding		WP_005826196.1	353	QWU49_RS09810
NZ_CP129143.1	2520563	2521513		plus	cysteine synthase A	cysK	99751296	protein-coding		WP_008663985.1	316	QWU49_RS09815
NZ_CP129143.1	2521529	2522380		plus	tetratricopeptide repeat protein		99751297	protein-coding		WP_005826199.1	283	QWU49_RS09820
NZ_CP129143.1	2522384	2524195		minus	DNA helicase RecQ	recQ	99751298	protein-coding		WP_005826201.1	603	QWU49_RS09825
NZ_CP129143.1	2524477	2524950		plus	helix-turn-helix domain-containing protein		99751299	protein-coding		WP_005826207.1	157	QWU49_RS09830
NZ_CP129143.1	2525052	2527100		plus	dipeptidyl-peptidase 3 family protein		99751300	protein-coding		WP_005826209.1	682	QWU49_RS09835
NZ_CP129143.1	2527107	2527781		plus	DNA alkylation repair protein		99751301	protein-coding		WP_005826212.1	224	QWU49_RS09840
NZ_CP129143.1	2527909	2528397		plus	Fur family transcriptional regulator		99751302	protein-coding		WP_005826214.1	162	QWU49_RS09845
NZ_CP129143.1	2528394	2529665		plus	adenylosuccinate synthase		99751303	protein-coding		WP_005826216.1	423	QWU49_RS09850
NZ_CP129143.1	2529768	2531072		plus	alpha-L-fucosidase		99751304	protein-coding		WP_005826218.1	434	QWU49_RS09855
NZ_CP129143.1	2531214	2531909		plus	zinc metallopeptidase		99751305	protein-coding		WP_005826222.1	231	QWU49_RS09860
NZ_CP129143.1	2532015	2533178		minus	TPR end-of-group domain-containing protein		99751306	protein-coding		WP_034525490.1	387	QWU49_RS09865
NZ_CP129143.1	2533311	2534672		plus	histidine--tRNA ligase	hisS	99751307	protein-coding		WP_005826229.1	453	QWU49_RS09870
NZ_CP129143.1	2534819	2534977		plus	hypothetical protein		99751308	protein-coding		WP_008663974.1	52	QWU49_RS09875
NZ_CP129143.1	2535026	2535787		plus	EFR1 family ferrodoxin		99751309	protein-coding		WP_005826233.1	253	QWU49_RS09880
NZ_CP129143.1	2535757	2536611		minus	bile acid:sodium symporter family protein		99751310	protein-coding		WP_005826236.1	284	QWU49_RS09885
NZ_CP129143.1	2536795	2537067		plus	co-chaperone GroES		99751311	protein-coding		WP_004290132.1	90	QWU49_RS09890
NZ_CP129143.1	2537105	2538742		plus	chaperonin GroEL	groL	99751312	protein-coding		WP_005826239.1	545	QWU49_RS09895
NZ_CP129143.1	2538997	2539215		plus	winged helix-turn-helix domain-containing protein		99751313	protein-coding		WP_005826242.1	72	QWU49_RS09900
NZ_CP129143.1	2539371	2540390		plus	threonine aldolase family protein		99751314	protein-coding		WP_034525502.1	339	QWU49_RS09905
NZ_CP129143.1	2540562	2543072		minus	glycoside hydrolase family 9 protein		99751315	protein-coding		WP_005826249.1	836	QWU49_RS09910
NZ_CP129143.1	2543381	2544349		plus	DnaJ C-terminal domain-containing protein		99751316	protein-coding		WP_005826253.1	322	QWU49_RS09915
NZ_CP129143.1	2544367	2544660		plus	chaperone modulator CbpM		99751317	protein-coding		WP_009036538.1	97	QWU49_RS09920
NZ_CP129143.1	2544850	2546064		minus	IS256 family transposase		99751318	protein-coding		WP_005826255.1	404	QWU49_RS09925
NZ_CP129143.1	2546190	2547896		minus	acyl-CoA dehydrogenase family protein		99751319	protein-coding		WP_005826256.1	568	QWU49_RS09930
NZ_CP129143.1	2547907	2548728		minus	energy transducer TonB		99751320	protein-coding		WP_005826257.1	273	QWU49_RS09935
NZ_CP129143.1	2548743	2549762		minus	electron transfer flavoprotein subunit alpha/FixB family protein		99751321	protein-coding		WP_005826260.1	339	QWU49_RS09940
NZ_CP129143.1	2549767	2550660		minus	electron transfer flavoprotein subunit beta/FixA family protein		99751322	protein-coding		WP_005826262.1	297	QWU49_RS09945
NZ_CP129143.1	2550997	2552757		plus	1-deoxy-D-xylulose-5-phosphate synthase		99751323	protein-coding		WP_005826266.1	586	QWU49_RS09950
NZ_CP129143.1	2552802	2554001		minus	aminopeptidase C		99751324	protein-coding		WP_034525503.1	399	QWU49_RS09955
NZ_CP129143.1	2554097	2554948		plus	patatin-like phospholipase family protein		99751325	protein-coding		WP_008663962.1	283	QWU49_RS09960
NZ_CP129143.1	2555207	2558278		plus	SusC/RagA family TonB-linked outer membrane protein		99751326	protein-coding		WP_008663961.1	1023	QWU49_RS09965
NZ_CP129143.1	2558298	2560082		plus	RagB/SusD family nutrient uptake outer membrane protein		99751327	protein-coding		WP_005826276.1	594	QWU49_RS09970
NZ_CP129143.1	2560156	2562291		plus	glycoside hydrolase family 32 protein		99751328	protein-coding		WP_005826278.1	711	QWU49_RS09975
NZ_CP129143.1	2562291	2563775		plus	glycoside hydrolase family 32 protein		99751329	protein-coding		WP_005826280.1	494	QWU49_RS09980
NZ_CP129143.1	2563811	2565844		plus	glycoside hydrolase family 172 protein		99751330	protein-coding		WP_227212870.1	677	QWU49_RS09985
NZ_CP129143.1	2565849	2568029		plus	glycoside hydrolase family 32 protein		99751331	protein-coding		WP_005826283.1	726	QWU49_RS09990
NZ_CP129143.1	2568163	2569977		plus	GH32 C-terminal domain-containing protein		99751332	protein-coding		WP_005826284.1	604	QWU49_RS09995
NZ_CP129143.1	2569996	2571162		plus	MFS transporter		99751333	protein-coding		WP_005826285.1	388	QWU49_RS10000
NZ_CP129143.1	2571418	2572305		plus	carbohydrate kinase family protein		99751334	protein-coding		WP_005826288.1	295	QWU49_RS10005
NZ_CP129143.1	2572377	2575136		plus	hybrid sensor histidine kinase/response regulator transcription factor		99751335	protein-coding		WP_005826289.1	919	QWU49_RS10010
NZ_CP129143.1	2575199	2575387		minus	hypothetical protein		99751336	protein-coding		WP_005826290.1	62	QWU49_RS10015
NZ_CP129143.1	2575478	2579035		minus	pyruvate:ferredoxin (flavodoxin) oxidoreductase	nifJ	99751337	protein-coding		WP_005826291.1	1185	QWU49_RS10020
NZ_CP129143.1	2579077	2580255		minus	ATP-binding protein		99751338	protein-coding		WP_005826292.1	392	QWU49_RS10025
NZ_CP129143.1	2580384	2581592		plus	hypothetical protein		99751339	protein-coding		WP_005826294.1	402	QWU49_RS10030
NZ_CP129143.1	2581576	2583033		minus	glycoside hydrolase family 10 protein		99751340	protein-coding		WP_227239016.1	485	QWU49_RS10035
NZ_CP129143.1	2583156	2584586		plus	carbon starvation protein A		99751341	protein-coding		WP_005826296.1	476	QWU49_RS10040
NZ_CP129143.1	2584586	2584807		plus	hypothetical protein		99751342	protein-coding		WP_005826297.1	73	QWU49_RS10045
NZ_CP129143.1	2584833	2585321		plus	outer membrane beta-barrel protein		99751343	protein-coding		WP_005826298.1	162	QWU49_RS10050
NZ_CP129143.1	2585445	2585753		minus	HigA family addiction module antitoxin		99751344	protein-coding		WP_172679934.1	102	QWU49_RS10055
NZ_CP129143.1	2585762	2586079		minus	type II toxin-antitoxin system RelE/ParE family toxin		99751345	protein-coding		WP_005826303.1	105	QWU49_RS10060
NZ_CP129143.1	2586272	2587450		plus	energy transducer TonB		99751346	protein-coding		WP_034525492.1	392	QWU49_RS10065
NZ_CP129143.1	2587551	2590334		minus	excinuclease ABC subunit UvrA	uvrA	99751347	protein-coding		WP_005826305.1	927	QWU49_RS10070
NZ_CP129143.1	2590519	2592468		plus	sensor histidine kinase		99751348	protein-coding		WP_005826306.1	649	QWU49_RS10075
NZ_CP129143.1	2592509	2594020		plus	glycoside hydrolase family 10 protein		99751349	protein-coding		WP_034525493.1	503	QWU49_RS10080
NZ_CP129143.1	2594073	2594642		minus	chromate transporter		99751350	protein-coding		WP_005826308.1	189	QWU49_RS10085
NZ_CP129143.1	2594706	2595248		minus	chromate transporter		99751351	protein-coding		WP_005826309.1	180	QWU49_RS10090
NZ_CP129143.1	2595266	2599309		minus	hybrid sensor histidine kinase/response regulator transcription factor		99751352	protein-coding		WP_034525494.1	1347	QWU49_RS10095
NZ_CP129143.1	2599480	2603184		minus	phosphoribosylformylglycinamidine synthase	purL	99751353	protein-coding		WP_005826312.1	1234	QWU49_RS10100
NZ_CP129143.1	2603373	2605625		minus	family 20 glycosylhydrolase		99751354	protein-coding		WP_005826314.1	750	QWU49_RS10105
NZ_CP129143.1	2605766	2606419		plus	LysE family translocator		99751355	protein-coding		WP_005826316.1	217	QWU49_RS10110
NZ_CP129143.1	2606457	2607002		plus	DUF4924 family protein		99751356	protein-coding		WP_005826317.1	181	QWU49_RS10115
NZ_CP129143.1	2607063	2607917		plus	dTDP-4-dehydrorhamnose reductase	rfbD	99751357	protein-coding		WP_005826319.1	284	QWU49_RS10120
NZ_CP129143.1	2607939	2609513		plus	peptide chain release factor 3		99751358	protein-coding		WP_005826320.1	524	QWU49_RS10125
NZ_CP129143.1	2609735	2609869		plus	hypothetical protein		99751359	protein-coding		WP_005826323.1	44	QWU49_RS10130
NZ_CP129143.1	2610321	2610812		plus	HU family DNA-binding protein		99751360	protein-coding		WP_005826325.1	163	QWU49_RS10135
NZ_CP129143.1	2611005	2611262		plus	OadG family protein		99751361	protein-coding		WP_005826326.1	85	QWU49_RS10140
NZ_CP129143.1	2611302	2613140		plus	biotin/lipoyl-containing protein		99751362	protein-coding		WP_005826327.1	612	QWU49_RS10145
NZ_CP129143.1	2613140	2614375		plus	sodium ion-translocating decarboxylase subunit beta		99751363	protein-coding		WP_005826328.1	411	QWU49_RS10150
NZ_CP129143.1	2614465	2615739		minus	TolC family protein		99751364	protein-coding		WP_005826330.1	424	QWU49_RS10155
NZ_CP129143.1	2615774	2618803		minus	efflux RND transporter permease subunit		99751365	protein-coding		WP_005826331.1	1009	QWU49_RS10160
NZ_CP129143.1	2618854	2619906		minus	efflux RND transporter periplasmic adaptor subunit		99751366	protein-coding		WP_005826332.1	350	QWU49_RS10165
NZ_CP129143.1	2620064	2622382		minus	family 65 glycosyl hydrolase domain-containing protein		99751367	protein-coding		WP_005826334.1	772	QWU49_RS10170
NZ_CP129143.1	2622607	2623974		minus	MFS transporter		99751368	protein-coding		WP_005826335.1	455	QWU49_RS10175
NZ_CP129143.1	2623994	2624998		minus	LacI family DNA-binding transcriptional regulator		99751369	protein-coding		WP_005826336.1	334	QWU49_RS10180
NZ_CP129143.1	2625214	2626389		plus	glycoside hydrolase family 53 protein		99751370	protein-coding		WP_034525496.1	391	QWU49_RS10185
NZ_CP129143.1	2626418	2628895		plus	glycoside hydrolase family 2 TIM barrel-domain containing protein		99751371	protein-coding		WP_005826340.1	825	QWU49_RS10190
NZ_CP129143.1	2629615	2632617		plus	SusC/RagA family TonB-linked outer membrane protein		99751372	protein-coding		WP_005826345.1	1000	QWU49_RS10195
NZ_CP129143.1	2632629	2634248		plus	RagB/SusD family nutrient uptake outer membrane protein		99751373	protein-coding		WP_005826347.1	539	QWU49_RS10200
NZ_CP129143.1	2634273	2635883		plus	SusE domain-containing protein		99751374	protein-coding		WP_008663879.1	536	QWU49_RS10205
NZ_CP129143.1	2635966	2637291		plus	alpha-amylase family glycosyl hydrolase		99751375	protein-coding		WP_005826350.1	441	QWU49_RS10210
NZ_CP129143.1	2637468	2640047		plus	alpha-amylase family glycosyl hydrolase		99751376	protein-coding		WP_005826351.1	859	QWU49_RS10215
NZ_CP129143.1	2640060	2641043		minus	GNAT family N-acetyltransferase		99751377	protein-coding		WP_034525497.1	327	QWU49_RS10220
NZ_CP129143.1	2641146	2642426		plus	DUF4026 domain-containing protein		99751378	protein-coding		WP_074668519.1	426	QWU49_RS10225
NZ_CP129143.1	2642520	2643056		plus	nitroreductase family protein		99751379	protein-coding		WP_005826354.1	178	QWU49_RS10230
NZ_CP129143.1	2643059	2643394		plus	hypothetical protein		99751380	protein-coding		WP_005826356.1	111	QWU49_RS10235
NZ_CP129143.1	2643399	2644196		plus	Rossmann-like and DUF2520 domain-containing protein		99751381	protein-coding		WP_005826357.1	265	QWU49_RS10240
NZ_CP129143.1	2644276	2644806		plus	KdsC family phosphatase		99751382	protein-coding		WP_005826358.1	176	QWU49_RS10245
NZ_CP129143.1	2644853	2645434		plus	Maf-like protein		99751383	protein-coding		WP_008663872.1	193	QWU49_RS10250
NZ_CP129143.1	2645431	2647623		minus	tetratricopeptide repeat protein		99751384	protein-coding		WP_005826360.1	730	QWU49_RS10255
NZ_CP129143.1	2647705	2648730		minus	porin		99751385	protein-coding		WP_005826362.1	341	QWU49_RS10260
NZ_CP129143.1	2648805	2650064		minus	phosphoglycerate kinase		99751386	protein-coding		WP_085929901.1	419	QWU49_RS10265
NZ_CP129143.1	2650153	2650827		minus	endonuclease III	nth	99751387	protein-coding		WP_005826369.1	224	QWU49_RS10270
NZ_CP129143.1	2650824	2652020		minus	MFS transporter		99751388	protein-coding		WP_005826370.1	398	QWU49_RS10275
NZ_CP129143.1	2652127	2653161		minus	phenylalanine--tRNA ligase subunit alpha	pheS	99751389	protein-coding		WP_005826371.1	344	QWU49_RS10280
NZ_CP129143.1	2653518	2656160		plus	zinc-dependent metalloprotease		99751390	protein-coding		WP_034525498.1	880	QWU49_RS10285
NZ_CP129143.1	2656204	2659497		plus	SusC/RagA family TonB-linked outer membrane protein		99751391	protein-coding		WP_005826375.1	1097	QWU49_RS10290
NZ_CP129143.1	2659517	2660854		plus	RagB/SusD family nutrient uptake outer membrane protein		99751392	protein-coding		WP_005826376.1	445	QWU49_RS10295
NZ_CP129143.1	2660972	2662168		plus	MFS transporter		99751393	protein-coding		WP_005826377.1	398	QWU49_RS10300
NZ_CP129143.1	2662096	2663018		minus	uncharacterized gene		99751394	pseudogene				QWU49_RS10305
NZ_CP129143.1	2663113	2663186		minus	tRNA-Ala		99751395	tRNA				QWU49_RS10310
NZ_CP129143.1	2663290	2663595		plus	DUF4286 family protein		99751396	protein-coding		WP_005826379.1	101	QWU49_RS10315
NZ_CP129143.1	2663592	2664161		plus	crossover junction endodeoxyribonuclease RuvC	ruvC	99751397	protein-coding		WP_005826381.1	189	QWU49_RS10320
NZ_CP129143.1	2664196	2666193		plus	type I pullulanase	pulA	99751398	protein-coding		WP_005826382.1	665	QWU49_RS10325
NZ_CP129143.1	2666204	2667676		plus	ATP-binding cassette domain-containing protein		99751399	protein-coding		WP_034525505.1	490	QWU49_RS10330
NZ_CP129143.1	2667780	2668436		plus	fructose-6-phosphate aldolase	fsa	99751400	protein-coding		WP_005826385.1	218	QWU49_RS10335
NZ_CP129143.1	2668552	2670450		plus	LTA synthase family protein		99751401	protein-coding		WP_005826386.1	632	QWU49_RS10340
NZ_CP129143.1	2670454	2671131		plus	phosphatase PAP2 family protein		99751402	protein-coding		WP_005826387.1	225	QWU49_RS10345
NZ_CP129143.1	2671142	2673739		minus	carboxypeptidase-like regulatory domain-containing protein		99751403	protein-coding		WP_005826388.1	865	QWU49_RS10350
NZ_CP129143.1	2673759	2674625		minus	GLPGLI family protein		99751404	protein-coding		WP_005826389.1	288	QWU49_RS10355
NZ_CP129143.1	2674824	2676278		plus	sensor histidine kinase		99751405	protein-coding		WP_005826390.1	484	QWU49_RS10360
NZ_CP129143.1	2676317	2677000		plus	response regulator transcription factor		99751406	protein-coding		WP_005826392.1	227	QWU49_RS10365
NZ_CP129143.1	2677059	2678228		plus	mechanosensitive ion channel family protein		99751407	protein-coding		WP_034525506.1	389	QWU49_RS10370
NZ_CP129143.1	2678225	2679283		minus	endonuclease/exonuclease/phosphatase family protein		99751408	protein-coding		WP_005826396.1	352	QWU49_RS10375
NZ_CP129143.1	2679323	2680780		minus	aminoacyl-histidine dipeptidase		99751409	protein-coding		WP_005826398.1	485	QWU49_RS10380
NZ_CP129143.1	2681019	2681252		plus	hypothetical protein		99751410	protein-coding		WP_005835814.1	77	QWU49_RS10385
NZ_CP129143.1	2681278	2681880		plus	OmpH family outer membrane protein		99751411	protein-coding		WP_005826401.1	200	QWU49_RS10390
NZ_CP129143.1	2682018	2682788		minus	copper homeostasis protein CutC		99751412	protein-coding		WP_005826404.1	256	QWU49_RS10395
NZ_CP129143.1	2682874	2684412		minus	ribonuclease Y	rny	99751413	protein-coding		WP_005826406.1	512	QWU49_RS10400
NZ_CP129143.1	2684538	2684828		minus	cell division protein ZapA		99751414	protein-coding		WP_005826408.1	96	QWU49_RS10405
NZ_CP129143.1	2684843	2685136		minus	hypothetical protein		99751415	protein-coding		WP_005826410.1	97	QWU49_RS10410
NZ_CP129143.1	2685688	2686062		plus	DUF2141 domain-containing protein		99751416	protein-coding		WP_034525507.1	124	QWU49_RS10415
NZ_CP129143.1	2686075	2686659		plus	hypothetical protein		99751417	protein-coding		WP_005826414.1	194	QWU49_RS10420
NZ_CP129143.1	2686676	2686966		plus	winged helix-turn-helix domain-containing protein		99751418	protein-coding		WP_005826416.1	96	QWU49_RS10425
NZ_CP129143.1	2687125	2687703		plus	MTA/SAH nucleosidase		99751419	protein-coding		WP_005826419.1	192	QWU49_RS10430
NZ_CP129143.1	2687840	2688199		minus	YbaN family protein		99751420	protein-coding		WP_005826420.1	119	QWU49_RS10435
NZ_CP129143.1	2688235	2689107		plus	pyridoxamine kinase		99751421	protein-coding		WP_005826422.1	290	QWU49_RS10440
NZ_CP129143.1	2689123	2689956		plus	phosphodiester glycosidase family protein		99751422	protein-coding		WP_005826424.1	277	QWU49_RS10445
NZ_CP129143.1	2690062	2690394		plus	6-carboxytetrahydropterin synthase QueD	queD	99751423	protein-coding		WP_005826426.1	110	QWU49_RS10450
NZ_CP129143.1	2690381	2690926		plus	7-carboxy-7-deazaguanine synthase QueE		99751424	protein-coding		WP_005826427.1	181	QWU49_RS10455
NZ_CP129143.1	2690984	2691056		minus	tRNA-Trp		99751425	tRNA				QWU49_RS10460
NZ_CP129143.1	2691132	2691707		minus	uracil-DNA glycosylase family protein		99751426	protein-coding		WP_016273281.1	191	QWU49_RS10465
NZ_CP129143.1	2691762	2693858		minus	KamA family radical SAM protein		99751427	protein-coding		WP_005826438.1	698	QWU49_RS10470
NZ_CP129143.1	2694022	2694648		minus	hypothetical protein		99751428	protein-coding		WP_005826441.1	208	QWU49_RS10475
NZ_CP129143.1	2694735	2696123		minus	alanine/glycine:cation symporter family protein		99751429	protein-coding		WP_005826443.1	462	QWU49_RS10480
NZ_CP129143.1	2696346	2696987		minus	helix-turn-helix domain-containing protein		99751430	protein-coding		WP_005826445.1	213	QWU49_RS10485
NZ_CP129143.1	2697137	2697313		plus	histone H1		99751431	protein-coding		WP_005826447.1	58	QWU49_RS10490
NZ_CP129143.1	2697408	2698673		plus	putative DNA modification/repair radical SAM protein		99751432	protein-coding		WP_034525508.1	421	QWU49_RS10495
NZ_CP129143.1	2698670	2699443		plus	TIGR03915 family putative DNA repair protein		99751433	protein-coding		WP_005826450.1	257	QWU49_RS10500
NZ_CP129143.1	2699450	2700118		minus	MgtC/SapB family protein		99751434	protein-coding		WP_009036622.1	222	QWU49_RS10505
NZ_CP129143.1	2700144	2701124		minus	lytic transglycosylase domain-containing protein		99751435	protein-coding		WP_005826452.1	326	QWU49_RS10510
NZ_CP129143.1	2701167	2701892		minus	SDR family NAD(P)-dependent oxidoreductase		99751436	protein-coding		WP_005826453.1	241	QWU49_RS10515
NZ_CP129143.1	2701905	2702315		minus	secondary thiamine-phosphate synthase enzyme YjbQ		99751437	protein-coding		WP_005826454.1	136	QWU49_RS10520
NZ_CP129143.1	2702339	2704210		minus	PAS domain-containing sensor histidine kinase		99751438	protein-coding		WP_005826457.1	623	QWU49_RS10525
NZ_CP129143.1	2704423	2705169		plus	SGNH/GDSL hydrolase family protein		99751439	protein-coding		WP_005826460.1	248	QWU49_RS10530
NZ_CP129143.1	2705192	2705656		plus	MaoC family dehydratase		99751440	protein-coding		WP_005826461.1	154	QWU49_RS10535
NZ_CP129143.1	2705659	2705865		plus	hypothetical protein		99751441	protein-coding		WP_005826462.1	68	QWU49_RS10540
NZ_CP129143.1	2705811	2706167		minus	nitrous oxide-stimulated promoter family protein		99751442	protein-coding		WP_034525499.1	118	QWU49_RS10545
NZ_CP129143.1	2706170	2706448		minus	zinc ribbon domain-containing protein		99751443	protein-coding		WP_005826465.1	92	QWU49_RS10550
NZ_CP129143.1	2706485	2706943		minus	GNAT family N-acetyltransferase		99751444	protein-coding		WP_005826468.1	152	QWU49_RS10555
NZ_CP129143.1	2707089	2707571		plus	PepSY-like domain-containing protein		99751445	protein-coding		WP_005826470.1	160	QWU49_RS10560
NZ_CP129143.1	2707630	2707947		plus	MGMT family protein		99751446	protein-coding		WP_005826471.1	105	QWU49_RS10565
NZ_CP129143.1	2707952	2708794		plus	deoxyribonuclease IV	nfo	99751447	protein-coding		WP_005826472.1	280	QWU49_RS10570
NZ_CP129143.1	2708799	2709188		minus	VOC family protein		99751448	protein-coding		WP_005826473.1	129	QWU49_RS10575
NZ_CP129143.1	2709201	2709671		minus	GNAT family N-acetyltransferase		99751449	protein-coding		WP_005826474.1	156	QWU49_RS10580
NZ_CP129143.1	2709710	2711338		minus	RluA family pseudouridine synthase		99751450	protein-coding		WP_165852961.1	542	QWU49_RS10585
NZ_CP129143.1	2711790	2711982		plus	uncharacterized gene		99751451	pseudogene				QWU49_RS10590
NZ_CP129143.1	2712046	2713386		plus	sensor histidine kinase		99751452	protein-coding		WP_005826479.1	446	QWU49_RS10595
NZ_CP129143.1	2713445	2714302		plus	MBL fold metallo-hydrolase		99751453	protein-coding		WP_005826480.1	285	QWU49_RS10600
NZ_CP129143.1	2714393	2715043		minus	leucyl/phenylalanyl-tRNA--protein transferase	aat	99751454	protein-coding		WP_005826481.1	216	QWU49_RS10605
NZ_CP129143.1	2715048	2717288		minus	AAA family ATPase		99751455	protein-coding		WP_005826482.1	746	QWU49_RS10610
NZ_CP129143.1	2717301	2717612		minus	ATP-dependent Clp protease adaptor ClpS		99751456	protein-coding		WP_005826483.1	103	QWU49_RS10615
NZ_CP129143.1	2717645	2718334		minus	hypothetical protein		99751457	protein-coding		WP_005826484.1	229	QWU49_RS10620
NZ_CP129143.1	2718377	2719234		minus	SDR family NAD(P)-dependent oxidoreductase		99751458	protein-coding		WP_005826485.1	285	QWU49_RS10625
NZ_CP129143.1	2719249	2719395		minus	hypothetical protein		99751459	protein-coding		WP_005826486.1	48	QWU49_RS10630
NZ_CP129143.1	2719466	2719696		minus	hypothetical protein		99751460	protein-coding		WP_005826487.1	76	QWU49_RS10635
NZ_CP129143.1	2719693	2720793		minus	LPO_1073/Vpar_1526 family protein		99751461	protein-coding		WP_005826488.1	366	QWU49_RS10640
NZ_CP129143.1	2720911	2721984		minus	PDDEXK nuclease domain-containing protein		99751462	protein-coding		WP_005826489.1	357	QWU49_RS10645
NZ_CP129143.1	2722511	2722945		minus	DUF6078 family protein		99751463	protein-coding		WP_008663796.1	144	QWU49_RS10650
NZ_CP129143.1	2723106	2723585		minus	copper resistance protein NlpE N-terminal domain-containing protein		99751464	protein-coding		WP_005826499.1	159	QWU49_RS10655
NZ_CP129143.1	2723630	2724922		minus	hemolysin family protein		99751465	protein-coding		WP_005826501.1	430	QWU49_RS10660
NZ_CP129143.1	2725017	2725829		plus	alpha/beta hydrolase		99751466	protein-coding		WP_005826503.1	270	QWU49_RS10665
NZ_CP129143.1	2725838	2726743		minus	DUF4595 domain-containing protein		99751467	protein-coding		WP_034525500.1	301	QWU49_RS10670
NZ_CP129143.1	2726757	2728178		minus	S41 family peptidase		99751468	protein-coding		WP_005826506.1	473	QWU49_RS10675
NZ_CP129143.1	2728363	2729649		plus	O-acetylhomoserine aminocarboxypropyltransferase/cysteine synthase family protein		99751469	protein-coding		WP_005826508.1	428	QWU49_RS10680
NZ_CP129143.1	2729672	2730736		plus	tRNA 2-thiouridine(34) synthase MnmA	mnmA	99751470	protein-coding		WP_005826509.1	354	QWU49_RS10685
NZ_CP129143.1	2730727	2731389		minus	response regulator transcription factor		99751471	protein-coding		WP_005826511.1	220	QWU49_RS10690
NZ_CP129143.1	2731480	2732070		minus	DUF4251 domain-containing protein		99751472	protein-coding		WP_005826513.1	196	QWU49_RS10695
NZ_CP129143.1	2732137	2733573		minus	Na+/H+ antiporter NhaC	nhaC	99751473	protein-coding		WP_005835906.1	478	QWU49_RS10700
NZ_CP129143.1	2733742	2734917		minus	MFS transporter		99751474	protein-coding		WP_005826523.1	391	QWU49_RS10705
NZ_CP129143.1	2735556	2737025		plus	response regulator		99751475	protein-coding		WP_229116677.1	489	QWU49_RS10710
NZ_CP129143.1	2738259	2739332		minus	nucleotidyl transferase AbiEii/AbiGii toxin family protein		99751476	protein-coding		WP_005826901.1	357	QWU49_RS10715
NZ_CP129143.1	2739322	2740131		minus	DUF6577 family protein		99751477	protein-coding		WP_004310962.1	269	QWU49_RS10720
NZ_CP129143.1	2741297	2741674		plus	single-stranded DNA-binding protein		99751478	protein-coding		WP_004309321.1	125	QWU49_RS10725
NZ_CP129143.1	2741985	2742335		plus	hypothetical protein		99751479	protein-coding		WP_009275648.1	116	QWU49_RS10730
NZ_CP129143.1	2742355	2742942		plus	hypothetical protein		99751480	protein-coding		WP_005826889.1	195	QWU49_RS10735
NZ_CP129143.1	2743326	2744078		plus	ParA family protein		99751481	protein-coding		WP_004309323.1	250	QWU49_RS10740
NZ_CP129143.1	2744084	2744431		plus	hypothetical protein		99751482	protein-coding		WP_004309324.1	115	QWU49_RS10745
NZ_CP129143.1	2744549	2745061		plus	hypothetical protein		99751483	protein-coding		WP_004309325.1	170	QWU49_RS10750
NZ_CP129143.1	2745612	2746244		plus	hypothetical protein		99751484	protein-coding		WP_004309326.1	210	QWU49_RS10755
NZ_CP129143.1	2746966	2747286		plus	helix-turn-helix domain-containing protein		99751485	protein-coding		WP_004300590.1	106	QWU49_RS10760
NZ_CP129143.1	2747404	2748777		plus	ATP-binding protein		99751486	protein-coding		WP_025813877.1	457	QWU49_RS10765
NZ_CP129143.1	2748814	2750307		plus	type I restriction-modification system subunit M		99751487	protein-coding		WP_004300588.1	497	QWU49_RS10770
NZ_CP129143.1	2750313	2751845		plus	type I restriction-modification system subunit M		99751488	protein-coding		WP_004300587.1	510	QWU49_RS10775
NZ_CP129143.1	2751838	2752968		plus	restriction endonuclease subunit S		99751489	protein-coding		WP_004300586.1	376	QWU49_RS10780
NZ_CP129143.1	2753026	2754009		plus	site-specific tyrosine recombinase/integron integrase	xerA	99751490	protein-coding		WP_004300585.1	327	QWU49_RS10785
NZ_CP129143.1	2754011	2755168		plus	restriction endonuclease subunit S		99751491	protein-coding		WP_005826882.1	385	QWU49_RS10790
NZ_CP129143.1	2755201	2758131		plus	type I restriction endonuclease subunit R		99751492	protein-coding		WP_004300583.1	976	QWU49_RS10795
NZ_CP129143.1	2758155	2759975		plus	GmrSD restriction endonuclease domain-containing protein		99751493	protein-coding		WP_004300582.1	606	QWU49_RS10800
NZ_CP129143.1	2760029	2763648		plus	uncharacterized gene		99751494	pseudogene				QWU49_RS10805
NZ_CP129143.1	2763769	2764296		minus	hypothetical protein		99751495	protein-coding		WP_034525518.1	175	QWU49_RS10810
NZ_CP129143.1	2764313	2765524		minus	hypothetical protein		99751496	protein-coding		WP_004300579.1	403	QWU49_RS10815
NZ_CP129143.1	2765521	2765940		minus	plasmid mobilization protein		99751497	protein-coding		WP_032855182.1	139	QWU49_RS10820
NZ_CP129143.1	2766255	2767325		minus	AAA family ATPase		99751498	protein-coding		WP_004300576.1	356	QWU49_RS10825
NZ_CP129143.1	2767328	2767702		minus	helix-turn-helix domain-containing protein		99751499	protein-coding		WP_004300575.1	124	QWU49_RS10830
NZ_CP129143.1	2767802	2768575		minus	hypothetical protein		99751500	protein-coding		WP_004300574.1	257	QWU49_RS10835
NZ_CP129143.1	2768743	2769858		minus	tyrosine-type recombinase/integrase		99751501	protein-coding		WP_032855155.1	371	QWU49_RS10840
NZ_CP129143.1	2769976	2770854		minus	helix-turn-helix domain-containing protein		99751502	protein-coding		WP_004300570.1	292	QWU49_RS10845
NZ_CP129143.1	2771126	2772520		minus	tRNA uridine-5-carboxymethylaminomethyl(34) synthesis GTPase MnmE	mnmE	99751503	protein-coding		WP_005826869.1	464	QWU49_RS10850
NZ_CP129143.1	2772802	2773680		minus	nucleoside phosphorylase		99751504	protein-coding		WP_008663776.1	292	QWU49_RS10855
NZ_CP129143.1	2773774	2774775		minus	flotillin-like protein FloA	floA	99751505	protein-coding		WP_005826863.1	333	QWU49_RS10860
NZ_CP129143.1	2774827	2775297		minus	NfeD family protein		99751506	protein-coding		WP_005826862.1	156	QWU49_RS10865
NZ_CP129143.1	2775306	2776736		minus	tetratricopeptide repeat protein		99751507	protein-coding		WP_005826860.1	476	QWU49_RS10870
NZ_CP129143.1	2776902	2777651		plus	ATP-binding protein		99751508	protein-coding		WP_005826857.1	249	QWU49_RS10875
NZ_CP129143.1	2777673	2778041		plus	DMT family protein		99751509	protein-coding		WP_005826856.1	122	QWU49_RS10880
NZ_CP129143.1	2778063	2779079		minus	FAD:protein FMN transferase		99751510	protein-coding		WP_005826854.1	338	QWU49_RS10885
NZ_CP129143.1	2779106	2779684		minus	manganese efflux pump MntP family protein		99751511	protein-coding		WP_005826852.1	192	QWU49_RS10890
NZ_CP129143.1	2779692	2780459		minus	DUF6048 family protein		99751512	protein-coding		WP_009036778.1	255	QWU49_RS10895
NZ_CP129143.1	2780428	2780913		minus	DUF6452 family protein		99751513	protein-coding		WP_005826848.1	161	QWU49_RS10900
NZ_CP129143.1	2780916	2781869		minus	glycosyltransferase family 2 protein		99751514	protein-coding		WP_005826846.1	317	QWU49_RS10905
NZ_CP129143.1	2781924	2782469		minus	DUF4199 domain-containing protein		99751515	protein-coding		WP_005826844.1	181	QWU49_RS10910
NZ_CP129143.1	2782617	2782690		minus	tRNA-Thr		99751516	tRNA				QWU49_RS10915
NZ_CP129143.1	2783229	2786120		plus	triple tyrosine motif-containing protein		99751517	protein-coding		WP_005826840.1	963	QWU49_RS10920
NZ_CP129143.1	2786412	2789615		plus	SusC/RagA family TonB-linked outer membrane protein		99751518	protein-coding		WP_005826839.1	1067	QWU49_RS10925
NZ_CP129143.1	2789634	2791223		plus	RagB/SusD family nutrient uptake outer membrane protein		99751519	protein-coding		WP_005826837.1	529	QWU49_RS10930
NZ_CP129143.1	2791255	2792628		plus	hypothetical protein		99751520	protein-coding		WP_005826835.1	457	QWU49_RS10935
NZ_CP129143.1	2792767	2794128		plus	family 16 glycosylhydrolase		99751521	protein-coding		WP_005826833.1	453	QWU49_RS10940
NZ_CP129143.1	2794217	2795506		plus	glycoside hydrolase family 2 TIM barrel-domain containing protein		99751522	protein-coding		WP_005826831.1	429	QWU49_RS10945
NZ_CP129143.1	2795509	2797761		plus	beta-glucosidase BglX	bglX	99751523	protein-coding		WP_005826828.1	750	QWU49_RS10950
NZ_CP129143.1	2797865	2799154		minus	phosphopyruvate hydratase	eno	99751524	protein-coding		WP_005826824.1	429	QWU49_RS10955
NZ_CP129143.1	2799220	2799888		minus	pentapeptide repeat-containing protein		99751525	protein-coding		WP_005826822.1	222	QWU49_RS10960
NZ_CP129143.1	2799902	2800279		minus	fluoride efflux transporter CrcB	crcB	99751526	protein-coding		WP_005826820.1	125	QWU49_RS10965
NZ_CP129143.1	2801005	2801491		plus	uncharacterized gene		99751527	pseudogene				QWU49_RS10970
NZ_CP129143.1	2801710	2803872		plus	glycoside hydrolase family 97 protein		99751528	protein-coding		WP_005826812.1	720	QWU49_RS10975
NZ_CP129143.1	2804079	2805020		plus	EFR1 family ferrodoxin		99751529	protein-coding		WP_005826810.1	313	QWU49_RS10980
NZ_CP129143.1	2805024	2805830		minus	helix-turn-helix domain-containing protein		99751530	protein-coding		WP_005826809.1	268	QWU49_RS10985
NZ_CP129143.1	2806002	2807414		plus	amidophosphoribosyltransferase		99751531	protein-coding		WP_005826808.1	470	QWU49_RS10990
NZ_CP129143.1	2807611	2808834		plus	peptidase T	pepT	99751532	protein-coding		WP_005826807.1	407	QWU49_RS10995
NZ_CP129143.1	2808866	2809954		plus	glycine cleavage system aminomethyltransferase GcvT	gcvT	99751533	protein-coding		WP_005826806.1	362	QWU49_RS11000
NZ_CP129143.1	2810045	2811568		minus	M48 family metallopeptidase		99751534	protein-coding		WP_005826805.1	507	QWU49_RS11005
NZ_CP129143.1	2811746	2811997		minus	type B 50S ribosomal protein L31		99751535	protein-coding		WP_005835945.1	83	QWU49_RS11010
NZ_CP129143.1	2812186	2813193		plus	endonuclease		99751536	protein-coding		WP_005826801.1	335	QWU49_RS11015
NZ_CP129143.1	2813476	2814486		plus	class II fructose-bisphosphate aldolase		99751537	protein-coding		WP_005826798.1	336	QWU49_RS11020
NZ_CP129143.1	2814957	2816807		minus	glycoside hydrolase family 13 protein		99751538	protein-coding		WP_005826792.1	616	QWU49_RS11025
NZ_CP129143.1	2816918	2818270		minus	tetratricopeptide repeat protein		99751539	protein-coding		WP_005826790.1	450	QWU49_RS11030
NZ_CP129143.1	2818440	2819601		minus	uncharacterized gene		99751540	pseudogene				QWU49_RS11035
NZ_CP129143.1	2819603	2820037		minus	biotin/lipoyl-containing protein		99751541	protein-coding		WP_005826788.1	144	QWU49_RS11040
NZ_CP129143.1	2820061	2820993		minus	OadG family transporter subunit		99751542	protein-coding		WP_008663742.1	310	QWU49_RS11045
NZ_CP129143.1	2821025	2822578		minus	acyl-CoA carboxylase subunit beta		99751543	protein-coding		WP_005826784.1	517	QWU49_RS11050
NZ_CP129143.1	2822637	2823053		minus	methylmalonyl-CoA epimerase	mce	99751544	protein-coding		WP_009036790.1	138	QWU49_RS11055
NZ_CP129143.1	2823343	2824830		plus	TolC family protein		99751545	protein-coding		WP_005826781.1	495	QWU49_RS11060
NZ_CP129143.1	2824974	2826335		plus	sigma-54-dependent transcriptional regulator		99751546	protein-coding		WP_005826779.1	453	QWU49_RS11065
NZ_CP129143.1	2826326	2827639		plus	sensor histidine kinase		99751547	protein-coding		WP_005826777.1	437	QWU49_RS11070
NZ_CP129143.1	2827673	2829307		minus	aspartate 4-decarboxylase	aspD	99751548	protein-coding		WP_034525513.1	544	QWU49_RS11075
NZ_CP129143.1	2829584	2831278		minus	aspartate-alanine antiporter	aspT	99751549	protein-coding		WP_005826770.1	564	QWU49_RS11080
NZ_CP129143.1	2831467	2834004		plus	DUF5686 and carboxypeptidase-like regulatory domain-containing protein		99751550	protein-coding		WP_005826767.1	845	QWU49_RS11085
NZ_CP129143.1	2834112	2835401		plus	inositol-3-phosphate synthase		99751551	protein-coding		WP_034525517.1	429	QWU49_RS11090
NZ_CP129143.1	2835540	2836013		plus	phosphatidylglycerophosphatase A		99751552	protein-coding		WP_005826764.1	157	QWU49_RS11095
NZ_CP129143.1	2835998	2836525		plus	GtrA family protein		99751553	protein-coding		WP_005826761.1	175	QWU49_RS11100
NZ_CP129143.1	2836515	2837168		plus	CDP-alcohol phosphatidyltransferase family protein		99751554	protein-coding		WP_005826758.1	217	QWU49_RS11105
NZ_CP129143.1	2837165	2838097		plus	phosphatase PAP2 family protein		99751555	protein-coding		WP_005826756.1	310	QWU49_RS11110
NZ_CP129143.1	2838106	2839278		plus	iron-containing alcohol dehydrogenase		99751556	protein-coding		WP_005826754.1	390	QWU49_RS11115
NZ_CP129143.1	2839359	2840933		minus	Rne/Rng family ribonuclease		99751557	protein-coding		WP_005826752.1	524	QWU49_RS11120
NZ_CP129143.1	2841169	2841444		minus	HU family DNA-binding protein		99751558	protein-coding		WP_005826750.1	91	QWU49_RS11125
NZ_CP129143.1	2841602	2842642		plus	A/G-specific adenine glycosylase	mutY	99751559	protein-coding		WP_005826748.1	346	QWU49_RS11130
NZ_CP129143.1	2842715	2843170		plus	single-stranded DNA-binding protein		99751560	protein-coding		WP_005826745.1	151	QWU49_RS11135
NZ_CP129143.1	2843194	2844543		plus	gliding motility-associated protein GldE	gldE	99751561	protein-coding		WP_005826743.1	449	QWU49_RS11140
NZ_CP129143.1	2844573	2845202		plus	4'-phosphopantetheinyl transferase family protein		99751562	protein-coding		WP_005826741.1	209	QWU49_RS11145
NZ_CP129143.1	2845208	2846581		minus	tryptophanase		99751563	protein-coding		WP_005826739.1	457	QWU49_RS11150
NZ_CP129143.1	2847383	2849176		minus	sensor histidine kinase		99751564	protein-coding		WP_005826731.1	597	QWU49_RS11155
NZ_CP129143.1	2849151	2849840		minus	response regulator transcription factor		99751565	protein-coding		WP_005826729.1	229	QWU49_RS11160
NZ_CP129143.1	2850128	2851324		plus	hypothetical protein		99751566	protein-coding		WP_005826727.1	398	QWU49_RS11165
NZ_CP129143.1	2852138	2855347		plus	SusC/RagA family TonB-linked outer membrane protein		99751567	protein-coding		WP_005826721.1	1069	QWU49_RS11170
NZ_CP129143.1	2855369	2857216		plus	SusD/RagB family nutrient-binding outer membrane lipoprotein		99751568	protein-coding		WP_005826719.1	615	QWU49_RS11175
NZ_CP129143.1	2857548	2858354		plus	DUF3805 domain-containing protein		99751569	protein-coding		WP_005835988.1	268	QWU49_RS11180
NZ_CP129143.1	2858418	2860307		plus	ABC-F family ATP-binding cassette domain-containing protein		99751570	protein-coding		WP_005826716.1	629	QWU49_RS11185
NZ_CP129143.1	2860352	2861194		plus	histidinol-phosphatase		99751571	protein-coding		WP_034525511.1	280	QWU49_RS11190
NZ_CP129143.1	2861268	2861696		minus	thioredoxin family protein		99751572	protein-coding		WP_005826712.1	142	QWU49_RS11195
NZ_CP129143.1	2861706	2862002		minus	thioredoxin	trxA	99751573	protein-coding		WP_005826711.1	98	QWU49_RS11200
NZ_CP129143.1	2862074	2864233		minus	S46 family peptidase		99751574	protein-coding		WP_005826710.1	719	QWU49_RS11205
NZ_CP129143.1	2864373	2866538		minus	S46 family peptidase		99751575	protein-coding		WP_005826709.1	721	QWU49_RS11210
NZ_CP129143.1	2866591	2867826		minus	anaerobic sulfatase-maturation protein		99751576	protein-coding		WP_005826708.1	411	QWU49_RS11215
NZ_CP129143.1	2867960	2868709		plus	DUF4369 domain-containing protein		99751577	protein-coding		WP_008663699.1	249	QWU49_RS11220
NZ_CP129143.1	2868793	2869551		minus	lysophospholipid acyltransferase family protein		99751578	protein-coding		WP_005826706.1	252	QWU49_RS11225
NZ_CP129143.1	2869601	2870776		minus	metallophosphoesterase		99751579	protein-coding		WP_005826704.1	391	QWU49_RS11230
NZ_CP129143.1	2870764	2871390		minus	hypothetical protein		99751580	protein-coding		WP_005826703.1	208	QWU49_RS11235
NZ_CP129143.1	2871395	2871880		minus	RNA polymerase sigma factor		99751581	protein-coding		WP_005826701.1	161	QWU49_RS11240
NZ_CP129143.1	2872090	2873004		minus	vitamin B12 dependent-methionine synthase activation domain-containing protein		99751582	protein-coding		WP_005826699.1	304	QWU49_RS11245
NZ_CP129143.1	2873038	2874384		minus	dihydroorotase		99751583	protein-coding		WP_005826696.1	448	QWU49_RS11250
NZ_CP129143.1	2874429	2875184		minus	polyprenol monophosphomannose synthase		99751584	protein-coding		WP_005826694.1	251	QWU49_RS11255
NZ_CP129143.1	2875839	2879228		plus	transcription-repair coupling factor	mfd	99751585	protein-coding		WP_005826689.1	1129	QWU49_RS11260
NZ_CP129143.1	2879248	2879892		minus	hypothetical protein		99751586	protein-coding		WP_005826687.1	214	QWU49_RS11265
NZ_CP129143.1	2879928	2881766		minus	YgiQ family radical SAM protein		99751587	protein-coding		WP_005826685.1	612	QWU49_RS11270
NZ_CP129143.1	2881763	2881981		minus	sulfurtransferase TusA family protein		99751588	protein-coding		WP_005826683.1	72	QWU49_RS11275
NZ_CP129143.1	2881982	2882296		minus	hypothetical protein		99751589	protein-coding		WP_005826681.1	104	QWU49_RS11280
NZ_CP129143.1	2882413	2885343		minus	hypothetical protein		99751590	protein-coding		WP_005826679.1	976	QWU49_RS11285
NZ_CP129143.1	2885492	2886370		minus	DUF4886 domain-containing protein		99751591	protein-coding		WP_005826677.1	292	QWU49_RS11290
NZ_CP129143.1	2886540	2888531		minus	glucosamine-6-phosphate deaminase		99751592	protein-coding		WP_395940292.1	663	QWU49_RS11295
NZ_CP129143.1	2889029	2889730		plus	SIMPL domain-containing protein		99751593	protein-coding		WP_005826670.1	233	QWU49_RS11300
NZ_CP129143.1	2889702	2890508		minus	amidohydrolase		99751594	protein-coding		WP_005826667.1	268	QWU49_RS11305
NZ_CP129143.1	2890531	2891085		minus	1-acyl-sn-glycerol-3-phosphate acyltransferase		99751595	protein-coding		WP_005826663.1	184	QWU49_RS11310
NZ_CP129143.1	2891087	2891356		minus	hypothetical protein		99751596	protein-coding		WP_005826660.1	89	QWU49_RS11315
NZ_CP129143.1	2891660	2892934		plus	efflux RND transporter periplasmic adaptor subunit		99751597	protein-coding		WP_005826657.1	424	QWU49_RS11320
NZ_CP129143.1	2892942	2896052		plus	efflux RND transporter permease subunit		99751598	protein-coding		WP_005826654.1	1036	QWU49_RS11325
NZ_CP129143.1	2896070	2897446		plus	efflux transporter outer membrane subunit		99751599	protein-coding		WP_005826651.1	458	QWU49_RS11330
NZ_CP129143.1	2897537	2898034		minus	cold-shock protein		99751600	protein-coding		WP_005826650.1	165	QWU49_RS11335
NZ_CP129143.1	2898114	2898419		minus	RNA recognition motif domain-containing protein		99751601	protein-coding		WP_005826648.1	101	QWU49_RS11340
NZ_CP129143.1	2898727	2900373		plus	diphosphate--fructose-6-phosphate 1-phosphotransferase		99751602	protein-coding		WP_005826644.1	548	QWU49_RS11345
NZ_CP129143.1	2900443	2901315		plus	glycoside hydrolase family 25 protein		99751603	protein-coding		WP_005836022.1	290	QWU49_RS11350
NZ_CP129143.1	2901370	2902212		minus	50S ribosomal protein L11 methyltransferase	prmA	99751604	protein-coding		WP_005826639.1	280	QWU49_RS11355
NZ_CP129143.1	2902494	2903876		plus	hypothetical protein		99751605	protein-coding		WP_005826635.1	460	QWU49_RS11360
NZ_CP129143.1	2903913	2905571		plus	OmpP1/FadL family transporter		99751606	protein-coding		WP_005826631.1	552	QWU49_RS11365
NZ_CP129143.1	2905683	2906588		minus	outer membrane beta-barrel protein		99751607	protein-coding		WP_005826629.1	301	QWU49_RS11370
NZ_CP129143.1	2906609	2907079		minus	DUF4252 domain-containing protein		99751608	protein-coding		WP_005826627.1	156	QWU49_RS11375
NZ_CP129143.1	2907092	2907550		minus	hypothetical protein		99751609	protein-coding		WP_005826626.1	152	QWU49_RS11380
NZ_CP129143.1	2907547	2908071		minus	RNA polymerase sigma factor		99751610	protein-coding		WP_005826624.1	174	QWU49_RS11385
NZ_CP129143.1	2908196	2908753		minus	NADH peroxidase		99751611	protein-coding		WP_005826622.1	185	QWU49_RS11390
NZ_CP129143.1	2908780	2909214		minus	Fur family transcriptional regulator		99751612	protein-coding		WP_005826619.1	144	QWU49_RS11395
NZ_CP129143.1	2909511	2911436		plus	NAD(+) synthase		99751613	protein-coding		WP_005826617.1	641	QWU49_RS11400
NZ_CP129143.1	2911710	2912540		minus	transporter substrate-binding domain-containing protein		99751614	protein-coding		WP_005826612.1	276	QWU49_RS11405
NZ_CP129143.1	2912552	2914762		minus	putative porin		99751615	protein-coding		WP_005826610.1	736	QWU49_RS11410
NZ_CP129143.1	2915017	2915562		minus	2-oxoacid:acceptor oxidoreductase family protein		99751616	protein-coding		WP_005826606.1	181	QWU49_RS11415
NZ_CP129143.1	2915585	2916346		minus	thiamine pyrophosphate-dependent enzyme		99751617	protein-coding		WP_005826605.1	253	QWU49_RS11420
NZ_CP129143.1	2916358	2916531		minus	hypothetical protein		99751618	protein-coding		WP_005826603.1	57	QWU49_RS11425
NZ_CP129143.1	2916528	2917613		minus	3-methyl-2-oxobutanoate dehydrogenase subunit VorB		99751619	protein-coding		WP_005826601.1	361	QWU49_RS11430
NZ_CP129143.1	2917633	2917860		minus	4Fe-4S dicluster domain-containing protein		99751620	protein-coding		WP_005826600.1	75	QWU49_RS11435
NZ_CP129143.1	2917877	2918152		minus	tetratricopeptide repeat protein		99751621	protein-coding		WP_005826598.1	91	QWU49_RS11440
NZ_CP129143.1	2918328	2918765		minus	ribose 5-phosphate isomerase B	rpiB	99751622	protein-coding		WP_005826596.1	145	QWU49_RS11445
NZ_CP129143.1	2918857	2920866		minus	transketolase family protein		99751623	protein-coding		WP_005826595.1	669	QWU49_RS11450
NZ_CP129143.1	2921057	2922601		minus	alpha-N-arabinofuranosidase		99751624	protein-coding		WP_034525510.1	514	QWU49_RS11455
NZ_CP129143.1	2922625	2924223		minus	xylulokinase		99751625	protein-coding		WP_005826589.1	532	QWU49_RS11460
NZ_CP129143.1	2924348	2925856		minus	L-arabinose isomerase	araA	99751626	protein-coding		WP_005826587.1	502	QWU49_RS11465
NZ_CP129143.1	2925895	2926581		minus	L-ribulose-5-phosphate 4-epimerase		99751627	protein-coding		WP_005826585.1	228	QWU49_RS11470
NZ_CP129143.1	2926624	2927301		minus	NUDIX hydrolase		99751628	protein-coding		WP_005826583.1	225	QWU49_RS11475
NZ_CP129143.1	2927361	2929055		minus	sodium:solute symporter		99751629	protein-coding		WP_005826581.1	564	QWU49_RS11480
NZ_CP129143.1	2929083	2930222		minus	aldose epimerase family protein		99751630	protein-coding		WP_008663672.1	379	QWU49_RS11485
NZ_CP129143.1	2930489	2931643		minus	galactokinase	galK	99751631	protein-coding		WP_005826576.1	384	QWU49_RS11490
NZ_CP129143.1	2931693	2933003		minus	sugar MFS transporter		99751632	protein-coding		WP_005826573.1	436	QWU49_RS11495
NZ_CP129143.1	2933046	2934143		minus	aldose epimerase family protein		99751633	protein-coding		WP_034523370.1	365	QWU49_RS11500
NZ_CP129143.1	2934342	2935313		plus	type I phosphomannose isomerase catalytic subunit		99751634	protein-coding		WP_005826571.1	323	QWU49_RS11505
NZ_CP129143.1	2935389	2935649		minus	hypothetical protein		99751635	protein-coding		WP_005826570.1	86	QWU49_RS11510
NZ_CP129143.1	2935662	2936015		minus	phage holin family protein		99751636	protein-coding		WP_005826569.1	117	QWU49_RS11515
NZ_CP129143.1	2936035	2936244		minus	YtxH domain-containing protein		99751637	protein-coding		WP_005826568.1	69	QWU49_RS11520
NZ_CP129143.1	2936338	2937615		minus	DEAD/DEAH box helicase		99751638	protein-coding		WP_005826566.1	425	QWU49_RS11525
NZ_CP129143.1	2937790	2938194		plus	lipocalin-like domain-containing protein		99751639	protein-coding		WP_172685027.1	134	QWU49_RS11530
NZ_CP129143.1	2938243	2938743		plus	SPOR domain-containing protein		99751640	protein-coding		WP_005826564.1	166	QWU49_RS11535
NZ_CP129143.1	2939279	2940103		plus	3'(2'),5'-bisphosphate nucleotidase CysQ	cysQ	99751641	protein-coding		WP_005826562.1	274	QWU49_RS11540
NZ_CP129143.1	2940111	2941664		plus	SLC13 family permease		99751642	protein-coding		WP_005826561.1	517	QWU49_RS11545
NZ_CP129143.1	2941687	2942292		plus	adenylyl-sulfate kinase	cysC	99751643	protein-coding		WP_005826559.1	201	QWU49_RS11550
NZ_CP129143.1	2942299	2943210		plus	sulfate adenylyltransferase subunit CysD	cysD	99751644	protein-coding		WP_005826557.1	303	QWU49_RS11555
NZ_CP129143.1	2943251	2944723		plus	sulfate adenylyltransferase subunit CysN	cysN	99751645	protein-coding		WP_005826555.1	490	QWU49_RS11560
NZ_CP129143.1	2944787	2945893		plus	sulfotransferase family protein		99751646	protein-coding		WP_005826550.1	368	QWU49_RS11565
NZ_CP129143.1	2945919	2946884		plus	PCMD domain-containing protein		99751647	protein-coding		WP_034525516.1	321	QWU49_RS11570
NZ_CP129143.1	2946959	2947711		minus	YjbH domain-containing protein		99751648	protein-coding		WP_034523133.1	250	QWU49_RS11575
NZ_CP129143.1	2947839	2948963		minus	OmpA family protein		99751649	protein-coding		WP_117749940.1	374	QWU49_RS11580
NZ_CP129143.1	2949006	2949923		minus	DUF3869 domain-containing protein		99751650	protein-coding		WP_005827850.1	305	QWU49_RS11585
NZ_CP129143.1	2949937	2950920		minus	uncharacterized gene		99751651	pseudogene				QWU49_RS11590
NZ_CP129143.1	2951376	2951579		minus	hypothetical protein		99751652	protein-coding		WP_225982718.1	67	QWU49_RS11595
NZ_CP129143.1	2951785	2952924		plus	site-specific integrase		99751653	protein-coding		WP_005827858.1	379	QWU49_RS11600
NZ_CP129143.1	2953267	2954514		plus	hypothetical protein		99751654	protein-coding		WP_005836064.1	415	QWU49_RS11605
NZ_CP129143.1	2954528	2955403		plus	DUF3869 domain-containing protein		99751655	protein-coding		WP_005827864.1	291	QWU49_RS11610
NZ_CP129143.1	2955444	2956583		plus	OmpA family protein		99751656	protein-coding		WP_005827866.1	379	QWU49_RS11615
NZ_CP129143.1	2956711	2957463		plus	YjbH domain-containing protein		99751657	protein-coding		WP_034523133.1	250	QWU49_RS11620
NZ_CP129143.1	2957579	2958004		plus	Holliday junction resolvase RuvX	ruvX	99751658	protein-coding		WP_005827870.1	141	QWU49_RS11625
NZ_CP129143.1	2958048	2958605		plus	peptide deformylase	def	99751659	protein-coding		WP_005827872.1	185	QWU49_RS11630
NZ_CP129143.1	2958723	2960783		plus	tetratricopeptide repeat protein		99751660	protein-coding		WP_005827873.1	686	QWU49_RS11635
NZ_CP129143.1	2960863	2962803		plus	threonine--tRNA ligase	thrS	99751661	protein-coding		WP_005827875.1	646	QWU49_RS11640
NZ_CP129143.1	2962924	2963526		plus	translation initiation factor IF-3	infC	99751662	protein-coding		WP_005827878.1	200	QWU49_RS11645
NZ_CP129143.1	2963594	2963791		plus	50S ribosomal protein L35	rpmI	99751663	protein-coding		WP_005827880.1	65	QWU49_RS11650
NZ_CP129143.1	2963892	2964242		plus	50S ribosomal protein L20	rplT	99751664	protein-coding		WP_004289896.1	116	QWU49_RS11655
NZ_CP129143.1	2964781	2966088		minus	phenylacetate--CoA ligase		99751665	protein-coding		WP_005827882.1	435	QWU49_RS11660
NZ_CP129143.1	2966119	2966700		minus	indolepyruvate oxidoreductase subunit beta		99751666	protein-coding		WP_005827884.1	193	QWU49_RS11665
NZ_CP129143.1	2966705	2968297		minus	thiamine pyrophosphate-dependent enzyme		99751667	protein-coding		WP_005827886.1	530	QWU49_RS11670
NZ_CP129143.1	2968374	2969405		minus	endolytic transglycosylase MltG	mltG	99751668	protein-coding		WP_005827888.1	343	QWU49_RS11675
NZ_CP129143.1	2969472	2970383		minus	TolB family protein		99751669	protein-coding		WP_034525590.1	303	QWU49_RS11680
NZ_CP129143.1	2970628	2970795		minus	hypothetical protein		99751670	protein-coding		WP_005827893.1	55	QWU49_RS11685
NZ_CP129143.1	2970909	2971214		minus	hypothetical protein		99751671	protein-coding		WP_005827897.1	101	QWU49_RS11690
NZ_CP129143.1	2971594	2971666		minus	tRNA-Thr		99751672	tRNA				QWU49_RS11695
NZ_CP129143.1	2971866	2973539		plus	SDR family NAD(P)-dependent oxidoreductase		99751673	protein-coding		WP_008662990.1	557	QWU49_RS11700
NZ_CP129143.1	2973680	2976148		plus	SLBB domain-containing protein		99751674	protein-coding		WP_005827906.1	822	QWU49_RS11705
NZ_CP129143.1	2976157	2977263		plus	Wzz/FepE/Etk N-terminal domain-containing protein		99751675	protein-coding		WP_005827908.1	368	QWU49_RS11710
NZ_CP129143.1	2977242	2977589		plus	UpxY family transcription antiterminator		99751676	protein-coding		WP_005827910.1	115	QWU49_RS11715
NZ_CP129143.1	2977589	2978047		plus	WbuC family cupin fold metalloprotein		99751677	protein-coding		WP_008662999.1	152	QWU49_RS11720
NZ_CP129143.1	2978044	2979252		minus	ROK family transcriptional regulator		99751678	protein-coding		WP_005827914.1	402	QWU49_RS11725
NZ_CP129143.1	2979491	2980591		plus	DUF4434 domain-containing protein		99751679	protein-coding		WP_005827916.1	366	QWU49_RS11730
NZ_CP129143.1	2980604	2982004		plus	sugar porter family MFS transporter		99751680	protein-coding		WP_005827917.1	466	QWU49_RS11735
NZ_CP129143.1	2982028	2983203		plus	AGE family epimerase/isomerase		99751681	protein-coding		WP_005827920.1	391	QWU49_RS11740
NZ_CP129143.1	2983231	2986338		plus	SusC/RagA family TonB-linked outer membrane protein		99751682	protein-coding		WP_005827922.1	1035	QWU49_RS11745
NZ_CP129143.1	2986373	2988064		plus	RagB/SusD family nutrient uptake outer membrane protein		99751683	protein-coding		WP_005827924.1	563	QWU49_RS11750
NZ_CP129143.1	2988122	2989222		plus	DUF4838 domain-containing protein		99751684	protein-coding		WP_005827926.1	366	QWU49_RS11755
NZ_CP129143.1	2989299	2989976		plus	hypothetical protein		99751685	protein-coding		WP_005827928.1	225	QWU49_RS11760
NZ_CP129143.1	2990000	2993170		plus	DUF5107 domain-containing protein		99751686	protein-coding		WP_080545837.1	1056	QWU49_RS11765
NZ_CP129143.1	2993206	2996031		plus	DUF4434 domain-containing protein		99751687	protein-coding		WP_005827931.1	941	QWU49_RS11770
NZ_CP129143.1	2996096	2997271		minus	molecular chaperone DnaJ	dnaJ	99751688	protein-coding		WP_005827932.1	391	QWU49_RS11775
NZ_CP129143.1	2997283	2997915		minus	nucleotide exchange factor GrpE		99751689	protein-coding		WP_005827933.1	210	QWU49_RS11780
NZ_CP129143.1	2998137	2999756		plus	ABC-F family ATP-binding cassette domain-containing protein		99751690	protein-coding		WP_005827934.1	539	QWU49_RS11785
NZ_CP129143.1	3000037	3001089		minus	leucine-rich repeat domain-containing protein		99751691	protein-coding		WP_005827936.1	350	QWU49_RS11790
NZ_CP129143.1	3001202	3002098		plus	CPBP family intramembrane glutamic endopeptidase		99751692	protein-coding		WP_005827938.1	298	QWU49_RS11795
NZ_CP129143.1	3002166	3004301		minus	Tex family protein		99751693	protein-coding		WP_034525565.1	711	QWU49_RS11800
NZ_CP129143.1	3004434	3004997		plus	hypothetical protein		99751694	protein-coding		WP_008663017.1	187	QWU49_RS11805
NZ_CP129143.1	3004990	3006900		plus	sensor histidine kinase		99751695	protein-coding		WP_034525596.1	636	QWU49_RS11810
NZ_CP129143.1	3006927	3008672		plus	bifunctional metallophosphatase/5'-nucleotidase		99751696	protein-coding		WP_005827948.1	581	QWU49_RS11815
NZ_CP129143.1	3008718	3009056		plus	hypothetical protein		99751697	protein-coding		WP_034525598.1	112	QWU49_RS11820
NZ_CP129143.1	3009208	3011532		plus	TonB-dependent receptor		99751698	protein-coding		WP_005827955.1	774	QWU49_RS11825
NZ_CP129143.1	3011607	3012485		plus	helix-turn-helix domain-containing protein		99751699	protein-coding		WP_005827957.1	292	QWU49_RS11830
NZ_CP129143.1	3012548	3013309		plus	creatininase family protein		99751700	protein-coding		WP_005827959.1	253	QWU49_RS11835
NZ_CP129143.1	3013497	3013919		minus	BT0820 family HAD-type phosphatase		99751701	protein-coding		WP_005827961.1	140	QWU49_RS11840
NZ_CP129143.1	3013959	3015263		minus	carboxypeptidase-like regulatory domain-containing protein		99751702	protein-coding		WP_172679954.1	434	QWU49_RS11845
NZ_CP129143.1	3015305	3016552		minus	YjbH domain-containing protein		99751703	protein-coding		WP_005827964.1	415	QWU49_RS11850
NZ_CP129143.1	3016594	3017304		minus	YjbH domain-containing protein		99751704	protein-coding		WP_005827966.1	236	QWU49_RS11855
NZ_CP129143.1	3017298	3018407		minus	GDP-mannose 4,6-dehydratase	gmd	99751705	protein-coding		WP_005827968.1	369	QWU49_RS11860
NZ_CP129143.1	3018440	3019159		minus	WecB/TagA/CpsF family glycosyltransferase		99751706	protein-coding		WP_005827970.1	239	QWU49_RS11865
NZ_CP129143.1	3019313	3020413		minus	GDP-L-fucose synthase family protein		99751707	protein-coding		WP_005827972.1	366	QWU49_RS11870
NZ_CP129143.1	3020450	3021568		minus	glycosyltransferase family 4 protein		99751708	protein-coding		WP_005827975.1	372	QWU49_RS11875
NZ_CP129143.1	3021546	3022616		minus	glycosyltransferase family 4 protein		99751709	protein-coding		WP_005827977.1	356	QWU49_RS11880
NZ_CP129143.1	3022629	3023723		minus	glycosyltransferase family 4 protein		99751710	protein-coding		WP_005827979.1	364	QWU49_RS11885
NZ_CP129143.1	3023729	3024730		minus	glycosyltransferase family 2 protein		99751711	protein-coding		WP_005827981.1	333	QWU49_RS11890
NZ_CP129143.1	3024770	3025531		minus	glycosyltransferase family 32 protein		99751712	protein-coding		WP_005827983.1	253	QWU49_RS11895
NZ_CP129143.1	3025536	3025943		minus	serine O-acetyltransferase		99751713	protein-coding		WP_050758074.1	135	QWU49_RS11900
NZ_CP129143.1	3026123	3027130		minus	acyltransferase family protein		99751714	protein-coding		WP_080545838.1	335	QWU49_RS11905
NZ_CP129143.1	3027168	3028067		minus	glycosyltransferase family 2 protein		99751715	protein-coding		WP_005827989.1	299	QWU49_RS11910
NZ_CP129143.1	3028093	3028896		minus	hypothetical protein		99751716	protein-coding		WP_005827991.1	267	QWU49_RS11915
NZ_CP129143.1	3028893	3030041		minus	NAD-dependent epimerase/dehydratase family protein		99751717	protein-coding		WP_005827992.1	382	QWU49_RS11920
NZ_CP129143.1	3030054	3031025		minus	acyltransferase family protein		99751718	protein-coding		WP_005827994.1	323	QWU49_RS11925
NZ_CP129143.1	3031022	3031615		minus	serine acetyltransferase		99751719	protein-coding		WP_005827996.1	197	QWU49_RS11930
NZ_CP129143.1	3031623	3032675		minus	hypothetical protein		99751720	protein-coding		WP_005827999.1	350	QWU49_RS11935
NZ_CP129143.1	3032706	3033689		minus	hypothetical protein		99751721	protein-coding		WP_005828001.1	327	QWU49_RS11940
NZ_CP129143.1	3033914	3035464		minus	hypothetical protein		99751722	protein-coding		WP_005828003.1	516	QWU49_RS11945
NZ_CP129143.1	3035448	3035951		minus	hypothetical protein		99751723	protein-coding		WP_333558369.1	167	QWU49_RS11950
NZ_CP129143.1	3036738	3038075		minus	nucleotide sugar dehydrogenase		99751724	protein-coding		WP_005828007.1	445	QWU49_RS11955
NZ_CP129143.1	3038511	3038666		minus	hypothetical protein		99751725	protein-coding		WP_005828011.1	51	QWU49_RS11960
NZ_CP129143.1	3038807	3040903		plus	BT4734/BF3469 family protein		99751726	protein-coding		WP_034525568.1	698	QWU49_RS11965
NZ_CP129143.1	3040909	3041160		minus	DUF4248 domain-containing protein		99751727	protein-coding		WP_005828017.1	83	QWU49_RS11970
NZ_CP129143.1	3041445	3041984		plus	hypothetical protein		99751728	protein-coding		WP_005828019.1	179	QWU49_RS11975
NZ_CP129143.1	3042076	3042189		plus	smalltalk protein		99751729	protein-coding		WP_005828021.1	37	QWU49_RS11980
NZ_CP129143.1	3042194	3042643		plus	N-acetylmuramoyl-L-alanine amidase		99751730	protein-coding		WP_005828023.1	149	QWU49_RS11985
NZ_CP129143.1	3042633	3043172		minus	UpxY family transcription antiterminator		99751731	protein-coding		WP_005828025.1	179	QWU49_RS11990
NZ_CP129143.1	3043351	3045744		minus	GumC family protein		99751732	protein-coding		WP_005828027.1	797	QWU49_RS11995
NZ_CP129143.1	3045761	3046588		minus	polysaccharide biosynthesis/export family protein		99751733	protein-coding		WP_016273479.1	275	QWU49_RS12000
NZ_CP129143.1	3046627	3048030		minus	undecaprenyl-phosphate glucose phosphotransferase		99751734	protein-coding		WP_005828031.1	467	QWU49_RS12005
NZ_CP129143.1	3048534	3049460		minus	tyrosine-type recombinase/integrase		99751735	protein-coding		WP_034525571.1	308	QWU49_RS12010
NZ_CP129143.1	3049605	3050189		minus	Crp/Fnr family transcriptional regulator		99751736	protein-coding		WP_005828036.1	194	QWU49_RS12015
NZ_CP129143.1	3050277	3051626		minus	MATE family efflux transporter		99751737	protein-coding		WP_005828037.1	449	QWU49_RS12020
NZ_CP129143.1	3051855	3051944		plus	tRNA-Ser		99751738	tRNA				QWU49_RS12025
NZ_CP129143.1	3051948	3052020		plus	tRNA-Lys		99751739	tRNA				QWU49_RS12030
NZ_CP129143.1	3052036	3052107		plus	tRNA-Glu		99751740	tRNA				QWU49_RS12035
NZ_CP129143.1	3052207	3052620		plus	hypothetical protein		99751741	protein-coding		WP_005828038.1	137	QWU49_RS12040
NZ_CP129143.1	3052716	3053363		plus	DedA family protein		99751742	protein-coding		WP_005828039.1	215	QWU49_RS12045
NZ_CP129143.1	3053392	3054039		plus	DUF47 domain-containing protein		99751743	protein-coding		WP_005828040.1	215	QWU49_RS12050
NZ_CP129143.1	3054052	3055065		plus	inorganic phosphate transporter		99751744	protein-coding		WP_005828041.1	337	QWU49_RS12055
NZ_CP129143.1	3055159	3056829		plus	putative transporter		99751745	protein-coding		WP_005828042.1	556	QWU49_RS12060
NZ_CP129143.1	3056884	3058872		plus	fructose-1,6-bisphosphatase		99751746	protein-coding		WP_005828043.1	662	QWU49_RS12065
NZ_CP129143.1	3058874	3060160		minus	LA_2272 family surface repeat-containing protein		99751747	protein-coding		WP_005828044.1	428	QWU49_RS12070
NZ_CP129143.1	3060169	3061716		minus	sulfatase		99751748	protein-coding		WP_005828045.1	515	QWU49_RS12075
NZ_CP129143.1	3061772	3063430		minus	long-chain fatty acid--CoA ligase		99751749	protein-coding		WP_005828046.1	552	QWU49_RS12080
NZ_CP129143.1	3063531	3065498		minus	TonB-dependent receptor		99751750	protein-coding		WP_005828047.1	655	QWU49_RS12085
NZ_CP129143.1	3065519	3066595		minus	GDP-L-fucose synthase family protein		99751751	protein-coding		WP_034525574.1	358	QWU49_RS12090
NZ_CP129143.1	3066622	3067698		minus	GDP-mannose 4,6-dehydratase	gmd	99751752	protein-coding		WP_005828049.1	358	QWU49_RS12095
NZ_CP129143.1	3067773	3068607		minus	uncharacterized gene		99751753	pseudogene				QWU49_RS12100
NZ_CP129143.1	3068736	3070211		plus	decarboxylating NADP(+)-dependent phosphogluconate dehydrogenase	gnd	99751754	protein-coding		WP_034523384.1	491	QWU49_RS12105
NZ_CP129143.1	3070229	3071725		plus	glucose-6-phosphate dehydrogenase	zwf	99751755	protein-coding		WP_034525610.1	498	QWU49_RS12110
NZ_CP129143.1	3071722	3072438		plus	6-phosphogluconolactonase	pgl	99751756	protein-coding		WP_005828055.1	238	QWU49_RS12115
NZ_CP129143.1	3072431	3073474		minus	DUF2776 family protein		99751757	protein-coding		WP_005828056.1	347	QWU49_RS12120
NZ_CP129143.1	3073574	3074218		minus	pyridoxamine 5'-phosphate oxidase	pdxH	99751758	protein-coding		WP_005828057.1	214	QWU49_RS12125
NZ_CP129143.1	3074535	3075221		minus	energy transducer TonB		99751759	protein-coding		WP_005828058.1	228	QWU49_RS12130
NZ_CP129143.1	3075634	3076335		minus	LytR/AlgR family response regulator transcription factor		99751760	protein-coding		WP_005828060.1	233	QWU49_RS12135
NZ_CP129143.1	3076332	3077399		minus	sensor histidine kinase		99751761	protein-coding		WP_005828062.1	355	QWU49_RS12140
NZ_CP129143.1	3077645	3078865		minus	ABC transporter permease		99751762	protein-coding		WP_005828065.1	406	QWU49_RS12145
NZ_CP129143.1	3078919	3079665		minus	ABC transporter ATP-binding protein		99751763	protein-coding		WP_005828066.1	248	QWU49_RS12150
NZ_CP129143.1	3079681	3080910		minus	efflux RND transporter periplasmic adaptor subunit		99751764	protein-coding		WP_005828067.1	409	QWU49_RS12155
NZ_CP129143.1	3080923	3082323		minus	TolC family protein		99751765	protein-coding		WP_005836286.1	466	QWU49_RS12160
NZ_CP129143.1	3082534	3082755		plus	DUF4492 domain-containing protein		99751766	protein-coding		WP_005836288.1	73	QWU49_RS12165
NZ_CP129143.1	3082872	3084446		plus	cytochrome ubiquinol oxidase subunit I		99751767	protein-coding		WP_005828071.1	524	QWU49_RS12170
NZ_CP129143.1	3084474	3085622		plus	cytochrome d ubiquinol oxidase subunit II		99751768	protein-coding		WP_005828073.1	382	QWU49_RS12175
NZ_CP129143.1	3085698	3086402		minus	monofunctional biosynthetic peptidoglycan transglycosylase	mtgA	99751769	protein-coding		WP_005828075.1	234	QWU49_RS12180
NZ_CP129143.1	3086483	3087157		minus	OmpA family protein		99751770	protein-coding		WP_005828077.1	224	QWU49_RS12185
NZ_CP129143.1	3087258	3088586		minus	MATE family efflux transporter		99751771	protein-coding		WP_005828079.1	442	QWU49_RS12190
NZ_CP129143.1	3088619	3089956		minus	ABC transporter substrate-binding protein		99751772	protein-coding		WP_175522695.1	445	QWU49_RS12195
NZ_CP129143.1	3090001	3090792		minus	ABC transporter permease		99751773	protein-coding		WP_005828082.1	263	QWU49_RS12200
NZ_CP129143.1	3090789	3091562		minus	ABC transporter permease		99751774	protein-coding		WP_005828083.1	257	QWU49_RS12205
NZ_CP129143.1	3091579	3092985		minus	polyamine ABC transporter ATP-binding protein	potA	99751775	protein-coding		WP_005828085.1	468	QWU49_RS12210
NZ_CP129143.1	3093199	3093960		plus	SDR family oxidoreductase		99751776	protein-coding		WP_034525612.1	253	QWU49_RS12215
NZ_CP129143.1	3094061	3096265		plus	alpha-galactosidase		99751777	protein-coding		WP_005828091.1	734	QWU49_RS12220
NZ_CP129143.1	3096609	3096681		minus	tRNA-Lys		99751778	tRNA				QWU49_RS12225
NZ_CP129143.1	3096820	3098517		plus	energy-dependent translational throttle protein EttA	ettA	99751779	protein-coding		WP_005828098.1	565	QWU49_RS12230
NZ_CP129143.1	3098742	3101489		plus	TonB-dependent receptor		99751780	protein-coding		WP_005828100.1	915	QWU49_RS12235
NZ_CP129143.1	3101502	3103994		plus	choice-of-anchor J domain-containing protein		99751781	protein-coding		WP_008663142.1	830	QWU49_RS12240
NZ_CP129143.1	3104092	3105381		plus	DNA/RNA non-specific endonuclease		99751782	protein-coding		WP_005828102.1	429	QWU49_RS12245
NZ_CP129143.1	3105529	3106866		plus	DEAD/DEAH box helicase		99751783	protein-coding		WP_005828103.1	445	QWU49_RS12250
NZ_CP129143.1	3107141	3108208		plus	3-phosphoserine/phosphohydroxythreonine transaminase	serC	99751784	protein-coding		WP_005828105.1	355	QWU49_RS12255
NZ_CP129143.1	3108319	3109239		plus	NAD(P)-dependent oxidoreductase		99751785	protein-coding		WP_005828107.1	306	QWU49_RS12260
NZ_CP129143.1	3109343	3110590		plus	DUF1015 domain-containing protein		99751786	protein-coding		WP_005828109.1	415	QWU49_RS12265
NZ_CP129143.1	3110721	3111296		plus	flavodoxin family protein		99751787	protein-coding		WP_005828115.1	191	QWU49_RS12270
NZ_CP129143.1	3111315	3111716		plus	FKBP-type peptidyl-prolyl cis-trans isomerase		99751788	protein-coding		WP_005828117.1	133	QWU49_RS12275
NZ_CP129143.1	3111781	3111963		plus	hypothetical protein		99751789	protein-coding		WP_005828120.1	60	QWU49_RS12280
NZ_CP129143.1	3112073	3113413		plus	MATE family efflux transporter		99751790	protein-coding		WP_005828124.1	446	QWU49_RS12285
NZ_CP129143.1	3113410	3114567		minus	glycerate kinase		99751791	protein-coding		WP_034525615.1	385	QWU49_RS12290
NZ_CP129143.1	3115018	3115749		plus	hypothetical protein		99751792	protein-coding		WP_074668557.1	243	QWU49_RS12295
NZ_CP129143.1	3115999	3116148		plus	hypothetical protein		99751793	protein-coding		WP_005828133.1	49	QWU49_RS12300
NZ_CP129143.1	3116452	3117048		plus	IMPACT family protein		99751794	protein-coding		WP_005828136.1	198	QWU49_RS12305
NZ_CP129143.1	3117206	3118330		plus	HpaII family restriction endonuclease		99751795	protein-coding		WP_005828138.1	374	QWU49_RS12310
NZ_CP129143.1	3118395	3118958		plus	nitroreductase family protein		99751796	protein-coding		WP_005828141.1	187	QWU49_RS12315
NZ_CP129143.1	3119070	3121400		minus	TonB-dependent receptor		99751797	protein-coding		WP_005828142.1	776	QWU49_RS12320
NZ_CP129143.1	3121631	3121999		minus	GntR family transcriptional regulator		99751798	protein-coding		WP_005828145.1	122	QWU49_RS12325
NZ_CP129143.1	3122003	3122797		minus	hypothetical protein		99751799	protein-coding		WP_005828147.1	264	QWU49_RS12330
NZ_CP129143.1	3122794	3123618		minus	ABC transporter ATP-binding protein		99751800	protein-coding		WP_005828149.1	274	QWU49_RS12335
NZ_CP129143.1	3123736	3124398		minus	PAQR family membrane homeostasis protein TrhA	trhA	99751801	protein-coding		WP_005828151.1	220	QWU49_RS12340
NZ_CP129143.1	3124398	3127247		minus	aminomethyl-transferring glycine dehydrogenase	gcvP	99751802	protein-coding		WP_005828153.1	949	QWU49_RS12345
NZ_CP129143.1	3127279	3127917		minus	MBL fold metallo-hydrolase		99751803	protein-coding		WP_005828155.1	212	QWU49_RS12350
NZ_CP129143.1	3127933	3128553		minus	16S rRNA (guanine(527)-N(7))-methyltransferase RsmG	rsmG	99751804	protein-coding		WP_005828157.1	206	QWU49_RS12355
NZ_CP129143.1	3128591	3129457		minus	DUF3298 and DUF4163 domain-containing protein		99751805	protein-coding		WP_005828159.1	288	QWU49_RS12360
NZ_CP129143.1	3129596	3129994		plus	hypothetical protein		99751806	protein-coding		WP_034523146.1	132	QWU49_RS12365
NZ_CP129143.1	3130078	3132294		plus	TonB-dependent receptor		99751807	protein-coding		WP_005828165.1	738	QWU49_RS12370
NZ_CP129143.1	3132323	3132634		plus	heavy-metal-associated domain-containing protein		99751808	protein-coding		WP_005828167.1	103	QWU49_RS12375
NZ_CP129143.1	3132705	3134399		plus	heavy metal translocating P-type ATPase		99751809	protein-coding		WP_005828169.1	564	QWU49_RS12380
NZ_CP129143.1	3134411	3135244		minus	AraC family transcriptional regulator		99751810	protein-coding		WP_005828170.1	277	QWU49_RS12385
NZ_CP129143.1	3135355	3136026		plus	lipoyl(octanoyl) transferase LipB	lipB	99751811	protein-coding		WP_227212744.1	223	QWU49_RS12390
NZ_CP129143.1	3136023	3136613		plus	ACP phosphodiesterase		99751812	protein-coding		WP_005828174.1	196	QWU49_RS12395
NZ_CP129143.1	3136747	3137586		minus	DUF4373 domain-containing protein		99751813	protein-coding		WP_005828176.1	279	QWU49_RS12400
NZ_CP129143.1	3137655	3138002		minus	SH3 beta-barrel fold-containing protein		99751814	protein-coding		WP_005828178.1	115	QWU49_RS12405
NZ_CP129143.1	3139165	3139701		plus	UpxY family transcription antiterminator		99751815	protein-coding		WP_005836355.1	178	QWU49_RS12410
NZ_CP129143.1	3139774	3140262		plus	UpxZ family transcription anti-terminator antagonist		99751816	protein-coding		WP_005828187.1	162	QWU49_RS12415
NZ_CP129143.1	3140432	3141640		plus	UDP-N-acetylglucosamine 4,6-dehydratase		99751817	protein-coding		WP_005828189.1	402	QWU49_RS12420
NZ_CP129143.1	3141691	3142914		plus	LegC family aminotransferase		99751818	protein-coding		WP_005828191.1	407	QWU49_RS12425
NZ_CP129143.1	3142914	3143555		plus	acetyltransferase		99751819	protein-coding		WP_005828193.1	213	QWU49_RS12430
NZ_CP129143.1	3143552	3144391		plus	glycosyltransferase		99751820	protein-coding		WP_005828195.1	279	QWU49_RS12435
NZ_CP129143.1	3144395	3145444		plus	N-acetylneuraminate synthase family protein		99751821	protein-coding		WP_005828197.1	349	QWU49_RS12440
NZ_CP129143.1	3145441	3146127		plus	cytidylyltransferase domain-containing protein		99751822	protein-coding		WP_005828199.1	228	QWU49_RS12445
NZ_CP129143.1	3146707	3147753		plus	nucleotidyltransferase family protein		99751823	protein-coding		WP_005828206.1	348	QWU49_RS12450
NZ_CP129143.1	3147755	3149068		plus	hypothetical protein		99751824	protein-coding		WP_005828207.1	437	QWU49_RS12455
NZ_CP129143.1	3149107	3150516		plus	lipopolysaccharide biosynthesis protein		99751825	protein-coding		WP_192913907.1	469	QWU49_RS12460
NZ_CP129143.1	3150473	3151804		plus	BFO_1060 family glycosyltransferase		99751826	protein-coding		WP_005828211.1	443	QWU49_RS12465
NZ_CP129143.1	3151814	3152530		plus	CatB-related O-acetyltransferase		99751827	protein-coding		WP_005828213.1	238	QWU49_RS12470
NZ_CP129143.1	3152542	3153672		plus	hypothetical protein		99751828	protein-coding		WP_005828215.1	376	QWU49_RS12475
NZ_CP129143.1	3153700	3154573		minus	uncharacterized gene		99751829	pseudogene				QWU49_RS12480
NZ_CP129143.1	3154653	3155825		plus	non-hydrolyzing UDP-N-acetylglucosamine 2-epimerase	wecB	99751830	protein-coding		WP_005828221.1	390	QWU49_RS12485
NZ_CP129143.1	3155857	3157080		plus	nucleotide sugar dehydrogenase		99751831	protein-coding		WP_005828223.1	407	QWU49_RS12490
NZ_CP129143.1	3157161	3158243		plus	glycosyltransferase		99751832	protein-coding		WP_005828224.1	360	QWU49_RS12495
NZ_CP129143.1	3158254	3159438		plus	glycosyltransferase		99751833	protein-coding		WP_074668562.1	394	QWU49_RS12500
NZ_CP129143.1	3159462	3159782		plus	hypothetical protein		99751834	protein-coding		WP_005828231.1	106	QWU49_RS12505
NZ_CP129143.1	3160078	3160857		plus	glycosyltransferase family 2 protein		99751835	protein-coding		WP_034525624.1	259	QWU49_RS12510
NZ_CP129143.1	3160859	3161959		plus	GDP-mannose 4,6-dehydratase	gmd	99751836	protein-coding		WP_005828235.1	366	QWU49_RS12515
NZ_CP129143.1	3161970	3163185		plus	uncharacterized gene		99751837	pseudogene				QWU49_RS12520
NZ_CP129143.1	3164061	3164255		plus	uncharacterized gene		99751838	pseudogene				QWU49_RS12525
NZ_CP129143.1	3164342	3164656		plus	uncharacterized gene		99751839	pseudogene				QWU49_RS12530
NZ_CP129143.1	3165151	3166131		plus	NAD-dependent epimerase/dehydratase family protein		99751840	protein-coding		WP_005828255.1	326	QWU49_RS12535
NZ_CP129143.1	3166183	3167133		plus	MraY family glycosyltransferase		99751841	protein-coding		WP_005828257.1	316	QWU49_RS12540
NZ_CP129143.1	3167340	3167840		plus	HU family DNA-binding protein		99751842	protein-coding		WP_005828259.1	166	QWU49_RS12545
NZ_CP129143.1	3167873	3167968		plus	smalltalk protein		99751843	protein-coding		WP_005828262.1	31	QWU49_RS12550
NZ_CP129143.1	3168122	3170584		plus	phenylalanine--tRNA ligase subunit beta	pheT	99751844	protein-coding		WP_005828264.1	820	QWU49_RS12555
NZ_CP129143.1	3170630	3171367		plus	YebC/PmpR family DNA-binding transcriptional regulator		99751845	protein-coding		WP_005828265.1	245	QWU49_RS12560
NZ_CP129143.1	3171367	3171612		plus	TIGR03905 family TSCPD domain-containing protein		99751846	protein-coding		WP_005828266.1	81	QWU49_RS12565
NZ_CP129143.1	3171739	3173004		plus	Nramp family divalent metal transporter		99751847	protein-coding		WP_005828267.1	421	QWU49_RS12570
NZ_CP129143.1	3173037	3173801		plus	exodeoxyribonuclease III		99751848	protein-coding		WP_005828268.1	254	QWU49_RS12575
NZ_CP129143.1	3173801	3174271		plus	C-GCAxxG-C-C family protein		99751849	protein-coding		WP_005828270.1	156	QWU49_RS12580
NZ_CP129143.1	3174422	3174622		plus	winged helix-turn-helix domain-containing protein		99751850	protein-coding		WP_005828272.1	66	QWU49_RS12585
NZ_CP129143.1	3174747	3176528		plus	translation elongation factor 4	lepA	99751851	protein-coding		WP_005828274.1	593	QWU49_RS12590
NZ_CP129143.1	3176568	3177887		plus	Na+/H+ antiporter NhaA	nhaA	99751852	protein-coding		WP_005828276.1	439	QWU49_RS12595
NZ_CP129143.1	3178079	3180358		plus	sensor histidine kinase		99751853	protein-coding		WP_005828279.1	759	QWU49_RS12600
NZ_CP129143.1	3180467	3183868		plus	TonB-dependent receptor		99751854	protein-coding		WP_005828280.1	1133	QWU49_RS12605
NZ_CP129143.1	3183968	3185053		minus	endonuclease/exonuclease/phosphatase family protein		99751855	protein-coding		WP_005828281.1	361	QWU49_RS12610
NZ_CP129143.1	3185063	3186019		minus	D-2-hydroxyacid dehydrogenase		99751856	protein-coding		WP_005828282.1	318	QWU49_RS12615
NZ_CP129143.1	3186110	3187381		minus	replication-associated recombination protein A		99751857	protein-coding		WP_005828284.1	423	QWU49_RS12620
NZ_CP129143.1	3187394	3189979		minus	DUF5686 and carboxypeptidase-like regulatory domain-containing protein		99751858	protein-coding		WP_005828287.1	861	QWU49_RS12625
NZ_CP129143.1	3190279	3191373		minus	UDP-N-acetyl glucosamine 2-epimerase		99751859	protein-coding		WP_022401058.1	364	QWU49_RS12630
NZ_CP129143.1	3191526	3192152		plus	trimeric intracellular cation channel family protein		99751860	protein-coding		WP_005828294.1	208	QWU49_RS12635
NZ_CP129143.1	3192341	3195244		minus	M16 family metallopeptidase		99751861	protein-coding		WP_005828298.1	967	QWU49_RS12640
NZ_CP129143.1	3195518	3196021		plus	RNA polymerase sigma factor		99751862	protein-coding		WP_005828302.1	167	QWU49_RS12645
NZ_CP129143.1	3196168	3197943		plus	biotin/lipoyl-binding protein		99751863	protein-coding		WP_025835515.1	591	QWU49_RS12650
NZ_CP129143.1	3197967	3200657		minus	ATP-binding protein		99751864	protein-coding		WP_005828305.1	896	QWU49_RS12655
NZ_CP129143.1	3200674	3201864		minus	glycosyltransferase family 2 protein		99751865	protein-coding		WP_005828306.1	396	QWU49_RS12660
NZ_CP129143.1	3202112	3203314		minus	BamA/TamA family outer membrane protein		99751866	protein-coding		WP_005828308.1	400	QWU49_RS12665
NZ_CP129143.1	3203474	3204874		plus	C1 family peptidase		99751867	protein-coding		WP_005828311.1	466	QWU49_RS12670
NZ_CP129143.1	3205102	3206451		plus	Na(+)-translocating NADH-quinone reductase subunit A		99751868	protein-coding		WP_005828312.1	449	QWU49_RS12675
NZ_CP129143.1	3206505	3207674		plus	NADH:ubiquinone reductase (Na(+)-transporting) subunit B		99751869	protein-coding		WP_005828314.1	389	QWU49_RS12680
NZ_CP129143.1	3207689	3208378		plus	Na(+)-translocating NADH-quinone reductase subunit C		99751870	protein-coding		WP_005828316.1	229	QWU49_RS12685
NZ_CP129143.1	3208383	3209021		plus	NADH:ubiquinone reductase (Na(+)-transporting) subunit D		99751871	protein-coding		WP_005836455.1	212	QWU49_RS12690
NZ_CP129143.1	3209135	3209761		plus	NADH:ubiquinone reductase (Na(+)-transporting) subunit E	nqrE	99751872	protein-coding		WP_005828321.1	208	QWU49_RS12695
NZ_CP129143.1	3209779	3211053		plus	NADH:ubiquinone reductase (Na(+)-transporting) subunit F	nqrF	99751873	protein-coding		WP_016272690.1	424	QWU49_RS12700
NZ_CP129143.1	3211318	3212550		minus	DNA recombination protein RmuC		99751874	protein-coding		WP_005828327.1	410	QWU49_RS12705
NZ_CP129143.1	3212572	3213426		minus	type I methionyl aminopeptidase	map	99751875	protein-coding		WP_005828329.1	284	QWU49_RS12710
NZ_CP129143.1	3213528	3216950		minus	AAA family ATPase		99751876	protein-coding		WP_005828331.1	1140	QWU49_RS12715
NZ_CP129143.1	3216966	3218177		minus	exonuclease SbcCD subunit D		99751877	protein-coding		WP_005828333.1	403	QWU49_RS12720
NZ_CP129143.1	3218205	3218834		minus	HU family DNA-binding protein		99751878	protein-coding		WP_005828335.1	209	QWU49_RS12725
NZ_CP129143.1	3219106	3220188		plus	hypothetical protein		99751879	protein-coding		WP_005828339.1	360	QWU49_RS12730
NZ_CP129143.1	3220282	3220611		plus	PAS domain-containing protein		99751880	protein-coding		WP_005828341.1	109	QWU49_RS12735
NZ_CP129143.1	3220628	3221497		plus	aldose 1-epimerase family protein		99751881	protein-coding		WP_034525631.1	289	QWU49_RS12740
NZ_CP129143.1	3221603	3222745		plus	MFS transporter AraJ	araJ	99751882	protein-coding		WP_005828346.1	380	QWU49_RS12745
NZ_CP129143.1	3222803	3223237		plus	hypothetical protein		99751883	protein-coding		WP_005828348.1	144	QWU49_RS12750
NZ_CP129143.1	3223248	3223661		plus	hypothetical protein		99751884	protein-coding		WP_005836471.1	137	QWU49_RS12755
NZ_CP129143.1	3223727	3224638		minus	RluA family pseudouridine synthase		99751885	protein-coding		WP_005828353.1	303	QWU49_RS12760
NZ_CP129143.1	3224699	3226120		minus	23S rRNA (uracil(1939)-C(5))-methyltransferase RlmD	rlmD	99751886	protein-coding		WP_005828355.1	473	QWU49_RS12765
NZ_CP129143.1	3226324	3229044		plus	pyruvate, phosphate dikinase	ppdK	99751887	protein-coding		WP_005828357.1	906	QWU49_RS12770
NZ_CP129143.1	3229212	3230096		plus	sensor histidine kinase		99751888	protein-coding		WP_005828359.1	294	QWU49_RS12775
NZ_CP129143.1	3230116	3230724		minus	thiamine phosphate synthase		99751889	protein-coding		WP_005828361.1	202	QWU49_RS12780
NZ_CP129143.1	3230891	3231511		minus	superoxide dismutase		99751890	protein-coding		WP_005828364.1	206	QWU49_RS12785
NZ_CP129143.1	3231656	3234010		plus	ATP-dependent helicase		99751891	protein-coding		WP_005828369.1	784	QWU49_RS12790
NZ_CP129143.1	3234152	3235297		plus	carboxynorspermidine decarboxylase	nspC	99751892	protein-coding		WP_008663287.1	381	QWU49_RS12795
NZ_CP129143.1	3235409	3235481		plus	tRNA-Gly		99751893	tRNA				QWU49_RS12800
NZ_CP129143.1	3235510	3235594		plus	tRNA-Leu		99751894	tRNA				QWU49_RS12805
NZ_CP129143.1	3235635	3235718		plus	tRNA-Leu		99751895	tRNA				QWU49_RS12810
NZ_CP129143.1	3235733	3235805		plus	tRNA-Gly		99751896	tRNA				QWU49_RS12815
NZ_CP129143.1	3235833	3235914		plus	tRNA-Leu		99751897	tRNA				QWU49_RS12820
NZ_CP129143.1	3235947	3236019		plus	tRNA-Gly		99751898	tRNA				QWU49_RS12825
NZ_CP129143.1	3236092	3236688		minus	DUF4923 family protein		99751899	protein-coding		WP_005836520.1	198	QWU49_RS12830
NZ_CP129143.1	3236700	3237308		minus	ribosome biogenesis GTP-binding protein YihA/YsxC	yihA	99751900	protein-coding		WP_005836522.1	202	QWU49_RS12835
NZ_CP129143.1	3237484	3238101		plus	recombination mediator RecR	recR	99751901	protein-coding		WP_005824669.1	205	QWU49_RS12840
NZ_CP129143.1	3238151	3238606		plus	hypothetical protein		99751902	protein-coding		WP_005824667.1	151	QWU49_RS12845
NZ_CP129143.1	3238620	3239156		plus	GNAT family N-acetyltransferase		99751903	protein-coding		WP_005824666.1	178	QWU49_RS12850
NZ_CP129143.1	3239149	3239742		minus	YqgE/AlgH family protein		99751904	protein-coding		WP_008663291.1	197	QWU49_RS12855
NZ_CP129143.1	3239883	3242990		plus	SusC/RagA family TonB-linked outer membrane protein		99751905	protein-coding		WP_005824660.1	1035	QWU49_RS12860
NZ_CP129143.1	3243011	3244591		plus	SusD/RagB family nutrient-binding outer membrane lipoprotein		99751906	protein-coding		WP_005824658.1	526	QWU49_RS12865
NZ_CP129143.1	3244619	3245935		minus	aminotransferase class I/II-fold pyridoxal phosphate-dependent enzyme		99751907	protein-coding		WP_005836540.1	438	QWU49_RS12870
NZ_CP129143.1	3246101	3246174		plus	tRNA-Asp		99751908	tRNA				QWU49_RS12875
NZ_CP129143.1	3246579	3247799		plus	site-specific integrase		99751909	protein-coding		WP_005824651.1	406	QWU49_RS12880
NZ_CP129143.1	3247814	3248407		plus	site-specific integrase		99751910	protein-coding		WP_005824649.1	197	QWU49_RS12885
NZ_CP129143.1	3248452	3248883		plus	virulence RhuM family protein		99751911	protein-coding		WP_005824647.1	143	QWU49_RS12890
NZ_CP129143.1	3248983	3249888		plus	phosphoribosyltransferase		99751912	protein-coding		WP_005824645.1	301	QWU49_RS12895
NZ_CP129143.1	3249910	3250743		plus	hypothetical protein		99751913	protein-coding		WP_005824643.1	277	QWU49_RS12900
NZ_CP129143.1	3251072	3251356		minus	hypothetical protein		99751914	protein-coding		WP_005805442.1	94	QWU49_RS12905
NZ_CP129143.1	3251934	3252164		plus	hypothetical protein		99751915	protein-coding		WP_005824632.1	76	QWU49_RS12910
NZ_CP129143.1	3252184	3252777		plus	hypothetical protein		99751916	protein-coding		WP_005824631.1	197	QWU49_RS12915
NZ_CP129143.1	3252956	3253522		minus	hypothetical protein		99751917	protein-coding		WP_005824627.1	188	QWU49_RS12920
NZ_CP129143.1	3253519	3253962		minus	DUF3872 domain-containing protein		99751918	protein-coding		WP_005824625.1	147	QWU49_RS12925
NZ_CP129143.1	3253972	3254556		minus	conjugal transfer protein TraO		99751919	protein-coding		WP_005824623.1	194	QWU49_RS12930
NZ_CP129143.1	3254558	3255562		minus	conjugative transposon protein TraN	traN	99751920	protein-coding		WP_005824621.1	334	QWU49_RS12935
NZ_CP129143.1	3255613	3257037		minus	conjugative transposon protein TraM	traM	99751921	protein-coding		WP_005824619.1	474	QWU49_RS12940
NZ_CP129143.1	3257043	3257333		minus	TraL conjugative transposon family protein		99751922	protein-coding		WP_005824617.1	96	QWU49_RS12945
NZ_CP129143.1	3257336	3257959		minus	conjugative transposon protein TraK	traK	99751923	protein-coding		WP_005824615.1	207	QWU49_RS12950
NZ_CP129143.1	3257989	3258990		minus	conjugative transposon protein TraJ	traJ	99751924	protein-coding		WP_005824613.1	333	QWU49_RS12955
NZ_CP129143.1	3258997	3259626		minus	DUF4141 domain-containing protein		99751925	protein-coding		WP_005805469.1	209	QWU49_RS12960
NZ_CP129143.1	3259685	3259957		minus	DUF3876 domain-containing protein		99751926	protein-coding		WP_005805471.1	90	QWU49_RS12965
NZ_CP129143.1	3259964	3260323		minus	DUF3876 domain-containing protein		99751927	protein-coding		WP_005824611.1	119	QWU49_RS12970
NZ_CP129143.1	3260325	3262829		minus	TraG family conjugative transposon ATPase		99751928	protein-coding		WP_005824609.1	834	QWU49_RS12975
NZ_CP129143.1	3262826	3263143		minus	DUF4133 domain-containing protein		99751929	protein-coding		WP_005805476.1	105	QWU49_RS12980
NZ_CP129143.1	3263182	3263484		minus	DUF4134 domain-containing protein		99751930	protein-coding		WP_005805478.1	100	QWU49_RS12985
NZ_CP129143.1	3263546	3264286		minus	hypothetical protein		99751931	protein-coding		WP_005824604.1	246	QWU49_RS12990
NZ_CP129143.1	3264283	3264678		minus	DUF3408 domain-containing protein		99751932	protein-coding		WP_005824601.1	131	QWU49_RS12995
NZ_CP129143.1	3264681	3265430		minus	ParA family protein		99751933	protein-coding		WP_074668527.1	249	QWU49_RS13000
NZ_CP129143.1	3266090	3266521		plus	conjugal transfer protein MobA	mobA	99751934	protein-coding		WP_034525451.1	143	QWU49_RS13005
NZ_CP129143.1	3266506	3267762		plus	conjugal transfer protein MobB	mobB	99751935	protein-coding		WP_005825460.1	418	QWU49_RS13010
NZ_CP129143.1	3267805	3269820		plus	conjugal transfer protein MobC	mobC	99751936	protein-coding		WP_005825459.1	671	QWU49_RS13015
NZ_CP129143.1	3269853	3270455		minus	RteC domain-containing protein		99751937	protein-coding		WP_005805496.1	200	QWU49_RS13020
NZ_CP129143.1	3270557	3271414		minus	helix-turn-helix domain-containing protein		99751938	protein-coding		WP_005825458.1	285	QWU49_RS13025
NZ_CP129143.1	3271438	3271896		minus	hypothetical protein		99751939	protein-coding		WP_005825457.1	152	QWU49_RS13030
NZ_CP129143.1	3271893	3273182		minus	RNA-directed DNA polymerase		99751940	protein-coding		WP_175522678.1	429	QWU49_RS13035
NZ_CP129143.1	3273452	3273826		minus	four helix bundle protein		99751941	protein-coding		WP_005825454.1	124	QWU49_RS13040
NZ_CP129143.1	3273896	3275449		minus	fimbrillin family protein		99751942	protein-coding		WP_005825453.1	517	QWU49_RS13045
NZ_CP129143.1	3275461	3277377		minus	fimbrillin family protein		99751943	protein-coding		WP_034525450.1	638	QWU49_RS13050
NZ_CP129143.1	3277534	3277989		minus	HU family DNA-binding protein		99751944	protein-coding		WP_005825449.1	151	QWU49_RS13055
NZ_CP129143.1	3278157	3279161		minus	fimbrillin family protein		99751945	protein-coding		WP_034525449.1	334	QWU49_RS13060
NZ_CP129143.1	3279362	3280273		minus	fimbrillin family protein		99751946	protein-coding		WP_005825443.1	303	QWU49_RS13065
NZ_CP129143.1	3280331	3281257		minus	FimB/Mfa2 family fimbrial subunit		99751947	protein-coding		WP_005825441.1	308	QWU49_RS13070
NZ_CP129143.1	3281331	3282509		minus	DUF3575 domain-containing protein		99751948	protein-coding		WP_034525448.1	392	QWU49_RS13075
NZ_CP129143.1	3282971	3284827		minus	helix-turn-helix domain-containing protein		99751949	protein-coding		WP_005825435.1	618	QWU49_RS13080
NZ_CP129143.1	3285060	3286541		plus	DUF3945 domain-containing protein		99751950	protein-coding		WP_034525456.1	493	QWU49_RS13085
NZ_CP129143.1	3286569	3288650		plus	type IA DNA topoisomerase	topB	99751951	protein-coding		WP_005825426.1	693	QWU49_RS13090
NZ_CP129143.1	3288650	3289171		plus	DUF1896 domain-containing protein		99751952	protein-coding		WP_005825425.1	173	QWU49_RS13095
NZ_CP129143.1	3289158	3295100		plus	N-6 DNA methylase		99751953	protein-coding		WP_005825422.1	1980	QWU49_RS13100
NZ_CP129143.1	3295274	3297349		plus	ATP-dependent nuclease		99751954	protein-coding		WP_005825419.1	691	QWU49_RS13105
NZ_CP129143.1	3297352	3299121		plus	UvrD-helicase domain-containing protein		99751955	protein-coding		WP_005825418.1	589	QWU49_RS13110
NZ_CP129143.1	3299236	3299514		minus	hypothetical protein		99751956	protein-coding		WP_005825417.1	92	QWU49_RS13115
NZ_CP129143.1	3299708	3299974		plus	hypothetical protein		99751957	protein-coding		WP_005825416.1	88	QWU49_RS13120
NZ_CP129143.1	3300188	3302305		plus	ATP-binding protein		99751958	protein-coding		WP_005825415.1	705	QWU49_RS13125
NZ_CP129143.1	3302510	3303595		minus	RloB family protein		99751959	protein-coding		WP_005825413.1	361	QWU49_RS13130
NZ_CP129143.1	3303579	3304940		minus	AAA family ATPase		99751960	protein-coding		WP_005825412.1	453	QWU49_RS13135
NZ_CP129143.1	3305074	3305454		minus	helix-turn-helix domain-containing protein		99751961	protein-coding		WP_005825411.1	126	QWU49_RS13140
NZ_CP129143.1	3305451	3307523		minus	toprim domain-containing protein		99751962	protein-coding		WP_005825410.1	690	QWU49_RS13145
NZ_CP129143.1	3307513	3307842		minus	helix-turn-helix domain-containing protein		99751963	protein-coding		WP_005805547.1	109	QWU49_RS13150
NZ_CP129143.1	3308551	3309546		plus	flavin reductase		99751964	protein-coding		WP_005825407.1	331	QWU49_RS13155
NZ_CP129143.1	3309558	3310373		plus	carboxymuconolactone decarboxylase family protein		99751965	protein-coding		WP_005825406.1	271	QWU49_RS13160
NZ_CP129143.1	3310503	3311093		plus	cyclophilin-like fold protein		99751966	protein-coding		WP_005825404.1	196	QWU49_RS13165
NZ_CP129143.1	3311115	3311678		plus	sugar O-acetyltransferase		99751967	protein-coding		WP_005825403.1	187	QWU49_RS13170
NZ_CP129143.1	3311701	3312567		plus	DUF3737 family protein		99751968	protein-coding		WP_005825401.1	288	QWU49_RS13175
NZ_CP129143.1	3312587	3314020		plus	MATE family efflux transporter		99751969	protein-coding		WP_005825399.1	477	QWU49_RS13180
NZ_CP129143.1	3314024	3315193		plus	MalY/PatB family protein		99751970	protein-coding		WP_005825397.1	389	QWU49_RS13185
NZ_CP129143.1	3315170	3315589		minus	pyridoxamine 5'-phosphate oxidase family protein		99751971	protein-coding		WP_005825395.1	139	QWU49_RS13190
NZ_CP129143.1	3315684	3316568		minus	AraC family transcriptional regulator		99751972	protein-coding		WP_005825393.1	294	QWU49_RS13195
NZ_CP129143.1	3316722	3317939		plus	sugar MFS transporter		99751973	protein-coding		WP_005825389.1	405	QWU49_RS13200
NZ_CP129143.1	3317931	3318455		minus	chromate transporter		99751974	protein-coding		WP_005825387.1	174	QWU49_RS13205
NZ_CP129143.1	3318452	3319003		minus	chromate transporter		99751975	protein-coding		WP_005825383.1	183	QWU49_RS13210
NZ_CP129143.1	3319196	3319591		plus	hypothetical protein		99751976	protein-coding		WP_005825381.1	131	QWU49_RS13215
NZ_CP129143.1	3319594	3320883		plus	DUF3440 domain-containing protein		99751977	protein-coding		WP_008663311.1	429	QWU49_RS13220
NZ_CP129143.1	3320880	3321413		plus	IbrB-like domain-containing protein		99751978	protein-coding		WP_005825377.1	177	QWU49_RS13225
NZ_CP129143.1	3321579	3322514		plus	UDP-glucuronic acid decarboxylase family protein		99751979	protein-coding		WP_005825375.1	311	QWU49_RS13230
NZ_CP129143.1	3322556	3323683		plus	response regulator		99751980	protein-coding		WP_005825374.1	375	QWU49_RS13235
NZ_CP129143.1	3323805	3326696		minus	PD-(D/E)XK nuclease family protein		99751981	protein-coding		WP_034525445.1	963	QWU49_RS13240
NZ_CP129143.1	3326740	3330039		minus	UvrD-helicase domain-containing protein		99751982	protein-coding		WP_005825370.1	1099	QWU49_RS13245
NZ_CP129143.1	3330172	3331227		minus	linear amide C-N hydrolase		99751983	protein-coding		WP_005825365.1	351	QWU49_RS13250
NZ_CP129143.1	3331315	3333375		minus	excinuclease ABC subunit UvrB	uvrB	99751984	protein-coding		WP_005825363.1	686	QWU49_RS13255
NZ_CP129143.1	3333492	3334790		plus	phenylacetate--CoA ligase family protein		99751985	protein-coding		WP_005825361.1	432	QWU49_RS13260
NZ_CP129143.1	3334843	3335268		plus	amino acid-binding protein		99751986	protein-coding		WP_005825359.1	141	QWU49_RS13265
NZ_CP129143.1	3335458	3336276		plus	outer membrane protein assembly factor BamD		99751987	protein-coding		WP_005825357.1	272	QWU49_RS13270
NZ_CP129143.1	3336301	3336636		plus	DNA-directed RNA polymerase subunit omega		99751988	protein-coding		WP_005825356.1	111	QWU49_RS13275
NZ_CP129143.1	3336636	3337097		plus	DUF4293 domain-containing protein		99751989	protein-coding		WP_005825355.1	153	QWU49_RS13280
NZ_CP129143.1	3337267	3337968		minus	porin family protein		99751990	protein-coding		WP_005825354.1	233	QWU49_RS13285
NZ_CP129143.1	3338049	3339839		minus	LysM peptidoglycan-binding domain-containing protein		99751991	protein-coding		WP_005825353.1	596	QWU49_RS13290
NZ_CP129143.1	3340029	3342860		plus	excinuclease ABC subunit UvrA	uvrA	99751992	protein-coding		WP_005825352.1	943	QWU49_RS13295
NZ_CP129143.1	3342886	3343365		plus	Cys-tRNA(Pro) deacylase	ybaK	99751993	protein-coding		WP_005825350.1	159	QWU49_RS13300
NZ_CP129143.1	3343483	3345003		plus	peptide MFS transporter		99751994	protein-coding		WP_005825349.1	506	QWU49_RS13305
NZ_CP129143.1	3345093	3345590		minus	GNAT family N-acetyltransferase		99751995	protein-coding		WP_005825348.1	165	QWU49_RS13310
NZ_CP129143.1	3345698	3347158		plus	monomeric [FeFe] hydrogenase		99751996	protein-coding		WP_005825346.1	486	QWU49_RS13315
NZ_CP129143.1	3347175	3348233		plus	[FeFe] hydrogenase H-cluster radical SAM maturase HydE	hydE	99751997	protein-coding		WP_005825345.1	352	QWU49_RS13320
NZ_CP129143.1	3348286	3349704		plus	[FeFe] hydrogenase H-cluster radical SAM maturase HydG	hydG	99751998	protein-coding		WP_034525452.1	472	QWU49_RS13325
NZ_CP129143.1	3349716	3350906		plus	[FeFe] hydrogenase H-cluster maturation GTPase HydF	hydF	99751999	protein-coding		WP_005825342.1	396	QWU49_RS13330
NZ_CP129143.1	3351122	3351448		plus	PadR family transcriptional regulator		99752000	protein-coding		WP_005825341.1	108	QWU49_RS13335
NZ_CP129143.1	3351525	3352634		plus	PspC domain-containing protein		99752001	protein-coding		WP_005825340.1	369	QWU49_RS13340
NZ_CP129143.1	3353177	3353713		plus	UpxY family transcription antiterminator		99752002	protein-coding		WP_005825336.1	178	QWU49_RS13345
NZ_CP129143.1	3353749	3354237		plus	UpxZ family transcription anti-terminator antagonist		99752003	protein-coding		WP_005829506.1	162	QWU49_RS13350
NZ_CP129143.1	3354251	3355273		plus	UDP-N-acetylglucosamine 4,6-dehydratase (inverting)	pseB	99752004	protein-coding		WP_005836599.1	340	QWU49_RS13355
NZ_CP129143.1	3355270	3356433		plus	UDP-4-amino-4,6-dideoxy-N-acetyl-beta-L-altrosamine transaminase	pseC	99752005	protein-coding		WP_005829502.1	387	QWU49_RS13360
NZ_CP129143.1	3356430	3357113		plus	pseudaminic acid cytidylyltransferase	pseF	99752006	protein-coding		WP_005829500.1	227	QWU49_RS13365
NZ_CP129143.1	3357118	3358095		plus	UDP-2,4-diacetamido-2,4,6-trideoxy-beta-L-altropyranose hydrolase	pseG	99752007	protein-coding		WP_034525825.1	325	QWU49_RS13370
NZ_CP129143.1	3358086	3359021		plus	hypothetical protein		99752008	protein-coding		WP_005829496.1	311	QWU49_RS13375
NZ_CP129143.1	3359018	3360157		plus	ATP-grasp domain-containing protein		99752009	protein-coding		WP_005829494.1	379	QWU49_RS13380
NZ_CP129143.1	3360165	3361181		plus	pseudaminic acid synthase	pseI	99752010	protein-coding		WP_005829491.1	338	QWU49_RS13385
NZ_CP129143.1	3361319	3361732		minus	N-acetylmuramoyl-L-alanine amidase		99752011	protein-coding		WP_034525799.1	137	QWU49_RS13390
NZ_CP129143.1	3361735	3361842		minus	smalltalk protein		99752012	protein-coding		WP_005829485.1	35	QWU49_RS13395
NZ_CP129143.1	3361889	3362374		minus	DNA-binding protein		99752013	protein-coding		WP_005829481.1	161	QWU49_RS13400
NZ_CP129143.1	3362583	3362801		plus	DUF4248 domain-containing protein		99752014	protein-coding		WP_005829478.1	72	QWU49_RS13405
NZ_CP129143.1	3362926	3364701		minus	DUF3987 domain-containing protein		99752015	protein-coding		WP_005829475.1	591	QWU49_RS13410
NZ_CP129143.1	3364753	3365385		minus	BT4734/BF3469 family protein		99752016	protein-coding		WP_005829473.1	210	QWU49_RS13415
NZ_CP129143.1	3365952	3366704		plus	pyridoxal-phosphate-dependent aminotransferase family protein		99752017	protein-coding		WP_005829465.1	250	QWU49_RS13420
NZ_CP129143.1	3366701	3367075		plus	hypothetical protein		99752018	protein-coding		WP_005829463.1	124	QWU49_RS13425
NZ_CP129143.1	3367100	3368410		plus	phosphoenolpyruvate mutase	aepX	99752019	protein-coding		WP_005829461.1	436	QWU49_RS13430
NZ_CP129143.1	3368445	3369572		plus	phosphonopyruvate decarboxylase	aepY	99752020	protein-coding		WP_005829459.1	375	QWU49_RS13435
NZ_CP129143.1	3369576	3370304		plus	metallophosphoesterase family protein		99752021	protein-coding		WP_005829457.1	242	QWU49_RS13440
NZ_CP129143.1	3370305	3371300		plus	NAD-dependent epimerase/dehydratase family protein		99752022	protein-coding		WP_005829455.1	331	QWU49_RS13445
NZ_CP129143.1	3371297	3372037		plus	DUF6564 domain-containing protein		99752023	protein-coding		WP_005836616.1	246	QWU49_RS13450
NZ_CP129143.1	3372046	3372519		plus	acyltransferase family protein		99752024	protein-coding		WP_234129825.1	157	QWU49_RS13455
NZ_CP129143.1	3373042	3374229		plus	hypothetical protein		99752025	protein-coding		WP_005829450.1	395	QWU49_RS13460
NZ_CP129143.1	3374872	3376178		plus	uncharacterized gene		99752026	pseudogene				QWU49_RS13465
NZ_CP129143.1	3376223	3377299		plus	EpsG family protein		99752027	protein-coding		WP_005829445.1	358	QWU49_RS13470
NZ_CP129143.1	3377322	3378296		plus	hypothetical protein		99752028	protein-coding		WP_034525798.1	324	QWU49_RS13475
NZ_CP129143.1	3378316	3379566		plus	oligosaccharide flippase family protein		99752029	protein-coding		WP_005829442.1	416	QWU49_RS13480
NZ_CP129143.1	3379566	3380402		plus	LicD family protein		99752030	protein-coding		WP_005829440.1	278	QWU49_RS13485
NZ_CP129143.1	3380416	3381603		plus	glycosyltransferase family 4 protein		99752031	protein-coding		WP_229031910.1	395	QWU49_RS13490
NZ_CP129143.1	3381642	3382472		plus	glycosyltransferase		99752032	protein-coding		WP_005829436.1	276	QWU49_RS13495
NZ_CP129143.1	3382594	3383589		plus	NAD-dependent epimerase/dehydratase family protein		99752033	protein-coding		WP_005829435.1	331	QWU49_RS13500
NZ_CP129143.1	3383613	3384563		plus	MraY family glycosyltransferase		99752034	protein-coding		WP_005829433.1	316	QWU49_RS13505
NZ_CP129143.1	3384692	3386254		plus	ATP-binding protein		99752035	protein-coding		WP_005829431.1	520	QWU49_RS13510
NZ_CP129143.1	3386333	3387121		minus	N-acetylmuramoyl-L-alanine amidase-like domain-containing protein		99752036	protein-coding		WP_005829430.1	262	QWU49_RS13515
NZ_CP129143.1	3387219	3390440		minus	glycoside hydrolase family 2 TIM barrel-domain containing protein		99752037	protein-coding		WP_005829426.1	1073	QWU49_RS13520
NZ_CP129143.1	3390449	3391336		minus	alpha/beta hydrolase		99752038	protein-coding		WP_005829424.1	295	QWU49_RS13525
NZ_CP129143.1	3391355	3393346		minus	OPT family oligopeptide transporter		99752039	protein-coding		WP_005829422.1	663	QWU49_RS13530
NZ_CP129143.1	3393444	3393839		minus	DUF1573 domain-containing protein		99752040	protein-coding		WP_005836647.1	131	QWU49_RS13535
NZ_CP129143.1	3393931	3394638		minus	precorrin-2 C(20)-methyltransferase		99752041	protein-coding		WP_172681014.1	235	QWU49_RS13540
NZ_CP129143.1	3394761	3395618		plus	AraC family transcriptional regulator		99752042	protein-coding		WP_008663399.1	285	QWU49_RS13545
NZ_CP129143.1	3395709	3396299		plus	DUF417 family protein		99752043	protein-coding		WP_005829413.1	196	QWU49_RS13550
NZ_CP129143.1	3396304	3397659		plus	FAD-dependent oxidoreductase		99752044	protein-coding		WP_005829411.1	451	QWU49_RS13555
NZ_CP129143.1	3397762	3398931		plus	ABC transporter substrate-binding protein		99752045	protein-coding		WP_008663401.1	389	QWU49_RS13560
NZ_CP129143.1	3398931	3399968		plus	iron ABC transporter permease		99752046	protein-coding		WP_034525821.1	345	QWU49_RS13565
NZ_CP129143.1	3399961	3400980		plus	ABC transporter ATP-binding protein		99752047	protein-coding		WP_005829404.1	339	QWU49_RS13570
NZ_CP129143.1	3400977	3402356		plus	MATE family efflux transporter		99752048	protein-coding		WP_005829402.1	459	QWU49_RS13575
NZ_CP129143.1	3402370	3403455		minus	linear amide C-N hydrolase		99752049	protein-coding		WP_005829400.1	361	QWU49_RS13580
NZ_CP129143.1	3403523	3404194		minus	outer membrane beta-barrel protein		99752050	protein-coding		WP_005829398.1	223	QWU49_RS13585
NZ_CP129143.1	3404191	3406086		minus	cobalt-precorrin-5B (C(1))-methyltransferase CbiD	cbiD	99752051	protein-coding		WP_005829395.1	631	QWU49_RS13590
NZ_CP129143.1	3406119	3407972		minus	precorrin-4 C(11)-methyltransferase	cobM	99752052	protein-coding		WP_005829394.1	617	QWU49_RS13595
NZ_CP129143.1	3407984	3409249		minus	bifunctional cobalt-precorrin-7 (C(5))-methyltransferase/cobalt-precorrin-6B (C(15))-methyltransferase		99752053	protein-coding		WP_008663405.1	421	QWU49_RS13600
NZ_CP129143.1	3409349	3410758		minus	precorrin-3B C(17)-methyltransferase	cobJ	99752054	protein-coding		WP_034525814.1	469	QWU49_RS13605
NZ_CP129143.1	3410858	3411757		minus	helix-turn-helix domain-containing protein		99752055	protein-coding		WP_005829381.1	299	QWU49_RS13610
NZ_CP129143.1	3411967	3412791		minus	sirohydrochlorin cobaltochelatase		99752056	protein-coding		WP_005829379.1	274	QWU49_RS13615
NZ_CP129143.1	3412826	3414895		minus	TonB-dependent receptor plug domain-containing protein		99752057	protein-coding		WP_034525790.1	689	QWU49_RS13620
NZ_CP129143.1	3415011	3415343		minus	DUF2149 domain-containing protein		99752058	protein-coding		WP_005829376.1	110	QWU49_RS13625
NZ_CP129143.1	3415365	3415970		minus	MotA/TolQ/ExbB proton channel family protein		99752059	protein-coding		WP_005829373.1	201	QWU49_RS13630
NZ_CP129143.1	3416004	3416561		minus	hypothetical protein		99752060	protein-coding		WP_005829371.1	185	QWU49_RS13635
NZ_CP129143.1	3416574	3420488		minus	cobaltochelatase subunit CobN		99752061	protein-coding		WP_005829370.1	1304	QWU49_RS13640
NZ_CP129143.1	3420504	3422018		minus	PepSY domain-containing protein		99752062	protein-coding		WP_005829369.1	504	QWU49_RS13645
NZ_CP129143.1	3422088	3423035		minus	sirohydrochlorin cobaltochelatase		99752063	protein-coding		WP_005829367.1	315	QWU49_RS13650
NZ_CP129143.1	3423053	3424357		minus	hypothetical protein		99752064	protein-coding		WP_005829365.1	434	QWU49_RS13655
NZ_CP129143.1	3424379	3426739		minus	TonB-dependent receptor		99752065	protein-coding		WP_005829363.1	786	QWU49_RS13660
NZ_CP129143.1	3427452	3428963		plus	acetyl-CoA carboxylase biotin carboxylase subunit	accC	99752066	protein-coding		WP_005829359.1	503	QWU49_RS13665
NZ_CP129143.1	3428995	3429510		plus	biotin/lipoyl-containing protein		99752067	protein-coding		WP_005829357.1	171	QWU49_RS13670
NZ_CP129143.1	3429565	3431097		plus	acyl-CoA carboxylase subunit beta		99752068	protein-coding		WP_005829355.1	510	QWU49_RS13675
NZ_CP129143.1	3431225	3432910		plus	putative transporter		99752069	protein-coding		WP_005829353.1	561	QWU49_RS13680
NZ_CP129143.1	3433006	3433746		minus	nucleotidyltransferase family protein		99752070	protein-coding		WP_005829351.1	246	QWU49_RS13685
NZ_CP129143.1	3433772	3435202		minus	RapZ C-terminal domain-containing protein		99752071	protein-coding		WP_034525811.1	476	QWU49_RS13690
NZ_CP129143.1	3435388	3436776		plus	cobyrinate a,c-diamide synthase		99752072	protein-coding		WP_005829348.1	462	QWU49_RS13695
NZ_CP129143.1	3436945	3437826		plus	tyrosine-type recombinase/integrase		99752073	protein-coding		WP_005829346.1	293	QWU49_RS13700
NZ_CP129143.1	3438256	3439149		plus	phage integrase SAM-like domain-containing protein		99752074	protein-coding		WP_004289225.1	297	QWU49_RS13705
NZ_CP129143.1	3439196	3439525		plus	hypothetical protein		99752075	protein-coding		WP_004289226.1	109	QWU49_RS13710
NZ_CP129143.1	3440247	3441164		plus	DUF4465 domain-containing protein		99752076	protein-coding		WP_004289228.1	305	QWU49_RS13715
NZ_CP129143.1	3441229	3443010		plus	PKD-like domain-containing protein		99752077	protein-coding		WP_004293827.1	593	QWU49_RS13720
NZ_CP129143.1	3443025	3445115		plus	lipoprotein		99752078	protein-coding		WP_004311297.1	696	QWU49_RS13725
NZ_CP129143.1	3445144	3446244		plus	YncE family protein		99752079	protein-coding		WP_004293828.1	366	QWU49_RS13730
NZ_CP129143.1	3446263	3448341		plus	TonB-dependent receptor plug domain-containing protein		99752080	protein-coding		WP_004311295.1	692	QWU49_RS13735
NZ_CP129143.1	3448353	3449492		plus	ABC transporter substrate-binding protein		99752081	protein-coding		WP_004289233.1	379	QWU49_RS13740
NZ_CP129143.1	3449493	3450473		plus	FecCD family ABC transporter permease		99752082	protein-coding		WP_004311292.1	326	QWU49_RS13745
NZ_CP129143.1	3450470	3451228		plus	ABC transporter ATP-binding protein		99752083	protein-coding		WP_004289235.1	252	QWU49_RS13750
NZ_CP129143.1	3451225	3451791		plus	DUF2284 domain-containing protein		99752084	protein-coding		WP_004289236.1	188	QWU49_RS13755
NZ_CP129143.1	3452375	3452584		minus	hypothetical protein		99752085	protein-coding		WP_005829337.1	69	QWU49_RS13760
NZ_CP129143.1	3452706	3453122		plus	DUF3408 domain-containing protein		99752086	protein-coding		WP_004327094.1	138	QWU49_RS13765
NZ_CP129143.1	3453152	3453556		plus	DUF3408 domain-containing protein		99752087	protein-coding		WP_004315818.1	134	QWU49_RS13770
NZ_CP129143.1	3453632	3454420		plus	ParA family protein		99752088	protein-coding		WP_004311277.1	262	QWU49_RS13775
NZ_CP129143.1	3454529	3454690		minus	hypothetical protein		99752089	protein-coding		WP_153862836.1	53	QWU49_RS13780
NZ_CP129143.1	3455678	3457558		plus	carboxypeptidase-like regulatory domain-containing protein		99752090	protein-coding		WP_034525778.1	626	QWU49_RS13785
NZ_CP129143.1	3458469	3461339		plus	TonB-dependent receptor		99752091	protein-coding		WP_004311273.1	956	QWU49_RS13790
NZ_CP129143.1	3461353	3462624		plus	DUF4876 domain-containing protein		99752092	protein-coding		WP_004312956.1	423	QWU49_RS13795
NZ_CP129143.1	3462648	3464210		plus	DUF6850 family outer membrane beta-barrel protein		99752093	protein-coding		WP_005829321.1	520	QWU49_RS13800
NZ_CP129143.1	3464241	3466415		plus	HEAT repeat domain-containing protein		99752094	protein-coding		WP_005829319.1	724	QWU49_RS13805
NZ_CP129143.1	3466422	3468623		plus	HEAT repeat domain-containing protein		99752095	protein-coding		WP_004311266.1	733	QWU49_RS13810
NZ_CP129143.1	3468626	3470818		plus	hypothetical protein		99752096	protein-coding		WP_004311265.1	730	QWU49_RS13815
NZ_CP129143.1	3470822	3470995		minus	uncharacterized gene		99752097	pseudogene				QWU49_RS13820
NZ_CP129143.1	3471228	3471914		plus	uncharacterized gene		99752098	pseudogene				QWU49_RS13825
NZ_CP129143.1	3471886	3475434		minus	DUF7149 domain-containing protein		99752099	protein-coding		WP_004311263.1	1182	QWU49_RS13830
NZ_CP129143.1	3476096	3476299		plus	helix-turn-helix domain-containing protein		99752100	protein-coding		WP_032849094.1	67	QWU49_RS13835
NZ_CP129143.1	3476312	3476605		plus	helix-turn-helix domain-containing protein		99752101	protein-coding		WP_004311261.1	97	QWU49_RS13840
NZ_CP129143.1	3476670	3477881		minus	site-specific integrase		99752102	protein-coding		WP_004311260.1	403	QWU49_RS13845
NZ_CP129143.1	3477901	3479130		minus	site-specific integrase		99752103	protein-coding		WP_005829312.1	409	QWU49_RS13850
NZ_CP129143.1	3479445	3479615		plus	hypothetical protein		99752104	protein-coding		WP_192913967.1	56	QWU49_RS13855
NZ_CP129143.1	3479960	3481006		plus	DUF5119 domain-containing protein		99752105	protein-coding		WP_229031950.1	348	QWU49_RS13860
NZ_CP129143.1	3481044	3482183		plus	fimbrillin family protein		99752106	protein-coding		WP_005829307.1	379	QWU49_RS13865
NZ_CP129143.1	3482195	3483268		plus	fimbrillin family protein		99752107	protein-coding		WP_005829305.1	357	QWU49_RS13870
NZ_CP129143.1	3483328	3485070		plus	fimbrillin family protein		99752108	protein-coding		WP_005829303.1	580	QWU49_RS13875
NZ_CP129143.1	3485214	3485411		plus	hypothetical protein		99752109	protein-coding		WP_005836934.1	65	QWU49_RS13880
NZ_CP129143.1	3485411	3486004		plus	zeta toxin family protein		99752110	protein-coding		WP_005829300.1	197	QWU49_RS13885
NZ_CP129143.1	3486008	3486577		plus	cob(I)yrinic acid a,c-diamide adenosyltransferase		99752111	protein-coding		WP_005829298.1	189	QWU49_RS13890
NZ_CP129143.1	3486609	3487793		minus	nicotinate phosphoribosyltransferase	pncB	99752112	protein-coding		WP_005829296.1	394	QWU49_RS13895
NZ_CP129143.1	3488034	3490424		minus	ABC transporter permease		99752113	protein-coding		WP_005829291.1	796	QWU49_RS13900
NZ_CP129143.1	3490421	3491416		minus	HlyD family secretion protein		99752114	protein-coding		WP_005829289.1	331	QWU49_RS13905
NZ_CP129143.1	3491429	3492856		minus	TolC family protein		99752115	protein-coding		WP_005829287.1	475	QWU49_RS13910
NZ_CP129143.1	3493034	3494551		plus	cobyric acid synthase		99752116	protein-coding		WP_005836942.1	505	QWU49_RS13915
NZ_CP129143.1	3494544	3495578		plus	threonine-phosphate decarboxylase		99752117	protein-coding		WP_005829283.1	344	QWU49_RS13920
NZ_CP129143.1	3495582	3496550		plus	adenosylcobinamide-phosphate synthase CbiB	cbiB	99752118	protein-coding		WP_005829281.1	322	QWU49_RS13925
NZ_CP129143.1	3496659	3498539		plus	sensor histidine kinase		99752119	protein-coding		WP_005829279.1	626	QWU49_RS13930
NZ_CP129143.1	3498536	3500491		plus	sensor histidine kinase		99752120	protein-coding		WP_005829277.1	651	QWU49_RS13935
NZ_CP129143.1	3500478	3501017		minus	alpha-ribazole phosphatase	cobC	99752121	protein-coding		WP_005829275.1	179	QWU49_RS13940
NZ_CP129143.1	3501034	3501777		minus	adenosylcobinamide-GDP ribazoletransferase	cobS	99752122	protein-coding		WP_005829273.1	247	QWU49_RS13945
NZ_CP129143.1	3501779	3502816		minus	nicotinate-nucleotide--dimethylbenzimidazole phosphoribosyltransferase	cobT	99752123	protein-coding		WP_005829272.1	345	QWU49_RS13950
NZ_CP129143.1	3502847	3503368		minus	bifunctional adenosylcobinamide kinase/adenosylcobinamide-phosphate guanylyltransferase	cobU	99752124	protein-coding		WP_005829269.1	173	QWU49_RS13955
NZ_CP129143.1	3503510	3503582		plus	tRNA-Gly		99752125	tRNA				QWU49_RS13960
NZ_CP129143.1	3503712	3504926		plus	site-specific integrase		99752126	protein-coding		WP_012055549.1	404	QWU49_RS13965
NZ_CP129143.1	3504997	3505530		plus	AbiH family protein		99752127	protein-coding		WP_034525771.1	177	QWU49_RS13970
NZ_CP129143.1	3505647	3507227		plus	IS21 family transposase	istA	99752128	protein-coding		WP_005829261.1	526	QWU49_RS13975
NZ_CP129143.1	3507214	3507996		plus	IS21-like element helper ATPase IstB	istB	99752129	protein-coding		WP_005824105.1	260	QWU49_RS13980
NZ_CP129143.1	3508424	3509170		plus	FadR/GntR family transcriptional regulator		99752130	protein-coding		WP_005829254.1	248	QWU49_RS13985
NZ_CP129143.1	3509182	3511650		plus	sodium:solute symporter family transporter		99752131	protein-coding		WP_005829250.1	822	QWU49_RS13990
NZ_CP129143.1	3511688	3512605		plus	dihydrodipicolinate synthase family protein		99752132	protein-coding		WP_005829247.1	305	QWU49_RS13995
NZ_CP129143.1	3512772	3515951		plus	SusC/RagA family TonB-linked outer membrane protein		99752133	protein-coding		WP_005836952.1	1059	QWU49_RS14000
NZ_CP129143.1	3515983	3517476		plus	RagB/SusD family nutrient uptake outer membrane protein		99752134	protein-coding		WP_005829240.1	497	QWU49_RS14005
NZ_CP129143.1	3517490	3519121		plus	sialidase family protein		99752135	protein-coding		WP_005829237.1	543	QWU49_RS14010
NZ_CP129143.1	3519151	3519819		plus	D-lyxose/D-mannose family sugar isomerase		99752136	protein-coding		WP_005829234.1	222	QWU49_RS14015
NZ_CP129143.1	3519825	3520910		plus	aldose epimerase family protein		99752137	protein-coding		WP_005829232.1	361	QWU49_RS14020
NZ_CP129143.1	3520907	3521986		plus	metallophosphoesterase		99752138	protein-coding		WP_005829230.1	359	QWU49_RS14025
NZ_CP129143.1	3522034	3522591		plus	YhcH/YjgK/YiaL family protein		99752139	protein-coding		WP_005829228.1	185	QWU49_RS14030
NZ_CP129143.1	3522707	3524200		plus	proline--tRNA ligase	proS	99752140	protein-coding		WP_005829226.1	497	QWU49_RS14035
NZ_CP129143.1	3524369	3524704		minus	type II toxin-antitoxin system RelE/ParE family toxin		99752141	protein-coding		WP_005829225.1	111	QWU49_RS14040
NZ_CP129143.1	3524695	3524928		minus	hypothetical protein		99752142	protein-coding		WP_005829224.1	77	QWU49_RS14045
NZ_CP129143.1	3525105	3525287		plus	hypothetical protein		99752143	protein-coding		WP_005829223.1	60	QWU49_RS14050
NZ_CP129143.1	3525517	3526647		plus	glycosyltransferase family protein		99752144	protein-coding		WP_005829221.1	376	QWU49_RS14055
NZ_CP129143.1	3526644	3526745		minus	smalltalk protein		99752145	protein-coding		WP_005829220.1	33	QWU49_RS14060
NZ_CP129143.1	3526800	3527309		minus	HU family DNA-binding protein		99752146	protein-coding		WP_005829218.1	169	QWU49_RS14065
NZ_CP129143.1	3527593	3527853		plus	DUF4248 domain-containing protein		99752147	protein-coding		WP_005829216.1	86	QWU49_RS14070
NZ_CP129143.1	3527983	3530112		minus	VapE domain-containing protein		99752148	protein-coding		WP_005829215.1	709	QWU49_RS14075
NZ_CP129143.1	3530235	3530558		minus	hypothetical protein		99752149	protein-coding		WP_005829213.1	107	QWU49_RS14080
NZ_CP129143.1	3531320	3531853		plus	UpxY family transcription antiterminator		99752150	protein-coding		WP_022400855.1	177	QWU49_RS14085
NZ_CP129143.1	3532471	3533907		plus	lipopolysaccharide biosynthesis protein		99752151	protein-coding		WP_332055709.1	478	QWU49_RS14090
NZ_CP129143.1	3533933	3535270		plus	hypothetical protein		99752152	protein-coding		WP_005829205.1	445	QWU49_RS14095
NZ_CP129143.1	3535362	3537119		plus	thiamine pyrophosphate-binding protein		99752153	protein-coding		WP_005829203.1	585	QWU49_RS14100
NZ_CP129143.1	3537333	3538445		plus	polysaccharide pyruvyl transferase family protein		99752154	protein-coding		WP_034525766.1	370	QWU49_RS14105
NZ_CP129143.1	3538482	3539369		plus	glycosyltransferase family 2 protein		99752155	protein-coding		WP_005829197.1	295	QWU49_RS14110
NZ_CP129143.1	3539456	3540070		plus	GDSL-type esterase/lipase family protein		99752156	protein-coding		WP_022400854.1	204	QWU49_RS14115
NZ_CP129143.1	3540125	3540877		plus	CatB-related O-acetyltransferase		99752157	protein-coding		WP_117589526.1	250	QWU49_RS14120
NZ_CP129143.1	3540965	3541945		plus	EpsG family protein		99752158	protein-coding		WP_057258535.1	326	QWU49_RS14125
NZ_CP129143.1	3541967	3543163		plus	glycosyltransferase		99752159	protein-coding		WP_005829189.1	398	QWU49_RS14130
NZ_CP129143.1	3543167	3544183		plus	glycosyltransferase		99752160	protein-coding		WP_034525763.1	338	QWU49_RS14135
NZ_CP129143.1	3544186	3545259		plus	polysaccharide biosynthesis protein		99752161	protein-coding		WP_005829185.1	357	QWU49_RS14140
NZ_CP129143.1	3545360	3545581		plus	hypothetical protein		99752162	protein-coding		WP_005829183.1	73	QWU49_RS14145
NZ_CP129143.1	3545578	3545982		plus	putative toxin-antitoxin system toxin component, PIN family		99752163	protein-coding		WP_005829181.1	134	QWU49_RS14150
NZ_CP129143.1	3546023	3547171		plus	capsular polysaccharide biosynthesis protein CapF		99752164	protein-coding		WP_005829179.1	382	QWU49_RS14155
NZ_CP129143.1	3547197	3548378		plus	non-hydrolyzing UDP-N-acetylglucosamine 2-epimerase	wecB	99752165	protein-coding		WP_005829178.1	393	QWU49_RS14160
NZ_CP129143.1	3548388	3549620		plus	glycosyltransferase family 4 protein		99752166	protein-coding		WP_005829176.1	410	QWU49_RS14165
NZ_CP129143.1	3549694	3549885		plus	hypothetical protein		99752167	protein-coding		WP_005836975.1	63	QWU49_RS14170
NZ_CP129143.1	3549882	3550202		plus	hypothetical protein		99752168	protein-coding		WP_005829173.1	106	QWU49_RS14175
NZ_CP129143.1	3550212	3551192		plus	NAD-dependent epimerase/dehydratase family protein		99752169	protein-coding		WP_005829171.1	326	QWU49_RS14180
NZ_CP129143.1	3551244	3552191		plus	MraY family glycosyltransferase		99752170	protein-coding		WP_005829169.1	315	QWU49_RS14185
NZ_CP129143.1	3552206	3553636		minus	hypothetical protein		99752171	protein-coding		WP_005829167.1	476	QWU49_RS14190
NZ_CP129143.1	3553831	3555954		minus	alpha/beta hydrolase family protein		99752172	protein-coding		WP_005829163.1	707	QWU49_RS14195
NZ_CP129143.1	3555992	3557323		minus	MATE family efflux transporter		99752173	protein-coding		WP_005829161.1	443	QWU49_RS14200
NZ_CP129143.1	3557425	3559278		minus	membrane protein insertase YidC	yidC	99752174	protein-coding		WP_005829159.1	617	QWU49_RS14205
NZ_CP129143.1	3559310	3560929		minus	CTP synthase		99752175	protein-coding		WP_005829157.1	539	QWU49_RS14210
NZ_CP129143.1	3561200	3562639		plus	DUF3078 domain-containing protein		99752176	protein-coding		WP_005829153.1	479	QWU49_RS14215
NZ_CP129143.1	3562870	3563289		plus	SoxR reducing system RseC family protein		99752177	protein-coding		WP_005829149.1	139	QWU49_RS14220
NZ_CP129143.1	3563327	3564229		plus	Fe-S cluster domain-containing protein		99752178	protein-coding		WP_005829147.1	300	QWU49_RS14225
NZ_CP129143.1	3564290	3565627		plus	electron transport complex subunit RsxC	rsxC	99752179	protein-coding		WP_005829145.1	445	QWU49_RS14230
NZ_CP129143.1	3565634	3566626		plus	RnfABCDGE type electron transport complex subunit D		99752180	protein-coding		WP_005829143.1	330	QWU49_RS14235
NZ_CP129143.1	3566623	3567288		plus	RnfABCDGE type electron transport complex subunit G		99752181	protein-coding		WP_005829140.1	221	QWU49_RS14240
NZ_CP129143.1	3567305	3567889		plus	electron transport complex subunit RsxE	rsxE	99752182	protein-coding		WP_005829138.1	194	QWU49_RS14245
NZ_CP129143.1	3567983	3568561		plus	electron transport complex subunit RsxA	rsxA	99752183	protein-coding		WP_008663551.1	192	QWU49_RS14250
NZ_CP129143.1	3568693	3569727		plus	UDP-glucose 4-epimerase GalE	galE	99752184	protein-coding		WP_005829134.1	344	QWU49_RS14255
NZ_CP129143.1	3570338	3571873		plus	F0F1 ATP synthase subunit beta	atpD	99752185	protein-coding		WP_005829130.1	511	QWU49_RS14260
NZ_CP129143.1	3571893	3572141		plus	ATP synthase F1 subunit epsilon	atpC	99752186	protein-coding		WP_034523421.1	82	QWU49_RS14265
NZ_CP129143.1	3572183	3572602		plus	hypothetical protein		99752187	protein-coding		WP_005829126.1	139	QWU49_RS14270
NZ_CP129143.1	3572586	3573656		plus	F0F1 ATP synthase subunit A	atpB	99752188	protein-coding		WP_005829124.1	356	QWU49_RS14275
NZ_CP129143.1	3573713	3573970		plus	ATP synthase F0 subunit C	atpE	99752189	protein-coding		WP_005829122.1	85	QWU49_RS14280
NZ_CP129143.1	3574066	3574572		plus	F0F1 ATP synthase subunit B	atpF	99752190	protein-coding		WP_005829120.1	168	QWU49_RS14285
NZ_CP129143.1	3574584	3575144		plus	F0F1 ATP synthase subunit delta		99752191	protein-coding		WP_005829118.1	186	QWU49_RS14290
NZ_CP129143.1	3575278	3576861		plus	F0F1 ATP synthase subunit alpha	atpA	99752192	protein-coding		WP_085929908.1	527	QWU49_RS14295
NZ_CP129143.1	3576983	3577873		plus	F0F1 ATP synthase subunit gamma		99752193	protein-coding		WP_005829113.1	296	QWU49_RS14300
NZ_CP129143.1	3578041	3580257		plus	AAA family ATPase		99752194	protein-coding		WP_074668656.1	738	QWU49_RS14305
NZ_CP129143.1	3580289	3581191		minus	SDR family oxidoreductase		99752195	protein-coding		WP_005829109.1	300	QWU49_RS14310
NZ_CP129143.1	3581217	3581813		minus	hypothetical protein		99752196	protein-coding		WP_005829107.1	198	QWU49_RS14315
NZ_CP129143.1	3581914	3582720		minus	hypothetical protein		99752197	protein-coding		WP_057098116.1	268	QWU49_RS14320
NZ_CP129143.1	3582742	3583464		minus	response regulator transcription factor		99752198	protein-coding		WP_005829101.1	240	QWU49_RS14325
NZ_CP129143.1	3583538	3585109		minus	sensor histidine kinase		99752199	protein-coding		WP_005829099.1	523	QWU49_RS14330
NZ_CP129143.1	3585311	3587464		plus	outer membrane beta-barrel family protein		99752200	protein-coding		WP_034525802.1	717	QWU49_RS14335
NZ_CP129143.1	3587580	3589250		plus	formate--tetrahydrofolate ligase		99752201	protein-coding		WP_005829089.1	556	QWU49_RS14340
NZ_CP129143.1	3589370	3590650		minus	serine hydroxymethyltransferase	glyA	99752202	protein-coding		WP_005829088.1	426	QWU49_RS14345
NZ_CP129143.1	3590753	3591523		minus	porin family protein		99752203	protein-coding		WP_005829086.1	256	QWU49_RS14350
NZ_CP129143.1	3591547	3592113		minus	flavin reductase family protein		99752204	protein-coding		WP_005829084.1	188	QWU49_RS14355
NZ_CP129143.1	3592110	3592574		minus	aspartate carbamoyltransferase regulatory subunit	pyrI	99752205	protein-coding		WP_005829083.1	154	QWU49_RS14360
NZ_CP129143.1	3592601	3593548		minus	aspartate carbamoyltransferase	pyrB	99752206	protein-coding		WP_005829081.1	315	QWU49_RS14365
NZ_CP129143.1	3594160	3596490		plus	transglycosylase domain-containing protein		99752207	protein-coding		WP_005829073.1	776	QWU49_RS14370
NZ_CP129143.1	3596562	3596927		plus	2-amino-4-hydroxy-6-hydroxymethyldihydropteridine diphosphokinase		99752208	protein-coding		WP_005829072.1	121	QWU49_RS14375
NZ_CP129143.1	3597010	3597765		plus	3-deoxy-manno-octulosonate cytidylyltransferase	kdsB	99752209	protein-coding		WP_005829071.1	251	QWU49_RS14380
NZ_CP129143.1	3597778	3599067		plus	M16 family metallopeptidase		99752210	protein-coding		WP_005829070.1	429	QWU49_RS14385
NZ_CP129143.1	3599142	3600305		plus	phosphatidylinositol-4-phosphate 5-kinase		99752211	protein-coding		WP_005829069.1	387	QWU49_RS14390
NZ_CP129143.1	3600398	3601336		minus	ribose-phosphate pyrophosphokinase		99752212	protein-coding		WP_005829068.1	312	QWU49_RS14395
NZ_CP129143.1	3601461	3605807		plus	DUF5113 domain-containing protein		99752213	protein-coding		WP_008663579.1	1448	QWU49_RS14400
NZ_CP129143.1	3605811	3606539		plus	DUF5932 domain-containing protein		99752214	protein-coding		WP_005829066.1	242	QWU49_RS14405
NZ_CP129143.1	3606532	3607983		plus	AbgT family transporter		99752215	protein-coding		WP_005829063.1	483	QWU49_RS14410
NZ_CP129143.1	3607958	3608662		minus	ribose 5-phosphate isomerase A	rpiA	99752216	protein-coding		WP_005829061.1	234	QWU49_RS14415
NZ_CP129143.1	3608951	3609024		plus	tRNA-Arg		99752217	tRNA				QWU49_RS14420
NZ_CP129143.1	3609205	3610371		plus	site-specific integrase		99752218	protein-coding		WP_005829057.1	388	QWU49_RS14425
NZ_CP129143.1	3610487	3610786		minus	hypothetical protein		99752219	protein-coding		WP_005829055.1	99	QWU49_RS14430
NZ_CP129143.1	3610783	3611028		minus	hypothetical protein		99752220	protein-coding		WP_005829052.1	81	QWU49_RS14435
NZ_CP129143.1	3611021	3611383		minus	hypothetical protein		99752221	protein-coding		WP_005829050.1	120	QWU49_RS14440
NZ_CP129143.1	3611380	3611577		minus	hypothetical protein		99752222	protein-coding		WP_227239044.1	65	QWU49_RS14445
NZ_CP129143.1	3611971	3612840		minus	DNA adenine methylase		99752223	protein-coding		WP_005829044.1	289	QWU49_RS14450
NZ_CP129143.1	3612845	3614257		minus	hypothetical protein		99752224	protein-coding		WP_005837023.1	470	QWU49_RS14455
NZ_CP129143.1	3614502	3614930		minus	DUF5053 domain-containing protein		99752225	protein-coding		WP_005829037.1	142	QWU49_RS14460
NZ_CP129143.1	3614969	3615163		minus	hypothetical protein		99752226	protein-coding		WP_005837025.1	64	QWU49_RS14465
NZ_CP129143.1	3615269	3617044		minus	hypothetical protein		99752227	protein-coding		WP_005829033.1	591	QWU49_RS14470
NZ_CP129143.1	3617041	3620541		minus	phage tail tape measure protein		99752228	protein-coding		WP_005829031.1	1166	QWU49_RS14475
NZ_CP129143.1	3620528	3621070		minus	hypothetical protein		99752229	protein-coding		WP_005829029.1	180	QWU49_RS14480
NZ_CP129143.1	3621135	3621659		minus	glycoside hydrolase family 108 protein		99752230	protein-coding		WP_005829027.1	174	QWU49_RS14485
NZ_CP129143.1	3621684	3624824		minus	hypothetical protein		99752231	protein-coding		WP_005829026.1	1046	QWU49_RS14490
NZ_CP129143.1	3624835	3625035		minus	hypothetical protein		99752232	protein-coding		WP_005829025.1	66	QWU49_RS14495
NZ_CP129143.1	3625042	3626976		minus	hypothetical protein		99752233	protein-coding		WP_005829023.1	644	QWU49_RS14500
NZ_CP129143.1	3626983	3627459		minus	hypothetical protein		99752234	protein-coding		WP_005829022.1	158	QWU49_RS14505
NZ_CP129143.1	3627456	3628244		minus	hypothetical protein		99752235	protein-coding		WP_005829021.1	262	QWU49_RS14510
NZ_CP129143.1	3628241	3629275		minus	DUF6712 family protein		99752236	protein-coding		WP_005829020.1	344	QWU49_RS14515
NZ_CP129143.1	3629275	3630630		minus	hypothetical protein		99752237	protein-coding		WP_005829018.1	451	QWU49_RS14520
NZ_CP129143.1	3630630	3630908		minus	hypothetical protein		99752238	protein-coding		WP_005829015.1	92	QWU49_RS14525
NZ_CP129143.1	3630918	3632012		minus	hypothetical protein		99752239	protein-coding		WP_005829013.1	364	QWU49_RS14530
NZ_CP129143.1	3632006	3632506		minus	hypothetical protein		99752240	protein-coding		WP_005829011.1	166	QWU49_RS14535
NZ_CP129143.1	3632490	3633050		minus	phage holin family protein		99752241	protein-coding		WP_008664691.1	186	QWU49_RS14540
NZ_CP129143.1	3633165	3633464		minus	hypothetical protein		99752242	protein-coding		WP_005829006.1	99	QWU49_RS14545
NZ_CP129143.1	3633461	3633706		minus	hypothetical protein		99752243	protein-coding		WP_005829004.1	81	QWU49_RS14550
NZ_CP129143.1	3633703	3633909		minus	hypothetical protein		99752244	protein-coding		WP_005829002.1	68	QWU49_RS14555
NZ_CP129143.1	3633906	3634181		minus	hypothetical protein		99752245	protein-coding		WP_008664689.1	91	QWU49_RS14560
NZ_CP129143.1	3634497	3634904		minus	DUF2442 domain-containing protein		99752246	protein-coding		WP_005828999.1	135	QWU49_RS14565
NZ_CP129143.1	3634938	3635174		minus	DUF4160 domain-containing protein		99752247	protein-coding		WP_005828998.1	78	QWU49_RS14570
NZ_CP129143.1	3635379	3635969		minus	JAB domain-containing protein		99752248	protein-coding		WP_005828993.1	196	QWU49_RS14575
NZ_CP129143.1	3635989	3636549		minus	phosphoribosyltransferase		99752249	protein-coding		WP_008664684.1	186	QWU49_RS14580
NZ_CP129143.1	3637376	3639103		minus	hypothetical protein		99752250	protein-coding		WP_005828988.1	575	QWU49_RS14585
NZ_CP129143.1	3639116	3639328		minus	hypothetical protein		99752251	protein-coding		WP_005828986.1	70	QWU49_RS14590
NZ_CP129143.1	3639339	3639941		minus	hypothetical protein		99752252	protein-coding		WP_005828985.1	200	QWU49_RS14595
NZ_CP129143.1	3639934	3640221		minus	hypothetical protein		99752253	protein-coding		WP_005828984.1	95	QWU49_RS14600
NZ_CP129143.1	3640193	3640810		minus	hypothetical protein		99752254	protein-coding		WP_005828983.1	205	QWU49_RS14605
NZ_CP129143.1	3640819	3641709		minus	hypothetical protein		99752255	protein-coding		WP_005828982.1	296	QWU49_RS14610
NZ_CP129143.1	3641842	3642444		minus	hypothetical protein		99752256	protein-coding		WP_005828980.1	200	QWU49_RS14615
NZ_CP129143.1	3642456	3643691		minus	hypothetical protein		99752257	protein-coding		WP_005828978.1	411	QWU49_RS14620
NZ_CP129143.1	3643709	3644827		minus	Clp protease ClpP		99752258	protein-coding		WP_005828975.1	372	QWU49_RS14625
NZ_CP129143.1	3644952	3645434		minus	hypothetical protein		99752259	protein-coding		WP_005828973.1	160	QWU49_RS14630
NZ_CP129143.1	3645415	3645999		minus	hypothetical protein		99752260	protein-coding		WP_005828970.1	194	QWU49_RS14635
NZ_CP129143.1	3646579	3646908		minus	hypothetical protein		99752261	protein-coding		WP_005828963.1	109	QWU49_RS14640
NZ_CP129143.1	3646968	3647288		minus	hypothetical protein		99752262	protein-coding		WP_005828961.1	106	QWU49_RS14645
NZ_CP129143.1	3647288	3650341		minus	CHC2 zinc finger domain-containing protein		99752263	protein-coding		WP_005828959.1	1017	QWU49_RS14650
NZ_CP129143.1	3650397	3650738		minus	hypothetical protein		99752264	protein-coding		WP_005828958.1	113	QWU49_RS14655
NZ_CP129143.1	3650754	3651113		minus	hypothetical protein		99752265	protein-coding		WP_008664669.1	119	QWU49_RS14660
NZ_CP129143.1	3651137	3651694		minus	response regulator transcription factor		99752266	protein-coding		WP_005828953.1	185	QWU49_RS14665
NZ_CP129143.1	3651681	3651941		minus	hypothetical protein		99752267	protein-coding		WP_005823526.1	86	QWU49_RS14670
NZ_CP129143.1	3652288	3652668		plus	helix-turn-helix domain-containing protein		99752268	protein-coding		WP_005828948.1	126	QWU49_RS14675
NZ_CP129143.1	3652670	3652867		plus	hypothetical protein		99752269	protein-coding		WP_005828945.1	65	QWU49_RS14680
NZ_CP129143.1	3653069	3653266		minus	hypothetical protein		99752270	protein-coding		WP_005828941.1	65	QWU49_RS14685
NZ_CP129143.1	3653279	3654244		minus	YbjQ family protein		99752271	protein-coding		WP_005828939.1	321	QWU49_RS14690
NZ_CP129143.1	3654249	3655727		minus	hypothetical protein		99752272	protein-coding		WP_005828937.1	492	QWU49_RS14695
NZ_CP129143.1	3655766	3656467		minus	S24 family peptidase		99752273	protein-coding		WP_005828935.1	233	QWU49_RS14700
NZ_CP129143.1	3656725	3657507		minus	IS21-like element helper ATPase IstB	istB	99752274	protein-coding		WP_005824105.1	260	QWU49_RS14705
NZ_CP129143.1	3657494	3659074		minus	IS21 family transposase	istA	99752275	protein-coding		WP_005829261.1	526	QWU49_RS14710
NZ_CP129143.1	3659248	3659859		plus	uncharacterized gene		99752276	pseudogene				QWU49_RS14715
NZ_CP129143.1	3660009	3660248		plus	DUF4160 domain-containing protein		99752277	protein-coding		WP_005824559.1	79	QWU49_RS14720
NZ_CP129143.1	3660255	3660668		plus	DUF2442 domain-containing protein		99752278	protein-coding		WP_005837049.1	137	QWU49_RS14725
NZ_CP129143.1	3660833	3661088		plus	uncharacterized gene		99752279	pseudogene				QWU49_RS14730
NZ_CP129143.1	3661374	3662954		plus	IS21 family transposase	istA	99752280	protein-coding		WP_005829261.1	526	QWU49_RS14735
NZ_CP129143.1	3662941	3663723		plus	IS21-like element helper ATPase IstB	istB	99752281	protein-coding		WP_005824105.1	260	QWU49_RS14740
NZ_CP129143.1	3663886	3664734		plus	WD40/YVTN/BNR-like repeat-containing protein		99752282	protein-coding		WP_229110786.1	282	QWU49_RS14745
NZ_CP129143.1	3664740	3665324		plus	DUF4376 domain-containing protein		99752283	protein-coding		WP_005825595.1	194	QWU49_RS14750
NZ_CP129143.1	3665336	3665824		plus	hypothetical protein		99752284	protein-coding		WP_005825594.1	162	QWU49_RS14755
NZ_CP129143.1	3665835	3666176		plus	hypothetical protein		99752285	protein-coding		WP_005825592.1	113	QWU49_RS14760
NZ_CP129143.1	3666204	3666605		plus	hypothetical protein		99752286	protein-coding		WP_005825591.1	133	QWU49_RS14765
NZ_CP129143.1	3666602	3667060		plus	DUF6808 domain-containing protein		99752287	protein-coding		WP_008664639.1	152	QWU49_RS14770
NZ_CP129143.1	3667159	3668649		plus	TIR domain-containing protein		99752288	protein-coding		WP_005825587.1	496	QWU49_RS14775
NZ_CP129143.1	3669435	3669761		plus	hypothetical protein		99752289	protein-coding		WP_005825585.1	108	QWU49_RS14780
NZ_CP129143.1	3669975	3670256		plus	hypothetical protein		99752290	protein-coding		WP_005825583.1	93	QWU49_RS14785
NZ_CP129143.1	3670348	3671739		minus	hypothetical protein		99752291	protein-coding		WP_005825581.1	463	QWU49_RS14790
NZ_CP129143.1	3672249	3673208		minus	alpha/beta hydrolase family protein		99752292	protein-coding		WP_005825579.1	319	QWU49_RS14795
NZ_CP129143.1	3673520	3673753		minus	YecH family metal-binding protein		99752293	protein-coding		WP_005825578.1	77	QWU49_RS14800
NZ_CP129143.1	3673963	3674676		plus	hypothetical protein		99752294	protein-coding		WP_005825577.1	237	QWU49_RS14805
NZ_CP129143.1	3674747	3676756		minus	alpha amylase C-terminal domain-containing protein		99752295	protein-coding		WP_005825576.1	669	QWU49_RS14810
NZ_CP129143.1	3676788	3677234		minus	YhcH/YjgK/YiaL family protein		99752296	protein-coding		WP_005825575.1	148	QWU49_RS14815
NZ_CP129143.1	3677269	3677934		minus	DUF2461 domain-containing protein		99752297	protein-coding		WP_005825574.1	221	QWU49_RS14820
NZ_CP129143.1	3678270	3678500		plus	DUF6965 family protein		99752298	protein-coding		WP_005825572.1	76	QWU49_RS14825
NZ_CP129143.1	3678605	3680302		minus	alpha-amylase family protein		99752299	protein-coding		WP_005825570.1	565	QWU49_RS14830
NZ_CP129143.1	3680335	3681144		minus	patatin-like phospholipase family protein		99752300	protein-coding		WP_005825568.1	269	QWU49_RS14835
NZ_CP129143.1	3681430	3681609		minus	uncharacterized gene		99752301	pseudogene				QWU49_RS14840
NZ_CP129143.1	3681722	3682138		minus	hypothetical protein		99752302	protein-coding		WP_005825565.1	138	QWU49_RS14845
NZ_CP129143.1	3682379	3683140		minus	hypothetical protein		99752303	protein-coding		WP_005825564.1	253	QWU49_RS14850
NZ_CP129143.1	3683161	3683433		minus	hypothetical protein		99752304	protein-coding		WP_005825562.1	90	QWU49_RS14855
NZ_CP129143.1	3683441	3684253		minus	uracil-DNA glycosylase family protein		99752305	protein-coding		WP_005825561.1	270	QWU49_RS14860
NZ_CP129143.1	3684613	3685578		minus	IS1595-like element ISBun2 family transposase		99752306	protein-coding		WP_005825559.1	321	QWU49_RS14865
NZ_CP129143.1	3686348	3686686		minus	uncharacterized gene		99752307	pseudogene				QWU49_RS14870
NZ_CP129143.1	3686756	3687877		minus	DUF362 domain-containing protein		99752308	protein-coding		WP_005837094.1	373	QWU49_RS14875
NZ_CP129143.1	3688046	3688693		plus	DUF4476 domain-containing protein		99752309	protein-coding		WP_005825555.1	215	QWU49_RS14880
NZ_CP129143.1	3688802	3689629		minus	bifunctional hydroxymethylpyrimidine kinase/phosphomethylpyrimidine kinase	thiD	99752310	protein-coding		WP_005825553.1	275	QWU49_RS14885
NZ_CP129143.1	3689651	3690253		minus	thiamine phosphate synthase		99752311	protein-coding		WP_005825551.1	200	QWU49_RS14890
NZ_CP129143.1	3690272	3690967		minus	HesA/MoeB/ThiF family protein		99752312	protein-coding		WP_005837100.1	231	QWU49_RS14895
NZ_CP129143.1	3691003	3692136		minus	2-iminoacetate synthase ThiH	thiH	99752313	protein-coding		WP_005825548.1	377	QWU49_RS14900
NZ_CP129143.1	3692157	3693839		minus	phosphomethylpyrimidine synthase ThiC	thiC	99752314	protein-coding		WP_005825547.1	560	QWU49_RS14905
NZ_CP129143.1	3693997	3694776		minus	thiazole synthase		99752315	protein-coding		WP_009038437.1	259	QWU49_RS14910
NZ_CP129143.1	3694800	3695450		minus	thiamine phosphate synthase		99752316	protein-coding		WP_009038436.1	216	QWU49_RS14915
NZ_CP129143.1	3695456	3695653		minus	sulfur carrier protein ThiS	thiS	99752317	protein-coding		WP_005837106.1	65	QWU49_RS14920
NZ_CP129143.1	3695888	3696430		minus	hypothetical protein		99752318	protein-coding		WP_016273742.1	180	QWU49_RS14925
NZ_CP129143.1	3696538	3697425		minus	ACP S-malonyltransferase	fabD	99752319	protein-coding		WP_005825542.1	295	QWU49_RS14930
NZ_CP129143.1	3697824	3698555		plus	NUDIX hydrolase		99752320	protein-coding		WP_005825541.1	243	QWU49_RS14935
NZ_CP129143.1	3698603	3700081		plus	xylulokinase		99752321	protein-coding		WP_005825540.1	492	QWU49_RS14940
NZ_CP129143.1	3700187	3701503		plus	xylose isomerase	xylA	99752322	protein-coding		WP_005825539.1	438	QWU49_RS14945
NZ_CP129143.1	3701618	3703105		plus	D-xylose transporter XylE	xylE	99752323	protein-coding		WP_005825537.1	495	QWU49_RS14950
NZ_CP129143.1	3703298	3704830		plus	carbon-nitrogen hydrolase family protein		99752324	protein-coding		WP_005825535.1	510	QWU49_RS14955
NZ_CP129143.1	3704872	3705000		minus	hypothetical protein		99752325	protein-coding		WP_005837113.1	42	QWU49_RS14960
NZ_CP129143.1	3705048	3705854		plus	hypothetical protein		99752326	protein-coding		WP_005825533.1	268	QWU49_RS14965
NZ_CP129143.1	3706129	3707001		minus	DNA-methyltransferase		99752327	protein-coding		WP_005825531.1	290	QWU49_RS14970
NZ_CP129143.1	3706998	3707519		minus	hypothetical protein		99752328	protein-coding		WP_005825529.1	173	QWU49_RS14975
NZ_CP129143.1	3707528	3708388		minus	type II restriction endonuclease		99752329	protein-coding		WP_005825528.1	286	QWU49_RS14980
NZ_CP129143.1	3708395	3709309		minus	DNA adenine methylase		99752330	protein-coding		WP_008664601.1	304	QWU49_RS14985
NZ_CP129143.1	3709629	3713117		plus	isoleucine--tRNA ligase	ileS	99752331	protein-coding		WP_005825526.1	1162	QWU49_RS14990
NZ_CP129143.1	3713151	3713531		plus	TraR/DksA family transcriptional regulator		99752332	protein-coding		WP_004290962.1	126	QWU49_RS14995
NZ_CP129143.1	3713534	3714166		plus	lipoprotein signal peptidase		99752333	protein-coding		WP_005825525.1	210	QWU49_RS15000
NZ_CP129143.1	3714163	3715089		plus	DUF4296 domain-containing protein		99752334	protein-coding		WP_005825524.1	308	QWU49_RS15005
NZ_CP129143.1	3715086	3715421		plus	hypothetical protein		99752335	protein-coding		WP_005837115.1	111	QWU49_RS15010
NZ_CP129143.1	3715369	3716130		minus	TrmH family RNA methyltransferase		99752336	protein-coding		WP_005825522.1	253	QWU49_RS15015
NZ_CP129143.1	3716274	3718583		plus	BamA/TamA family outer membrane protein		99752337	protein-coding		WP_005825520.1	769	QWU49_RS15020
NZ_CP129143.1	3718665	3719219		minus	DUF3332 domain-containing protein		99752338	protein-coding		WP_005825518.1	184	QWU49_RS15025
NZ_CP129143.1	3719358	3719795		minus	DoxX family protein		99752339	protein-coding		WP_009038432.1	145	QWU49_RS15030
NZ_CP129143.1	3719852	3721138		minus	NAD(P)/FAD-dependent oxidoreductase		99752340	protein-coding		WP_005825516.1	428	QWU49_RS15035
NZ_CP129143.1	3721347	3722540		plus	BamA/TamA family outer membrane protein		99752341	protein-coding		WP_005825515.1	397	QWU49_RS15040
NZ_CP129143.1	3722527	3724227		plus	lipid A phosphoethanolamine transferase		99752342	protein-coding		WP_005825514.1	566	QWU49_RS15045
NZ_CP129143.1	3724252	3724668		minus	DUF1893 domain-containing protein		99752343	protein-coding		WP_005825513.1	138	QWU49_RS15050
NZ_CP129143.1	3724670	3726070		minus	aldo/keto reductase		99752344	protein-coding		WP_005825512.1	466	QWU49_RS15055
NZ_CP129143.1	3726092	3727588		minus	4Fe-4S binding protein		99752345	protein-coding		WP_005825508.1	498	QWU49_RS15060
NZ_CP129143.1	3727785	3729575		minus	glycoside hydrolase family 15 protein		99752346	protein-coding		WP_005825506.1	596	QWU49_RS15065
NZ_CP129143.1	3729581	3731836		minus	bifunctional alpha,alpha-trehalose-phosphate synthase (UDP-forming)/trehalose-phosphatase		99752347	protein-coding		WP_005825504.1	751	QWU49_RS15070
NZ_CP129143.1	3731976	3732533		minus	NAD(P)H-dependent oxidoreductase		99752348	protein-coding		WP_005825500.1	185	QWU49_RS15075
NZ_CP129143.1	3732858	3732930		minus	tRNA-Lys		99752349	tRNA				QWU49_RS15080
NZ_CP129143.1	3733024	3733827		minus	MBL fold metallo-hydrolase		99752350	protein-coding		WP_005837132.1	267	QWU49_RS15085
NZ_CP129143.1	3733910	3735292		minus	MFS transporter		99752351	protein-coding		WP_005825496.1	460	QWU49_RS15090
NZ_CP129143.1	3735500	3736189		plus	HAD family hydrolase		99752352	protein-coding		WP_005825494.1	229	QWU49_RS15095
NZ_CP129143.1	3736232	3737638		minus	glucuronate isomerase	uxaC	99752353	protein-coding		WP_005825492.1	468	QWU49_RS15100
NZ_CP129143.1	3737872	3738933		plus	substrate-binding domain-containing protein		99752354	protein-coding		WP_005825489.1	353	QWU49_RS15105
NZ_CP129143.1	3738961	3740409		plus	tagaturonate reductase		99752355	protein-coding		WP_005825488.1	482	QWU49_RS15110
NZ_CP129143.1	3740518	3741051		minus	FHA domain-containing protein		99752356	protein-coding		WP_005825486.1	177	QWU49_RS15115
NZ_CP129143.1	3741102	3742256		minus	SPOR domain-containing protein		99752357	protein-coding		WP_005825483.1	384	QWU49_RS15120
NZ_CP129143.1	3742490	3743908		plus	capsule assembly Wzi family protein		99752358	protein-coding		WP_005825482.1	472	QWU49_RS15125
NZ_CP129143.1	3743913	3744461		plus	dTDP-4-dehydrorhamnose 3,5-epimerase	rfbC	99752359	protein-coding		WP_005825481.1	182	QWU49_RS15130
NZ_CP129143.1	3744465	3745778		plus	UDP-glucose dehydrogenase family protein		99752360	protein-coding		WP_005825480.1	437	QWU49_RS15135
NZ_CP129143.1	3745816	3746616		plus	DUF4738 domain-containing protein		99752361	protein-coding		WP_005837141.1	266	QWU49_RS15140
NZ_CP129143.1	3746653	3747939		minus	DEAD/DEAH box helicase		99752362	protein-coding		WP_005825475.1	428	QWU49_RS15145
NZ_CP129143.1	3747997	3749223		minus	phosphoserine phosphatase SerB	serB	99752363	protein-coding		WP_005825474.1	408	QWU49_RS15150
NZ_CP129143.1	3749500	3750000		plus	thioredoxin-like domain-containing protein		99752364	protein-coding		WP_005825473.1	166	QWU49_RS15155
NZ_CP129143.1	3750274	3751410		minus	LptF/LptG family permease		99752365	protein-coding		WP_005825471.1	378	QWU49_RS15160
NZ_CP129143.1	3751407	3752537		minus	tRNA guanosine(34) transglycosylase Tgt	tgt	99752366	protein-coding		WP_005825470.1	376	QWU49_RS15165
NZ_CP129143.1	3752534	3755014		minus	endopeptidase La	lon	99752367	protein-coding		WP_005825468.1	826	QWU49_RS15170
NZ_CP129143.1	3755186	3755893		plus	tRNA1(Val) (adenine(37)-N6)-methyltransferase		99752368	protein-coding		WP_005825467.1	235	QWU49_RS15175
NZ_CP129143.1	3755980	3756054		plus	tRNA-Pro		99752369	tRNA				QWU49_RS15180
NZ_CP129143.1	3756173	3756343		plus	uncharacterized gene		99752370	pseudogene				QWU49_RS15185
NZ_CP129143.1	3756456	3757238		minus	IS21-like element helper ATPase IstB	istB	99752371	protein-coding		WP_005824105.1	260	QWU49_RS15190
NZ_CP129143.1	3757225	3758805		minus	IS21 family transposase	istA	99752372	protein-coding		WP_005829261.1	526	QWU49_RS15195
NZ_CP129143.1	3759068	3760174		plus	hypothetical protein		99752373	protein-coding		WP_234129830.1	368	QWU49_RS15200
NZ_CP129143.1	3760152	3760838		minus	hypothetical protein		99752374	protein-coding		WP_005827835.1	228	QWU49_RS15205
NZ_CP129143.1	3761182	3761988		minus	M48 family metallopeptidase		99752375	protein-coding		WP_005827832.1	268	QWU49_RS15210
NZ_CP129143.1	3762088	3763275		minus	serine palmitoyltransferase	spt	99752376	protein-coding		WP_005827830.1	395	QWU49_RS15215
NZ_CP129143.1	3763483	3764526		plus	diacylglycerol/lipid kinase family protein		99752377	protein-coding		WP_005827827.1	347	QWU49_RS15220
NZ_CP129143.1	3764658	3766415		plus	aspartate--tRNA ligase	aspS	99752378	protein-coding		WP_005827825.1	585	QWU49_RS15225
NZ_CP129143.1	3766437	3766817		plus	GtrA family protein		99752379	protein-coding		WP_005827823.1	126	QWU49_RS15230
NZ_CP129143.1	3766844	3767731		minus	carbon-nitrogen hydrolase		99752380	protein-coding		WP_005827821.1	295	QWU49_RS15235
NZ_CP129143.1	3767772	3768887		minus	agmatine deiminase family protein		99752381	protein-coding		WP_005837171.1	371	QWU49_RS15240
NZ_CP129143.1	3769026	3769562		minus	ferredoxin domain-containing protein		99752382	protein-coding		WP_005827817.1	178	QWU49_RS15245
NZ_CP129143.1	3769655	3770278		plus	ABC transporter ATP-binding protein		99752383	protein-coding		WP_005827815.1	207	QWU49_RS15250
NZ_CP129143.1	3770290	3771099		plus	ABC transporter permease		99752384	protein-coding		WP_005827813.1	269	QWU49_RS15255
NZ_CP129143.1	3771102	3771512		minus	DUF4891 domain-containing protein		99752385	protein-coding		WP_005827811.1	136	QWU49_RS15260
NZ_CP129143.1	3771537	3772313		minus	DUF4377 domain-containing protein		99752386	protein-coding		WP_005827810.1	258	QWU49_RS15265
NZ_CP129143.1	3772502	3773596		plus	Nif3-like dinuclear metal center hexameric protein		99752387	protein-coding		WP_005827806.1	364	QWU49_RS15270
NZ_CP129143.1	3773602	3774441		plus	zinc ribbon domain-containing protein		99752388	protein-coding		WP_005827804.1	279	QWU49_RS15275
NZ_CP129143.1	3774587	3775753		plus	PCMD domain-containing protein		99752389	protein-coding		WP_005827802.1	388	QWU49_RS15280
NZ_CP129143.1	3775779	3776561		plus	porin family protein		99752390	protein-coding		WP_005827800.1	260	QWU49_RS15285
NZ_CP129143.1	3776655	3778088		plus	efflux transporter outer membrane subunit		99752391	protein-coding		WP_005827798.1	477	QWU49_RS15290
NZ_CP129143.1	3778114	3779217		plus	efflux RND transporter periplasmic adaptor subunit		99752392	protein-coding		WP_005827796.1	367	QWU49_RS15295
NZ_CP129143.1	3779243	3782356		plus	efflux RND transporter permease subunit		99752393	protein-coding		WP_005827794.1	1037	QWU49_RS15300
NZ_CP129143.1	3782494	3783384		plus	CblA family class A beta-lactamase		99752394	protein-coding		WP_005827792.1	296	QWU49_RS15305
NZ_CP129143.1	3783415	3783864		minus	type I restriction enzyme HsdR N-terminal domain-containing protein		99752395	protein-coding		WP_005827787.1	149	QWU49_RS15310
NZ_CP129143.1	3783929	3784705		plus	AMP nucleosidase		99752396	protein-coding		WP_005827785.1	258	QWU49_RS15315
NZ_CP129143.1	3784747	3785766		plus	DNA polymerase III subunit delta	holA	99752397	protein-coding		WP_005827783.1	339	QWU49_RS15320
NZ_CP129143.1	3786677	3787138		plus	helix-turn-helix domain-containing protein		99752398	protein-coding		WP_005827779.1	153	QWU49_RS15325
NZ_CP129143.1	3787256	3788032		plus	dihydroorotate dehydrogenase electron transfer subunit		99752399	protein-coding		WP_005827777.1	258	QWU49_RS15330
NZ_CP129143.1	3788020	3788931		plus	dihydroorotate dehydrogenase		99752400	protein-coding		WP_005827775.1	303	QWU49_RS15335
NZ_CP129143.1	3789025	3789702		minus	tRNA (guanosine(37)-N1)-methyltransferase TrmD	trmD	99752401	protein-coding		WP_005827773.1	225	QWU49_RS15340
NZ_CP129143.1	3789792	3791789		plus	NAD-dependent DNA ligase LigA	ligA	99752402	protein-coding		WP_005827771.1	665	QWU49_RS15345
NZ_CP129143.1	3791893	3792786		plus	4-hydroxy-tetrahydrodipicolinate synthase	dapA	99752403	protein-coding		WP_005827769.1	297	QWU49_RS15350
NZ_CP129143.1	3793281	3793354		minus	tRNA-Arg		99752404	tRNA				QWU49_RS15355
NZ_CP129143.1	3793378	3793451		minus	tRNA-Arg		99752405	tRNA				QWU49_RS15360
NZ_CP129143.1	3793527	3795824		minus	patatin-like phospholipase family protein		99752406	protein-coding		WP_008664510.1	765	QWU49_RS15365
NZ_CP129143.1	3796006	3798054		minus	molecular chaperone HtpG	htpG	99752407	protein-coding		WP_005827766.1	682	QWU49_RS15370
NZ_CP129143.1	3798166	3800694		minus	ATP-dependent Clp protease ATP-binding subunit		99752408	protein-coding		WP_005827762.1	842	QWU49_RS15375
NZ_CP129143.1	3800996	3803524		plus	DNA gyrase subunit A	gyrA	99752409	protein-coding		WP_005827761.1	842	QWU49_RS15380
NZ_CP129143.1	3803555	3804796		plus	tetratricopeptide repeat protein		99752410	protein-coding		WP_005837195.1	413	QWU49_RS15385
NZ_CP129143.1	3804985	3806115		minus	universal stress protein		99752411	protein-coding		WP_005827758.1	376	QWU49_RS15390
NZ_CP129143.1	3806196	3806471		minus	DNA-binding protein		99752412	protein-coding		WP_085929906.1	91	QWU49_RS15395
NZ_CP129143.1	3806721	3807566		minus	tetratricopeptide repeat protein		99752413	protein-coding		WP_005827754.1	281	QWU49_RS15400
NZ_CP129143.1	3807577	3809421		minus	BatD family protein		99752414	protein-coding		WP_005827753.1	614	QWU49_RS15405
NZ_CP129143.1	3809444	3810154		minus	tetratricopeptide repeat protein		99752415	protein-coding		WP_008664501.1	236	QWU49_RS15410
NZ_CP129143.1	3810151	3811179		minus	VWA domain-containing protein		99752416	protein-coding		WP_005827751.1	342	QWU49_RS15415
NZ_CP129143.1	3811260	3812243		minus	vWA domain-containing protein		99752417	protein-coding		WP_005827750.1	327	QWU49_RS15420
NZ_CP129143.1	3812339	3813418		minus	hypothetical protein		99752418	protein-coding		WP_005827749.1	359	QWU49_RS15425
NZ_CP129143.1	3813426	3814295		minus	DUF58 domain-containing protein		99752419	protein-coding		WP_005827747.1	289	QWU49_RS15430
NZ_CP129143.1	3814464	3815459		minus	AAA family ATPase		99752420	protein-coding		WP_005827745.1	331	QWU49_RS15435
NZ_CP129143.1	3815653	3816834		minus	HU family DNA-binding protein		99752421	protein-coding		WP_005837202.1	393	QWU49_RS15440
NZ_CP129143.1	3816861	3817133		minus	HU family DNA-binding protein		99752422	protein-coding		WP_005827742.1	90	QWU49_RS15445
NZ_CP129143.1	3817212	3818510		minus	30S ribosomal protein S12 methylthiotransferase RimO	rimO	99752423	protein-coding		WP_005827740.1	432	QWU49_RS15450
NZ_CP129143.1	3818507	3819466		minus	signal recognition particle-docking protein FtsY	ftsY	99752424	protein-coding		WP_005827738.1	319	QWU49_RS15455
NZ_CP129143.1	3819717	3819875		minus	DUF4295 domain-containing protein		99752425	protein-coding		WP_005827735.1	52	QWU49_RS15460
NZ_CP129143.1	3819890	3820078		minus	50S ribosomal protein L33	rpmG	99752426	protein-coding		WP_002560155.1	62	QWU49_RS15465
NZ_CP129143.1	3820099	3820359		minus	50S ribosomal protein L28	rpmB	99752427	protein-coding		WP_004291052.1	86	QWU49_RS15470
NZ_CP129143.1	3820481	3820948		minus	CinA family protein		99752428	protein-coding		WP_005827733.1	155	QWU49_RS15475
NZ_CP129143.1	3820962	3821984		minus	tRNA (adenosine(37)-N6)-threonylcarbamoyltransferase complex transferase subunit TsaD	tsaD	99752429	protein-coding		WP_005827731.1	340	QWU49_RS15480
NZ_CP129143.1	3822189	3826661		plus	translocation/assembly module TamB domain-containing protein		99752430	protein-coding		WP_005827729.1	1490	QWU49_RS15485
NZ_CP129143.1	3826819	3828390		minus	replicative DNA helicase	dnaB	99752431	protein-coding		WP_008664493.1	523	QWU49_RS15490
NZ_CP129143.1	3828689	3829522		plus	4-(cytidine 5'-diphospho)-2-C-methyl-D-erythritol kinase	ispE	99752432	protein-coding		WP_005827724.1	277	QWU49_RS15495
NZ_CP129143.1	3829606	3830100		plus	PepSY-like domain-containing protein		99752433	protein-coding		WP_005827722.1	164	QWU49_RS15500
NZ_CP129143.1	3830170	3831336		minus	formate-dependent phosphoribosylglycinamide formyltransferase	purT	99752434	protein-coding		WP_005827720.1	388	QWU49_RS15505
NZ_CP129143.1	3831475	3832992		minus	DUF4301 family protein		99752435	protein-coding		WP_005827718.1	505	QWU49_RS15510
NZ_CP129143.1	3833098	3835317		plus	RelA/SpoT family protein		99752436	protein-coding		WP_005827714.1	739	QWU49_RS15515
NZ_CP129143.1	3835334	3835705		plus	diacylglycerol kinase family protein		99752437	protein-coding		WP_005827712.1	123	QWU49_RS15520
NZ_CP129143.1	3835681	3836658		minus	MFS transporter		99752438	protein-coding		WP_005827710.1	325	QWU49_RS15525
NZ_CP129143.1	3836639	3837460		minus	3-methyl-2-oxobutanoate hydroxymethyltransferase	panB	99752439	protein-coding		WP_034523185.1	273	QWU49_RS15530
NZ_CP129143.1	3837537	3838184		minus	HAD family hydrolase		99752440	protein-coding		WP_005827705.1	215	QWU49_RS15535
NZ_CP129143.1	3838303	3839658		plus	MATE family efflux transporter		99752441	protein-coding		WP_005827703.1	451	QWU49_RS15540
NZ_CP129143.1	3839810	3842113		minus	ABC transporter permease		99752442	protein-coding		WP_005827699.1	767	QWU49_RS15545
NZ_CP129143.1	3842133	3844436		minus	ABC transporter permease		99752443	protein-coding		WP_005827696.1	767	QWU49_RS15550
NZ_CP129143.1	3844458	3845141		minus	ABC transporter ATP-binding protein		99752444	protein-coding		WP_005827694.1	227	QWU49_RS15555
NZ_CP129143.1	3845166	3847481		minus	ABC transporter permease		99752445	protein-coding		WP_005827691.1	771	QWU49_RS15560
NZ_CP129143.1	3847766	3848572		plus	metallophosphoesterase family protein		99752446	protein-coding		WP_034525553.1	268	QWU49_RS15565
NZ_CP129143.1	3848547	3849284		plus	hypothetical protein		99752447	protein-coding		WP_005827685.1	245	QWU49_RS15570
NZ_CP129143.1	3849528	3850898		plus	sigma-54-dependent transcriptional regulator		99752448	protein-coding		WP_005827680.1	456	QWU49_RS15575
NZ_CP129143.1	3850888	3852195		plus	sensor histidine kinase		99752449	protein-coding		WP_005827678.1	435	QWU49_RS15580
NZ_CP129143.1	3852290	3853741		plus	potassium/proton antiporter		99752450	protein-coding		WP_005827676.1	483	QWU49_RS15585
NZ_CP129143.1	3853857	3855524		plus	long-chain fatty acid--CoA ligase		99752451	protein-coding		WP_005827674.1	555	QWU49_RS15590
NZ_CP129143.1	3855868	3858021		minus	glycoside hydrolase family 97 protein		99752452	protein-coding		WP_005827672.1	717	QWU49_RS15595
NZ_CP129143.1	3858043	3860541		minus	glycoside hydrolase family 31 protein		99752453	protein-coding		WP_005827670.1	832	QWU49_RS15600
NZ_CP129143.1	3860576	3862381		minus	glycoside hydrolase family 66 protein		99752454	protein-coding		WP_005827668.1	601	QWU49_RS15605
NZ_CP129143.1	3862395	3863891		minus	SusF/SusE family outer membrane protein		99752455	protein-coding		WP_005827666.1	498	QWU49_RS15610
NZ_CP129143.1	3863911	3865401		minus	uncharacterized gene		99752456	pseudogene				QWU49_RS15615
NZ_CP129143.1	3865416	3868418		minus	SusC/RagA family TonB-linked outer membrane protein		99752457	protein-coding		WP_005827660.1	1000	QWU49_RS15620
NZ_CP129143.1	3868668	3870326		minus	DUF6377 domain-containing protein		99752458	protein-coding		WP_008664452.1	552	QWU49_RS15625
NZ_CP129143.1	3870533	3871834		plus	GNAT family N-acetyltransferase		99752459	protein-coding		WP_005827652.1	433	QWU49_RS15630
NZ_CP129143.1	3871869	3872336		plus	hypothetical protein		99752460	protein-coding		WP_005827650.1	155	QWU49_RS15635
NZ_CP129143.1	3872582	3873025		plus	Hsp20/alpha crystallin family protein		99752461	protein-coding		WP_005827646.1	147	QWU49_RS15640
NZ_CP129143.1	3873106	3874242		minus	acyltransferase family protein		99752462	protein-coding		WP_005827644.1	378	QWU49_RS15645
NZ_CP129143.1	3874555	3875670		minus	ABC transporter permease		99752463	protein-coding		WP_005827641.1	371	QWU49_RS15650
NZ_CP129143.1	3875783	3876886		minus	ABC transporter permease		99752464	protein-coding		WP_005827637.1	367	QWU49_RS15655
NZ_CP129143.1	3876934	3878391		minus	ATP-binding cassette domain-containing protein		99752465	protein-coding		WP_005837247.1	485	QWU49_RS15660
NZ_CP129143.1	3878369	3879259		minus	HlyD family secretion protein		99752466	protein-coding		WP_005827632.1	296	QWU49_RS15665
NZ_CP129143.1	3879294	3880556		minus	TolC family protein		99752467	protein-coding		WP_005827630.1	420	QWU49_RS15670
NZ_CP129143.1	3880748	3881641		plus	helix-turn-helix domain-containing protein		99752468	protein-coding		WP_005837252.1	297	QWU49_RS15675
NZ_CP129143.1	3881644	3882192		minus	methylated-DNA--[protein]-cysteine S-methyltransferase		99752469	protein-coding		WP_005827626.1	182	QWU49_RS15680
NZ_CP129143.1	3882230	3885466		minus	carbamoyl-phosphate synthase (glutamine-hydrolyzing) large subunit	carB	99752470	protein-coding		WP_034525538.1	1078	QWU49_RS15685
NZ_CP129143.1	3885684	3886760		minus	glutamine-hydrolyzing carbamoyl-phosphate synthase small subunit	carA	99752471	protein-coding		WP_005827621.1	358	QWU49_RS15690
NZ_CP129143.1	3886769	3888652		minus	hypothetical protein		99752472	protein-coding		WP_005827619.1	627	QWU49_RS15695
NZ_CP129143.1	3888799	3890643		minus	glutamine--fructose-6-phosphate transaminase (isomerizing)	glmS	99752473	protein-coding		WP_005827617.1	614	QWU49_RS15700
NZ_CP129143.1	3891009	3895562		plus	glutamate synthase large subunit	gltB	99752474	protein-coding		WP_369904459.1	1517	QWU49_RS15705
NZ_CP129143.1	3895647	3897005		plus	glutamate synthase subunit beta		99752475	protein-coding		WP_005827613.1	452	QWU49_RS15710
NZ_CP129143.1	3897047	3898774		plus	asparagine synthase B	asnB	99752476	protein-coding		WP_034525537.1	575	QWU49_RS15715
NZ_CP129143.1	3898843	3898935		minus	smalltalk protein		99752477	protein-coding		WP_005837261.1	30	QWU49_RS15720
NZ_CP129143.1	3898976	3899479		minus	HU family DNA-binding protein		99752478	protein-coding		WP_005827604.1	167	QWU49_RS15725
NZ_CP129143.1	3899727	3901520		minus	IS66 family transposase	tnpC	99752479	protein-coding		WP_005827600.1	597	QWU49_RS15730
NZ_CP129143.1	3901593	3901928		minus	IS66 family insertion sequence element accessory protein TnpB	tnpB	99752480	protein-coding		WP_005827599.1	111	QWU49_RS15735
NZ_CP129143.1	3901922	3902284		minus	hypothetical protein		99752481	protein-coding		WP_005827598.1	120	QWU49_RS15740
NZ_CP129143.1	3902366	3903607		minus	DegT/DnrJ/EryC1/StrS family aminotransferase		99752482	protein-coding		WP_005827597.1	413	QWU49_RS15745
NZ_CP129143.1	3903678	3904268		minus	sugar transferase		99752483	protein-coding		WP_005827596.1	196	QWU49_RS15750
NZ_CP129143.1	3904283	3905089		minus	glycosyltransferase		99752484	protein-coding		WP_080545836.1	268	QWU49_RS15755
NZ_CP129143.1	3905061	3906329		minus	CDP-glycerol glycerophosphotransferase family protein		99752485	protein-coding		WP_005827594.1	422	QWU49_RS15760
NZ_CP129143.1	3906332	3907708		minus	bifunctional cytidylyltransferase/SDR family oxidoreductase		99752486	protein-coding		WP_005827593.1	458	QWU49_RS15765
NZ_CP129143.1	3907705	3908700		minus	glycosyltransferase family 2 protein		99752487	protein-coding		WP_005827592.1	331	QWU49_RS15770
NZ_CP129143.1	3908705	3910087		minus	O-antigen polysaccharide polymerase Wzy family protein		99752488	protein-coding		WP_005827591.1	460	QWU49_RS15775
NZ_CP129143.1	3910084	3911178		minus	glycosyltransferase		99752489	protein-coding		WP_005827589.1	364	QWU49_RS15780
NZ_CP129143.1	3911175	3912062		minus	glycosyltransferase family A protein		99752490	protein-coding		WP_005827587.1	295	QWU49_RS15785
NZ_CP129143.1	3912046	3912672		minus	CatB-related O-acetyltransferase		99752491	protein-coding		WP_005827585.1	208	QWU49_RS15790
NZ_CP129143.1	3912669	3913913		minus	oligosaccharide flippase family protein		99752492	protein-coding		WP_167320994.1	414	QWU49_RS15795
NZ_CP129143.1	3914090	3914707		minus	IS66 family transposase		99752493	protein-coding		WP_050758071.1	205	QWU49_RS15800
NZ_CP129143.1	3915034	3915186		minus	hypothetical protein		99752494	protein-coding		WP_005827578.1	50	QWU49_RS15805
NZ_CP129143.1	3915197	3916765		minus	ATP-binding protein		99752495	protein-coding		WP_005827576.1	522	QWU49_RS15810
NZ_CP129143.1	3916839	3917324		minus	UpxZ family transcription anti-terminator antagonist		99752496	protein-coding		WP_005827574.1	161	QWU49_RS15815
NZ_CP129143.1	3917395	3917931		minus	UpxY family transcription antiterminator		99752497	protein-coding		WP_034525536.1	178	QWU49_RS15820
NZ_CP129143.1	3918546	3918905		plus	hypothetical protein		99752498	protein-coding		WP_005827569.1	119	QWU49_RS15825
NZ_CP129143.1	3919086	3919451		plus	SH3 beta-barrel fold-containing protein		99752499	protein-coding		WP_005827567.1	121	QWU49_RS15830
NZ_CP129143.1	3919477	3920178		plus	Lin1244/Lin1753 domain-containing protein		99752500	protein-coding		WP_005827562.1	233	QWU49_RS15835
NZ_CP129143.1	3920248	3920571		plus	hypothetical protein		99752501	protein-coding		WP_005825891.1	107	QWU49_RS15840
NZ_CP129143.1	3920644	3921561		plus	IS1595-like element ISBun1 family transposase		99752502	protein-coding		WP_005825889.1	305	QWU49_RS15845
NZ_CP129143.1	3921558	3921818		plus	hypothetical protein		99752503	protein-coding		WP_005825887.1	86	QWU49_RS15850
NZ_CP129143.1	3921832	3922017		minus	hypothetical protein		99752504	protein-coding		WP_005825886.1	61	QWU49_RS15855
NZ_CP129143.1	3922302	3922835		plus	hypothetical protein		99752505	protein-coding		WP_034525474.1	177	QWU49_RS15860
NZ_CP129143.1	3922946	3923710		plus	glycerophosphodiester phosphodiesterase family protein		99752506	protein-coding		WP_005827557.1	254	QWU49_RS15865
NZ_CP129143.1	3924051	3924899		plus	diaminopimelate epimerase	dapF	99752507	protein-coding		WP_005827555.1	282	QWU49_RS15870
NZ_CP129143.1	3924927	3926159		plus	LL-diaminopimelate aminotransferase		99752508	protein-coding		WP_005827552.1	410	QWU49_RS15875
NZ_CP129143.1	3926245	3926970		plus	hypothetical protein		99752509	protein-coding		WP_005827550.1	241	QWU49_RS15880
NZ_CP129143.1	3927049	3927405		plus	P-II family nitrogen regulator		99752510	protein-coding		WP_005827548.1	118	QWU49_RS15885
NZ_CP129143.1	3927464	3928732		plus	ammonium transporter		99752511	protein-coding		WP_005827546.1	422	QWU49_RS15890
NZ_CP129143.1	3928778	3930967		plus	glutamine synthetase III		99752512	protein-coding		WP_005827544.1	729	QWU49_RS15895
NZ_CP129143.1	3931149	3932447		plus	S28 family serine protease		99752513	protein-coding		WP_005827539.1	432	QWU49_RS15900
NZ_CP129143.1	3932533	3933108		minus	HdeD family acid-resistance protein		99752514	protein-coding		WP_005827537.1	191	QWU49_RS15905
NZ_CP129143.1	3933737	3934915		plus	tryptophan synthase subunit beta	trpB	99752515	protein-coding		WP_171029006.1	392	QWU49_RS15910
NZ_CP129143.1	3934970	3936370		plus	anthranilate synthase component I family protein		99752516	protein-coding		WP_034525535.1	466	QWU49_RS15915
NZ_CP129143.1	3936517	3937164		plus	anthranilate synthase component II		99752517	protein-coding		WP_005827523.1	215	QWU49_RS15920
NZ_CP129143.1	3937229	3938224		plus	anthranilate phosphoribosyltransferase	trpD	99752518	protein-coding		WP_005827521.1	331	QWU49_RS15925
NZ_CP129143.1	3938229	3939056		plus	indole-3-glycerol phosphate synthase TrpC	trpC	99752519	protein-coding		WP_005827518.1	275	QWU49_RS15930
NZ_CP129143.1	3939181	3939804		plus	phosphoribosylanthranilate isomerase		99752520	protein-coding		WP_034525534.1	207	QWU49_RS15935
NZ_CP129143.1	3939973	3940752		plus	tryptophan synthase subunit alpha	trpA	99752521	protein-coding		WP_005827514.1	259	QWU49_RS15940
NZ_CP129143.1	3940894	3941934		plus	asparaginase	ansA	99752522	protein-coding		WP_005827512.1	346	QWU49_RS15945
NZ_CP129143.1	3942115	3944397		plus	LruC domain-containing protein		99752523	protein-coding		WP_005827510.1	760	QWU49_RS15950
NZ_CP129143.1	3944423	3944782		plus	response regulator		99752524	protein-coding		WP_005827508.1	119	QWU49_RS15955
NZ_CP129143.1	3944801	3945967		plus	sugar transferase		99752525	protein-coding		WP_034525542.1	388	QWU49_RS15960
NZ_CP129143.1	3945998	3946834		plus	TolC family protein		99752526	protein-coding		WP_034525533.1	278	QWU49_RS15965
NZ_CP129143.1	3946843	3949002		plus	GumC family protein		99752527	protein-coding		WP_005827501.1	719	QWU49_RS15970
NZ_CP129143.1	3949003	3950460		plus	O-antigen ligase family protein		99752528	protein-coding		WP_005827499.1	485	QWU49_RS15975
NZ_CP129143.1	3950484	3951689		plus	glycosyltransferase family 2 protein		99752529	protein-coding		WP_005827498.1	401	QWU49_RS15980
NZ_CP129143.1	3951686	3952807		plus	glycosyltransferase family 4 protein		99752530	protein-coding		WP_005827496.1	373	QWU49_RS15985
NZ_CP129143.1	3952820	3954022		plus	glycosyltransferase		99752531	protein-coding		WP_005827494.1	400	QWU49_RS15990
NZ_CP129143.1	3954019	3955020		plus	phosphoribosyltransferase		99752532	protein-coding		WP_005827492.1	333	QWU49_RS15995
NZ_CP129143.1	3954955	3956019		minus	acyltransferase family protein		99752533	protein-coding		WP_009038303.1	354	QWU49_RS16000
NZ_CP129143.1	3956188	3956397		plus	hypothetical protein		99752534	protein-coding		WP_229031894.1	69	QWU49_RS16005
NZ_CP129143.1	3956719	3957738		plus	DUF4373 domain-containing protein		99752535	protein-coding		WP_005827485.1	339	QWU49_RS16010
NZ_CP129143.1	3957980	3959794		plus	bifunctional DNA primase/helicase		99752536	protein-coding		WP_005827482.1	604	QWU49_RS16015
NZ_CP129143.1	3959907	3960155		plus	DUF4248 domain-containing protein		99752537	protein-coding		WP_005827481.1	82	QWU49_RS16020
NZ_CP129143.1	3960563	3961078		plus	HU family DNA-binding protein		99752538	protein-coding		WP_005827477.1	171	QWU49_RS16025
NZ_CP129143.1	3961154	3961267		plus	smalltalk protein		99752539	protein-coding		WP_005827475.1	37	QWU49_RS16030
NZ_CP129143.1	3961301	3961744		plus	N-acetylmuramoyl-L-alanine amidase		99752540	protein-coding		WP_005827473.1	147	QWU49_RS16035
NZ_CP129143.1	3961852	3963000		plus	uncharacterized gene		99752541	pseudogene				QWU49_RS16040
NZ_CP129143.1	3963027	3964094		minus	glycosyltransferase family 2 protein		99752542	protein-coding		WP_005827470.1	355	QWU49_RS16045
NZ_CP129143.1	3964079	3965065		minus	glycosyltransferase		99752543	protein-coding		WP_005827468.1	328	QWU49_RS16050
NZ_CP129143.1	3965160	3966695		plus	lipopolysaccharide biosynthesis protein		99752544	protein-coding		WP_005827464.1	511	QWU49_RS16055
NZ_CP129143.1	3966689	3967465		minus	glycosyltransferase		99752545	protein-coding		WP_229031895.1	258	QWU49_RS16060
NZ_CP129143.1	3967885	3968925		minus	glycosyltransferase family 2 protein		99752546	protein-coding		WP_005827459.1	346	QWU49_RS16065
NZ_CP129143.1	3968932	3969966		minus	glycosyltransferase family 2 protein		99752547	protein-coding		WP_229031896.1	344	QWU49_RS16070
NZ_CP129143.1	3969983	3971884		minus	asparagine synthase C-terminal domain-containing protein		99752548	protein-coding		WP_005827452.1	633	QWU49_RS16075
NZ_CP129143.1	3971929	3973101		minus	glycosyltransferase		99752549	protein-coding		WP_005827449.1	390	QWU49_RS16080
NZ_CP129143.1	3973741	3974409		minus	bifunctional 4-hydroxy-2-oxoglutarate aldolase/2-dehydro-3-deoxy-phosphogluconate aldolase		99752550	protein-coding		WP_005827446.1	222	QWU49_RS16085
NZ_CP129143.1	3974516	3974881		minus	four helix bundle protein		99752551	protein-coding		WP_005827444.1	121	QWU49_RS16090
NZ_CP129143.1	3974927	3975952		minus	sugar kinase		99752552	protein-coding		WP_005827441.1	341	QWU49_RS16095
NZ_CP129143.1	3976294	3977349		plus	LacI family DNA-binding transcriptional regulator		99752553	protein-coding		WP_005827435.1	351	QWU49_RS16100
NZ_CP129143.1	3977464	3978975		plus	UxaA family hydrolase		99752554	protein-coding		WP_005827433.1	503	QWU49_RS16105
NZ_CP129143.1	3979152	3980462		plus	Na+/H+ antiporter NhaC family protein		99752555	protein-coding		WP_005827429.1	436	QWU49_RS16110
NZ_CP129143.1	3980638	3981141		plus	30S ribosomal protein S16		99752556	protein-coding		WP_005827426.1	167	QWU49_RS16115
NZ_CP129143.1	3981265	3982362		plus	TlpA disulfide reductase family protein		99752557	protein-coding		WP_005827423.1	365	QWU49_RS16120
NZ_CP129143.1	3982519	3983490		minus	hypothetical protein		99752558	protein-coding		WP_005827419.1	323	QWU49_RS16125
NZ_CP129143.1	3983910	3986117		plus	anaerobic ribonucleoside triphosphate reductase		99752559	protein-coding		WP_005827414.1	735	QWU49_RS16130
NZ_CP129143.1	3986255	3986761		plus	anaerobic ribonucleoside-triphosphate reductase activating protein	nrdG	99752560	protein-coding		WP_005827412.1	168	QWU49_RS16135
NZ_CP129143.1	3986926	3988272		minus	threonine/serine ThrE exporter family protein		99752561	protein-coding		WP_005827410.1	448	QWU49_RS16140
NZ_CP129143.1	3988385	3989107		plus	DUF6064 family protein		99752562	protein-coding		WP_005827409.1	240	QWU49_RS16145
NZ_CP129143.1	3989136	3989882		minus	2,3-diphosphoglycerate-dependent phosphoglycerate mutase	gpmA	99752563	protein-coding		WP_005827407.1	248	QWU49_RS16150
NZ_CP129143.1	3989919	3990215		minus	hypothetical protein		99752564	protein-coding		WP_005837364.1	98	QWU49_RS16155
NZ_CP129143.1	3990459	3990965		plus	flavodoxin FldA	fldA	99752565	protein-coding		WP_005827403.1	168	QWU49_RS16160
NZ_CP129143.1	3991090	3993654		minus	glycosyltransferase family 1 protein		99752566	protein-coding		WP_005827401.1	854	QWU49_RS16165
NZ_CP129143.1	3993685	3995346		minus	glycogen/starch synthase		99752567	protein-coding		WP_005827398.1	553	QWU49_RS16170
NZ_CP129143.1	3995642	3996061		minus	ATPase		99752568	protein-coding		WP_005827396.1	139	QWU49_RS16175
NZ_CP129143.1	3996095	3997921		minus	V-type ATP synthase subunit I		99752569	protein-coding		WP_005827394.1	608	QWU49_RS16180
NZ_CP129143.1	3997918	3998523		minus	V-type ATP synthase subunit D		99752570	protein-coding		WP_005827391.1	201	QWU49_RS16185
NZ_CP129143.1	3998644	3999969		minus	V-type ATP synthase subunit B		99752571	protein-coding		WP_005827389.1	441	QWU49_RS16190
NZ_CP129143.1	4000110	4001864		minus	V-type ATP synthase subunit A		99752572	protein-coding		WP_005827385.1	584	QWU49_RS16195
NZ_CP129143.1	4001884	4002723		minus	DUF2764 domain-containing protein		99752573	protein-coding		WP_005827384.1	279	QWU49_RS16200
NZ_CP129143.1	4002740	4003330		minus	hypothetical protein		99752574	protein-coding		WP_005827382.1	196	QWU49_RS16205
NZ_CP129143.1	4003642	4003752		minus	5S ribosomal RNA	rrf	99752575	rRNA				QWU49_RS16210
NZ_CP129143.1	4003825	4006704		minus	23S ribosomal RNA		99752576	rRNA				QWU49_RS16215
NZ_CP129143.1	4006818	4006891		minus	tRNA-Ala		99752577	tRNA				QWU49_RS16220
NZ_CP129143.1	4006982	4007055		minus	tRNA-Ile		99752578	tRNA				QWU49_RS16225
NZ_CP129143.1	4007191	4008717		minus	16S ribosomal RNA		99752579	rRNA				QWU49_RS16230
NZ_CP129143.1	4009470	4009943		minus	N-acetylmuramoyl-L-alanine amidase		99752580	protein-coding		WP_005831100.1	157	QWU49_RS16235
NZ_CP129143.1	4009990	4010091		minus	smalltalk protein		99752581	protein-coding		WP_005837396.1	33	QWU49_RS16240
NZ_CP129143.1	4010276	4010788		minus	HU family DNA-binding protein		99752582	protein-coding		WP_005837397.1	170	QWU49_RS16245
NZ_CP129143.1	4011041	4012420		minus	replicative DNA helicase	dnaB	99752583	protein-coding		WP_022400564.1	459	QWU49_RS16250
NZ_CP129143.1	4012410	4013066		minus	hypothetical protein		99752584	protein-coding		WP_005831106.1	218	QWU49_RS16255
NZ_CP129143.1	4013254	4013556		minus	DUF4248 domain-containing protein		99752585	protein-coding		WP_005831107.1	100	QWU49_RS16260
NZ_CP129143.1	4013877	4014314		minus	hypothetical protein		99752586	protein-coding		WP_005831111.1	145	QWU49_RS16265
NZ_CP129143.1	4014851	4016872		plus	LruC domain-containing protein		99752587	protein-coding		WP_009038283.1	673	QWU49_RS16270
NZ_CP129143.1	4017018	4017497		plus	hypothetical protein		99752588	protein-coding		WP_005837403.1	159	QWU49_RS16275
NZ_CP129143.1	4017494	4019725		plus	adenosylmethionine--8-amino-7-oxononanoate transaminase	bioA	99752589	protein-coding		WP_005831123.1	743	QWU49_RS16280
NZ_CP129143.1	4019849	4021039		plus	8-amino-7-oxononanoate synthase		99752590	protein-coding		WP_005831124.1	396	QWU49_RS16285
NZ_CP129143.1	4021046	4021735		plus	pimeloyl-ACP methyl esterase BioG family protein		99752591	protein-coding		WP_005831127.1	229	QWU49_RS16290
NZ_CP129143.1	4021720	4022496		plus	malonyl-ACP O-methyltransferase BioC	bioC	99752592	protein-coding		WP_005831129.1	258	QWU49_RS16295
NZ_CP129143.1	4022496	4023143		plus	dethiobiotin synthase	bioD	99752593	protein-coding		WP_005831133.1	215	QWU49_RS16300
NZ_CP129143.1	4023173	4024345		plus	glycosyltransferase		99752594	protein-coding		WP_034526053.1	390	QWU49_RS16305
NZ_CP129143.1	4024351	4025595		minus	ABC transporter permease		99752595	protein-coding		WP_005831139.1	414	QWU49_RS16310
NZ_CP129143.1	4025606	4026811		minus	pyridoxal phosphate-dependent aminotransferase		99752596	protein-coding		WP_034526055.1	401	QWU49_RS16315
NZ_CP129143.1	4027074	4028309		plus	fucose isomerase		99752597	protein-coding		WP_005831144.1	411	QWU49_RS16320
NZ_CP129143.1	4028310	4030913		minus	PAS domain-containing sensor histidine kinase		99752598	protein-coding		WP_005831146.1	867	QWU49_RS16325
NZ_CP129143.1	4031007	4032254		minus	ABC transporter permease		99752599	protein-coding		WP_005831148.1	415	QWU49_RS16330
NZ_CP129143.1	4032291	4033523		minus	ABC transporter permease		99752600	protein-coding		WP_005831150.1	410	QWU49_RS16335
NZ_CP129143.1	4033530	4034768		minus	ABC transporter permease		99752601	protein-coding		WP_005831152.1	412	QWU49_RS16340
NZ_CP129143.1	4034800	4036098		minus	ABC transporter permease		99752602	protein-coding		WP_005831154.1	432	QWU49_RS16345
NZ_CP129143.1	4036151	4036774		minus	GIN domain-containing protein		99752603	protein-coding		WP_005831156.1	207	QWU49_RS16350
NZ_CP129143.1	4036816	4038075		minus	FtsX-like permease family protein		99752604	protein-coding		WP_005831158.1	419	QWU49_RS16355
NZ_CP129143.1	4038091	4039365		minus	ABC transporter permease		99752605	protein-coding		WP_005831160.1	424	QWU49_RS16360
NZ_CP129143.1	4039420	4040085		minus	ABC transporter ATP-binding protein		99752606	protein-coding		WP_005831162.1	221	QWU49_RS16365
NZ_CP129143.1	4040245	4041540		minus	ABC transporter permease		99752607	protein-coding		WP_008664747.1	431	QWU49_RS16370
NZ_CP129143.1	4041557	4042876		minus	ABC transporter permease		99752608	protein-coding		WP_005831165.1	439	QWU49_RS16375
NZ_CP129143.1	4042873	4044120		minus	efflux RND transporter periplasmic adaptor subunit		99752609	protein-coding		WP_005831166.1	415	QWU49_RS16380
NZ_CP129143.1	4044264	4045187		minus	glucosaminidase domain-containing protein		99752610	protein-coding		WP_005831167.1	307	QWU49_RS16385
NZ_CP129143.1	4045289	4045771		plus	cytidine deaminase	cdd	99752611	protein-coding		WP_005831168.1	160	QWU49_RS16390
NZ_CP129143.1	4046129	4047763		plus	ABC-F family ATP-binding cassette domain-containing protein		99752612	protein-coding		WP_005831169.1	544	QWU49_RS16395
NZ_CP129143.1	4047869	4048408		plus	flavodoxin family protein		99752613	protein-coding		WP_022400806.1	179	QWU49_RS16400
NZ_CP129143.1	4048441	4049937		plus	4Fe-4S dicluster domain-containing protein		99752614	protein-coding		WP_005831171.1	498	QWU49_RS16405
NZ_CP129143.1	4049986	4051389		plus	aldo/keto reductase		99752615	protein-coding		WP_005831172.1	467	QWU49_RS16410
NZ_CP129143.1	4051488	4053413		plus	TonB-dependent receptor		99752616	protein-coding		WP_005831173.1	641	QWU49_RS16415
NZ_CP129143.1	4053428	4053937		plus	hypothetical protein		99752617	protein-coding		WP_005831174.1	169	QWU49_RS16420
NZ_CP129143.1	4053963	4055414		minus	hypothetical protein		99752618	protein-coding		WP_008664761.1	483	QWU49_RS16425
NZ_CP129143.1	4055437	4056990		minus	AAA family ATPase		99752619	protein-coding		WP_034526058.1	517	QWU49_RS16430
NZ_CP129143.1	4057519	4058157		plus	HU family DNA-binding protein		99752620	protein-coding		WP_005832241.1	212	QWU49_RS16435
NZ_CP129143.1	4058263	4059069		plus	NAD(+) diphosphatase	nudC	99752621	protein-coding		WP_016274387.1	268	QWU49_RS16440
NZ_CP129143.1	4059360	4061102		minus	phospho-sugar mutase		99752622	protein-coding		WP_005831188.1	580	QWU49_RS16445
NZ_CP129143.1	4061184	4062827		minus	C69 family dipeptidase		99752623	protein-coding		WP_005831190.1	547	QWU49_RS16450
NZ_CP129143.1	4062864	4064531		minus	M23 family metallopeptidase		99752624	protein-coding		WP_005831192.1	555	QWU49_RS16455
NZ_CP129143.1	4064730	4065836		plus	alanine dehydrogenase	ald	99752625	protein-coding		WP_005831193.1	368	QWU49_RS16460
NZ_CP129143.1	4065920	4067143		minus	MFS transporter		99752626	protein-coding		WP_005831195.1	407	QWU49_RS16465
NZ_CP129143.1	4067346	4068782		plus	glutamate decarboxylase		99752627	protein-coding		WP_005831197.1	478	QWU49_RS16470
NZ_CP129143.1	4068905	4069870		plus	glutaminase A	glsA	99752628	protein-coding		WP_005831199.1	321	QWU49_RS16475
NZ_CP129143.1	4069980	4070723		plus	potassium channel family protein		99752629	protein-coding		WP_005832258.1	247	QWU49_RS16480
NZ_CP129143.1	4070827	4072413		plus	putative glutamine/gamma-aminobutyrate antiporter GadC	gadC	99752630	protein-coding		WP_005831203.1	528	QWU49_RS16485
NZ_CP129143.1	4072507	4073457		minus	NAD(P)H-dependent flavin oxidoreductase		99752631	protein-coding		WP_005831206.1	316	QWU49_RS16490
NZ_CP129143.1	4073536	4074198		minus	DUF4858 domain-containing protein		99752632	protein-coding		WP_008664780.1	220	QWU49_RS16495
NZ_CP129143.1	4074247	4074804		minus	DUF4943 family protein		99752633	protein-coding		WP_005831209.1	185	QWU49_RS16500
NZ_CP129143.1	4074824	4075924		minus	outer membrane beta-barrel protein		99752634	protein-coding		WP_005831212.1	366	QWU49_RS16505
NZ_CP129143.1	4075911	4076519		minus	RNA polymerase sigma factor		99752635	protein-coding		WP_005831214.1	202	QWU49_RS16510
NZ_CP129143.1	4076570	4077274		minus	hypothetical protein		99752636	protein-coding		WP_005831216.1	234	QWU49_RS16515
NZ_CP129143.1	4077281	4077991		minus	hypothetical protein		99752637	protein-coding		WP_005831218.1	236	QWU49_RS16520
NZ_CP129143.1	4078222	4079070		minus	carboxylating nicotinate-nucleotide diphosphorylase	nadC	99752638	protein-coding		WP_005831220.1	282	QWU49_RS16525
NZ_CP129143.1	4079063	4079455		minus	DUF4783 domain-containing protein		99752639	protein-coding		WP_005831222.1	130	QWU49_RS16530
NZ_CP129143.1	4079550	4080023		plus	23S rRNA (pseudouridine(1915)-N(3))-methyltransferase RlmH	rlmH	99752640	protein-coding		WP_005831223.1	157	QWU49_RS16535
NZ_CP129143.1	4080030	4082939		minus	bifunctional fucokinase/fucose-1-phosphate guanylyltransferase		99752641	protein-coding		WP_005831224.1	969	QWU49_RS16540
NZ_CP129143.1	4083099	4083686		minus	sugar transferase		99752642	protein-coding		WP_005831225.1	195	QWU49_RS16545
NZ_CP129143.1	4083686	4084906		minus	DegT/DnrJ/EryC1/StrS family aminotransferase		99752643	protein-coding		WP_005831226.1	406	QWU49_RS16550
NZ_CP129143.1	4084937	4087837		minus	FAD-binding and (Fe-S)-binding domain-containing protein		99752644	protein-coding		WP_005831228.1	966	QWU49_RS16555
NZ_CP129143.1	4087863	4088933		minus	non-hydrolyzing UDP-N-acetylglucosamine 2-epimerase	wecB	99752645	protein-coding		WP_005831231.1	356	QWU49_RS16560
NZ_CP129143.1	4088930	4090156		minus	glycosyltransferase family 4 protein		99752646	protein-coding		WP_005831233.1	408	QWU49_RS16565
NZ_CP129143.1	4090153	4091370		minus	glycosyltransferase		99752647	protein-coding		WP_005831235.1	405	QWU49_RS16570
NZ_CP129143.1	4091394	4092488		minus	glycosyltransferase		99752648	protein-coding		WP_005831239.1	364	QWU49_RS16575
NZ_CP129143.1	4092464	4093921		minus	O-antigen polysaccharide polymerase Wzy family protein		99752649	protein-coding		WP_005831241.1	485	QWU49_RS16580
NZ_CP129143.1	4093926	4095194		minus	oligosaccharide flippase family protein		99752650	protein-coding		WP_008664796.1	422	QWU49_RS16585
NZ_CP129143.1	4095187	4096845		minus	asparagine synthase-related protein		99752651	protein-coding		WP_117878504.1	552	QWU49_RS16590
NZ_CP129143.1	4096875	4098107		minus	glycosyltransferase		99752652	protein-coding		WP_005831256.1	410	QWU49_RS16595
NZ_CP129143.1	4098580	4099062		minus	hypothetical protein		99752653	protein-coding		WP_005831258.1	160	QWU49_RS16600
NZ_CP129143.1	4099059	4099628		minus	Panacea domain-containing protein		99752654	protein-coding		WP_005831259.1	189	QWU49_RS16605
NZ_CP129143.1	4099709	4100998		minus	nucleotide sugar dehydrogenase		99752655	protein-coding		WP_005831261.1	429	QWU49_RS16610
NZ_CP129143.1	4101043	4101615		minus	acyltransferase		99752656	protein-coding		WP_005831263.1	190	QWU49_RS16615
NZ_CP129143.1	4101624	4102760		minus	DegT/DnrJ/EryC1/StrS family aminotransferase		99752657	protein-coding		WP_005831265.1	378	QWU49_RS16620
NZ_CP129143.1	4102779	4103744		minus	Gfo/Idh/MocA family oxidoreductase		99752658	protein-coding		WP_005831267.1	321	QWU49_RS16625
NZ_CP129143.1	4103789	4104274		minus	UpxZ family transcription anti-terminator antagonist		99752659	protein-coding		WP_005831269.1	161	QWU49_RS16630
NZ_CP129143.1	4104349	4104885		minus	UpxY family transcription antiterminator		99752660	protein-coding		WP_034526121.1	178	QWU49_RS16635
NZ_CP129143.1	4105481	4105837		minus	MarR family transcriptional regulator		99752661	protein-coding		WP_005831273.1	118	QWU49_RS16640
NZ_CP129143.1	4105849	4108323		minus	FAD-dependent oxidoreductase		99752662	protein-coding		WP_034526071.1	824	QWU49_RS16645
NZ_CP129143.1	4108502	4109716		minus	clostripain-related cysteine peptidase		99752663	protein-coding		WP_005831277.1	404	QWU49_RS16650
NZ_CP129143.1	4109727	4110125		minus	hypothetical protein		99752664	protein-coding		WP_005831279.1	132	QWU49_RS16655
NZ_CP129143.1	4110246	4111106		minus	sigma-70 family RNA polymerase sigma factor		99752665	protein-coding		WP_002561589.1	286	QWU49_RS16660
NZ_CP129143.1	4111299	4112828		minus	Do family serine endopeptidase		99752666	protein-coding		WP_005831283.1	509	QWU49_RS16665
NZ_CP129143.1	4113176	4114510		minus	transglutaminase-like domain-containing protein		99752667	protein-coding		WP_005831285.1	444	QWU49_RS16670
NZ_CP129143.1	4114507	4115679		minus	dipeptide epimerase		99752668	protein-coding		WP_005831287.1	390	QWU49_RS16675
NZ_CP129143.1	4115811	4117016		minus	NlpC/P60 family protein		99752669	protein-coding		WP_008664811.1	401	QWU49_RS16680
NZ_CP129143.1	4117217	4117630		plus	RNase P RNA component class A	rnpB	99752670	RNase_P_RNA				QWU49_RS16685
NZ_CP129143.1	4117661	4118980		plus	YihY/virulence factor BrkB family protein		99752671	protein-coding		WP_008664813.1	439	QWU49_RS16690
NZ_CP129143.1	4119117	4119197		minus	uncharacterized gene		99752672	pseudogene				QWU49_RS16695
NZ_CP129143.1	4119210	4119812		minus	riboflavin synthase		99752673	protein-coding		WP_005831295.1	200	QWU49_RS16700
NZ_CP129143.1	4120165	4120860		minus	phosphate signaling complex protein PhoU	phoU	99752674	protein-coding		WP_005831301.1	231	QWU49_RS16705
NZ_CP129143.1	4120921	4121676		minus	phosphate ABC transporter ATP-binding protein PstB	pstB	99752675	protein-coding		WP_005831304.1	251	QWU49_RS16710
NZ_CP129143.1	4121694	4122554		minus	phosphate ABC transporter permease PstA	pstA	99752676	protein-coding		WP_005831306.1	286	QWU49_RS16715
NZ_CP129143.1	4122567	4123751		minus	phosphate ABC transporter permease subunit PstC	pstC	99752677	protein-coding		WP_005831308.1	394	QWU49_RS16720
NZ_CP129143.1	4123943	4124761		plus	PstS family phosphate ABC transporter substrate-binding protein		99752678	protein-coding		WP_005831310.1	272	QWU49_RS16725
NZ_CP129143.1	4124836	4126575		plus	glutamine--tRNA ligase/YqeY domain fusion protein		99752679	protein-coding		WP_005831312.1	579	QWU49_RS16730
NZ_CP129143.1	4126580	4127992		plus	tetratricopeptide repeat protein		99752680	protein-coding		WP_005831314.1	470	QWU49_RS16735
NZ_CP129143.1	4128021	4128659		plus	DedA family protein		99752681	protein-coding		WP_005831315.1	212	QWU49_RS16740
NZ_CP129143.1	4128750	4129250		minus	thiol peroxidase	tpx	99752682	protein-coding		WP_005831317.1	166	QWU49_RS16745
NZ_CP129143.1	4129377	4129976		plus	HdeD family acid-resistance protein		99752683	protein-coding		WP_005831320.1	199	QWU49_RS16750
NZ_CP129143.1	4130040	4130633		minus	master DNA invertase Mpi family serine-type recombinase		99752684	protein-coding		WP_005831322.1	197	QWU49_RS16755
NZ_CP129143.1	4130863	4132104		minus	DegT/DnrJ/EryC1/StrS family aminotransferase		99752685	protein-coding		WP_005831324.1	413	QWU49_RS16760
NZ_CP129143.1	4132248	4132886		minus	acetyltransferase		99752686	protein-coding		WP_016274357.1	212	QWU49_RS16765
NZ_CP129143.1	4132898	4133506		minus	sugar transferase		99752687	protein-coding		WP_005831328.1	202	QWU49_RS16770
NZ_CP129143.1	4133511	4134713		minus	glycosyltransferase family 4 protein		99752688	protein-coding		WP_016274356.1	400	QWU49_RS16775
NZ_CP129143.1	4134722	4135906		minus	non-hydrolyzing UDP-N-acetylglucosamine 2-epimerase	wecB	99752689	protein-coding		WP_005831331.1	394	QWU49_RS16780
NZ_CP129143.1	4135932	4137080		minus	capsular polysaccharide biosynthesis protein CapF		99752690	protein-coding		WP_005831333.1	382	QWU49_RS16785
NZ_CP129143.1	4137126	4138199		minus	polysaccharide biosynthesis protein		99752691	protein-coding		WP_005831335.1	357	QWU49_RS16790
NZ_CP129143.1	4138206	4139231		minus	glycosyltransferase family 4 protein		99752692	protein-coding		WP_005831337.1	341	QWU49_RS16795
NZ_CP129143.1	4139235	4140431		minus	glycosyltransferase family 4 protein		99752693	protein-coding		WP_016274353.1	398	QWU49_RS16800
NZ_CP129143.1	4140460	4141599		minus	O-antigen ligase family protein		99752694	protein-coding		WP_016274352.1	379	QWU49_RS16805
NZ_CP129143.1	4141680	4142369		minus	polysaccharide deacetylase family protein		99752695	protein-coding		WP_005831343.1	229	QWU49_RS16810
NZ_CP129143.1	4142356	4143522		minus	hypothetical protein		99752696	protein-coding		WP_005831345.1	388	QWU49_RS16815
NZ_CP129143.1	4143540	4144553		minus	glycosyltransferase		99752697	protein-coding		WP_005831348.1	337	QWU49_RS16820
NZ_CP129143.1	4144562	4145875		minus	UDP-glucose dehydrogenase family protein		99752698	protein-coding		WP_005831349.1	437	QWU49_RS16825
NZ_CP129143.1	4145909	4146847		minus	ATP-grasp fold amidoligase family protein		99752699	protein-coding		WP_005831351.1	312	QWU49_RS16830
NZ_CP129143.1	4146837	4148354		minus	hypothetical protein		99752700	protein-coding		WP_005831353.1	505	QWU49_RS16835
NZ_CP129143.1	4148529	4149011		minus	UpxZ family transcription anti-terminator antagonist		99752701	protein-coding		WP_005831355.1	160	QWU49_RS16840
NZ_CP129143.1	4149057	4149590		minus	UpxY family transcription antiterminator		99752702	protein-coding		WP_034526078.1	177	QWU49_RS16845
NZ_CP129143.1	4150997	4151461		plus	DUF4494 domain-containing protein		99752703	protein-coding		WP_005831367.1	154	QWU49_RS16850
NZ_CP129143.1	4151541	4152206		plus	YggS family pyridoxal phosphate-dependent enzyme		99752704	protein-coding		WP_005831368.1	221	QWU49_RS16855
NZ_CP129143.1	4152225	4153202		plus	dihydroorotate dehydrogenase-like protein		99752705	protein-coding		WP_005831370.1	325	QWU49_RS16860
NZ_CP129143.1	4153297	4155201		minus	polysaccharide biosynthesis protein		99752706	protein-coding		WP_005831372.1	634	QWU49_RS16865
NZ_CP129143.1	4155386	4156711		minus	PhoH family protein		99752707	protein-coding		WP_005831374.1	441	QWU49_RS16870
NZ_CP129143.1	4156880	4158133		plus	bifunctional folylpolyglutamate synthase/dihydrofolate synthase		99752708	protein-coding		WP_005831378.1	417	QWU49_RS16875
NZ_CP129143.1	4158101	4158475		minus	RidA family protein		99752709	protein-coding		WP_005831379.1	124	QWU49_RS16880
NZ_CP129143.1	4158701	4160404		minus	tetratricopeptide repeat protein		99752710	protein-coding		WP_005831381.1	567	QWU49_RS16885
NZ_CP129143.1	4160408	4161148		minus	23S rRNA (guanosine(2251)-2'-O)-methyltransferase RlmB	rlmB	99752711	protein-coding		WP_005831382.1	246	QWU49_RS16890
NZ_CP129143.1	4161177	4162847		minus	DNA repair protein RecN	recN	99752712	protein-coding		WP_005831383.1	556	QWU49_RS16895
NZ_CP129143.1	4162873	4164102		minus	bifunctional phosphopantothenoylcysteine decarboxylase/phosphopantothenate--cysteine ligase CoaBC	coaBC	99752713	protein-coding		WP_005831384.1	409	QWU49_RS16900
NZ_CP129143.1	4164103	4164873		minus	3'-5' exonuclease		99752714	protein-coding		WP_005831385.1	256	QWU49_RS16905
NZ_CP129143.1	4165012	4166136		minus	DNA polymerase III subunit beta	dnaN	99752715	protein-coding		WP_005831387.1	374	QWU49_RS16910
NZ_CP129143.1	4166324	4166692		plus	DUF3127 domain-containing protein		99752716	protein-coding		WP_005831391.1	122	QWU49_RS16915
NZ_CP129143.1	4166860	4168494		minus	DUF3352 domain-containing protein		99752717	protein-coding		WP_005831393.1	544	QWU49_RS16920
NZ_CP129143.1	4168567	4169334		minus	MBL fold metallo-hydrolase		99752718	protein-coding		WP_005832365.1	255	QWU49_RS16925
NZ_CP129143.1	4169405	4170391		minus	UDP-N-acetylmuramate dehydrogenase	murB	99752719	protein-coding		WP_005831398.1	328	QWU49_RS16930
NZ_CP129143.1	4170408	4171256		minus	DUF4348 domain-containing protein		99752720	protein-coding		WP_005831399.1	282	QWU49_RS16935
NZ_CP129143.1	4171277	4172233		minus	NAD-dependent epimerase/dehydratase family protein		99752721	protein-coding		WP_005831407.1	318	QWU49_RS16940
NZ_CP129143.1	4172387	4173574		plus	glycine C-acetyltransferase	kbl	99752722	protein-coding		WP_005831412.1	395	QWU49_RS16945
NZ_CP129143.1	4173772	4174254		minus	ferritin		99752723	protein-coding		WP_005831414.1	160	QWU49_RS16950
NZ_CP129143.1	4174397	4175557		minus	diaminopimelate decarboxylase	lysA	99752724	protein-coding		WP_005831416.1	386	QWU49_RS16955
NZ_CP129143.1	4175711	4177030		minus	aspartate kinase		99752725	protein-coding		WP_005831418.1	439	QWU49_RS16960
NZ_CP129143.1	4177154	4177861		minus	cell division ATP-binding protein FtsE		99752726	protein-coding		WP_005831420.1	235	QWU49_RS16965
NZ_CP129143.1	4177885	4178490		minus	bifunctional phosphoribosyl-AMP cyclohydrolase/phosphoribosyl-ATP diphosphatase HisIE	hisIE	99752727	protein-coding		WP_005831422.1	201	QWU49_RS16970
NZ_CP129143.1	4178612	4179367		minus	imidazole glycerol phosphate synthase subunit HisF	hisF	99752728	protein-coding		WP_005831425.1	251	QWU49_RS16975
NZ_CP129143.1	4179417	4180139		minus	1-(5-phosphoribosyl)-5-[(5-phosphoribosylamino)methylideneamino]imidazole-4-carboxamide isomerase	hisA	99752729	protein-coding		WP_005831427.1	240	QWU49_RS16980
NZ_CP129143.1	4180160	4180750		minus	imidazole glycerol phosphate synthase subunit HisH	hisH	99752730	protein-coding		WP_008664882.1	196	QWU49_RS16985
NZ_CP129143.1	4180840	4181697		minus	formyltetrahydrofolate deformylase	purU	99752731	protein-coding		WP_005831431.1	285	QWU49_RS16990
NZ_CP129143.1	4182057	4182130		plus	tRNA-Asp		99752732	tRNA				QWU49_RS16995
NZ_CP129143.1	4182364	4183146		minus	IS21-like element helper ATPase IstB	istB	99752733	protein-coding		WP_005824105.1	260	QWU49_RS17000
NZ_CP129143.1	4183133	4184713		minus	IS21 family transposase	istA	99752734	protein-coding		WP_005829261.1	526	QWU49_RS17005
NZ_CP129143.1	4184830	4185435		minus	ketopantoate reductase family protein		99752735	protein-coding		WP_005831435.1	201	QWU49_RS17010
NZ_CP129143.1	4185432	4186277		minus	helix-turn-helix domain-containing protein		99752736	protein-coding		WP_005831436.1	281	QWU49_RS17015
NZ_CP129143.1	4187253	4187676		minus	uncharacterized gene		99752737	pseudogene				QWU49_RS17020
NZ_CP129143.1	4187741	4188315		minus	uncharacterized gene		99752738	pseudogene				QWU49_RS17025
NZ_CP129143.1	4188360	4189142		minus	Cof-type HAD-IIB family hydrolase		99752739	protein-coding		WP_005831449.1	260	QWU49_RS17030
NZ_CP129143.1	4189187	4190086		minus	helix-turn-helix domain-containing protein		99752740	protein-coding		WP_005831452.1	299	QWU49_RS17035
NZ_CP129143.1	4190243	4191553		minus	DUF58 domain-containing protein		99752741	protein-coding		WP_005831453.1	436	QWU49_RS17040
NZ_CP129143.1	4191550	4192524		minus	AAA family ATPase		99752742	protein-coding		WP_005831454.1	324	QWU49_RS17045
NZ_CP129143.1	4192536	4193759		minus	DUF4350 domain-containing protein		99752743	protein-coding		WP_005831455.1	407	QWU49_RS17050
NZ_CP129143.1	4193756	4194370		minus	DUF4129 domain-containing protein		99752744	protein-coding		WP_005831457.1	204	QWU49_RS17055
NZ_CP129143.1	4194380	4195324		minus	hypothetical protein		99752745	protein-coding		WP_005831459.1	314	QWU49_RS17060
NZ_CP129143.1	4195305	4196268		minus	uncharacterized gene		99752746	pseudogene				QWU49_RS17065
NZ_CP129143.1	4196369	4197094		plus	RDD family protein		99752747	protein-coding		WP_005831462.1	241	QWU49_RS17070
NZ_CP129143.1	4197220	4197795		plus	DUF4251 domain-containing protein		99752748	protein-coding		WP_005831464.1	191	QWU49_RS17075
NZ_CP129143.1	4197975	4198808		minus	DNA-formamidopyrimidine glycosylase family protein		99752749	protein-coding		WP_005831466.1	277	QWU49_RS17080
NZ_CP129143.1	4198888	4199946		minus	MBL fold metallo-hydrolase		99752750	protein-coding		WP_005831468.1	352	QWU49_RS17085
NZ_CP129143.1	4200091	4200966		plus	PfkB family carbohydrate kinase		99752751	protein-coding		WP_008664898.1	291	QWU49_RS17090
NZ_CP129143.1	4200984	4202633		minus	hydroxylamine reductase	hcp	99752752	protein-coding		WP_034526125.1	549	QWU49_RS17095
NZ_CP129143.1	4202817	4203455		plus	Crp/Fnr family transcriptional regulator		99752753	protein-coding		WP_005831474.1	212	QWU49_RS17100
NZ_CP129143.1	4203508	4204197		plus	Crp/Fnr family transcriptional regulator		99752754	protein-coding		WP_005831477.1	229	QWU49_RS17105
NZ_CP129143.1	4204199	4205479		minus	alginate export family protein		99752755	protein-coding		WP_005831479.1	426	QWU49_RS17110
NZ_CP129143.1	4205487	4206278		minus	cytochrome c biogenesis protein		99752756	protein-coding		WP_005831481.1	263	QWU49_RS17115
NZ_CP129143.1	4206275	4207519		minus	cytochrome c biogenesis protein ResB		99752757	protein-coding		WP_005831483.1	414	QWU49_RS17120
NZ_CP129143.1	4207551	4209032		minus	ammonia-forming cytochrome c nitrite reductase	nrfA	99752758	protein-coding		WP_005831485.1	493	QWU49_RS17125
NZ_CP129143.1	4209054	4209644		minus	cytochrome c nitrite reductase small subunit	nrfH	99752759	protein-coding		WP_005831487.1	196	QWU49_RS17130
NZ_CP129143.1	4209842	4211035		minus	PepSY-associated TM helix domain-containing protein		99752760	protein-coding		WP_005831491.1	397	QWU49_RS17135
NZ_CP129143.1	4211043	4212446		minus	DUF4374 domain-containing protein		99752761	protein-coding		WP_005831492.1	467	QWU49_RS17140
NZ_CP129143.1	4212490	4214796		minus	TonB-dependent receptor		99752762	protein-coding		WP_009038190.1	768	QWU49_RS17145
NZ_CP129143.1	4215161	4216441		plus	phosphopyruvate hydratase	eno	99752763	protein-coding		WP_005831501.1	426	QWU49_RS17150
NZ_CP129143.1	4216797	4217252		minus	preQ(1) synthase	queF	99752764	protein-coding		WP_005831502.1	151	QWU49_RS17155
NZ_CP129143.1	4217284	4217940		minus	7-cyano-7-deazaguanine synthase QueC	queC	99752765	protein-coding		WP_005831503.1	218	QWU49_RS17160
NZ_CP129143.1	4218053	4218733		minus	queuosine precursor transporter		99752766	protein-coding		WP_005831504.1	226	QWU49_RS17165
NZ_CP129143.1	4219356	4222589		plus	SusC/RagA family TonB-linked outer membrane protein		99752767	protein-coding		WP_005831507.1	1077	QWU49_RS17170
NZ_CP129143.1	4222605	4224395		plus	RagB/SusD family nutrient uptake outer membrane protein		99752768	protein-coding		WP_005831509.1	596	QWU49_RS17175
NZ_CP129143.1	4224423	4225358		plus	hypothetical protein		99752769	protein-coding		WP_016274291.1	311	QWU49_RS17180
NZ_CP129143.1	4225371	4226498		plus	glycosyl hydrolase family 18 protein		99752770	protein-coding		WP_005831514.1	375	QWU49_RS17185
NZ_CP129143.1	4226675	4227955		plus	hypothetical protein		99752771	protein-coding		WP_005831518.1	426	QWU49_RS17190
NZ_CP129143.1	4228036	4229361		minus	OmpP1/FadL family transporter		99752772	protein-coding		WP_005831520.1	441	QWU49_RS17195
NZ_CP129143.1	4229597	4230598		plus	2-hydroxyacid dehydrogenase		99752773	protein-coding		WP_005831522.1	333	QWU49_RS17200
NZ_CP129143.1	4230698	4231402		plus	pirin family protein		99752774	protein-coding		WP_005831524.1	234	QWU49_RS17205
NZ_CP129143.1	4231485	4232219		plus	MBL fold metallo-hydrolase		99752775	protein-coding		WP_005831526.1	244	QWU49_RS17210
NZ_CP129143.1	4232259	4233404		plus	DUF4468 domain-containing protein		99752776	protein-coding		WP_005831527.1	381	QWU49_RS17215
NZ_CP129143.1	4233454	4233831		plus	VOC family protein		99752777	protein-coding		WP_005831529.1	125	QWU49_RS17220
NZ_CP129143.1	4233861	4234046		plus	hypothetical protein		99752778	protein-coding		WP_008664928.1	61	QWU49_RS17225
NZ_CP129143.1	4234043	4234780		plus	class I SAM-dependent methyltransferase		99752779	protein-coding		WP_005831533.1	245	QWU49_RS17230
NZ_CP129143.1	4234855	4235391		minus	TlpA family protein disulfide reductase		99752780	protein-coding		WP_005831535.1	178	QWU49_RS17235
NZ_CP129143.1	4235521	4235592		minus	tRNA-Cys		99752781	tRNA				QWU49_RS17240
NZ_CP129143.1	4235661	4235876		minus	hypothetical protein		99752782	protein-coding		WP_369739527.1	71	QWU49_RS17245
NZ_CP129143.1	4235876	4238347		minus	ferrous iron transport protein B	feoB	99752783	protein-coding		WP_034526129.1	823	QWU49_RS17250
NZ_CP129143.1	4238694	4239962		plus	tRNA lysidine(34) synthetase TilS	tilS	99752784	protein-coding		WP_005831546.1	422	QWU49_RS17255
NZ_CP129143.1	4239966	4240799		minus	4Fe-4S binding protein		99752785	protein-coding		WP_034526131.1	277	QWU49_RS17260
NZ_CP129143.1	4241092	4243137		plus	transcription termination factor Rho	rho	99752786	protein-coding		WP_005831553.1	681	QWU49_RS17265
NZ_CP129143.1	4243271	4244737		plus	sulfatase family protein		99752787	protein-coding		WP_005831557.1	488	QWU49_RS17270
NZ_CP129143.1	4244931	4246253		plus	signal recognition particle protein	ffh	99752788	protein-coding		WP_005831559.1	440	QWU49_RS17275
NZ_CP129143.1	4246265	4247146		plus	bifunctional methylenetetrahydrofolate dehydrogenase/methenyltetrahydrofolate cyclohydrolase FolD	folD	99752789	protein-coding		WP_005831560.1	293	QWU49_RS17280
NZ_CP129143.1	4247154	4248299		plus	CapA family protein		99752790	protein-coding		WP_005831561.1	381	QWU49_RS17285
NZ_CP129143.1	4248390	4248463		plus	tRNA-His		99752791	tRNA				QWU49_RS17290
NZ_CP129143.1	4248924	4250618		plus	B12-binding domain-containing radical SAM protein		99752792	protein-coding		WP_005831566.1	564	QWU49_RS17295
NZ_CP129143.1	4250680	4252182		minus	glutamine synthetase family protein		99752793	protein-coding		WP_005831568.1	500	QWU49_RS17300
NZ_CP129143.1	4252324	4253325		minus	beta-ketoacyl-ACP synthase III		99752794	protein-coding		WP_005831570.1	333	QWU49_RS17305
NZ_CP129143.1	4253632	4255545		plus	LruC domain-containing protein		99752795	protein-coding		WP_005831574.1	637	QWU49_RS17310
NZ_CP129143.1	4255584	4256216		minus	helix-turn-helix domain-containing protein		99752796	protein-coding		WP_005831576.1	210	QWU49_RS17315
NZ_CP129143.1	4256258	4257133		minus	helix-turn-helix domain-containing protein		99752797	protein-coding		WP_005831578.1	291	QWU49_RS17320
NZ_CP129143.1	4257536	4257826		minus	helix-turn-helix domain-containing protein		99752798	protein-coding		WP_005831582.1	96	QWU49_RS17325
NZ_CP129143.1	4257830	4257985		minus	helix-turn-helix domain-containing protein		99752799	protein-coding		WP_005831584.1	51	QWU49_RS17330
NZ_CP129143.1	4258129	4258356		minus	hypothetical protein		99752800	protein-coding		WP_005831588.1	75	QWU49_RS17335
NZ_CP129143.1	4258363	4259085		minus	DUF6047 family protein		99752801	protein-coding		WP_171035088.1	240	QWU49_RS17340
NZ_CP129143.1	4259143	4259472		minus	hypothetical protein		99752802	protein-coding		WP_005831592.1	109	QWU49_RS17345
NZ_CP129143.1	4259484	4260200		minus	DUF6047 family protein		99752803	protein-coding		WP_005831594.1	238	QWU49_RS17350
NZ_CP129143.1	4260201	4260377		minus	hypothetical protein		99752804	protein-coding		WP_005831596.1	58	QWU49_RS17355
NZ_CP129143.1	4260383	4261417		minus	DUF6047 family protein		99752805	protein-coding		WP_005831598.1	344	QWU49_RS17360
NZ_CP129143.1	4261529	4261732		minus	hypothetical protein		99752806	protein-coding		WP_005831600.1	67	QWU49_RS17365
NZ_CP129143.1	4261843	4262472		minus	RteC domain-containing protein		99752807	protein-coding		WP_011965502.1	209	QWU49_RS17370
NZ_CP129143.1	4262668	4263963		minus	sigma-54-dependent transcriptional regulator		99752808	protein-coding		WP_005831606.1	431	QWU49_RS17375
NZ_CP129143.1	4263935	4266301		minus	hybrid sensor histidine kinase/response regulator		99752809	protein-coding		WP_005831608.1	788	QWU49_RS17380
NZ_CP129143.1	4266471	4267286		minus	SDR family oxidoreductase		99752810	protein-coding		WP_011965499.1	271	QWU49_RS17385
NZ_CP129143.1	4267330	4268517		minus	mannonate dehydratase	uxuA	99752811	protein-coding		WP_005831612.1	395	QWU49_RS17390
NZ_CP129143.1	4268533	4270875		minus	glycosyl hydrolase 115 family protein		99752812	protein-coding		WP_005831613.1	780	QWU49_RS17395
NZ_CP129143.1	4270881	4273274		minus	sugar-binding domain-containing protein		99752813	protein-coding		WP_005831615.1	797	QWU49_RS17400
NZ_CP129143.1	4273280	4274806		minus	glycoside hydrolase family 30 protein		99752814	protein-coding		WP_005831617.1	508	QWU49_RS17405
NZ_CP129143.1	4274883	4277702		minus	family 43 glycosylhydrolase		99752815	protein-coding		WP_167320996.1	939	QWU49_RS17410
NZ_CP129143.1	4278087	4280048		minus	RagB/SusD family nutrient uptake outer membrane protein		99752816	protein-coding		WP_005831621.1	653	QWU49_RS17415
NZ_CP129143.1	4280062	4283343		minus	SusC/RagA family TonB-linked outer membrane protein		99752817	protein-coding		WP_032845404.1	1093	QWU49_RS17420
NZ_CP129143.1	4283631	4284428		minus	DNA-binding domain-containing protein		99752818	protein-coding		WP_005831625.1	265	QWU49_RS17425
NZ_CP129143.1	4284835	4288902		plus	hybrid sensor histidine kinase/response regulator transcription factor		99752819	protein-coding		WP_005831632.1	1355	QWU49_RS17430
NZ_CP129143.1	4289077	4290492		minus	alpha-d-galacturonidase		99752820	protein-coding		WP_005831634.1	471	QWU49_RS17435
NZ_CP129143.1	4290513	4292849		minus	glycoside hydrolase family 2 TIM barrel-domain containing protein		99752821	protein-coding		WP_005831635.1	778	QWU49_RS17440
NZ_CP129143.1	4292883	4294856		minus	DUF4978 domain-containing protein		99752822	protein-coding		WP_011965490.1	657	QWU49_RS17445
NZ_CP129143.1	4295102	4296803		minus	uncharacterized gene		99752823	pseudogene				QWU49_RS17450
NZ_CP129143.1	4297218	4299263		minus	RagB/SusD family nutrient uptake outer membrane protein		99752824	protein-coding		WP_005831644.1	681	QWU49_RS17455
NZ_CP129143.1	4299276	4302566		minus	SusC/RagA family TonB-linked outer membrane protein		99752825	protein-coding		WP_005831646.1	1096	QWU49_RS17460
NZ_CP129143.1	4302787	4303122		minus	hypothetical protein		99752826	protein-coding		WP_005831648.1	111	QWU49_RS17465
NZ_CP129143.1	4303323	4305437		minus	hypothetical protein		99752827	protein-coding		WP_005831652.1	704	QWU49_RS17470
NZ_CP129143.1	4305681	4309751		plus	hybrid sensor histidine kinase/response regulator transcription factor		99752828	protein-coding		WP_005831654.1	1356	QWU49_RS17475
NZ_CP129143.1	4310225	4311805		plus	IS21 family transposase	istA	99752829	protein-coding		WP_005829261.1	526	QWU49_RS17480
NZ_CP129143.1	4311792	4312574		plus	IS21-like element helper ATPase IstB	istB	99752830	protein-coding		WP_005824105.1	260	QWU49_RS17485
NZ_CP129143.1	4312869	4313627		plus	hypothetical protein		99752831	protein-coding		WP_005831655.1	252	QWU49_RS17490
NZ_CP129143.1	4313631	4314290		plus	RDD family protein		99752832	protein-coding		WP_032602313.1	219	QWU49_RS17495
NZ_CP129143.1	4314370	4314454		minus	tRNA-Ser		99752833	tRNA				QWU49_RS17500
NZ_CP129143.1	4315009	4317237		plus	formate C-acetyltransferase	pflB	99752834	protein-coding		WP_005831658.1	742	QWU49_RS17505
NZ_CP129143.1	4317239	4317964		plus	pyruvate formate-lyase-activating protein	pflA	99752835	protein-coding		WP_005831659.1	241	QWU49_RS17510
NZ_CP129143.1	4318033	4320237		minus	beta-glucosidase BglX	bglX	99752836	protein-coding		WP_005831660.1	734	QWU49_RS17515
NZ_CP129143.1	4320268	4322730		minus	beta-glucosidase		99752837	protein-coding		WP_005832495.1	820	QWU49_RS17520
NZ_CP129143.1	4322907	4324232		minus	porin family protein		99752838	protein-coding		WP_005831667.1	441	QWU49_RS17525
NZ_CP129143.1	4324233	4324781		minus	RNA polymerase sigma factor		99752839	protein-coding		WP_005831669.1	182	QWU49_RS17530
NZ_CP129143.1	4324962	4325666		plus	NigD-like protein		99752840	protein-coding		WP_005831671.1	234	QWU49_RS17535
NZ_CP129143.1	4325754	4328291		minus	beta-mannosidase		99752841	protein-coding		WP_005831673.1	845	QWU49_RS17540
NZ_CP129143.1	4328739	4328826		minus	tRNA-Ser		99752842	tRNA				QWU49_RS17545
NZ_CP129143.1	4328954	4329910		minus	ABC transporter permease		99752843	protein-coding		WP_005831677.1	318	QWU49_RS17550
NZ_CP129143.1	4329903	4330646		minus	ABC transporter ATP-binding protein		99752844	protein-coding		WP_005831681.1	247	QWU49_RS17555
NZ_CP129143.1	4330649	4331794		minus	NEW3 domain-containing protein		99752845	protein-coding		WP_005831683.1	381	QWU49_RS17560
NZ_CP129143.1	4331983	4333038		plus	winged helix DNA-binding domain-containing protein		99752846	protein-coding		WP_005831685.1	351	QWU49_RS17565
NZ_CP129143.1	4333045	4334121		minus	alpha/beta hydrolase		99752847	protein-coding		WP_008664986.1	358	QWU49_RS17570
NZ_CP129143.1	4334151	4334687		minus	flavodoxin		99752848	protein-coding		WP_005831687.1	178	QWU49_RS17575
NZ_CP129143.1	4334895	4334979		minus	tRNA-Ser		99752849	tRNA				QWU49_RS17580
NZ_CP129143.1	4335096	4337633		plus	endonuclease MutS2		99752850	protein-coding		WP_005831691.1	845	QWU49_RS17585
NZ_CP129143.1	4337690	4338901		plus	L-serine ammonia-lyase		99752851	protein-coding		WP_005831694.1	403	QWU49_RS17590
NZ_CP129143.1	4339005	4339508		minus	PepSY-like domain-containing protein		99752852	protein-coding		WP_005831695.1	167	QWU49_RS17595
NZ_CP129143.1	4339545	4339985		minus	PepSY-like domain-containing protein		99752853	protein-coding		WP_005831697.1	146	QWU49_RS17600
NZ_CP129143.1	4340078	4341367		minus	sensor histidine kinase		99752854	protein-coding		WP_005831698.1	429	QWU49_RS17605
NZ_CP129143.1	4341364	4342041		minus	response regulator transcription factor		99752855	protein-coding		WP_005831699.1	225	QWU49_RS17610
NZ_CP129143.1	4342091	4342639		minus	DUF4738 domain-containing protein		99752856	protein-coding		WP_005831701.1	182	QWU49_RS17615
NZ_CP129143.1	4342700	4343149		minus	DUF4890 domain-containing protein		99752857	protein-coding		WP_034526091.1	149	QWU49_RS17620
NZ_CP129143.1	4343286	4343513		minus	DUF4248 domain-containing protein		99752858	protein-coding		WP_005831704.1	75	QWU49_RS17625
NZ_CP129143.1	4343640	4344119		minus	HU family DNA-binding protein		99752859	protein-coding		WP_005831707.1	159	QWU49_RS17630
NZ_CP129143.1	4344335	4344520		minus	hypothetical protein		99752860	protein-coding		WP_005831708.1	61	QWU49_RS17635
NZ_CP129143.1	4344495	4344575		minus	uncharacterized gene		99752861	pseudogene				QWU49_RS17640
NZ_CP129143.1	4345062	4345683		minus	uncharacterized gene		99752862	pseudogene				QWU49_RS17645
NZ_CP129143.1	4345977	4347485		plus	DUF3843 family protein		99752863	protein-coding		WP_034526093.1	502	QWU49_RS17650
NZ_CP129143.1	4347537	4348223		minus	potassium channel family protein		99752864	protein-coding		WP_005831720.1	228	QWU49_RS17655
NZ_CP129143.1	4348229	4350058		minus	TrkH family potassium uptake protein		99752865	protein-coding		WP_005831722.1	609	QWU49_RS17660
NZ_CP129143.1	4350192	4351559		plus	TrpB-like pyridoxal phosphate-dependent enzyme		99752866	protein-coding		WP_005831725.1	455	QWU49_RS17665
NZ_CP129143.1	4351556	4353154		minus	ClC family H(+)/Cl(-) exchange transporter		99752867	protein-coding		WP_005831727.1	532	QWU49_RS17670
NZ_CP129143.1	4353227	4353403		minus	DUF4250 domain-containing protein		99752868	protein-coding		WP_005832662.1	58	QWU49_RS17675
NZ_CP129143.1	4353523	4355076		minus	carboxypeptidase-like regulatory domain-containing protein		99752869	protein-coding		WP_005831730.1	517	QWU49_RS17680
NZ_CP129143.1	4355073	4355933		minus	FecR family protein		99752870	protein-coding		WP_005831732.1	286	QWU49_RS17685
NZ_CP129143.1	4355930	4356481		minus	RNA polymerase sigma-70 factor		99752871	protein-coding		WP_005831734.1	183	QWU49_RS17690
NZ_CP129143.1	4356533	4357795		minus	carboxypeptidase-like regulatory domain-containing protein		99752872	protein-coding		WP_005831737.1	420	QWU49_RS17695
NZ_CP129143.1	4358029	4359057		minus	iron ABC transporter permease		99752873	protein-coding		WP_005831741.1	342	QWU49_RS17700
NZ_CP129143.1	4359139	4360272		minus	ABC transporter substrate-binding protein		99752874	protein-coding		WP_034526096.1	377	QWU49_RS17705
NZ_CP129143.1	4360278	4361378		minus	YncE family protein		99752875	protein-coding		WP_005831744.1	366	QWU49_RS17710
NZ_CP129143.1	4361432	4363447		minus	TonB-dependent receptor plug domain-containing protein		99752876	protein-coding		WP_034526139.1	671	QWU49_RS17715
NZ_CP129143.1	4363806	4365038		plus	Cof-type HAD-IIB family hydrolase		99752877	protein-coding		WP_005831746.1	410	QWU49_RS17720
NZ_CP129143.1	4365284	4365718		plus	uncharacterized gene		99752878	pseudogene				QWU49_RS17725
NZ_CP129143.1	4365812	4367731		minus	molecular chaperone DnaK	dnaK	99752879	protein-coding		WP_005831748.1	639	QWU49_RS17730
NZ_CP129143.1	4368177	4369577		plus	MATE family efflux transporter		99752880	protein-coding		WP_034526101.1	466	QWU49_RS17735
NZ_CP129143.1	4369631	4370206		plus	Crp/Fnr family transcriptional regulator		99752881	protein-coding		WP_005831755.1	191	QWU49_RS17740
NZ_CP129143.1	4370288	4371079		minus	META domain-containing protein		99752882	protein-coding		WP_005831757.1	263	QWU49_RS17745
NZ_CP129143.1	4371275	4372468		plus	saccharopine dehydrogenase family protein		99752883	protein-coding		WP_005831761.1	397	QWU49_RS17750
NZ_CP129143.1	4372521	4372967		plus	thioredoxin-dependent thiol peroxidase	bcp	99752884	protein-coding		WP_005831763.1	148	QWU49_RS17755
NZ_CP129143.1	4372986	4374023		plus	recombinase RecA	recA	99752885	protein-coding		WP_005831765.1	345	QWU49_RS17760
NZ_CP129143.1	4374092	4374802		minus	DUF4252 domain-containing protein		99752886	protein-coding		WP_005831766.1	236	QWU49_RS17765
NZ_CP129143.1	4374809	4375333		minus	hypothetical protein		99752887	protein-coding		WP_005831768.1	174	QWU49_RS17770
NZ_CP129143.1	4375314	4375829		minus	RNA polymerase sigma factor		99752888	protein-coding		WP_005831770.1	171	QWU49_RS17775
NZ_CP129143.1	4375959	4376303		minus	helix-turn-helix domain-containing protein		99752889	protein-coding		WP_005831772.1	114	QWU49_RS17780
NZ_CP129143.1	4376464	4377051		plus	hypothetical protein		99752890	protein-coding		WP_034526103.1	195	QWU49_RS17785
NZ_CP129143.1	4377054	4377365		plus	transcription termination/antitermination NusG family protein		99752891	protein-coding		WP_005831778.1	103	QWU49_RS17790
NZ_CP129143.1	4377353	4378375		minus	YeiH family protein		99752892	protein-coding		WP_005831779.1	340	QWU49_RS17795
NZ_CP129143.1	4378489	4379376		minus	LysR family transcriptional regulator		99752893	protein-coding		WP_005831781.1	295	QWU49_RS17800
NZ_CP129143.1	4379391	4379987		minus	DUF6621 family protein		99752894	protein-coding		WP_005831783.1	198	QWU49_RS17805
NZ_CP129143.1	4380531	4383125		plus	ATP-dependent chaperone ClpB	clpB	99752895	protein-coding		WP_005831786.1	864	QWU49_RS17810
NZ_CP129143.1	4383212	4383643		minus	DUF5606 domain-containing protein		99752896	protein-coding		WP_005831788.1	143	QWU49_RS17815
NZ_CP129143.1	4383753	4384361		minus	dephospho-CoA kinase	coaE	99752897	protein-coding		WP_005831790.1	202	QWU49_RS17820
NZ_CP129143.1	4384351	4385367		minus	CdaR family protein		99752898	protein-coding		WP_005831792.1	338	QWU49_RS17825
NZ_CP129143.1	4385383	4385718		minus	preprotein translocase subunit YajC	yajC	99752899	protein-coding		WP_005831794.1	111	QWU49_RS17830
NZ_CP129143.1	4385757	4386683		minus	transcription antitermination factor NusB	nusB	99752900	protein-coding		WP_005831796.1	308	QWU49_RS17835
NZ_CP129143.1	4386903	4387310		plus	PUR family DNA/RNA-binding protein		99752901	protein-coding		WP_005831798.1	135	QWU49_RS17840
NZ_CP129143.1	4387449	4388039		plus	50S ribosomal protein L25/general stress protein Ctc		99752902	protein-coding		WP_005831799.1	196	QWU49_RS17845
NZ_CP129143.1	4388301	4388864		plus	aminoacyl-tRNA hydrolase	pth	99752903	protein-coding		WP_005831801.1	187	QWU49_RS17850
NZ_CP129143.1	4388861	4389280		plus	RNA-binding S4 domain-containing protein		99752904	protein-coding		WP_005831803.1	139	QWU49_RS17855
NZ_CP129143.1	4389296	4390282		plus	Gfo/Idh/MocA family protein		99752905	protein-coding		WP_005831805.1	328	QWU49_RS17860
NZ_CP129143.1	4390304	4392574		minus	cation:proton antiporter		99752906	protein-coding		WP_005831807.1	756	QWU49_RS17865
NZ_CP129143.1	4392707	4393855		minus	bifunctional histidinol-phosphatase/imidazoleglycerol-phosphate dehydratase HisB	hisB	99752907	protein-coding		WP_005831809.1	382	QWU49_RS17870
NZ_CP129143.1	4394040	4395080		minus	histidinol-phosphate transaminase	hisC	99752908	protein-coding		WP_005831811.1	346	QWU49_RS17875
NZ_CP129143.1	4395147	4396439		minus	histidinol dehydrogenase	hisD	99752909	protein-coding		WP_005831813.1	430	QWU49_RS17880
NZ_CP129143.1	4396641	4397492		minus	ATP phosphoribosyltransferase	hisG	99752910	protein-coding		WP_005831815.1	283	QWU49_RS17885
NZ_CP129143.1	4397855	4398346		minus	PaaI family thioesterase		99752911	protein-coding		WP_005832726.1	163	QWU49_RS17890
NZ_CP129143.1	4398507	4399610		plus	DUF4421 domain-containing protein		99752912	protein-coding		WP_005831819.1	367	QWU49_RS17895
NZ_CP129143.1	4399638	4400300		minus	DUF2490 domain-containing protein		99752913	protein-coding		WP_005831821.1	220	QWU49_RS17900
NZ_CP129143.1	4400531	4401190		minus	CatA-like O-acetyltransferase		99752914	protein-coding		WP_016272851.1	219	QWU49_RS17905
NZ_CP129143.1	4401253	4403286		minus	protein-disulfide reductase DsbD family protein		99752915	protein-coding		WP_005831825.1	677	QWU49_RS17910
NZ_CP129143.1	4403304	4403612		minus	Dabb family protein		99752916	protein-coding		WP_008665385.1	102	QWU49_RS17915
NZ_CP129143.1	4403715	4404326		plus	uridine kinase	udk	99752917	protein-coding		WP_005831829.1	203	QWU49_RS17920
NZ_CP129143.1	4404382	4405800		plus	transglycosylase SLT domain-containing protein		99752918	protein-coding		WP_005831831.1	472	QWU49_RS17925
NZ_CP129143.1	4405841	4408606		minus	methionine synthase	metH	99752919	protein-coding		WP_005831833.1	921	QWU49_RS17930
NZ_CP129143.1	4408608	4409060		minus	SsrA-binding protein	smpB	99752920	protein-coding		WP_005831836.1	150	QWU49_RS17935
NZ_CP129143.1	4409069	4409641		minus	Yip1 family protein		99752921	protein-coding		WP_005832772.1	190	QWU49_RS17940
NZ_CP129143.1	4409649	4410521		minus	hypothetical protein		99752922	protein-coding		WP_005831838.1	290	QWU49_RS17945
NZ_CP129143.1	4410614	4411762		minus	hypothetical protein		99752923	protein-coding		WP_229031918.1	382	QWU49_RS17950
NZ_CP129143.1	4411792	4412214		minus	DUF3244 domain-containing protein		99752924	protein-coding		WP_005831840.1	140	QWU49_RS17955
NZ_CP129143.1	4412356	4414041		minus	tetratricopeptide repeat protein		99752925	protein-coding		WP_229110787.1	561	QWU49_RS17960
NZ_CP129143.1	4414136	4414633		minus	DMP19 family protein		99752926	protein-coding		WP_008665373.1	165	QWU49_RS17965
NZ_CP129143.1	4415077	4415778		plus	iron-sulfur cluster assembly scaffold protein		99752927	protein-coding		WP_005831848.1	233	QWU49_RS17970
NZ_CP129143.1	4415797	4416807		plus	GGGtGRT protein		99752928	protein-coding		WP_005831851.1	336	QWU49_RS17975
NZ_CP129143.1	4416867	4417904		minus	alcohol dehydrogenase		99752929	protein-coding		WP_005831853.1	345	QWU49_RS17980
NZ_CP129143.1	4417932	4418729		minus	TrmH family RNA methyltransferase		99752930	protein-coding		WP_005831855.1	265	QWU49_RS17985
NZ_CP129143.1	4418781	4421468		minus	transglutaminase domain-containing protein		99752931	protein-coding		WP_005831857.1	895	QWU49_RS17990
NZ_CP129143.1	4421555	4421968		minus	DUF2141 domain-containing protein		99752932	protein-coding		WP_005831860.1	137	QWU49_RS17995
NZ_CP129143.1	4421997	4423922		minus	TonB-dependent receptor plug domain-containing protein		99752933	protein-coding		WP_005831861.1	641	QWU49_RS18000
NZ_CP129143.1	4424060	4424971		minus	LytTR family DNA-binding domain-containing protein		99752934	protein-coding		WP_005831863.1	303	QWU49_RS18005
NZ_CP129143.1	4425038	4425640		minus	sugar O-acetyltransferase		99752935	protein-coding		WP_005832814.1	200	QWU49_RS18010
NZ_CP129143.1	4425696	4426271		minus	Crp/Fnr family transcriptional regulator		99752936	protein-coding		WP_008665297.1	191	QWU49_RS18015
NZ_CP129143.1	4426517	4426657		plus	hypothetical protein		99752937	protein-coding		WP_005832819.1	46	QWU49_RS18020
NZ_CP129143.1	4426737	4428302		minus	hypothetical protein		99752938	protein-coding		WP_227212788.1	521	QWU49_RS18025
NZ_CP129143.1	4428387	4429520		minus	DUF4249 domain-containing protein		99752939	protein-coding		WP_005831875.1	377	QWU49_RS18030
NZ_CP129143.1	4429533	4430696		minus	DUF4249 domain-containing protein		99752940	protein-coding		WP_005831878.1	387	QWU49_RS18035
NZ_CP129143.1	4430703	4433441		minus	TonB-dependent receptor		99752941	protein-coding		WP_008665291.1	912	QWU49_RS18040
NZ_CP129143.1	4433443	4434126		minus	hypothetical protein		99752942	protein-coding		WP_005832827.1	227	QWU49_RS18045
NZ_CP129143.1	4434368	4434742		minus	YccF domain-containing protein		99752943	protein-coding		WP_005832831.1	124	QWU49_RS18050
NZ_CP129143.1	4434780	4435883		minus	DNA polymerase IV	dinB	99752944	protein-coding		WP_005831892.1	367	QWU49_RS18055
NZ_CP129143.1	4435915	4437261		minus	MATE family efflux transporter		99752945	protein-coding		WP_005831894.1	448	QWU49_RS18060
NZ_CP129143.1	4437485	4438573		minus	2-aminoethylphosphonate--pyruvate transaminase		99752946	protein-coding		WP_034526107.1	362	QWU49_RS18065
NZ_CP129143.1	4438610	4439404		minus	phosphonoacetaldehyde hydrolase	phnX	99752947	protein-coding		WP_005831899.1	264	QWU49_RS18070
NZ_CP129143.1	4439419	4440876		minus	DUF5690 family protein		99752948	protein-coding		WP_005831901.1	485	QWU49_RS18075
NZ_CP129143.1	4440877	4441434		plus	uncharacterized gene		99752949	pseudogene				QWU49_RS18080
NZ_CP129143.1	4441532	4443472		plus	heavy metal translocating P-type ATPase		99752950	protein-coding		WP_005831907.1	646	QWU49_RS18085
NZ_CP129143.1	4443478	4443912		plus	Fur family transcriptional regulator		99752951	protein-coding		WP_005831909.1	144	QWU49_RS18090
NZ_CP129143.1	4443984	4445624		plus	sigma-70 family RNA polymerase sigma factor		99752952	protein-coding		WP_005831913.1	546	QWU49_RS18095
NZ_CP129143.1	4445706	4446503		plus	class I SAM-dependent methyltransferase		99752953	protein-coding		WP_034526109.1	265	QWU49_RS18100
NZ_CP129143.1	4446703	4447188		minus	helix-turn-helix domain-containing protein		99752954	protein-coding		WP_005831917.1	161	QWU49_RS18105
NZ_CP129143.1	4447394	4447792		minus	transfer-messenger RNA	ssrA	99752955	other				QWU49_RS18110
NZ_CP129143.1	4448613	4451441		plus	beta-glucosidase		99752956	protein-coding		WP_008665263.1	942	QWU49_RS18115
NZ_CP129143.1	4451543	4452670		plus	lactonase family protein		99752957	protein-coding		WP_005831925.1	375	QWU49_RS18120
NZ_CP129143.1	4452741	4453790		plus	DUF4831 family protein		99752958	protein-coding		WP_016272886.1	349	QWU49_RS18125
NZ_CP129143.1	4453798	4454151		minus	PqqD family protein		99752959	protein-coding		WP_005831929.1	117	QWU49_RS18130
NZ_CP129143.1	4454171	4455562		minus	MFS transporter		99752960	protein-coding		WP_005831932.1	463	QWU49_RS18135
NZ_CP129143.1	4455716	4456105		minus	preprotein translocase subunit SecG	secG	99752961	protein-coding		WP_005831936.1	129	QWU49_RS18140
NZ_CP129143.1	4456110	4456883		minus	hypothetical protein		99752962	protein-coding		WP_005831938.1	257	QWU49_RS18145
NZ_CP129143.1	4456888	4457412		minus	LptE family protein		99752963	protein-coding		WP_005831940.1	174	QWU49_RS18150
NZ_CP129143.1	4457399	4458649		minus	sigma-54 interaction domain-containing protein		99752964	protein-coding		WP_005831941.1	416	QWU49_RS18155
NZ_CP129143.1	4458651	4459748		minus	4-hydroxythreonine-4-phosphate dehydrogenase PdxA	pdxA	99752965	protein-coding		WP_005831943.1	365	QWU49_RS18160
NZ_CP129143.1	4459754	4460809		minus	DUF4837 family protein		99752966	protein-coding		WP_005831945.1	351	QWU49_RS18165
NZ_CP129143.1	4460880	4461920		minus	23S rRNA (adenine(2503)-C(2))-methyltransferase RlmN	rlmN	99752967	protein-coding		WP_008665254.1	346	QWU49_RS18170
NZ_CP129143.1	4462073	4464211		minus	SurA N-terminal domain-containing protein		99752968	protein-coding		WP_005831949.1	712	QWU49_RS18175
NZ_CP129143.1	4464334	4465590		minus	hemolysin family protein		99752969	protein-coding		WP_005831951.1	418	QWU49_RS18180
NZ_CP129143.1	4465595	4466221		minus	LPS export ABC transporter periplasmic protein LptC	lptC	99752970	protein-coding		WP_005831952.1	208	QWU49_RS18185
NZ_CP129143.1	4466226	4467551		minus	tetratricopeptide repeat protein		99752971	protein-coding		WP_005831953.1	441	QWU49_RS18190
NZ_CP129143.1	4467597	4468859		minus	hypothetical protein		99752972	protein-coding		WP_005831954.1	420	QWU49_RS18195
NZ_CP129143.1	4468846	4469577		minus	type III pantothenate kinase		99752973	protein-coding		WP_005831955.1	243	QWU49_RS18200
NZ_CP129143.1	4470083	4471303		plus	DUF4105 domain-containing protein		99752974	protein-coding		WP_005831959.1	406	QWU49_RS18205
NZ_CP129143.1	4471303	4472871		plus	alkaline phosphatase family protein		99752975	protein-coding		WP_005831961.1	522	QWU49_RS18210
NZ_CP129143.1	4472969	4476304		plus	preprotein translocase subunit SecA	secA	99752976	protein-coding		WP_005831963.1	1111	QWU49_RS18215
NZ_CP129143.1	4476475	4477575		plus	DUF6340 family protein		99752977	protein-coding		WP_008665247.1	366	QWU49_RS18220
NZ_CP129143.1	4477642	4478088		plus	hypothetical protein		99752978	protein-coding		WP_005831967.1	148	QWU49_RS18225
NZ_CP129143.1	4478195	4481197		minus	glycoside hydrolase family 55 protein		99752979	protein-coding		WP_005831968.1	1000	QWU49_RS18230
NZ_CP129143.1	4481227	4484241		minus	glycosyl hydrolase family 28-related protein		99752980	protein-coding		WP_005831969.1	1004	QWU49_RS18235
NZ_CP129143.1	4484313	4485029		minus	DUF3823 domain-containing protein		99752981	protein-coding		WP_005831972.1	238	QWU49_RS18240
NZ_CP129143.1	4485055	4487046		minus	RagB/SusD family nutrient uptake outer membrane protein		99752982	protein-coding		WP_005831973.1	663	QWU49_RS18245
NZ_CP129143.1	4487059	4490460		minus	TonB-dependent receptor		99752983	protein-coding		WP_034526153.1	1133	QWU49_RS18250
NZ_CP129143.1	4490696	4491709		minus	FecR family protein		99752984	protein-coding		WP_005831976.1	337	QWU49_RS18255
NZ_CP129143.1	4491847	4492425		plus	RNA polymerase sigma-70 factor		99752985	protein-coding		WP_005831977.1	192	QWU49_RS18260
NZ_CP129143.1	4492780	4493274		plus	hypothetical protein		99752986	protein-coding		WP_005831978.1	164	QWU49_RS18265
NZ_CP129143.1	4493271	4494200		plus	ThuA domain-containing protein		99752987	protein-coding		WP_005831979.1	309	QWU49_RS18270
NZ_CP129143.1	4494206	4496620		plus	glycoside hydrolase family 9 protein		99752988	protein-coding		WP_034526115.1	804	QWU49_RS18275
NZ_CP129143.1	4496698	4499331		minus	valine--tRNA ligase		99752989	protein-coding		WP_005831983.1	877	QWU49_RS18280
NZ_CP129143.1	4499518	4500564		plus	DUF3810 domain-containing protein		99752990	protein-coding		WP_005831985.1	348	QWU49_RS18285
NZ_CP129143.1	4500573	4501400		plus	nucleoside triphosphate pyrophosphohydrolase	mazG	99752991	protein-coding		WP_034526155.1	275	QWU49_RS18290
NZ_CP129143.1	4501459	4501932		minus	hypothetical protein		99752992	protein-coding		WP_034526159.1	157	QWU49_RS18295
NZ_CP129143.1	4501958	4502323		minus	hypothetical protein		99752993	protein-coding		WP_005831990.1	121	QWU49_RS18300
NZ_CP129143.1	4502371	4502925		minus	RNA polymerase sigma factor		99752994	protein-coding		WP_005831992.1	184	QWU49_RS18305
NZ_CP129143.1	4502980	4503894		minus	ribonuclease Z		99752995	protein-coding		WP_005831993.1	304	QWU49_RS18310
NZ_CP129143.1	4503929	4504720		minus	hypothetical protein		99752996	protein-coding		WP_005831995.1	263	QWU49_RS18315
NZ_CP129143.1	4504896	4506692		minus	30S ribosomal protein S1	rpsA	99752997	protein-coding		WP_005831997.1	598	QWU49_RS18320
NZ_CP129143.1	4506889	4507710		plus	alpha/beta hydrolase		99752998	protein-coding		WP_005831999.1	273	QWU49_RS18325
NZ_CP129143.1	4507714	4508544		minus	type II pantothenate kinase	coaW	99752999	protein-coding		WP_005832001.1	276	QWU49_RS18330
NZ_CP129143.1	4508712	4511033		minus	DUF5686 family protein		99753000	protein-coding		WP_005832004.1	773	QWU49_RS18335
NZ_CP129143.1	4511450	4513639		plus	glutamine synthetase III		99753001	protein-coding		WP_005832915.1	729	QWU49_RS18340
NZ_CP129143.1	4513932	4514633		plus	Crp/Fnr family transcriptional regulator		99753002	protein-coding		WP_005832010.1	233	QWU49_RS18345
NZ_CP129143.1	4514717	4515667		minus	thioredoxin-disulfide reductase	trxB	99753003	protein-coding		WP_005832012.1	316	QWU49_RS18350
NZ_CP129143.1	4515705	4516355		minus	LolA-like putative outer membrane lipoprotein chaperone		99753004	protein-coding		WP_005832014.1	216	QWU49_RS18355
NZ_CP129143.1	4516359	4518863		minus	FtsK/SpoIIIE family DNA translocase		99753005	protein-coding		WP_005832016.1	834	QWU49_RS18360
NZ_CP129143.1	4519135	4519746		minus	winged helix-turn-helix transcriptional regulator		99753006	protein-coding		WP_005832018.1	203	QWU49_RS18365
NZ_CP129143.1	4520106	4520372		minus	hypothetical protein		99753007	protein-coding		WP_005832022.1	88	QWU49_RS18370
NZ_CP129143.1	4520546	4522126		plus	IS21 family transposase	istA	99753008	protein-coding		WP_005829261.1	526	QWU49_RS18375
NZ_CP129143.1	4522113	4522895		plus	IS21-like element helper ATPase IstB	istB	99753009	protein-coding		WP_005824105.1	260	QWU49_RS18380
NZ_CP129143.1	4523000	4523206		plus	uncharacterized gene		99753010	pseudogene				QWU49_RS18385
NZ_CP129143.1	4523271	4523825		plus	DUF5063 domain-containing protein		99753011	protein-coding		WP_008665189.1	184	QWU49_RS18390
NZ_CP129143.1	4523829	4524452		plus	3'-5' exonuclease		99753012	protein-coding		WP_005826911.1	207	QWU49_RS18395
NZ_CP129143.1	4524492	4525673		plus	class I SAM-dependent rRNA methyltransferase		99753013	protein-coding		WP_005826914.1	393	QWU49_RS18400
NZ_CP129143.1	4525988	4527244		plus	nucleoside permease		99753014	protein-coding		WP_005826918.1	418	QWU49_RS18405
NZ_CP129143.1	4527271	4527855		plus	bifunctional nuclease domain-containing protein		99753015	protein-coding		WP_005826921.1	194	QWU49_RS18410
NZ_CP129143.1	4527857	4528555		plus	16S rRNA (uracil(1498)-N(3))-methyltransferase		99753016	protein-coding		WP_005826923.1	232	QWU49_RS18415
NZ_CP129143.1	4528578	4530131		plus	DUF4836 family protein		99753017	protein-coding		WP_005826925.1	517	QWU49_RS18420
NZ_CP129143.1	4530173	4530817		plus	ATP-binding cassette domain-containing protein		99753018	protein-coding		WP_005826927.1	214	QWU49_RS18425
NZ_CP129143.1	4530829	4532034		plus	hypothetical protein		99753019	protein-coding		WP_005826929.1	401	QWU49_RS18430
NZ_CP129143.1	4532037	4534343		plus	helix-turn-helix domain-containing protein		99753020	protein-coding		WP_005826931.1	768	QWU49_RS18435
NZ_CP129143.1	4534429	4536780		plus	TIM-barrel domain-containing protein		99753021	protein-coding		WP_008665178.1	783	QWU49_RS18440
NZ_CP129143.1	4536928	4538787		minus	SLC13 family permease		99753022	protein-coding		WP_005826934.1	619	QWU49_RS18445
NZ_CP129143.1	4538866	4539141		minus	putative quinol monooxygenase		99753023	protein-coding		WP_005826936.1	91	QWU49_RS18450
NZ_CP129143.1	4539308	4539601		plus	YtxH domain-containing protein		99753024	protein-coding		WP_005826938.1	97	QWU49_RS18455
NZ_CP129143.1	4539771	4540121		minus	winged helix-turn-helix transcriptional regulator		99753025	protein-coding		WP_005832992.1	116	QWU49_RS18460
NZ_CP129143.1	4540335	4540997		plus	uracil-DNA glycosylase	ung	99753026	protein-coding		WP_005826944.1	220	QWU49_RS18465
NZ_CP129143.1	4541002	4541709		minus	TIGR02757 family protein		99753027	protein-coding		WP_005826947.1	235	QWU49_RS18470
NZ_CP129143.1	4541903	4542760		plus	AraC family transcriptional regulator		99753028	protein-coding		WP_008665173.1	285	QWU49_RS18475
NZ_CP129143.1	4543103	4543999		plus	DMT family transporter		99753029	protein-coding		WP_005826953.1	298	QWU49_RS18480
NZ_CP129143.1	4544006	4545022		minus	N-acetylmuramoyl-L-alanine amidase family protein		99753030	protein-coding		WP_005826955.1	338	QWU49_RS18485
NZ_CP129143.1	4545160	4546440		plus	O-acetylhomoserine aminocarboxypropyltransferase/cysteine synthase family protein		99753031	protein-coding		WP_005826957.1	426	QWU49_RS18490
NZ_CP129143.1	4546552	4549056		minus	family 20 glycosylhydrolase		99753032	protein-coding		WP_005826959.1	834	QWU49_RS18495
NZ_CP129143.1	4549232	4551520		plus	NADP-dependent malic enzyme		99753033	protein-coding		WP_005826960.1	762	QWU49_RS18500
NZ_CP129143.1	4551884	4553221		plus	NADP-specific glutamate dehydrogenase		99753034	protein-coding		WP_005826963.1	445	QWU49_RS18505
NZ_CP129143.1	4553408	4554589		plus	GTP-binding protein		99753035	protein-coding		WP_005826968.1	393	QWU49_RS18510
NZ_CP129143.1	4554685	4556889		minus	beta-N-acetylglucosaminidase		99753036	protein-coding		WP_005826970.1	734	QWU49_RS18515
NZ_CP129143.1	4557009	4557587		minus	nicotinate (nicotinamide) nucleotide adenylyltransferase	nadD	99753037	protein-coding		WP_005826971.1	192	QWU49_RS18520
NZ_CP129143.1	4557610	4557846		minus	hypothetical protein		99753038	protein-coding		WP_005826972.1	78	QWU49_RS18525
NZ_CP129143.1	4557843	4558406		minus	guanylate kinase	gmk	99753039	protein-coding		WP_005826973.1	187	QWU49_RS18530
NZ_CP129143.1	4558443	4559327		minus	YicC/YloC family endoribonuclease		99753040	protein-coding		WP_005826974.1	294	QWU49_RS18535
NZ_CP129143.1	4559419	4560111		plus	tRNA (adenosine(37)-N6)-threonylcarbamoyltransferase complex dimerization subunit type 1 TsaB	tsaB	99753041	protein-coding		WP_005833019.1	230	QWU49_RS18540
NZ_CP129143.1	4560233	4560853		plus	DUF4290 domain-containing protein		99753042	protein-coding		WP_005826977.1	206	QWU49_RS18545
NZ_CP129143.1	4560945	4562252		plus	UDP-N-acetylglucosamine 1-carboxyvinyltransferase	murA	99753043	protein-coding		WP_005826979.1	435	QWU49_RS18550
NZ_CP129143.1	4562254	4562790		plus	ribosome maturation factor RimM	rimM	99753044	protein-coding		WP_005826980.1	178	QWU49_RS18555
NZ_CP129143.1	4562787	4563644		plus	M23 family metallopeptidase		99753045	protein-coding		WP_005826982.1	285	QWU49_RS18560
NZ_CP129143.1	4563681	4564826		plus	1-deoxy-D-xylulose-5-phosphate reductoisomerase		99753046	protein-coding		WP_005826984.1	381	QWU49_RS18565
NZ_CP129143.1	4564939	4566270		plus	RIP metalloprotease RseP	rseP	99753047	protein-coding		WP_005826988.1	443	QWU49_RS18570
NZ_CP129143.1	4566403	4567302		minus	diaminopimelate dehydrogenase		99753048	protein-coding		WP_005826990.1	299	QWU49_RS18575
NZ_CP129143.1	4567498	4568100		plus	Holliday junction branch migration protein RuvA	ruvA	99753049	protein-coding		WP_005826995.1	200	QWU49_RS18580
NZ_CP129143.1	4568124	4569116		plus	DUF3843 family protein		99753050	protein-coding		WP_005826997.1	330	QWU49_RS18585
NZ_CP129143.1	4569312	4570475		minus	M24 family metallopeptidase		99753051	protein-coding		WP_005827001.1	387	QWU49_RS18590
NZ_CP129143.1	4570613	4571950		minus	NADP-specific glutamate dehydrogenase	gdhA	99753052	protein-coding		WP_005827003.1	445	QWU49_RS18595
NZ_CP129143.1	4572328	4574475		minus	glycoside hydrolase family 97 protein		99753053	protein-coding		WP_005827008.1	715	QWU49_RS18600
NZ_CP129143.1	4574479	4575816		minus	alpha-amylase family glycosyl hydrolase		99753054	protein-coding		WP_005827009.1	445	QWU49_RS18605
NZ_CP129143.1	4576127	4577305		minus	hypothetical protein		99753055	protein-coding		WP_005827013.1	392	QWU49_RS18610
NZ_CP129143.1	4577328	4579121		minus	RagB/SusD family nutrient uptake outer membrane protein		99753056	protein-coding		WP_005833034.1	597	QWU49_RS18615
NZ_CP129143.1	4579154	4582114		minus	SusC/RagA family TonB-linked outer membrane protein		99753057	protein-coding		WP_005827017.1	986	QWU49_RS18620
NZ_CP129143.1	4582321	4583985		minus	DUF6377 domain-containing protein		99753058	protein-coding		WP_005827019.1	554	QWU49_RS18625
NZ_CP129143.1	4584217	4586682		plus	glycoside hydrolase family 9 protein		99753059	protein-coding		WP_005827021.1	821	QWU49_RS18630
NZ_CP129143.1	4586718	4587521		plus	ThuA domain-containing protein		99753060	protein-coding		WP_005827023.1	267	QWU49_RS18635
NZ_CP129143.1	4588106	4589668		minus	RagB/SusD family nutrient uptake outer membrane protein		99753061	protein-coding		WP_005827028.1	520	QWU49_RS18640
NZ_CP129143.1	4589690	4592800		minus	SusC/RagA family TonB-linked outer membrane protein		99753062	protein-coding		WP_005827030.1	1036	QWU49_RS18645
NZ_CP129143.1	4593054	4594778		minus	glycosyl hydrolase family 18 protein		99753063	protein-coding		WP_005827034.1	574	QWU49_RS18650
NZ_CP129143.1	4594794	4596059		minus	MFS transporter		99753064	protein-coding		WP_005827035.1	421	QWU49_RS18655
NZ_CP129143.1	4596113	4596844		minus	6-phosphogluconolactonase		99753065	protein-coding		WP_005833056.1	243	QWU49_RS18660
NZ_CP129143.1	4596867	4597808		minus	ROK family protein		99753066	protein-coding		WP_005827039.1	313	QWU49_RS18665
NZ_CP129143.1	4597939	4601871		minus	hybrid sensor histidine kinase/response regulator transcription factor		99753067	protein-coding		WP_005827040.1	1310	QWU49_RS18670
NZ_CP129143.1	4601997	4604966		plus	PEP/pyruvate-binding domain-containing protein		99753068	protein-coding		WP_005827042.1	989	QWU49_RS18675
NZ_CP129143.1	4604968	4606035		minus	metallophosphoesterase		99753069	protein-coding		WP_034525525.1	355	QWU49_RS18680
NZ_CP129143.1	4606106	4607017		plus	1,4-dihydroxy-2-naphthoate octaprenyltransferase	menA	99753070	protein-coding		WP_005827044.1	303	QWU49_RS18685
NZ_CP129143.1	4607064	4608206		minus	dTDP-glucose 4,6-dehydratase	rfbB	99753071	protein-coding		WP_005827045.1	380	QWU49_RS18690
NZ_CP129143.1	4608294	4609166		minus	glucose-1-phosphate thymidylyltransferase RfbA	rfbA	99753072	protein-coding		WP_005827046.1	290	QWU49_RS18695
NZ_CP129143.1	4609531	4610025		minus	metallophosphoesterase family protein		99753073	protein-coding		WP_005827049.1	164	QWU49_RS18700
NZ_CP129143.1	4610117	4612183		plus	RNA degradosome polyphosphate kinase		99753074	protein-coding		WP_005827051.1	688	QWU49_RS18705
NZ_CP129143.1	4612312	4614564		plus	inorganic phosphate transporter		99753075	protein-coding		WP_034522753.1	750	QWU49_RS18710
NZ_CP129143.1	4614608	4616038		minus	CCA tRNA nucleotidyltransferase		99753076	protein-coding		WP_005827054.1	476	QWU49_RS18715
NZ_CP129143.1	4616168	4616998		plus	hypothetical protein		99753077	protein-coding		WP_005827058.1	276	QWU49_RS18720
NZ_CP129143.1	4617067	4617468		minus	response regulator		99753078	protein-coding		WP_005827060.1	133	QWU49_RS18725
NZ_CP129143.1	4617555	4619189		plus	ABC-F family ATP-binding cassette domain-containing protein		99753079	protein-coding		WP_005827062.1	544	QWU49_RS18730
NZ_CP129143.1	4619273	4620649		plus	FAD-dependent oxidoreductase		99753080	protein-coding		WP_005827064.1	458	QWU49_RS18735
NZ_CP129143.1	4620712	4621122		plus	DUF6769 family protein		99753081	protein-coding		WP_005827068.1	136	QWU49_RS18740
NZ_CP129143.1	4621242	4622462		plus	efflux RND transporter periplasmic adaptor subunit		99753082	protein-coding		WP_005827070.1	406	QWU49_RS18745
NZ_CP129143.1	4622631	4625753		plus	efflux RND transporter permease subunit		99753083	protein-coding		WP_005827071.1	1040	QWU49_RS18750
NZ_CP129143.1	4625746	4626972		plus	TolC family protein		99753084	protein-coding		WP_005827073.1	408	QWU49_RS18755
NZ_CP129143.1	4627029	4628261		minus	serpin family protein		99753085	protein-coding		WP_005827075.1	410	QWU49_RS18760
NZ_CP129143.1	4628539	4629996		minus	methyltransferase RsmF C-terminal domain-like protein		99753086	protein-coding		WP_005827081.1	485	QWU49_RS18765
NZ_CP129143.1	4630087	4632510		minus	TonB-dependent receptor		99753087	protein-coding		WP_005827082.1	807	QWU49_RS18770
NZ_CP129143.1	4632575	4632916		minus	hypothetical protein		99753088	protein-coding		WP_008664012.1	113	QWU49_RS18775
NZ_CP129143.1	4633172	4633795		plus	DUF6249 domain-containing protein		99753089	protein-coding		WP_005827092.1	207	QWU49_RS18780
NZ_CP129143.1	4633792	4634337		plus	RNA polymerase sigma factor		99753090	protein-coding		WP_005827094.1	181	QWU49_RS18785
NZ_CP129143.1	4634324	4634650		plus	DUF5056 domain-containing protein		99753091	protein-coding		WP_005827095.1	108	QWU49_RS18790
NZ_CP129143.1	4634713	4635942		plus	cardiolipin synthase	cls	99753092	protein-coding		WP_171029041.1	409	QWU49_RS18795
NZ_CP129143.1	4636017	4636811		plus	thymidylate synthase		99753093	protein-coding		WP_005827101.1	264	QWU49_RS18800
NZ_CP129143.1	4636857	4637345		plus	dihydrofolate reductase		99753094	protein-coding		WP_005827102.1	162	QWU49_RS18805
NZ_CP129143.1	4637348	4637824		minus	Lrp/AsnC family transcriptional regulator		99753095	protein-coding		WP_005827104.1	158	QWU49_RS18810
NZ_CP129143.1	4638064	4639341		plus	IgA Peptidase M64		99753096	protein-coding		WP_005827109.1	425	QWU49_RS18815
NZ_CP129143.1	4639366	4639902		plus	GNAT family N-acetyltransferase		99753097	protein-coding		WP_005827111.1	178	QWU49_RS18820
NZ_CP129143.1	4639978	4640442		minus	ExbD/TolR family protein		99753098	protein-coding		WP_005827114.1	154	QWU49_RS18825
NZ_CP129143.1	4640442	4641032		minus	ExbD/TolR family protein		99753099	protein-coding		WP_005827116.1	196	QWU49_RS18830
NZ_CP129143.1	4641069	4641554		minus	hypothetical protein		99753100	protein-coding		WP_005827118.1	161	QWU49_RS18835
NZ_CP129143.1	4641560	4642363		minus	MotA/TolQ/ExbB proton channel family protein		99753101	protein-coding		WP_005827120.1	267	QWU49_RS18840
NZ_CP129143.1	4642441	4642528		minus	tRNA-Ser		99753102	tRNA				QWU49_RS18845
NZ_CP129143.1	4642691	4643470		minus	TatD family hydrolase		99753103	protein-coding		WP_005827124.1	259	QWU49_RS18850
NZ_CP129143.1	4643479	4644180		minus	hypothetical protein		99753104	protein-coding		WP_005827126.1	233	QWU49_RS18855
NZ_CP129143.1	4644199	4645173		minus	polyprenyl synthetase family protein		99753105	protein-coding		WP_034525526.1	324	QWU49_RS18860
NZ_CP129143.1	4645254	4645940		minus	energy transducer TonB		99753106	protein-coding		WP_005827130.1	228	QWU49_RS18865
NZ_CP129143.1	4646203	4646898		plus	(d)CMP kinase	cmk	99753107	protein-coding		WP_034525522.1	231	QWU49_RS18870
NZ_CP129143.1	4646906	4647772		plus	4-hydroxy-3-methylbut-2-enyl diphosphate reductase		99753108	protein-coding		WP_005827134.1	288	QWU49_RS18875
NZ_CP129143.1	4647912	4648892		plus	6-phosphofructokinase	pfkA	99753109	protein-coding		WP_005827137.1	326	QWU49_RS18880
NZ_CP129143.1	4648953	4649792		minus	SDR family oxidoreductase		99753110	protein-coding		WP_005827139.1	279	QWU49_RS18885
NZ_CP129143.1	4649829	4651052		minus	NADH:flavin oxidoreductase		99753111	protein-coding		WP_005827141.1	407	QWU49_RS18890
NZ_CP129143.1	4651125	4651895		minus	DUF1295 domain-containing protein		99753112	protein-coding		WP_005827144.1	256	QWU49_RS18895
NZ_CP129143.1	4652142	4653485		minus	citrate/2-methylcitrate synthase		99753113	protein-coding		WP_005827148.1	447	QWU49_RS18900
NZ_CP129143.1	4653498	4654658		minus	NADP-dependent isocitrate dehydrogenase	icd	99753114	protein-coding		WP_005827150.1	386	QWU49_RS18905
NZ_CP129143.1	4654662	4656905		minus	aconitate hydratase		99753115	protein-coding		WP_005827152.1	747	QWU49_RS18910
NZ_CP129143.1	4657038	4658933		plus	AAA domain-containing protein		99753116	protein-coding		WP_008664043.1	631	QWU49_RS18915
NZ_CP129143.1	4658995	4660038		minus	ketol-acid reductoisomerase	ilvC	99753117	protein-coding		WP_005827157.1	347	QWU49_RS18920
NZ_CP129143.1	4660089	4660838		minus	acyl-[acyl-carrier-protein] thioesterase		99753118	protein-coding		WP_034525527.1	249	QWU49_RS18925
NZ_CP129143.1	4660838	4661398		minus	acetolactate synthase small subunit	ilvN	99753119	protein-coding		WP_005833135.1	186	QWU49_RS18930
NZ_CP129143.1	4661431	4663182		minus	biosynthetic-type acetolactate synthase large subunit	ilvB	99753120	protein-coding		WP_005827165.1	583	QWU49_RS18935
NZ_CP129143.1	4663274	4665076		minus	dihydroxy-acid dehydratase	ilvD	99753121	protein-coding		WP_005833140.1	600	QWU49_RS18940
NZ_CP129143.1	4665567	4666139		plus	FKBP-type peptidyl-prolyl cis-trans isomerase		99753122	protein-coding		WP_005827175.1	190	QWU49_RS18945
NZ_CP129143.1	4666239	4667519		minus	serine dehydratase subunit alpha family protein		99753123	protein-coding		WP_005827178.1	426	QWU49_RS18950
NZ_CP129143.1	4667666	4668418		minus	DUF4925 domain-containing protein		99753124	protein-coding		WP_034525528.1	250	QWU49_RS18955
NZ_CP129143.1	4668938	4670014		plus	chorismate synthase	aroC	99753125	protein-coding		WP_005827187.1	358	QWU49_RS18960
NZ_CP129143.1	4670024	4671379		plus	dipeptidase		99753126	protein-coding		WP_005827189.1	451	QWU49_RS18965
NZ_CP129143.1	4671395	4672474		plus	anhydro-N-acetylmuramic acid kinase		99753127	protein-coding		WP_005827191.1	359	QWU49_RS18970
NZ_CP129143.1	4672489	4673043		plus	NUDIX hydrolase		99753128	protein-coding		WP_005827192.1	184	QWU49_RS18975
NZ_CP129143.1	4673055	4675244		minus	DNA topoisomerase 3		99753129	protein-coding		WP_005827194.1	729	QWU49_RS18980
NZ_CP129143.1	4675560	4677707		minus	methylmalonyl-CoA mutase	scpA	99753130	protein-coding		WP_005833154.1	715	QWU49_RS18985
NZ_CP129143.1	4677754	4679652		minus	methylmalonyl-CoA mutase small subunit	mutA	99753131	protein-coding		WP_005827197.1	632	QWU49_RS18990
NZ_CP129143.1	4679923	4681584		plus	putative transporter		99753132	protein-coding		WP_005827199.1	553	QWU49_RS18995
NZ_CP129143.1	4681661	4682290		minus	AAA family ATPase		99753133	protein-coding		WP_034523243.1	209	QWU49_RS19000
NZ_CP129143.1	4682395	4683747		minus	MATE family efflux transporter		99753134	protein-coding		WP_005827205.1	450	QWU49_RS19005
NZ_CP129143.1	4684005	4684412		plus	HU family DNA-binding protein		99753135	protein-coding		WP_005827207.1	135	QWU49_RS19010
NZ_CP129143.1	4684507	4686237		plus	lysine--tRNA ligase	lysS	99753136	protein-coding		WP_005827209.1	576	QWU49_RS19015
NZ_CP129143.1	4686336	4687331		plus	NAD(P)H-dependent glycerol-3-phosphate dehydrogenase		99753137	protein-coding		WP_005827211.1	331	QWU49_RS19020
NZ_CP129143.1	4687380	4688717		plus	glucose-6-phosphate isomerase		99753138	protein-coding		WP_005827213.1	445	QWU49_RS19025
NZ_CP129143.1	4688847	4689602		plus	HAD family hydrolase		99753139	protein-coding		WP_008664065.1	251	QWU49_RS19030
NZ_CP129143.1	4689658	4690284		minus	hypothetical protein		99753140	protein-coding		WP_034525529.1	208	QWU49_RS19035
NZ_CP129143.1	4690487	4690924		plus	PepSY-like domain-containing protein		99753141	protein-coding		WP_005827221.1	145	QWU49_RS19040
NZ_CP129143.1	4691343	4692224		minus	alpha/beta hydrolase		99753142	protein-coding		WP_005827227.1	293	QWU49_RS19045
NZ_CP129143.1	4692333	4693163		minus	MerR family transcriptional regulator		99753143	protein-coding		WP_005827229.1	276	QWU49_RS19050
NZ_CP129143.1	4693254	4693727		minus	hypothetical protein		99753144	protein-coding		WP_005827232.1	157	QWU49_RS19055
NZ_CP129143.1	4693734	4694285		minus	peptide-methionine (S)-S-oxide reductase MsrA	msrA	99753145	protein-coding		WP_225982599.1	183	QWU49_RS19060
NZ_CP129143.1	4694497	4694569		minus	tRNA-Arg		99753146	tRNA				QWU49_RS19065
NZ_CP129143.1	4694782	4695819		plus	aspartate--ammonia ligase	asnA	99753147	protein-coding		WP_008664075.1	345	QWU49_RS19070
NZ_CP129143.1	4695927	4696589		plus	uracil-DNA glycosylase	ung	99753148	protein-coding		WP_005827240.1	220	QWU49_RS19075
NZ_CP129143.1	4696593	4699370		minus	putative LPS assembly protein LptD		99753149	protein-coding		WP_005827242.1	925	QWU49_RS19080
NZ_CP129143.1	4699450	4699986		minus	HD domain-containing protein		99753150	protein-coding		WP_005827246.1	178	QWU49_RS19085
NZ_CP129143.1	4700007	4701740		minus	ArnT family glycosyltransferase		99753151	protein-coding		WP_005827248.1	577	QWU49_RS19090
NZ_CP129143.1	4701928	4702305		plus	GtrA family protein		99753152	protein-coding		WP_005827252.1	125	QWU49_RS19095
NZ_CP129143.1	4702357	4703328		plus	glycosyltransferase family 2 protein		99753153	protein-coding		WP_005827256.1	323	QWU49_RS19100
NZ_CP129143.1	4703687	4703974		plus	hypothetical protein		99753154	protein-coding		WP_005827260.1	95	QWU49_RS19105
NZ_CP129143.1	4704231	4704713		plus	GNAT family N-acetyltransferase		99753155	protein-coding		WP_005833190.1	160	QWU49_RS19110
NZ_CP129143.1	4704710	4705066		plus	DUF3795 domain-containing protein		99753156	protein-coding		WP_005827267.1	118	QWU49_RS19115
NZ_CP129143.1	4705101	4705682		plus	Crp/Fnr family transcriptional regulator		99753157	protein-coding		WP_005827269.1	193	QWU49_RS19120
NZ_CP129143.1	4705826	4706101		plus	hypothetical protein		99753158	protein-coding		WP_005833197.1	91	QWU49_RS19125
NZ_CP129143.1	4706114	4707067		minus	transporter		99753159	protein-coding		WP_005827275.1	317	QWU49_RS19130
NZ_CP129143.1	4707268	4708503		plus	N-acetylmuramoyl-L-alanine amidase family protein		99753160	protein-coding		WP_005827280.1	411	QWU49_RS19135
NZ_CP129143.1	4708517	4709410		plus	MlaD family protein		99753161	protein-coding		WP_005827282.1	297	QWU49_RS19140
