Accession	Begin	End	Chromosome	Orientation	Name	Symbol	Gene ID	Gene Type	Transcripts accession	Protein accession	Protein length	Locus tag
NZ_CP048433.1	487	996		minus	hypothetical protein		92848790	protein-coding		WP_006234461.1	169	GXM19_RS00010
NZ_CP048433.1	993	1289		minus	hypothetical protein		92848791	protein-coding		WP_006234460.1	98	GXM19_RS00015
NZ_CP048433.1	1634	3235		plus	FAD-binding oxidoreductase		92848792	protein-coding		WP_172544912.1	533	GXM19_RS00020
NZ_CP048433.1	3238	4053		plus	electron transfer flavoprotein subunit beta/FixA family protein		92848793	protein-coding		WP_006234456.1	271	GXM19_RS00025
NZ_CP048433.1	4054	5259		plus	electron transfer flavoprotein subunit alpha		92848794	protein-coding		WP_006234455.1	401	GXM19_RS00030
NZ_CP048433.1	5256	6068		minus	HD domain-containing protein		92848795	protein-coding		WP_006234454.1	270	GXM19_RS00035
NZ_CP048433.1	6231	6887		plus	AzlC family ABC transporter permease		92848796	protein-coding		WP_208853609.1	218	GXM19_RS00040
NZ_CP048433.1	6877	7200		plus	AzlD domain-containing protein		92848797	protein-coding		WP_006234452.1	107	GXM19_RS00045
NZ_CP048433.1	7351	8373		plus	2-keto-3-deoxygluconate permease		92848798	protein-coding		WP_006234451.1	340	GXM19_RS00050
NZ_CP048433.1	8563	9705		plus	GGDEF domain-containing protein		92848799	protein-coding		WP_040358649.1	380	GXM19_RS00055
NZ_CP048433.1	9805	10740		minus	DMT family transporter		92848800	protein-coding		WP_006234449.1	311	GXM19_RS00060
NZ_CP048433.1	10841	14587		minus	phosphoribosylformylglycinamidine synthase		92848801	protein-coding		WP_006234448.1	1248	GXM19_RS00065
NZ_CP048433.1	14772	16334		plus	cation:proton antiporter domain-containing protein		92848802	protein-coding		WP_006234446.1	520	GXM19_RS00070
NZ_CP048433.1	16556	17305		minus	SDR family NAD(P)-dependent oxidoreductase		92848803	protein-coding		WP_006234445.1	249	GXM19_RS00075
NZ_CP048433.1	17514	18857		minus	homoserine dehydrogenase		92848804	protein-coding		WP_006234444.1	447	GXM19_RS00080
NZ_CP048433.1	19111	20277		plus	ABC transporter substrate-binding protein		92848805	protein-coding		WP_006234443.1	388	GXM19_RS00085
NZ_CP048433.1	20547	21734		plus	ABC transporter substrate-binding protein		92848806	protein-coding		WP_006234442.1	395	GXM19_RS00090
NZ_CP048433.1	21874	22755		plus	branched-chain amino acid ABC transporter permease		92848807	protein-coding		WP_040358647.1	293	GXM19_RS00095
NZ_CP048433.1	22765	23844		plus	branched-chain amino acid ABC transporter permease		92848808	protein-coding		WP_006234440.1	359	GXM19_RS00100
NZ_CP048433.1	23834	24694		plus	ABC transporter ATP-binding protein		92848809	protein-coding		WP_006234439.1	286	GXM19_RS00105
NZ_CP048433.1	24695	25408		plus	ABC transporter ATP-binding protein		92848810	protein-coding		WP_006234438.1	237	GXM19_RS00110
NZ_CP048433.1	25583	26260		plus	copper homeostasis protein CutC		92848811	protein-coding		WP_006234437.1	225	GXM19_RS00115
NZ_CP048433.1	26264	27061		plus	DUF4931 domain-containing protein		92848812	protein-coding		WP_040358645.1	265	GXM19_RS00120
NZ_CP048433.1	27092	28090		minus	bile acid:sodium symporter family protein		92848813	protein-coding		WP_006234434.1	332	GXM19_RS00125
NZ_CP048433.1	28365	31652		plus	single-stranded-DNA-specific exonuclease RecJ	recJ	92848814	protein-coding		WP_006234433.1	1095	GXM19_RS00130
NZ_CP048433.1	31668	34028		plus	RelA/SpoT family protein		92848815	protein-coding		WP_115596178.1	786	GXM19_RS00135
NZ_CP048433.1	34117	34800		plus	MBL fold metallo-hydrolase		92848816	protein-coding		WP_040358829.1	227	GXM19_RS00140
NZ_CP048433.1	34995	35861		plus	class II fructose-1,6-bisphosphate aldolase	fba	92848817	protein-coding		WP_006234429.1	288	GXM19_RS00145
NZ_CP048433.1	36118	37551		plus	transglutaminase-like domain-containing protein		92848818	protein-coding		WP_115596179.1	477	GXM19_RS00150
NZ_CP048433.1	37591	37677		plus	tRNA-Leu		92848819	tRNA				GXM19_RS00155
NZ_CP048433.1	38109	38678		plus	translation initiation factor IF-3	infC	92848820	protein-coding		WP_006234423.1	189	GXM19_RS00160
NZ_CP048433.1	38711	38902		plus	50S ribosomal protein L35	rpmI	92848821	protein-coding		WP_006234422.1	63	GXM19_RS00165
NZ_CP048433.1	38942	39301		plus	50S ribosomal protein L20	rplT	92848822	protein-coding		WP_006234421.1	119	GXM19_RS00170
NZ_CP048433.1	39838	41343		plus	16S ribosomal RNA		92848823	rRNA				GXM19_RS00175
NZ_CP048433.1	41745	44719		plus	23S ribosomal RNA		92848824	rRNA				GXM19_RS00180
NZ_CP048433.1	44866	44981		plus	5S ribosomal RNA	rrf	92848825	rRNA				GXM19_RS00185
NZ_CP048433.1	45352	46509		plus	IS110 family RNA-guided transposase		92848826	protein-coding		WP_225093533.1	385	GXM19_RS00190
NZ_CP048433.1	46712	47353		plus	dephospho-CoA kinase	coaE	92848827	protein-coding		WP_006236177.1	213	GXM19_RS00195
NZ_CP048433.1	47346	47927		plus	lytic transglycosylase domain-containing protein		92848828	protein-coding		WP_006236176.1	193	GXM19_RS00200
NZ_CP048433.1	47979	50219		plus	excinuclease ABC subunit UvrB	uvrB	92848829	protein-coding		WP_040360005.1	746	GXM19_RS00205
NZ_CP048433.1	50285	51925		minus	NAD(P)/FAD-dependent oxidoreductase		92848830	protein-coding		WP_040360003.1	546	GXM19_RS00210
NZ_CP048433.1	52006	53277		minus	NAD(P)/FAD-dependent oxidoreductase		92848831	protein-coding		WP_040360001.1	423	GXM19_RS00215
NZ_CP048433.1	53278	54108		minus	Mrp/NBP35 family ATP-binding protein		92848832	protein-coding		WP_006236172.1	276	GXM19_RS00220
NZ_CP048433.1	54254	56482		minus	LTA synthase family protein		92848833	protein-coding		WP_082222961.1	742	GXM19_RS00225
NZ_CP048433.1	56601	59480		plus	excinuclease ABC subunit UvrA	uvrA	92848834	protein-coding		WP_006236170.1	959	GXM19_RS00230
NZ_CP048433.1	59613	60113		plus	Cys-tRNA(Pro) deacylase	ybaK	92848835	protein-coding		WP_006236166.1	166	GXM19_RS00235
NZ_CP048433.1	60219	61799		plus	murein biosynthesis integral membrane protein MurJ	murJ	92848836	protein-coding		WP_006236165.1	526	GXM19_RS00240
NZ_CP048433.1	61806	63746		plus	excinuclease ABC subunit UvrC	uvrC	92848837	protein-coding		WP_305954489.1	646	GXM19_RS00245
NZ_CP048433.1	64112	65725		plus	ABC transporter substrate-binding protein		92848838	protein-coding		WP_006236162.1	537	GXM19_RS00250
NZ_CP048433.1	65883	66839		plus	ABC transporter permease		92848839	protein-coding		WP_035138896.1	318	GXM19_RS00255
NZ_CP048433.1	66843	68858		plus	dipeptide/oligopeptide/nickel ABC transporter permease/ATP-binding protein		92848840	protein-coding		WP_006236160.1	671	GXM19_RS00260
NZ_CP048433.1	68859	69686		plus	ABC transporter ATP-binding protein		92848841	protein-coding		WP_006236159.1	275	GXM19_RS00265
NZ_CP048433.1	69767	70744		plus	acetylxylan esterase		92848842	protein-coding		WP_006236158.1	325	GXM19_RS00270
NZ_CP048433.1	70737	71588		plus	acetylxylan esterase		92848843	protein-coding		WP_006236157.1	283	GXM19_RS00275
NZ_CP048433.1	71657	72577		plus	dihydrodipicolinate synthase family protein		92848844	protein-coding		WP_040359998.1	306	GXM19_RS00280
NZ_CP048433.1	72750	73715		plus	ROK family protein		92848845	protein-coding		WP_006236155.1	321	GXM19_RS00285
NZ_CP048433.1	73856	74542		plus	N-acetylmannosamine-6-phosphate 2-epimerase		92848846	protein-coding		WP_006236154.1	228	GXM19_RS00290
NZ_CP048433.1	74641	75561		plus	RNase adapter RapZ	rapZ	92848847	protein-coding		WP_006236153.1	306	GXM19_RS00295
NZ_CP048433.1	75568	76497		plus	DNA-binding protein WhiA	whiA	92848848	protein-coding		WP_006236152.1	309	GXM19_RS00300
NZ_CP048433.1	76691	77716		plus	type I glyceraldehyde-3-phosphate dehydrogenase	gap	92848849	protein-coding		WP_006236151.1	341	GXM19_RS00305
NZ_CP048433.1	77857	79047		plus	phosphoglycerate kinase		92848850	protein-coding		WP_006236149.1	396	GXM19_RS00310
NZ_CP048433.1	79040	79807		plus	triose-phosphate isomerase	tpiA	92848851	protein-coding		WP_006236147.1	255	GXM19_RS00315
NZ_CP048433.1	79813	81366		plus	2,3-bisphosphoglycerate-independent phosphoglycerate mutase	gpmI	92848852	protein-coding		WP_006236146.1	517	GXM19_RS00320
NZ_CP048433.1	81525	81779		plus	preprotein translocase subunit SecG	secG	92848853	protein-coding		WP_006236144.1	84	GXM19_RS00325
NZ_CP048433.1	82074	83750		plus	peptide ABC transporter substrate-binding protein		92848854	protein-coding		WP_040359996.1	558	GXM19_RS00330
NZ_CP048433.1	83907	84944		plus	ABC transporter permease		92848855	protein-coding		WP_006236142.1	345	GXM19_RS00335
NZ_CP048433.1	84959	85894		plus	ABC transporter permease		92848856	protein-coding		WP_006236141.1	311	GXM19_RS00340
NZ_CP048433.1	85897	86988		plus	ABC transporter ATP-binding protein		92848857	protein-coding		WP_006236140.1	363	GXM19_RS00345
NZ_CP048433.1	86989	88017		plus	ABC transporter ATP-binding protein		92848858	protein-coding		WP_006236139.1	342	GXM19_RS00350
NZ_CP048433.1	88137	88430		minus	helix-turn-helix domain-containing protein		92848859	protein-coding		WP_147293033.1	97	GXM19_RS00355
NZ_CP048433.1	88494	89635		plus	IS3 family transposase		92848861	protein-coding		WP_370448105.1	380	GXM19_RS00365
NZ_CP048433.1	89771	90229		minus	uncharacterized gene		99971518	pseudogene				GXM19_RS11260
NZ_CP048433.1	90376	91011		minus	uncharacterized gene	istB	92848862	pseudogene				GXM19_RS00375
NZ_CP048433.1	91034	92175		minus	IS3 family transposase		92848863	protein-coding		WP_370448105.1	380	GXM19_RS00380
NZ_CP048433.1	92220	92369		minus	hypothetical protein		92848865	protein-coding		WP_172544905.1	49	GXM19_RS00390
NZ_CP048433.1	92369	93601		minus	IS21 family transposase	istA	92848866	protein-coding		WP_006234496.1	410	GXM19_RS00395
NZ_CP048433.1	93693	94226		minus	IS110 family transposase		99971519	protein-coding		WP_082222973.1	177	GXM19_RS11265
NZ_CP048433.1	94575	95732		minus	IS110 family RNA-guided transposase		92848867	protein-coding		WP_225093533.1	385	GXM19_RS00405
NZ_CP048433.1	96261	96719		plus	IS200/IS605 family transposase	tnpA	92848868	protein-coding		WP_006234417.1	152	GXM19_RS00410
NZ_CP048433.1	97182	97271		plus	tRNA-Leu		92848869	tRNA				GXM19_RS00415
NZ_CP048433.1	97331	99676		plus	SpoIIE family protein phosphatase		92848870	protein-coding		WP_006234415.1	781	GXM19_RS00420
NZ_CP048433.1	99758	100504		plus	anti-sigma factor antagonist		92848871	protein-coding		WP_006234414.1	248	GXM19_RS00425
NZ_CP048433.1	100610	100685		plus	tRNA-Gly		92848872	tRNA				GXM19_RS00430
NZ_CP048433.1	100720	100793		plus	tRNA-Cys		92848873	tRNA				GXM19_RS00435
NZ_CP048433.1	100836	100911		plus	tRNA-Gly		92848874	tRNA				GXM19_RS00440
NZ_CP048433.1	101249	102982		plus	glycoside hydrolase family 13 protein		92848875	protein-coding		WP_040358623.1	577	GXM19_RS00445
NZ_CP048433.1	103124	103199		plus	tRNA-Gly		92848876	tRNA				GXM19_RS00450
NZ_CP048433.1	103203	103277		plus	tRNA-Val		92848877	tRNA				GXM19_RS00455
NZ_CP048433.1	103914	106136		plus	anaerobic ribonucleoside-triphosphate reductase	nrdD	92848878	protein-coding		WP_006234411.1	740	GXM19_RS00460
NZ_CP048433.1	106564	107145		plus	anaerobic ribonucleoside-triphosphate reductase activating protein	nrdG	92848879	protein-coding		WP_040358414.1	193	GXM19_RS00465
NZ_CP048433.1	107212	107769		plus	GTP cyclohydrolase I FolE	folE	92848880	protein-coding		WP_006234408.1	185	GXM19_RS00470
NZ_CP048433.1	107772	108353		plus	HD domain-containing protein		92848881	protein-coding		WP_006234407.1	193	GXM19_RS00475
NZ_CP048433.1	108397	108882		plus	dihydroneopterin aldolase	folB	92848882	protein-coding		WP_006234406.1	161	GXM19_RS00480
NZ_CP048433.1	108889	109665		minus	M48 family metallopeptidase		92848883	protein-coding		WP_050766089.1	258	GXM19_RS00485
NZ_CP048433.1	109740	110753		minus	dipeptidase		92848884	protein-coding		WP_006234404.1	337	GXM19_RS00490
NZ_CP048433.1	110874	111302		plus	FKBP-type peptidyl-prolyl cis-trans isomerase		92848885	protein-coding		WP_006234403.1	142	GXM19_RS00495
NZ_CP048433.1	111306	111884		plus	urease accessory protein UreE		92848886	protein-coding		WP_006234402.1	192	GXM19_RS00500
NZ_CP048433.1	111968	112765		plus	HAD-IIB family hydrolase		92848887	protein-coding		WP_040358613.1	265	GXM19_RS00505
NZ_CP048433.1	112780	113160		minus	Fur family transcriptional regulator		92848888	protein-coding		WP_006234400.1	126	GXM19_RS00510
NZ_CP048433.1	113222	113632		minus	acylphosphatase		92848889	protein-coding		WP_006234399.1	136	GXM19_RS00515
NZ_CP048433.1	113635	114741		minus	Gfo/Idh/MocA family protein		92848890	protein-coding		WP_006234398.1	368	GXM19_RS00520
NZ_CP048433.1	114815	115351		minus	ribonuclease HI	rnhA	92848891	protein-coding		WP_006234397.1	178	GXM19_RS00525
NZ_CP048433.1	115364	116302		minus	LysR family transcriptional regulator		92848892	protein-coding		WP_040358406.1	312	GXM19_RS00530
NZ_CP048433.1	116575	117885		plus	O-acetylhomoserine aminocarboxypropyltransferase/cysteine synthase family protein		92848893	protein-coding		WP_006234395.1	436	GXM19_RS00535
NZ_CP048433.1	118198	118974		plus	hypothetical protein		92848894	protein-coding		WP_006234394.1	258	GXM19_RS00540
NZ_CP048433.1	119163	119369		plus	hypothetical protein		92848895	protein-coding		WP_006234393.1	68	GXM19_RS00545
NZ_CP048433.1	119479	120393		minus	ketopantoate reductase family protein		92848896	protein-coding		WP_040358404.1	304	GXM19_RS00550
NZ_CP048433.1	120510	120704		minus	cyclase family protein		92848897	protein-coding		WP_040358399.1	64	GXM19_RS00555
NZ_CP048433.1	120867	122057		plus	aldo/keto reductase		92848898	protein-coding		WP_040358398.1	396	GXM19_RS00560
NZ_CP048433.1	122148	123167		plus	Gfo/Idh/MocA family protein		92848899	protein-coding		WP_239057663.1	339	GXM19_RS00565
NZ_CP048433.1	123341	124207		plus	deoxyribonuclease IV		92848900	protein-coding		WP_006234384.1	288	GXM19_RS00570
NZ_CP048433.1	124355	125215		plus	ABC transporter substrate-binding protein		92848901	protein-coding		WP_006234383.1	286	GXM19_RS00575
NZ_CP048433.1	125356	126693		plus	ABC transporter permease subunit		92848902	protein-coding		WP_115596182.1	445	GXM19_RS00580
NZ_CP048433.1	126706	127458		plus	amino acid ABC transporter ATP-binding protein		92848903	protein-coding		WP_006234381.1	250	GXM19_RS00585
NZ_CP048433.1	127576	127995		minus	flavodoxin		92848904	protein-coding		WP_006234379.1	139	GXM19_RS00590
NZ_CP048433.1	128042	128746		minus	DUF3793 family protein		92848905	protein-coding		WP_006234378.1	234	GXM19_RS00595
NZ_CP048433.1	128920	129303		plus	heavy-metal-associated domain-containing protein		92848906	protein-coding		WP_006234377.1	127	GXM19_RS00600
NZ_CP048433.1	129576	132128		plus	hypothetical protein		92850939	protein-coding		WP_006234376.1	850	GXM19_RS10970
NZ_CP048433.1	132125	132550		minus	hypothetical protein		92848907	protein-coding		WP_227790077.1	141	GXM19_RS00610
NZ_CP048433.1	132543	134069		minus	Y-family DNA polymerase		92848908	protein-coding		WP_370510495.1	508	GXM19_RS00615
NZ_CP048433.1	134286	134810		plus	iron-containing alcohol dehydrogenase		92848909	protein-coding		WP_239057664.1	174	GXM19_RS00620
NZ_CP048433.1	135010	136704		plus	glucose-6-phosphate isomerase	pgi	92848910	protein-coding		WP_006234371.1	564	GXM19_RS00625
NZ_CP048433.1	136844	138148		minus	VirD4-like conjugal transfer protein, CD1115 family		92848911	protein-coding		WP_006234370.1	434	GXM19_RS00630
NZ_CP048433.1	138141	138758		minus	ATP-dependent Clp protease proteolytic subunit		92848912	protein-coding		WP_006234369.1	205	GXM19_RS00635
NZ_CP048433.1	138822	139868		minus	hypothetical protein		92848913	protein-coding		WP_006234368.1	348	GXM19_RS00640
NZ_CP048433.1	140413	141570		minus	IS110 family RNA-guided transposase		92848914	protein-coding		WP_225093533.1	385	GXM19_RS00645
NZ_CP048433.1	142026	142700		plus	deoxyribose-phosphate aldolase	deoC	92848915	protein-coding		WP_006234367.1	224	GXM19_RS00650
NZ_CP048433.1	142850	143692		plus	Cof-type HAD-IIB family hydrolase		92848916	protein-coding		WP_040358373.1	280	GXM19_RS00655
NZ_CP048433.1	143756	144415		plus	HAD family hydrolase		92848917	protein-coding		WP_040358370.1	219	GXM19_RS00660
NZ_CP048433.1	144566	145309		plus	GntR family transcriptional regulator		92848918	protein-coding		WP_006234364.1	247	GXM19_RS00665
NZ_CP048433.1	145528	146991		plus	YfcC family protein		92848919	protein-coding		WP_006234363.1	487	GXM19_RS00670
NZ_CP048433.1	147001	148584		plus	amidohydrolase		92848920	protein-coding		WP_006234362.1	527	GXM19_RS00675
NZ_CP048433.1	148586	149437		plus	sugar phosphate isomerase/epimerase family protein		92848921	protein-coding		WP_006234361.1	283	GXM19_RS00680
NZ_CP048433.1	149499	150467		plus	SIS domain-containing protein		92848922	protein-coding		WP_006234360.1	322	GXM19_RS00685
NZ_CP048433.1	150482	151345		plus	PfkB family carbohydrate kinase		92848923	protein-coding		WP_006234359.1	287	GXM19_RS00690
NZ_CP048433.1	151467	152267		plus	fructoselysine 6-kinase	frlD	92848924	protein-coding		WP_006234358.1	266	GXM19_RS00695
NZ_CP048433.1	152295	153155		plus	amidohydrolase family protein		92848925	protein-coding		WP_040358369.1	286	GXM19_RS00700
NZ_CP048433.1	153158	153586		plus	secondary thiamine-phosphate synthase enzyme YjbQ		92848926	protein-coding		WP_006234356.1	142	GXM19_RS00705
NZ_CP048433.1	153620	154429		plus	BtpA/SgcQ family protein		92848927	protein-coding		WP_040358351.1	269	GXM19_RS00710
NZ_CP048433.1	154436	155953		plus	FGGY-family carbohydrate kinase		92848928	protein-coding		WP_006234354.1	505	GXM19_RS00715
NZ_CP048433.1	156033	156815		minus	TatD family hydrolase		92848929	protein-coding		WP_006234353.1	260	GXM19_RS00720
NZ_CP048433.1	156830	157627		minus	tRNA threonylcarbamoyladenosine dehydratase		92848930	protein-coding		WP_006234352.1	265	GXM19_RS00725
NZ_CP048433.1	157807	158085		plus	autorepressor SdpR family transcription factor		92848931	protein-coding		WP_022094448.1	92	GXM19_RS00730
NZ_CP048433.1	158078	158782		plus	SdpI family protein		92848932	protein-coding		WP_006234350.1	234	GXM19_RS00735
NZ_CP048433.1	158967	160646		plus	energy-dependent translational throttle protein EttA	ettA	92848933	protein-coding		WP_006234349.1	559	GXM19_RS00740
NZ_CP048433.1	160861	162156		minus	hypothetical protein		92848934	protein-coding		WP_006234347.1	431	GXM19_RS00745
NZ_CP048433.1	162297	163259		minus	hypothetical protein		92848935	protein-coding		WP_006234346.1	320	GXM19_RS00750
NZ_CP048433.1	163463	165442		plus	NAD(+) synthase		92848936	protein-coding		WP_040358349.1	659	GXM19_RS00755
NZ_CP048433.1	165561	166724		plus	pyridoxal phosphate-dependent aminotransferase		92848937	protein-coding		WP_006234344.1	387	GXM19_RS00760
NZ_CP048433.1	166926	167876		plus	L-lactate dehydrogenase		92848938	protein-coding		WP_006234343.1	316	GXM19_RS00765
NZ_CP048433.1	167991	169151		plus	DUF2974 domain-containing protein		92848939	protein-coding		WP_006234342.1	386	GXM19_RS00770
NZ_CP048433.1	169263	170267		plus	nucleoid-associated protein		92848940	protein-coding		WP_022094136.1	334	GXM19_RS00775
NZ_CP048433.1	170521	171240		minus	2,3,4,5-tetrahydropyridine-2,6-dicarboxylate N-acetyltransferase	dapD	92848941	protein-coding		WP_006234339.1	239	GXM19_RS00780
NZ_CP048433.1	171280	172020		minus	4-hydroxy-tetrahydrodipicolinate reductase	dapB	92848942	protein-coding		WP_172544914.1	246	GXM19_RS00785
NZ_CP048433.1	172013	174322		minus	4-hydroxy-tetrahydrodipicolinate synthase	dapA	92850948	protein-coding		WP_006234337.1	769	GXM19_RS11035
NZ_CP048433.1	174701	175888		plus	N-acetyldiaminopimelate deacetylase		92848943	protein-coding		WP_040358348.1	395	GXM19_RS00795
NZ_CP048433.1	175991	176272		plus	type II toxin-antitoxin system RelE/ParE family toxin		92848944	protein-coding		WP_006234335.1	93	GXM19_RS00800
NZ_CP048433.1	176244	176585		plus	HigA family addiction module antitoxin		92848945	protein-coding		WP_050766086.1	113	GXM19_RS00805
NZ_CP048433.1	176669	176938		plus	hypothetical protein		92848946	protein-coding		WP_050766085.1	89	GXM19_RS00810
NZ_CP048433.1	177103	177546		plus	FxLYD domain-containing protein		92848947	protein-coding		WP_006234331.1	147	GXM19_RS00815
NZ_CP048433.1	177579	178001		plus	hypothetical protein		92848948	protein-coding		WP_006234330.1	140	GXM19_RS00820
NZ_CP048433.1	178100	179479		plus	serine/threonine protein kinase		92848949	protein-coding		WP_040358340.1	459	GXM19_RS00825
NZ_CP048433.1	179517	180650		minus	coiled-coil domain-containing protein		92848950	protein-coding		WP_006234328.1	377	GXM19_RS00830
NZ_CP048433.1	180885	181517		minus	MOSC domain-containing protein		92848951	protein-coding		WP_006234327.1	210	GXM19_RS00835
NZ_CP048433.1	181740	182996		plus	carboxylate--amine ligase		92848952	protein-coding		WP_006234326.1	418	GXM19_RS00840
NZ_CP048433.1	183081	183827		plus	aspartate/glutamate racemase family protein		92848953	protein-coding		WP_040358337.1	248	GXM19_RS00845
NZ_CP048433.1	183953	184699		minus	energy-coupling factor transporter transmembrane component T family protein		92848954	protein-coding		WP_022094111.1	248	GXM19_RS00850
NZ_CP048433.1	184692	186443		minus	ABC transporter ATP-binding protein		92848955	protein-coding		WP_006234322.1	583	GXM19_RS00855
NZ_CP048433.1	186658	187233		minus	hypothetical protein		92848956	protein-coding		WP_006234321.1	191	GXM19_RS00860
NZ_CP048433.1	187635	189563		minus	C69 family dipeptidase		92848957	protein-coding		WP_006234319.1	642	GXM19_RS00865
NZ_CP048433.1	189972	190889		minus	diacylglycerol/lipid kinase family protein		92848958	protein-coding		WP_006234316.1	305	GXM19_RS00870
NZ_CP048433.1	190988	192121		plus	ribonuclease D	rnd	92848959	protein-coding		WP_006234315.1	377	GXM19_RS00875
NZ_CP048433.1	192360	193064		plus	zinc metallopeptidase		92848960	protein-coding		WP_006234314.1	234	GXM19_RS00880
NZ_CP048433.1	193180	194631		plus	exodeoxyribonuclease VII large subunit	xseA	92848961	protein-coding		WP_040358332.1	483	GXM19_RS00885
NZ_CP048433.1	194673	194939		plus	exodeoxyribonuclease VII small subunit	xseB	92848962	protein-coding		WP_006234311.1	88	GXM19_RS00890
NZ_CP048433.1	194989	195324		plus	histidine triad nucleotide-binding protein		92848963	protein-coding		WP_006234310.1	111	GXM19_RS00895
NZ_CP048433.1	195366	196256		plus	LysR family transcriptional regulator		92848964	protein-coding		WP_006234309.1	296	GXM19_RS00900
NZ_CP048433.1	196488	197678		plus	IS256 family transposase		92848965	protein-coding		WP_040358202.1	396	GXM19_RS00905
NZ_CP048433.1	197746	198906		plus	MFS transporter		92848966	protein-coding		WP_006234307.1	386	GXM19_RS00910
NZ_CP048433.1	199027	200205		plus	acetate/propionate family kinase		92848967	protein-coding		WP_006234305.1	392	GXM19_RS00915
NZ_CP048433.1	200369	201547		plus	acetate/propionate family kinase		92848968	protein-coding		WP_006234303.1	392	GXM19_RS00920
NZ_CP048433.1	202273	203238		plus	IS110 family RNA-guided transposase		92848969	protein-coding		WP_050766084.1	321	GXM19_RS00925
NZ_CP048433.1	203198	204339		minus	IS3 family transposase		92848970	protein-coding		WP_370448105.1	380	GXM19_RS00930
NZ_CP048433.1	204416	204559		plus	hypothetical protein		92848972	protein-coding		WP_006234298.1	47	GXM19_RS00940
NZ_CP048433.1	204673	205653		minus	phosphate acetyltransferase	pta	92848973	protein-coding		WP_006234296.1	326	GXM19_RS00945
NZ_CP048433.1	205885	207087		plus	UDP-galactopyranose mutase	glf	92848974	protein-coding		WP_006234295.1	400	GXM19_RS00950
NZ_CP048433.1	207080	208111		plus	glycosyltransferase family 2 protein		92848975	protein-coding		WP_006234294.1	343	GXM19_RS00955
NZ_CP048433.1	208484	209485		minus	P1 family peptidase		92848976	protein-coding		WP_006234293.1	333	GXM19_RS00960
NZ_CP048433.1	209587	210168		minus	Maf family protein		92848977	protein-coding		WP_006234292.1	193	GXM19_RS00965
NZ_CP048433.1	210165	210707		minus	DJ-1 family glyoxalase III		92848978	protein-coding		WP_022094094.1	180	GXM19_RS00970
NZ_CP048433.1	211291	212271		plus	DMT family transporter		92848979	protein-coding		WP_006234290.1	326	GXM19_RS00975
NZ_CP048433.1	212394	213824		plus	6-phospho-beta-glucosidase		92848980	protein-coding		WP_006234288.1	476	GXM19_RS00980
NZ_CP048433.1	213856	215304		plus	PTS transporter subunit EIIC		92848981	protein-coding		WP_006234286.1	482	GXM19_RS00985
NZ_CP048433.1	215481	215810		minus	IS3 family transposase		92850940	protein-coding		WP_006234285.1	109	GXM19_RS10985
NZ_CP048433.1	215949	217277		minus	23S rRNA (uracil(1939)-C(5))-methyltransferase RlmD	rlmD	92848982	protein-coding		WP_006234284.1	442	GXM19_RS00995
NZ_CP048433.1	217376	219949		minus	polyphosphate kinase 1	ppk1	92848983	protein-coding		WP_147293037.1	857	GXM19_RS01000
NZ_CP048433.1	220507	221748		plus	arginine deiminase	arcA	92848984	protein-coding		WP_006234281.1	413	GXM19_RS01005
NZ_CP048433.1	221898	223022		plus	aminotransferase		92848985	protein-coding		WP_040358318.1	374	GXM19_RS01010
NZ_CP048433.1	223596	224837		plus	arginine deiminase	arcA	92848986	protein-coding		WP_006234281.1	413	GXM19_RS01015
NZ_CP048433.1	224943	225938		plus	ornithine carbamoyltransferase	argF	92848987	protein-coding		WP_006234279.1	331	GXM19_RS01020
NZ_CP048433.1	226077	227564		plus	YfcC family protein		92848988	protein-coding		WP_333494017.1	495	GXM19_RS01025
NZ_CP048433.1	228170	229651		plus	DUF1846 domain-containing protein		92848989	protein-coding		WP_006234276.1	493	GXM19_RS01030
NZ_CP048433.1	229908	230246		plus	helix-turn-helix domain-containing protein		92848990	protein-coding		WP_040358312.1	112	GXM19_RS01035
NZ_CP048433.1	230425	232086		plus	CTP synthase		92848991	protein-coding		WP_006234274.1	553	GXM19_RS01040
NZ_CP048433.1	232089	233030		plus	site-specific tyrosine recombinase XerD	xerD	92848992	protein-coding		WP_172544915.1	313	GXM19_RS01045
NZ_CP048433.1	233493	233927		plus	division/cell wall cluster transcriptional repressor MraZ		92848993	protein-coding		WP_006234269.1	144	GXM19_RS01050
NZ_CP048433.1	233948	234913		plus	16S rRNA (cytosine(1402)-N(4))-methyltransferase RsmH	rsmH	92848994	protein-coding		WP_006234266.1	321	GXM19_RS01055
NZ_CP048433.1	235004	235474		plus	hypothetical protein		92848995	protein-coding		WP_006234265.1	156	GXM19_RS01060
NZ_CP048433.1	235657	237357		plus	peptidoglycan D,D-transpeptidase FtsI family protein		92848996	protein-coding		WP_230318723.1	566	GXM19_RS01065
NZ_CP048433.1	237485	238909		plus	UDP-N-acetylmuramoyl-tripeptide--D-alanyl-D-alanine ligase		92848997	protein-coding		WP_006234263.1	474	GXM19_RS01070
NZ_CP048433.1	238913	239932		plus	phospho-N-acetylmuramoyl-pentapeptide-transferase	mraY	92848998	protein-coding		WP_006234262.1	339	GXM19_RS01075
NZ_CP048433.1	239942	241348		plus	UDP-N-acetylmuramoyl-L-alanine--D-glutamate ligase	murD	92848999	protein-coding		WP_006234261.1	468	GXM19_RS01080
NZ_CP048433.1	241384	242877		plus	putative lipid II flippase FtsW	ftsW	92849000	protein-coding		WP_050766083.1	497	GXM19_RS01085
NZ_CP048433.1	242867	243982		plus	undecaprenyldiphospho-muramoylpentapeptide beta-N-acetylglucosaminyltransferase	murG	92849001	protein-coding		WP_006234259.1	371	GXM19_RS01090
NZ_CP048433.1	244080	245498		plus	UDP-N-acetylmuramate--L-alanine ligase	murC	92849002	protein-coding		WP_006234258.1	472	GXM19_RS01095
NZ_CP048433.1	245504	246415		plus	UDP-N-acetylmuramate dehydrogenase	murB	92849003	protein-coding		WP_006234257.1	303	GXM19_RS01100
NZ_CP048433.1	246840	247628		plus	cell division protein FtsQ/DivIB		92850949	protein-coding		WP_239057629.1	262	GXM19_RS11040
NZ_CP048433.1	247827	248981		plus	cell division protein FtsZ	ftsZ	92849004	protein-coding		WP_040358299.1	384	GXM19_RS01110
NZ_CP048433.1	249200	250000		plus	purine nucleoside phosphorylase YfiH/LACC1 family protein		92849005	protein-coding		WP_006234253.1	266	GXM19_RS01115
NZ_CP048433.1	249997	250833		plus	phosphate ABC transporter substrate-binding protein		92849006	protein-coding		WP_006234252.1	278	GXM19_RS01120
NZ_CP048433.1	250835	251761		plus	phosphate ABC transporter permease subunit PstC	pstC	92849007	protein-coding		WP_006234251.1	308	GXM19_RS01125
NZ_CP048433.1	251765	252670		plus	phosphate ABC transporter permease PstA	pstA	92849008	protein-coding		WP_006234250.1	301	GXM19_RS01130
NZ_CP048433.1	252683	253486		plus	phosphate ABC transporter ATP-binding protein PstB	pstB	92849009	protein-coding		WP_006234249.1	267	GXM19_RS01135
NZ_CP048433.1	253579	254436		plus	phosphate signaling complex PhoU family protein		92849010	protein-coding		WP_006234247.1	285	GXM19_RS01140
NZ_CP048433.1	254556	255293		plus	YggS family pyridoxal phosphate-dependent enzyme		92849011	protein-coding		WP_040358296.1	245	GXM19_RS01145
NZ_CP048433.1	255354	256076		plus	cell division protein SepF		92849012	protein-coding		WP_006234245.1	240	GXM19_RS01150
NZ_CP048433.1	256134	256379		plus	YggT family protein		92849013	protein-coding		WP_227790178.1	81	GXM19_RS01155
NZ_CP048433.1	256441	257115		plus	DivIVA domain-containing protein		92849014	protein-coding		WP_006234242.1	224	GXM19_RS01160
NZ_CP048433.1	257372	258652		plus	IS256 family transposase		92849015	protein-coding		WP_006234240.1	426	GXM19_RS01165
NZ_CP048433.1	258772	259302		minus	nitroreductase family protein		92849016	protein-coding		WP_040358291.1	176	GXM19_RS01170
NZ_CP048433.1	259583	260206		minus	DUF47 domain-containing protein		92849017	protein-coding		WP_006234238.1	207	GXM19_RS01175
NZ_CP048433.1	260274	261323		minus	inorganic phosphate transporter		92849018	protein-coding		WP_006234237.1	349	GXM19_RS01180
NZ_CP048433.1	261574	261912		plus	hypothetical protein		92849019	protein-coding		WP_006234236.1	112	GXM19_RS01185
NZ_CP048433.1	261997	262692		plus	Bax inhibitor-1 family protein		92849020	protein-coding		WP_006234235.1	231	GXM19_RS01190
NZ_CP048433.1	262830	263951		plus	TIGR02452 family protein		92849021	protein-coding		WP_006234233.1	373	GXM19_RS01195
NZ_CP048433.1	264030	264689		plus	SGNH/GDSL hydrolase family protein		92849022	protein-coding		WP_006234232.1	219	GXM19_RS01200
NZ_CP048433.1	264807	265934		minus	site-specific integrase		92849023	protein-coding		WP_006234231.1	375	GXM19_RS01205
NZ_CP048433.1	266174	266776		minus	hypothetical protein		92849024	protein-coding		WP_006234230.1	200	GXM19_RS01210
NZ_CP048433.1	266781	267407		minus	XRE family transcriptional regulator		92849025	protein-coding		WP_006234229.1	208	GXM19_RS01215
NZ_CP048433.1	267522	267746		plus	helix-turn-helix transcriptional regulator		92849026	protein-coding		WP_006234228.1	74	GXM19_RS01220
NZ_CP048433.1	267912	268274		minus	hypothetical protein		92849027	protein-coding		WP_040358285.1	120	GXM19_RS01225
NZ_CP048433.1	268431	269402		plus	prohibitin family protein		92849028	protein-coding		WP_006234224.1	323	GXM19_RS01230
NZ_CP048433.1	269414	269626		plus	hypothetical protein		92849029	protein-coding		WP_006234223.1	70	GXM19_RS01235
NZ_CP048433.1	269913	270161		plus	hypothetical protein		92849030	protein-coding		WP_006234222.1	82	GXM19_RS01240
NZ_CP048433.1	270162	270737		plus	RusA family crossover junction endodeoxyribonuclease		92849031	protein-coding		WP_147293038.1	191	GXM19_RS01245
NZ_CP048433.1	270753	271049		plus	hypothetical protein		92849032	protein-coding		WP_006234219.1	98	GXM19_RS01250
NZ_CP048433.1	271042	271941		plus	phage recombination protein Bet	bet	92849033	protein-coding		WP_006234218.1	299	GXM19_RS01255
NZ_CP048433.1	271941	272906		plus	DUF1351 domain-containing protein		92849034	protein-coding		WP_006234217.1	321	GXM19_RS01260
NZ_CP048433.1	272910	273251		plus	integration host factor, actinobacterial type	mihF	92849035	protein-coding		WP_006234216.1	113	GXM19_RS01265
NZ_CP048433.1	273248	273724		plus	single-stranded DNA-binding protein		92849036	protein-coding		WP_040358280.1	158	GXM19_RS01270
NZ_CP048433.1	273834	274706		plus	hypothetical protein		92849037	protein-coding		WP_040358278.1	290	GXM19_RS01275
NZ_CP048433.1	274703	274945		plus	hypothetical protein		92849038	protein-coding		WP_040358276.1	80	GXM19_RS01280
NZ_CP048433.1	275168	275470		plus	hypothetical protein		92849039	protein-coding		WP_006234209.1	100	GXM19_RS01285
NZ_CP048433.1	275467	275805		plus	hypothetical protein		92849040	protein-coding		WP_193684735.1	112	GXM19_RS01290
NZ_CP048433.1	275869	277026		minus	IS110 family RNA-guided transposase		92849041	protein-coding		WP_225093533.1	385	GXM19_RS01295
NZ_CP048433.1	277397	277612		plus	hypothetical protein		92849042	protein-coding		WP_147293039.1	71	GXM19_RS01300
NZ_CP048433.1	277612	278013		plus	hypothetical protein		92849043	protein-coding		WP_006234205.1	133	GXM19_RS01305
NZ_CP048433.1	278010	278276		plus	DUF3850 domain-containing protein		92849044	protein-coding		WP_006234204.1	88	GXM19_RS01310
NZ_CP048433.1	278276	278497		plus	Lar family restriction alleviation protein		92849045	protein-coding		WP_006234203.1	73	GXM19_RS01315
NZ_CP048433.1	278481	278705		plus	helix-turn-helix domain-containing protein		92849046	protein-coding		WP_006234202.1	74	GXM19_RS01320
NZ_CP048433.1	278702	279067		plus	hypothetical protein		92849047	protein-coding		WP_006234201.1	121	GXM19_RS01325
NZ_CP048433.1	279138	279329		plus	hypothetical protein		92849048	protein-coding		WP_040358271.1	63	GXM19_RS01330
NZ_CP048433.1	279322	279591		plus	hypothetical protein		92849049	protein-coding		WP_006234199.1	89	GXM19_RS01335
NZ_CP048433.1	279601	279759		plus	hypothetical protein		92849050	protein-coding		WP_155813820.1	52	GXM19_RS01340
NZ_CP048433.1	279879	280244		plus	hypothetical protein		92849051	protein-coding		WP_147293040.1	121	GXM19_RS01345
NZ_CP048433.1	280439	280834		plus	helix-turn-helix domain-containing protein		92849052	protein-coding		WP_040358550.1	131	GXM19_RS01350
NZ_CP048433.1	280838	282034		plus	PBSX family phage terminase large subunit		92849053	protein-coding		WP_006234195.1	398	GXM19_RS01355
NZ_CP048433.1	282040	283464		plus	phage portal protein		92849054	protein-coding		WP_147293041.1	474	GXM19_RS01360
NZ_CP048433.1	283464	284366		plus	hypothetical protein		92849055	protein-coding		WP_006234193.1	300	GXM19_RS01365
NZ_CP048433.1	284367	285992		plus	hypothetical protein		92849056	protein-coding		WP_193684736.1	541	GXM19_RS01370
NZ_CP048433.1	286340	287371		plus	RNA-dependent RNA polymerase family protein		92849057	protein-coding		WP_006234191.1	343	GXM19_RS01375
NZ_CP048433.1	287382	287723		plus	hypothetical protein		92849058	protein-coding		WP_006234190.1	113	GXM19_RS01380
NZ_CP048433.1	287725	287835		plus	CD1375 family protein		92850974	protein-coding		WP_253279184.1	36	GXM19_RS11195
NZ_CP048433.1	287914	289653		plus	phage minor head protein		92849059	protein-coding		WP_006234188.1	579	GXM19_RS01385
NZ_CP048433.1	289655	289921		plus	hypothetical protein		92849060	protein-coding		WP_006234186.1	88	GXM19_RS01390
NZ_CP048433.1	290007	290228		plus	hypothetical protein		92849061	protein-coding		WP_006234185.1	73	GXM19_RS01395
NZ_CP048433.1	290228	290650		plus	HK97 gp10 family phage protein		92849062	protein-coding		WP_006234184.1	140	GXM19_RS01400
NZ_CP048433.1	290760	291323		plus	phage scaffolding protein		92849063	protein-coding		WP_040358264.1	187	GXM19_RS01405
NZ_CP048433.1	291333	292214		plus	major capsid protein		92849064	protein-coding		WP_006234181.1	293	GXM19_RS01410
NZ_CP048433.1	292235	292639		plus	hypothetical protein		92849065	protein-coding		WP_193684737.1	134	GXM19_RS01415
NZ_CP048433.1	292636	292989		plus	hypothetical protein		92849066	protein-coding		WP_040358262.1	117	GXM19_RS01420
NZ_CP048433.1	292979	293347		plus	hypothetical protein		92849067	protein-coding		WP_006234178.1	122	GXM19_RS01425
NZ_CP048433.1	293356	293925		plus	hypothetical protein		92849068	protein-coding		WP_006234177.1	189	GXM19_RS01430
NZ_CP048433.1	293928	294347		plus	hypothetical protein		92849069	protein-coding		WP_006234176.1	139	GXM19_RS01435
NZ_CP048433.1	294473	294643		plus	hypothetical protein		92849070	protein-coding		WP_155813819.1	56	GXM19_RS01440
NZ_CP048433.1	294644	297067		plus	phage tail protein		92849071	protein-coding		WP_040358259.1	807	GXM19_RS01445
NZ_CP048433.1	297069	299255		plus	fibronectin type III domain-containing protein		92849072	protein-coding		WP_006234173.1	728	GXM19_RS01450
NZ_CP048433.1	299248	300813		plus	carbohydrate binding domain-containing protein		92849073	protein-coding		WP_006234172.1	521	GXM19_RS01455
NZ_CP048433.1	300810	301067		plus	hypothetical protein		92849074	protein-coding		WP_006234171.1	85	GXM19_RS01460
NZ_CP048433.1	301146	301559		plus	hypothetical protein		92849075	protein-coding		WP_006234170.1	137	GXM19_RS01465
NZ_CP048433.1	301570	301875		plus	hypothetical protein		92849076	protein-coding		WP_006234169.1	101	GXM19_RS01470
NZ_CP048433.1	301877	302950		plus	peptidoglycan recognition protein family protein		92849077	protein-coding		WP_006234168.1	357	GXM19_RS01475
NZ_CP048433.1	303212	304042		minus	bifunctional hydroxymethylpyrimidine kinase/phosphomethylpyrimidine kinase	thiD	92849078	protein-coding		WP_006234166.1	276	GXM19_RS01480
NZ_CP048433.1	304224	305558		minus	phosphomethylpyrimidine synthase ThiC	thiC	92849079	protein-coding		WP_006234165.1	444	GXM19_RS01485
NZ_CP048433.1	305730	306251		plus	hypothetical protein		92849080	protein-coding		WP_006234163.1	173	GXM19_RS01490
NZ_CP048433.1	306386	307195		minus	YaaA family protein		92849081	protein-coding		WP_006234162.1	269	GXM19_RS01495
NZ_CP048433.1	307296	308693		minus	aminopeptidase		92849082	protein-coding		WP_006234161.1	465	GXM19_RS01500
NZ_CP048433.1	308860	311610		plus	DNA polymerase I	polA	92849083	protein-coding		WP_006234159.1	916	GXM19_RS01505
NZ_CP048433.1	311884	312711		minus	Cof-type HAD-IIB family hydrolase		92849084	protein-coding		WP_006234158.1	275	GXM19_RS01510
NZ_CP048433.1	313266	314492		plus	argininosuccinate synthase		92849085	protein-coding		WP_006234157.1	408	GXM19_RS01515
NZ_CP048433.1	314726	314896		plus	hypothetical protein		92849086	protein-coding		WP_006234155.1	56	GXM19_RS01520
NZ_CP048433.1	315015	316445		plus	argininosuccinate lyase	argH	92849087	protein-coding		WP_040358254.1	476	GXM19_RS01525
NZ_CP048433.1	316831	317235		plus	nucleoside-diphosphate kinase	ndk	92849088	protein-coding		WP_006234152.1	134	GXM19_RS01530
NZ_CP048433.1	317387	317854		minus	ribose 5-phosphate isomerase B	rpiB	92849089	protein-coding		WP_006234151.1	155	GXM19_RS01535
NZ_CP048433.1	318126	319445		plus	L-cysteine desulfidase family protein		92849090	protein-coding		WP_006234150.1	439	GXM19_RS01540
NZ_CP048433.1	319635	320393		minus	HAD family hydrolase		92849091	protein-coding		WP_040358251.1	252	GXM19_RS01545
NZ_CP048433.1	320709	321875		plus	30S ribosomal protein S1	rpsA	92849092	protein-coding		WP_022095232.1	388	GXM19_RS01550
NZ_CP048433.1	322203	322564		plus	RNase P RNA component class A	rnpB	92849093	RNase_P_RNA				GXM19_RS01555
NZ_CP048433.1	322790	323428		plus	YigZ family protein		92849094	protein-coding		WP_172544918.1	212	GXM19_RS01560
NZ_CP048433.1	323497	323943		minus	C-GCAxxG-C-C family protein		92849095	protein-coding		WP_115596185.1	148	GXM19_RS01565
NZ_CP048433.1	324175	325458		plus	O-acetylhomoserine aminocarboxypropyltransferase/cysteine synthase family protein		92849096	protein-coding		WP_006234141.1	427	GXM19_RS01570
NZ_CP048433.1	325599	326903		plus	MFS transporter		92849097	protein-coding		WP_006234140.1	434	GXM19_RS01575
NZ_CP048433.1	327063	327641		plus	xanthine phosphoribosyltransferase		92849098	protein-coding		WP_006234139.1	192	GXM19_RS01580
NZ_CP048433.1	327794	328105		plus	uncharacterized gene		92849099	pseudogene				GXM19_RS01585
NZ_CP048433.1	328138	329100		minus	diacylglycerol/lipid kinase family protein		92849100	protein-coding		WP_006234137.1	320	GXM19_RS01590
NZ_CP048433.1	329188	330609		minus	chloride channel protein		92849101	protein-coding		WP_006234136.1	473	GXM19_RS01595
NZ_CP048433.1	330820	332082		plus	molybdopterin molybdotransferase MoeA		92849102	protein-coding		WP_006234135.1	420	GXM19_RS01600
NZ_CP048433.1	332093	332572		plus	MogA/MoaB family molybdenum cofactor biosynthesis protein		92849103	protein-coding		WP_006234134.1	159	GXM19_RS01605
NZ_CP048433.1	332776	333651		plus	molybdate ABC transporter substrate-binding protein	modA	92849104	protein-coding		WP_006234133.1	291	GXM19_RS01610
NZ_CP048433.1	333720	335162		plus	molybdate ABC transporter permease subunit	modB	92849105	protein-coding		WP_239057630.1	480	GXM19_RS01615
NZ_CP048433.1	335166	336236		plus	sulfate/molybdate ABC transporter ATP-binding protein		92849106	protein-coding		WP_006234130.1	356	GXM19_RS01620
NZ_CP048433.1	336666	337949		plus	double-cubane-cluster-containing anaerobic reductase		92849107	protein-coding		WP_006234129.1	427	GXM19_RS01625
NZ_CP048433.1	338104	339267		plus	double-cubane-cluster-containing anaerobic reductase		92849108	protein-coding		WP_006234128.1	387	GXM19_RS01630
NZ_CP048433.1	339423	340187		plus	acyl-CoA dehydratase activase		92849109	protein-coding		WP_006234127.1	254	GXM19_RS01635
NZ_CP048433.1	340258	341307		plus	selenide, water dikinase SelD	selD	92849110	protein-coding		WP_082222891.1	349	GXM19_RS01640
NZ_CP048433.1	341368	341994		plus	sulfurtransferase-like selenium metabolism protein YedF	yedF	92849111	protein-coding		WP_006234125.1	208	GXM19_RS01645
NZ_CP048433.1	342014	342265		plus	putative Se/S carrier protein		92849112	protein-coding		WP_006234124.1	83	GXM19_RS01650
NZ_CP048433.1	342262	343401		plus	aminotransferase class V-fold PLP-dependent enzyme		92849113	protein-coding		WP_006234123.1	379	GXM19_RS01655
NZ_CP048433.1	343469	344827		plus	branched-chain amino acid transport system II carrier protein	brnQ	92849114	protein-coding		WP_006234122.1	452	GXM19_RS01660
NZ_CP048433.1	344919	344995		plus	tRNA-Pro		92849115	tRNA				GXM19_RS01665
NZ_CP048433.1	345002	345075		plus	tRNA-Gly		92849116	tRNA				GXM19_RS01670
NZ_CP048433.1	345286	346281		minus	hypothetical protein		92849117	protein-coding		WP_040358243.1	331	GXM19_RS01675
NZ_CP048433.1	346549	347025		minus	type II toxin-antitoxin system VapC family toxin		92849118	protein-coding		WP_006234120.1	158	GXM19_RS01680
NZ_CP048433.1	347018	347341		minus	type II toxin-antitoxin system RelB/DinJ family antitoxin		92849119	protein-coding		WP_006234119.1	107	GXM19_RS01685
NZ_CP048433.1	347770	348288		plus	4Fe-4S dicluster domain-containing protein		92849120	protein-coding		WP_022095206.1	172	GXM19_RS01690
NZ_CP048433.1	348363	348512		plus	uncharacterized gene		310031139	pseudogene				GXM19_RS11320
NZ_CP048433.1	348498	350585		plus	formate dehydrogenase subunit alpha	fdhF	92850975	protein-coding		WP_483076037.1	695	GXM19_RS11200
NZ_CP048433.1	350664	351281		plus	4Fe-4S dicluster domain-containing protein		92849121	protein-coding		WP_006234115.1	205	GXM19_RS01700
NZ_CP048433.1	351274	353292		plus	hydrogenase 4 subunit B	hyfB	92849122	protein-coding		WP_006234114.1	672	GXM19_RS01705
NZ_CP048433.1	353310	354233		plus	respiratory chain complex I subunit 1 family protein		92849123	protein-coding		WP_006234113.1	307	GXM19_RS01710
NZ_CP048433.1	354250	355707		plus	hydrogenase 4 subunit D		92849124	protein-coding		WP_006234112.1	485	GXM19_RS01715
NZ_CP048433.1	355718	356371		plus	hydrogenase 4 membrane subunit	hyfE	92849125	protein-coding		WP_006234111.1	217	GXM19_RS01720
NZ_CP048433.1	356375	357940		plus	hydrogenase 4 subunit F		92849126	protein-coding		WP_006234110.1	521	GXM19_RS01725
NZ_CP048433.1	357945	359717		plus	hydrogenase large subunit		92849127	protein-coding		WP_006234109.1	590	GXM19_RS01730
NZ_CP048433.1	359719	360435		plus	formate hydrogenlyase complex iron-sulfur subunit		92849128	protein-coding		WP_006234108.1	238	GXM19_RS01735
NZ_CP048433.1	360438	361220		plus	NADH-quinone oxidoreductase subunit B family protein		92849129	protein-coding		WP_006234107.1	260	GXM19_RS01740
NZ_CP048433.1	361221	361802		plus	formate hydrogenlyase maturation HycH family protein		92849130	protein-coding		WP_006234106.1	193	GXM19_RS01745
NZ_CP048433.1	361802	362305		plus	hydrogenase maturation peptidase HycI	hycI	92849131	protein-coding		WP_006234105.1	167	GXM19_RS01750
NZ_CP048433.1	362345	363184		plus	formate/nitrite transporter family protein		92849132	protein-coding		WP_006234104.1	279	GXM19_RS01755
NZ_CP048433.1	363306	365423		plus	molybdopterin-containing oxidoreductase family protein		92849133	protein-coding		WP_050766078.1	705	GXM19_RS01760
NZ_CP048433.1	365476	366933		plus	L-seryl-tRNA(Sec) selenium transferase	selA	92849134	protein-coding		WP_006234102.1	485	GXM19_RS01765
NZ_CP048433.1	366930	368897		plus	selenocysteine-specific translation elongation factor	selB	92849135	protein-coding		WP_006234101.1	655	GXM19_RS01770
NZ_CP048433.1	368934	369030		plus	tRNA-Sec		92849136	tRNA				GXM19_RS01775
NZ_CP048433.1	369186	369818		plus	molybdenum cofactor guanylyltransferase	mobA	92849137	protein-coding		WP_162010693.1	210	GXM19_RS01780
NZ_CP048433.1	369834	370229		plus	putative Se/S carrier protein		92849138	protein-coding		WP_040358236.1	131	GXM19_RS01785
NZ_CP048433.1	370486	371841		plus	NADP-specific glutamate dehydrogenase	gdhA	92849139	protein-coding		WP_006234098.1	451	GXM19_RS01790
NZ_CP048433.1	372084	372986		plus	FAD binding domain-containing protein		92849140	protein-coding		WP_203572370.1	300	GXM19_RS01795
NZ_CP048433.1	372986	375817		plus	molybdopterin-dependent oxidoreductase		92849141	protein-coding		WP_006234096.1	943	GXM19_RS01800
NZ_CP048433.1	375958	376041		plus	tRNA-Leu		92849142	tRNA				GXM19_RS01805
NZ_CP048433.1	376129	377430		plus	trigger factor	tig	92849143	protein-coding		WP_162010692.1	433	GXM19_RS01810
NZ_CP048433.1	377593	378213		plus	ATP-dependent Clp protease proteolytic subunit		92849144	protein-coding		WP_040358228.1	206	GXM19_RS01815
NZ_CP048433.1	378215	379624		plus	ATP-dependent Clp protease ATP-binding subunit ClpX	clpX	92849145	protein-coding		WP_006234093.1	469	GXM19_RS01820
NZ_CP048433.1	379911	382607		plus	valine--tRNA ligase		92849146	protein-coding		WP_006234092.1	898	GXM19_RS01825
NZ_CP048433.1	382888	384231		plus	bifunctional folylpolyglutamate synthase/dihydrofolate synthase		92849147	protein-coding		WP_040358225.1	447	GXM19_RS01830
NZ_CP048433.1	384731	391183		plus	Ig-like domain-containing protein		92849148	protein-coding		WP_006234090.1	2150	GXM19_RS01835
NZ_CP048433.1	391502	392692		plus	IS256 family transposase		92849149	protein-coding		WP_040358202.1	396	GXM19_RS01840
NZ_CP048433.1	392752	393840		minus	M24 family metallopeptidase		92849150	protein-coding		WP_006234089.1	362	GXM19_RS01845
NZ_CP048433.1	394309	394707		minus	DUF1667 domain-containing protein		92849151	protein-coding		WP_006234088.1	132	GXM19_RS01850
NZ_CP048433.1	394711	396093		minus	NAD(P)/FAD-dependent oxidoreductase		92849152	protein-coding		WP_006234087.1	460	GXM19_RS01855
NZ_CP048433.1	396095	397552		minus	NAD(P)/FAD-dependent oxidoreductase		92849153	protein-coding		WP_040358219.1	485	GXM19_RS01860
NZ_CP048433.1	397959	398390		plus	double zinc ribbon domain-containing protein		92849154	protein-coding		WP_006234085.1	143	GXM19_RS01865
NZ_CP048433.1	398639	400402		plus	threonine--tRNA ligase	thrS	92849155	protein-coding		WP_040358213.1	587	GXM19_RS01870
NZ_CP048433.1	400851	401441		plus	hypothetical protein		92849156	protein-coding		WP_006234082.1	196	GXM19_RS01875
NZ_CP048433.1	401558	402277		plus	sugar transferase		92849157	protein-coding		WP_239057632.1	239	GXM19_RS01880
NZ_CP048433.1	402278	403402		plus	glycosyltransferase family 4 protein		92849158	protein-coding		WP_006234080.1	374	GXM19_RS01885
NZ_CP048433.1	403399	404682		plus	glycosyltransferase family 4 protein		92849159	protein-coding		WP_006234079.1	427	GXM19_RS01890
NZ_CP048433.1	404675	405688		plus	capsular polysaccharide synthesis protein		92849160	protein-coding		WP_006234078.1	337	GXM19_RS01895
NZ_CP048433.1	405707	406714		plus	glycosyltransferase family 2 protein		92849161	protein-coding		WP_006234077.1	335	GXM19_RS01900
NZ_CP048433.1	406717	407811		plus	polysaccharide pyruvyl transferase family protein		92849162	protein-coding		WP_006234076.1	364	GXM19_RS01905
NZ_CP048433.1	407996	409045		plus	O-antigen ligase family protein		92849163	protein-coding		WP_203572371.1	349	GXM19_RS01910
NZ_CP048433.1	409042	409983		plus	glycosyltransferase family A protein		92849164	protein-coding		WP_006234072.1	313	GXM19_RS01915
NZ_CP048433.1	409989	411500		plus	lipopolysaccharide biosynthesis protein		92849165	protein-coding		WP_040358209.1	503	GXM19_RS01920
NZ_CP048433.1	411509	412678		plus	Coenzyme F420 hydrogenase/dehydrogenase, beta subunit C-terminal domain		92849166	protein-coding		WP_040358208.1	389	GXM19_RS01925
NZ_CP048433.1	413017	414270		plus	IS21 family transposase	istA	92849167	protein-coding		WP_006235233.1	417	GXM19_RS01930
NZ_CP048433.1	414267	415094		plus	ATP-binding protein		92849168	protein-coding		WP_006234068.1	275	GXM19_RS01935
NZ_CP048433.1	415302	416492		minus	IS256 family transposase		92849169	protein-coding		WP_040358202.1	396	GXM19_RS01940
NZ_CP048433.1	416607	417212		minus	S8 family serine peptidase		92849170	protein-coding		WP_006234066.1	201	GXM19_RS01945
NZ_CP048433.1	417348	417695		plus	type II toxin-antitoxin system MqsR family toxin		92849171	protein-coding		WP_040358199.1	115	GXM19_RS01950
NZ_CP048433.1	417706	418218		plus	type II TA system antitoxin MqsA family protein		92849172	protein-coding		WP_040358197.1	170	GXM19_RS01955
NZ_CP048433.1	418219	418644		plus	hypothetical protein		92849173	protein-coding		WP_006234063.1	141	GXM19_RS01960
NZ_CP048433.1	418773	420911		plus	DUF4118 domain-containing protein		92849174	protein-coding		WP_006234061.1	712	GXM19_RS01965
NZ_CP048433.1	420908	421813		plus	hypothetical protein		92849175	protein-coding		WP_040358195.1	301	GXM19_RS01970
NZ_CP048433.1	421810	423690		plus	DUF2194 domain-containing protein		92849176	protein-coding		WP_006234058.1	626	GXM19_RS01975
NZ_CP048433.1	423687	425114		plus	GT4 family glycosyltransferase PelF	pelF	92849177	protein-coding		WP_006234057.1	475	GXM19_RS01980
NZ_CP048433.1	425118	426662		plus	exopolysaccharide Pel transporter PelG	pelG	92849178	protein-coding		WP_050766075.1	514	GXM19_RS01985
NZ_CP048433.1	426652	428421		plus	CotH kinase family protein		92849179	protein-coding		WP_006234055.1	589	GXM19_RS01990
NZ_CP048433.1	428408	429199		plus	polyphosphate polymerase domain-containing protein		92849180	protein-coding		WP_006234054.1	263	GXM19_RS01995
NZ_CP048433.1	429345	429869		plus	DUF4956 domain-containing protein		92849181	protein-coding		WP_203572372.1	174	GXM19_RS02000
NZ_CP048433.1	430180	431151		plus	LacI family DNA-binding transcriptional regulator		92849182	protein-coding		WP_239057666.1	323	GXM19_RS02005
NZ_CP048433.1	431362	432762		plus	PTS transporter subunit EIIC		92849183	protein-coding		WP_040358191.1	466	GXM19_RS02010
NZ_CP048433.1	432869	434410		plus	glycoside hydrolase family 32 protein		92849184	protein-coding		WP_006234049.1	513	GXM19_RS02015
NZ_CP048433.1	434506	435498		plus	PLP-dependent transferase		92849185	protein-coding		WP_006234048.1	330	GXM19_RS02020
NZ_CP048433.1	435632	435976		minus	winged helix-turn-helix domain-containing protein		92849186	protein-coding		WP_006234047.1	114	GXM19_RS02025
NZ_CP048433.1	436170	437681		plus	IMP dehydrogenase		92849187	protein-coding		WP_006234046.1	503	GXM19_RS02030
NZ_CP048433.1	438055	440631		plus	leucine--tRNA ligase	leuS	92849188	protein-coding		WP_006234045.1	858	GXM19_RS02035
NZ_CP048433.1	440889	441383		plus	ribosome maturation factor RimP		92849189	protein-coding		WP_040358189.1	164	GXM19_RS02040
NZ_CP048433.1	441385	442632		plus	transcription termination factor NusA	nusA	92849190	protein-coding		WP_006234042.1	415	GXM19_RS02045
NZ_CP048433.1	442724	445438		plus	translation initiation factor IF-2	infB	92849191	protein-coding		WP_006234040.1	904	GXM19_RS02050
NZ_CP048433.1	445450	445860		plus	30S ribosome-binding factor RbfA	rbfA	92849192	protein-coding		WP_006234038.1	136	GXM19_RS02055
NZ_CP048433.1	445853	446896		plus	DHH family phosphoesterase		92849193	protein-coding		WP_006234037.1	347	GXM19_RS02060
NZ_CP048433.1	446924	447844		plus	tRNA pseudouridine(55) synthase TruB	truB	92849194	protein-coding		WP_239057633.1	306	GXM19_RS02065
NZ_CP048433.1	447841	448848		plus	riboflavin biosynthesis protein RibF	ribF	92849195	protein-coding		WP_006234035.1	335	GXM19_RS02070
NZ_CP048433.1	448841	450949		plus	DNA primase	dnaG	92849196	protein-coding		WP_040358183.1	702	GXM19_RS02075
NZ_CP048433.1	451060	452409		plus	RNA polymerase sigma factor RpoD	rpoD	92849197	protein-coding		WP_040358181.1	449	GXM19_RS02080
NZ_CP048433.1	452574	452648		plus	tRNA-Asn		92849198	tRNA				GXM19_RS02085
NZ_CP048433.1	452683	452757		plus	tRNA-Asn		92849199	tRNA				GXM19_RS02090
NZ_CP048433.1	452919	453308		plus	Asp23/Gls24 family envelope stress response protein		92849200	protein-coding		WP_006234031.1	129	GXM19_RS02095
NZ_CP048433.1	453336	454997		plus	DAK2 domain-containing protein		92849201	protein-coding		WP_006234030.1	553	GXM19_RS02100
NZ_CP048433.1	455008	457185		plus	ATP-dependent DNA helicase RecG	recG	92849202	protein-coding		WP_006234029.1	725	GXM19_RS02105
NZ_CP048433.1	457182	457838		plus	16S rRNA (guanine(966)-N(2))-methyltransferase RsmD	rsmD	92849203	protein-coding		WP_006234028.1	218	GXM19_RS02110
NZ_CP048433.1	457831	458328		plus	pantetheine-phosphate adenylyltransferase	coaD	92849204	protein-coding		WP_006234027.1	165	GXM19_RS02115
NZ_CP048433.1	458397	458894		plus	ATP synthase subunit B family protein		92849205	protein-coding		WP_040358176.1	165	GXM19_RS02120
NZ_CP048433.1	458894	459448		plus	YceD family protein		92849206	protein-coding		WP_006234025.1	184	GXM19_RS02125
NZ_CP048433.1	459513	459692		plus	50S ribosomal protein L32	rpmF	92849207	protein-coding		WP_022094017.1	59	GXM19_RS02130
NZ_CP048433.1	459780	460799		plus	phosphate acyltransferase PlsX	plsX	92849208	protein-coding		WP_040358166.1	339	GXM19_RS02135
NZ_CP048433.1	460924	461166		plus	acyl carrier protein		92849209	protein-coding		WP_006234023.1	80	GXM19_RS02140
NZ_CP048433.1	461170	461895		plus	ribonuclease III	rnc	92849210	protein-coding		WP_006234022.1	241	GXM19_RS02145
NZ_CP048433.1	461906	465442		plus	chromosome segregation protein SMC	smc	92849211	protein-coding		WP_040358163.1	1178	GXM19_RS02150
NZ_CP048433.1	465442	466359		plus	signal recognition particle-docking protein FtsY	ftsY	92849212	protein-coding		WP_006234020.1	305	GXM19_RS02155
NZ_CP048433.1	466370	467845		plus	signal recognition particle protein	ffh	92849213	protein-coding		WP_040358161.1	491	GXM19_RS02160
NZ_CP048433.1	467966	468730		minus	NifB/NifX family molybdenum-iron cluster-binding protein		92849214	protein-coding		WP_006234018.1	254	GXM19_RS02165
NZ_CP048433.1	468897	469745		plus	thymidylate synthase	thyA	92849215	protein-coding		WP_006234017.1	282	GXM19_RS02170
NZ_CP048433.1	469755	470273		plus	dihydrofolate reductase		92849216	protein-coding		WP_006234016.1	172	GXM19_RS02175
NZ_CP048433.1	470383	471297		plus	TrmH family RNA methyltransferase		92849217	protein-coding		WP_006234015.1	304	GXM19_RS02180
NZ_CP048433.1	471423	472775		plus	MATE family efflux transporter		92849218	protein-coding		WP_040358157.1	450	GXM19_RS02185
NZ_CP048433.1	472858	473343		minus	cob(I)yrinic acid a,c-diamide adenosyltransferase		92849219	protein-coding		WP_006234012.1	161	GXM19_RS02190
NZ_CP048433.1	473436	475328		plus	ATP-dependent zinc metalloprotease FtsH	ftsH	92849220	protein-coding		WP_172544932.1	630	GXM19_RS02195
NZ_CP048433.1	475405	475896		plus	2-thiouracil desulfurase family protein		92849221	protein-coding		WP_050766074.1	163	GXM19_RS02200
NZ_CP048433.1	476095	476697		minus	Type 1 glutamine amidotransferase-like domain-containing protein		92849222	protein-coding		WP_006234007.1	200	GXM19_RS02205
NZ_CP048433.1	477211	478293		minus	iron-containing alcohol dehydrogenase family protein		92849223	protein-coding		WP_006234006.1	360	GXM19_RS02210
NZ_CP048433.1	478804	481581		plus	isoleucine--tRNA ligase	ileS	92849224	protein-coding		WP_006234004.1	925	GXM19_RS02215
NZ_CP048433.1	481956	482555		plus	signal peptidase II	lspA	92849225	protein-coding		WP_239057634.1	199	GXM19_RS02220
NZ_CP048433.1	482555	483568		plus	RluA family pseudouridine synthase		92849226	protein-coding		WP_040358151.1	337	GXM19_RS02225
NZ_CP048433.1	483651	484946		plus	glycosyltransferase family 2 protein		92849227	protein-coding		WP_006233999.1	431	GXM19_RS02230
NZ_CP048433.1	485028	485450		plus	prepilin peptidase		92849228	protein-coding		WP_006233998.1	140	GXM19_RS02235
NZ_CP048433.1	485482	486729		plus	deoxyguanosinetriphosphate triphosphohydrolase family protein		92849229	protein-coding		WP_006233997.1	415	GXM19_RS02240
NZ_CP048433.1	486790	488139		plus	replication-associated recombination protein A		92849230	protein-coding		WP_082222881.1	449	GXM19_RS02245
NZ_CP048433.1	488235	488822		plus	hypothetical protein		92849231	protein-coding		WP_006233995.1	195	GXM19_RS02250
NZ_CP048433.1	488815	489192		plus	ATP-binding protein		92849232	protein-coding		WP_006233993.1	125	GXM19_RS02255
NZ_CP048433.1	489194	489985		plus	RNA polymerase sigma factor SigF		92849233	protein-coding		WP_006233992.1	263	GXM19_RS02260
NZ_CP048433.1	489982	491391		plus	AI-2E family transporter		92849234	protein-coding		WP_006233991.1	469	GXM19_RS02265
NZ_CP048433.1	491544	494201		plus	alanine--tRNA ligase	alaS	92849235	protein-coding		WP_040358145.1	885	GXM19_RS02270
NZ_CP048433.1	494219	494647		plus	Holliday junction resolvase RuvX	ruvX	92849236	protein-coding		WP_035138185.1	142	GXM19_RS02275
NZ_CP048433.1	494640	496073		plus	endolytic transglycosylase MltG	mltG	92849237	protein-coding		WP_239057635.1	477	GXM19_RS02280
NZ_CP048433.1	496075	496572		plus	YqeG family HAD IIIA-type phosphatase		92849238	protein-coding		WP_006233987.1	165	GXM19_RS02285
NZ_CP048433.1	496581	497114		plus	shikimate kinase		92849239	protein-coding		WP_006233986.1	177	GXM19_RS02290
NZ_CP048433.1	497111	498220		plus	hypothetical protein		92849240	protein-coding		WP_006233985.1	369	GXM19_RS02295
NZ_CP048433.1	498353	499483		plus	M24 family metallopeptidase		92849241	protein-coding		WP_006233984.1	376	GXM19_RS02300
NZ_CP048433.1	499643	500206		plus	elongation factor P	efp	92849242	protein-coding		WP_006233983.1	187	GXM19_RS02305
NZ_CP048433.1	500231	500593		plus	Asp23/Gls24 family envelope stress response protein		92849243	protein-coding		WP_006233982.1	120	GXM19_RS02310
NZ_CP048433.1	500597	501181		plus	transcription antitermination factor NusB	nusB	92849244	protein-coding		WP_040358141.1	194	GXM19_RS02315
NZ_CP048433.1	501184	501423		plus	exodeoxyribonuclease VII small subunit		92849245	protein-coding		WP_006233978.1	79	GXM19_RS02320
NZ_CP048433.1	501459	502262		plus	TlyA family RNA methyltransferase		92849246	protein-coding		WP_040358460.1	267	GXM19_RS02325
NZ_CP048433.1	502259	503119		plus	NAD(+)/NADH kinase		92849247	protein-coding		WP_006233976.1	286	GXM19_RS02330
NZ_CP048433.1	503109	504737		plus	DNA repair protein RecN		92849248	protein-coding		WP_006233975.1	542	GXM19_RS02335
NZ_CP048433.1	504797	505654		minus	MurR/RpiR family transcriptional regulator		92849249	protein-coding		WP_040358138.1	285	GXM19_RS02340
NZ_CP048433.1	505927	507930		plus	fructose-specific PTS transporter subunit EIIC		92849250	protein-coding		WP_006233972.1	667	GXM19_RS02345
NZ_CP048433.1	508478	508741		plus	HPr family phosphocarrier protein		92849251	protein-coding		WP_022094575.1	87	GXM19_RS02350
NZ_CP048433.1	508875	510578		plus	phosphoenolpyruvate--protein phosphotransferase	ptsP	92849252	protein-coding		WP_040358133.1	567	GXM19_RS02355
NZ_CP048433.1	510653	511585		plus	1-phosphofructokinase family hexose kinase		92849253	protein-coding		WP_006233969.1	310	GXM19_RS02360
NZ_CP048433.1	511775	512707		plus	1-phosphofructokinase family hexose kinase		92849254	protein-coding		WP_006233968.1	310	GXM19_RS02365
NZ_CP048433.1	512872	514266		plus	CCA tRNA nucleotidyltransferase		92849255	protein-coding		WP_006233967.1	464	GXM19_RS02370
NZ_CP048433.1	514394	514470		plus	tRNA-Glu		92849256	tRNA				GXM19_RS02375
NZ_CP048433.1	514493	514569		plus	tRNA-Glu		92849257	tRNA				GXM19_RS02380
NZ_CP048433.1	514721	516028		plus	lysylphosphatidylglycerol synthase transmembrane domain-containing protein		92849258	protein-coding		WP_006233965.1	435	GXM19_RS02385
NZ_CP048433.1	516145	516756		plus	TetR/AcrR family transcriptional regulator		92849259	protein-coding		WP_050766073.1	203	GXM19_RS02390
NZ_CP048433.1	516867	518171		minus	ABC transporter ATP-binding protein		92849260	protein-coding		WP_115596251.1	434	GXM19_RS02395
NZ_CP048433.1	518184	519206		minus	FecCD family ABC transporter permease		92849261	protein-coding		WP_006233962.1	340	GXM19_RS02400
NZ_CP048433.1	519229	520800		minus	ABC transporter substrate-binding protein		92849262	protein-coding		WP_006233961.1	523	GXM19_RS02405
NZ_CP048433.1	520805	521338		minus	hypothetical protein		92849263	protein-coding		WP_006233960.1	177	GXM19_RS02410
NZ_CP048433.1	521484	522410		minus	sirohydrochlorin cobaltochelatase		92849264	protein-coding		WP_006233958.1	308	GXM19_RS02415
NZ_CP048433.1	522869	523660		plus	precorrin-4 C(11)-methyltransferase	cobM	92849265	protein-coding		WP_006233957.1	263	GXM19_RS02420
NZ_CP048433.1	523662	524846		plus	cobalt-precorrin-5B (C(1))-methyltransferase CbiD	cbiD	92849266	protein-coding		WP_040358130.1	394	GXM19_RS02425
NZ_CP048433.1	524839	525072		plus	SAM-dependent methyltransferase		92849267	protein-coding		WP_006233955.1	77	GXM19_RS02430
NZ_CP048433.1	525115	526206		plus	cobalt-precorrin 5A hydrolase		92849268	protein-coding		WP_239057636.1	363	GXM19_RS02435
NZ_CP048433.1	526206	526949		plus	precorrin-3B C(17)-methyltransferase	cobJ	92849269	protein-coding		WP_006233953.1	247	GXM19_RS02440
NZ_CP048433.1	526937	528217		plus	precorrin-6y C5,15-methyltransferase (decarboxylating) subunit CbiE	cbiE	92849270	protein-coding		WP_006233952.1	426	GXM19_RS02445
NZ_CP048433.1	528214	529596		plus	cobyrinic acid a,c-diamide synthase CobB		92849271	protein-coding		WP_239057637.1	460	GXM19_RS02450
NZ_CP048433.1	529511	530731		plus	nicotinate-nucleotide--dimethylbenzimidazole phosphoribosyltransferase		92849272	protein-coding		WP_203572373.1	406	GXM19_RS02455
NZ_CP048433.1	530728	531276		plus	bifunctional adenosylcobinamide kinase/adenosylcobinamide-phosphate guanylyltransferase		92849273	protein-coding		WP_006233949.1	182	GXM19_RS02460
NZ_CP048433.1	531273	532040		plus	adenosylcobinamide-GDP ribazoletransferase		92849274	protein-coding		WP_040358125.1	255	GXM19_RS02465
NZ_CP048433.1	531974	533038		plus	histidine phosphatase family protein		92849275	protein-coding		WP_203572374.1	354	GXM19_RS02470
NZ_CP048433.1	533038	534012		plus	adenosylcobinamide-phosphate synthase CbiB	cbiB	92849276	protein-coding		WP_006233946.1	324	GXM19_RS02475
NZ_CP048433.1	534009	535232		plus	pyridoxal phosphate-dependent aminotransferase		92849277	protein-coding		WP_006233945.1	407	GXM19_RS02480
NZ_CP048433.1	535225	536724		plus	cobyric acid synthase		92849278	protein-coding		WP_239057638.1	499	GXM19_RS02485
NZ_CP048433.1	536721	537236		plus	cob(I)yrinic acid a,c-diamide adenosyltransferase		92849279	protein-coding		WP_006233943.1	171	GXM19_RS02490
NZ_CP048433.1	537237	537878		plus	precorrin-8X methylmutase		92849280	protein-coding		WP_006233941.1	213	GXM19_RS02495
NZ_CP048433.1	537875	538648		plus	precorrin-6A reductase	cobK	92849281	protein-coding		WP_050766071.1	257	GXM19_RS02500
NZ_CP048433.1	538861	540075		minus	ABC transporter permease		92849282	protein-coding		WP_006233938.1	404	GXM19_RS02505
NZ_CP048433.1	540072	540845		minus	ABC transporter ATP-binding protein		92849283	protein-coding		WP_006233937.1	257	GXM19_RS02510
NZ_CP048433.1	540845	542278		minus	efflux RND transporter periplasmic adaptor subunit		92849284	protein-coding		WP_006233936.1	477	GXM19_RS02515
NZ_CP048433.1	542411	544144		minus	L,D-transpeptidase		92849285	protein-coding		WP_050766070.1	577	GXM19_RS02520
NZ_CP048433.1	544294	545901		minus	L-serine ammonia-lyase, iron-sulfur-dependent, subunit alpha	sdaAA	92849286	protein-coding		WP_006233934.1	535	GXM19_RS02525
NZ_CP048433.1	546214	547494		minus	methionine adenosyltransferase	metK	92849287	protein-coding		WP_006233933.1	426	GXM19_RS02530
NZ_CP048433.1	547777	549252		plus	glutamate--tRNA ligase	gltX	92849288	protein-coding		WP_006233932.1	491	GXM19_RS02535
NZ_CP048433.1	549341	551767		plus	replication restart helicase PriA	priA	92849289	protein-coding		WP_239057639.1	808	GXM19_RS02540
NZ_CP048433.1	551786	552322		plus	peptide deformylase	def	92849290	protein-coding		WP_040358120.1	178	GXM19_RS02545
NZ_CP048433.1	552649	553569		plus	methionyl-tRNA formyltransferase	fmt	92849291	protein-coding		WP_006233928.1	306	GXM19_RS02550
NZ_CP048433.1	553566	554966		plus	RsmB/NOP family class I SAM-dependent RNA methyltransferase		92849292	protein-coding		WP_006233927.1	466	GXM19_RS02555
NZ_CP048433.1	555108	555344		minus	FmdB family zinc ribbon protein		92849293	protein-coding		WP_006233925.1	78	GXM19_RS02560
NZ_CP048433.1	555433	558729		minus	4-alpha-glucanotransferase		92849294	protein-coding		WP_006233924.1	1098	GXM19_RS02565
NZ_CP048433.1	559160	561397		minus	glycogen synthase GlgA	glgA	92849295	protein-coding		WP_040358115.1	745	GXM19_RS02570
NZ_CP048433.1	561488	562615		minus	glucose-1-phosphate adenylyltransferase subunit GlgD	glgD	92849296	protein-coding		WP_006233921.1	375	GXM19_RS02575
NZ_CP048433.1	562620	563768		minus	glucose-1-phosphate adenylyltransferase		92849297	protein-coding		WP_006233920.1	382	GXM19_RS02580
NZ_CP048433.1	563877	566303		minus	glycogen/starch/alpha-glucan phosphorylase		92849298	protein-coding		WP_006233919.1	808	GXM19_RS02585
NZ_CP048433.1	566398	568659		minus	1,4-alpha-glucan branching protein GlgB	glgB	92849299	protein-coding		WP_006233917.1	753	GXM19_RS02590
NZ_CP048433.1	568991	569680		plus	HAD family hydrolase		92849300	protein-coding		WP_006233915.1	229	GXM19_RS02595
NZ_CP048433.1	569690	570370		plus	thiamine diphosphokinase		92849301	protein-coding		WP_050766069.1	226	GXM19_RS02600
NZ_CP048433.1	570477	570552		plus	tRNA-Ala		92849302	tRNA				GXM19_RS02605
NZ_CP048433.1	571319	571870		plus	antiterminator LoaP	loaP	92849303	protein-coding		WP_239057640.1	183	GXM19_RS02610
NZ_CP048433.1	571926	572687		plus	sugar transferase		92849304	protein-coding		WP_239057641.1	253	GXM19_RS02615
NZ_CP048433.1	572725	573984		plus	nucleotide sugar dehydrogenase		92849305	protein-coding		WP_006233909.1	419	GXM19_RS02620
NZ_CP048433.1	574165	574362		minus	type II toxin-antitoxin system RelB/DinJ family antitoxin		92849306	protein-coding		WP_006235589.1	65	GXM19_RS02625
NZ_CP048433.1	574439	575218		minus	IS1595 family transposase		92849307	protein-coding		WP_006235590.1	259	GXM19_RS02630
NZ_CP048433.1	575234	575299		minus	uncharacterized gene		92850976	pseudogene				GXM19_RS11205
NZ_CP048433.1	575574	576818		minus	flagellar basal body-associated FliL family protein		92849308	protein-coding		WP_239057642.1	414	GXM19_RS02635
NZ_CP048433.1	576832	577014		minus	type II toxin-antitoxin system Phd/YefM family antitoxin		92849309	protein-coding		WP_006236368.1	60	GXM19_RS02640
NZ_CP048433.1	577411	578115		minus	class B sortase		92849310	protein-coding		WP_203572375.1	234	GXM19_RS02645
NZ_CP048433.1	578165	579445		minus	IS256 family transposase		92849311	protein-coding		WP_006234240.1	426	GXM19_RS02650
NZ_CP048433.1	579608	580453		plus	hypothetical protein		92849312	protein-coding		WP_147293044.1	281	GXM19_RS02655
NZ_CP048433.1	580720	581310		plus	hypothetical protein		92849313	protein-coding		WP_006236352.1	196	GXM19_RS02660
NZ_CP048433.1	581334	581858		plus	hypothetical protein		92849314	protein-coding		WP_006236351.1	174	GXM19_RS02665
NZ_CP048433.1	581970	582752		plus	dCTP deaminase/dUTPase family protein		92849315	protein-coding		WP_006236350.1	260	GXM19_RS02670
NZ_CP048433.1	583111	583488		plus	DUF3825 domain-containing protein		92849316	protein-coding		WP_172544920.1	125	GXM19_RS02675
NZ_CP048433.1	583579	584406		minus	ATP-binding protein		92849317	protein-coding		WP_006234068.1	275	GXM19_RS02680
NZ_CP048433.1	584403	585656		minus	IS21 family transposase	istA	92849318	protein-coding		WP_006235233.1	417	GXM19_RS02685
NZ_CP048433.1	585866	586279		plus	DUF3825 domain-containing protein		92849319	protein-coding		WP_082222972.1	137	GXM19_RS02690
NZ_CP048433.1	586418	586492		plus	tRNA-Val		92849320	tRNA				GXM19_RS02695
NZ_CP048433.1	586871	587557		plus	hypothetical protein		92849321	protein-coding		WP_006236359.1	228	GXM19_RS02700
NZ_CP048433.1	587521	588024		plus	DEAD/DEAH box helicase family protein		92849322	protein-coding		WP_147293045.1	167	GXM19_RS02705
NZ_CP048433.1	588543	588615		plus	tRNA-Ala		92849323	tRNA				GXM19_RS02710
NZ_CP048433.1	588826	588901		minus	tRNA-Ile		92849324	tRNA				GXM19_RS02715
NZ_CP048433.1	589530	589602		plus	tRNA-Ala		92849325	tRNA				GXM19_RS02720
NZ_CP048433.1	589678	591714		plus	ABC-F family ATP-binding cassette domain-containing protein		92849326	protein-coding		WP_006236040.1	678	GXM19_RS02725
NZ_CP048433.1	591701	591997		plus	hypothetical protein		92849327	protein-coding		WP_040359881.1	98	GXM19_RS02730
NZ_CP048433.1	592007	592690		plus	site-2 protease family protein		92849328	protein-coding		WP_006236038.1	227	GXM19_RS02735
NZ_CP048433.1	592775	593584		plus	segregation and condensation protein A		92849329	protein-coding		WP_006236037.1	269	GXM19_RS02740
NZ_CP048433.1	593596	594324		plus	SMC-Scp complex subunit ScpB	scpB	92849330	protein-coding		WP_006236036.1	242	GXM19_RS02745
NZ_CP048433.1	594347	595276		plus	pseudouridine synthase		92849331	protein-coding		WP_082222955.1	309	GXM19_RS02750
NZ_CP048433.1	595343	596029		plus	(d)CMP kinase	cmk	92849332	protein-coding		WP_006236034.1	228	GXM19_RS02755
NZ_CP048433.1	596033	596761		plus	lysophospholipid acyltransferase family protein		92849333	protein-coding		WP_006236033.1	242	GXM19_RS02760
NZ_CP048433.1	596764	597663		plus	4-hydroxy-3-methylbut-2-enyl diphosphate reductase		92849334	protein-coding		WP_006236031.1	299	GXM19_RS02765
NZ_CP048433.1	597666	599108		plus	DUF512 domain-containing protein		92849335	protein-coding		WP_006236030.1	480	GXM19_RS02770
NZ_CP048433.1	599119	600453		plus	ribosome biogenesis GTPase Der	der	92849336	protein-coding		WP_006236029.1	444	GXM19_RS02775
NZ_CP048433.1	600446	601129		plus	glycerol-3-phosphate 1-O-acyltransferase PlsY	plsY	92849337	protein-coding		WP_006236028.1	227	GXM19_RS02780
NZ_CP048433.1	601139	602146		plus	NAD(P)H-dependent glycerol-3-phosphate dehydrogenase		92849338	protein-coding		WP_006236027.1	335	GXM19_RS02785
NZ_CP048433.1	602165	602836		plus	ribulose-phosphate 3-epimerase	rpe	92849339	protein-coding		WP_006236026.1	223	GXM19_RS02790
NZ_CP048433.1	602843	604021		plus	cysteine desulfurase family protein		92849340	protein-coding		WP_115596188.1	392	GXM19_RS02795
NZ_CP048433.1	604018	604827		plus	Nif3-like dinuclear metal center hexameric protein		92849341	protein-coding		WP_006236022.1	269	GXM19_RS02800
NZ_CP048433.1	604824	605543		plus	zinc ribbon domain-containing protein		92849342	protein-coding		WP_006236021.1	239	GXM19_RS02805
NZ_CP048433.1	605547	606758		plus	bifunctional phosphopantothenoylcysteine decarboxylase/phosphopantothenate--cysteine ligase CoaBC	coaBC	92849343	protein-coding		WP_239057643.1	403	GXM19_RS02810
NZ_CP048433.1	606839	606915		plus	tRNA-Pro		92849344	tRNA				GXM19_RS02815
NZ_CP048433.1	607440	608264		minus	DUF6273 domain-containing protein		92849345	protein-coding		WP_147293046.1	274	GXM19_RS02820
NZ_CP048433.1	608748	610940		plus	hypothetical protein		92849346	protein-coding		WP_006236017.1	730	GXM19_RS02825
NZ_CP048433.1	610895	611167		minus	type II toxin-antitoxin system RelB family antitoxin	relB	92849347	protein-coding		WP_239057644.1	90	GXM19_RS02830
NZ_CP048433.1	611489	612160		minus	BspA family leucine-rich repeat surface protein		92849348	protein-coding		WP_006236013.1	223	GXM19_RS02835
NZ_CP048433.1	613421	613660		plus	hypothetical protein		92849349	protein-coding		WP_006236008.1	79	GXM19_RS02840
NZ_CP048433.1	614341	615132		minus	7beta-hydroxysteroid dehydrogenase		92849350	protein-coding		WP_006236005.1	263	GXM19_RS02845
NZ_CP048433.1	615580	615831		plus	dienelactone hydrolase family protein		92849351	protein-coding		WP_006236004.1	83	GXM19_RS02855
NZ_CP048433.1	615981	616685		plus	CDP-alcohol phosphatidyltransferase family protein		92849352	protein-coding		WP_040359866.1	234	GXM19_RS02860
NZ_CP048433.1	616752	617186		plus	FHA domain-containing protein		92849353	protein-coding		WP_006236002.1	144	GXM19_RS02865
NZ_CP048433.1	617190	618068		plus	transcriptional regulator FtsR	ftsR	92849354	protein-coding		WP_006236000.1	292	GXM19_RS02870
NZ_CP048433.1	618109	618639		plus	adenine phosphoribosyltransferase		92849355	protein-coding		WP_006235999.1	176	GXM19_RS02875
NZ_CP048433.1	618672	619799		plus	coiled-coil domain-containing protein		92849356	protein-coding		WP_203572376.1	375	GXM19_RS02880
NZ_CP048433.1	619964	620830		plus	DegV family protein		92849357	protein-coding		WP_006235997.1	288	GXM19_RS02885
NZ_CP048433.1	620903	621514		minus	DUF1836 domain-containing protein		92849358	protein-coding		WP_006235996.1	203	GXM19_RS02890
NZ_CP048433.1	621671	622606		minus	NAD(P)/FAD-dependent oxidoreductase		92849359	protein-coding		WP_040359863.1	311	GXM19_RS02895
NZ_CP048433.1	622676	624025		plus	MGDG synthase family glycosyltransferase		92849360	protein-coding		WP_239057645.1	449	GXM19_RS02900
NZ_CP048433.1	624405	624848		minus	dUTP diphosphatase	dut	92849361	protein-coding		WP_006235992.1	147	GXM19_RS02905
NZ_CP048433.1	624853	625296		minus	transcriptional regulator NrdR	nrdR	92849362	protein-coding		WP_022093781.1	147	GXM19_RS02910
NZ_CP048433.1	625348	625797		minus	LysM peptidoglycan-binding domain-containing protein		92849363	protein-coding		WP_050766178.1	149	GXM19_RS02915
NZ_CP048433.1	625961	626605		plus	transcriptional repressor LexA	lexA	92849364	protein-coding		WP_040359862.1	214	GXM19_RS02920
NZ_CP048433.1	626605	627306		plus	heparan-alpha-glucosaminide N-acetyltransferase		92849365	protein-coding		WP_006235987.1	233	GXM19_RS02925
NZ_CP048433.1	627294	628583		minus	GTPase HflX	hflX	92849366	protein-coding		WP_006235986.1	429	GXM19_RS02930
NZ_CP048433.1	628583	629521		minus	tRNA (adenosine(37)-N6)-dimethylallyltransferase MiaA	miaA	92849367	protein-coding		WP_115596192.1	312	GXM19_RS02935
NZ_CP048433.1	629521	630891		minus	tRNA (N6-isopentenyl adenosine(37)-C2)-methylthiotransferase MiaB	miaB	92849368	protein-coding		WP_022094691.1	456	GXM19_RS02940
NZ_CP048433.1	630937	631254		minus	stage V sporulation protein S		92849369	protein-coding		WP_006235982.1	105	GXM19_RS02945
NZ_CP048433.1	631329	632414		minus	ATP-binding protein		92849370	protein-coding		WP_006235981.1	361	GXM19_RS02950
NZ_CP048433.1	632416	633966		minus	ribonuclease Y	rny	92849371	protein-coding		WP_115596193.1	516	GXM19_RS02955
NZ_CP048433.1	634224	634916		minus	regulatory protein RecX		92849372	protein-coding		WP_006235978.1	230	GXM19_RS02960
NZ_CP048433.1	634928	636076		minus	recombinase RecA	recA	92849373	protein-coding		WP_022094695.1	382	GXM19_RS02965
NZ_CP048433.1	636334	636864		minus	CinA family protein		92849374	protein-coding		WP_006235974.1	176	GXM19_RS02970
NZ_CP048433.1	636877	637425		minus	CDP-diacylglycerol--glycerol-3-phosphate 3-phosphatidyltransferase	pgsA	92849375	protein-coding		WP_006235973.1	182	GXM19_RS02975
NZ_CP048433.1	637525	638874		minus	30S ribosomal protein S12 methylthiotransferase RimO	rimO	92849376	protein-coding		WP_006235972.1	449	GXM19_RS02980
NZ_CP048433.1	638902	639399		minus	YajQ family cyclic di-GMP-binding protein		92849377	protein-coding		WP_006235971.1	165	GXM19_RS02985
NZ_CP048433.1	639426	640937		minus	helix-turn-helix domain-containing protein		92849378	protein-coding		WP_006235970.1	503	GXM19_RS02990
NZ_CP048433.1	640937	643717		minus	FtsK/SpoIIIE family DNA translocase		92849379	protein-coding		WP_239057647.1	926	GXM19_RS02995
NZ_CP048433.1	643719	645389		minus	ribonuclease J		92849380	protein-coding		WP_006235967.1	556	GXM19_RS03000
NZ_CP048433.1	645641	647887		minus	polyribonucleotide nucleotidyltransferase		92849381	protein-coding		WP_006235964.1	748	GXM19_RS03005
NZ_CP048433.1	648038	648316		minus	30S ribosomal protein S15	rpsO	92849382	protein-coding		WP_006235963.1	92	GXM19_RS03010
NZ_CP048433.1	648455	649204		minus	DNA repair protein RecO	recO	92849383	protein-coding		WP_006235962.1	249	GXM19_RS03015
NZ_CP048433.1	649217	650287		minus	GTPase Era	era	92849384	protein-coding		WP_006235961.1	356	GXM19_RS03020
NZ_CP048433.1	650300	650677		minus	diacylglycerol kinase family protein		92849385	protein-coding		WP_006235960.1	125	GXM19_RS03025
NZ_CP048433.1	650687	651196		minus	rRNA maturation RNase YbeY	ybeY	92849386	protein-coding		WP_040359855.1	169	GXM19_RS03030
NZ_CP048433.1	651193	652179		minus	PhoH family protein		92849387	protein-coding		WP_040359852.1	328	GXM19_RS03035
NZ_CP048433.1	652160	653452		minus	MiaB/RimO family radical SAM methylthiotransferase		92849388	protein-coding		WP_040359849.1	430	GXM19_RS03040
NZ_CP048433.1	653462	654610		minus	molecular chaperone DnaJ	dnaJ	92849389	protein-coding		WP_040359846.1	382	GXM19_RS03045
NZ_CP048433.1	654692	655795		minus	DnaJ domain-containing protein		92849390	protein-coding		WP_006235956.1	367	GXM19_RS03050
NZ_CP048433.1	655854	657086		minus	radical SAM family heme chaperone HemW	hemW	92849391	protein-coding		WP_040359844.1	410	GXM19_RS03055
NZ_CP048433.1	657089	658132		minus	tRNA dihydrouridine synthase DusB	dusB	92849392	protein-coding		WP_006235952.1	347	GXM19_RS03060
NZ_CP048433.1	658137	659948		minus	translation elongation factor 4	lepA	92849393	protein-coding		WP_040359843.1	603	GXM19_RS03065
NZ_CP048433.1	660045	660311		minus	30S ribosomal protein S20	rpsT	92849394	protein-coding		WP_022094714.1	88	GXM19_RS03070
NZ_CP048433.1	660445	661407		minus	DNA polymerase III subunit delta	holA	92849395	protein-coding		WP_040359839.1	320	GXM19_RS03075
NZ_CP048433.1	661486	663789		minus	DNA internalization-related competence protein ComEC/Rec2		92849396	protein-coding		WP_115596194.1	767	GXM19_RS03080
NZ_CP048433.1	663786	664499		minus	helix-hairpin-helix domain-containing protein		92849397	protein-coding		WP_040359835.1	237	GXM19_RS03085
NZ_CP048433.1	664714	665958		minus	tRNA uracil 4-sulfurtransferase ThiI	thiI	92849398	protein-coding		WP_006235944.1	414	GXM19_RS03090
NZ_CP048433.1	665959	666240		minus	DNA-directed RNA polymerase subunit omega		92849399	protein-coding		WP_035138532.1	93	GXM19_RS03095
NZ_CP048433.1	666246	666815		minus	guanylate kinase	gmk	92849400	protein-coding		WP_006236131.1	189	GXM19_RS03100
NZ_CP048433.1	666816	667124		minus	integration host factor, actinobacterial type	mihF	92849401	protein-coding		WP_006236130.1	102	GXM19_RS03105
NZ_CP048433.1	667364	668080		minus	orotidine-5'-phosphate decarboxylase	pyrF	92849402	protein-coding		WP_006236129.1	238	GXM19_RS03110
NZ_CP048433.1	668074	668982		minus	dihydroorotate dehydrogenase		92849403	protein-coding		WP_006236128.1	302	GXM19_RS03115
NZ_CP048433.1	668997	669764		minus	dihydroorotate dehydrogenase electron transfer subunit		92849404	protein-coding		WP_006236127.1	255	GXM19_RS03120
NZ_CP048433.1	669881	671170		minus	dihydroorotase		92849405	protein-coding		WP_006236125.1	429	GXM19_RS03125
NZ_CP048433.1	671154	672098		minus	aspartate carbamoyltransferase catalytic subunit		92849406	protein-coding		WP_035138537.1	314	GXM19_RS03130
NZ_CP048433.1	672103	672687		minus	bifunctional pyr operon transcriptional regulator/uracil phosphoribosyltransferase PyrR	pyrR	92849407	protein-coding		WP_006236123.1	194	GXM19_RS03135
NZ_CP048433.1	673140	673328		plus	50S ribosomal protein L28	rpmB	92849408	protein-coding		WP_022094725.1	62	GXM19_RS03140
NZ_CP048433.1	673514	674290		minus	transposase		92849409	protein-coding		WP_006236121.1	258	GXM19_RS03145
NZ_CP048433.1	674623	677271		plus	bifunctional acetaldehyde-CoA/alcohol dehydrogenase	adhE	92849410	protein-coding		WP_006236120.1	882	GXM19_RS03150
NZ_CP048433.1	677361	678125		plus	aminoglycoside phosphotransferase family protein		92849411	protein-coding		WP_006236119.1	254	GXM19_RS03155
NZ_CP048433.1	678304	680025		minus	proline--tRNA ligase		92849412	protein-coding		WP_006236118.1	573	GXM19_RS03160
NZ_CP048433.1	680026	681108		minus	flavodoxin-dependent (E)-4-hydroxy-3-methylbut-2-enyl-diphosphate synthase	ispG	92849413	protein-coding		WP_229026295.1	360	GXM19_RS03165
NZ_CP048433.1	681122	682483		minus	M50 family metallopeptidase		92849414	protein-coding		WP_006236116.1	453	GXM19_RS03170
NZ_CP048433.1	682509	683696		minus	1-deoxy-D-xylulose-5-phosphate reductoisomerase	dxr	92849415	protein-coding		WP_006236115.1	395	GXM19_RS03175
NZ_CP048433.1	683696	684595		minus	phosphatidate cytidylyltransferase		92849416	protein-coding		WP_227790438.1	299	GXM19_RS03180
NZ_CP048433.1	684598	685392		minus	undecaprenyl pyrophosphate synthase		92849417	protein-coding		WP_040359958.1	264	GXM19_RS03185
NZ_CP048433.1	685394	685930		minus	ribosome recycling factor	frr	92849418	protein-coding		WP_006236112.1	178	GXM19_RS03190
NZ_CP048433.1	685933	686655		minus	UMP kinase	pyrH	92849419	protein-coding		WP_040359955.1	240	GXM19_RS03195
NZ_CP048433.1	686774	687643		minus	translation elongation factor Ts	tsf	92849420	protein-coding		WP_006236110.1	289	GXM19_RS03200
NZ_CP048433.1	687689	688417		minus	30S ribosomal protein S2	rpsB	92849421	protein-coding		WP_006236109.1	242	GXM19_RS03205
NZ_CP048433.1	688637	689557		minus	tyrosine recombinase XerC		92849422	protein-coding		WP_040359952.1	306	GXM19_RS03210
NZ_CP048433.1	689554	690891		minus	methylenetetrahydrofolate--tRNA-(uracil(54)-C(5))-methyltransferase (FADH(2)-oxidizing) TrmFO	trmFO	92849423	protein-coding		WP_006236105.1	445	GXM19_RS03215
NZ_CP048433.1	690906	691841		minus	DNA-processing protein DprA		92849424	protein-coding		WP_305954494.1	311	GXM19_RS03220
NZ_CP048433.1	691838	693361		minus	YifB family Mg chelatase-like AAA ATPase		92849425	protein-coding		WP_006236101.1	507	GXM19_RS03225
NZ_CP048433.1	693361	693846		minus	YraN family protein		92849426	protein-coding		WP_006236100.1	161	GXM19_RS03230
NZ_CP048433.1	694036	694824		minus	ribonuclease HII		92849427	protein-coding		WP_006236099.1	262	GXM19_RS03235
NZ_CP048433.1	694918	695259		minus	50S ribosomal protein L19	rplS	92849428	protein-coding		WP_006236098.1	113	GXM19_RS03240
NZ_CP048433.1	695470	698220		minus	pyruvate, phosphate dikinase	ppdK	92849429	protein-coding		WP_040359949.1	916	GXM19_RS03245
NZ_CP048433.1	698464	699339		minus	pyruvate, water dikinase regulatory protein		92849430	protein-coding		WP_115596195.1	291	GXM19_RS03250
NZ_CP048433.1	699374	701470		minus	glycine--tRNA ligase subunit beta	glyS	92849431	protein-coding		WP_006236092.1	698	GXM19_RS03255
NZ_CP048433.1	701474	702385		minus	glycine--tRNA ligase subunit alpha		92849432	protein-coding		WP_006236091.1	303	GXM19_RS03260
NZ_CP048433.1	702445	703008		minus	signal peptidase I	lepB	92849433	protein-coding		WP_006236090.1	187	GXM19_RS03265
NZ_CP048433.1	703011	703769		minus	tRNA (guanosine(37)-N1)-methyltransferase TrmD	trmD	92849434	protein-coding		WP_006236088.1	252	GXM19_RS03270
NZ_CP048433.1	703780	704301		minus	ribosome maturation factor RimM	rimM	92849435	protein-coding		WP_050766183.1	173	GXM19_RS03275
NZ_CP048433.1	704306	704551		minus	KH domain-containing protein		92849436	protein-coding		WP_171021534.1	81	GXM19_RS03280
NZ_CP048433.1	704594	704935		minus	30S ribosomal protein S16	rpsP	92849437	protein-coding		WP_022094749.1	113	GXM19_RS03285
NZ_CP048433.1	705137	706390		plus	DNA polymerase IV	dinB	92849438	protein-coding		WP_006236083.1	417	GXM19_RS03290
NZ_CP048433.1	706466	707206		minus	transposase		92849439	protein-coding		WP_040359946.1	246	GXM19_RS03295
NZ_CP048433.1	707344	707799		minus	ribosome silencing factor	rsfS	92849440	protein-coding		WP_006236081.1	151	GXM19_RS03300
NZ_CP048433.1	707827	708360		minus	bis(5'-nucleosyl)-tetraphosphatase (symmetrical) YqeK	yqeK	92849441	protein-coding		WP_006236080.1	177	GXM19_RS03305
NZ_CP048433.1	708448	709125		minus	nicotinate-nucleotide adenylyltransferase	nadD	92849442	protein-coding		WP_089573445.1	225	GXM19_RS03310
NZ_CP048433.1	709129	710595		minus	GTPase ObgE	obgE	92849443	protein-coding		WP_172544921.1	488	GXM19_RS03315
NZ_CP048433.1	710680	710937		minus	50S ribosomal protein L27	rpmA	92849444	protein-coding		WP_006236075.1	85	GXM19_RS03320
NZ_CP048433.1	710971	711345		minus	50S ribosomal protein L21	rplU	92849445	protein-coding		WP_035138585.1	124	GXM19_RS03325
NZ_CP048433.1	711413	712225		minus	TIGR03936 family radical SAM-associated protein		92849446	protein-coding		WP_006236073.1	270	GXM19_RS03330
NZ_CP048433.1	712222	714099		minus	TIGR03960 family B12-binding radical SAM protein		92849447	protein-coding		WP_040359943.1	625	GXM19_RS03335
NZ_CP048433.1	714110	715039		minus	YcjF family protein		92849448	protein-coding		WP_006236071.1	309	GXM19_RS03340
NZ_CP048433.1	715058	716284		minus	FtsW/RodA/SpoVE family cell cycle protein		92849449	protein-coding		WP_006236069.1	408	GXM19_RS03345
NZ_CP048433.1	716294	718363		minus	penicillin-binding protein 2	mrdA	92849450	protein-coding		WP_006236067.1	689	GXM19_RS03350
NZ_CP048433.1	718377	718943		minus	rod shape-determining protein MreD		92849451	protein-coding		WP_040359971.1	188	GXM19_RS03355
NZ_CP048433.1	718955	719896		minus	rod shape-determining protein MreC	mreC	92849452	protein-coding		WP_006236063.1	313	GXM19_RS03360
NZ_CP048433.1	719975	721006		minus	rod shape-determining protein	mreB	92849453	protein-coding		WP_006236061.1	343	GXM19_RS03365
NZ_CP048433.1	721134	722438		minus	tetratricopeptide repeat protein		92849454	protein-coding		WP_050766182.1	434	GXM19_RS03370
NZ_CP048433.1	722450	722992		minus	peptidylprolyl isomerase		92849455	protein-coding		WP_006236059.1	180	GXM19_RS03375
NZ_CP048433.1	723100	724254		minus	zinc ribbon domain-containing protein		92849456	protein-coding		WP_040359941.1	384	GXM19_RS03380
NZ_CP048433.1	724416	727154		minus	HAD-IC family P-type ATPase		92849457	protein-coding		WP_115596197.1	912	GXM19_RS03385
NZ_CP048433.1	727230	727306		minus	tRNA-Arg		92849458	tRNA				GXM19_RS03390
NZ_CP048433.1	727511	728536		plus	3-deoxy-7-phosphoheptulonate synthase	aroF	92849459	protein-coding		WP_040359938.1	341	GXM19_RS03395
NZ_CP048433.1	728540	729454		plus	prephenate dehydrogenase		92849460	protein-coding		WP_006236053.1	304	GXM19_RS03400
NZ_CP048433.1	729491	730597		plus	3-dehydroquinate synthase	aroB	92849461	protein-coding		WP_006236052.1	368	GXM19_RS03405
NZ_CP048433.1	730591	731910		plus	3-phosphoshikimate 1-carboxyvinyltransferase	aroA	92849462	protein-coding		WP_006236051.1	439	GXM19_RS03410
NZ_CP048433.1	731912	733009		plus	chorismate synthase	aroC	92849463	protein-coding		WP_006236050.1	365	GXM19_RS03415
NZ_CP048433.1	733063	734208		plus	prephenate dehydratase	pheA	92849464	protein-coding		WP_006236049.1	381	GXM19_RS03420
NZ_CP048433.1	734209	735459		plus	shikimate kinase		92849465	protein-coding		WP_006236048.1	416	GXM19_RS03425
NZ_CP048433.1	735524	735961		plus	type II 3-dehydroquinate dehydratase	aroQ	92849466	protein-coding		WP_006236047.1	145	GXM19_RS03430
NZ_CP048433.1	736066	736142		minus	tRNA-Arg		92849467	tRNA				GXM19_RS03435
NZ_CP048433.1	736197	736964		minus	ABC transporter ATP-binding protein		92849468	protein-coding		WP_006236046.1	255	GXM19_RS03440
NZ_CP048433.1	736976	737821		minus	ABC transporter permease		92849469	protein-coding		WP_239057650.1	281	GXM19_RS03445
NZ_CP048433.1	737982	738950		plus	glycosyltransferase family 2 protein		92849470	protein-coding		WP_040359934.1	322	GXM19_RS03450
NZ_CP048433.1	739041	740321		minus	IS256 family transposase		92849471	protein-coding		WP_006234240.1	426	GXM19_RS03455
NZ_CP048433.1	740571	741824		plus	IS21 family transposase	istA	92849472	protein-coding		WP_006235233.1	417	GXM19_RS03460
NZ_CP048433.1	741821	742648		plus	ATP-binding protein		92849473	protein-coding		WP_006234068.1	275	GXM19_RS03465
NZ_CP048433.1	742928	744382		minus	sugar nucleotide-binding protein		92849474	protein-coding		WP_006236237.1	484	GXM19_RS03470
NZ_CP048433.1	744395	745414		minus	dTDP-glucose 4,6-dehydratase	rfbB	92849475	protein-coding		WP_006236236.1	339	GXM19_RS03475
NZ_CP048433.1	745490	746464		minus	hypothetical protein		92849476	protein-coding		WP_006236235.1	324	GXM19_RS03480
NZ_CP048433.1	746474	746911		minus	DUF4869 domain-containing protein		92849477	protein-coding		WP_040360074.1	145	GXM19_RS03485
NZ_CP048433.1	747007	747906		minus	glucose-1-phosphate thymidylyltransferase RfbA	rfbA	92849478	protein-coding		WP_040360061.1	299	GXM19_RS03490
NZ_CP048433.1	748017	750293		minus	glycosyltransferase		92849479	protein-coding		WP_040360058.1	758	GXM19_RS03495
NZ_CP048433.1	750307	751785		minus	DUF2142 domain-containing protein		92849480	protein-coding		WP_040360056.1	492	GXM19_RS03500
NZ_CP048433.1	751841	752635		minus	glycosyltransferase family A protein		92849481	protein-coding		WP_082222967.1	264	GXM19_RS03505
NZ_CP048433.1	752640	752990		minus	DUF2304 domain-containing protein		92849482	protein-coding		WP_082222966.1	116	GXM19_RS03510
NZ_CP048433.1	753002	753697		minus	glycosyltransferase family 2 protein		92849483	protein-coding		WP_082222965.1	231	GXM19_RS03515
NZ_CP048433.1	753775	755049		minus	lipopolysaccharide biosynthesis protein		92849484	protein-coding		WP_138341626.1	424	GXM19_RS03520
NZ_CP048433.1	755071	755997		minus	glycosyltransferase family 2 protein		92849485	protein-coding		WP_006236225.1	308	GXM19_RS03525
NZ_CP048433.1	756002	756979		minus	glycosyltransferase family 8 protein		92849486	protein-coding		WP_115596199.1	325	GXM19_RS03530
NZ_CP048433.1	757196	760363		minus	hypothetical protein		92849487	protein-coding		WP_050766188.1	1055	GXM19_RS03535
NZ_CP048433.1	760549	763248		minus	L,D-transpeptidase family protein		92849488	protein-coding		WP_256637911.1	899	GXM19_RS03540
NZ_CP048433.1	763512	764765		plus	IS21 family transposase	istA	92849489	protein-coding		WP_006235233.1	417	GXM19_RS03550
NZ_CP048433.1	764762	765589		plus	ATP-binding protein		92849490	protein-coding		WP_006234068.1	275	GXM19_RS03555
NZ_CP048433.1	765680	765964		minus	hypothetical protein		92849491	protein-coding		WP_006236220.1	94	GXM19_RS03560
NZ_CP048433.1	766199	767389		plus	IS256 family transposase		92849492	protein-coding		WP_040358202.1	396	GXM19_RS03565
NZ_CP048433.1	767513	770443		minus	GH25 family lysozyme		92849493	protein-coding		WP_158567834.1	976	GXM19_RS03570
NZ_CP048433.1	770998	774114		minus	NlpC/P60 family protein		92849494	protein-coding		WP_050766187.1	1038	GXM19_RS03575
NZ_CP048433.1	774145	775386		minus	C39 family peptidase		92849495	protein-coding		WP_187367065.1	413	GXM19_RS03580
NZ_CP048433.1	775519	776660		plus	IS3 family transposase		92849497	protein-coding		WP_370448105.1	380	GXM19_RS03590
NZ_CP048433.1	776620	777786		minus	hypothetical protein		92849498	protein-coding		WP_115596202.1	388	GXM19_RS03595
NZ_CP048433.1	778384	778824		plus	DUF4869 domain-containing protein		92849499	protein-coding		WP_006235591.1	146	GXM19_RS03600
NZ_CP048433.1	779009	779074		plus	uncharacterized gene		92850977	pseudogene				GXM19_RS11210
NZ_CP048433.1	779090	779869		plus	IS1595 family transposase		92849500	protein-coding		WP_006235590.1	259	GXM19_RS03605
NZ_CP048433.1	779946	780143		plus	type II toxin-antitoxin system RelB/DinJ family antitoxin		92849501	protein-coding		WP_006235589.1	65	GXM19_RS03610
NZ_CP048433.1	780587	780931		plus	helix-turn-helix domain-containing protein		99971520	protein-coding		WP_421757510.1	114	GXM19_RS11270
NZ_CP048433.1	781064	781177		plus	uncharacterized gene		92850951	pseudogene				GXM19_RS11060
NZ_CP048433.1	781598	782749		plus	HNH endonuclease signature motif containing protein		92849502	protein-coding		WP_239057651.1	383	GXM19_RS03620
NZ_CP048433.1	782746	783048		plus	nucleotidyltransferase domain-containing protein		99971521	protein-coding		WP_006235584.1	100	GXM19_RS11275
NZ_CP048433.1	784215	784730		minus	transposase		92849503	protein-coding		WP_162010723.1	171	GXM19_RS03630
NZ_CP048433.1	784741	785033		plus	uncharacterized gene		92850952	pseudogene				GXM19_RS11065
NZ_CP048433.1	785180	785530		minus	hypothetical protein		92849504	protein-coding		WP_040359438.1	116	GXM19_RS03640
NZ_CP048433.1	786031	786705		minus	hypothetical protein		92849505	protein-coding		WP_040359437.1	224	GXM19_RS03645
NZ_CP048433.1	786677	787168		minus	hypothetical protein		92849506	protein-coding		WP_050766149.1	163	GXM19_RS03650
NZ_CP048433.1	787299	787481		plus	hypothetical protein		92849507	protein-coding		WP_006235576.1	60	GXM19_RS03655
NZ_CP048433.1	787478	788296		minus	S1 family peptidase		92849508	protein-coding		WP_006235575.1	272	GXM19_RS03660
NZ_CP048433.1	788453	789556		minus	ATP-binding protein		92849509	protein-coding		WP_040359435.1	367	GXM19_RS03665
NZ_CP048433.1	789767	792253		minus	glycosyltransferase family 2 protein		92849510	protein-coding		WP_006235573.1	828	GXM19_RS03670
NZ_CP048433.1	792254	793321		minus	glycosyltransferase		92849511	protein-coding		WP_006235572.1	355	GXM19_RS03675
NZ_CP048433.1	793334	794452		minus	glycosyltransferase family 2 protein		92849512	protein-coding		WP_050766148.1	372	GXM19_RS03680
NZ_CP048433.1	794527	795567		minus	glycosyltransferase family 2 protein		92849513	protein-coding		WP_006235570.1	346	GXM19_RS03685
NZ_CP048433.1	795574	796677		minus	glycosyltransferase family 2 protein		92849514	protein-coding		WP_050766147.1	367	GXM19_RS03690
NZ_CP048433.1	796934	797953		plus	glycosyltransferase		92849515	protein-coding		WP_006235568.1	339	GXM19_RS03695
NZ_CP048433.1	797978	799774		minus	AAA family ATPase		92849516	protein-coding		WP_147293047.1	598	GXM19_RS03700
NZ_CP048433.1	799977	801758		minus	VgrG-related protein		92849517	protein-coding		WP_006235565.1	593	GXM19_RS03705
NZ_CP048433.1	801887	802306		minus	HI0074 family nucleotidyltransferase substrate-binding subunit		92849518	protein-coding		WP_006235564.1	139	GXM19_RS03710
NZ_CP048433.1	802293	802580		minus	nucleotidyltransferase family protein		92849519	protein-coding		WP_006235563.1	95	GXM19_RS03715
NZ_CP048433.1	802589	803020		minus	RrF2 family transcriptional regulator		92849520	protein-coding		WP_006235562.1	143	GXM19_RS03720
NZ_CP048433.1	803243	804043		plus	Fe-S cluster assembly ATPase SufC	sufC	92849521	protein-coding		WP_006235561.1	266	GXM19_RS03725
NZ_CP048433.1	804056	805468		plus	Fe-S cluster assembly protein SufB	sufB	92849522	protein-coding		WP_006235560.1	470	GXM19_RS03730
NZ_CP048433.1	805468	806739		plus	SufB/SufD family protein		92849523	protein-coding		WP_006235559.1	423	GXM19_RS03735
NZ_CP048433.1	806736	808061		plus	aminotransferase class V-fold PLP-dependent enzyme		92849524	protein-coding		WP_006235558.1	441	GXM19_RS03740
NZ_CP048433.1	808054	808488		plus	Fe-S cluster assembly sulfur transfer protein SufU	sufU	92849525	protein-coding		WP_006235557.1	144	GXM19_RS03745
NZ_CP048433.1	809148	809960		minus	transposase		92849526	protein-coding		WP_006235555.1	270	GXM19_RS03750
NZ_CP048433.1	810364	811098		plus	iron-sulfur cluster assembly scaffold protein		92849527	protein-coding		WP_006235554.1	244	GXM19_RS03755
NZ_CP048433.1	811117	812121		plus	GGGtGRT protein		92849528	protein-coding		WP_006235553.1	334	GXM19_RS03760
NZ_CP048433.1	812378	813904		plus	FAD-dependent oxidoreductase		92849529	protein-coding		WP_006235552.1	508	GXM19_RS03765
NZ_CP048433.1	814066	814926		plus	DNA damage-inducible protein D	dinD	92849530	protein-coding		WP_006235551.1	286	GXM19_RS03770
NZ_CP048433.1	815516	816469		minus	endolysin-like domain-containing protein		92849531	protein-coding		WP_006235549.1	317	GXM19_RS03775
NZ_CP048433.1	816473	816748		minus	phage holin		92849532	protein-coding		WP_006235548.1	91	GXM19_RS03780
NZ_CP048433.1	816759	817070		minus	hypothetical protein		92849533	protein-coding		WP_040359427.1	103	GXM19_RS03785
NZ_CP048433.1	817072	817254		minus	XkdX family protein		92849534	protein-coding		WP_006235546.1	60	GXM19_RS03790
NZ_CP048433.1	817254	817580		minus	hypothetical protein		92849535	protein-coding		WP_006235545.1	108	GXM19_RS03795
NZ_CP048433.1	817699	818934		minus	RNA-directed DNA polymerase		92849536	protein-coding		WP_115596203.1	411	GXM19_RS03800
NZ_CP048433.1	819127	819267		minus	uncharacterized gene		99971522	pseudogene				GXM19_RS11280
NZ_CP048433.1	819299	819769		minus	hypothetical protein		92849537	protein-coding		WP_040359424.1	156	GXM19_RS03805
NZ_CP048433.1	819874	820782		minus	DUF6273 domain-containing protein		92849538	protein-coding		WP_193684738.1	302	GXM19_RS03810
NZ_CP048433.1	820792	821430		minus	hypothetical protein		92849539	protein-coding		WP_006235540.1	212	GXM19_RS03815
NZ_CP048433.1	821468	821713		minus	hypothetical protein		92849540	protein-coding		WP_040359421.1	81	GXM19_RS03820
NZ_CP048433.1	821710	823284		minus	phage head spike fiber domain-containing protein		92849541	protein-coding		WP_040359418.1	524	GXM19_RS03825
NZ_CP048433.1	823274	825571		minus	fibronectin type III domain-containing protein		92849542	protein-coding		WP_147293048.1	765	GXM19_RS03830
NZ_CP048433.1	825605	828763		minus	tape measure protein		92849543	protein-coding		WP_040359412.1	1052	GXM19_RS03835
NZ_CP048433.1	828756	829016		minus	hypothetical protein		92849544	protein-coding		WP_040359409.1	86	GXM19_RS03840
NZ_CP048433.1	829124	829513		minus	hypothetical protein		92849545	protein-coding		WP_006235533.1	129	GXM19_RS03845
NZ_CP048433.1	829577	830209		minus	phage tail tube protein		92849546	protein-coding		WP_006235532.1	210	GXM19_RS03850
NZ_CP048433.1	830210	830578		minus	hypothetical protein		92849547	protein-coding		WP_050766146.1	122	GXM19_RS03855
NZ_CP048433.1	830588	830911		minus	hypothetical protein		92849548	protein-coding		WP_006235530.1	107	GXM19_RS03860
NZ_CP048433.1	830904	831098		minus	hypothetical protein		92849549	protein-coding		WP_147293049.1	64	GXM19_RS03865
NZ_CP048433.1	831254	831673		minus	hypothetical protein		92849550	protein-coding		WP_006235527.1	139	GXM19_RS03870
NZ_CP048433.1	831684	832622		minus	hypothetical protein		92849551	protein-coding		WP_006235526.1	312	GXM19_RS03875
NZ_CP048433.1	832636	833196		minus	hypothetical protein		92849552	protein-coding		WP_006235525.1	186	GXM19_RS03880
NZ_CP048433.1	833382	834263		minus	VG15 protein		92849553	protein-coding		WP_040359407.1	293	GXM19_RS03885
NZ_CP048433.1	834260	835684		minus	phage portal protein		92849554	protein-coding		WP_187367070.1	474	GXM19_RS03890
NZ_CP048433.1	835768	837195		minus	DEAD/DEAH box helicase family protein		92849555	protein-coding		WP_050766145.1	475	GXM19_RS03895
NZ_CP048433.1	837203	837586		minus	P27 family phage terminase small subunit		92849556	protein-coding		WP_162010721.1	127	GXM19_RS03900
NZ_CP048433.1	837691	838083		minus	hypothetical protein		92849557	protein-coding		WP_006235520.1	130	GXM19_RS03905
NZ_CP048433.1	838084	838443		minus	hypothetical protein		92849558	protein-coding		WP_040359403.1	119	GXM19_RS03910
NZ_CP048433.1	838457	839467		minus	DUF4417 domain-containing protein		92849559	protein-coding		WP_115596204.1	336	GXM19_RS03915
NZ_CP048433.1	839623	839922		minus	hypothetical protein		92850941	protein-coding		WP_082222942.1	99	GXM19_RS10995
NZ_CP048433.1	840575	841027		minus	helix-turn-helix domain-containing protein		92849560	protein-coding		WP_006235515.1	150	GXM19_RS03925
NZ_CP048433.1	841079	841249		minus	type II toxin-antitoxin system HicA family toxin		92849561	protein-coding		WP_006235514.1	56	GXM19_RS03930
NZ_CP048433.1	841328	841780		minus	sigma factor-like helix-turn-helix DNA-binding protein		92849562	protein-coding		WP_006235513.1	150	GXM19_RS03935
NZ_CP048433.1	841900	842148		minus	hypothetical protein		92849563	protein-coding		WP_006235512.1	82	GXM19_RS03940
NZ_CP048433.1	842270	842590		minus	hypothetical protein		92849564	protein-coding		WP_006235510.1	106	GXM19_RS03945
NZ_CP048433.1	842872	843135		minus	hypothetical protein		92849565	protein-coding		WP_040359394.1	87	GXM19_RS03950
NZ_CP048433.1	843132	843314		minus	hypothetical protein		92849566	protein-coding		WP_006235507.1	60	GXM19_RS03955
NZ_CP048433.1	843314	843601		minus	Trm112 family protein		92849567	protein-coding		WP_006235506.1	95	GXM19_RS03960
NZ_CP048433.1	843676	844260		minus	WDGH domain-containing protein		92849568	protein-coding		WP_050766144.1	194	GXM19_RS03965
NZ_CP048433.1	844245	844451		minus	hypothetical protein		92849569	protein-coding		WP_040359392.1	68	GXM19_RS03970
NZ_CP048433.1	844448	844771		minus	hypothetical protein		92849570	protein-coding		WP_040359389.1	107	GXM19_RS03975
NZ_CP048433.1	844801	845136		minus	hypothetical protein		92849571	protein-coding		WP_006235502.1	111	GXM19_RS03980
NZ_CP048433.1	845133	845834		minus	hypothetical protein		92849572	protein-coding		WP_006235501.1	233	GXM19_RS03985
NZ_CP048433.1	845821	846795		minus	tyrosine-type recombinase/integrase		92849573	protein-coding		WP_239057653.1	324	GXM19_RS03990
NZ_CP048433.1	846779	846952		plus	hypothetical protein		92850953	protein-coding		WP_239057654.1	57	GXM19_RS11075
NZ_CP048433.1	847007	847363		minus	hypothetical protein		92849574	protein-coding		WP_006235499.1	118	GXM19_RS03995
NZ_CP048433.1	847356	848609		minus	ParB/RepB/Spo0J family partition protein		92849575	protein-coding		WP_006235498.1	417	GXM19_RS04000
NZ_CP048433.1	848620	848778		minus	hypothetical protein		92849576	protein-coding		WP_006235497.1	52	GXM19_RS04005
NZ_CP048433.1	848778	849008		minus	hypothetical protein		92849577	protein-coding		WP_006235496.1	76	GXM19_RS04010
NZ_CP048433.1	849330	849794		plus	hypothetical protein		92849578	protein-coding		WP_006235495.1	154	GXM19_RS04015
NZ_CP048433.1	849940	850215		minus	hypothetical protein		92849579	protein-coding		WP_006235493.1	91	GXM19_RS04020
NZ_CP048433.1	850248	850514		minus	hypothetical protein		92849580	protein-coding		WP_006235492.1	88	GXM19_RS04025
NZ_CP048433.1	850552	850779		minus	helix-turn-helix domain-containing protein		92849581	protein-coding		WP_006235491.1	75	GXM19_RS04030
NZ_CP048433.1	850936	851319		plus	helix-turn-helix transcriptional regulator		92849582	protein-coding		WP_006235490.1	127	GXM19_RS04035
NZ_CP048433.1	851343	852347		plus	virulence RhuM family protein	rhuM	92849583	protein-coding		WP_006235489.1	334	GXM19_RS04040
NZ_CP048433.1	852622	853860		plus	site-specific integrase		92849584	protein-coding		WP_006235488.1	412	GXM19_RS04045
NZ_CP048433.1	854020	854095		minus	tRNA-Lys		92849585	tRNA				GXM19_RS04050
NZ_CP048433.1	854139	854214		minus	tRNA-Lys		92849586	tRNA				GXM19_RS04055
NZ_CP048433.1	854237	854313		minus	tRNA-His		92849587	tRNA				GXM19_RS04060
NZ_CP048433.1	854480	855661		plus	pyridoxal phosphate-dependent aminotransferase		92849588	protein-coding		WP_006235487.1	393	GXM19_RS04065
NZ_CP048433.1	855803	856693		plus	ROK family protein		92849589	protein-coding		WP_006235486.1	296	GXM19_RS04070
NZ_CP048433.1	856808	857257		minus	VanZ family protein		92849590	protein-coding		WP_006235485.1	149	GXM19_RS04075
NZ_CP048433.1	857265	858665		minus	hypothetical protein		92849591	protein-coding		WP_040359381.1	466	GXM19_RS04080
NZ_CP048433.1	858979	861552		minus	transcription termination factor Rho	rho	92849592	protein-coding		WP_239057655.1	857	GXM19_RS04085
NZ_CP048433.1	862082	863935		minus	arginine--tRNA ligase	argS	92849593	protein-coding		WP_006235481.1	617	GXM19_RS04090
NZ_CP048433.1	864278	864763		plus	CarD family transcriptional regulator		92849594	protein-coding		WP_006235480.1	161	GXM19_RS04095
NZ_CP048433.1	864872	865471		plus	HD domain-containing protein		92849595	protein-coding		WP_006235479.1	199	GXM19_RS04100
NZ_CP048433.1	865542	866828		minus	glutamate-5-semialdehyde dehydrogenase		92849596	protein-coding		WP_006235477.1	428	GXM19_RS04105
NZ_CP048433.1	866941	868359		plus	alpha/beta fold hydrolase		92849597	protein-coding		WP_040359379.1	472	GXM19_RS04110
NZ_CP048433.1	868459	869586		minus	glutamate 5-kinase	proB	92849598	protein-coding		WP_006235475.1	375	GXM19_RS04115
NZ_CP048433.1	869666	871171		minus	nicotinate phosphoribosyltransferase		92849599	protein-coding		WP_006235474.1	501	GXM19_RS04120
NZ_CP048433.1	871256	871714		minus	hypothetical protein		92849600	protein-coding		WP_006235473.1	152	GXM19_RS04125
NZ_CP048433.1	871779	871851		minus	tRNA-Ala		92849601	tRNA				GXM19_RS04130
NZ_CP048433.1	872002	872940		minus	radical SAM protein		92849602	protein-coding		WP_006235472.1	312	GXM19_RS04135
NZ_CP048433.1	873466	874665		plus	MraY family glycosyltransferase		92849603	protein-coding		WP_006235471.1	399	GXM19_RS04140
NZ_CP048433.1	874825	875874		plus	tryptophan--tRNA ligase	trpS	92849604	protein-coding		WP_006235470.1	349	GXM19_RS04145
NZ_CP048433.1	876257	876577		minus	MGMT family protein		92849605	protein-coding		WP_040359378.1	106	GXM19_RS04150
NZ_CP048433.1	876715	877569		minus	DegV family protein		92849606	protein-coding		WP_006235468.1	284	GXM19_RS04155
NZ_CP048433.1	877689	878138		minus	MarR family winged helix-turn-helix transcriptional regulator		92849607	protein-coding		WP_006235467.1	149	GXM19_RS04160
NZ_CP048433.1	878309	879028		minus	B3/B4 domain-containing protein		92849608	protein-coding		WP_006235466.1	239	GXM19_RS04165
NZ_CP048433.1	879253	880923		minus	phosphoenolpyruvate carboxykinase (ATP)	pckA	92849609	protein-coding		WP_006235465.1	556	GXM19_RS04170
NZ_CP048433.1	881175	882746		minus	L-lactate permease		92849610	protein-coding		WP_006235464.1	523	GXM19_RS04175
NZ_CP048433.1	882926	884500		plus	lipopolysaccharide biosynthesis protein		92849611	protein-coding		WP_115596207.1	524	GXM19_RS04180
NZ_CP048433.1	884817	885656		minus	metallophosphoesterase family protein		92849612	protein-coding		WP_006235462.1	279	GXM19_RS04185
NZ_CP048433.1	885910	887511		plus	potassium/proton antiporter		92849613	protein-coding		WP_006235461.1	533	GXM19_RS04190
NZ_CP048433.1	887928	888605		plus	DUF3800 domain-containing protein		92849614	protein-coding		WP_006235460.1	225	GXM19_RS04195
NZ_CP048433.1	888613	888825		minus	hypothetical protein		92849615	protein-coding		WP_006235459.1	70	GXM19_RS04200
NZ_CP048433.1	888853	890217		minus	hypothetical protein		92849616	protein-coding		WP_006235458.1	454	GXM19_RS04205
NZ_CP048433.1	890294	892660		minus	protease Lon-related BREX system protein BrxL	brxL	92849617	protein-coding		WP_006235457.1	788	GXM19_RS04210
NZ_CP048433.1	892672	895380		minus	BREX-1 system phosphatase PglZ type A	pglZ	92849618	protein-coding		WP_006235456.1	902	GXM19_RS04215
NZ_CP048433.1	895404	896372		minus	BREX-1 system adenine-specific DNA-methyltransferase PglX		92849619	protein-coding		WP_006235455.1	322	GXM19_RS04220
NZ_CP048433.1	896494	897150		minus	hypothetical protein		92849620	protein-coding		WP_147293052.1	218	GXM19_RS04225
NZ_CP048433.1	897160	899652		minus	BREX-1 system adenine-specific DNA-methyltransferase PglX	pglX	92849621	protein-coding		WP_006235453.1	830	GXM19_RS04230
NZ_CP048433.1	899719	903381		minus	BREX system P-loop protein BrxC	brxC	92849622	protein-coding		WP_006235452.1	1220	GXM19_RS04235
NZ_CP048433.1	903460	904152		minus	DUF1788 domain-containing protein		92849623	protein-coding		WP_050766143.1	230	GXM19_RS04240
NZ_CP048433.1	904154	904804		minus	BrxA family protein		92849624	protein-coding		WP_040359370.1	216	GXM19_RS04245
NZ_CP048433.1	905146	905319		plus	hypothetical protein		92849625	protein-coding		WP_155813826.1	57	GXM19_RS04250
NZ_CP048433.1	905451	906575		plus	3-phosphoserine/phosphohydroxythreonine transaminase	serC	92849626	protein-coding		WP_006235447.1	374	GXM19_RS04255
NZ_CP048433.1	906645	907808		plus	phosphoglycerate dehydrogenase		92849627	protein-coding		WP_006235446.1	387	GXM19_RS04260
NZ_CP048433.1	907986	909206		plus	M20 family metallopeptidase		92849628	protein-coding		WP_006235445.1	406	GXM19_RS04265
NZ_CP048433.1	909246	909929		plus	DUF1015 family protein		92849629	protein-coding		WP_006235444.1	227	GXM19_RS04270
NZ_CP048433.1	910059	910694		minus	histidine phosphatase family protein		92849630	protein-coding		WP_006235443.1	211	GXM19_RS04275
NZ_CP048433.1	910712	911254		minus	histidine phosphatase family protein		92849631	protein-coding		WP_040359466.1	180	GXM19_RS04280
NZ_CP048433.1	911338	912009		minus	nitroreductase family protein		92849632	protein-coding		WP_006235441.1	223	GXM19_RS04285
NZ_CP048433.1	912245	912847		plus	HdeD family acid-resistance protein		92849633	protein-coding		WP_006235440.1	200	GXM19_RS04290
NZ_CP048433.1	912848	913330		plus	YaiI/YqxD family protein		92849634	protein-coding		WP_006235439.1	160	GXM19_RS04295
NZ_CP048433.1	913497	914585		minus	putative manganese transporter		92849635	protein-coding		WP_006235438.1	362	GXM19_RS04300
NZ_CP048433.1	914758	915726		plus	3'-5' exonuclease		92849636	protein-coding		WP_006235437.1	322	GXM19_RS04305
NZ_CP048433.1	915984	917318		minus	IS256 family transposase		92849637	protein-coding		WP_006235436.1	444	GXM19_RS04310
NZ_CP048433.1	917878	918999		plus	hypothetical protein		92849638	protein-coding		WP_006235435.1	373	GXM19_RS04315
NZ_CP048433.1	919410	919754		plus	ArsR/SmtB family transcription factor		92849639	protein-coding		WP_050766151.1	114	GXM19_RS04320
NZ_CP048433.1	919818	920036		plus	cation transporter		92849640	protein-coding		WP_006235433.1	72	GXM19_RS04325
NZ_CP048433.1	920137	922089		plus	heavy metal translocating P-type ATPase		92849641	protein-coding		WP_006235432.1	650	GXM19_RS04330
NZ_CP048433.1	922369	922758		minus	metal-dependent transcriptional regulator		92849642	protein-coding		WP_006235431.1	129	GXM19_RS04335
NZ_CP048433.1	922946	923716		minus	Cof-type HAD-IIB family hydrolase		92849643	protein-coding		WP_006235430.1	256	GXM19_RS04340
NZ_CP048433.1	923723	925582		minus	ABC-F family ATP-binding cassette domain-containing protein		92849644	protein-coding		WP_006235429.1	619	GXM19_RS04345
NZ_CP048433.1	925746	926618		minus	phosphate ABC transporter ATP-binding protein PstB	pstB	92849645	protein-coding		WP_006235428.1	290	GXM19_RS04350
NZ_CP048433.1	926615	927541		minus	phosphate ABC transporter permease PstA	pstA	92849646	protein-coding		WP_239057656.1	308	GXM19_RS04355
NZ_CP048433.1	927534	928442		minus	phosphate ABC transporter permease subunit PstC	pstC	92849647	protein-coding		WP_006235426.1	302	GXM19_RS04360
NZ_CP048433.1	928467	929408		minus	phosphate ABC transporter substrate-binding protein		92849648	protein-coding		WP_040359365.1	313	GXM19_RS04365
NZ_CP048433.1	929651	930355		minus	transposase		92850983	protein-coding		WP_082222940.1	234	GXM19_RS11245
NZ_CP048433.1	930259	931400		minus	IS3 family transposase		92849649	protein-coding		WP_370448105.1	380	GXM19_RS04375
NZ_CP048433.1	931573	932277		minus	uncharacterized gene		92850954	pseudogene				GXM19_RS11080
NZ_CP048433.1	932477	933913		minus	M20 family metallopeptidase		92849651	protein-coding		WP_006235423.1	478	GXM19_RS04385
NZ_CP048433.1	933968	934630		minus	HAD hydrolase-like protein		92849652	protein-coding		WP_239057657.1	220	GXM19_RS04390
NZ_CP048433.1	934787	935647		plus	DegV family protein		92849653	protein-coding		WP_006235421.1	286	GXM19_RS04395
NZ_CP048433.1	935741	936049		minus	type II toxin-antitoxin system RelE/ParE family toxin		92849654	protein-coding		WP_006235420.1	102	GXM19_RS04400
NZ_CP048433.1	936052	936351		minus	type II toxin-antitoxin system RelB/DinJ family antitoxin		92849655	protein-coding		WP_040359362.1	99	GXM19_RS04405
NZ_CP048433.1	936466	937224		minus	LOG family protein		92849656	protein-coding		WP_006235418.1	252	GXM19_RS04410
NZ_CP048433.1	937438	938577		minus	tRNA guanosine(34) transglycosylase Tgt	tgt	92849657	protein-coding		WP_006235417.1	379	GXM19_RS04415
NZ_CP048433.1	938990	939532		plus	IS110 family transposase		92849658	protein-coding		WP_050766167.1	180	GXM19_RS04420
NZ_CP048433.1	939522	940295		minus	IS21-like element helper ATPase IstB	istB	92849659	protein-coding		WP_006234495.1	257	GXM19_RS04425
NZ_CP048433.1	940295	941527		minus	IS21 family transposase	istA	92849660	protein-coding		WP_006234496.1	410	GXM19_RS04430
NZ_CP048433.1	941778	942137		plus	IS110 family transposase		92849661	protein-coding		WP_050766140.1	119	GXM19_RS04435
NZ_CP048433.1	942373	943173		minus	SDR family NAD(P)-dependent oxidoreductase		92849662	protein-coding		WP_006235414.1	266	GXM19_RS04440
NZ_CP048433.1	943468	945213		plus	coiled-coil domain-containing protein		92849663	protein-coding		WP_040359361.1	581	GXM19_RS04445
NZ_CP048433.1	945393	946505		plus	IS110 family RNA-guided transposase		92849664	protein-coding		WP_239057658.1	370	GXM19_RS04450
NZ_CP048433.1	946620	947777		minus	IS110 family RNA-guided transposase		92849665	protein-coding		WP_225093533.1	385	GXM19_RS04455
NZ_CP048433.1	948570	949781		minus	tRNA preQ1(34) S-adenosylmethionine ribosyltransferase-isomerase QueA	queA	92849666	protein-coding		WP_006235409.1	403	GXM19_RS04460
NZ_CP048433.1	949852	950427		minus	epoxyqueuosine reductase QueH		92849667	protein-coding		WP_040359283.1	191	GXM19_RS04465
NZ_CP048433.1	950438	951004		minus	DUF3267 domain-containing protein		92849668	protein-coding		WP_006235407.1	188	GXM19_RS04470
NZ_CP048433.1	951137	953287		plus	methionine--tRNA ligase		92849669	protein-coding		WP_040359280.1	716	GXM19_RS04475
NZ_CP048433.1	953347	954450		plus	RsmB/NOP family class I SAM-dependent RNA methyltransferase		92849670	protein-coding		WP_006235404.1	367	GXM19_RS04480
NZ_CP048433.1	954475	954645		minus	hypothetical protein		92849671	protein-coding		WP_006235403.1	56	GXM19_RS04485
NZ_CP048433.1	954837	955928		plus	beta/alpha barrel domain-containing protein		92849672	protein-coding		WP_006235402.1	363	GXM19_RS04490
NZ_CP048433.1	956010	956900		minus	DegV family protein		92849673	protein-coding		WP_040359278.1	296	GXM19_RS04495
NZ_CP048433.1	957221	959137		plus	fructose-bisphosphatase class III		92849674	protein-coding		WP_006235399.1	638	GXM19_RS04500
NZ_CP048433.1	959216	959611		plus	GtrA family protein		92849675	protein-coding		WP_006235398.1	131	GXM19_RS04505
NZ_CP048433.1	959830	960237		plus	GtrA family protein		92849676	protein-coding		WP_022095123.1	135	GXM19_RS04510
NZ_CP048433.1	960397	961299		minus	DUF4430 domain-containing protein		92849677	protein-coding		WP_006235395.1	300	GXM19_RS04515
NZ_CP048433.1	961289	965149		minus	DUF4430 domain-containing protein		92849678	protein-coding		WP_040359274.1	1286	GXM19_RS04520
NZ_CP048433.1	965581	967344		minus	ABC1 kinase family protein		92849679	protein-coding		WP_006235393.1	587	GXM19_RS04525
NZ_CP048433.1	967353	967769		minus	hypothetical protein		92849680	protein-coding		WP_006235392.1	138	GXM19_RS04530
NZ_CP048433.1	967869	969392		minus	C69 family dipeptidase		92849681	protein-coding		WP_040359271.1	507	GXM19_RS04535
NZ_CP048433.1	969700	971034		plus	IS256 family transposase		92849682	protein-coding		WP_006235436.1	444	GXM19_RS04540
NZ_CP048433.1	971272	972126		minus	bifunctional 5,10-methylenetetrahydrofolate dehydrogenase/5,10-methenyltetrahydrofolate cyclohydrolase		92849683	protein-coding		WP_006235389.1	284	GXM19_RS04545
NZ_CP048433.1	972129	972761		minus	cyclodeaminase/cyclohydrolase family protein		92849684	protein-coding		WP_006235388.1	210	GXM19_RS04550
NZ_CP048433.1	973139	973738		plus	hypothetical protein		92849685	protein-coding		WP_040359268.1	199	GXM19_RS04555
NZ_CP048433.1	973981	974574		plus	hypothetical protein		92849686	protein-coding		WP_006235386.1	197	GXM19_RS04560
NZ_CP048433.1	974881	975549		plus	hypothetical protein		92849687	protein-coding		WP_006235384.1	222	GXM19_RS04565
NZ_CP048433.1	975586	977352		plus	phosphatidylinositol-specific phospholipase C		92849688	protein-coding		WP_006235383.1	588	GXM19_RS04570
NZ_CP048433.1	977522	977791		minus	hypothetical protein		92849689	protein-coding		WP_006235382.1	89	GXM19_RS04575
NZ_CP048433.1	977960	979009		plus	PDDEXK nuclease domain-containing protein		92849690	protein-coding		WP_006235381.1	349	GXM19_RS04580
NZ_CP048433.1	979073	979861		plus	ADP-ribosylglycohydrolase family protein		92849691	protein-coding		WP_006235380.1	262	GXM19_RS04585
NZ_CP048433.1	980218	981555		minus	TFIIB-type zinc ribbon-containing protein		92849692	protein-coding		WP_006235379.1	445	GXM19_RS04590
NZ_CP048433.1	981773	982954		plus	cation diffusion facilitator family transporter		92849693	protein-coding		WP_006235378.1	393	GXM19_RS04595
NZ_CP048433.1	982973	983959		minus	hypothetical protein		92849694	protein-coding		WP_006235377.1	328	GXM19_RS04600
NZ_CP048433.1	984141	985808		minus	formate--tetrahydrofolate ligase		92849695	protein-coding		WP_006235376.1	555	GXM19_RS04605
NZ_CP048433.1	985955	987022		minus	Holliday junction branch migration DNA helicase RuvB	ruvB	92849696	protein-coding		WP_006235375.1	355	GXM19_RS04610
NZ_CP048433.1	987022	987642		minus	Holliday junction branch migration protein RuvA	ruvA	92849697	protein-coding		WP_006235374.1	206	GXM19_RS04615
NZ_CP048433.1	987642	988163		minus	crossover junction endodeoxyribonuclease RuvC	ruvC	92849698	protein-coding		WP_035137351.1	173	GXM19_RS04620
NZ_CP048433.1	988444	990429		minus	NAD(+) synthetase		92849699	protein-coding		WP_006235372.1	661	GXM19_RS04625
NZ_CP048433.1	990547	990909		minus	desulfoferrodoxin family protein		92849700	protein-coding		WP_040359260.1	120	GXM19_RS04630
NZ_CP048433.1	991060	994524		minus	DEAD/DEAH box helicase		92849701	protein-coding		WP_040359258.1	1154	GXM19_RS04635
NZ_CP048433.1	994659	998462		minus	DNA polymerase III subunit alpha	dnaE	92849702	protein-coding		WP_006235369.1	1267	GXM19_RS04640
NZ_CP048433.1	998639	1002271		minus	UvrD-helicase domain-containing protein		92849703	protein-coding		WP_006235368.1	1210	GXM19_RS04645
NZ_CP048433.1	1002275	1005373		minus	PD-(D/E)XK nuclease family protein		92849704	protein-coding		WP_006235367.1	1032	GXM19_RS04650
NZ_CP048433.1	1005594	1005893		minus	YerC/YecD family TrpR-related protein		92849705	protein-coding		WP_006235366.1	99	GXM19_RS04655
NZ_CP048433.1	1006219	1006584		plus	phage holin family protein		92849706	protein-coding		WP_006235365.1	121	GXM19_RS04660
NZ_CP048433.1	1006727	1007155		minus	RrF2 family transcriptional regulator		92849707	protein-coding		WP_006235363.1	142	GXM19_RS04665
NZ_CP048433.1	1007409	1008347		plus	cysteine synthase A	cysK	92849708	protein-coding		WP_006235362.1	312	GXM19_RS04670
NZ_CP048433.1	1008310	1009629		plus	tRNA 2-thiouridine(34) synthase MnmA	mnmA	92849709	protein-coding		WP_256637907.1	439	GXM19_RS04675
NZ_CP048433.1	1009782	1011155		plus	DNA-binding protein		92849710	protein-coding		WP_147293053.1	457	GXM19_RS04680
NZ_CP048433.1	1011291	1012334		minus	M42 family metallopeptidase		92849711	protein-coding		WP_006235358.1	347	GXM19_RS04685
NZ_CP048433.1	1012939	1014105		minus	lactaldehyde reductase	fucO	92849712	protein-coding		WP_006235357.1	388	GXM19_RS04690
NZ_CP048433.1	1014518	1015057		plus	LURP-one-related/scramblase family protein		92849713	protein-coding		WP_006235355.1	179	GXM19_RS04695
NZ_CP048433.1	1015137	1015856		minus	YoaK family protein		92849714	protein-coding		WP_006235354.1	239	GXM19_RS04700
NZ_CP048433.1	1016107	1018248		plus	YgiQ family radical SAM protein		92849715	protein-coding		WP_239057659.1	713	GXM19_RS04705
NZ_CP048433.1	1018245	1019165		minus	CPBP family intramembrane glutamic endopeptidase		92849716	protein-coding		WP_006235352.1	306	GXM19_RS04710
NZ_CP048433.1	1019254	1019457		minus	type II toxin-antitoxin system RelB/DinJ family antitoxin		92849717	protein-coding		WP_006235351.1	67	GXM19_RS04715
NZ_CP048433.1	1019684	1021060		minus	ATP-binding cassette domain-containing protein		92849718	protein-coding		WP_147293054.1	458	GXM19_RS04720
NZ_CP048433.1	1021064	1022119		minus	ABC transporter substrate-binding protein		92849719	protein-coding		WP_006235349.1	351	GXM19_RS04725
NZ_CP048433.1	1022122	1023933		minus	NADH-dependent [FeFe] hydrogenase, group A6		92849720	protein-coding		WP_006235348.1	603	GXM19_RS04730
NZ_CP048433.1	1023927	1025759		minus	NAD(P)-binding protein		92849721	protein-coding		WP_040359255.1	610	GXM19_RS04735
NZ_CP048433.1	1026016	1027398		minus	6-phospho-alpha-glucosidase		92849722	protein-coding		WP_006235346.1	460	GXM19_RS04740
NZ_CP048433.1	1027402	1029018		minus	PTS transporter subunit EIIC		92849723	protein-coding		WP_006235345.1	538	GXM19_RS04745
NZ_CP048433.1	1029118	1029972		minus	PRD domain-containing protein		92849724	protein-coding		WP_040359314.1	284	GXM19_RS04750
NZ_CP048433.1	1029991	1030503		minus	PTS sugar transporter subunit IIA		92849725	protein-coding		WP_050766136.1	170	GXM19_RS04755
NZ_CP048433.1	1030873	1031382		plus	helix-turn-helix domain-containing protein		92850955	protein-coding		WP_006234611.1	169	GXM19_RS11085
NZ_CP048433.1	1031325	1032230		plus	IS3 family transposase		92849726	protein-coding		WP_082222915.1	301	GXM19_RS04765
NZ_CP048433.1	1032313	1033074		minus	4Fe-4S binding protein		92849727	protein-coding		WP_006235342.1	253	GXM19_RS04770
NZ_CP048433.1	1033731	1035980		minus	DEAD/DEAH box helicase		92849728	protein-coding		WP_006235340.1	749	GXM19_RS04775
NZ_CP048433.1	1036541	1038883		plus	heavy metal translocating P-type ATPase		92849729	protein-coding		WP_006235339.1	780	GXM19_RS04780
NZ_CP048433.1	1039031	1039252		plus	heavy-metal-associated domain-containing protein		92849730	protein-coding		WP_006235338.1	73	GXM19_RS04785
NZ_CP048433.1	1039388	1039660		plus	metal-sensing transcriptional repressor		92849731	protein-coding		WP_006235337.1	90	GXM19_RS04790
NZ_CP048433.1	1039748	1040257		plus	helix-turn-helix domain-containing protein		92850956	protein-coding		WP_006234481.1	169	GXM19_RS11090
NZ_CP048433.1	1040200	1041105		plus	IS3 family transposase		92849732	protein-coding		WP_082222915.1	301	GXM19_RS04800
NZ_CP048433.1	1041222	1041695		plus	hypothetical protein		92849733	protein-coding		WP_006235336.1	157	GXM19_RS04805
NZ_CP048433.1	1041829	1043232		minus	amidohydrolase family protein		92849734	protein-coding		WP_006235335.1	467	GXM19_RS04810
NZ_CP048433.1	1043443	1044150		minus	hypothetical protein		92849735	protein-coding		WP_006235333.1	235	GXM19_RS04815
NZ_CP048433.1	1044566	1046047		minus	glutamate synthase subunit beta		92849736	protein-coding		WP_006235332.1	493	GXM19_RS04820
NZ_CP048433.1	1046053	1050750		minus	glutamate synthase large subunit	gltB	92849737	protein-coding		WP_006235330.1	1565	GXM19_RS04825
NZ_CP048433.1	1051272	1052528		plus	Nramp family divalent metal transporter		92849738	protein-coding		WP_006235328.1	418	GXM19_RS04830
NZ_CP048433.1	1052682	1052825		minus	rubredoxin-like domain-containing protein		92849739	protein-coding		WP_006235327.1	47	GXM19_RS04835
NZ_CP048433.1	1052915	1053418		minus	flavin reductase family protein		92849740	protein-coding		WP_040359251.1	167	GXM19_RS04840
NZ_CP048433.1	1053625	1054095		minus	SsrA-binding protein SmpB	smpB	92849741	protein-coding		WP_006235325.1	156	GXM19_RS04845
NZ_CP048433.1	1054085	1055002		minus	tetratricopeptide repeat protein		92849742	protein-coding		WP_006235324.1	305	GXM19_RS04850
NZ_CP048433.1	1055097	1055173		minus	tRNA-Glu		92849743	tRNA				GXM19_RS04855
NZ_CP048433.1	1055191	1055264		minus	tRNA-Gln		92849744	tRNA				GXM19_RS04860
NZ_CP048433.1	1055541	1055951		plus	hypothetical protein		92849745	protein-coding		WP_006235322.1	136	GXM19_RS04865
NZ_CP048433.1	1056024	1056383		minus	arsenate reductase family protein		92849746	protein-coding		WP_006235321.1	119	GXM19_RS04870
NZ_CP048433.1	1056476	1057528		minus	MupG family TIM beta-alpha barrel fold protein		92849747	protein-coding		WP_040359248.1	350	GXM19_RS04875
NZ_CP048433.1	1057646	1059076		minus	PTS transporter subunit EIIC		92849748	protein-coding		WP_006235318.1	476	GXM19_RS04880
NZ_CP048433.1	1059134	1060057		minus	N-acetylmuramic acid 6-phosphate etherase	murQ	92849749	protein-coding		WP_006235317.1	307	GXM19_RS04885
NZ_CP048433.1	1060068	1060919		minus	MurR/RpiR family transcriptional regulator		92849750	protein-coding		WP_006235316.1	283	GXM19_RS04890
NZ_CP048433.1	1061124	1061705		minus	VanZ family protein		92849751	protein-coding		WP_050766135.1	193	GXM19_RS04895
NZ_CP048433.1	1061810	1062415		minus	recombinase family protein		92849752	protein-coding		WP_006235313.1	201	GXM19_RS04900
NZ_CP048433.1	1062592	1064727		minus	ribonuclease R family protein		92849753	protein-coding		WP_006235312.1	711	GXM19_RS04905
NZ_CP048433.1	1064863	1065783		minus	permease-like cell division protein FtsX	ftsX	92849754	protein-coding		WP_006235311.1	306	GXM19_RS04910
NZ_CP048433.1	1065770	1066990		minus	cell division ATP-binding protein FtsE	ftsE	92849755	protein-coding		WP_040359244.1	406	GXM19_RS04915
NZ_CP048433.1	1067494	1068435		minus	transketolase family protein		92849756	protein-coding		WP_006235309.1	313	GXM19_RS04920
NZ_CP048433.1	1068437	1069267		minus	transketolase		92849757	protein-coding		WP_006235308.1	276	GXM19_RS04925
NZ_CP048433.1	1069475	1070365		minus	YitT family protein		92849758	protein-coding		WP_006235307.1	296	GXM19_RS04930
NZ_CP048433.1	1070533	1071681		minus	peptide chain release factor 2	prfB	92849759	protein-coding		WP_006235305.1	382	GXM19_RS04935
NZ_CP048433.1	1071681	1074488		minus	preprotein translocase subunit SecA	secA	92849760	protein-coding		WP_040359241.1	935	GXM19_RS04940
NZ_CP048433.1	1074836	1075261		minus	50S ribosomal protein L31	rpmE	92849761	protein-coding		WP_006235303.1	141	GXM19_RS04945
NZ_CP048433.1	1075629	1075973		minus	hypothetical protein		92849762	protein-coding		WP_006235302.1	114	GXM19_RS04950
NZ_CP048433.1	1075975	1077789		minus	ABC transporter ATP-binding protein		92849763	protein-coding		WP_006235301.1	604	GXM19_RS04955
NZ_CP048433.1	1077943	1078683		minus	ABC transporter ATP-binding protein		92849764	protein-coding		WP_162010718.1	246	GXM19_RS04960
NZ_CP048433.1	1078689	1080911		minus	hypothetical protein		92849765	protein-coding		WP_040359233.1	740	GXM19_RS04965
NZ_CP048433.1	1081047	1081559		plus	DUF2975 domain-containing protein		92849766	protein-coding		WP_006235293.1	170	GXM19_RS04970
NZ_CP048433.1	1081569	1081820		plus	helix-turn-helix domain-containing protein		92849767	protein-coding		WP_006235292.1	83	GXM19_RS04975
NZ_CP048433.1	1081839	1082546		plus	site-specific integrase		92849768	protein-coding		WP_256637912.1	235	GXM19_RS04980
NZ_CP048433.1	1082943	1083230		plus	ACT domain-containing protein		92849769	protein-coding		WP_006235289.1	95	GXM19_RS04985
NZ_CP048433.1	1083308	1084726		plus	citrate synthase		92849770	protein-coding		WP_006235288.1	472	GXM19_RS04990
NZ_CP048433.1	1084814	1085656		plus	Cof-type HAD-IIB family hydrolase		92849771	protein-coding		WP_006235287.1	280	GXM19_RS04995
NZ_CP048433.1	1085764	1086558		minus	Cof-type HAD-IIB family hydrolase		92849772	protein-coding		WP_006235286.1	264	GXM19_RS05000
NZ_CP048433.1	1086765	1088585		minus	adenine deaminase		92849773	protein-coding		WP_006235285.1	606	GXM19_RS05005
NZ_CP048433.1	1088971	1090182		minus	tyrosine--tRNA ligase	tyrS	92849774	protein-coding		WP_006235283.1	403	GXM19_RS05010
NZ_CP048433.1	1090279	1092237		minus	U32 family peptidase		92849775	protein-coding		WP_006235282.1	652	GXM19_RS05015
NZ_CP048433.1	1092400	1094649		plus	transglycosylase domain-containing protein		92849776	protein-coding		WP_006235281.1	749	GXM19_RS05020
NZ_CP048433.1	1094840	1095277		minus	arginine repressor		92849777	protein-coding		WP_006235280.1	145	GXM19_RS05025
NZ_CP048433.1	1095410	1096408		minus	glycosyltransferase family 2 protein		92849778	protein-coding		WP_147293055.1	332	GXM19_RS05030
NZ_CP048433.1	1096612	1097436		minus	tRNA pseudouridine(38-40) synthase TruA	truA	92849779	protein-coding		WP_006235278.1	274	GXM19_RS05035
NZ_CP048433.1	1097529	1097996		minus	50S ribosomal protein L17	rplQ	92849780	protein-coding		WP_006235277.1	155	GXM19_RS05040
NZ_CP048433.1	1098027	1098968		minus	DNA-directed RNA polymerase subunit alpha		92849781	protein-coding		WP_006235276.1	313	GXM19_RS05045
NZ_CP048433.1	1099001	1099597		minus	30S ribosomal protein S4	rpsD	92849782	protein-coding		WP_006235275.1	198	GXM19_RS05050
NZ_CP048433.1	1099617	1100021		minus	30S ribosomal protein S11	rpsK	92849783	protein-coding		WP_006235274.1	134	GXM19_RS05055
NZ_CP048433.1	1100036	1100410		minus	30S ribosomal protein S13	rpsM	92849784	protein-coding		WP_022094275.1	124	GXM19_RS05060
NZ_CP048433.1	1100425	1100538		minus	50S ribosomal protein L36	rpmJ	92849785	protein-coding		WP_006363204.1	37	GXM19_RS05065
NZ_CP048433.1	1100689	1100907		minus	translation initiation factor IF-1	infA	92849786	protein-coding		WP_035137443.1	72	GXM19_RS05070
NZ_CP048433.1	1101012	1101800		minus	type I methionyl aminopeptidase	map	92849787	protein-coding		WP_006235270.1	262	GXM19_RS05075
NZ_CP048433.1	1101797	1102423		minus	adenylate kinase		92849788	protein-coding		WP_006235269.1	208	GXM19_RS05080
NZ_CP048433.1	1102442	1103728		minus	preprotein translocase subunit SecY	secY	92849789	protein-coding		WP_035137447.1	428	GXM19_RS05085
NZ_CP048433.1	1103722	1104171		minus	50S ribosomal protein L15	rplO	92849790	protein-coding		WP_006235267.1	149	GXM19_RS05090
NZ_CP048433.1	1104175	1104357		minus	50S ribosomal protein L30	rpmD	92849791	protein-coding		WP_006235266.1	60	GXM19_RS05095
NZ_CP048433.1	1104360	1104884		minus	30S ribosomal protein S5	rpsE	92849792	protein-coding		WP_006235265.1	174	GXM19_RS05100
NZ_CP048433.1	1104899	1105267		minus	50S ribosomal protein L18	rplR	92849793	protein-coding		WP_006235264.1	122	GXM19_RS05105
NZ_CP048433.1	1105343	1105879		minus	50S ribosomal protein L6	rplF	92849794	protein-coding		WP_006235263.1	178	GXM19_RS05110
NZ_CP048433.1	1105913	1106311		minus	30S ribosomal protein S8	rpsH	92849795	protein-coding		WP_006235262.1	132	GXM19_RS05115
NZ_CP048433.1	1106431	1106616		minus	type Z 30S ribosomal protein S14		92849796	protein-coding		WP_022094280.1	61	GXM19_RS05120
NZ_CP048433.1	1106696	1107253		minus	50S ribosomal protein L5	rplE	92849797	protein-coding		WP_006235260.1	185	GXM19_RS05125
NZ_CP048433.1	1107565	1108608		minus	XdhC family protein		92849798	protein-coding		WP_006235259.1	347	GXM19_RS05130
NZ_CP048433.1	1108618	1109412		minus	selenium-dependent molybdenum cofactor biosynthesis protein YqeB	yqeB	92849799	protein-coding		WP_006235258.1	264	GXM19_RS05135
NZ_CP048433.1	1109515	1110249		plus	selenium cofactor biosynthesis protein YqeC	yqeC	92849800	protein-coding		WP_006235257.1	244	GXM19_RS05140
NZ_CP048433.1	1110359	1111726		minus	dihydropyrimidinase	hydA	92849801	protein-coding		WP_006235256.1	455	GXM19_RS05145
NZ_CP048433.1	1111736	1112350		minus	nucleotidyltransferase family protein		92849802	protein-coding		WP_006235255.1	204	GXM19_RS05150
NZ_CP048433.1	1112502	1113704		minus	knotted carbamoyltransferase YgeW	ygeW	92849803	protein-coding		WP_006235254.1	400	GXM19_RS05155
NZ_CP048433.1	1113907	1115292		minus	YgeY family selenium metabolism-linked hydrolase		92849804	protein-coding		WP_006235253.1	461	GXM19_RS05160
NZ_CP048433.1	1115367	1116581		minus	diaminopropionate ammonia-lyase	dpaL	92849805	protein-coding		WP_006235252.1	404	GXM19_RS05165
NZ_CP048433.1	1116859	1117512		plus	helix-turn-helix transcriptional regulator		92849806	protein-coding		WP_040359230.1	217	GXM19_RS05170
NZ_CP048433.1	1117636	1118598		plus	hypothetical protein		92849807	protein-coding		WP_040359227.1	320	GXM19_RS05175
NZ_CP048433.1	1118757	1119029		plus	hypothetical protein		92849808	protein-coding		WP_147293056.1	90	GXM19_RS05180
NZ_CP048433.1	1119097	1121220		minus	DUF262 and DUF1524 domain-containing protein		92849809	protein-coding		WP_006235248.1	707	GXM19_RS05185
NZ_CP048433.1	1121407	1122801		plus	restriction endonuclease subunit S		92849810	protein-coding		WP_147293057.1	464	GXM19_RS05190
NZ_CP048433.1	1122835	1123629		plus	tyrosine-type recombinase/integrase		92849811	protein-coding		WP_006235246.1	264	GXM19_RS05195
NZ_CP048433.1	1123881	1125134		plus	IS21 family transposase	istA	92849812	protein-coding		WP_006235233.1	417	GXM19_RS05200
NZ_CP048433.1	1125131	1125958		plus	ATP-binding protein		92849813	protein-coding		WP_006235234.1	275	GXM19_RS05205
NZ_CP048433.1	1126044	1127606		minus	restriction endonuclease subunit S		92849814	protein-coding		WP_006235245.1	520	GXM19_RS05210
NZ_CP048433.1	1127607	1129085		minus	class I SAM-dependent DNA methyltransferase		92849815	protein-coding		WP_006235244.1	492	GXM19_RS05215
NZ_CP048433.1	1129105	1130511		minus	uncharacterized gene	hsdR	92849816	pseudogene				GXM19_RS05220
NZ_CP048433.1	1130622	1131308		plus	IS256 family transposase		92849817	protein-coding		WP_006235241.1	228	GXM19_RS05225
NZ_CP048433.1	1131404	1132177		minus	IS21-like element helper ATPase IstB	istB	92849818	protein-coding		WP_006234495.1	257	GXM19_RS05230
NZ_CP048433.1	1132177	1133409		minus	IS21 family transposase	istA	92849819	protein-coding		WP_006234496.1	410	GXM19_RS05235
NZ_CP048433.1	1133606	1134217		plus	transposase		92849820	protein-coding		WP_239057661.1	203	GXM19_RS05240
NZ_CP048433.1	1134242	1135210		minus	DEAD/DEAH box helicase family protein		92849821	protein-coding		WP_006235062.1	322	GXM19_RS05245
NZ_CP048433.1	1135402	1136136		minus	3'-5' exonuclease		92849822	protein-coding		WP_040359026.1	244	GXM19_RS05250
NZ_CP048433.1	1136592	1137797		minus	ATP-binding protein		92849823	protein-coding		WP_239057662.1	401	GXM19_RS05255
NZ_CP048433.1	1138073	1139464		minus	ATP-binding protein		92849824	protein-coding		WP_006235057.1	463	GXM19_RS05260
NZ_CP048433.1	1139809	1142586		minus	selenium-dependent xanthine dehydrogenase	xdh	92849825	protein-coding		WP_006235056.1	925	GXM19_RS05265
NZ_CP048433.1	1142599	1143078		minus	4Fe-4S binding protein		92849826	protein-coding		WP_006235055.1	159	GXM19_RS05270
NZ_CP048433.1	1143090	1146089		minus	putative selenate reductase subunit YgfK	ygfK	92849827	protein-coding		WP_006235054.1	999	GXM19_RS05275
NZ_CP048433.1	1146239	1147594		minus	putative aminohydrolase SsnA	ssnA	92849828	protein-coding		WP_040359022.1	451	GXM19_RS05280
NZ_CP048433.1	1147790	1149184		minus	uracil-xanthine permease family protein		92849829	protein-coding		WP_006235052.1	464	GXM19_RS05285
NZ_CP048433.1	1149536	1150192		plus	helix-turn-helix transcriptional regulator		92849830	protein-coding		WP_115596213.1	218	GXM19_RS05290
NZ_CP048433.1	1150312	1150689		minus	Rid family detoxifying hydrolase		92849831	protein-coding		WP_006235050.1	125	GXM19_RS05295
NZ_CP048433.1	1151067	1153562		plus	U32 family peptidase		92849832	protein-coding		WP_006235049.1	831	GXM19_RS05300
NZ_CP048433.1	1153578	1154237		plus	RluA family pseudouridine synthase		92849833	protein-coding		WP_040359019.1	219	GXM19_RS05305
NZ_CP048433.1	1154295	1155146		minus	IS3 family transposase		92849834	protein-coding		WP_050766119.1	283	GXM19_RS05310
NZ_CP048433.1	1155167	1155664		minus	helix-turn-helix domain-containing protein		92849835	protein-coding		WP_006235046.1	165	GXM19_RS05315
NZ_CP048433.1	1156125	1156871		minus	DeoR/GlpR family DNA-binding transcription regulator		92849836	protein-coding		WP_006235045.1	248	GXM19_RS05320
NZ_CP048433.1	1156875	1157954		minus	Gfo/Idh/MocA family protein		92849837	protein-coding		WP_006235044.1	359	GXM19_RS05325
NZ_CP048433.1	1158440	1158745		minus	50S ribosomal protein L24	rplX	92849838	protein-coding		WP_006235043.1	101	GXM19_RS05330
NZ_CP048433.1	1158759	1159127		minus	50S ribosomal protein L14	rplN	92849839	protein-coding		WP_006235041.1	122	GXM19_RS05335
NZ_CP048433.1	1159246	1159506		minus	30S ribosomal protein S17	rpsQ	92849840	protein-coding		WP_006235040.1	86	GXM19_RS05340
NZ_CP048433.1	1159523	1159738		minus	50S ribosomal protein L29	rpmC	92849841	protein-coding		WP_006235039.1	71	GXM19_RS05345
NZ_CP048433.1	1159828	1160241		minus	uncharacterized gene	rplP	92849842	pseudogene				GXM19_RS05350
NZ_CP048433.1	1160241	1160951		minus	30S ribosomal protein S3	rpsC	92849843	protein-coding		WP_006235037.1	236	GXM19_RS05355
NZ_CP048433.1	1160958	1161329		minus	50S ribosomal protein L22	rplV	92849844	protein-coding		WP_006235036.1	123	GXM19_RS05360
NZ_CP048433.1	1161344	1161604		minus	30S ribosomal protein S19	rpsS	92849845	protein-coding		WP_006235035.1	86	GXM19_RS05365
NZ_CP048433.1	1161637	1162467		minus	50S ribosomal protein L2	rplB	92849846	protein-coding		WP_022094198.1	276	GXM19_RS05370
NZ_CP048433.1	1162647	1162934		minus	50S ribosomal protein L23	rplW	92849847	protein-coding		WP_006235033.1	95	GXM19_RS05375
NZ_CP048433.1	1162935	1163561		minus	50S ribosomal protein L4	rplD	92849848	protein-coding		WP_006235032.1	208	GXM19_RS05380
NZ_CP048433.1	1163608	1164228		minus	50S ribosomal protein L3	rplC	92849849	protein-coding		WP_035137484.1	206	GXM19_RS05385
NZ_CP048433.1	1164688	1165314		minus	histidine phosphatase family protein		92849850	protein-coding		WP_006235030.1	208	GXM19_RS05390
NZ_CP048433.1	1165354	1166514		minus	cation diffusion facilitator family transporter		92849851	protein-coding		WP_006235029.1	386	GXM19_RS05395
NZ_CP048433.1	1166661	1167875		minus	PTS sugar transporter subunit IIC		92849852	protein-coding		WP_050766118.1	404	GXM19_RS05400
NZ_CP048433.1	1167916	1169640		minus	acetyl-CoA carboxylase carboxyl transferase subunit		92849853	protein-coding		WP_006235027.1	574	GXM19_RS05405
NZ_CP048433.1	1169627	1170970		minus	acetyl-CoA carboxylase biotin carboxylase subunit		92849854	protein-coding		WP_006235026.1	447	GXM19_RS05410
NZ_CP048433.1	1170981	1171403		minus	3-hydroxyacyl-ACP dehydratase FabZ	fabZ	92849855	protein-coding		WP_006235025.1	140	GXM19_RS05415
NZ_CP048433.1	1171413	1171886		minus	acetyl-CoA carboxylase biotin carboxyl carrier protein	accB	92849856	protein-coding		WP_006235024.1	157	GXM19_RS05420
NZ_CP048433.1	1171890	1173137		minus	beta-ketoacyl-ACP synthase II	fabF	92849857	protein-coding		WP_040359017.1	415	GXM19_RS05425
NZ_CP048433.1	1173177	1173950		minus	3-oxoacyl-[acyl-carrier-protein] reductase	fabG	92849858	protein-coding		WP_006235022.1	257	GXM19_RS05430
NZ_CP048433.1	1173981	1174907		minus	ACP S-malonyltransferase		92849859	protein-coding		WP_006235021.1	308	GXM19_RS05435
NZ_CP048433.1	1174895	1175839		minus	enoyl-[acyl-carrier-protein] reductase FabK	fabK	92849860	protein-coding		WP_006235020.1	314	GXM19_RS05440
NZ_CP048433.1	1175842	1176078		minus	acyl carrier protein		92849861	protein-coding		WP_006235019.1	78	GXM19_RS05445
NZ_CP048433.1	1176131	1177090		minus	3-oxoacyl-ACP synthase III family protein		92849862	protein-coding		WP_006235018.1	319	GXM19_RS05450
NZ_CP048433.1	1177267	1178043		plus	biotin--[acetyl-CoA-carboxylase] ligase		92849863	protein-coding		WP_006235017.1	258	GXM19_RS05455
NZ_CP048433.1	1178160	1178468		minus	30S ribosomal protein S10	rpsJ	92849864	protein-coding		WP_022094184.1	102	GXM19_RS05460
NZ_CP048433.1	1178530	1180629		minus	elongation factor G	fusA	92849865	protein-coding		WP_006235014.1	699	GXM19_RS05465
NZ_CP048433.1	1180649	1181122		minus	30S ribosomal protein S7	rpsG	92849866	protein-coding		WP_006235013.1	157	GXM19_RS05470
NZ_CP048433.1	1181196	1181573		minus	30S ribosomal protein S12	rpsL	92849867	protein-coding		WP_006235012.1	125	GXM19_RS05475
NZ_CP048433.1	1182037	1182165		plus	zinc-ribbon domain-containing protein		99971523	protein-coding		WP_082222924.1	42	GXM19_RS11285
NZ_CP048433.1	1182229	1183386		minus	IS110 family RNA-guided transposase		92849868	protein-coding		WP_225093533.1	385	GXM19_RS05485
NZ_CP048433.1	1183743	1184768		plus	DUF6273 domain-containing protein		92849869	protein-coding		WP_147293058.1	341	GXM19_RS05490
NZ_CP048433.1	1185305	1189783		minus	DNA-directed RNA polymerase subunit beta'		92849870	protein-coding		WP_172544926.1	1492	GXM19_RS05495
NZ_CP048433.1	1189790	1193281		minus	DNA-directed RNA polymerase subunit beta	rpoB	92849871	protein-coding		WP_199408987.1	1163	GXM19_RS05500
NZ_CP048433.1	1193569	1194477		minus	UTP--glucose-1-phosphate uridylyltransferase		92849872	protein-coding		WP_006235006.1	302	GXM19_RS05505
NZ_CP048433.1	1194792	1195169		minus	50S ribosomal protein L7/L12	rplL	92849873	protein-coding		WP_006235005.1	125	GXM19_RS05510
NZ_CP048433.1	1195272	1195793		minus	50S ribosomal protein L10	rplJ	92849874	protein-coding		WP_006235004.1	173	GXM19_RS05515
NZ_CP048433.1	1196299	1197435		minus	pyridoxal phosphate-dependent aminotransferase		92849875	protein-coding		WP_006235003.1	378	GXM19_RS05520
NZ_CP048433.1	1197529	1198188		plus	hypothetical protein		92849876	protein-coding		WP_006235002.1	219	GXM19_RS05525
NZ_CP048433.1	1198190	1198753		minus	DNA-deoxyinosine glycosylase		92849877	protein-coding		WP_040359013.1	187	GXM19_RS05530
NZ_CP048433.1	1198757	1200133		minus	alpha-amylase family glycosyl hydrolase		92849878	protein-coding		WP_006235000.1	458	GXM19_RS05535
NZ_CP048433.1	1200287	1201483		minus	MFS transporter		92849879	protein-coding		WP_006234999.1	398	GXM19_RS05540
NZ_CP048433.1	1201605	1203965		minus	ferrous iron transport protein B	feoB	92849880	protein-coding		WP_040359009.1	786	GXM19_RS05545
NZ_CP048433.1	1204152	1205054		minus	alpha/beta hydrolase		92849881	protein-coding		WP_006234997.1	300	GXM19_RS05550
NZ_CP048433.1	1205299	1205862		plus	PTS sugar transporter subunit IIA		92849882	protein-coding		WP_040359007.1	187	GXM19_RS05555
NZ_CP048433.1	1206044	1207447		plus	asparagine--tRNA ligase	asnS	92849883	protein-coding		WP_040359086.1	467	GXM19_RS05560
NZ_CP048433.1	1207706	1208491		plus	hypothetical protein		92849884	protein-coding		WP_006234994.1	261	GXM19_RS05565
NZ_CP048433.1	1208652	1209632		plus	ABC transporter substrate-binding protein		92849885	protein-coding		WP_006234993.1	326	GXM19_RS05570
NZ_CP048433.1	1209836	1210759		plus	ABC transporter permease		92849886	protein-coding		WP_006234992.1	307	GXM19_RS05575
NZ_CP048433.1	1210752	1211546		plus	ABC transporter ATP-binding protein		92849887	protein-coding		WP_040359005.1	264	GXM19_RS05580
NZ_CP048433.1	1211705	1213729		plus	bifunctional metallophosphatase/5'-nucleotidase		92849888	protein-coding		WP_006234990.1	674	GXM19_RS05585
NZ_CP048433.1	1213859	1214626		plus	mechanosensitive ion channel family protein		92849889	protein-coding		WP_006234989.1	255	GXM19_RS05590
NZ_CP048433.1	1214720	1216636		plus	BMP family ABC transporter substrate-binding protein		92849890	protein-coding		WP_006234988.1	638	GXM19_RS05595
NZ_CP048433.1	1216633	1217343		plus	metallophosphoesterase family protein		92849891	protein-coding		WP_006234987.1	236	GXM19_RS05600
NZ_CP048433.1	1217631	1218338		minus	50S ribosomal protein L1	rplA	92849892	protein-coding		WP_022093892.1	235	GXM19_RS05605
NZ_CP048433.1	1218456	1218884		minus	50S ribosomal protein L11	rplK	92849893	protein-coding		WP_022093893.1	142	GXM19_RS05610
NZ_CP048433.1	1219005	1219541		minus	transcription termination/antitermination protein NusG	nusG	92849894	protein-coding		WP_006234984.1	178	GXM19_RS05615
NZ_CP048433.1	1219545	1219883		minus	preprotein translocase subunit SecE	secE	92849895	protein-coding		WP_006234983.1	112	GXM19_RS05620
NZ_CP048433.1	1219960	1220035		minus	tRNA-Trp		92849896	tRNA				GXM19_RS05625
NZ_CP048433.1	1220049	1220198		minus	50S ribosomal protein L33	rpmG	92849897	protein-coding		WP_022093895.1	49	GXM19_RS05630
NZ_CP048433.1	1220477	1221667		minus	elongation factor Tu	tuf	92849898	protein-coding		WP_035137538.1	396	GXM19_RS05635
NZ_CP048433.1	1221764	1221840		minus	tRNA-Met		92849899	tRNA				GXM19_RS05640
NZ_CP048433.1	1221844	1221919		minus	tRNA-Thr		92849900	tRNA				GXM19_RS05645
NZ_CP048433.1	1221930	1222011		minus	tRNA-Tyr		92849901	tRNA				GXM19_RS05650
NZ_CP048433.1	1222756	1224606		minus	DUF262 domain-containing protein		92849902	protein-coding		WP_040359003.1	616	GXM19_RS05655
NZ_CP048433.1	1225008	1225082		minus	tRNA-Thr		92849903	tRNA				GXM19_RS05660
NZ_CP048433.1	1225307	1225984		minus	NYN domain-containing protein		92849904	protein-coding		WP_006234978.1	225	GXM19_RS05665
NZ_CP048433.1	1225988	1226896		minus	23S rRNA (guanosine(2251)-2'-O)-methyltransferase RlmB	rlmB	92849905	protein-coding		WP_006234977.1	302	GXM19_RS05670
NZ_CP048433.1	1227152	1228618		minus	cysteine--tRNA ligase	cysS	92849906	protein-coding		WP_006234976.1	488	GXM19_RS05675
NZ_CP048433.1	1228622	1229116		minus	2-C-methyl-D-erythritol 2,4-cyclodiphosphate synthase	ispF	92849907	protein-coding		WP_006234975.1	164	GXM19_RS05680
NZ_CP048433.1	1229106	1229834		minus	2-C-methyl-D-erythritol 4-phosphate cytidylyltransferase	ispD	92849908	protein-coding		WP_006234974.1	242	GXM19_RS05685
NZ_CP048433.1	1229834	1230874		minus	DNA integrity scanning diadenylate cyclase DisA	disA	92849909	protein-coding		WP_006234973.1	346	GXM19_RS05690
NZ_CP048433.1	1231123	1231701		plus	manganese efflux pump MntP		92849910	protein-coding		WP_006234972.1	192	GXM19_RS05695
NZ_CP048433.1	1231830	1232300		plus	helix-turn-helix domain-containing protein		92849911	protein-coding		WP_006234970.1	156	GXM19_RS05700
NZ_CP048433.1	1232304	1233608		plus	type II toxin-antitoxin system HipA family toxin		92849912	protein-coding		WP_040358999.1	434	GXM19_RS05705
NZ_CP048433.1	1233735	1235192		minus	aminoacyl-histidine dipeptidase		92849913	protein-coding		WP_006234967.1	485	GXM19_RS05710
NZ_CP048433.1	1235341	1235862		minus	type II toxin-antitoxin system VapC family toxin		92849914	protein-coding		WP_006234966.1	173	GXM19_RS05715
NZ_CP048433.1	1235859	1236212		minus	type II toxin-antitoxin system RelB/DinJ family antitoxin		92849915	protein-coding		WP_050766116.1	117	GXM19_RS05720
NZ_CP048433.1	1236336	1238978		minus	ATP-dependent Clp protease ATP-binding subunit		92849916	protein-coding		WP_006234964.1	880	GXM19_RS05725
NZ_CP048433.1	1239164	1239757		minus	DUF2798 domain-containing protein		92849917	protein-coding		WP_006234963.1	197	GXM19_RS05730
NZ_CP048433.1	1239979	1241547		minus	threonine/serine exporter family protein		92849918	protein-coding		WP_203572360.1	522	GXM19_RS05735
NZ_CP048433.1	1241937	1243901		minus	lysine--tRNA ligase	lysS	92849919	protein-coding		WP_006234961.1	654	GXM19_RS05740
NZ_CP048433.1	1243981	1244451		minus	transcription elongation factor GreA	greA	92849920	protein-coding		WP_006234960.1	156	GXM19_RS05745
NZ_CP048433.1	1244558	1244827		minus	Sec-independent protein translocase subunit TatA/TatB		92849921	protein-coding		WP_040358998.1	89	GXM19_RS05755
NZ_CP048433.1	1244964	1245040		minus	tRNA-Pro		92849922	tRNA				GXM19_RS05760
NZ_CP048433.1	1245090	1245986		minus	4-(cytidine 5'-diphospho)-2-C-methyl-D-erythritol kinase	ispE	92849923	protein-coding		WP_218565037.1	298	GXM19_RS05765
NZ_CP048433.1	1245989	1246285		minus	Veg family protein		92849924	protein-coding		WP_006234957.1	98	GXM19_RS05770
NZ_CP048433.1	1246416	1246862		minus	D-aminoacyl-tRNA deacylase	dtd	92849925	protein-coding		WP_040358996.1	148	GXM19_RS05775
NZ_CP048433.1	1246866	1247507		minus	RdgB/HAM1 family non-canonical purine NTP pyrophosphatase	rdgB	92849926	protein-coding		WP_006234956.1	213	GXM19_RS05780
NZ_CP048433.1	1247650	1248375		minus	ribonuclease PH	rph	92849927	protein-coding		WP_006234955.1	241	GXM19_RS05785
NZ_CP048433.1	1248431	1249315		minus	glutamate racemase	murI	92849928	protein-coding		WP_006234954.1	294	GXM19_RS05790
NZ_CP048433.1	1249369	1250280		minus	HAD family hydrolase		92849929	protein-coding		WP_006234953.1	303	GXM19_RS05795
NZ_CP048433.1	1250314	1251798		minus	Mur ligase family protein		92849930	protein-coding		WP_239057597.1	494	GXM19_RS05800
NZ_CP048433.1	1252116	1254164		plus	ABC transporter permease subunit		92849931	protein-coding		WP_006234951.1	682	GXM19_RS05805
NZ_CP048433.1	1254356	1256224		plus	asparagine synthase (glutamine-hydrolyzing)	asnB	92849932	protein-coding		WP_006234950.1	622	GXM19_RS05810
NZ_CP048433.1	1256282	1256357		plus	tRNA-Val		92849933	tRNA				GXM19_RS05815
NZ_CP048433.1	1256872	1258206		minus	IS256 family transposase		92849934	protein-coding		WP_115596155.1	444	GXM19_RS05820
NZ_CP048433.1	1258573	1259856		minus	aspartate aminotransferase family protein		92849935	protein-coding		WP_040358993.1	427	GXM19_RS05825
NZ_CP048433.1	1259921	1260901		minus	acetylglutamate kinase	argB	92849936	protein-coding		WP_006234947.1	326	GXM19_RS05830
NZ_CP048433.1	1260983	1262251		minus	bifunctional glutamate N-acetyltransferase/amino-acid acetyltransferase ArgJ	argJ	92849937	protein-coding		WP_006234946.1	422	GXM19_RS05835
NZ_CP048433.1	1262386	1263456		minus	N-acetyl-gamma-glutamyl-phosphate reductase	argC	92849938	protein-coding		WP_006234945.1	356	GXM19_RS05840
NZ_CP048433.1	1263722	1264132		minus	pyridoxamine 5'-phosphate oxidase family protein		92849939	protein-coding		WP_006234944.1	136	GXM19_RS05845
NZ_CP048433.1	1264188	1264634		minus	pyridoxamine 5'-phosphate oxidase family protein		92849940	protein-coding		WP_006234942.1	148	GXM19_RS05850
NZ_CP048433.1	1264665	1265465		minus	energy-coupling factor transporter transmembrane component T family protein		92849941	protein-coding		WP_006234941.1	266	GXM19_RS05855
NZ_CP048433.1	1265465	1267369		minus	energy-coupling factor transporter ATPase		92849942	protein-coding		WP_006234940.1	634	GXM19_RS05860
NZ_CP048433.1	1267366	1267956		minus	ECF transporter S component		92849943	protein-coding		WP_040358991.1	196	GXM19_RS05865
NZ_CP048433.1	1268523	1270160		minus	chaperonin GroEL	groL	92849944	protein-coding		WP_006234938.1	545	GXM19_RS05870
NZ_CP048433.1	1270257	1270550		minus	co-chaperone GroES	groES	92849945	protein-coding		WP_040358989.1	97	GXM19_RS05875
NZ_CP048433.1	1271467	1273110		minus	amidohydrolase		92849946	protein-coding		WP_050766114.1	547	GXM19_RS05880
NZ_CP048433.1	1273273	1274736		plus	M20 family metallopeptidase		92849947	protein-coding		WP_006234935.1	487	GXM19_RS05885
NZ_CP048433.1	1274877	1276178		minus	zinc-ribbon domain-containing protein		92849948	protein-coding		WP_040358985.1	433	GXM19_RS05890
NZ_CP048433.1	1276329	1277351		minus	YitT family protein		92849949	protein-coding		WP_006234931.1	340	GXM19_RS05895
NZ_CP048433.1	1277560	1278075		minus	Asp23/Gls24 family envelope stress response protein		92849950	protein-coding		WP_006234930.1	171	GXM19_RS05900
NZ_CP048433.1	1278120	1278497		minus	DUF2273 domain-containing protein		92850957	protein-coding		WP_040358983.1	125	GXM19_RS11095
NZ_CP048433.1	1278490	1279035		minus	Asp23/Gls24 family envelope stress response protein		92849951	protein-coding		WP_040358981.1	181	GXM19_RS05910
NZ_CP048433.1	1279202	1280008		minus	YebC/PmpR family DNA-binding transcriptional regulator		92849952	protein-coding		WP_006234926.1	268	GXM19_RS05915
NZ_CP048433.1	1280173	1282356		minus	DUF6020 family protein		92849953	protein-coding		WP_115596216.1	727	GXM19_RS05920
NZ_CP048433.1	1282500	1283321		minus	prolipoprotein diacylglyceryl transferase	lgt	92849954	protein-coding		WP_006234922.1	273	GXM19_RS05925
NZ_CP048433.1	1283431	1283709		minus	NifU family protein		92849955	protein-coding		WP_035137589.1	92	GXM19_RS05930
NZ_CP048433.1	1283881	1284405		minus	deoxycytidylate deaminase		92849956	protein-coding		WP_050766113.1	174	GXM19_RS05935
NZ_CP048433.1	1284490	1285341		minus	type III pantothenate kinase		92849957	protein-coding		WP_006234919.1	283	GXM19_RS05940
NZ_CP048433.1	1285631	1287334		plus	OPT/YSL family transporter		92849958	protein-coding		WP_040358977.1	567	GXM19_RS05945
NZ_CP048433.1	1287536	1290991		minus	CAP domain-containing protein		92849959	protein-coding		WP_006234917.1	1151	GXM19_RS05950
NZ_CP048433.1	1291299	1292438		plus	DUF389 domain-containing protein		92849960	protein-coding		WP_006234916.1	379	GXM19_RS05955
NZ_CP048433.1	1292562	1293011		minus	hypothetical protein		92849961	protein-coding		WP_006234914.1	149	GXM19_RS05960
NZ_CP048433.1	1293508	1298298		minus	2-hydroxyacyl-CoA dehydratase		92849962	protein-coding		WP_006234913.1	1596	GXM19_RS05965
NZ_CP048433.1	1298310	1299020		minus	TetR/AcrR family transcriptional regulator		92849963	protein-coding		WP_040358972.1	236	GXM19_RS05970
NZ_CP048433.1	1299653	1300096		minus	IS110 family transposase		99971524	protein-coding		WP_050766112.1	147	GXM19_RS11290
NZ_CP048433.1	1300219	1301451		plus	IS21 family transposase	istA	92849964	protein-coding		WP_006234496.1	410	GXM19_RS05980
NZ_CP048433.1	1301451	1302224		plus	IS21-like element helper ATPase IstB	istB	92849965	protein-coding		WP_006234495.1	257	GXM19_RS05985
NZ_CP048433.1	1302214	1303023		minus	IS110 family transposase		92849966	protein-coding		WP_115596217.1	269	GXM19_RS05990
NZ_CP048433.1	1303421	1304278		minus	HAD-IIB family hydrolase		92849967	protein-coding		WP_006234903.1	285	GXM19_RS05995
NZ_CP048433.1	1304394	1305656		minus	MFS transporter		92849968	protein-coding		WP_006234902.1	420	GXM19_RS06000
NZ_CP048433.1	1305757	1306419		minus	TetR/AcrR family transcriptional regulator		92849969	protein-coding		WP_040358969.1	220	GXM19_RS06005
NZ_CP048433.1	1306494	1306832		minus	P-II family nitrogen regulator		92849970	protein-coding		WP_006234900.1	112	GXM19_RS06010
NZ_CP048433.1	1307023	1308300		minus	ammonium transporter		92849971	protein-coding		WP_040358967.1	425	GXM19_RS06015
NZ_CP048433.1	1308499	1309518		minus	putative ABC transporter permease		92849972	protein-coding		WP_239057598.1	339	GXM19_RS06020
NZ_CP048433.1	1309522	1310058		minus	HD domain-containing protein		92849973	protein-coding		WP_006234897.1	178	GXM19_RS06025
NZ_CP048433.1	1310286	1312067		plus	1-deoxy-D-xylulose-5-phosphate synthase		92849974	protein-coding		WP_006234896.1	593	GXM19_RS06030
NZ_CP048433.1	1312526	1313521		plus	glutamate ABC transporter substrate-binding protein		92849975	protein-coding		WP_006234895.1	331	GXM19_RS06035
NZ_CP048433.1	1313660	1314319		plus	amino acid ABC transporter permease		92849976	protein-coding		WP_006234894.1	219	GXM19_RS06040
NZ_CP048433.1	1314316	1315149		plus	amino acid ABC transporter permease		92849977	protein-coding		WP_006234893.1	277	GXM19_RS06045
NZ_CP048433.1	1315186	1315950		plus	amino acid ABC transporter ATP-binding protein		92849978	protein-coding		WP_006234892.1	254	GXM19_RS06050
NZ_CP048433.1	1316038	1316847		plus	gamma-glutamyl-gamma-aminobutyrate hydrolase family protein		92849979	protein-coding		WP_006234891.1	269	GXM19_RS06055
NZ_CP048433.1	1316953	1317309		minus	Hpt domain-containing protein		92849980	protein-coding		WP_006234890.1	118	GXM19_RS06060
NZ_CP048433.1	1317333	1319213		minus	diguanylate cyclase		92849981	protein-coding		WP_006234889.1	626	GXM19_RS06065
NZ_CP048433.1	1319425	1320222		minus	alpha/beta fold hydrolase		92849982	protein-coding		WP_050766111.1	265	GXM19_RS06070
NZ_CP048433.1	1320448	1321224		plus	radical SAM protein		92849983	protein-coding		WP_040358964.1	258	GXM19_RS06075
NZ_CP048433.1	1321280	1322167		plus	type I methionyl aminopeptidase	map	92849984	protein-coding		WP_006234886.1	295	GXM19_RS06080
NZ_CP048433.1	1322297	1323232		plus	D-2-hydroxyacid dehydrogenase		92849985	protein-coding		WP_040358963.1	311	GXM19_RS06085
NZ_CP048433.1	1323487	1324872		minus	M18 family aminopeptidase		92849986	protein-coding		WP_172544927.1	461	GXM19_RS06090
NZ_CP048433.1	1325034	1326119		plus	carcinine hydrolase/isopenicillin-N N-acyltransferase family protein		92849987	protein-coding		WP_006234883.1	361	GXM19_RS06095
NZ_CP048433.1	1326260	1327339		plus	6-phosphofructokinase		92849988	protein-coding		WP_006234882.1	359	GXM19_RS06100
NZ_CP048433.1	1327878	1330643		minus	FtsX-like permease family protein		92849989	protein-coding		WP_006234881.1	921	GXM19_RS06105
NZ_CP048433.1	1330649	1331350		minus	ABC transporter ATP-binding protein		92849990	protein-coding		WP_006234880.1	233	GXM19_RS06110
NZ_CP048433.1	1331622	1332260		plus	GyrI-like domain-containing protein		92849991	protein-coding		WP_006234879.1	212	GXM19_RS06115
NZ_CP048433.1	1332572	1333150		minus	methylated-DNA--[protein]-cysteine S-methyltransferase		92849992	protein-coding		WP_239057599.1	192	GXM19_RS06120
NZ_CP048433.1	1333553	1334578		minus	aspartate-semialdehyde dehydrogenase		92849993	protein-coding		WP_006234877.1	341	GXM19_RS06125
NZ_CP048433.1	1334752	1336140		minus	aspartate kinase		92849994	protein-coding		WP_006234876.1	462	GXM19_RS06130
NZ_CP048433.1	1336245	1337762		plus	threonine synthase	thrC	92849995	protein-coding		WP_040358959.1	505	GXM19_RS06135
NZ_CP048433.1	1337966	1338847		plus	homoserine kinase	thrB	92849996	protein-coding		WP_006234874.1	293	GXM19_RS06140
NZ_CP048433.1	1339134	1339766		minus	helix-turn-helix transcriptional regulator		92849997	protein-coding		WP_006234873.1	210	GXM19_RS06145
NZ_CP048433.1	1339798	1340481		minus	DUF3990 domain-containing protein		92849998	protein-coding		WP_006234872.1	227	GXM19_RS06150
NZ_CP048433.1	1340583	1341173		minus	ribosome biogenesis GTP-binding protein YihA/YsxC	yihA	92849999	protein-coding		WP_006234871.1	196	GXM19_RS06155
NZ_CP048433.1	1341212	1341952		minus	5'-methylthioadenosine/S-adenosylhomocysteine nucleosidase	mtnN	92850000	protein-coding		WP_006234870.1	246	GXM19_RS06160
NZ_CP048433.1	1342031	1343149		minus	serine hydrolase		92850001	protein-coding		WP_040358957.1	372	GXM19_RS06165
NZ_CP048433.1	1343434	1344252		minus	pyruvate formate-lyase-activating protein	pflA	92850002	protein-coding		WP_006234868.1	272	GXM19_RS06170
NZ_CP048433.1	1344427	1345281		minus	DegV family protein		92850003	protein-coding		WP_040358955.1	284	GXM19_RS06175
NZ_CP048433.1	1345557	1346930		minus	glycoside hydrolase family 32 protein		92850004	protein-coding		WP_193684739.1	457	GXM19_RS06180
NZ_CP048433.1	1347101	1348552		minus	PTS transporter subunit EIIC		92850005	protein-coding		WP_040358954.1	483	GXM19_RS06185
NZ_CP048433.1	1348598	1349980		minus	family 43 glycosylhydrolase		92850006	protein-coding		WP_006234864.1	460	GXM19_RS06190
NZ_CP048433.1	1350165	1351175		minus	LacI family DNA-binding transcriptional regulator		92850007	protein-coding		WP_050766109.1	336	GXM19_RS06195
NZ_CP048433.1	1351587	1351838		minus	autonomous glycyl radical cofactor GrcA3	grcA3	92850008	protein-coding		WP_006234861.1	83	GXM19_RS06200
NZ_CP048433.1	1351924	1353975		minus	formate C-acetyltransferase	pflB	92850009	protein-coding		WP_006234859.1	683	GXM19_RS06205
NZ_CP048433.1	1354441	1355460		minus	2-keto-3-deoxygluconate permease		92850010	protein-coding		WP_040358952.1	339	GXM19_RS06210
NZ_CP048433.1	1355569	1356318		minus	SDR family NAD(P)-dependent oxidoreductase		92850011	protein-coding		WP_006234857.1	249	GXM19_RS06215
NZ_CP048433.1	1356625	1357074		plus	MarR family winged helix-turn-helix transcriptional regulator		92850012	protein-coding		WP_050766108.1	149	GXM19_RS06220
NZ_CP048433.1	1357071	1359437		plus	ABC transporter ATP-binding protein		92850013	protein-coding		WP_040358950.1	788	GXM19_RS06225
NZ_CP048433.1	1359437	1361293		plus	ABC transporter ATP-binding protein		92850014	protein-coding		WP_006234854.1	618	GXM19_RS06230
NZ_CP048433.1	1361462	1362796		plus	IS256 family transposase		92850015	protein-coding		WP_115596155.1	444	GXM19_RS06235
NZ_CP048433.1	1363390	1364421		plus	3-deoxy-7-phosphoheptulonate synthase		92850016	protein-coding		WP_006234851.1	343	GXM19_RS06240
NZ_CP048433.1	1364756	1365961		minus	agmatine deiminase family protein		92850017	protein-coding		WP_006234850.1	401	GXM19_RS06245
NZ_CP048433.1	1366330	1367760		minus	APC family permease		92850018	protein-coding		WP_006234849.1	476	GXM19_RS06250
NZ_CP048433.1	1368071	1370278		minus	ABC transporter permease		92850019	protein-coding		WP_006234848.1	735	GXM19_RS06255
NZ_CP048433.1	1370268	1371053		minus	ABC transporter ATP-binding protein		92850020	protein-coding		WP_006234847.1	261	GXM19_RS06260
NZ_CP048433.1	1371202	1372191		plus	DNA mismatch endonuclease Vsr	vsr	92850021	protein-coding		WP_115596219.1	329	GXM19_RS06265
NZ_CP048433.1	1372690	1373619		plus	AraC family transcriptional regulator		92850022	protein-coding		WP_162010712.1	309	GXM19_RS06270
NZ_CP048433.1	1373676	1374299		plus	HAD family hydrolase		92850023	protein-coding		WP_006234842.1	207	GXM19_RS06275
NZ_CP048433.1	1374635	1375492		minus	class II fructose-bisphosphate aldolase		92850024	protein-coding		WP_022095149.1	285	GXM19_RS06280
NZ_CP048433.1	1375827	1376630		plus	DeoR/GlpR family DNA-binding transcription regulator		92850025	protein-coding		WP_006234840.1	267	GXM19_RS06285
NZ_CP048433.1	1376690	1377850		minus	FprA family A-type flavoprotein		92850026	protein-coding		WP_040358947.1	386	GXM19_RS06290
NZ_CP048433.1	1377980	1378966		minus	LacI family DNA-binding transcriptional regulator		92850027	protein-coding		WP_006234838.1	328	GXM19_RS06295
NZ_CP048433.1	1379350	1380555		plus	galactokinase		92850028	protein-coding		WP_040358942.1	401	GXM19_RS06300
NZ_CP048433.1	1380546	1382174		plus	UDP-glucose--hexose-1-phosphate uridylyltransferase		92850029	protein-coding		WP_050766107.1	542	GXM19_RS06305
NZ_CP048433.1	1382518	1383453		minus	hexose kinase		92850030	protein-coding		WP_040359037.1	311	GXM19_RS06310
NZ_CP048433.1	1383507	1384388		minus	aldose 1-epimerase family protein		92850031	protein-coding		WP_006234832.1	293	GXM19_RS06315
NZ_CP048433.1	1384592	1385116		minus	galactose-6-phosphate isomerase subunit LacB	lacB	92850032	protein-coding		WP_006234831.1	174	GXM19_RS06320
NZ_CP048433.1	1385180	1385608		minus	galactose-6-phosphate isomerase subunit LacA	lacA	92850033	protein-coding		WP_006234830.1	142	GXM19_RS06325
NZ_CP048433.1	1385916	1386947		minus	hypothetical protein		92850034	protein-coding		WP_006234828.1	343	GXM19_RS06330
NZ_CP048433.1	1387207	1387545		minus	PTS lactose/cellobiose transporter subunit IIA		92850035	protein-coding		WP_006234827.1	112	GXM19_RS06335
NZ_CP048433.1	1387760	1388764		minus	LacI family DNA-binding transcriptional regulator		92850036	protein-coding		WP_006234826.1	334	GXM19_RS06340
NZ_CP048433.1	1389122	1390897		plus	lactose/cellobiose PTS transporter subunit IIB		92850037	protein-coding		WP_006234825.1	591	GXM19_RS06345
NZ_CP048433.1	1390968	1392407		plus	6-phospho-beta-galactosidase	lacG	92850038	protein-coding		WP_006234824.1	479	GXM19_RS06350
NZ_CP048433.1	1392669	1393697		minus	LacI family DNA-binding transcriptional regulator		92850039	protein-coding		WP_040358938.1	342	GXM19_RS06355
NZ_CP048433.1	1394048	1395490		plus	6-phospho-beta-galactosidase	lacG	92850040	protein-coding		WP_022094683.1	480	GXM19_RS06360
NZ_CP048433.1	1395667	1397427		plus	PTS lactose transporter subunit IIBC		92850041	protein-coding		WP_006234821.1	586	GXM19_RS06365
NZ_CP048433.1	1397681	1398682		minus	LacI family DNA-binding transcriptional regulator		92850042	protein-coding		WP_006234820.1	333	GXM19_RS06370
NZ_CP048433.1	1398967	1400745		plus	PTS lactose transporter subunit IIBC		92850043	protein-coding		WP_006234819.1	592	GXM19_RS06375
NZ_CP048433.1	1400821	1402242		plus	6-phospho-beta-galactosidase	lacG	92850044	protein-coding		WP_006234818.1	473	GXM19_RS06380
NZ_CP048433.1	1402611	1403843		plus	Fic family protein		92850045	protein-coding		WP_006234817.1	410	GXM19_RS06385
NZ_CP048433.1	1404037	1405194		minus	IS110 family RNA-guided transposase		92850046	protein-coding		WP_225093533.1	385	GXM19_RS06390
NZ_CP048433.1	1405438	1405803		minus	sugar phosphate isomerase family		92850047	protein-coding		WP_305954500.1	121	GXM19_RS06395
NZ_CP048433.1	1405924	1407618		minus	PTS lactose transporter subunit IIBC		92850048	protein-coding		WP_006234815.1	564	GXM19_RS06400
NZ_CP048433.1	1407975	1408895		plus	DUF7916 family protein		92850049	protein-coding		WP_022094155.1	306	GXM19_RS06405
NZ_CP048433.1	1408968	1409687		plus	GntR family transcriptional regulator		92850050	protein-coding		WP_162010711.1	239	GXM19_RS06410
NZ_CP048433.1	1409960	1410724		minus	DeoR/GlpR family DNA-binding transcription regulator		92850051	protein-coding		WP_040358935.1	254	GXM19_RS06415
NZ_CP048433.1	1410929	1411981		plus	aldose epimerase family protein		92850052	protein-coding		WP_006234811.1	350	GXM19_RS06420
NZ_CP048433.1	1412259	1413593		minus	IS256 family transposase		92850053	protein-coding		WP_006235436.1	444	GXM19_RS06425
NZ_CP048433.1	1413822	1414304		minus	PTS sugar transporter subunit IIB		92850054	protein-coding		WP_006236279.1	160	GXM19_RS06430
NZ_CP048433.1	1414462	1414537		plus	tRNA-Thr		92850055	tRNA				GXM19_RS06435
NZ_CP048433.1	1414989	1415354		plus	hypothetical protein		92850056	protein-coding		WP_006236278.1	121	GXM19_RS06440
NZ_CP048433.1	1415501	1415974		minus	NanQ anomerase/TabA/YiaL family protein		92850057	protein-coding		WP_006236277.1	157	GXM19_RS06445
NZ_CP048433.1	1416172	1417107		minus	hexose kinase		92850058	protein-coding		WP_006236274.1	311	GXM19_RS06455
NZ_CP048433.1	1417167	1418048		minus	aldose 1-epimerase family protein		92850059	protein-coding		WP_006236273.1	293	GXM19_RS06460
NZ_CP048433.1	1418206	1418790		plus	flavodoxin domain-containing protein		92850060	protein-coding		WP_040360086.1	194	GXM19_RS06465
NZ_CP048433.1	1418866	1420035		minus	N-acetylglucosamine-6-phosphate deacetylase	nagA	92850061	protein-coding		WP_006236271.1	389	GXM19_RS06470
NZ_CP048433.1	1420154	1421320		minus	AgaS family sugar isomerase		92850062	protein-coding		WP_006236270.1	388	GXM19_RS06475
NZ_CP048433.1	1421432	1422166		minus	GntR family transcriptional regulator		92850063	protein-coding		WP_006236269.1	244	GXM19_RS06480
NZ_CP048433.1	1422254	1422682		minus	PTS sugar transporter subunit IIA		92850064	protein-coding		WP_040360084.1	142	GXM19_RS06485
NZ_CP048433.1	1422764	1423387		minus	hypothetical protein		92850065	protein-coding		WP_006236267.1	207	GXM19_RS06490
NZ_CP048433.1	1423576	1424415		minus	PTS system mannose/fructose/sorbose family transporter subunit IID		92850066	protein-coding		WP_006236265.1	279	GXM19_RS06495
NZ_CP048433.1	1424405	1425292		minus	PTS mannose/fructose/sorbose/N-acetylgalactosamine transporter subunit IIC		92850067	protein-coding		WP_006236264.1	295	GXM19_RS06500
NZ_CP048433.1	1425386	1425850		minus	PTS sugar transporter subunit IIB		92850068	protein-coding		WP_006236263.1	154	GXM19_RS06505
NZ_CP048433.1	1425853	1427649		minus	glycoside hydrolase family 35 protein		92850069	protein-coding		WP_006236262.1	598	GXM19_RS06510
NZ_CP048433.1	1428062	1428295		minus	PTS sugar transporter subunit IIB		92850958	protein-coding		WP_006236260.1	77	GXM19_RS11100
NZ_CP048433.1	1428298	1428615		minus	hypothetical protein		92850959	protein-coding		WP_050766191.1	105	GXM19_RS11105
NZ_CP048433.1	1428795	1429526		minus	GntR family transcriptional regulator		92850070	protein-coding		WP_006236258.1	243	GXM19_RS06520
NZ_CP048433.1	1429682	1430095		minus	glucose PTS transporter subunit EIIB		92850071	protein-coding		WP_006236257.1	137	GXM19_RS06525
NZ_CP048433.1	1430240	1431325		minus	hypothetical protein		92850072	protein-coding		WP_006236256.1	361	GXM19_RS06530
NZ_CP048433.1	1431452	1432537		minus	isocitrate/isopropylmalate dehydrogenase family protein		92850073	protein-coding		WP_006236254.1	361	GXM19_RS06535
NZ_CP048433.1	1432544	1433242		minus	hypothetical protein		92850074	protein-coding		WP_006236252.1	232	GXM19_RS06540
NZ_CP048433.1	1433258	1433686		minus	hypothetical protein		92850075	protein-coding		WP_006236251.1	142	GXM19_RS06545
NZ_CP048433.1	1433692	1434771		minus	NAD(P)-dependent oxidoreductase		92850076	protein-coding		WP_006236250.1	359	GXM19_RS06550
NZ_CP048433.1	1434870	1435823		minus	DegV family protein		92850077	protein-coding		WP_006236249.1	317	GXM19_RS06555
NZ_CP048433.1	1435903	1436487		minus	ribosome hibernation-promoting factor, HPF/YfiA family	hpf	92850078	protein-coding		WP_006236248.1	194	GXM19_RS06560
NZ_CP048433.1	1436805	1437815		minus	substrate-binding periplasmic protein		92850079	protein-coding		WP_230317467.1	336	GXM19_RS06565
NZ_CP048433.1	1438549	1439658		minus	hypothetical protein		92850080	protein-coding		WP_040360081.1	369	GXM19_RS06570
NZ_CP048433.1	1439669	1440475		minus	ComF family protein		92850081	protein-coding		WP_239057601.1	268	GXM19_RS06575
NZ_CP048433.1	1440578	1442269		minus	PSP1 domain-containing protein		92850082	protein-coding		WP_006236244.1	563	GXM19_RS06580
NZ_CP048433.1	1442260	1443387		minus	DNA polymerase III subunit		92850083	protein-coding		WP_006236243.1	375	GXM19_RS06585
NZ_CP048433.1	1443389	1444072		minus	dTMP kinase	tmk	92850084	protein-coding		WP_006236242.1	227	GXM19_RS06590
NZ_CP048433.1	1444313	1445113		plus	uncharacterized gene		92850085	pseudogene				GXM19_RS06595
NZ_CP048433.1	1445141	1446282		minus	IS3 family transposase		92850086	protein-coding		WP_370448105.1	380	GXM19_RS06600
NZ_CP048433.1	1446256	1446645		plus	transposase		92850088	protein-coding		WP_239057602.1	129	GXM19_RS06610
NZ_CP048433.1	1447321	1447617		plus	uncharacterized gene		99971525	pseudogene				GXM19_RS11295
NZ_CP048433.1	1447741	1448883		plus	uncharacterized gene		92850089	pseudogene				GXM19_RS06620
NZ_CP048433.1	1449195	1449737		minus	IS21-like element helper ATPase IstB	istB	92850090	protein-coding		WP_239057671.1	180	GXM19_RS06625
NZ_CP048433.1	1449969	1451201		minus	IS21 family transposase	istA	92850091	protein-coding		WP_006234496.1	410	GXM19_RS06630
NZ_CP048433.1	1451361	1451642		plus	uncharacterized gene		92850092	pseudogene				GXM19_RS06635
NZ_CP048433.1	1451757	1452668		minus	serine hydrolase		92850093	protein-coding		WP_187367068.1	303	GXM19_RS06640
NZ_CP048433.1	1453015	1453962		plus	zinc-ribbon domain-containing protein		92850094	protein-coding		WP_006235938.1	315	GXM19_RS06645
NZ_CP048433.1	1454114	1456705		minus	DNA topoisomerase I		92850095	protein-coding		WP_040359782.1	863	GXM19_RS06650
NZ_CP048433.1	1456760	1457443		minus	hydrogenase nickel incorporation protein HypB	hypB	92850096	protein-coding		WP_006235936.1	227	GXM19_RS06655
NZ_CP048433.1	1457498	1457854		minus	hydrogenase maturation nickel metallochaperone HypA/HybF		92850097	protein-coding		WP_006235935.1	118	GXM19_RS06660
NZ_CP048433.1	1457861	1458652		minus	twin-arginine translocase subunit TatC	tatC	92850098	protein-coding		WP_022093860.1	263	GXM19_RS06665
NZ_CP048433.1	1458652	1459233		minus	twin-arginine translocase TatA/TatE family subunit		92850099	protein-coding		WP_040359780.1	193	GXM19_RS06670
NZ_CP048433.1	1459387	1459701		minus	STAS domain-containing protein		92850100	protein-coding		WP_006235932.1	104	GXM19_RS06675
NZ_CP048433.1	1459753	1461057		minus	aspartate aminotransferase type Ic		92850101	protein-coding		WP_006235931.1	434	GXM19_RS06680
NZ_CP048433.1	1461208	1461462		plus	hypothetical protein		92850102	protein-coding		WP_040359778.1	84	GXM19_RS06685
NZ_CP048433.1	1461719	1463053		plus	IS256 family transposase		92850103	protein-coding		WP_115596155.1	444	GXM19_RS06690
NZ_CP048433.1	1463380	1464537		minus	IS110 family RNA-guided transposase		92850104	protein-coding		WP_225093533.1	385	GXM19_RS06695
NZ_CP048433.1	1464891	1466249		minus	Na+/H+ antiporter NhaA	nhaA	92850105	protein-coding		WP_006235928.1	452	GXM19_RS06700
NZ_CP048433.1	1466516	1467439		minus	manganese-dependent inorganic pyrophosphatase		92850106	protein-coding		WP_006235927.1	307	GXM19_RS06705
NZ_CP048433.1	1467605	1468558		minus	ROK family protein		92850107	protein-coding		WP_040359777.1	317	GXM19_RS06710
NZ_CP048433.1	1468896	1469615		plus	GntR family transcriptional regulator		92850108	protein-coding		WP_050766173.1	239	GXM19_RS06715
NZ_CP048433.1	1469690	1470622		plus	type I phosphomannose isomerase catalytic subunit		92850109	protein-coding		WP_040359776.1	310	GXM19_RS06720
NZ_CP048433.1	1470904	1473804		minus	ATP-dependent helicase		92850110	protein-coding		WP_006235923.1	966	GXM19_RS06725
NZ_CP048433.1	1474160	1475134		minus	undecaprenyl-diphosphate phosphatase		92850111	protein-coding		WP_040359773.1	324	GXM19_RS06730
NZ_CP048433.1	1475383	1475820		plus	universal stress protein		92850112	protein-coding		WP_006235921.1	145	GXM19_RS06735
NZ_CP048433.1	1476024	1477067		minus	sensor histidine kinase		92850113	protein-coding		WP_006235920.1	347	GXM19_RS06740
NZ_CP048433.1	1477077	1477748		minus	response regulator transcription factor		92850114	protein-coding		WP_006235918.1	223	GXM19_RS06745
NZ_CP048433.1	1477927	1478658		minus	hypothetical protein		92850115	protein-coding		WP_006235916.1	243	GXM19_RS06750
NZ_CP048433.1	1478740	1480347		minus	bifunctional phosphoribosylaminoimidazolecarboxamide formyltransferase/IMP cyclohydrolase	purH	92850116	protein-coding		WP_006235915.1	535	GXM19_RS06755
NZ_CP048433.1	1480625	1481266		plus	GNAT family N-acetyltransferase		92850117	protein-coding		WP_006235914.1	213	GXM19_RS06760
NZ_CP048433.1	1481407	1483350		minus	DUF2207 domain-containing protein		92850118	protein-coding		WP_050766172.1	647	GXM19_RS06765
NZ_CP048433.1	1483858	1484868		plus	tRNA glutamyl-Q(34) synthetase GluQRS	gluQRS	92850119	protein-coding		WP_040359768.1	336	GXM19_RS06770
NZ_CP048433.1	1484884	1485609		minus	metallophosphoesterase		92850120	protein-coding		WP_006235910.1	241	GXM19_RS06775
NZ_CP048433.1	1485686	1485925		minus	hypothetical protein		92850121	protein-coding		WP_040359765.1	79	GXM19_RS06780
NZ_CP048433.1	1486284	1486826		plus	UBA domain-containing protein		92850122	protein-coding		WP_006235908.1	180	GXM19_RS06785
NZ_CP048433.1	1486845	1487624		plus	response regulator transcription factor		92850123	protein-coding		WP_006235907.1	259	GXM19_RS06790
NZ_CP048433.1	1487608	1488903		plus	sensor histidine kinase		92850124	protein-coding		WP_006235906.1	431	GXM19_RS06795
NZ_CP048433.1	1488979	1489353		minus	VOC family protein		92850125	protein-coding		WP_006235904.1	124	GXM19_RS06800
NZ_CP048433.1	1489365	1489652		minus	PTS sugar transporter subunit IIB		92850126	protein-coding		WP_006235903.1	95	GXM19_RS06805
NZ_CP048433.1	1489816	1490439		plus	hypothetical protein		92850127	protein-coding		WP_006235902.1	207	GXM19_RS06810
NZ_CP048433.1	1490471	1490555		plus	tRNA-Leu		92850128	tRNA				GXM19_RS06815
NZ_CP048433.1	1490901	1491902		minus	Ppx/GppA phosphatase family protein		92850129	protein-coding		WP_006235901.1	333	GXM19_RS06820
NZ_CP048433.1	1491931	1492692		minus	hypothetical protein		92850961	protein-coding		WP_239057605.1	253	GXM19_RS11115
NZ_CP048433.1	1492888	1494177		minus	phosphopyruvate hydratase	eno	92850130	protein-coding		WP_006235898.1	429	GXM19_RS06830
NZ_CP048433.1	1494365	1495225		minus	nucleoside triphosphate pyrophosphohydrolase	mazG	92850131	protein-coding		WP_006235897.1	286	GXM19_RS06835
NZ_CP048433.1	1495228	1495776		minus	phosphodiesterase	yfcE	92850132	protein-coding		WP_006235896.1	182	GXM19_RS06840
NZ_CP048433.1	1495851	1496336		minus	nickel pincer cofactor biosynthesis protein LarC2	larC2	92850133	protein-coding		WP_006235895.1	161	GXM19_RS06845
NZ_CP048433.1	1496676	1497587		plus	PHP domain-containing protein		92850134	protein-coding		WP_040359761.1	303	GXM19_RS06850
NZ_CP048433.1	1497708	1498025		minus	phosphoribosyl-ATP diphosphatase	hisE	92850135	protein-coding		WP_006235893.1	105	GXM19_RS06855
NZ_CP048433.1	1498072	1498401		minus	phosphoribosyl-AMP cyclohydrolase	hisI	92850136	protein-coding		WP_006235892.1	109	GXM19_RS06860
NZ_CP048433.1	1498544	1499326		minus	imidazole glycerol phosphate synthase subunit HisF	hisF	92850137	protein-coding		WP_006235891.1	260	GXM19_RS06865
NZ_CP048433.1	1499330	1500073		minus	1-(5-phosphoribosyl)-5-[(5-phosphoribosylamino)methylideneamino]imidazole-4-carboxamide isomerase		92850138	protein-coding		WP_006235890.1	247	GXM19_RS06870
NZ_CP048433.1	1500070	1500771		minus	imidazole glycerol phosphate synthase subunit HisH		92850139	protein-coding		WP_040359809.1	233	GXM19_RS06875
NZ_CP048433.1	1500851	1501438		minus	imidazoleglycerol-phosphate dehydratase HisB	hisB	92850140	protein-coding		WP_006235888.1	195	GXM19_RS06880
NZ_CP048433.1	1501439	1502554		minus	histidinol-phosphate transaminase	hisC	92850141	protein-coding		WP_040359758.1	371	GXM19_RS06885
NZ_CP048433.1	1502556	1503992		minus	histidinol dehydrogenase	hisD	92850142	protein-coding		WP_006235886.1	478	GXM19_RS06890
NZ_CP048433.1	1504098	1505813		minus	ATP phosphoribosyltransferase	hisG	92850143	protein-coding		WP_006235885.1	571	GXM19_RS06895
NZ_CP048433.1	1506076	1507137		minus	SIS domain-containing protein		92850144	protein-coding		WP_006235878.1	353	GXM19_RS06900
NZ_CP048433.1	1507405	1508250		minus	sugar phosphate isomerase/epimerase family protein		92850145	protein-coding		WP_006235884.1	281	GXM19_RS06905
NZ_CP048433.1	1508362	1509195		minus	PTS system mannose/fructose/sorbose family transporter subunit IID		92850146	protein-coding		WP_006235883.1	277	GXM19_RS06910
NZ_CP048433.1	1509176	1509949		minus	PTS mannose/fructose/sorbose/N-acetylgalactosamine transporter subunit IIC		92850147	protein-coding		WP_006235882.1	257	GXM19_RS06915
NZ_CP048433.1	1510244	1510726		minus	PTS sugar transporter subunit IIB		92850148	protein-coding		WP_006235881.1	160	GXM19_RS06920
NZ_CP048433.1	1510784	1511203		minus	PTS sugar transporter subunit IIA		92850149	protein-coding		WP_006235880.1	139	GXM19_RS06925
NZ_CP048433.1	1511225	1512286		minus	SIS domain-containing protein		92850150	protein-coding		WP_006235878.1	353	GXM19_RS06930
NZ_CP048433.1	1512562	1513275		minus	GntR family transcriptional regulator		92850151	protein-coding		WP_006235877.1	237	GXM19_RS06935
NZ_CP048433.1	1513260	1514027		minus	GntR family transcriptional regulator		92850152	protein-coding		WP_006235875.1	255	GXM19_RS06940
NZ_CP048433.1	1514063	1514554		minus	hypothetical protein		92850153	protein-coding		WP_040359756.1	163	GXM19_RS06945
NZ_CP048433.1	1514823	1515851		minus	LacI family DNA-binding transcriptional regulator		92850154	protein-coding		WP_006235873.1	342	GXM19_RS06950
NZ_CP048433.1	1516035	1516997		plus	UDP-N-acetylmuramate dehydrogenase	murB	92850155	protein-coding		WP_006235872.1	320	GXM19_RS06955
NZ_CP048433.1	1517226	1518431		minus	coiled-coil domain-containing protein		92850156	protein-coding		WP_006235871.1	401	GXM19_RS06960
NZ_CP048433.1	1518698	1519759		plus	UDP-glucose 4-epimerase GalE	galE	92850157	protein-coding		WP_006235870.1	353	GXM19_RS06965
NZ_CP048433.1	1519968	1521485		plus	4-alpha-glucanotransferase	malQ	92850158	protein-coding		WP_239057606.1	505	GXM19_RS06970
NZ_CP048433.1	1521614	1523881		plus	glycogen/starch/alpha-glucan family phosphorylase	glgP	92850159	protein-coding		WP_040359753.1	755	GXM19_RS06975
NZ_CP048433.1	1524339	1525538		minus	ABC transporter ATP-binding protein		92850160	protein-coding		WP_006235866.1	399	GXM19_RS06980
NZ_CP048433.1	1525607	1526446		minus	carbohydrate ABC transporter permease		92850161	protein-coding		WP_006235865.1	279	GXM19_RS06985
NZ_CP048433.1	1526446	1527300		minus	carbohydrate ABC transporter permease		92850162	protein-coding		WP_006235864.1	284	GXM19_RS06990
NZ_CP048433.1	1527388	1528704		minus	ABC transporter substrate-binding protein		92850163	protein-coding		WP_006235863.1	438	GXM19_RS06995
NZ_CP048433.1	1529011	1529379		minus	GntR family transcriptional regulator		92850962	protein-coding		WP_256637914.1	122	GXM19_RS11120
NZ_CP048433.1	1529392	1529730		minus	GntR family transcriptional regulator		92850963	protein-coding		WP_006235860.1	112	GXM19_RS11125
NZ_CP048433.1	1529960	1532410		plus	PTS transporter subunit EIIC		92850164	protein-coding		WP_006235859.1	816	GXM19_RS07005
NZ_CP048433.1	1532536	1533549		plus	polyprenyl synthetase family protein		92850165	protein-coding		WP_040359751.1	337	GXM19_RS07010
NZ_CP048433.1	1533688	1534593		plus	peptidoglycan-binding domain-containing protein		92850166	protein-coding		WP_006235856.1	301	GXM19_RS07015
NZ_CP048433.1	1534632	1534706		plus	tRNA-Gln		92850167	tRNA				GXM19_RS07020
NZ_CP048433.1	1535045	1537216		minus	hypothetical protein		92850168	protein-coding		WP_040359749.1	723	GXM19_RS07025
NZ_CP048433.1	1537400	1539289		minus	carbon starvation CstA family protein		92850169	protein-coding		WP_006235852.1	629	GXM19_RS07030
NZ_CP048433.1	1540081	1542465		minus	tRNA (adenosine(37)-N6)-threonylcarbamoyltransferase complex transferase subunit TsaD	tsaD	92850170	protein-coding		WP_006235850.1	794	GXM19_RS07035
NZ_CP048433.1	1542452	1542958		minus	tRNA (adenosine(37)-N6)-threonylcarbamoyltransferase complex ATPase subunit type 1 TsaE	tsaE	92850171	protein-coding		WP_006235849.1	168	GXM19_RS07040
NZ_CP048433.1	1542971	1543591		minus	uracil-DNA glycosylase		92850172	protein-coding		WP_006235848.1	206	GXM19_RS07045
NZ_CP048433.1	1543600	1544745		minus	alanine racemase	alr	92850173	protein-coding		WP_006235847.1	381	GXM19_RS07050
NZ_CP048433.1	1544748	1546364		minus	NAD(P)H-hydrate dehydratase		92850174	protein-coding		WP_082222952.1	538	GXM19_RS07055
NZ_CP048433.1	1546365	1546904		minus	holo-ACP synthase	acpS	92850175	protein-coding		WP_006235843.1	179	GXM19_RS07060
NZ_CP048433.1	1547078	1547193		minus	5S ribosomal RNA	rrf	92850176	rRNA				GXM19_RS07065
NZ_CP048433.1	1547340	1550314		minus	23S ribosomal RNA		92850177	rRNA				GXM19_RS07070
NZ_CP048433.1	1550716	1552221		minus	16S ribosomal RNA		92850178	rRNA				GXM19_RS07075
NZ_CP048433.1	1553071	1553186		minus	5S ribosomal RNA	rrf	92850179	rRNA				GXM19_RS07080
NZ_CP048433.1	1553333	1556307		minus	23S ribosomal RNA		92850180	rRNA				GXM19_RS07085
NZ_CP048433.1	1556709	1558214		minus	16S ribosomal RNA		92850181	rRNA				GXM19_RS07090
NZ_CP048433.1	1558620	1560020		minus	phosphoglucomutase/phosphomannomutase family protein		92850182	protein-coding		WP_040359603.1	466	GXM19_RS07095
NZ_CP048433.1	1560179	1561072		minus	homocysteine S-methyltransferase family protein		92850183	protein-coding		WP_006235725.1	297	GXM19_RS07100
NZ_CP048433.1	1561083	1561505		minus	metal-dependent transcriptional regulator		92850184	protein-coding		WP_040359600.1	140	GXM19_RS07105
NZ_CP048433.1	1561626	1562873		plus	peptidase T	pepT	92850185	protein-coding		WP_040359598.1	415	GXM19_RS07110
NZ_CP048433.1	1563209	1564444		minus	LCP family protein		92850186	protein-coding		WP_006235722.1	411	GXM19_RS07115
NZ_CP048433.1	1564457	1565740		minus	UDP-N-acetylglucosamine 1-carboxyvinyltransferase	murA	92850187	protein-coding		WP_040359596.1	427	GXM19_RS07120
NZ_CP048433.1	1565829	1566221		minus	ATP synthase F1 subunit epsilon	atpC	92850188	protein-coding		WP_006235718.1	130	GXM19_RS07125
NZ_CP048433.1	1566225	1567679		minus	F0F1 ATP synthase subunit beta	atpD	92850189	protein-coding		WP_006235717.1	484	GXM19_RS07130
NZ_CP048433.1	1567679	1568587		minus	ATP synthase F1 subunit gamma	atpG	92850190	protein-coding		WP_006235716.1	302	GXM19_RS07135
NZ_CP048433.1	1568593	1570191		minus	F0F1 ATP synthase subunit alpha	atpA	92850191	protein-coding		WP_006235714.1	532	GXM19_RS07140
NZ_CP048433.1	1570191	1570667		minus	F0F1 ATP synthase subunit delta		92850192	protein-coding		WP_006235713.1	158	GXM19_RS07145
NZ_CP048433.1	1570657	1571259		minus	F0F1 ATP synthase subunit B	atpF	92850193	protein-coding		WP_006235712.1	200	GXM19_RS07150
NZ_CP048433.1	1571275	1571469		minus	ATP synthase subunit c family protein		92850194	protein-coding		WP_022094262.1	64	GXM19_RS07155
NZ_CP048433.1	1571594	1572397		minus	F0F1 ATP synthase subunit A	atpB	92850195	protein-coding		WP_022094263.1	267	GXM19_RS07160
NZ_CP048433.1	1572401	1572712		minus	hypothetical protein		92850196	protein-coding		WP_035138788.1	103	GXM19_RS07165
NZ_CP048433.1	1572993	1573640		minus	uracil phosphoribosyltransferase	upp	92850197	protein-coding		WP_040359658.1	215	GXM19_RS07170
NZ_CP048433.1	1573763	1575304		minus	glycerol kinase GlpK	glpK	92850198	protein-coding		WP_006235703.1	513	GXM19_RS07175
NZ_CP048433.1	1575318	1576061		minus	L-threonylcarbamoyladenylate synthase		92850199	protein-coding		WP_006235702.1	247	GXM19_RS07180
NZ_CP048433.1	1576211	1576513		minus	helix-turn-helix domain-containing protein		92850200	protein-coding		WP_006235701.1	100	GXM19_RS07185
NZ_CP048433.1	1576500	1576895		minus	type II toxin-antitoxin system RelE/ParE family toxin		92850201	protein-coding		WP_040359593.1	131	GXM19_RS07190
NZ_CP048433.1	1576971	1578227		minus	N5-glutamine methyltransferase family protein		92850202	protein-coding		WP_006235699.1	418	GXM19_RS07195
NZ_CP048433.1	1578823	1579890		minus	peptide chain release factor 1	prfA	92850203	protein-coding		WP_006235697.1	355	GXM19_RS07200
NZ_CP048433.1	1580136	1581551		minus	M20/M25/M40 family metallo-hydrolase		92850204	protein-coding		WP_006235694.1	471	GXM19_RS07205
NZ_CP048433.1	1581624	1582409		minus	amino acid ABC transporter ATP-binding protein		92850205	protein-coding		WP_006235692.1	261	GXM19_RS07210
NZ_CP048433.1	1582432	1583580		minus	amino acid ABC transporter permease		92850206	protein-coding		WP_006235691.1	382	GXM19_RS07215
NZ_CP048433.1	1583590	1584516		minus	transporter substrate-binding domain-containing protein		92850207	protein-coding		WP_006235690.1	308	GXM19_RS07220
NZ_CP048433.1	1584774	1585667		minus	aldose 1-epimerase family protein		92850208	protein-coding		WP_006235689.1	297	GXM19_RS07225
NZ_CP048433.1	1585747	1586616		minus	hypothetical protein		92850209	protein-coding		WP_006235688.1	289	GXM19_RS07230
NZ_CP048433.1	1586868	1588112		plus	MFS transporter		92850210	protein-coding		WP_050766163.1	414	GXM19_RS07235
NZ_CP048433.1	1588164	1588610		plus	low molecular weight protein-tyrosine-phosphatase		92850211	protein-coding		WP_040359588.1	148	GXM19_RS07240
NZ_CP048433.1	1588743	1589072		minus	TIGR04076 family protein		92850212	protein-coding		WP_006235684.1	109	GXM19_RS07245
NZ_CP048433.1	1589065	1589889		minus	PfkB family carbohydrate kinase		92850213	protein-coding		WP_006235683.1	274	GXM19_RS07250
NZ_CP048433.1	1590280	1590786		plus	MarR family winged helix-turn-helix transcriptional regulator		92850214	protein-coding		WP_006235682.1	168	GXM19_RS07255
NZ_CP048433.1	1590779	1592593		plus	ABC transporter ATP-binding protein		92850215	protein-coding		WP_040359586.1	604	GXM19_RS07260
NZ_CP048433.1	1592586	1594505		plus	ABC transporter ATP-binding protein		92850216	protein-coding		WP_006235680.1	639	GXM19_RS07265
NZ_CP048433.1	1594694	1594957		plus	type II toxin-antitoxin system Phd/YefM family antitoxin		92850217	protein-coding		WP_006235679.1	87	GXM19_RS07270
NZ_CP048433.1	1594950	1595264		plus	type II toxin-antitoxin system RelE/ParE family toxin		92850218	protein-coding		WP_006235678.1	104	GXM19_RS07275
NZ_CP048433.1	1595386	1595814		plus	MarR family winged helix-turn-helix transcriptional regulator		92850219	protein-coding		WP_040359584.1	142	GXM19_RS07280
NZ_CP048433.1	1595936	1597693		plus	ABC transporter ATP-binding protein		92850220	protein-coding		WP_006235676.1	585	GXM19_RS07285
NZ_CP048433.1	1597686	1599626		plus	ABC transporter ATP-binding protein		92850221	protein-coding		WP_006235675.1	646	GXM19_RS07290
NZ_CP048433.1	1599882	1600973		minus	GGDEF domain-containing protein		92850222	protein-coding		WP_050766162.1	363	GXM19_RS07295
NZ_CP048433.1	1601116	1601850		minus	class B sortase	srtB	92850223	protein-coding		WP_006235673.1	244	GXM19_RS07300
NZ_CP048433.1	1601871	1602233		minus	DUF7601 domain-containing protein		92850224	protein-coding		WP_006235672.1	120	GXM19_RS07305
NZ_CP048433.1	1602339	1603529		plus	IS256 family transposase		92850225	protein-coding		WP_040358202.1	396	GXM19_RS07310
NZ_CP048433.1	1603526	1604344		minus	DUF7601 domain-containing protein		92850226	protein-coding		WP_040359582.1	272	GXM19_RS07315
NZ_CP048433.1	1604396	1604929		minus	signal peptidase I	lepB	92850227	protein-coding		WP_162010724.1	177	GXM19_RS07320
NZ_CP048433.1	1605025	1608156		minus	DUF7601 domain-containing protein		92850228	protein-coding		WP_040359581.1	1043	GXM19_RS07325
NZ_CP048433.1	1608558	1609436		minus	LysR family transcriptional regulator		92850229	protein-coding		WP_040359577.1	292	GXM19_RS07330
NZ_CP048433.1	1609671	1610552		plus	SDR family NAD(P)-dependent oxidoreductase		92850230	protein-coding		WP_006235667.1	293	GXM19_RS07335
NZ_CP048433.1	1610619	1611875		plus	MFS transporter		92850231	protein-coding		WP_006235666.1	418	GXM19_RS07340
NZ_CP048433.1	1611945	1612985		plus	Gfo/Idh/MocA family protein		92850232	protein-coding		WP_006235665.1	346	GXM19_RS07345
NZ_CP048433.1	1613397	1614149		plus	Tex-like N-terminal domain-containing protein		310031140	protein-coding		WP_006235664.1	250	GXM19_RS11325
NZ_CP048433.1	1614216	1615544		plus	helix-hairpin-helix domain-containing protein		310031141	protein-coding		WP_006235663.1	442	GXM19_RS11330
NZ_CP048433.1	1615739	1616596		plus	IS256 family transposase		92850233	protein-coding		WP_006235662.1	285	GXM19_RS07355
NZ_CP048433.1	1616729	1617961		plus	IS21 family transposase	istA	92850234	protein-coding		WP_006234496.1	410	GXM19_RS07360
NZ_CP048433.1	1617961	1618734		plus	IS21-like element helper ATPase IstB	istB	92850235	protein-coding		WP_006234495.1	257	GXM19_RS07365
NZ_CP048433.1	1618876	1619334		plus	transposase		92850236	protein-coding		WP_050766159.1	152	GXM19_RS07370
NZ_CP048433.1	1619701	1620405		minus	transaldolase		92850237	protein-coding		WP_115596222.1	234	GXM19_RS07375
NZ_CP048433.1	1620599	1621426		minus	HAD-IIB family hydrolase		92850238	protein-coding		WP_006235660.1	275	GXM19_RS07380
NZ_CP048433.1	1621502	1624060		plus	bifunctional 23S rRNA (guanine(2069)-N(7))-methyltransferase RlmK/23S rRNA (guanine(2445)-N(2))-methyltransferase RlmL	rlmKL	92850239	protein-coding		WP_006235659.1	852	GXM19_RS07385
NZ_CP048433.1	1624155	1624868		minus	response regulator		92850240	protein-coding		WP_040359573.1	237	GXM19_RS07390
NZ_CP048433.1	1624873	1626498		minus	sensor histidine kinase		92850241	protein-coding		WP_006235657.1	541	GXM19_RS07395
NZ_CP048433.1	1626612	1626806		minus	hypothetical protein		92850242	protein-coding		WP_006235656.1	64	GXM19_RS07400
NZ_CP048433.1	1626876	1628903		minus	KUP/HAK/KT family potassium transporter		92850243	protein-coding		WP_006235655.1	675	GXM19_RS07405
NZ_CP048433.1	1629063	1629938		minus	nitroreductase family protein		92850244	protein-coding		WP_006235654.1	291	GXM19_RS07410
NZ_CP048433.1	1630153	1632453		plus	LTA synthase family protein		92850245	protein-coding		WP_006235653.1	766	GXM19_RS07415
NZ_CP048433.1	1633139	1637227		minus	fibronectin type III domain-containing protein		92850246	protein-coding		WP_040359569.1	1362	GXM19_RS07420
NZ_CP048433.1	1637968	1638519		minus	flavodoxin family protein BilS	bilS	92850247	protein-coding		WP_040359559.1	183	GXM19_RS07425
NZ_CP048433.1	1638816	1640675		minus	ABC transporter ATP-binding protein		92850248	protein-coding		WP_006235646.1	619	GXM19_RS07430
NZ_CP048433.1	1640676	1642526		minus	ABC transporter ATP-binding protein		92850249	protein-coding		WP_006235644.1	616	GXM19_RS07435
NZ_CP048433.1	1642876	1642971		minus	signal recognition particle sRNA small type	ffs	92850250	other				GXM19_RS07440
NZ_CP048433.1	1643142	1644923		minus	tRNA adenosine(34) deaminase TadA	tadA	92850251	protein-coding		WP_006235643.1	593	GXM19_RS07445
NZ_CP048433.1	1644975	1645064		plus	tRNA-Ser		92850252	tRNA				GXM19_RS07450
NZ_CP048433.1	1645067	1645651		minus	TetR/AcrR family transcriptional regulator		92850253	protein-coding		WP_050766158.1	194	GXM19_RS07455
NZ_CP048433.1	1645864	1646415		plus	LemA family protein		92850254	protein-coding		WP_006235641.1	183	GXM19_RS07460
NZ_CP048433.1	1646732	1647784		minus	branched-chain amino acid aminotransferase		92850255	protein-coding		WP_006235640.1	350	GXM19_RS07465
NZ_CP048433.1	1648073	1648720		minus	VTT domain-containing protein		92850256	protein-coding		WP_006235639.1	215	GXM19_RS07470
NZ_CP048433.1	1648951	1649655		plus	serine O-acetyltransferase	cysE	92850257	protein-coding		WP_040359553.1	234	GXM19_RS07475
NZ_CP048433.1	1649769	1651784		minus	ABC transporter ATP-binding protein		92850258	protein-coding		WP_006235636.1	671	GXM19_RS07480
NZ_CP048433.1	1651786	1653510		minus	ABC transporter ATP-binding protein		92850259	protein-coding		WP_006235634.1	574	GXM19_RS07485
NZ_CP048433.1	1653510	1654010		minus	MarR family winged helix-turn-helix transcriptional regulator		92850260	protein-coding		WP_006235633.1	166	GXM19_RS07490
NZ_CP048433.1	1654192	1654482		minus	hypothetical protein		92850261	protein-coding		WP_006235631.1	96	GXM19_RS07495
NZ_CP048433.1	1654777	1655298		plus	nitroreductase family protein		92850262	protein-coding		WP_006235630.1	173	GXM19_RS07500
NZ_CP048433.1	1655527	1656102		minus	hypothetical protein		92850263	protein-coding		WP_147293061.1	191	GXM19_RS07505
NZ_CP048433.1	1656187	1657404		minus	helix-turn-helix domain-containing protein		92850264	protein-coding		WP_006235628.1	405	GXM19_RS07510
NZ_CP048433.1	1657678	1658712		minus	YeiH family protein		92850265	protein-coding		WP_006235627.1	344	GXM19_RS07515
NZ_CP048433.1	1658906	1659607		plus	GntR family transcriptional regulator		92850266	protein-coding		WP_050766156.1	233	GXM19_RS07520
NZ_CP048433.1	1659725	1661572		minus	glutamine--fructose-6-phosphate transaminase (isomerizing)	glmS	92850267	protein-coding		WP_006235625.1	615	GXM19_RS07525
NZ_CP048433.1	1661885	1662997		plus	LacI family DNA-binding transcriptional regulator		92850268	protein-coding		WP_040359545.1	370	GXM19_RS07530
NZ_CP048433.1	1663111	1663761		minus	HAD family hydrolase		92850269	protein-coding		WP_006235623.1	216	GXM19_RS07535
NZ_CP048433.1	1663935	1664813		plus	ATP-dependent sacrificial sulfur transferase LarE	larE	92850270	protein-coding		WP_006235622.1	292	GXM19_RS07540
NZ_CP048433.1	1665596	1666048		minus	PTS sugar transporter subunit IIA		92850271	protein-coding		WP_006235619.1	150	GXM19_RS07545
NZ_CP048433.1	1666060	1666998		minus	transketolase family protein		92850272	protein-coding		WP_006235618.1	312	GXM19_RS07550
NZ_CP048433.1	1666998	1667828		minus	transketolase		92850273	protein-coding		WP_006235617.1	276	GXM19_RS07555
NZ_CP048433.1	1667892	1668575		minus	fructose-6-phosphate aldolase	fsa	92850274	protein-coding		WP_006235616.1	227	GXM19_RS07560
NZ_CP048433.1	1668701	1669975		minus	class II D-tagatose-bisphosphate aldolase non-catalytic subunit		92850275	protein-coding		WP_006235615.1	424	GXM19_RS07565
NZ_CP048433.1	1670120	1671592		minus	PTS fructose transporter subunit IIC		92850276	protein-coding		WP_006235614.1	490	GXM19_RS07570
NZ_CP048433.1	1672008	1673018		plus	LacI family DNA-binding transcriptional regulator		92850277	protein-coding		WP_040359542.1	336	GXM19_RS07575
NZ_CP048433.1	1673138	1674121		plus	DNA/RNA non-specific endonuclease		92850278	protein-coding		WP_050766155.1	327	GXM19_RS07580
NZ_CP048433.1	1674251	1676326		minus	elongation factor G		92850279	protein-coding		WP_040359539.1	691	GXM19_RS07585
NZ_CP048433.1	1676637	1677401		minus	amino acid ABC transporter ATP-binding protein		92850280	protein-coding		WP_040359537.1	254	GXM19_RS07590
NZ_CP048433.1	1677394	1678047		minus	amino acid ABC transporter permease		92850281	protein-coding		WP_006235606.1	217	GXM19_RS07595
NZ_CP048433.1	1678047	1678907		minus	transporter substrate-binding domain-containing protein		92850282	protein-coding		WP_006235605.1	286	GXM19_RS07600
NZ_CP048433.1	1679257	1680705		plus	23S rRNA (uracil(1939)-C(5))-methyltransferase RlmD	rlmD	92850283	protein-coding		WP_006235604.1	482	GXM19_RS07605
NZ_CP048433.1	1680771	1681592		minus	phosphatase		92850284	protein-coding		WP_006235603.1	273	GXM19_RS07610
NZ_CP048433.1	1681758	1682942		minus	pyridoxal phosphate-dependent aminotransferase		92850285	protein-coding		WP_040359535.1	394	GXM19_RS07615
NZ_CP048433.1	1683114	1685192		minus	ATP-dependent zinc metalloprotease FtsH	ftsH	92850286	protein-coding		WP_256637916.1	692	GXM19_RS07620
NZ_CP048433.1	1685254	1685802		minus	hypoxanthine phosphoribosyltransferase	hpt	92850287	protein-coding		WP_006235600.1	182	GXM19_RS07625
NZ_CP048433.1	1685951	1687489		minus	tRNA lysidine(34) synthetase TilS	tilS	92850288	protein-coding		WP_006235599.1	512	GXM19_RS07630
NZ_CP048433.1	1687538	1688347		plus	MBL fold metallo-hydrolase		92850289	protein-coding		WP_006235598.1	269	GXM19_RS07635
NZ_CP048433.1	1688430	1688861		minus	Hsp20/alpha crystallin family protein		92850290	protein-coding		WP_040359532.1	143	GXM19_RS07640
NZ_CP048433.1	1689139	1689606		plus	hypothetical protein		92850291	protein-coding		WP_138113597.1	155	GXM19_RS07645
NZ_CP048433.1	1689737	1689852		minus	5S ribosomal RNA	rrf	92850292	rRNA				GXM19_RS07650
NZ_CP048433.1	1689999	1692973		minus	23S ribosomal RNA		92850293	rRNA				GXM19_RS07655
NZ_CP048433.1	1693375	1694880		minus	16S ribosomal RNA		92850294	rRNA				GXM19_RS07660
NZ_CP048433.1	1695303	1696997		minus	phospho-sugar mutase		92850295	protein-coding		WP_006235592.1	564	GXM19_RS07665
NZ_CP048433.1	1697245	1697360		minus	5S ribosomal RNA	rrf	92850296	rRNA				GXM19_RS07670
NZ_CP048433.1	1697507	1700481		minus	23S ribosomal RNA		92850297	rRNA				GXM19_RS07675
NZ_CP048433.1	1700883	1702388		minus	16S ribosomal RNA		92850298	rRNA				GXM19_RS07680
NZ_CP048433.1	1703166	1703238		minus	tRNA-Lys		92850299	tRNA				GXM19_RS07685
NZ_CP048433.1	1703267	1704547		minus	aminopeptidase		92850300	protein-coding		WP_040360029.1	426	GXM19_RS07690
NZ_CP048433.1	1704637	1705212		minus	ABC-2 transporter permease		92850301	protein-coding		WP_035136480.1	191	GXM19_RS07695
NZ_CP048433.1	1705213	1706091		minus	phosphoribosylaminoimidazolesuccinocarboxamide synthase		92850302	protein-coding		WP_006236210.1	292	GXM19_RS07700
NZ_CP048433.1	1706210	1707775		minus	sensor histidine kinase		92850303	protein-coding		WP_040360026.1	521	GXM19_RS07705
NZ_CP048433.1	1707787	1708509		minus	response regulator transcription factor		92850304	protein-coding		WP_006236208.1	240	GXM19_RS07710
NZ_CP048433.1	1708663	1709874		minus	twin-arginine translocation signal domain-containing protein		92850305	protein-coding		WP_006236207.1	403	GXM19_RS07715
NZ_CP048433.1	1709874	1710137		minus	TIGR03905 family TSCPD domain-containing protein		92850306	protein-coding		WP_006236206.1	87	GXM19_RS07720
NZ_CP048433.1	1710266	1711612		minus	adenylosuccinate lyase	purB	92850307	protein-coding		WP_006236205.1	448	GXM19_RS07725
NZ_CP048433.1	1712036	1712110		minus	tRNA-Gly		92850308	tRNA				GXM19_RS07730
NZ_CP048433.1	1712408	1715839		plus	SpaA isopeptide-forming pilin-related protein		92850309	protein-coding		WP_006236204.1	1143	GXM19_RS07735
NZ_CP048433.1	1715906	1716124		minus	hypothetical protein		92850310	protein-coding		WP_022094153.1	72	GXM19_RS07740
NZ_CP048433.1	1716146	1719316		minus	hypothetical protein		92850311	protein-coding		WP_006236203.1	1056	GXM19_RS07745
NZ_CP048433.1	1719515	1720537		plus	helix-turn-helix transcriptional regulator		92850312	protein-coding		WP_006236202.1	340	GXM19_RS07750
NZ_CP048433.1	1720524	1721441		plus	helix-turn-helix transcriptional regulator		92850313	protein-coding		WP_006236201.1	305	GXM19_RS07755
NZ_CP048433.1	1721438	1724332		minus	helicase C-terminal domain-containing protein		92850314	protein-coding		WP_006236200.1	964	GXM19_RS07760
NZ_CP048433.1	1724326	1725291		minus	D-alanine--D-alanine ligase family protein		92850315	protein-coding		WP_006236199.1	321	GXM19_RS07765
NZ_CP048433.1	1725377	1726429		plus	dual-specificity RNA methyltransferase RlmN	rlmN	92850316	protein-coding		WP_006236198.1	350	GXM19_RS07770
NZ_CP048433.1	1726629	1726883		minus	hypothetical protein		92850317	protein-coding		WP_006236197.1	84	GXM19_RS07775
NZ_CP048433.1	1726873	1727778		minus	ParB/RepB/Spo0J family partition protein		92850318	protein-coding		WP_172544928.1	301	GXM19_RS07780
NZ_CP048433.1	1727771	1728571		minus	ParA family protein		92850319	protein-coding		WP_022093800.1	266	GXM19_RS07785
NZ_CP048433.1	1728706	1729443		minus	16S rRNA (guanine(527)-N(7))-methyltransferase RsmG	rsmG	92850320	protein-coding		WP_239057609.1	245	GXM19_RS07790
NZ_CP048433.1	1729540	1730109		minus	Jag family protein		92850321	protein-coding		WP_022093802.1	189	GXM19_RS07795
NZ_CP048433.1	1730154	1730924		minus	YidC/Oxa1 family membrane protein insertase		92850322	protein-coding		WP_006236192.1	256	GXM19_RS07800
NZ_CP048433.1	1730954	1731178		minus	membrane protein insertion efficiency factor YidD	yidD	92850323	protein-coding		WP_082222962.1	74	GXM19_RS07805
NZ_CP048433.1	1731175	1731513		minus	ribonuclease P protein component	rnpA	92850324	protein-coding		WP_006236191.1	112	GXM19_RS07810
NZ_CP048433.1	1731534	1731668		minus	50S ribosomal protein L34	rpmH	92850325	protein-coding		WP_019127408.1	44	GXM19_RS07815
NZ_CP048433.1	1732014	1733366		plus	ATP-binding protein		92850326	protein-coding		WP_006236189.1	450	GXM19_RS07820
NZ_CP048433.1	1733382	1735106		plus	DnaA ATPase domain-containing protein		92850327	protein-coding		WP_040360018.1	574	GXM19_RS07825
NZ_CP048433.1	1735345	1736448		plus	DNA polymerase III subunit beta	dnaN	92850328	protein-coding		WP_006236186.1	367	GXM19_RS07830
NZ_CP048433.1	1736459	1737565		plus	DNA replication/repair protein RecF	recF	92850329	protein-coding		WP_006236184.1	368	GXM19_RS07835
NZ_CP048433.1	1737552	1738115		plus	DciA family protein		92850330	protein-coding		WP_050766185.1	187	GXM19_RS07840
NZ_CP048433.1	1738221	1740251		plus	DNA topoisomerase (ATP-hydrolyzing) subunit B	gyrB	92850331	protein-coding		WP_040360015.1	676	GXM19_RS07845
NZ_CP048433.1	1740293	1743004		plus	DNA gyrase subunit A	gyrA	92850332	protein-coding		WP_115596225.1	903	GXM19_RS07850
NZ_CP048433.1	1743306	1743382		plus	tRNA-Ile		92850333	tRNA				GXM19_RS07855
NZ_CP048433.1	1743450	1743525		plus	tRNA-Ala		92850334	tRNA				GXM19_RS07860
NZ_CP048433.1	1743530	1743606		plus	tRNA-Ile		92850335	tRNA				GXM19_RS07865
NZ_CP048433.1	1743765	1744265		plus	bifunctional nuclease family protein		92850336	protein-coding		WP_006235839.1	166	GXM19_RS07870
NZ_CP048433.1	1744284	1744655		plus	hypothetical protein		92850337	protein-coding		WP_147293023.1	123	GXM19_RS07875
NZ_CP048433.1	1744686	1745135		plus	hypothetical protein		92850338	protein-coding		WP_040359688.1	149	GXM19_RS07880
NZ_CP048433.1	1745253	1747091		plus	translational GTPase TypA	typA	92850339	protein-coding		WP_006235837.1	612	GXM19_RS07885
NZ_CP048433.1	1747219	1748364		minus	DUF8173 domain-containing protein		92850340	protein-coding		WP_006235835.1	381	GXM19_RS07890
NZ_CP048433.1	1748472	1749161		minus	trimeric intracellular cation channel family protein		92850341	protein-coding		WP_239057610.1	229	GXM19_RS07895
NZ_CP048433.1	1749466	1750473		plus	PDDEXK family nuclease		92850342	protein-coding		WP_006235833.1	335	GXM19_RS07900
NZ_CP048433.1	1750634	1750724		minus	tRNA-Ser		92850343	tRNA				GXM19_RS07905
NZ_CP048433.1	1750773	1750863		minus	tRNA-Ser		92850344	tRNA				GXM19_RS07910
NZ_CP048433.1	1751368	1751661		plus	30S ribosomal protein S6	rpsF	92850345	protein-coding		WP_006235831.1	97	GXM19_RS07915
NZ_CP048433.1	1751710	1752162		plus	single-stranded DNA-binding protein		92850346	protein-coding		WP_006235830.1	150	GXM19_RS07920
NZ_CP048433.1	1752235	1752501		plus	30S ribosomal protein S18	rpsR	92850347	protein-coding		WP_006235829.1	88	GXM19_RS07925
NZ_CP048433.1	1752517	1753032		plus	50S ribosomal protein L9	rplI	92850348	protein-coding		WP_006235828.1	171	GXM19_RS07930
NZ_CP048433.1	1753252	1754649		plus	replicative DNA helicase	dnaB	92850349	protein-coding		WP_006235827.1	465	GXM19_RS07935
NZ_CP048433.1	1754743	1756029		plus	adenylosuccinate synthase		92850350	protein-coding		WP_006235826.1	428	GXM19_RS07940
NZ_CP048433.1	1756148	1757452		plus	phosphoribosylamine--glycine ligase	purD	92850351	protein-coding		WP_040359685.1	434	GXM19_RS07945
NZ_CP048433.1	1757474	1758169		plus	NUDIX domain-containing protein		92850352	protein-coding		WP_006235824.1	231	GXM19_RS07950
NZ_CP048433.1	1758250	1760022		plus	ABC transporter ATP-binding protein		92850353	protein-coding		WP_006235823.1	590	GXM19_RS07955
NZ_CP048433.1	1760042	1761007		plus	hypothetical protein		92850354	protein-coding		WP_006235822.1	321	GXM19_RS07960
NZ_CP048433.1	1761215	1762654		plus	glutamine-hydrolyzing carbamoyl-phosphate synthase small subunit	carA	92850355	protein-coding		WP_006235821.1	479	GXM19_RS07965
NZ_CP048433.1	1762656	1765970		plus	carbamoyl-phosphate synthase large subunit	carB	92850356	protein-coding		WP_006235820.1	1104	GXM19_RS07970
NZ_CP048433.1	1766240	1766716		plus	PTS sugar transporter subunit IIB		92850357	protein-coding		WP_006235818.1	158	GXM19_RS07975
NZ_CP048433.1	1766731	1767507		plus	PTS mannose/fructose/sorbose/N-acetylgalactosamine transporter subunit IIC		92850358	protein-coding		WP_006235817.1	258	GXM19_RS07980
NZ_CP048433.1	1767491	1768351		plus	PTS system mannose/fructose/sorbose family transporter subunit IID		92850359	protein-coding		WP_006235816.1	286	GXM19_RS07985
NZ_CP048433.1	1768348	1769103		minus	GntR family transcriptional regulator		92850360	protein-coding		WP_006235814.1	251	GXM19_RS07990
NZ_CP048433.1	1769228	1770295		plus	alpha/beta hydrolase		92850361	protein-coding		WP_006235813.1	355	GXM19_RS07995
NZ_CP048433.1	1770627	1770947		plus	type II toxin-antitoxin system prevent-host-death family antitoxin		92850362	protein-coding		WP_006235812.1	106	GXM19_RS08000
NZ_CP048433.1	1770944	1771294		plus	type II toxin-antitoxin system RelE family toxin		92850363	protein-coding		WP_006235811.1	116	GXM19_RS08005
NZ_CP048433.1	1771631	1772095		plus	5-(carboxyamino)imidazole ribonucleotide mutase	purE	92850364	protein-coding		WP_006235810.1	154	GXM19_RS08010
NZ_CP048433.1	1772131	1773129		plus	class B sortase		92850365	protein-coding		WP_006235809.1	332	GXM19_RS08015
NZ_CP048433.1	1773133	1773582		plus	molybdenum cofactor biosynthesis protein MoaE		92850366	protein-coding		WP_006235808.1	149	GXM19_RS08020
NZ_CP048433.1	1773673	1774902		minus	putative ABC transporter permease		92850367	protein-coding		WP_006235807.1	409	GXM19_RS08025
NZ_CP048433.1	1775197	1776867		plus	amidophosphoribosyltransferase		92850368	protein-coding		WP_006235806.1	556	GXM19_RS08030
NZ_CP048433.1	1777024	1778127		plus	phosphoribosylformylglycinamidine cyclo-ligase	purM	92850369	protein-coding		WP_006235805.1	367	GXM19_RS08035
NZ_CP048433.1	1778117	1778818		plus	phosphoribosylglycinamide formyltransferase	purN	92850370	protein-coding		WP_006235804.1	233	GXM19_RS08040
NZ_CP048433.1	1778971	1779435		plus	PTS sugar transporter subunit IIA		92850371	protein-coding		WP_006235803.1	154	GXM19_RS08045
NZ_CP048433.1	1779623	1780846		plus	peptidylprolyl isomerase		92850372	protein-coding		WP_006235802.1	407	GXM19_RS08050
NZ_CP048433.1	1780901	1781344		plus	GatB/YqeY domain-containing protein		92850373	protein-coding		WP_006235801.1	147	GXM19_RS08055
NZ_CP048433.1	1781523	1782032		plus	helix-turn-helix domain-containing protein		92850964	protein-coding		WP_006234481.1	169	GXM19_RS11130
NZ_CP048433.1	1781975	1782880		plus	IS3 family transposase		92850374	protein-coding		WP_082222915.1	301	GXM19_RS08065
NZ_CP048433.1	1783054	1783785		plus	amino acid ABC transporter ATP-binding protein		92850375	protein-coding		WP_006235800.1	243	GXM19_RS08070
NZ_CP048433.1	1783794	1784669		plus	transporter substrate-binding domain-containing protein		92850376	protein-coding		WP_006235799.1	291	GXM19_RS08075
NZ_CP048433.1	1784695	1785441		plus	amino acid ABC transporter permease		92850377	protein-coding		WP_006235798.1	248	GXM19_RS08080
NZ_CP048433.1	1785445	1786083		plus	amino acid ABC transporter permease		92850378	protein-coding		WP_006235796.1	212	GXM19_RS08085
NZ_CP048433.1	1786132	1786755		plus	cytidylate kinase-like family protein		92850379	protein-coding		WP_006235795.1	207	GXM19_RS08090
NZ_CP048433.1	1786878	1788287		minus	NADPH-dependent glutamate synthase	gltA	92850380	protein-coding		WP_006235794.1	469	GXM19_RS08095
NZ_CP048433.1	1788278	1789117		minus	sulfide/dihydroorotate dehydrogenase-like FAD/NAD-binding protein		92850381	protein-coding		WP_006235793.1	279	GXM19_RS08100
NZ_CP048433.1	1789491	1790120		minus	aminoacyl-tRNA hydrolase	pth	92850382	protein-coding		WP_006235792.1	209	GXM19_RS08105
NZ_CP048433.1	1790344	1791330		minus	ribose-phosphate diphosphokinase		92850383	protein-coding		WP_006235790.1	328	GXM19_RS08110
NZ_CP048433.1	1791524	1792936		minus	bifunctional UDP-N-acetylglucosamine diphosphorylase/glucosamine-1-phosphate N-acetyltransferase GlmU	glmU	92850384	protein-coding		WP_006235788.1	470	GXM19_RS08115
NZ_CP048433.1	1793136	1794023		plus	energy-coupling factor transporter transmembrane component T		92850385	protein-coding		WP_225094074.1	295	GXM19_RS08120
NZ_CP048433.1	1794023	1795666		plus	ABC transporter ATP-binding protein		92850386	protein-coding		WP_006235786.1	547	GXM19_RS08125
NZ_CP048433.1	1795671	1796384		plus	DUF6580 family putative transport protein		92850387	protein-coding		WP_006235785.1	237	GXM19_RS08130
NZ_CP048433.1	1796535	1797353		minus	exodeoxyribonuclease III		92850388	protein-coding		WP_006235784.1	272	GXM19_RS08135
NZ_CP048433.1	1797489	1798241		plus	NAD-dependent protein deacylase		92850389	protein-coding		WP_006235783.1	250	GXM19_RS08140
NZ_CP048433.1	1798337	1800079		plus	dihydropteroate synthase	folP	92850390	protein-coding		WP_115596153.1	580	GXM19_RS08145
NZ_CP048433.1	1800080	1800781		plus	hypothetical protein		92850391	protein-coding		WP_006235776.1	233	GXM19_RS08150
NZ_CP048433.1	1801032	1802228		plus	ATP-binding protein		92850392	protein-coding		WP_006235775.1	398	GXM19_RS08155
NZ_CP048433.1	1802315	1803088		minus	type III pantothenate kinase		92850393	protein-coding		WP_006235774.1	257	GXM19_RS08160
NZ_CP048433.1	1803286	1803362		plus	tRNA-Met		92850394	tRNA				GXM19_RS08165
NZ_CP048433.1	1803942	1804799		plus	MurR/RpiR family transcriptional regulator		92850395	protein-coding		WP_006235773.1	285	GXM19_RS08170
NZ_CP048433.1	1804874	1806202		minus	6-phospho-alpha-glucosidase		92850396	protein-coding		WP_040359682.1	442	GXM19_RS08175
NZ_CP048433.1	1806222	1806491		minus	hypothetical protein		92850397	protein-coding		WP_040359680.1	89	GXM19_RS08180
NZ_CP048433.1	1806530	1808092		minus	PTS transporter subunit EIIC		92850398	protein-coding		WP_006235769.1	520	GXM19_RS08185
NZ_CP048433.1	1808633	1808824		minus	helix-turn-helix domain-containing protein		92850399	protein-coding		WP_147293024.1	63	GXM19_RS08190
NZ_CP048433.1	1808953	1809342		minus	hypothetical protein		92850400	protein-coding		WP_006235767.1	129	GXM19_RS08195
NZ_CP048433.1	1809394	1809909		plus	helix-turn-helix domain-containing protein		92850401	protein-coding		WP_006235766.1	171	GXM19_RS08200
NZ_CP048433.1	1810548	1810916		plus	TIR domain-containing protein		92850402	protein-coding		WP_040359710.1	122	GXM19_RS08205
NZ_CP048433.1	1810927	1811916		plus	caspase family protein		92850403	protein-coding		WP_006235764.1	329	GXM19_RS08210
NZ_CP048433.1	1811988	1812944		minus	ORF6N domain-containing protein		92850404	protein-coding		WP_006235763.1	318	GXM19_RS08215
NZ_CP048433.1	1812993	1814087		minus	tyrosine-type recombinase/integrase		92850405	protein-coding		WP_187367069.1	364	GXM19_RS08220
NZ_CP048433.1	1814099	1814539		minus	hypothetical protein		92850406	protein-coding		WP_006235761.1	146	GXM19_RS08225
NZ_CP048433.1	1814766	1815923		minus	IS110 family RNA-guided transposase		92850407	protein-coding		WP_225093533.1	385	GXM19_RS08230
NZ_CP048433.1	1816952	1818982		plus	bilirubin reductase, long form	bilR	92850408	protein-coding		WP_040359676.1	676	GXM19_RS08235
NZ_CP048433.1	1819431	1819826		plus	helix-turn-helix domain-containing protein		92850409	protein-coding		WP_006235758.1	131	GXM19_RS08240
NZ_CP048433.1	1820008	1822890		plus	proton-conducting transporter transmembrane domain-containing protein		92850410	protein-coding		WP_006235757.1	960	GXM19_RS08245
NZ_CP048433.1	1822903	1823490		plus	NADH-quinone oxidoreductase subunit B family protein		92850411	protein-coding		WP_006235756.1	195	GXM19_RS08250
NZ_CP048433.1	1823490	1824206		plus	NADH-quinone oxidoreductase subunit C		92850412	protein-coding		WP_006235755.1	238	GXM19_RS08255
NZ_CP048433.1	1824212	1825300		plus	hydrogenase large subunit		92850413	protein-coding		WP_006235754.1	362	GXM19_RS08260
NZ_CP048433.1	1825308	1825649		plus	4Fe-4S dicluster domain-containing protein		92850414	protein-coding		WP_006235753.1	113	GXM19_RS08265
NZ_CP048433.1	1826357	1833655		plus	Spy0128 family protein		92850415	protein-coding		WP_006235752.1	2432	GXM19_RS08270
NZ_CP048433.1	1834257	1834886		minus	response regulator		92850416	protein-coding		WP_006235751.1	209	GXM19_RS08275
NZ_CP048433.1	1834883	1836028		minus	sensor histidine kinase		92850417	protein-coding		WP_006235749.1	381	GXM19_RS08280
NZ_CP048433.1	1836227	1837165		plus	ABC transporter ATP-binding protein		92850418	protein-coding		WP_006235748.1	312	GXM19_RS08285
NZ_CP048433.1	1837175	1838362		plus	ABC transporter permease		92850419	protein-coding		WP_006235747.1	395	GXM19_RS08290
NZ_CP048433.1	1838349	1839554		plus	ABC transporter permease		92850420	protein-coding		WP_006235746.1	401	GXM19_RS08295
NZ_CP048433.1	1839629	1840534		minus	IS3 family transposase		92850421	protein-coding		WP_082222915.1	301	GXM19_RS08300
NZ_CP048433.1	1840477	1840986		minus	helix-turn-helix domain-containing protein		92850965	protein-coding		WP_006234481.1	169	GXM19_RS11135
NZ_CP048433.1	1841366	1841908		plus	IS110 family transposase		92850422	protein-coding		WP_050766167.1	180	GXM19_RS08310
NZ_CP048433.1	1841898	1842671		minus	IS21-like element helper ATPase IstB	istB	92850423	protein-coding		WP_006234495.1	257	GXM19_RS08315
NZ_CP048433.1	1842671	1843903		minus	IS21 family transposase	istA	92850424	protein-coding		WP_006234496.1	410	GXM19_RS08320
NZ_CP048433.1	1844154	1844513		plus	IS110 family transposase		92850425	protein-coding		WP_050766140.1	119	GXM19_RS08325
NZ_CP048433.1	1844648	1845361		plus	ABC transporter ATP-binding protein		92850426	protein-coding		WP_040359674.1	237	GXM19_RS08330
NZ_CP048433.1	1845370	1848042		plus	ABC transporter permease		92850427	protein-coding		WP_006235743.1	890	GXM19_RS08335
NZ_CP048433.1	1848252	1848761		plus	helix-turn-helix domain-containing protein		92850966	protein-coding		WP_006234611.1	169	GXM19_RS11140
NZ_CP048433.1	1848704	1849609		plus	IS3 family transposase		92850428	protein-coding		WP_082222915.1	301	GXM19_RS08345
NZ_CP048433.1	1849762	1850967		plus	DUF362 domain-containing protein		92850429	protein-coding		WP_006235742.1	401	GXM19_RS08350
NZ_CP048433.1	1851101	1852066		minus	alpha/beta hydrolase		92850430	protein-coding		WP_006235741.1	321	GXM19_RS08355
NZ_CP048433.1	1852253	1852936		plus	PAQR family membrane homeostasis protein TrhA	trhA	92850431	protein-coding		WP_006235740.1	227	GXM19_RS08360
NZ_CP048433.1	1853047	1854420		plus	hemolysin family protein		92850432	protein-coding		WP_006235739.1	457	GXM19_RS08365
NZ_CP048433.1	1854445	1855278		plus	cyanophycin synthetase family protein		92850967	protein-coding		WP_006235738.1	277	GXM19_RS11145
NZ_CP048433.1	1855415	1855804		plus	YtxH domain-containing protein		92850433	protein-coding		WP_035136593.1	129	GXM19_RS08375
NZ_CP048433.1	1855804	1856559		plus	PRC-barrel domain-containing protein		92850434	protein-coding		WP_006235736.1	251	GXM19_RS08380
NZ_CP048433.1	1856632	1858038		plus	polysaccharide deacetylase family protein		92850435	protein-coding		WP_040359671.1	468	GXM19_RS08385
NZ_CP048433.1	1858286	1859473		plus	IS110 family RNA-guided transposase		92850436	protein-coding		WP_239057611.1	395	GXM19_RS08390
NZ_CP048433.1	1859810	1861654		plus	magnesium transporter		92850437	protein-coding		WP_040359669.1	614	GXM19_RS08395
NZ_CP048433.1	1861729	1862925		plus	Nramp family divalent metal transporter		92850438	protein-coding		WP_006235731.1	398	GXM19_RS08400
NZ_CP048433.1	1863354	1864688		minus	IS256 family transposase		92850439	protein-coding		WP_115596155.1	444	GXM19_RS08405
NZ_CP048433.1	1865029	1865454		plus	IS110 family transposase		92850440	protein-coding		WP_239057612.1	141	GXM19_RS08410
NZ_CP048433.1	1865499	1866640		plus	IS3 family transposase		92850442	protein-coding		WP_370448105.1	380	GXM19_RS08420
NZ_CP048433.1	1867052	1868284		plus	IS21 family transposase	istA	92850443	protein-coding		WP_006234496.1	410	GXM19_RS08425
NZ_CP048433.1	1868284	1869057		plus	IS21-like element helper ATPase IstB	istB	92850444	protein-coding		WP_006234495.1	257	GXM19_RS08430
NZ_CP048433.1	1869135	1869623		plus	transposase		92850445	protein-coding		WP_239057613.1	162	GXM19_RS08435
NZ_CP048433.1	1869737	1870894		minus	IS110 family RNA-guided transposase		92850446	protein-coding		WP_225093533.1	385	GXM19_RS08440
NZ_CP048433.1	1871565	1873781		minus	acyltransferase family protein		92850447	protein-coding		WP_006236305.1	738	GXM19_RS08445
NZ_CP048433.1	1873969	1874931		plus	ribokinase		92850448	protein-coding		WP_040360116.1	320	GXM19_RS08450
NZ_CP048433.1	1874962	1875936		plus	nucleoside hydrolase		92850449	protein-coding		WP_006236303.1	324	GXM19_RS08455
NZ_CP048433.1	1876186	1877025		plus	PRD domain-containing protein		92850450	protein-coding		WP_040360113.1	279	GXM19_RS08460
NZ_CP048433.1	1877096	1878544		plus	PTS transporter subunit EIIC		92850451	protein-coding		WP_040360110.1	482	GXM19_RS08465
NZ_CP048433.1	1878691	1880109		plus	6-phospho-beta-glucosidase		92850452	protein-coding		WP_040360109.1	472	GXM19_RS08470
NZ_CP048433.1	1880292	1881302		plus	LacI family DNA-binding transcriptional regulator		92850453	protein-coding		WP_040360103.1	336	GXM19_RS08475
NZ_CP048433.1	1881505	1881993		plus	S-ribosylhomocysteine lyase		92850454	protein-coding		WP_006236297.1	162	GXM19_RS08480
NZ_CP048433.1	1882129	1882773		plus	DUF4867 family protein		92850455	protein-coding		WP_006236296.1	214	GXM19_RS08485
NZ_CP048433.1	1883027	1884826		plus	histidine kinase N-terminal 7TM domain-containing protein		92850456	protein-coding		WP_040360126.1	599	GXM19_RS08490
NZ_CP048433.1	1884823	1886322		plus	sensor histidine kinase		92850457	protein-coding		WP_147293025.1	499	GXM19_RS08495
NZ_CP048433.1	1886319	1886939		plus	response regulator transcription factor		92850458	protein-coding		WP_006236292.1	206	GXM19_RS08500
NZ_CP048433.1	1887051	1887893		minus	hypothetical protein		92850459	protein-coding		WP_050766192.1	280	GXM19_RS08505
NZ_CP048433.1	1887974	1889215		minus	SPFH domain-containing protein		92850460	protein-coding		WP_006236289.1	413	GXM19_RS08510
NZ_CP048433.1	1889264	1890586		minus	hypothetical protein		92850461	protein-coding		WP_006236288.1	440	GXM19_RS08515
NZ_CP048433.1	1890611	1891348		minus	DUF4428 domain-containing protein		92850462	protein-coding		WP_006236287.1	245	GXM19_RS08520
NZ_CP048433.1	1891740	1893254		plus	helix-turn-helix transcriptional regulator		92850463	protein-coding		WP_040360100.1	504	GXM19_RS08525
NZ_CP048433.1	1893436	1896204		minus	magnesium-translocating P-type ATPase	mgtA	92850464	protein-coding		WP_006236285.1	922	GXM19_RS08530
NZ_CP048433.1	1896642	1897325		plus	orotate phosphoribosyltransferase	pyrE	92850465	protein-coding		WP_006236284.1	227	GXM19_RS08535
NZ_CP048433.1	1897853	1898164		minus	transposase		92850968	protein-coding		WP_233544231.1	103	GXM19_RS11150
NZ_CP048433.1	1898104	1899042		minus	IS110 family transposase		92850466	protein-coding		WP_338149297.1	312	GXM19_RS08540
NZ_CP048433.1	1899254	1899808		minus	MurR/RpiR family transcriptional regulator		92850467	protein-coding		WP_050766130.1	184	GXM19_RS08545
NZ_CP048433.1	1899995	1900531		plus	PTS sugar transporter subunit IIA		92850468	protein-coding		WP_006235238.1	178	GXM19_RS08550
NZ_CP048433.1	1900844	1901587		plus	hypothetical protein		92850469	protein-coding		WP_040359153.1	247	GXM19_RS08555
NZ_CP048433.1	1901941	1902498		plus	hypothetical protein		92850470	protein-coding		WP_006235235.1	185	GXM19_RS08560
NZ_CP048433.1	1902819	1903646		minus	ATP-binding protein		92850471	protein-coding		WP_006235234.1	275	GXM19_RS08565
NZ_CP048433.1	1903643	1904896		minus	IS21 family transposase	istA	92850472	protein-coding		WP_006235233.1	417	GXM19_RS08570
NZ_CP048433.1	1905265	1905933		minus	HAD family hydrolase		92850473	protein-coding		WP_040359150.1	222	GXM19_RS08575
NZ_CP048433.1	1906059	1907093		minus	hydrogenase expression/formation protein HypE	hypE	92850474	protein-coding		WP_006235231.1	344	GXM19_RS08580
NZ_CP048433.1	1907142	1908254		minus	hydrogenase formation protein HypD	hypD	92850475	protein-coding		WP_172544907.1	370	GXM19_RS08585
NZ_CP048433.1	1908254	1908514		minus	HypC/HybG/HupF family hydrogenase formation chaperone		92850476	protein-coding		WP_006235228.1	86	GXM19_RS08590
NZ_CP048433.1	1908646	1911117		minus	carbamoyltransferase HypF	hypF	92850477	protein-coding		WP_006235227.1	823	GXM19_RS08595
NZ_CP048433.1	1911235	1911747		minus	nickel-responsive transcriptional regulator NikR	nikR	92850478	protein-coding		WP_022094795.1	170	GXM19_RS08600
NZ_CP048433.1	1911749	1911997		minus	hypothetical protein		92850479	protein-coding		WP_006235225.1	82	GXM19_RS08605
NZ_CP048433.1	1912229	1912549		minus	thioredoxin	trxA	92850480	protein-coding		WP_040359205.1	106	GXM19_RS08610
NZ_CP048433.1	1912686	1913261		plus	hypothetical protein		92850481	protein-coding		WP_040359148.1	191	GXM19_RS08615
NZ_CP048433.1	1913280	1914557		minus	sensor histidine kinase		92850482	protein-coding		WP_006235222.1	425	GXM19_RS08620
NZ_CP048433.1	1914557	1915279		minus	LytR/AlgR family response regulator transcription factor		92850483	protein-coding		WP_006235221.1	240	GXM19_RS08625
NZ_CP048433.1	1915572	1916597		plus	quinolinate synthase NadA	nadA	92850484	protein-coding		WP_006235220.1	341	GXM19_RS08630
NZ_CP048433.1	1916626	1918029		plus	FAD-binding protein		92850485	protein-coding		WP_050766129.1	467	GXM19_RS08635
NZ_CP048433.1	1918033	1918893		plus	carboxylating nicotinate-nucleotide diphosphorylase	nadC	92850486	protein-coding		WP_006235218.1	286	GXM19_RS08640
NZ_CP048433.1	1918893	1919438		plus	transcription repressor NadR		92850487	protein-coding		WP_006235217.1	181	GXM19_RS08645
NZ_CP048433.1	1919640	1919891		minus	ferredoxin family protein		92850488	protein-coding		WP_158564522.1	83	GXM19_RS08650
NZ_CP048433.1	1920484	1922376		plus	molecular chaperone DnaK	dnaK	92850489	protein-coding		WP_006235214.1	630	GXM19_RS08655
NZ_CP048433.1	1922379	1923221		plus	nucleotide exchange factor GrpE		92850490	protein-coding		WP_006235212.1	280	GXM19_RS08660
NZ_CP048433.1	1923330	1924295		plus	DnaJ C-terminal domain-containing protein		92850491	protein-coding		WP_006235211.1	321	GXM19_RS08665
NZ_CP048433.1	1924368	1924784		plus	heat shock protein transcriptional repressor HspR		92850492	protein-coding		WP_006235210.1	138	GXM19_RS08670
NZ_CP048433.1	1925173	1927473		plus	hydratase		92850493	protein-coding		WP_006235209.1	766	GXM19_RS08675
NZ_CP048433.1	1927948	1928616		minus	hypothetical protein		92850494	protein-coding		WP_006235207.1	222	GXM19_RS08680
NZ_CP048433.1	1928851	1929522		plus	hypothetical protein		92850495	protein-coding		WP_147293026.1	223	GXM19_RS08685
NZ_CP048433.1	1929890	1932517		plus	ATP-dependent chaperone ClpB	clpB	92850496	protein-coding		WP_006235205.1	875	GXM19_RS08690
NZ_CP048433.1	1932650	1932844		plus	hypothetical protein		92850497	protein-coding		WP_040359140.1	64	GXM19_RS08695
NZ_CP048433.1	1933166	1934518		plus	ATP-binding protein		92850498	protein-coding		WP_006235203.1	450	GXM19_RS08700
NZ_CP048433.1	1934592	1936088		minus	hypothetical protein		92850499	protein-coding		WP_006235202.1	498	GXM19_RS08705
NZ_CP048433.1	1936328	1937335		minus	DUF5692 family protein		92850500	protein-coding		WP_006235201.1	335	GXM19_RS08710
NZ_CP048433.1	1937399	1938061		minus	TetR/AcrR family transcriptional regulator		92850501	protein-coding		WP_006235200.1	220	GXM19_RS08715
NZ_CP048433.1	1938249	1941026		plus	FAD-dependent oxidoreductase		92850502	protein-coding		WP_006235199.1	925	GXM19_RS08720
NZ_CP048433.1	1941057	1941485		plus	hydrogenase maturation nickel metallochaperone HypA/HybF		92850503	protein-coding		WP_040359136.1	142	GXM19_RS08725
NZ_CP048433.1	1941891	1942880		plus	PTS sugar transporter subunit IIB		92850504	protein-coding		WP_006235196.1	329	GXM19_RS08730
NZ_CP048433.1	1942899	1943717		plus	PTS mannose/fructose/sorbose transporter subunit IIC		92850505	protein-coding		WP_006235195.1	272	GXM19_RS08735
NZ_CP048433.1	1943734	1944654		plus	PTS system mannose/fructose/sorbose family transporter subunit IID		92850506	protein-coding		WP_006235194.1	306	GXM19_RS08740
NZ_CP048433.1	1944775	1945173		plus	DUF956 family protein		92850507	protein-coding		WP_006235193.1	132	GXM19_RS08745
NZ_CP048433.1	1945443	1945518		plus	tRNA-Arg		92850508	tRNA				GXM19_RS08750
NZ_CP048433.1	1945914	1948742		plus	DNA methyltransferase		92850969	protein-coding		WP_006235192.1	942	GXM19_RS11155
NZ_CP048433.1	1948742	1950511		plus	GmrSD restriction endonuclease domain-containing protein		92850509	protein-coding		WP_040359134.1	589	GXM19_RS08760
NZ_CP048433.1	1950996	1951934		minus	relaxase/mobilization nuclease domain-containing protein		92850510	protein-coding		WP_006235190.1	312	GXM19_RS08765
NZ_CP048433.1	1951945	1953861		minus	type IV secretory system conjugative DNA transfer family protein		92850511	protein-coding		WP_162010716.1	638	GXM19_RS08770
NZ_CP048433.1	1953864	1954208		minus	plasmid mobilization protein		92850512	protein-coding		WP_006235188.1	114	GXM19_RS08775
NZ_CP048433.1	1954212	1955108		minus	DnaB-like helicase C-terminal domain-containing protein		92850513	protein-coding		WP_006235187.1	298	GXM19_RS08780
NZ_CP048433.1	1955108	1955350		minus	hypothetical protein		92850514	protein-coding		WP_006235186.1	80	GXM19_RS08785
NZ_CP048433.1	1955443	1956129		minus	hypothetical protein		92850515	protein-coding		WP_006235185.1	228	GXM19_RS08790
NZ_CP048433.1	1956194	1957501		minus	tyrosine-type recombinase/integrase		92850516	protein-coding		WP_006235184.1	435	GXM19_RS08795
NZ_CP048433.1	1958062	1960023		minus	Stk1 family PASTA domain-containing Ser/Thr kinase	pknB	92850517	protein-coding		WP_006235183.1	653	GXM19_RS08800
NZ_CP048433.1	1960156	1963026		minus	FtsW/RodA/SpoVE family cell cycle protein		92850518	protein-coding		WP_006235182.1	956	GXM19_RS08805
NZ_CP048433.1	1963043	1964977		minus	Stp1/IreP family PP2C-type Ser/Thr phosphatase		92850519	protein-coding		WP_006235181.1	644	GXM19_RS08810
NZ_CP048433.1	1964974	1965390		minus	FHA domain-containing protein		92850520	protein-coding		WP_006235180.1	138	GXM19_RS08815
NZ_CP048433.1	1965397	1966410		minus	FhaA domain-containing protein		92850521	protein-coding		WP_035136732.1	337	GXM19_RS08820
NZ_CP048433.1	1966407	1968260		minus	serine/threonine-protein kinase		92850522	protein-coding		WP_006235178.1	617	GXM19_RS08825
NZ_CP048433.1	1968409	1969125		minus	hypothetical protein		92850523	protein-coding		WP_006235177.1	238	GXM19_RS08830
NZ_CP048433.1	1969241	1971718		plus	DNA polymerase III subunit gamma/tau	dnaX	92850524	protein-coding		WP_006235176.1	825	GXM19_RS08835
NZ_CP048433.1	1971740	1972213		minus	hypothetical protein		92850525	protein-coding		WP_006235175.1	157	GXM19_RS08840
NZ_CP048433.1	1972553	1972873		plus	YbaB/EbfC family nucleoid-associated protein		92850526	protein-coding		WP_006235174.1	106	GXM19_RS08845
NZ_CP048433.1	1972887	1973483		plus	recombination mediator RecR	recR	92850527	protein-coding		WP_006235173.1	198	GXM19_RS08850
NZ_CP048433.1	1973729	1974634		plus	hypothetical protein		92850528	protein-coding		WP_006235172.1	301	GXM19_RS08855
NZ_CP048433.1	1974631	1976475		plus	serine/threonine protein kinase		92850529	protein-coding		WP_006235171.1	614	GXM19_RS08860
NZ_CP048433.1	1976479	1977417		plus	FHA domain-containing protein		92850530	protein-coding		WP_006235170.1	312	GXM19_RS08865
NZ_CP048433.1	1977869	1981408		plus	pyruvate:ferredoxin (flavodoxin) oxidoreductase	nifJ	92850531	protein-coding		WP_040359129.1	1179	GXM19_RS08870
NZ_CP048433.1	1982093	1983055		plus	carbamate kinase	arcC	92850532	protein-coding		WP_006235166.1	320	GXM19_RS08875
NZ_CP048433.1	1983360	1984361		minus	C39 family peptidase		92850942	protein-coding		WP_203572362.1	333	GXM19_RS11005
NZ_CP048433.1	1984716	1986167		plus	APC family permease		92850533	protein-coding		WP_006235164.1	483	GXM19_RS08885
NZ_CP048433.1	1986299	1987576		plus	metal-dependent hydrolase family protein		92850534	protein-coding		WP_006235163.1	425	GXM19_RS08890
NZ_CP048433.1	1987689	1989080		plus	sensor histidine kinase		92850535	protein-coding		WP_115596235.1	463	GXM19_RS08895
NZ_CP048433.1	1989119	1989853		plus	LytR/AlgR family response regulator transcription factor		92850536	protein-coding		WP_006235161.1	244	GXM19_RS08900
NZ_CP048433.1	1989946	1990890		plus	zinc dependent phospholipase C family protein		92850537	protein-coding		WP_006235160.1	314	GXM19_RS08905
NZ_CP048433.1	1990992	1992251		plus	MFS transporter		92850538	protein-coding		WP_006235159.1	419	GXM19_RS08910
NZ_CP048433.1	1992423	1993610		plus	glycosyltransferase		92850539	protein-coding		WP_006235158.1	395	GXM19_RS08915
NZ_CP048433.1	1993607	1994950		plus	histidine kinase		92850540	protein-coding		WP_006235157.1	447	GXM19_RS08920
NZ_CP048433.1	1995023	1995739		plus	LytR/AlgR family response regulator transcription factor		92850541	protein-coding		WP_006235156.1	238	GXM19_RS08925
NZ_CP048433.1	1995836	1996303		plus	YfcE family phosphodiesterase		92850542	protein-coding		WP_006235155.1	155	GXM19_RS08930
NZ_CP048433.1	1996715	1996792		plus	tRNA-Asp		92850543	tRNA				GXM19_RS08935
NZ_CP048433.1	1997152	1997637		plus	RrF2 family transcriptional regulator		92850544	protein-coding		WP_022094514.1	161	GXM19_RS08940
NZ_CP048433.1	1997659	1998564		plus	HhH-GPD family protein		92850545	protein-coding		WP_006235153.1	301	GXM19_RS08945
NZ_CP048433.1	1998679	1999218		plus	rubrerythrin	rbr	92850546	protein-coding		WP_006235152.1	179	GXM19_RS08950
NZ_CP048433.1	1999497	2000129		plus	hypothetical protein		92850547	protein-coding		WP_006235151.1	210	GXM19_RS08955
NZ_CP048433.1	2000593	2001015		plus	hypothetical protein		92850548	protein-coding		WP_006235149.1	140	GXM19_RS08960
NZ_CP048433.1	2001140	2002495		plus	DNA recombination protein RmuC		92850549	protein-coding		WP_006235148.1	451	GXM19_RS08965
NZ_CP048433.1	2002621	2004423		plus	ABC transporter ATP-binding protein		92850550	protein-coding		WP_040359125.1	600	GXM19_RS08970
NZ_CP048433.1	2004487	2005152		plus	endonuclease III	nth	92850551	protein-coding		WP_006235145.1	221	GXM19_RS08975
NZ_CP048433.1	2005310	2008942		plus	transcription-repair coupling factor	mfd	92850552	protein-coding		WP_006235144.1	1210	GXM19_RS08980
NZ_CP048433.1	2008999	2009862		plus	phosphatase PAP2 family protein		92850553	protein-coding		WP_006235143.1	287	GXM19_RS08985
NZ_CP048433.1	2009908	2010933		plus	threonine aldolase family protein		92850554	protein-coding		WP_006235142.1	341	GXM19_RS08990
NZ_CP048433.1	2011011	2011601		plus	GNAT family N-acetyltransferase		92850555	protein-coding		WP_006235141.1	196	GXM19_RS08995
NZ_CP048433.1	2011623	2012345		minus	GntR family transcriptional regulator		92850556	protein-coding		WP_006235140.1	240	GXM19_RS09000
NZ_CP048433.1	2012551	2013543		plus	SIS domain-containing protein		92850557	protein-coding		WP_006235139.1	330	GXM19_RS09005
NZ_CP048433.1	2013775	2014857		plus	DMT family transporter		92850558	protein-coding		WP_022095163.1	360	GXM19_RS09010
NZ_CP048433.1	2015041	2015964		plus	PTS sugar transporter subunit IIAB		92850559	protein-coding		WP_006235137.1	307	GXM19_RS09015
NZ_CP048433.1	2016001	2016795		plus	PTS mannose/fructose/sorbose/N-acetylgalactosamine transporter subunit IIC		92850560	protein-coding		WP_006235136.1	264	GXM19_RS09020
NZ_CP048433.1	2016809	2017642		plus	PTS system mannose/fructose/sorbose family transporter subunit IID		92850561	protein-coding		WP_006235135.1	277	GXM19_RS09025
NZ_CP048433.1	2017842	2018825		plus	SIS domain-containing protein		92850562	protein-coding		WP_229025861.1	327	GXM19_RS09030
NZ_CP048433.1	2018985	2019614		plus	HAD family hydrolase		92850563	protein-coding		WP_035136782.1	209	GXM19_RS09035
NZ_CP048433.1	2019969	2020976		plus	YitT family protein		92850564	protein-coding		WP_040359122.1	335	GXM19_RS09040
NZ_CP048433.1	2021195	2021914		plus	GntR family transcriptional regulator		92850565	protein-coding		WP_006235129.1	239	GXM19_RS09045
NZ_CP048433.1	2022237	2024216		plus	RecQ family ATP-dependent DNA helicase		92850566	protein-coding		WP_006235128.1	659	GXM19_RS09050
NZ_CP048433.1	2024219	2024974		plus	GntR family transcriptional regulator		92850567	protein-coding		WP_006235127.1	251	GXM19_RS09055
NZ_CP048433.1	2025119	2026087		plus	SIS domain-containing protein		92850568	protein-coding		WP_006235126.1	322	GXM19_RS09060
NZ_CP048433.1	2026221	2027198		minus	L-lactate dehydrogenase		92850569	protein-coding		WP_006235125.1	325	GXM19_RS09065
NZ_CP048433.1	2027410	2028336		plus	homoserine O-acetyltransferase MetA	metA	92850570	protein-coding		WP_006235124.1	308	GXM19_RS09070
NZ_CP048433.1	2028799	2029761		plus	hypothetical protein		92850571	protein-coding		WP_147293028.1	320	GXM19_RS09075
NZ_CP048433.1	2029929	2030525		minus	5-formyltetrahydrofolate cyclo-ligase		92850572	protein-coding		WP_006235121.1	198	GXM19_RS09080
NZ_CP048433.1	2030660	2033704		minus	insulinase family protein		92850573	protein-coding		WP_006235120.1	1014	GXM19_RS09085
NZ_CP048433.1	2034328	2035794		plus	ATP-binding protein		92850574	protein-coding		WP_006235119.1	488	GXM19_RS09090
NZ_CP048433.1	2035895	2036386		minus	hypothetical protein		92850575	protein-coding		WP_035136794.1	163	GXM19_RS09095
NZ_CP048433.1	2036602	2037684		plus	HNH endonuclease		92850576	protein-coding		WP_006235116.1	360	GXM19_RS09100
NZ_CP048433.1	2038129	2038815		minus	DUF5710 domain-containing protein		92850577	protein-coding		WP_006235114.1	228	GXM19_RS09105
NZ_CP048433.1	2039110	2039184		minus	tRNA-Val		92850578	tRNA				GXM19_RS09110
NZ_CP048433.1	2039474	2040496		plus	DMT family transporter		92850579	protein-coding		WP_006235113.1	340	GXM19_RS09115
NZ_CP048433.1	2040646	2042958		plus	DUF4012 domain-containing protein		92850580	protein-coding		WP_040359119.1	770	GXM19_RS09120
NZ_CP048433.1	2043042	2044373		plus	phosphoglucosamine mutase	glmM	92850581	protein-coding		WP_006235111.1	443	GXM19_RS09125
NZ_CP048433.1	2044471	2046054		minus	carboxypeptidase M32		92850582	protein-coding		WP_006235110.1	527	GXM19_RS09130
NZ_CP048433.1	2046560	2047636		plus	phenylalanine--tRNA ligase subunit alpha	pheS	92850583	protein-coding		WP_040359117.1	358	GXM19_RS09135
NZ_CP048433.1	2047798	2050251		plus	phenylalanine--tRNA ligase subunit beta	pheT	92850584	protein-coding		WP_006235108.1	817	GXM19_RS09140
NZ_CP048433.1	2050498	2051583		plus	cobalt transporter CbiM	cbiM	92850585	protein-coding		WP_006235107.1	361	GXM19_RS09145
NZ_CP048433.1	2051561	2052397		plus	energy-coupling factor transporter transmembrane component T family protein		92850586	protein-coding		WP_006235106.1	278	GXM19_RS09150
NZ_CP048433.1	2052426	2053214		plus	energy-coupling factor ABC transporter ATP-binding protein		92850587	protein-coding		WP_162010714.1	262	GXM19_RS09155
NZ_CP048433.1	2053295	2054143		plus	hypothetical protein		92850588	protein-coding		WP_050766125.1	282	GXM19_RS09160
NZ_CP048433.1	2054348	2055808		minus	pyruvate kinase	pyk	92850589	protein-coding		WP_006235103.1	486	GXM19_RS09165
NZ_CP048433.1	2056250	2058931		plus	cation-translocating P-type ATPase		92850590	protein-coding		WP_006235101.1	893	GXM19_RS09170
NZ_CP048433.1	2059406	2060359		plus	ribosome small subunit-dependent GTPase A	rsgA	92850591	protein-coding		WP_006235099.1	317	GXM19_RS09175
NZ_CP048433.1	2060612	2061271		plus	Flp pilus assembly protein CpaB	cpaB	92850592	protein-coding		WP_040359115.1	219	GXM19_RS09180
NZ_CP048433.1	2061271	2062920		plus	nucleotide-binding protein		92850593	protein-coding		WP_006235097.1	549	GXM19_RS09185
NZ_CP048433.1	2062917	2064245		plus	TadA family conjugal transfer-associated ATPase		92850594	protein-coding		WP_006235095.1	442	GXM19_RS09190
NZ_CP048433.1	2064230	2065144		plus	type II secretion system F family protein		92850595	protein-coding		WP_239057616.1	304	GXM19_RS09195
NZ_CP048433.1	2065141	2065782		plus	type II secretion system F family protein		92850596	protein-coding		WP_006235093.1	213	GXM19_RS09200
NZ_CP048433.1	2065793	2066026		plus	hypothetical protein		92850597	protein-coding		WP_006235091.1	77	GXM19_RS09205
NZ_CP048433.1	2065990	2066553		plus	hypothetical protein		92850598	protein-coding		WP_006235090.1	187	GXM19_RS09210
NZ_CP048433.1	2066555	2066773		plus	hypothetical protein		92850599	protein-coding		WP_006235089.1	72	GXM19_RS09215
NZ_CP048433.1	2066760	2067245		plus	TadE/TadG family type IV pilus assembly protein		92850600	protein-coding		WP_239057617.1	161	GXM19_RS09220
NZ_CP048433.1	2067310	2069370		plus	hypothetical protein		92850601	protein-coding		WP_006235087.1	686	GXM19_RS09225
NZ_CP048433.1	2069370	2069846		plus	TadE/TadG family type IV pilus assembly protein		92850602	protein-coding		WP_006235084.1	158	GXM19_RS09230
NZ_CP048433.1	2069843	2070202		plus	DUF192 domain-containing protein		92850603	protein-coding		WP_050766123.1	119	GXM19_RS09235
NZ_CP048433.1	2070262	2070528		plus	hypothetical protein		92850604	protein-coding		WP_006235082.1	88	GXM19_RS09240
NZ_CP048433.1	2070528	2070812		plus	ATP-binding protein		92850605	protein-coding		WP_040359113.1	94	GXM19_RS09245
NZ_CP048433.1	2070936	2071008		plus	tRNA-Phe		92850606	tRNA				GXM19_RS09250
NZ_CP048433.1	2071484	2072545		plus	glycoside hydrolase family 5 protein		92850607	protein-coding		WP_040359112.1	353	GXM19_RS09255
NZ_CP048433.1	2072552	2073430		plus	16S rRNA (cytidine(1402)-2'-O)-methyltransferase	rsmI	92850608	protein-coding		WP_006235078.1	292	GXM19_RS09260
NZ_CP048433.1	2073500	2075101		plus	methionine--tRNA ligase	metG	92850609	protein-coding		WP_006235077.1	533	GXM19_RS09265
NZ_CP048433.1	2075212	2076072		plus	16S rRNA (adenine(1518)-N(6)/adenine(1519)-N(6))-dimethyltransferase RsmA	rsmA	92850610	protein-coding		WP_006235076.1	286	GXM19_RS09270
NZ_CP048433.1	2076062	2076979		plus	TatD family hydrolase		92850611	protein-coding		WP_006235075.1	305	GXM19_RS09275
NZ_CP048433.1	2077023	2077109		plus	tRNA-Leu		92850612	tRNA				GXM19_RS09280
NZ_CP048433.1	2077384	2078322		plus	SPFH domain-containing protein		92850613	protein-coding		WP_006235074.1	312	GXM19_RS09285
NZ_CP048433.1	2078329	2078799		plus	23S rRNA (pseudouridine(1915)-N(3))-methyltransferase RlmH	rlmH	92850614	protein-coding		WP_040359110.1	156	GXM19_RS09290
NZ_CP048433.1	2078873	2079643		plus	pyrroline-5-carboxylate reductase	proC	92850615	protein-coding		WP_006235070.1	256	GXM19_RS09295
NZ_CP048433.1	2079803	2079976		minus	DUF6724 family protein		92850943	protein-coding		WP_006235069.1	57	GXM19_RS11010
NZ_CP048433.1	2080088	2081371		plus	serine--tRNA ligase	serS	92850616	protein-coding		WP_040359108.1	427	GXM19_RS09300
NZ_CP048433.1	2081545	2081922		plus	hypothetical protein		92850617	protein-coding		WP_006235067.1	125	GXM19_RS09305
NZ_CP048433.1	2082000	2082076		plus	tRNA-Arg		92850618	tRNA				GXM19_RS09310
NZ_CP048433.1	2082432	2082508		plus	tRNA-Arg		92850619	tRNA				GXM19_RS09315
NZ_CP048433.1	2082857	2082933		plus	tRNA-Arg		92850620	tRNA				GXM19_RS09320
NZ_CP048433.1	2083309	2085750		plus	tetratricopeptide repeat protein		92850621	protein-coding		WP_050766102.1	813	GXM19_RS09325
NZ_CP048433.1	2085843	2085933		plus	tRNA-Ser		92850622	tRNA				GXM19_RS09330
NZ_CP048433.1	2086255	2087595		minus	D-alanyl-D-alanine carboxypeptidase family protein		92850623	protein-coding		WP_040358827.1	446	GXM19_RS09335
NZ_CP048433.1	2087793	2088488		plus	response regulator transcription factor		92850624	protein-coding		WP_006234805.1	231	GXM19_RS09340
NZ_CP048433.1	2088515	2089753		plus	sensor histidine kinase		92850625	protein-coding		WP_006234804.1	412	GXM19_RS09345
NZ_CP048433.1	2089857	2090732		plus	phosphate ABC transporter ATP-binding protein PstB	pstB	92850626	protein-coding		WP_006234803.1	291	GXM19_RS09350
NZ_CP048433.1	2090797	2091525		plus	response regulator transcription factor		92850627	protein-coding		WP_050766101.1	242	GXM19_RS09355
NZ_CP048433.1	2091529	2092953		plus	sensor histidine kinase		92850628	protein-coding		WP_040358824.1	474	GXM19_RS09360
NZ_CP048433.1	2093150	2093806		plus	YveK family protein		92850629	protein-coding		WP_006234800.1	218	GXM19_RS09365
NZ_CP048433.1	2093809	2094546		plus	CpsD/CapB family tyrosine-protein kinase		92850630	protein-coding		WP_006234799.1	245	GXM19_RS09370
NZ_CP048433.1	2094564	2095214		plus	tyrosine-protein phosphatase		92850631	protein-coding		WP_006234798.1	216	GXM19_RS09375
NZ_CP048433.1	2095254	2095754		plus	GNAT family N-acetyltransferase		92850632	protein-coding		WP_006234797.1	166	GXM19_RS09380
NZ_CP048433.1	2096089	2097201		minus	IS110 family RNA-guided transposase		92850633	protein-coding		WP_115596158.1	370	GXM19_RS09385
NZ_CP048433.1	2097518	2099542		plus	molecular chaperone HtpG	htpG	92850634	protein-coding		WP_006234795.1	674	GXM19_RS09390
NZ_CP048433.1	2099870	2102635		plus	YhgE/Pip domain-containing protein		92850635	protein-coding		WP_239057618.1	921	GXM19_RS09395
NZ_CP048433.1	2102636	2104825		plus	YhgE/Pip domain-containing protein		92850636	protein-coding		WP_006234793.1	729	GXM19_RS09400
NZ_CP048433.1	2105165	2106148		plus	DMT family transporter		92850637	protein-coding		WP_006234792.1	327	GXM19_RS09405
NZ_CP048433.1	2106264	2107559		plus	M20 family metallopeptidase		92850638	protein-coding		WP_006234791.1	431	GXM19_RS09410
NZ_CP048433.1	2107683	2108987		plus	MFS transporter		92850639	protein-coding		WP_006234790.1	434	GXM19_RS09415
NZ_CP048433.1	2109292	2110605		plus	histidine--tRNA ligase	hisS	92850640	protein-coding		WP_006234789.1	437	GXM19_RS09420
NZ_CP048433.1	2110863	2113676		plus	phosphoenolpyruvate carboxylase		92850641	protein-coding		WP_370510491.1	937	GXM19_RS09425
NZ_CP048433.1	2114142	2115419		plus	nickel-dependent lactate racemase	larA	92850642	protein-coding		WP_022093875.1	425	GXM19_RS09430
NZ_CP048433.1	2115469	2116200		plus	D/L-lactic acid transporter LarD	larD	92850643	protein-coding		WP_006234784.1	243	GXM19_RS09435
NZ_CP048433.1	2116504	2117043		minus	TetR/AcrR family transcriptional regulator		92850644	protein-coding		WP_006234783.1	179	GXM19_RS09440
NZ_CP048433.1	2117046	2117963		minus	nickel pincer cofactor biosynthesis protein LarC	larC	92850645	protein-coding		WP_006234782.1	305	GXM19_RS09445
NZ_CP048433.1	2117974	2118756		minus	nickel pincer cofactor biosynthesis protein LarB	larB	92850646	protein-coding		WP_006234781.1	260	GXM19_RS09450
NZ_CP048433.1	2118873	2119508		minus	phosphoserine phosphatase SerB	serB	92850647	protein-coding		WP_006234780.1	211	GXM19_RS09455
NZ_CP048433.1	2119765	2121552		plus	aspartate--tRNA ligase	aspS	92850648	protein-coding		WP_006234779.1	595	GXM19_RS09460
NZ_CP048433.1	2121695	2121943		plus	HPr family phosphocarrier protein		92850649	protein-coding		WP_040358817.1	82	GXM19_RS09465
NZ_CP048433.1	2122132	2122374		plus	FeoA family protein		92850650	protein-coding		WP_040358815.1	80	GXM19_RS09470
NZ_CP048433.1	2122414	2122635		plus	FeoA family protein		92850651	protein-coding		WP_006234774.1	73	GXM19_RS09475
NZ_CP048433.1	2122759	2125086		plus	ferrous iron transporter B	feoB	92850652	protein-coding		WP_006234773.1	775	GXM19_RS09480
NZ_CP048433.1	2125262	2125462		plus	hypothetical protein		92850653	protein-coding		WP_006234772.1	66	GXM19_RS09485
NZ_CP048433.1	2125607	2126686		plus	substrate-binding domain-containing protein		92850654	protein-coding		WP_006234771.1	359	GXM19_RS09490
NZ_CP048433.1	2126971	2128398		plus	glucuronate isomerase	uxaC	92850655	protein-coding		WP_006234770.1	475	GXM19_RS09495
NZ_CP048433.1	2128493	2130007		plus	tagaturonate reductase		92850656	protein-coding		WP_006234769.1	504	GXM19_RS09500
NZ_CP048433.1	2130089	2131573		plus	UxaA family hydrolase		92850657	protein-coding		WP_006234768.1	494	GXM19_RS09505
NZ_CP048433.1	2131948	2133507		plus	MFS transporter		92850658	protein-coding		WP_040358813.1	519	GXM19_RS09510
NZ_CP048433.1	2133623	2135218		plus	glycoside hydrolase family 28 protein		92850659	protein-coding		WP_006234766.1	531	GXM19_RS09515
NZ_CP048433.1	2135323	2136132		plus	alpha/beta hydrolase		92850660	protein-coding		WP_006234764.1	269	GXM19_RS09520
NZ_CP048433.1	2136129	2138318		plus	pectinesterase family protein		92850661	protein-coding		WP_172544909.1	729	GXM19_RS09525
NZ_CP048433.1	2138366	2139034		plus	SGNH/GDSL hydrolase family protein		92850662	protein-coding		WP_040358810.1	222	GXM19_RS09530
NZ_CP048433.1	2139142	2140380		plus	glycoside hydrolase family 88/105 protein		92850663	protein-coding		WP_115596161.1	412	GXM19_RS09535
NZ_CP048433.1	2140382	2141287		plus	sugar phosphate isomerase/epimerase family protein		92850664	protein-coding		WP_050766099.1	301	GXM19_RS09540
NZ_CP048433.1	2141392	2142609		plus	FAD-dependent oxidoreductase		92850665	protein-coding		WP_040358808.1	405	GXM19_RS09545
NZ_CP048433.1	2142808	2144757		plus	NAD(P)/FAD-dependent oxidoreductase		92850666	protein-coding		WP_115596163.1	649	GXM19_RS09550
NZ_CP048433.1	2144878	2145519		minus	RpiB/LacA/LacB family sugar-phosphate isomerase		92850667	protein-coding		WP_006234753.1	213	GXM19_RS09555
NZ_CP048433.1	2145660	2146469		minus	gluconate 5-dehydrogenase		92850668	protein-coding		WP_040358806.1	269	GXM19_RS09560
NZ_CP048433.1	2146630	2147322		minus	FadR/GntR family transcriptional regulator		92850669	protein-coding		WP_040358795.1	230	GXM19_RS09565
NZ_CP048433.1	2147557	2148918		plus	GntP family permease		92850670	protein-coding		WP_040358792.1	453	GXM19_RS09570
NZ_CP048433.1	2149027	2150805		plus	dihydroxy-acid dehydratase	ilvD	92850671	protein-coding		WP_006234748.1	592	GXM19_RS09575
NZ_CP048433.1	2150993	2151334		minus	arsenate reductase family protein		92850672	protein-coding		WP_006234747.1	113	GXM19_RS09580
NZ_CP048433.1	2151855	2153294		plus	MDR family MFS transporter		92850673	protein-coding		WP_006234746.1	479	GXM19_RS09585
NZ_CP048433.1	2153298	2153804		plus	CBS domain-containing protein		92850674	protein-coding		WP_006234745.1	168	GXM19_RS09590
NZ_CP048433.1	2153979	2154287		plus	MGMT family protein		92850675	protein-coding		WP_006234744.1	102	GXM19_RS09595
NZ_CP048433.1	2154872	2155207		plus	hypothetical protein		92850970	protein-coding		WP_006234743.1	111	GXM19_RS11160
NZ_CP048433.1	2155213	2156226		plus	site-specific integrase		92850676	protein-coding		WP_239057619.1	337	GXM19_RS09600
NZ_CP048433.1	2156315	2157406		minus	ATP-binding protein		92850677	protein-coding		WP_050766098.1	363	GXM19_RS09605
NZ_CP048433.1	2157520	2158200		minus	YczE/YyaS/YitT family protein		92850678	protein-coding		WP_055309694.1	226	GXM19_RS09610
NZ_CP048433.1	2158687	2159379		plus	GntR family transcriptional regulator		92850679	protein-coding		WP_006234739.1	230	GXM19_RS09615
NZ_CP048433.1	2159706	2160347		minus	bifunctional 4-hydroxy-2-oxoglutarate aldolase/2-dehydro-3-deoxy-phosphogluconate aldolase	eda	92850680	protein-coding		WP_006234738.1	213	GXM19_RS09620
NZ_CP048433.1	2160601	2161635		minus	sugar kinase		92850681	protein-coding		WP_006234737.1	344	GXM19_RS09625
NZ_CP048433.1	2161870	2162892		plus	LacI family DNA-binding transcriptional regulator		92850682	protein-coding		WP_040358789.1	340	GXM19_RS09630
NZ_CP048433.1	2162935	2163429		plus	type II toxin-antitoxin system RelB/DinJ family antitoxin		92850683	protein-coding		WP_006234735.1	164	GXM19_RS09635
NZ_CP048433.1	2163556	2164893		plus	glutamine synthetase family protein		92850684	protein-coding		WP_006234734.1	445	GXM19_RS09640
NZ_CP048433.1	2164944	2165606		plus	response regulator transcription factor		92850685	protein-coding		WP_006234733.1	220	GXM19_RS09645
NZ_CP048433.1	2165815	2167275		plus	S1C family serine protease		92850686	protein-coding		WP_006234732.1	486	GXM19_RS09650
NZ_CP048433.1	2167724	2169952		plus	NAD-dependent DNA ligase LigA	ligA	92850687	protein-coding		WP_006234731.1	742	GXM19_RS09655
NZ_CP048433.1	2170236	2170628		plus	type II toxin-antitoxin system Phd/YefM family antitoxin		92850688	protein-coding		WP_006234729.1	130	GXM19_RS09660
NZ_CP048433.1	2170625	2171047		plus	PIN domain-containing protein		92850689	protein-coding		WP_006234728.1	140	GXM19_RS09665
NZ_CP048433.1	2171172	2171300		plus	hypothetical protein		92850980	protein-coding		WP_006234727.1	42	GXM19_RS11225
NZ_CP048433.1	2171441	2172787		minus	MATE family efflux transporter		92850690	protein-coding		WP_006234726.1	448	GXM19_RS09675
NZ_CP048433.1	2173047	2174876		plus	ABC transporter ATP-binding protein		92850691	protein-coding		WP_082222910.1	609	GXM19_RS09680
NZ_CP048433.1	2174869	2176767		plus	ABC transporter ATP-binding protein		92850692	protein-coding		WP_006234724.1	632	GXM19_RS09685
NZ_CP048433.1	2176982	2178019		plus	hypothetical protein		92850693	protein-coding		WP_006234723.1	345	GXM19_RS09690
NZ_CP048433.1	2178255	2179310		plus	GTP 3',8-cyclase MoaA	moaA	92850694	protein-coding		WP_239057620.1	351	GXM19_RS09695
NZ_CP048433.1	2179315	2180619		plus	molybdopterin-guanine dinucleotide biosynthesis protein B	mobB	99971527	protein-coding		WP_006234721.1	434	GXM19_RS11305
NZ_CP048433.1	2180814	2182148		minus	IS256 family transposase		92850695	protein-coding		WP_172544911.1	444	GXM19_RS09705
NZ_CP048433.1	2182452	2183273		plus	HAD family hydrolase		92850696	protein-coding		WP_006234719.1	273	GXM19_RS09710
NZ_CP048433.1	2183779	2187267		plus	Spy0128 family protein		92850697	protein-coding		WP_006234718.1	1162	GXM19_RS09715
NZ_CP048433.1	2187260	2188930		plus	SpaA isopeptide-forming pilin-related protein		92850698	protein-coding		WP_040358783.1	556	GXM19_RS09720
NZ_CP048433.1	2189045	2190847		plus	isopeptide-forming domain-containing fimbrial protein		92850699	protein-coding		WP_162010708.1	600	GXM19_RS09725
NZ_CP048433.1	2192014	2192982		plus	MarR family transcriptional regulator		92850700	protein-coding		WP_040358777.1	322	GXM19_RS09730
NZ_CP048433.1	2192964	2193737		plus	hypothetical protein		92850701	protein-coding		WP_006234712.1	257	GXM19_RS09735
NZ_CP048433.1	2193869	2194774		plus	class C sortase		92850702	protein-coding		WP_162010706.1	301	GXM19_RS09740
NZ_CP048433.1	2195122	2195433		plus	Asp-tRNA(Asn)/Glu-tRNA(Gln) amidotransferase subunit GatC	gatC	92850703	protein-coding		WP_040358775.1	103	GXM19_RS09745
NZ_CP048433.1	2195433	2196947		plus	Asp-tRNA(Asn)/Glu-tRNA(Gln) amidotransferase subunit GatA	gatA	92850704	protein-coding		WP_006234709.1	504	GXM19_RS09750
NZ_CP048433.1	2196947	2198623		plus	Asp-tRNA(Asn)/Glu-tRNA(Gln) amidotransferase subunit GatB	gatB	92850705	protein-coding		WP_006234708.1	558	GXM19_RS09755
NZ_CP048433.1	2198846	2199850		minus	helix-turn-helix domain-containing protein		92850706	protein-coding		WP_040358772.1	334	GXM19_RS09760
NZ_CP048433.1	2199965	2201791		plus	ABC transporter ATP-binding protein		92850707	protein-coding		WP_006234706.1	608	GXM19_RS09765
NZ_CP048433.1	2201792	2203549		plus	ABC transporter ATP-binding protein		92850708	protein-coding		WP_006234705.1	585	GXM19_RS09770
NZ_CP048433.1	2203730	2203975		plus	DUF6110 family protein		92850709	protein-coding		WP_006234704.1	81	GXM19_RS09775
NZ_CP048433.1	2204054	2206069		plus	heavy metal translocating P-type ATPase		92850710	protein-coding		WP_203572363.1	671	GXM19_RS09780
NZ_CP048433.1	2206213	2206566		plus	hypothetical protein		92850711	protein-coding		WP_162010705.1	117	GXM19_RS09785
NZ_CP048433.1	2206563	2207078		plus	type II toxin-antitoxin system VapC family toxin		92850712	protein-coding		WP_162010704.1	171	GXM19_RS09790
NZ_CP048433.1	2207137	2207571		minus	hypothetical protein		92850713	protein-coding		WP_006234698.1	144	GXM19_RS09795
NZ_CP048433.1	2207809	2208172		plus	transfer-messenger RNA	ssrA	92850714	other				GXM19_RS09800
NZ_CP048433.1	2209013	2209891		plus	patatin-like phospholipase family protein		92850715	protein-coding		WP_006234697.1	292	GXM19_RS09805
NZ_CP048433.1	2210085	2210528		plus	50S ribosomal protein L13	rplM	92850716	protein-coding		WP_022094635.1	147	GXM19_RS09810
NZ_CP048433.1	2210531	2210926		plus	30S ribosomal protein S9	rpsI	92850717	protein-coding		WP_022094634.1	131	GXM19_RS09815
NZ_CP048433.1	2211050	2212387		plus	phosphoglucosamine mutase	glmM	92850718	protein-coding		WP_006234694.1	445	GXM19_RS09820
NZ_CP048433.1	2212459	2212956		plus	PTS sugar transporter subunit IIA		92850719	protein-coding		WP_006234693.1	165	GXM19_RS09825
NZ_CP048433.1	2213228	2213956		plus	glucosamine-6-phosphate deaminase	nagB	92850720	protein-coding		WP_006234692.1	242	GXM19_RS09830
NZ_CP048433.1	2214405	2217404		plus	AfsR/SARP family transcriptional regulator		92850721	protein-coding		WP_006234691.1	999	GXM19_RS09835
NZ_CP048433.1	2217474	2217773		minus	YhbY family RNA-binding protein		92850722	protein-coding		WP_006234690.1	99	GXM19_RS09840
NZ_CP048433.1	2217932	2218879		minus	class I SAM-dependent methyltransferase		92850723	protein-coding		WP_115596166.1	315	GXM19_RS09845
NZ_CP048433.1	2219136	2220500		minus	PFL family protein		92850724	protein-coding		WP_035136908.1	454	GXM19_RS09850
NZ_CP048433.1	2220609	2223158		minus	homocysteine S-methyltransferase family protein		92850725	protein-coding		WP_006234686.1	849	GXM19_RS09855
NZ_CP048433.1	2223168	2223956		minus	hypothetical protein		92850726	protein-coding		WP_006234685.1	262	GXM19_RS09860
NZ_CP048433.1	2223956	2224828		minus	methylenetetrahydrofolate reductase		92850727	protein-coding		WP_006234684.1	290	GXM19_RS09865
NZ_CP048433.1	2225255	2227342		plus	glutamine synthetase III family protein		92850728	protein-coding		WP_115596167.1	695	GXM19_RS09870
NZ_CP048433.1	2227862	2227938		minus	tRNA-Glu		92850729	tRNA				GXM19_RS09875
NZ_CP048433.1	2228040	2230214		minus	MurT ligase domain-containing protein		92850944	protein-coding		WP_203572364.1	724	GXM19_RS11015
NZ_CP048433.1	2230260	2231303		minus	hypothetical protein		92850730	protein-coding		WP_006234679.1	347	GXM19_RS09890
NZ_CP048433.1	2231303	2232379		minus	tetratricopeptide repeat protein		92850731	protein-coding		WP_006234678.1	358	GXM19_RS09895
NZ_CP048433.1	2232880	2234103		plus	iron-containing alcohol dehydrogenase		92850732	protein-coding		WP_006234677.1	407	GXM19_RS09900
NZ_CP048433.1	2234187	2235287		plus	glycerol dehydrogenase		92850733	protein-coding		WP_006234676.1	366	GXM19_RS09905
NZ_CP048433.1	2235401	2235652		plus	dehydroquinate synthase/iron-containing alcohol dehydrogenase family protein		92850734	protein-coding		WP_006234675.1	83	GXM19_RS09910
NZ_CP048433.1	2235668	2236468		plus	glycerol dehydrogenase		92850735	protein-coding		WP_006234674.1	266	GXM19_RS09915
NZ_CP048433.1	2236620	2237873		plus	4Fe-4S binding protein		92850736	protein-coding		WP_006234673.1	417	GXM19_RS09920
NZ_CP048433.1	2237988	2239064		plus	redox-regulated ATPase YchF	ychF	92850737	protein-coding		WP_040358752.1	358	GXM19_RS09925
NZ_CP048433.1	2239076	2239459		plus	DUF1648 domain-containing protein		92850738	protein-coding		WP_006234671.1	127	GXM19_RS09930
NZ_CP048433.1	2239469	2239858		minus	hypothetical protein		92850739	protein-coding		WP_040358750.1	129	GXM19_RS09935
NZ_CP048433.1	2239935	2240153		plus	helix-turn-helix domain-containing protein		92850740	protein-coding		WP_006234669.1	72	GXM19_RS09940
NZ_CP048433.1	2240175	2241188		minus	asparaginase		92850741	protein-coding		WP_006234668.1	337	GXM19_RS09945
NZ_CP048433.1	2241456	2243054		plus	glutamine-hydrolyzing GMP synthase	guaA	92850742	protein-coding		WP_006234667.1	532	GXM19_RS09950
NZ_CP048433.1	2243672	2244085		minus	helix-turn-helix domain-containing protein		92850743	protein-coding		WP_006234666.1	137	GXM19_RS09955
NZ_CP048433.1	2244226	2244429		plus	hypothetical protein		92850744	protein-coding		WP_006681531.1	67	GXM19_RS09960
NZ_CP048433.1	2244431	2245501		plus	site-specific integrase		92850745	protein-coding		WP_006234664.1	356	GXM19_RS09965
NZ_CP048433.1	2245507	2245929		plus	plasmid mobilization protein		92850746	protein-coding		WP_006234663.1	140	GXM19_RS09970
NZ_CP048433.1	2245944	2246543		minus	restriction endonuclease subunit S		92850747	protein-coding		WP_082222907.1	199	GXM19_RS09975
NZ_CP048433.1	2246607	2249807		plus	type I restriction endonuclease subunit R, EcoR124 family		92850748	protein-coding		WP_006234661.1	1066	GXM19_RS09980
NZ_CP048433.1	2249861	2250484		plus	restriction endonuclease subunit S domain-containing protein		92850749	protein-coding		WP_239057621.1	207	GXM19_RS09985
NZ_CP048433.1	2250465	2251391		plus	site-specific integrase		92850750	protein-coding		WP_006234658.1	308	GXM19_RS09990
NZ_CP048433.1	2251388	2251954		minus	restriction endonuclease subunit S		92850751	protein-coding		WP_006234657.1	188	GXM19_RS09995
NZ_CP048433.1	2251956	2254517		minus	type I restriction-modification system subunit M		92850752	protein-coding		WP_006234656.1	853	GXM19_RS10000
NZ_CP048433.1	2254518	2255351		minus	GIY-YIG nuclease family protein		92850753	protein-coding		WP_040358742.1	277	GXM19_RS10005
NZ_CP048433.1	2255354	2255566		minus	YlcI/YnfO family protein		92850754	protein-coding		WP_229028331.1	70	GXM19_RS10010
NZ_CP048433.1	2255709	2256011		minus	hypothetical protein		92850755	protein-coding		WP_006234653.1	100	GXM19_RS10015
NZ_CP048433.1	2256556	2256927		plus	YraN family protein		92850756	protein-coding		WP_040358739.1	123	GXM19_RS10020
NZ_CP048433.1	2257134	2257898		plus	ParA family protein		92850757	protein-coding		WP_115596168.1	254	GXM19_RS10025
NZ_CP048433.1	2257885	2258841		plus	ParB/RepB/Spo0J family partition protein		92850758	protein-coding		WP_040358737.1	318	GXM19_RS10030
NZ_CP048433.1	2259053	2259499		plus	hypothetical protein		92850759	protein-coding		WP_006234649.1	148	GXM19_RS10035
NZ_CP048433.1	2259487	2260758		plus	relaxase/mobilization nuclease domain-containing protein		92850760	protein-coding		WP_006234648.1	423	GXM19_RS10040
NZ_CP048433.1	2260755	2261309		plus	hypothetical protein		92850761	protein-coding		WP_006234647.1	184	GXM19_RS10045
NZ_CP048433.1	2261515	2262246		minus	class B sortase		92850762	protein-coding		WP_006234645.1	243	GXM19_RS10050
NZ_CP048433.1	2262319	2265060		minus	VaFE repeat-containing surface-anchored protein		92850763	protein-coding		WP_006234644.1	913	GXM19_RS10055
NZ_CP048433.1	2265073	2265531		minus	hypothetical protein		92850764	protein-coding		WP_006234643.1	152	GXM19_RS10060
NZ_CP048433.1	2265641	2266642		minus	VirB6/TrbL-like conjugal transfer protein, CD1112 family		92850765	protein-coding		WP_040358735.1	333	GXM19_RS10065
NZ_CP048433.1	2266645	2267343		minus	hypothetical protein		92850945	protein-coding		WP_006234641.1	232	GXM19_RS11020
NZ_CP048433.1	2267374	2268975		minus	glucosaminidase domain-containing protein		92850766	protein-coding		WP_203572366.1	533	GXM19_RS10075
NZ_CP048433.1	2268978	2271455		minus	VirB4-like conjugal transfer ATPase, CD1110 family		92850767	protein-coding		WP_006234639.1	825	GXM19_RS10080
NZ_CP048433.1	2271424	2271849		minus	PrgI family protein		92850768	protein-coding		WP_006234637.1	141	GXM19_RS10085
NZ_CP048433.1	2271862	2272077		minus	hypothetical protein		92850769	protein-coding		WP_006234636.1	71	GXM19_RS10090
NZ_CP048433.1	2272161	2273981		minus	VirD4-like conjugal transfer protein, CD1115 family		92850770	protein-coding		WP_006234635.1	606	GXM19_RS10095
NZ_CP048433.1	2273978	2274529		minus	hypothetical protein		92850771	protein-coding		WP_006234634.1	183	GXM19_RS10100
NZ_CP048433.1	2274587	2275120		minus	hypothetical protein		92850772	protein-coding		WP_006234633.1	177	GXM19_RS10105
NZ_CP048433.1	2275322	2276110		minus	ATP-binding protein		92850773	protein-coding		WP_006234632.1	262	GXM19_RS10110
NZ_CP048433.1	2276125	2276640		minus	helix-turn-helix domain-containing protein		92850774	protein-coding		WP_006234630.1	171	GXM19_RS10115
NZ_CP048433.1	2276646	2276894		minus	helix-turn-helix transcriptional regulator		92850775	protein-coding		WP_006234629.1	82	GXM19_RS10120
NZ_CP048433.1	2276973	2277191		minus	helix-turn-helix domain-containing protein		92850776	protein-coding		WP_006234628.1	72	GXM19_RS10125
NZ_CP048433.1	2277963	2278634		minus	DUF3800 domain-containing protein		92850777	protein-coding		WP_006234626.1	223	GXM19_RS10130
NZ_CP048433.1	2278819	2279088		minus	hypothetical protein		92850778	protein-coding		WP_147293030.1	89	GXM19_RS10135
NZ_CP048433.1	2279438	2280835		minus	sensor histidine kinase		92850779	protein-coding		WP_006234625.1	465	GXM19_RS10140
NZ_CP048433.1	2280862	2281524		minus	response regulator transcription factor		92850780	protein-coding		WP_006234624.1	220	GXM19_RS10145
NZ_CP048433.1	2281570	2281758		minus	hypothetical protein		92850781	protein-coding		WP_040358725.1	62	GXM19_RS10150
NZ_CP048433.1	2281751	2282566		minus	ABC-2 family transporter permease		92850782	protein-coding		WP_050766095.1	271	GXM19_RS10155
NZ_CP048433.1	2282566	2283336		minus	ABC-2 family transporter permease		92850783	protein-coding		WP_006234621.1	256	GXM19_RS10160
NZ_CP048433.1	2283333	2284061		minus	lantibiotic protection ABC transporter ATP-binding protein		92850784	protein-coding		WP_006234620.1	242	GXM19_RS10165
NZ_CP048433.1	2284257	2284358		plus	TetR/AcrR family transcriptional regulator		92850971	protein-coding		WP_218565035.1	33	GXM19_RS11180
NZ_CP048433.1	2284795	2285262		minus	MerR family transcriptional regulator		92850785	protein-coding		WP_006234618.1	155	GXM19_RS10175
NZ_CP048433.1	2285396	2286118		plus	dihydrofolate reductase family protein		92850786	protein-coding		WP_040358722.1	240	GXM19_RS10180
NZ_CP048433.1	2286141	2286572		plus	cupin domain-containing protein		92850787	protein-coding		WP_006234616.1	143	GXM19_RS10185
NZ_CP048433.1	2286586	2286912		plus	carboxymuconolactone decarboxylase family protein		92850788	protein-coding		WP_006234615.1	108	GXM19_RS10190
NZ_CP048433.1	2286989	2287786		plus	aldo/keto reductase		92850789	protein-coding		WP_203572385.1	265	GXM19_RS10195
NZ_CP048433.1	2287801	2288322		plus	flavodoxin		92850790	protein-coding		WP_050766094.1	173	GXM19_RS10200
NZ_CP048433.1	2288553	2289824		plus	IS110 family RNA-guided transposase		92850791	protein-coding		WP_006234612.1	423	GXM19_RS10205
NZ_CP048433.1	2289857	2290366		plus	helix-turn-helix domain-containing protein		92850972	protein-coding		WP_006234611.1	169	GXM19_RS11185
NZ_CP048433.1	2290309	2291202		plus	IS3 family transposase		92850792	protein-coding		WP_082222916.1	297	GXM19_RS10215
NZ_CP048433.1	2291557	2291910		minus	cupin domain-containing protein		92850793	protein-coding		WP_006234609.1	117	GXM19_RS10220
NZ_CP048433.1	2292065	2292388		plus	winged helix-turn-helix transcriptional regulator		92850794	protein-coding		WP_203572386.1	107	GXM19_RS10225
NZ_CP048433.1	2292601	2292762		plus	hypothetical protein		92850795	protein-coding		WP_155813822.1	53	GXM19_RS10230
NZ_CP048433.1	2293004	2293924		minus	hypothetical protein		92850796	protein-coding		WP_006234606.1	306	GXM19_RS10235
NZ_CP048433.1	2294245	2294775		plus	flavodoxin family protein		92850797	protein-coding		WP_006234605.1	176	GXM19_RS10240
NZ_CP048433.1	2294884	2295978		minus	P-loop NTPase family protein		92850798	protein-coding		WP_006234604.1	364	GXM19_RS10245
NZ_CP048433.1	2296226	2298466		minus	DNA gyrase subunit A		92850799	protein-coding		WP_040358715.1	746	GXM19_RS10250
NZ_CP048433.1	2298512	2300509		minus	DNA gyrase/topoisomerase IV subunit B		92850800	protein-coding		WP_006234601.1	665	GXM19_RS10255
NZ_CP048433.1	2300667	2302049		minus	ATP-binding protein		92850801	protein-coding		WP_040358713.1	460	GXM19_RS10260
NZ_CP048433.1	2302453	2303472		plus	hypothetical protein		92850802	protein-coding		WP_115596169.1	339	GXM19_RS10265
NZ_CP048433.1	2303585	2307898		minus	hypothetical protein		92850803	protein-coding		WP_006234598.1	1437	GXM19_RS10270
NZ_CP048433.1	2308110	2309114		minus	helix-turn-helix domain-containing protein		92850946	protein-coding		WP_006234597.1	334	GXM19_RS11025
NZ_CP048433.1	2309772	2310092		plus	PadR family transcriptional regulator		92850804	protein-coding		WP_006234594.1	106	GXM19_RS10280
NZ_CP048433.1	2310079	2310702		plus	DUF1700 domain-containing protein		92850805	protein-coding		WP_006234591.1	207	GXM19_RS10285
NZ_CP048433.1	2310718	2310972		plus	hypothetical protein		92850806	protein-coding		WP_006234590.1	84	GXM19_RS10290
NZ_CP048433.1	2311554	2311964		minus	arginase family protein		99971528	protein-coding		WP_115596170.1	136	GXM19_RS11310
NZ_CP048433.1	2311992	2313131		minus	HAMP domain-containing sensor histidine kinase		92850807	protein-coding		WP_006234587.1	379	GXM19_RS10300
NZ_CP048433.1	2313128	2313820		minus	response regulator transcription factor		92850808	protein-coding		WP_006234586.1	230	GXM19_RS10305
NZ_CP048433.1	2313968	2314039		plus	CD1871A family CXXC motif-containing protein		310031142	protein-coding		WP_254179316.1	23	GXM19_RS11335
NZ_CP048433.1	2314245	2314934		plus	4Fe-4S binding protein		92850809	protein-coding		WP_239057622.1	229	GXM19_RS10315
NZ_CP048433.1	2314964	2315935		plus	TlpA family protein disulfide reductase		92850810	protein-coding		WP_040358702.1	323	GXM19_RS10320
NZ_CP048433.1	2316189	2319428		plus	ABC transporter ATP-binding protein/permease		92850811	protein-coding		WP_193684740.1	1079	GXM19_RS10325
NZ_CP048433.1	2319604	2320767		plus	MFS transporter		92850812	protein-coding		WP_006234581.1	387	GXM19_RS10330
NZ_CP048433.1	2320878	2322068		plus	IS256 family transposase		92850813	protein-coding		WP_040358202.1	396	GXM19_RS10335
NZ_CP048433.1	2322392	2322955		minus	TetR/AcrR family transcriptional regulator		92850814	protein-coding		WP_022094929.1	187	GXM19_RS10340
NZ_CP048433.1	2323195	2324433		plus	agmatine deiminase family protein		92850815	protein-coding		WP_006234576.1	412	GXM19_RS10345
NZ_CP048433.1	2324557	2325621		plus	ornithine carbamoyltransferase		92850816	protein-coding		WP_006234575.1	354	GXM19_RS10350
NZ_CP048433.1	2325633	2326898		plus	MFS transporter		92850817	protein-coding		WP_006234574.1	421	GXM19_RS10355
NZ_CP048433.1	2327347	2328300		plus	tRNA dihydrouridine synthase		92850818	protein-coding		WP_006234573.1	317	GXM19_RS10360
NZ_CP048433.1	2328452	2328718		minus	ribbon-helix-helix protein, CopG family		92850819	protein-coding		WP_006234572.1	88	GXM19_RS10365
NZ_CP048433.1	2329553	2329798		minus	glutaredoxin family protein		92850820	protein-coding		WP_006234571.1	81	GXM19_RS10370
NZ_CP048433.1	2329850	2330677		minus	TipAS antibiotic-recognition domain-containing protein		92850821	protein-coding		WP_006234570.1	275	GXM19_RS10375
NZ_CP048433.1	2330819	2331556		plus	tRNA (N6-threonylcarbamoyladenosine(37)-N6)-methyltransferase TrmO	tsaA	92850822	protein-coding		WP_115596242.1	245	GXM19_RS10380
NZ_CP048433.1	2331669	2332883		plus	MalY/PatB family protein		92850823	protein-coding		WP_006234567.1	404	GXM19_RS10385
NZ_CP048433.1	2333028	2333897		plus	substrate-binding periplasmic protein		92850824	protein-coding		WP_006234566.1	289	GXM19_RS10390
NZ_CP048433.1	2333894	2334184		plus	hypothetical protein		92850825	protein-coding		WP_006234565.1	96	GXM19_RS10395
NZ_CP048433.1	2334159	2336084		plus	hybrid sensor histidine kinase/response regulator		92850826	protein-coding		WP_006234564.1	641	GXM19_RS10400
NZ_CP048433.1	2336154	2336633		minus	pyridoxamine 5'-phosphate oxidase family protein		92850827	protein-coding		WP_006234563.1	159	GXM19_RS10405
NZ_CP048433.1	2336676	2339480		minus	response regulator		92850828	protein-coding		WP_040358699.1	934	GXM19_RS10410
NZ_CP048433.1	2339678	2340103		plus	potassium channel family protein		92850829	protein-coding		WP_006234561.1	141	GXM19_RS10415
NZ_CP048433.1	2340138	2340671		plus	LOG family protein		92850830	protein-coding		WP_006234560.1	177	GXM19_RS10420
NZ_CP048433.1	2340797	2342101		plus	chloride channel protein		92850831	protein-coding		WP_006234559.1	434	GXM19_RS10425
NZ_CP048433.1	2342196	2343071		minus	EamA family transporter		92850832	protein-coding		WP_040358695.1	291	GXM19_RS10430
NZ_CP048433.1	2343521	2344219		minus	ABC-2 transporter permease		92850833	protein-coding		WP_006234556.1	232	GXM19_RS10435
NZ_CP048433.1	2344216	2345097		minus	ABC transporter ATP-binding protein		92850834	protein-coding		WP_006234555.1	293	GXM19_RS10440
NZ_CP048433.1	2345121	2345501		minus	GntR family transcriptional regulator		92850835	protein-coding		WP_006234554.1	126	GXM19_RS10445
NZ_CP048433.1	2346053	2347666		plus	peptide chain release factor 3		92850836	protein-coding		WP_040358693.1	537	GXM19_RS10450
NZ_CP048433.1	2347823	2348545		plus	VUT family protein		92850837	protein-coding		WP_115596172.1	240	GXM19_RS10455
NZ_CP048433.1	2348555	2349235		plus	SDR family NAD(P)-dependent oxidoreductase		92850838	protein-coding		WP_006234550.1	226	GXM19_RS10460
NZ_CP048433.1	2349286	2350011		minus	uracil-DNA glycosylase		92850839	protein-coding		WP_050766093.1	241	GXM19_RS10465
NZ_CP048433.1	2350100	2351002		minus	DMT family transporter		92850840	protein-coding		WP_050766092.1	300	GXM19_RS10470
NZ_CP048433.1	2351161	2352027		plus	LysR family transcriptional regulator		92850841	protein-coding		WP_040358690.1	288	GXM19_RS10475
NZ_CP048433.1	2352055	2353437		minus	MATE family efflux transporter		92850842	protein-coding		WP_006234545.1	460	GXM19_RS10480
NZ_CP048433.1	2353616	2354431		plus	putative RNA methyltransferase		92850843	protein-coding		WP_115596173.1	271	GXM19_RS10485
NZ_CP048433.1	2354557	2354958		minus	hypothetical protein		92850844	protein-coding		WP_006234542.1	133	GXM19_RS10490
NZ_CP048433.1	2355394	2356098		plus	class I SAM-dependent methyltransferase		92850845	protein-coding		WP_115596174.1	234	GXM19_RS10495
NZ_CP048433.1	2356147	2356443		minus	hypothetical protein		92850846	protein-coding		WP_006234539.1	98	GXM19_RS10500
NZ_CP048433.1	2356521	2357009		plus	GNAT family N-acetyltransferase		92850847	protein-coding		WP_006234538.1	162	GXM19_RS10505
NZ_CP048433.1	2357315	2359318		plus	elongation factor G		92850848	protein-coding		WP_006234536.1	667	GXM19_RS10510
NZ_CP048433.1	2359412	2360530		plus	AAA family ATPase		92850849	protein-coding		WP_040358685.1	372	GXM19_RS10515
NZ_CP048433.1	2360523	2363036		plus	excinuclease ABC subunit UvrA		92850850	protein-coding		WP_006234533.1	837	GXM19_RS10520
NZ_CP048433.1	2363078	2364007		minus	ATP-binding protein		92850851	protein-coding		WP_006234531.1	309	GXM19_RS10525
NZ_CP048433.1	2364416	2365051		plus	recombinase family protein		92850852	protein-coding		WP_082222901.1	211	GXM19_RS10530
NZ_CP048433.1	2365213	2366028		plus	FxLYD domain-containing protein		92850853	protein-coding		WP_006234529.1	271	GXM19_RS10535
NZ_CP048433.1	2366243	2366914		plus	DUF4230 domain-containing protein		92850854	protein-coding		WP_006234527.1	223	GXM19_RS10540
NZ_CP048433.1	2366924	2367985		plus	hypothetical protein		92850855	protein-coding		WP_006234526.1	353	GXM19_RS10545
NZ_CP048433.1	2368116	2368715		minus	tRNA (cytidine(34)-2'-O)-methyltransferase		92850856	protein-coding		WP_006234525.1	199	GXM19_RS10550
NZ_CP048433.1	2368811	2369941		minus	GTP-binding protein		92850857	protein-coding		WP_006234524.1	376	GXM19_RS10555
NZ_CP048433.1	2370028	2370369		minus	arsenate reductase family protein		92850858	protein-coding		WP_006234522.1	113	GXM19_RS10560
NZ_CP048433.1	2370387	2371010		minus	flavodoxin family protein		92850859	protein-coding		WP_006234521.1	207	GXM19_RS10565
NZ_CP048433.1	2371085	2372614		minus	diguanylate cyclase domain-containing protein		92850860	protein-coding		WP_006234520.1	509	GXM19_RS10570
NZ_CP048433.1	2372742	2373038		minus	EAL domain-containing protein		92850861	protein-coding		WP_006234519.1	98	GXM19_RS10575
NZ_CP048433.1	2373167	2374036		plus	patatin-like phospholipase family protein		92850862	protein-coding		WP_006234518.1	289	GXM19_RS10580
NZ_CP048433.1	2374334	2375029		minus	thiamine phosphate synthase		92850863	protein-coding		WP_006234517.1	231	GXM19_RS10585
NZ_CP048433.1	2375026	2375367		minus	thiamine-binding protein		92850864	protein-coding		WP_006234516.1	113	GXM19_RS10590
NZ_CP048433.1	2375371	2376210		minus	hydroxyethylthiazole kinase	thiM	92850865	protein-coding		WP_040358676.1	279	GXM19_RS10595
NZ_CP048433.1	2376533	2377441		plus	HAD-IIB family hydrolase		92850866	protein-coding		WP_040358674.1	302	GXM19_RS10600
NZ_CP048433.1	2377452	2378348		plus	LysR family transcriptional regulator		92850867	protein-coding		WP_006234513.1	298	GXM19_RS10605
NZ_CP048433.1	2378501	2379634		plus	5-methyltetrahydropteroyltriglutamate--homocysteine S-methyltransferase		92850868	protein-coding		WP_040358672.1	377	GXM19_RS10610
NZ_CP048433.1	2379869	2380534		minus	alpha/beta hydrolase		92850869	protein-coding		WP_147293031.1	221	GXM19_RS10615
NZ_CP048433.1	2380672	2381982		minus	NCS2 family permease		92850870	protein-coding		WP_006234510.1	436	GXM19_RS10620
NZ_CP048433.1	2382176	2382595		plus	peptide deformylase		92850871	protein-coding		WP_035137017.1	139	GXM19_RS10625
NZ_CP048433.1	2382727	2383692		plus	choloylglycine hydrolase	bsh	92850872	protein-coding		WP_040358669.1	321	GXM19_RS10630
NZ_CP048433.1	2383774	2386020		minus	KUP/HAK/KT family potassium transporter		92850873	protein-coding		WP_006234506.1	748	GXM19_RS10635
NZ_CP048433.1	2386159	2387070		minus	DMT family transporter		92850874	protein-coding		WP_006234505.1	303	GXM19_RS10640
NZ_CP048433.1	2387189	2388046		plus	LysR family transcriptional regulator		92850875	protein-coding		WP_040358667.1	285	GXM19_RS10645
NZ_CP048433.1	2388248	2389729		plus	aminotransferase class I/II-fold pyridoxal phosphate-dependent enzyme		92850876	protein-coding		WP_006234503.1	493	GXM19_RS10650
NZ_CP048433.1	2389804	2390214		minus	peptide deformylase		92850877	protein-coding		WP_006234502.1	136	GXM19_RS10655
NZ_CP048433.1	2390420	2391835		plus	MFS transporter		92850878	protein-coding		WP_006234500.1	471	GXM19_RS10660
NZ_CP048433.1	2391988	2392899		plus	hypothetical protein		92850879	protein-coding		WP_006234499.1	303	GXM19_RS10665
NZ_CP048433.1	2393326	2394138		minus	IS110 family transposase		92850880	protein-coding		WP_006234497.1	270	GXM19_RS10670
NZ_CP048433.1	2394301	2395533		plus	IS21 family transposase	istA	92850881	protein-coding		WP_006234496.1	410	GXM19_RS10675
NZ_CP048433.1	2395533	2396306		plus	IS21-like element helper ATPase IstB	istB	92850882	protein-coding		WP_006234495.1	257	GXM19_RS10680
NZ_CP048433.1	2396975	2397562		minus	pyridoxal 5'-phosphate synthase glutaminase subunit PdxT	pdxT	92850883	protein-coding		WP_006234494.1	195	GXM19_RS10685
NZ_CP048433.1	2397583	2398473		minus	pyridoxal 5'-phosphate synthase lyase subunit PdxS	pdxS	92850884	protein-coding		WP_022094325.1	296	GXM19_RS10690
NZ_CP048433.1	2398619	2400058		plus	MocR-like pyridoxine biosynthesis transcription factor PdxR	pdxR	92850885	protein-coding		WP_006234492.1	479	GXM19_RS10695
NZ_CP048433.1	2400596	2401477		plus	hypothetical protein		92850886	protein-coding		WP_040358660.1	293	GXM19_RS10700
NZ_CP048433.1	2401720	2402280		minus	ferritin family protein		92850887	protein-coding		WP_022094328.1	186	GXM19_RS10705
NZ_CP048433.1	2402537	2403757		plus	iron-containing alcohol dehydrogenase		92850888	protein-coding		WP_006234488.1	406	GXM19_RS10710
NZ_CP048433.1	2403766	2405145		plus	aldehyde dehydrogenase		92850889	protein-coding		WP_006234487.1	459	GXM19_RS10715
NZ_CP048433.1	2405571	2405897		plus	HIRAN domain-containing protein		92850890	protein-coding		WP_006234486.1	108	GXM19_RS10720
NZ_CP048433.1	2405916	2406095		plus	hypothetical protein		92850891	protein-coding		WP_006234485.1	59	GXM19_RS10725
NZ_CP048433.1	2406162	2406707		plus	metallophosphoesterase		92850892	protein-coding		WP_040358658.1	181	GXM19_RS10730
NZ_CP048433.1	2406787	2407692		minus	IS3 family transposase		92850893	protein-coding		WP_082222915.1	301	GXM19_RS10735
NZ_CP048433.1	2407635	2408144		minus	helix-turn-helix domain-containing protein		92850973	protein-coding		WP_006234481.1	169	GXM19_RS11190
NZ_CP048433.1	2408313	2410070		plus	DUF2130 domain-containing protein		92850894	protein-coding		WP_006234480.1	585	GXM19_RS10745
NZ_CP048433.1	2410150	2412831		minus	DEAD/DEAH box helicase		92850895	protein-coding		WP_006234479.1	893	GXM19_RS10750
NZ_CP048433.1	2413141	2413980		minus	tRNA (guanine(46)-N(7))-methyltransferase TrmB	trmB	92850896	protein-coding		WP_006234478.1	279	GXM19_RS10755
NZ_CP048433.1	2414098	2414970		minus	class I SAM-dependent methyltransferase		92850897	protein-coding		WP_040358654.1	290	GXM19_RS10760
NZ_CP048433.1	2415238	2415954		plus	helix-turn-helix domain-containing protein		92850898	protein-coding		WP_006234476.1	238	GXM19_RS10765
NZ_CP048433.1	2415954	2416850		plus	DUF4097 family beta strand repeat-containing protein		92850899	protein-coding		WP_162010699.1	298	GXM19_RS10770
NZ_CP048433.1	2416950	2418857		plus	elongator complex protein 3		92850900	protein-coding		WP_006234474.1	635	GXM19_RS10775
NZ_CP048433.1	2418858	2419736		plus	spermidine synthase		92850901	protein-coding		WP_006234473.1	292	GXM19_RS10780
NZ_CP048433.1	2419763	2422204		minus	DEAD/DEAH box helicase		92850902	protein-coding		WP_115596177.1	813	GXM19_RS10785
NZ_CP048433.1	2422321	2423625		minus	ATP-binding protein		92850903	protein-coding		WP_006234469.1	434	GXM19_RS10790
NZ_CP048433.1	2423618	2425378		minus	TerB N-terminal domain-containing protein		92850904	protein-coding		WP_239057624.1	586	GXM19_RS10795
NZ_CP048433.1	2425466	2426251		minus	DUF554 domain-containing protein		92850905	protein-coding		WP_239057625.1	261	GXM19_RS10800
NZ_CP048433.1	2426301	2427731		minus	hypothetical protein		92850906	protein-coding		WP_147293032.1	476	GXM19_RS10805
NZ_CP048433.1	2427750	2428031		minus	hypothetical protein		92850907	protein-coding		WP_035137055.1	93	GXM19_RS10810
NZ_CP048433.1	2428015	396		minus	hypothetical protein		92848789	protein-coding		WP_006234462.1	199	GXM19_RS00005
NZ_CP048434.1	1688	2515	putative_pCaero1	minus	ATP-binding protein		92850909	protein-coding		WP_006234068.1	275	GXM19_RS10820
NZ_CP048434.1	2512	3765	putative_pCaero1	minus	IS21 family transposase	istA	92850910	protein-coding		WP_115596273.1	417	GXM19_RS10825
NZ_CP048434.1	4027	4248	putative_pCaero1	plus	helix-turn-helix domain-containing protein		92850911	protein-coding		WP_040360150.1	73	GXM19_RS10830
NZ_CP048434.1	4384	5649	putative_pCaero1	plus	ATP-binding protein		92850912	protein-coding		WP_040360137.1	421	GXM19_RS10835
NZ_CP048434.1	6494	7144	putative_pCaero1	plus	plasmid mobilization protein		92850913	protein-coding		WP_006236313.1	216	GXM19_RS10840
NZ_CP048434.1	7551	7979	putative_pCaero1	minus	hypothetical protein		92850914	protein-coding		WP_006236314.1	142	GXM19_RS10845
NZ_CP048434.1	7981	8634	putative_pCaero1	minus	hypothetical protein		92850915	protein-coding		WP_006236315.1	217	GXM19_RS10850
NZ_CP048434.1	9246	9524	putative_pCaero1	minus	hypothetical protein		92850916	protein-coding		WP_006236317.1	92	GXM19_RS10855
NZ_CP048434.1	9763	10047	putative_pCaero1	minus	type II toxin-antitoxin system RelE family toxin		92850917	protein-coding		WP_006236318.1	94	GXM19_RS10860
NZ_CP048434.1	10044	10265	putative_pCaero1	minus	type II toxin-antitoxin system RelB family antitoxin	relB	92850918	protein-coding		WP_204986970.1	73	GXM19_RS10865
NZ_CP048434.1	10492	11052	putative_pCaero1	plus	recombinase family protein		92850919	protein-coding		WP_162010733.1	186	GXM19_RS10870
NZ_CP048434.1	11241	11933	putative_pCaero1	plus	hypothetical protein		92850920	protein-coding		WP_006236321.1	230	GXM19_RS10875
NZ_CP048434.1	11936	12145	putative_pCaero1	plus	hypothetical protein		92850921	protein-coding		WP_006236322.1	69	GXM19_RS10880
NZ_CP048434.1	12180	12689	putative_pCaero1	plus	DUF5067 domain-containing protein		92850922	protein-coding		WP_006236324.1	169	GXM19_RS10885
NZ_CP048434.1	12719	13456	putative_pCaero1	minus	metallophosphoesterase family protein		92850923	protein-coding		WP_006236326.1	245	GXM19_RS10890
NZ_CP048434.1	13456	14181	putative_pCaero1	minus	metallophosphoesterase family protein		92850924	protein-coding		WP_006236330.1	241	GXM19_RS10895
NZ_CP048434.1	14178	14816	putative_pCaero1	minus	hypothetical protein		92850925	protein-coding		WP_006236331.1	212	GXM19_RS10900
NZ_CP048434.1	15256	15381	putative_pCaero1	minus	hypothetical protein		92850982	protein-coding		WP_256637919.1	41	GXM19_RS11240
NZ_CP048434.1	15459	15689	putative_pCaero1	minus	hypothetical protein		92850926	protein-coding		WP_006236334.1	76	GXM19_RS10905
NZ_CP048434.1	16476	16664	putative_pCaero1	plus	ribbon-helix-helix domain-containing protein		92850927	protein-coding		WP_006236336.1	62	GXM19_RS10910
NZ_CP048434.1	16795	17601	putative_pCaero1	plus	transcriptional regulator		92850928	protein-coding		WP_040360143.1	268	GXM19_RS10915
NZ_CP048434.1	17632	18033	putative_pCaero1	minus	hypothetical protein		92850929	protein-coding		WP_147293063.1	133	GXM19_RS10920
NZ_CP048434.1	18533	18835	putative_pCaero1	minus	ribbon-helix-helix protein, CopG family		92850930	protein-coding		WP_006236340.1	100	GXM19_RS10925
NZ_CP048434.1	18835	19386	putative_pCaero1	minus	ParA family protein		92850931	protein-coding		WP_006236341.1	183	GXM19_RS10930
NZ_CP048434.1	20088	20327	putative_pCaero1	plus	hypothetical protein		92850932	protein-coding		WP_006236343.1	79	GXM19_RS10935
NZ_CP048434.1	20766	20990	putative_pCaero1	plus	hypothetical protein		92850933	protein-coding		WP_040360148.1	74	GXM19_RS10940
NZ_CP048434.1	21201	1507	putative_pCaero1	minus	CAP domain-containing protein		92850908	protein-coding		WP_193684741.1	1116	GXM19_RS10815
NZ_CP048435.1	427	663	putative_pCaero2	plus	type II toxin-antitoxin system RelB family antitoxin	relB	92850935	protein-coding		WP_006236365.1	78	GXM19_RS10950
NZ_CP048435.1	647	916	putative_pCaero2	plus	type II toxin-antitoxin system RelE family toxin		92850936	protein-coding		WP_040360182.1	89	GXM19_RS10955
NZ_CP048435.1	979	1662	putative_pCaero2	plus	Rep family protein		92850937	protein-coding		WP_115596269.1	227	GXM19_RS10960
NZ_CP048435.1	1911	2615	putative_pCaero2	plus	plasmid recombination protein		92850938	protein-coding		WP_115596270.1	234	GXM19_RS10965
NZ_CP048435.1	3212	384	putative_pCaero2	plus	plasmid recombination protein		92850934	protein-coding		WP_187367064.1	412	GXM19_RS10945
