Accession	Begin	End	Chromosome	Orientation	Name	Symbol	Gene ID	Gene Type	Transcripts accession	Protein accession	Protein length	Locus tag
NZ_JAQEGR010000001.1	48	869		plus	ParA family protein		79854124	protein-coding		WP_119189008.1	273	PGS38_RS00005
NZ_JAQEGR010000001.1	826	1761		plus	ParB/RepB/Spo0J family partition protein		79854125	protein-coding		WP_119189007.1	311	PGS38_RS00010
NZ_JAQEGR010000001.1	1805	2091		plus	DUF5720 family protein		79854126	protein-coding		WP_270475717.1	94	PGS38_RS00015
NZ_JAQEGR010000001.1	2159	2311		plus	uncharacterized gene		79854127	pseudogene				PGS38_RS00020
NZ_JAQEGR010000001.1	2311	2877		plus	uncharacterized gene		79854128	pseudogene				PGS38_RS00025
NZ_JAQEGR010000001.1	2874	3218		plus	TnpV protein		79854129	protein-coding		WP_118639935.1	114	PGS38_RS00030
NZ_JAQEGR010000001.1	3665	4344		plus	uncharacterized gene		79854130	pseudogene				PGS38_RS00035
NZ_JAQEGR010000001.1	4890	5249		plus	DUF3847 domain-containing protein		79854131	protein-coding		WP_117509145.1	119	PGS38_RS00040
NZ_JAQEGR010000001.1	5215	6711		plus	MobQ family relaxase	mobQ	79854132	protein-coding		WP_118639934.1	498	PGS38_RS00045
NZ_JAQEGR010000001.1	6708	7123		plus	uncharacterized gene		79854133	pseudogene				PGS38_RS00050
NZ_JAQEGR010000001.1	7760	7915		minus	uncharacterized gene		79854134	pseudogene				PGS38_RS00055
NZ_JAQEGR010000001.1	8189	8326		plus	hypothetical protein		79854135	protein-coding		WP_442857661.1	45	PGS38_RS00060
NZ_JAQEGR010000001.1	8422	9444		minus	helix-turn-helix domain-containing protein		79854136	protein-coding		WP_118639933.1	340	PGS38_RS00065
NZ_JAQEGR010000001.1	9441	9827		minus	ArsR/SmtB family transcription factor		79854137	protein-coding		WP_055228485.1	128	PGS38_RS00070
NZ_JAQEGR010000001.1	9881	10423		minus	Rrf2 family transcriptional regulator		79854138	protein-coding		WP_243104816.1	180	PGS38_RS00075
NZ_JAQEGR010000001.1	10551	11531		plus	SIR2 family NAD-dependent protein deacylase		79854139	protein-coding		WP_173829423.1	326	PGS38_RS00080
NZ_JAQEGR010000001.1	11528	12409		plus	SIR2 family NAD-dependent protein deacylase		79854140	protein-coding		WP_118639932.1	293	PGS38_RS00085
NZ_JAQEGR010000001.1	12426	13262		plus	SIR2 family NAD-dependent protein deacylase		79854141	protein-coding		WP_118639931.1	278	PGS38_RS00090
NZ_JAQEGR010000001.1	13296	13859		plus	DNA-3-methyladenine glycosylase I		79854142	protein-coding		WP_118639952.1	187	PGS38_RS00095
NZ_JAQEGR010000001.1	13945	14298		minus	winged helix-turn-helix transcriptional regulator		79854143	protein-coding		WP_117800764.1	117	PGS38_RS00100
NZ_JAQEGR010000001.1	14453	14956		plus	flavin reductase family protein		79854144	protein-coding		WP_118639930.1	167	PGS38_RS00105
NZ_JAQEGR010000001.1	15211	16128		plus	radical SAM mobile pair protein B		79854145	protein-coding		WP_118639929.1	305	PGS38_RS00110
NZ_JAQEGR010000001.1	16431	17321		plus	LysR family transcriptional regulator		79854146	protein-coding		WP_022462480.1	296	PGS38_RS00115
NZ_JAQEGR010000001.1	17435	17629		plus	DUF4224 domain-containing protein		79854147	protein-coding		WP_022462481.1	64	PGS38_RS00120
NZ_JAQEGR010000001.1	17650	18993		plus	MATE family efflux transporter		79854148	protein-coding		WP_117760428.1	447	PGS38_RS00125
NZ_JAQEGR010000001.1	19132	19296		plus	oxidoreductase Fe-dependent alcohol dehydrogenase family		87803024	protein-coding		WP_022462483.1	54	PGS38_RS17420
NZ_JAQEGR010000001.1	19764	20780		plus	O-acetyl-ADP-ribose deacetylase		79854150	protein-coding		WP_118639928.1	338	PGS38_RS00135
NZ_JAQEGR010000001.1	20967	21617		plus	vWA domain-containing protein		79854151	protein-coding		WP_117814036.1	216	PGS38_RS00140
NZ_JAQEGR010000001.1	21622	22656		plus	alcohol dehydrogenase		79854152	protein-coding		WP_055228476.1	344	PGS38_RS00145
NZ_JAQEGR010000001.1	22830	22991		plus	hypothetical protein		79854153	protein-coding		WP_158565074.1	53	PGS38_RS00150
NZ_JAQEGR010000001.1	23041	23883		minus	4Fe-4S binding protein		79854154	protein-coding		WP_118639951.1	280	PGS38_RS00155
NZ_JAQEGR010000001.1	24501	25802		plus	MFS transporter		79854155	protein-coding		WP_118639927.1	433	PGS38_RS00160
NZ_JAQEGR010000001.1	25937	26305		plus	hypothetical protein		79854156	protein-coding		WP_243104815.1	122	PGS38_RS00165
NZ_JAQEGR010000001.1	26576	26791		plus	hypothetical protein		79854157	protein-coding		WP_022462490.1	71	PGS38_RS00170
NZ_JAQEGR010000001.1	27208	28203		plus	asparaginase		79854158	protein-coding		WP_117509129.1	331	PGS38_RS00175
NZ_JAQEGR010000001.1	28537	28809		plus	2,5-dihydroxypyridine 5,6-dioxygenase NicX family protein		79854159	protein-coding		WP_191892600.1	90	PGS38_RS00180
NZ_JAQEGR010000001.1	28858	29502		plus	pyroglutamyl-peptidase I	pcp	79854160	protein-coding		WP_117509128.1	214	PGS38_RS00185
NZ_JAQEGR010000001.1	29642	30124		plus	LeuD/DmdB family oxidoreductase small subunit		79854161	protein-coding		WP_055218301.1	160	PGS38_RS00190
NZ_JAQEGR010000001.1	30130	31380		plus	3-isopropylmalate dehydratase large subunit		79854162	protein-coding		WP_117509127.1	416	PGS38_RS00195
NZ_JAQEGR010000001.1	31426	31917		plus	LeuD/DmdB family oxidoreductase small subunit		79854163	protein-coding		WP_022462500.1	163	PGS38_RS00200
NZ_JAQEGR010000001.1	31936	33183		plus	3-isopropylmalate dehydratase large subunit		79854164	protein-coding		WP_117509126.1	415	PGS38_RS00205
NZ_JAQEGR010000001.1	33218	34744		plus	Na+/H+ antiporter NhaC family protein		79854165	protein-coding		WP_117509125.1	508	PGS38_RS00210
NZ_JAQEGR010000001.1	35075	36847		plus	ABC transporter ATP-binding protein		79854166	protein-coding		WP_158554957.1	590	PGS38_RS00215
NZ_JAQEGR010000001.1	36850	38748		plus	ABC transporter ATP-binding protein		79854167	protein-coding		WP_117509123.1	632	PGS38_RS00220
NZ_JAQEGR010000001.1	38998	39690		plus	YoaK family protein		79854168	protein-coding		WP_242991102.1	230	PGS38_RS00225
NZ_JAQEGR010000001.1	39726	40007		plus	hypothetical protein		79854169	protein-coding		WP_022462506.1	93	PGS38_RS00230
NZ_JAQEGR010000001.1	40107	40994		minus	LysR family transcriptional regulator		79854170	protein-coding		WP_055267072.1	295	PGS38_RS00235
NZ_JAQEGR010000001.1	41248	43788		plus	heavy metal translocating P-type ATPase		79854171	protein-coding		WP_055267070.1	846	PGS38_RS00240
NZ_JAQEGR010000001.1	43982	45148		plus	GNAT family N-acetyltransferase		79854172	protein-coding		WP_055267068.1	388	PGS38_RS00245
NZ_JAQEGR010000001.1	45176	45481		plus	acylphosphatase		79854173	protein-coding		WP_055218278.1	101	PGS38_RS00250
NZ_JAQEGR010000001.1	45482	45733		minus	YlmC/YmxH family sporulation protein		79854174	protein-coding		WP_055267066.1	83	PGS38_RS00255
NZ_JAQEGR010000001.1	45876	46328		plus	transcriptional regulator NrdR	nrdR	79854175	protein-coding		WP_022462512.1	150	PGS38_RS00260
NZ_JAQEGR010000001.1	46343	46978		plus	DUF3786 domain-containing protein		79854176	protein-coding		WP_117509119.1	211	PGS38_RS00265
NZ_JAQEGR010000001.1	47109	48467		plus	citrate/2-methylcitrate synthase		79854177	protein-coding		WP_117509174.1	452	PGS38_RS00270
NZ_JAQEGR010000001.1	48572	49459		plus	patatin-like phospholipase family protein		79854178	protein-coding		WP_055218274.1	295	PGS38_RS00275
NZ_JAQEGR010000001.1	49534	50058		plus	YqeG family HAD IIIA-type phosphatase		79854179	protein-coding		WP_117509173.1	174	PGS38_RS00280
NZ_JAQEGR010000001.1	50143	50700		plus	elongation factor P	efp	79854180	protein-coding		WP_022462517.1	185	PGS38_RS00285
NZ_JAQEGR010000001.1	50970	51881		plus	DUF5688 family protein		79854181	protein-coding		WP_118666314.1	303	PGS38_RS00290
NZ_JAQEGR010000001.1	52009	52081		plus	tRNA-Arg		79854182	tRNA				PGS38_RS00295
NZ_JAQEGR010000001.1	52226	53104		plus	hypothetical protein		79854183	protein-coding		WP_117509117.1	292	PGS38_RS00300
NZ_JAQEGR010000001.1	53180	53881		plus	pseudouridine synthase		79854184	protein-coding		WP_117509172.1	233	PGS38_RS00305
NZ_JAQEGR010000001.1	53878	55833		plus	NAD-dependent DNA ligase LigA	ligA	79854185	protein-coding		WP_117804012.1	651	PGS38_RS00310
NZ_JAQEGR010000001.1	55985	56917		plus	homoserine O-acetyltransferase MetA	metA	79854186	protein-coding		WP_055228462.1	310	PGS38_RS00315
NZ_JAQEGR010000001.1	57005	57238		minus	helix-turn-helix domain-containing protein		79854187	protein-coding		WP_022462523.1	77	PGS38_RS00320
NZ_JAQEGR010000001.1	57477	58250		plus	DUF6062 family protein		79854188	protein-coding		WP_117509116.1	257	PGS38_RS00325
NZ_JAQEGR010000001.1	58282	60351		plus	LTA synthase family protein		79854189	protein-coding		WP_117804013.1	689	PGS38_RS00330
NZ_JAQEGR010000001.1	60473	62104		plus	ABC-F family ATP-binding cassette domain-containing protein		79854190	protein-coding		WP_022462526.1	543	PGS38_RS00335
NZ_JAQEGR010000001.1	62107	64470		plus	DUF2298 domain-containing protein		79854191	protein-coding		WP_117804014.1	787	PGS38_RS00340
NZ_JAQEGR010000001.1	64587	65261		plus	polysaccharide deacetylase family protein		79854192	protein-coding		WP_158581083.1	224	PGS38_RS00345
NZ_JAQEGR010000001.1	65375	66697		plus	replication-associated recombination protein A		79854193	protein-coding		WP_022462529.1	440	PGS38_RS00350
NZ_JAQEGR010000001.1	66712	67659		plus	tRNA modification radical SAM protein MnmL/YtqA	mnmL	79854194	protein-coding		WP_117804016.1	315	PGS38_RS00355
NZ_JAQEGR010000001.1	67656	68174		plus	DUF4364 family protein		79854195	protein-coding		WP_022462531.1	172	PGS38_RS00360
NZ_JAQEGR010000001.1	68282	69874		plus	peptide chain release factor 3		79854196	protein-coding		WP_022462532.1	530	PGS38_RS00365
NZ_JAQEGR010000001.1	69913	70596		plus	L-serine ammonia-lyase, iron-sulfur-dependent subunit beta	sdaAB	79854197	protein-coding		WP_055218253.1	227	PGS38_RS00370
NZ_JAQEGR010000001.1	70586	71458		plus	L-serine ammonia-lyase, iron-sulfur-dependent, subunit alpha	sdaAA	79854198	protein-coding		WP_055228454.1	290	PGS38_RS00375
NZ_JAQEGR010000001.1	71529	71921		plus	Asp23/Gls24 family envelope stress response protein		79854199	protein-coding		WP_022463352.1	130	PGS38_RS00380
NZ_JAQEGR010000001.1	72049	72486		plus	transcription antitermination factor NusB	nusB	79854200	protein-coding		WP_022463351.1	145	PGS38_RS00385
NZ_JAQEGR010000001.1	72476	73702		plus	exodeoxyribonuclease VII large subunit	xseA	79854201	protein-coding		WP_117509110.1	408	PGS38_RS00390
NZ_JAQEGR010000001.1	73725	73970		plus	exodeoxyribonuclease VII small subunit	xseB	79854202	protein-coding		WP_226906307.1	81	PGS38_RS00395
NZ_JAQEGR010000001.1	73948	74862		plus	polyprenyl synthetase family protein		79854203	protein-coding		WP_330411313.1	304	PGS38_RS00400
NZ_JAQEGR010000001.1	74874	76751		plus	1-deoxy-D-xylulose-5-phosphate synthase	dxs	79854204	protein-coding		WP_117804020.1	625	PGS38_RS00405
NZ_JAQEGR010000001.1	76748	77557		plus	TlyA family RNA methyltransferase		79854205	protein-coding		WP_117804021.1	269	PGS38_RS00410
NZ_JAQEGR010000001.1	77577	78434		plus	NAD(+)/NADH kinase		79854206	protein-coding		WP_022463345.1	285	PGS38_RS00415
NZ_JAQEGR010000001.1	78464	78940		plus	arginine repressor	argR	79854207	protein-coding		WP_022463344.1	158	PGS38_RS00420
NZ_JAQEGR010000001.1	79005	80696		plus	DNA repair protein RecN	recN	79854208	protein-coding		WP_022463343.1	563	PGS38_RS00425
NZ_JAQEGR010000001.1	80862	82082		plus	SpoIVB peptidase	spoIVB	79854209	protein-coding		WP_158568530.1	406	PGS38_RS00430
NZ_JAQEGR010000001.1	82289	83089		plus	sporulation transcription factor Spo0A	spo0A	79854210	protein-coding		WP_022463341.1	266	PGS38_RS00435
NZ_JAQEGR010000001.1	83282	84724		plus	glycogen synthase GlgA	glgA	79854211	protein-coding		WP_117760400.1	480	PGS38_RS00440
NZ_JAQEGR010000001.1	84998	86065		plus	recombinase RecA	recA	79854212	protein-coding		WP_022463338.1	355	PGS38_RS00445
NZ_JAQEGR010000001.1	86066	86692		plus	regulatory protein RecX		79854213	protein-coding		WP_270475724.1	208	PGS38_RS00450
NZ_JAQEGR010000001.1	86841	88406		plus	ribonuclease Y	rny	79854214	protein-coding		WP_173815704.1	521	PGS38_RS00455
NZ_JAQEGR010000001.1	88519	89349		minus	helix-turn-helix transcriptional regulator		79854215	protein-coding		WP_117760398.1	276	PGS38_RS00460
NZ_JAQEGR010000001.1	89537	92119		plus	glycoside hydrolase family 3 protein		79854216	protein-coding		WP_270475728.1	860	PGS38_RS00465
NZ_JAQEGR010000001.1	92334	92909		plus	stage II sporulation protein M		79854217	protein-coding		WP_022463333.1	191	PGS38_RS00470
NZ_JAQEGR010000001.1	93021	93902		plus	site-specific tyrosine recombinase XerD	xerD	79854218	protein-coding		WP_117509101.1	293	PGS38_RS00475
NZ_JAQEGR010000001.1	94109	95626		plus	response regulator transcription factor		79854219	protein-coding		WP_117509100.1	505	PGS38_RS00480
NZ_JAQEGR010000001.1	95623	97425		plus	sensor histidine kinase		79854220	protein-coding		WP_270475729.1	600	PGS38_RS00485
NZ_JAQEGR010000001.1	97751	98683		plus	ABC transporter permease		79854221	protein-coding		WP_117509098.1	310	PGS38_RS00490
NZ_JAQEGR010000001.1	98708	99616		plus	carbohydrate ABC transporter permease		79854222	protein-coding		WP_117509097.1	302	PGS38_RS00495
NZ_JAQEGR010000001.1	99659	101194		plus	ABC transporter substrate-binding protein		79854223	protein-coding		WP_117509096.1	511	PGS38_RS00500
NZ_JAQEGR010000001.1	101355	102176		plus	MBL fold metallo-hydrolase		79854224	protein-coding		WP_158554955.1	273	PGS38_RS00505
NZ_JAQEGR010000001.1	102216	103562		plus	glycoside hydrolase family 30 protein		79854225	protein-coding		WP_117509094.1	448	PGS38_RS00510
NZ_JAQEGR010000001.1	103661	104695		minus	3-deoxy-7-phosphoheptulonate synthase		79854226	protein-coding		WP_117509093.1	344	PGS38_RS00515
NZ_JAQEGR010000001.1	104863	106224		minus	oligosaccharide flippase family protein		79854227	protein-coding		WP_117509092.1	453	PGS38_RS00520
NZ_JAQEGR010000001.1	106383	106838		plus	RrF2 family transcriptional regulator		79854228	protein-coding		WP_022463329.1	151	PGS38_RS00525
NZ_JAQEGR010000001.1	106845	108026		plus	cysteine desulfurase NifS	nifS	79854229	protein-coding		WP_022463328.1	393	PGS38_RS00530
NZ_JAQEGR010000001.1	108135	108572		plus	Fe-S cluster assembly scaffold protein NifU	nifU	79854230	protein-coding		WP_022463327.1	145	PGS38_RS00535
NZ_JAQEGR010000001.1	108575	109669		plus	tRNA 2-thiouridine(34) synthase MnmA	mnmA	79854231	protein-coding		WP_117509091.1	364	PGS38_RS00540
NZ_JAQEGR010000001.1	109666	110466		plus	histidinol-phosphatase HisJ family protein		79854232	protein-coding		WP_117509090.1	266	PGS38_RS00545
NZ_JAQEGR010000001.1	110730	111743		plus	type I glyceraldehyde-3-phosphate dehydrogenase	gap	79854233	protein-coding		WP_022463324.1	337	PGS38_RS00550
NZ_JAQEGR010000001.1	111958	113151		plus	phosphoglycerate kinase		79854234	protein-coding		WP_022463323.1	397	PGS38_RS00555
NZ_JAQEGR010000001.1	113187	113939		plus	triose-phosphate isomerase	tpiA	79854235	protein-coding		WP_022463322.1	250	PGS38_RS00560
NZ_JAQEGR010000001.1	114186	115466		plus	type I restriction endonuclease subunit R, EcoR124 family		79854236	protein-coding		WP_416388403.1	426	PGS38_RS00565
NZ_JAQEGR010000001.1	115551	117059		plus	ATP-binding protein		79854237	protein-coding		WP_117814072.1	502	PGS38_RS00570
NZ_JAQEGR010000001.1	117407	117790		plus	RidA family protein		79854238	protein-coding		WP_055218381.1	127	PGS38_RS00575
NZ_JAQEGR010000001.1	117806	119095		plus	homoserine dehydrogenase		79854239	protein-coding		WP_055267016.1	429	PGS38_RS00580
NZ_JAQEGR010000001.1	119276	120817		plus	2,3-bisphosphoglycerate-independent phosphoglycerate mutase	gpmI	79854240	protein-coding		WP_022463319.1	513	PGS38_RS00585
NZ_JAQEGR010000001.1	121379	122722		plus	phosphopyruvate hydratase	eno	79854241	protein-coding		WP_118601218.1	447	PGS38_RS00590
NZ_JAQEGR010000001.1	122808	123044		plus	preprotein translocase subunit SecG	secG	79854242	protein-coding		WP_055226503.1	78	PGS38_RS00595
NZ_JAQEGR010000001.1	123268	125097		plus	ribonuclease R	rnr	79854243	protein-coding		WP_416388404.1	609	PGS38_RS00600
NZ_JAQEGR010000001.1	125117	125587		plus	SsrA-binding protein SmpB	smpB	79854244	protein-coding		WP_022463315.1	156	PGS38_RS00605
NZ_JAQEGR010000001.1	125716	126073		plus	transfer-messenger RNA	ssrA	79854245	other				PGS38_RS00610
NZ_JAQEGR010000001.1	126273	126749		plus	LURP-one-related/scramblase family protein		79854246	protein-coding		WP_022463307.1	158	PGS38_RS00615
NZ_JAQEGR010000001.1	126936	127844		plus	aminoglycoside phosphotransferase family protein		79854247	protein-coding		WP_119188730.1	302	PGS38_RS00620
NZ_JAQEGR010000001.1	128158	129708		plus	ATP-binding cassette domain-containing protein		79854248	protein-coding		WP_117509081.1	516	PGS38_RS00625
NZ_JAQEGR010000001.1	129932	131221		plus	ATP-binding protein		79854249	protein-coding		WP_118594709.1	429	PGS38_RS00630
NZ_JAQEGR010000001.1	131772	132875		plus	glycerol dehydrogenase		79854251	protein-coding		WP_117801211.1	367	PGS38_RS00640
NZ_JAQEGR010000001.1	133134	133817		plus	response regulator transcription factor		79854252	protein-coding		WP_055218183.1	227	PGS38_RS00645
NZ_JAQEGR010000001.1	133814	135412		plus	sensor histidine kinase		79854253	protein-coding		WP_243036448.1	532	PGS38_RS00650
NZ_JAQEGR010000001.1	135533	136081		plus	TetR/AcrR family transcriptional regulator C-terminal domain-containing protein		79854254	protein-coding		WP_055226495.1	182	PGS38_RS00655
NZ_JAQEGR010000001.1	136103	137125		minus	hypothetical protein		79854255	protein-coding		WP_118749852.1	340	PGS38_RS00660
NZ_JAQEGR010000001.1	137422	138222		plus	PHP-associated domain-containing protein		79854256	protein-coding		WP_055218178.1	266	PGS38_RS00665
NZ_JAQEGR010000001.1	138316	139488		plus	metallophosphoesterase		79854257	protein-coding		WP_022463295.1	390	PGS38_RS00670
NZ_JAQEGR010000001.1	139876	141210		plus	aspartate--tRNA(Asn) ligase	aspS	79854258	protein-coding		WP_330425640.1	444	PGS38_RS00675
NZ_JAQEGR010000001.1	141534	141992		plus	cyclase family protein		79854259	protein-coding		WP_117800885.1	152	PGS38_RS00680
NZ_JAQEGR010000001.1	142222	143679		plus	radical SAM protein		79854260	protein-coding		WP_118699891.1	485	PGS38_RS00685
NZ_JAQEGR010000001.1	143865	144776		plus	AAA family ATPase		79854261	protein-coding		WP_118699890.1	303	PGS38_RS00690
NZ_JAQEGR010000001.1	144788	146575		plus	cobaltochelatase CobT-related protein		79854262	protein-coding		WP_118699889.1	595	PGS38_RS00695
NZ_JAQEGR010000001.1	146812	147273		plus	MarR family winged helix-turn-helix transcriptional regulator		79854263	protein-coding		WP_242991099.1	153	PGS38_RS00700
NZ_JAQEGR010000001.1	147267	149015		plus	ABC transporter ATP-binding protein		79854264	protein-coding		WP_117760378.1	582	PGS38_RS00705
NZ_JAQEGR010000001.1	149019	150944		plus	ABC transporter ATP-binding protein		79854265	protein-coding		WP_118639908.1	641	PGS38_RS00710
NZ_JAQEGR010000001.1	151185	152495		plus	M18 family aminopeptidase		79854266	protein-coding		WP_118639907.1	436	PGS38_RS00715
NZ_JAQEGR010000001.1	152590	156183		minus	ABC transporter ATP-binding protein/permease		79854267	protein-coding		WP_118639906.1	1197	PGS38_RS00720
NZ_JAQEGR010000001.1	156373	156696		minus	helix-turn-helix domain-containing protein		79854268	protein-coding		WP_117800904.1	107	PGS38_RS00725
NZ_JAQEGR010000001.1	156912	157280		minus	DUF1292 domain-containing protein		79854269	protein-coding		WP_118639905.1	122	PGS38_RS00730
NZ_JAQEGR010000001.1	157559	158623		plus	branched-chain amino acid aminotransferase		79854270	protein-coding		WP_117509070.1	354	PGS38_RS00735
NZ_JAQEGR010000001.1	158738	160198		plus	aminotransferase class I/II-fold pyridoxal phosphate-dependent enzyme		79854271	protein-coding		WP_158576401.1	486	PGS38_RS00740
NZ_JAQEGR010000001.1	160280	161035		plus	exodeoxyribonuclease III		79854272	protein-coding		WP_117509068.1	251	PGS38_RS00745
NZ_JAQEGR010000001.1	161132	163027		plus	alpha-amylase family glycosyl hydrolase		79854273	protein-coding		WP_117804038.1	631	PGS38_RS00750
NZ_JAQEGR010000001.1	163005	163622		plus	DUF5662 family protein		79854274	protein-coding		WP_243104817.1	205	PGS38_RS00755
NZ_JAQEGR010000001.1	164010	165128		plus	GntR family transcriptional regulator		79854275	protein-coding		WP_118639903.1	372	PGS38_RS00760
NZ_JAQEGR010000001.1	165161	166753		plus	xylulokinase		79854276	protein-coding		WP_334294899.1	530	PGS38_RS00765
NZ_JAQEGR010000001.1	166788	167483		plus	L-ribulose-5-phosphate 4-epimerase		79854277	protein-coding		WP_022461490.1	231	PGS38_RS00770
NZ_JAQEGR010000001.1	167598	168626		minus	LacI family DNA-binding transcriptional regulator		79854278	protein-coding		WP_055266684.1	342	PGS38_RS00775
NZ_JAQEGR010000001.1	168939	170312		plus	ABC transporter substrate-binding protein		79854279	protein-coding		WP_117760371.1	457	PGS38_RS00780
NZ_JAQEGR010000001.1	170340	171212		plus	carbohydrate ABC transporter permease		79854280	protein-coding		WP_022461493.1	290	PGS38_RS00785
NZ_JAQEGR010000001.1	171212	172072		plus	carbohydrate ABC transporter permease		79854281	protein-coding		WP_022461494.1	286	PGS38_RS00790
NZ_JAQEGR010000001.1	172190	173509		plus	glycoside hydrolase family 32 protein		79854282	protein-coding		WP_117801219.1	439	PGS38_RS00795
NZ_JAQEGR010000001.1	173644	174963		plus	aspartate kinase		79854283	protein-coding		WP_117800910.1	439	PGS38_RS00800
NZ_JAQEGR010000001.1	175039	175290		plus	helix-turn-helix domain-containing protein		98633853	protein-coding		WP_226906317.1	83	PGS38_RS17730
NZ_JAQEGR010000001.1	175349	176047		plus	UMP kinase	pyrH	79854284	protein-coding		WP_022461497.1	232	PGS38_RS00805
NZ_JAQEGR010000001.1	176258	176776		plus	ribosome recycling factor	frr	79854285	protein-coding		WP_373141022.1	172	PGS38_RS00810
NZ_JAQEGR010000001.1	176844	177581		plus	polyprenyl diphosphate synthase	uppS	79854286	protein-coding		WP_118639900.1	245	PGS38_RS00815
NZ_JAQEGR010000001.1	177587	178378		plus	phosphatidate cytidylyltransferase		79854287	protein-coding		WP_022461500.1	263	PGS38_RS00820
NZ_JAQEGR010000001.1	178429	179583		plus	1-deoxy-D-xylulose-5-phosphate reductoisomerase		79854288	protein-coding		WP_117760369.1	384	PGS38_RS00825
NZ_JAQEGR010000001.1	179590	180882		plus	RIP metalloprotease RseP	rseP	79854289	protein-coding		WP_022461502.1	430	PGS38_RS00830
NZ_JAQEGR010000001.1	180956	182209		plus	peptidoglycan-binding protein		79854290	protein-coding		WP_117804040.1	417	PGS38_RS00835
NZ_JAQEGR010000001.1	182370	182714		plus	YlxM family DNA-binding protein	ylxM	79854291	protein-coding		WP_330377042.1	114	PGS38_RS00840
NZ_JAQEGR010000001.1	182717	184066		plus	signal recognition particle protein	ffh	79854292	protein-coding		WP_118639899.1	449	PGS38_RS00845
NZ_JAQEGR010000001.1	184121	184366		plus	30S ribosomal protein S16	rpsP	79854293	protein-coding		WP_022461506.1	81	PGS38_RS00850
NZ_JAQEGR010000001.1	184388	184618		plus	KH domain-containing protein		79854294	protein-coding		WP_022461507.1	76	PGS38_RS00855
NZ_JAQEGR010000001.1	184795	185301		plus	ribosome maturation factor RimM	rimM	79854295	protein-coding		WP_022461508.1	168	PGS38_RS00860
NZ_JAQEGR010000001.1	185320	186444		plus	tRNA (guanosine(37)-N1)-methyltransferase TrmD	trmD	79854296	protein-coding		WP_117760368.1	374	PGS38_RS00865
NZ_JAQEGR010000001.1	186533	186880		plus	50S ribosomal protein L19	rplS	79854297	protein-coding		WP_022461510.1	115	PGS38_RS00870
NZ_JAQEGR010000001.1	186962	187522		plus	signal peptidase I	lepB	79854298	protein-coding		WP_243038274.1	186	PGS38_RS00875
NZ_JAQEGR010000001.1	187547	188389		plus	ribosome biogenesis GTPase YlqF	ylqF	79854299	protein-coding		WP_055226467.1	280	PGS38_RS00880
NZ_JAQEGR010000001.1	188426	189193		plus	ribonuclease HII		79854300	protein-coding		WP_055266587.1	255	PGS38_RS00885
NZ_JAQEGR010000001.1	189229	189591		plus	YraN family protein		79854301	protein-coding		WP_022461514.1	120	PGS38_RS00890
NZ_JAQEGR010000001.1	189605	190459		plus	peptidoglycan editing factor PgeF	pgeF	79854302	protein-coding		WP_270475752.1	284	PGS38_RS00895
NZ_JAQEGR010000001.1	190558	191721		minus	ribose-phosphate pyrophosphokinase		79854303	protein-coding		WP_055226464.1	387	PGS38_RS00900
NZ_JAQEGR010000001.1	191945	193339		plus	DUF512 domain-containing protein		79854304	protein-coding		WP_117509054.1	464	PGS38_RS00905
NZ_JAQEGR010000001.1	193293	194621		plus	ribosome biogenesis GTPase Der	der	79854305	protein-coding		WP_022461518.1	442	PGS38_RS00910
NZ_JAQEGR010000001.1	194628	195275		plus	glycerol-3-phosphate 1-O-acyltransferase PlsY	plsY	79854306	protein-coding		WP_117509053.1	215	PGS38_RS00915
NZ_JAQEGR010000001.1	195279	196292		plus	NAD(P)H-dependent glycerol-3-phosphate dehydrogenase		79854307	protein-coding		WP_118639897.1	337	PGS38_RS00920
NZ_JAQEGR010000001.1	196481	198004		plus	4Fe-4S dicluster domain-containing protein		79854308	protein-coding		WP_022461521.1	507	PGS38_RS00925
NZ_JAQEGR010000001.1	198030	199112		plus	ABC transporter substrate-binding protein		79854309	protein-coding		WP_242998333.1	360	PGS38_RS00930
NZ_JAQEGR010000001.1	199090	199872		plus	ABC transporter permease		79854310	protein-coding		WP_118639896.1	260	PGS38_RS00935
NZ_JAQEGR010000001.1	199869	200525		plus	ATP-binding cassette domain-containing protein		79854311	protein-coding		WP_070100780.1	218	PGS38_RS00940
NZ_JAQEGR010000001.1	200574	201395		minus	aldo/keto reductase		79854312	protein-coding		WP_117509050.1	273	PGS38_RS00945
NZ_JAQEGR010000001.1	201760	202110		plus	DUF8180 domain-containing protein		79854313	protein-coding		WP_055218122.1	116	PGS38_RS00950
NZ_JAQEGR010000001.1	202125	202307		plus	CooT family nickel-binding protein		79854314	protein-coding		WP_022462432.1	60	PGS38_RS00955
NZ_JAQEGR010000001.1	202443	203375		plus	methylenetetrahydrofolate reductase		79854315	protein-coding		WP_118639895.1	310	PGS38_RS00960
NZ_JAQEGR010000001.1	203414	204184		plus	ATP-binding protein		79854316	protein-coding		WP_022462430.1	256	PGS38_RS00965
NZ_JAQEGR010000001.1	204311	206203		plus	anaerobic carbon-monoxide dehydrogenase catalytic subunit	cooS	79854317	protein-coding		WP_055226451.1	630	PGS38_RS00970
NZ_JAQEGR010000001.1	206266	207054		plus	ATP-binding protein		79854318	protein-coding		WP_117509047.1	262	PGS38_RS00975
NZ_JAQEGR010000001.1	207070	209199		plus	acetyl-CoA decarbonylase/synthase complex subunit alpha/beta	acsB	79854319	protein-coding		WP_118639894.1	709	PGS38_RS00980
NZ_JAQEGR010000001.1	209497	210438		plus	acetyl-CoA decarbonylase/synthase complex subunit delta	acsD	79854320	protein-coding		WP_022462426.1	313	PGS38_RS00985
NZ_JAQEGR010000001.1	210476	211831		plus	acetyl-CoA decarbonylase/synthase complex subunit gamma	acsC	79854321	protein-coding		WP_022462425.1	451	PGS38_RS00990
NZ_JAQEGR010000001.1	211925	212710		plus	carbon monoxide dehydrogenase/acetyl-CoA synthase methytransferase subunit	acsE	79854322	protein-coding		WP_022462424.1	261	PGS38_RS00995
NZ_JAQEGR010000001.1	212850	214775		plus	corrinoid activation/regeneration protein AcsV	acsV	79854323	protein-coding		WP_119188480.1	641	PGS38_RS01000
NZ_JAQEGR010000001.1	214870	215541		plus	DUF3786 domain-containing protein		79854324	protein-coding		WP_117509043.1	223	PGS38_RS01005
NZ_JAQEGR010000001.1	215603	216235		plus	cyclodeaminase/cyclohydrolase family protein		79854325	protein-coding		WP_117509042.1	210	PGS38_RS01010
NZ_JAQEGR010000001.1	216323	217174		plus	bifunctional 5,10-methylenetetrahydrofolate dehydrogenase/5,10-methenyltetrahydrofolate cyclohydrolase		79854326	protein-coding		WP_117509041.1	283	PGS38_RS01015
NZ_JAQEGR010000001.1	217346	218815		plus	stage IV sporulation protein A	spoIVA	79854327	protein-coding		WP_022461834.1	489	PGS38_RS01020
NZ_JAQEGR010000001.1	218920	219114		plus	6S RNA	ssrS	79854328	ncRNA				PGS38_RS01025
NZ_JAQEGR010000001.1	219185	220228		plus	aldose epimerase family protein		79854329	protein-coding		WP_055218365.1	347	PGS38_RS01030
NZ_JAQEGR010000001.1	221106	222545		plus	SpoIID/LytB domain-containing protein		79854330	protein-coding		WP_118639892.1	479	PGS38_RS01035
NZ_JAQEGR010000001.1	222624	223601		plus	LacI family DNA-binding transcriptional regulator		79854331	protein-coding		WP_270475757.1	325	PGS38_RS01040
NZ_JAQEGR010000001.1	223854	225698		plus	alpha-amylase family protein		79854332	protein-coding		WP_118639891.1	614	PGS38_RS01045
NZ_JAQEGR010000001.1	225812	226681		plus	YihY/virulence factor BrkB family protein		79854333	protein-coding		WP_055226442.1	289	PGS38_RS01050
NZ_JAQEGR010000001.1	227171	228217		plus	phenylalanine--tRNA ligase subunit alpha	pheS	79854334	protein-coding		WP_022461828.1	348	PGS38_RS01055
NZ_JAQEGR010000001.1	228249	230693		plus	phenylalanine--tRNA ligase subunit beta	pheT	79854335	protein-coding		WP_119188479.1	814	PGS38_RS01060
NZ_JAQEGR010000001.1	230699	231346		plus	histidine phosphatase family protein		79854336	protein-coding		WP_022461826.1	215	PGS38_RS01065
NZ_JAQEGR010000001.1	231665	232690		plus	aldo/keto reductase		79854337	protein-coding		WP_117804049.1	341	PGS38_RS01070
NZ_JAQEGR010000001.1	232687	233631		plus	AEC family transporter		79854338	protein-coding		WP_118639889.1	314	PGS38_RS01075
NZ_JAQEGR010000001.1	233739	235541		plus	glycoside hydrolase family 2 protein		79854339	protein-coding		WP_117804051.1	600	PGS38_RS01080
NZ_JAQEGR010000001.1	235663	236169		plus	acetolactate synthase small subunit	ilvN	79854340	protein-coding		WP_022462281.1	168	PGS38_RS01085
NZ_JAQEGR010000001.1	236328	237347		plus	ketol-acid reductoisomerase	ilvC	79854341	protein-coding		WP_022462282.1	339	PGS38_RS01090
NZ_JAQEGR010000001.1	237505	237861		minus	sporulation initiation factor Spo0A C-terminal domain-containing protein		79854342	protein-coding		WP_022462283.1	118	PGS38_RS01095
NZ_JAQEGR010000001.1	238127	238200		plus	tRNA-Pro		79854343	tRNA				PGS38_RS01100
NZ_JAQEGR010000001.1	238296	239324		plus	LacI family DNA-binding transcriptional regulator		79854344	protein-coding		WP_117804052.1	342	PGS38_RS01105
NZ_JAQEGR010000001.1	239625	240086		plus	extracellular solute-binding protein		79854345	protein-coding		WP_158565809.1	153	PGS38_RS01110
NZ_JAQEGR010000001.1	240576	242237		plus	2-isopropylmalate synthase		79854346	protein-coding		WP_022462286.1	553	PGS38_RS01115
NZ_JAQEGR010000001.1	242253	242858		plus	hypothetical protein		79854347	protein-coding		WP_117804054.1	201	PGS38_RS01120
NZ_JAQEGR010000001.1	243068	244552		plus	threonine synthase	thrC	79854348	protein-coding		WP_055266623.1	494	PGS38_RS01125
NZ_JAQEGR010000001.1	244634	246865		plus	cell wall hydrolase		79854349	protein-coding		WP_117509029.1	743	PGS38_RS01130
NZ_JAQEGR010000001.1	246901	247950		plus	nicotinate-nucleotide--dimethylbenzimidazole phosphoribosyltransferase	cobT	79854350	protein-coding		WP_117760346.1	349	PGS38_RS01135
NZ_JAQEGR010000001.1	247968	248489		plus	bifunctional adenosylcobinamide kinase/adenosylcobinamide-phosphate guanylyltransferase		79854351	protein-coding		WP_117509027.1	173	PGS38_RS01140
NZ_JAQEGR010000001.1	248491	249267		plus	adenosylcobinamide-GDP ribazoletransferase		79854352	protein-coding		WP_055226435.1	258	PGS38_RS01145
NZ_JAQEGR010000001.1	249264	249671		plus	bifunctional adenosylcobinamide kinase/adenosylcobinamide-phosphate guanylyltransferase		79854353	protein-coding		WP_022462293.1	135	PGS38_RS01150
NZ_JAQEGR010000001.1	249664	250260		plus	histidine phosphatase family protein		79854354	protein-coding		WP_022462294.1	198	PGS38_RS01155
NZ_JAQEGR010000001.1	250267	251136		plus	amidohydrolase family protein		79854355	protein-coding		WP_243104811.1	289	PGS38_RS01160
NZ_JAQEGR010000001.1	251253	251822		plus	signal peptidase I		79854356	protein-coding		WP_117760345.1	189	PGS38_RS01165
NZ_JAQEGR010000001.1	251867	252571		plus	SipW-dependent-type signal peptide-containing protein		79854357	protein-coding		WP_055266634.1	234	PGS38_RS01170
NZ_JAQEGR010000001.1	252594	253127		plus	hypothetical protein		79854358	protein-coding		WP_022462298.1	177	PGS38_RS01175
NZ_JAQEGR010000001.1	253124	254296		plus	hypothetical protein		79854359	protein-coding		WP_117800985.1	390	PGS38_RS01180
NZ_JAQEGR010000001.1	254293	256935		plus	SpaA isopeptide-forming pilin-related protein		79854360	protein-coding		WP_119188474.1	880	PGS38_RS01185
NZ_JAQEGR010000001.1	256987	257820		plus	class B sortase		79854361	protein-coding		WP_118640384.1	277	PGS38_RS01190
NZ_JAQEGR010000001.1	257874	259574		plus	MutS-related protein		79854362	protein-coding		WP_118640385.1	566	PGS38_RS01195
NZ_JAQEGR010000001.1	259709	260881		plus	cobalt-precorrin-5B (C(1))-methyltransferase CbiD	cbiD	79854363	protein-coding		WP_055226415.1	390	PGS38_RS01200
NZ_JAQEGR010000001.1	260889	261581		plus	precorrin-2 C(20)-methyltransferase	cobI	79854364	protein-coding		WP_117812894.1	230	PGS38_RS01205
NZ_JAQEGR010000001.1	261582	262340		plus	precorrin-4 C(11)-methyltransferase	cobM	79854365	protein-coding		WP_022462305.1	252	PGS38_RS01210
NZ_JAQEGR010000001.1	262342	263373		plus	cobalt-precorrin 5A hydrolase		79854366	protein-coding		WP_118594741.1	343	PGS38_RS01215
NZ_JAQEGR010000001.1	263370	264101		plus	precorrin-3B C(17)-methyltransferase	cobJ	79854367	protein-coding		WP_118594742.1	243	PGS38_RS01220
NZ_JAQEGR010000001.1	264094	266073		plus	precorrin-6A reductase	cobK	79854368	protein-coding		WP_117760336.1	659	PGS38_RS01225
NZ_JAQEGR010000001.1	266070	267479		plus	cobyrinate a,c-diamide synthase		79854369	protein-coding		WP_118594743.1	469	PGS38_RS01230
NZ_JAQEGR010000001.1	267476	268441		plus	adenosylcobinamide-phosphate synthase CbiB	cbiB	79854370	protein-coding		WP_118594744.1	321	PGS38_RS01235
NZ_JAQEGR010000001.1	268490	269536		plus	threonine-phosphate decarboxylase CobD	cobD	79854371	protein-coding		WP_118594745.1	348	PGS38_RS01240
NZ_JAQEGR010000001.1	269548	271059		plus	cobyric acid synthase		79854372	protein-coding		WP_118594746.1	503	PGS38_RS01245
NZ_JAQEGR010000001.1	271062	271706		plus	precorrin-8X methylmutase		79854373	protein-coding		WP_055218068.1	214	PGS38_RS01250
NZ_JAQEGR010000001.1	272160	273383		plus	tyrosine--tRNA ligase	tyrS	79854374	protein-coding		WP_022462314.1	407	PGS38_RS01255
NZ_JAQEGR010000001.1	273462	276101		plus	alanine--tRNA ligase	alaS	79854375	protein-coding		WP_117801012.1	879	PGS38_RS01260
NZ_JAQEGR010000001.1	276307	276483		plus	30S ribosomal protein S21	rpsU	79854376	protein-coding		WP_004222305.1	58	PGS38_RS01265
NZ_JAQEGR010000001.1	276578	278158		plus	cardiolipin synthase	cls	79854377	protein-coding		WP_119221538.1	526	PGS38_RS01270
NZ_JAQEGR010000001.1	278233	279501		plus	D-alanyl-D-alanine carboxypeptidase family protein		79854378	protein-coding		WP_243038268.1	422	PGS38_RS01275
NZ_JAQEGR010000001.1	279535	280269		plus	ribonuclease H1 domain-containing protein		79854379	protein-coding		WP_119188469.1	244	PGS38_RS01280
NZ_JAQEGR010000001.1	280323	281123		plus	metallophosphoesterase		79854380	protein-coding		WP_270475770.1	266	PGS38_RS01285
NZ_JAQEGR010000001.1	281139	281960		plus	segregation and condensation protein A		79854381	protein-coding		WP_022462320.1	273	PGS38_RS01290
NZ_JAQEGR010000001.1	281938	282561		plus	SMC-Scp complex subunit ScpB	scpB	79854382	protein-coding		WP_055226398.1	207	PGS38_RS01295
NZ_JAQEGR010000001.1	282595	283383		plus	zinc dependent phospholipase C family protein		79854383	protein-coding		WP_055226396.1	262	PGS38_RS01300
NZ_JAQEGR010000001.1	283483	285357		minus	extracellular solute-binding protein		79854384	protein-coding		WP_179964625.1	624	PGS38_RS01305
NZ_JAQEGR010000001.1	285381	286223		minus	ABC transporter permease		79854385	protein-coding		WP_055226393.1	280	PGS38_RS01310
NZ_JAQEGR010000001.1	286195	287268		minus	ABC transporter ATP-binding protein		79854386	protein-coding		WP_055226392.1	357	PGS38_RS01315
NZ_JAQEGR010000001.1	287341	287880		minus	cupin domain-containing protein		79854387	protein-coding		WP_055226534.1	179	PGS38_RS01320
NZ_JAQEGR010000001.1	288159	289394		plus	D-alanyl-D-alanine carboxypeptidase family protein		79854388	protein-coding		WP_226906314.1	411	PGS38_RS01325
NZ_JAQEGR010000001.1	289379	290761		minus	MATE family efflux transporter		79854389	protein-coding		WP_055226390.1	460	PGS38_RS01330
NZ_JAQEGR010000001.1	291030	292253		plus	6-phosphofructokinase		79854390	protein-coding		WP_055226388.1	407	PGS38_RS01335
NZ_JAQEGR010000001.1	292524	293957		plus	acyl-CoA carboxylase subunit beta		79854391	protein-coding		WP_022462330.1	477	PGS38_RS01340
NZ_JAQEGR010000001.1	293973	294746		plus	OadG family protein		79854392	protein-coding		WP_118659149.1	257	PGS38_RS01345
NZ_JAQEGR010000001.1	294761	295138		plus	biotin/lipoyl-containing protein		79854393	protein-coding		WP_117509004.1	125	PGS38_RS01350
NZ_JAQEGR010000001.1	295172	296323		plus	sodium ion-translocating decarboxylase subunit beta		79854394	protein-coding		WP_022462333.1	383	PGS38_RS01355
NZ_JAQEGR010000001.1	296373	297782		plus	oxaloacetate decarboxylase subunit alpha		79854395	protein-coding		WP_117804070.1	469	PGS38_RS01360
NZ_JAQEGR010000001.1	298013	298987		plus	MurR/RpiR family transcriptional regulator		79854396	protein-coding		WP_117509159.1	324	PGS38_RS01365
NZ_JAQEGR010000001.1	298984	300231		plus	BaiN/RdsA family NAD(P)/FAD-dependent oxidoreductase		79854397	protein-coding		WP_118719018.1	415	PGS38_RS01370
NZ_JAQEGR010000001.1	300276	300941		plus	(d)CMP kinase	cmk	79854398	protein-coding		WP_118719020.1	221	PGS38_RS01375
NZ_JAQEGR010000001.1	300974	302875		plus	bifunctional 4-hydroxy-3-methylbut-2-enyl diphosphate reductase/30S ribosomal protein S1		79854399	protein-coding		WP_117509002.1	633	PGS38_RS01380
NZ_JAQEGR010000001.1	303023	304099		plus	putative ABC transporter permease		79854400	protein-coding		WP_055226378.1	358	PGS38_RS01385
NZ_JAQEGR010000001.1	304164	305252		minus	ribonuclease H-like domain-containing protein		79854401	protein-coding		WP_119188464.1	362	PGS38_RS01390
NZ_JAQEGR010000001.1	305424	306038		plus	Holliday junction branch migration protein RuvA	ruvA	79854402	protein-coding		WP_022461906.1	204	PGS38_RS01395
NZ_JAQEGR010000001.1	306079	307089		plus	Holliday junction branch migration DNA helicase RuvB	ruvB	79854403	protein-coding		WP_022461905.1	336	PGS38_RS01400
NZ_JAQEGR010000001.1	307220	307651		plus	cell division protein ZapA		79854404	protein-coding		WP_055226374.1	143	PGS38_RS01405
NZ_JAQEGR010000001.1	307709	309922		plus	U32 family peptidase		79854405	protein-coding		WP_117508998.1	737	PGS38_RS01410
NZ_JAQEGR010000001.1	309949	311463		plus	FtsW/RodA/SpoVE family cell cycle protein		79854406	protein-coding		WP_117760323.1	504	PGS38_RS01415
NZ_JAQEGR010000001.1	311519	312877		plus	peptidoglycan D,D-transpeptidase FtsI family protein		79854407	protein-coding		WP_270475827.1	452	PGS38_RS01420
NZ_JAQEGR010000001.1	313082	313558		plus	NUDIX hydrolase		79854408	protein-coding		WP_119188463.1	158	PGS38_RS01425
NZ_JAQEGR010000001.1	313542	313871		plus	hypothetical protein		79854409	protein-coding		WP_022461899.1	109	PGS38_RS01430
NZ_JAQEGR010000001.1	313868	314851		plus	DUF2953 domain-containing protein		79854410	protein-coding		WP_119188461.1	327	PGS38_RS01435
NZ_JAQEGR010000001.1	314855	315259		plus	GerW family sporulation protein		79854411	protein-coding		WP_119188460.1	134	PGS38_RS01440
NZ_JAQEGR010000001.1	315266	315412		plus	hypothetical protein		79854412	protein-coding		WP_167622772.1	48	PGS38_RS01445
NZ_JAQEGR010000001.1	315806	315991		minus	50S ribosomal protein L28	rpmB	79854413	protein-coding		WP_022461896.1	61	PGS38_RS01450
NZ_JAQEGR010000001.1	316236	316592		plus	Asp23/Gls24 family envelope stress response protein		79854414	protein-coding		WP_022461895.1	118	PGS38_RS01455
NZ_JAQEGR010000001.1	316617	318296		plus	DAK2 domain-containing protein		79854415	protein-coding		WP_022461894.1	559	PGS38_RS01460
NZ_JAQEGR010000001.1	318315	320369		plus	ATP-dependent DNA helicase RecG	recG	79854416	protein-coding		WP_119188459.1	684	PGS38_RS01465
NZ_JAQEGR010000001.1	320633	321151		plus	DUF6465 family protein		79854417	protein-coding		WP_119188458.1	172	PGS38_RS01470
NZ_JAQEGR010000001.1	321264	321485		minus	alpha/beta-type small acid-soluble spore protein		79854418	protein-coding		WP_022461891.1	73	PGS38_RS01475
NZ_JAQEGR010000001.1	321782	322183		plus	methylglyoxal synthase		79854419	protein-coding		WP_022461890.1	133	PGS38_RS01480
NZ_JAQEGR010000001.1	322224	322802		plus	16S rRNA (guanine(966)-N(2))-methyltransferase RsmD	rsmD	79854420	protein-coding		WP_022461889.1	192	PGS38_RS01485
NZ_JAQEGR010000001.1	322799	323311		plus	pantetheine-phosphate adenylyltransferase	coaD	79854421	protein-coding		WP_055265195.1	170	PGS38_RS01490
NZ_JAQEGR010000001.1	323323	323946		plus	hypothetical protein		79854422	protein-coding		WP_055265193.1	207	PGS38_RS01495
NZ_JAQEGR010000001.1	323920	324870		minus	nucleoside recognition domain-containing protein		79854423	protein-coding		WP_118659156.1	316	PGS38_RS01500
NZ_JAQEGR010000001.1	324947	326407		plus	aminoacyl-histidine dipeptidase		79854424	protein-coding		WP_082424449.1	486	PGS38_RS01505
NZ_JAQEGR010000001.1	326566	327378		plus	GTP pyrophosphokinase		79854425	protein-coding		WP_118659157.1	270	PGS38_RS01510
NZ_JAQEGR010000001.1	327403	328776		plus	RsmB/NOP family class I SAM-dependent RNA methyltransferase		79854426	protein-coding		WP_055218352.1	457	PGS38_RS01515
NZ_JAQEGR010000001.1	328773	329531		plus	pseudouridine synthase		79854427	protein-coding		WP_119188455.1	252	PGS38_RS01520
NZ_JAQEGR010000001.1	329535	331478		plus	YgiQ family radical SAM protein		79854428	protein-coding		WP_055226360.1	647	PGS38_RS01525
NZ_JAQEGR010000001.1	331530	332147		plus	DUF4191 family protein		79854429	protein-coding		WP_118659158.1	205	PGS38_RS01530
NZ_JAQEGR010000001.1	332160	333146		plus	RluA family pseudouridine synthase		79854430	protein-coding		WP_055226359.1	328	PGS38_RS01535
NZ_JAQEGR010000001.1	333143	333721		plus	signal peptidase I	lepB	79854431	protein-coding		WP_022461878.1	192	PGS38_RS01540
NZ_JAQEGR010000001.1	333747	334295		plus	Holliday junction resolvase RecU		79854432	protein-coding		WP_117509155.1	182	PGS38_RS01545
NZ_JAQEGR010000001.1	334403	335644		plus	ATP phosphoribosyltransferase regulatory subunit	hisZ	79854433	protein-coding		WP_118600646.1	413	PGS38_RS01550
NZ_JAQEGR010000001.1	335666	336304		plus	ATP phosphoribosyltransferase	hisG	79854434	protein-coding		WP_022461875.1	212	PGS38_RS01555
NZ_JAQEGR010000001.1	336301	337599		plus	histidinol dehydrogenase	hisD	79854435	protein-coding		WP_118659159.1	432	PGS38_RS01560
NZ_JAQEGR010000001.1	337600	338190		plus	imidazoleglycerol-phosphate dehydratase HisB	hisB	79854436	protein-coding		WP_118600648.1	196	PGS38_RS01565
NZ_JAQEGR010000001.1	338246	338560		plus	uncharacterized gene	hisI	79854437	pseudogene				PGS38_RS01570
NZ_JAQEGR010000001.1	338659	340074		minus	NCS2 family permease		79854438	protein-coding		WP_118594792.1	471	PGS38_RS01575
NZ_JAQEGR010000001.1	340387	342048		plus	Na/Pi cotransporter family protein		79854439	protein-coding		WP_055265183.1	553	PGS38_RS01580
NZ_JAQEGR010000001.1	342167	343645		minus	S1C family serine protease		79854440	protein-coding		WP_118594762.1	492	PGS38_RS01585
NZ_JAQEGR010000001.1	343859	345388		plus	ASKHA domain-containing protein		79854441	protein-coding		WP_117508985.1	509	PGS38_RS01590
NZ_JAQEGR010000001.1	345465	347810		plus	ferrous iron transport protein B	feoB	79854442	protein-coding		WP_055265179.1	781	PGS38_RS01595
NZ_JAQEGR010000001.1	347907	348698		minus	hypothetical protein		79854443	protein-coding		WP_022463094.1	263	PGS38_RS01600
NZ_JAQEGR010000001.1	349053	349961		plus	1-phosphofructokinase	pfkB	79854444	protein-coding		WP_117804080.1	302	PGS38_RS01605
NZ_JAQEGR010000001.1	349977	351890		plus	PTS fructose transporter subunit IIABC		79854445	protein-coding		WP_055226349.1	637	PGS38_RS01610
NZ_JAQEGR010000001.1	351959	352216		plus	HPr family phosphocarrier protein		79854446	protein-coding		WP_022463097.1	85	PGS38_RS01615
NZ_JAQEGR010000001.1	352480	354129		plus	phosphoenolpyruvate--protein phosphotransferase	ptsP	79854447	protein-coding		WP_118594763.1	549	PGS38_RS01620
NZ_JAQEGR010000001.1	354123	354878		plus	DeoR/GlpR family DNA-binding transcription regulator		79854448	protein-coding		WP_118594764.1	251	PGS38_RS01625
NZ_JAQEGR010000001.1	354967	355605		minus	EFR1 family ferrodoxin		79854449	protein-coding		WP_118594765.1	212	PGS38_RS01630
NZ_JAQEGR010000001.1	355809	357098		plus	transposase		79854450	protein-coding		WP_243037963.1	429	PGS38_RS01635
NZ_JAQEGR010000001.1	357111	357407		plus	uncharacterized gene		88554238	pseudogene				PGS38_RS17615
NZ_JAQEGR010000001.1	357535	357837		plus	DUF6017 domain-containing protein		79854452	protein-coding		WP_305764419.1	100	PGS38_RS01645
NZ_JAQEGR010000001.1	357950	359203		plus	leucine-rich repeat protein		79854453	protein-coding		WP_147398235.1	417	PGS38_RS01650
NZ_JAQEGR010000001.1	359318	359647		plus	hypothetical protein		79854454	protein-coding		WP_118594768.1	109	PGS38_RS01655
NZ_JAQEGR010000001.1	359748	361907		plus	Ig-like domain-containing protein		79854455	protein-coding		WP_270475795.1	719	PGS38_RS01660
NZ_JAQEGR010000001.1	362836	363342		plus	signal peptidase I		79854456	protein-coding		WP_118594771.1	168	PGS38_RS01665
NZ_JAQEGR010000001.1	363339	364139		plus	TasA family protein		79854457	protein-coding		WP_118594772.1	266	PGS38_RS01670
NZ_JAQEGR010000001.1	364203	364733		plus	hypothetical protein		79854458	protein-coding		WP_118594773.1	176	PGS38_RS01675
NZ_JAQEGR010000001.1	364733	366142		plus	hypothetical protein		79854459	protein-coding		WP_118594774.1	469	PGS38_RS01680
NZ_JAQEGR010000001.1	366139	368805		plus	SpaA isopeptide-forming pilin-related protein		79854460	protein-coding		WP_118594775.1	888	PGS38_RS01685
NZ_JAQEGR010000001.1	368879	369676		plus	class B sortase	srtB	79854461	protein-coding		WP_117805203.1	265	PGS38_RS01690
NZ_JAQEGR010000001.1	369813	370217		plus	hypothetical protein		79854462	protein-coding		WP_147342488.1	134	PGS38_RS01695
NZ_JAQEGR010000001.1	370199	371344		plus	coiled-coil domain-containing protein		79854463	protein-coding		WP_118594776.1	381	PGS38_RS01700
NZ_JAQEGR010000001.1	371357	371989		plus	hypothetical protein		79854464	protein-coding		WP_118594777.1	210	PGS38_RS01705
NZ_JAQEGR010000001.1	372001	372390		plus	single-stranded DNA-binding protein		79854465	protein-coding		WP_118594778.1	129	PGS38_RS01710
NZ_JAQEGR010000001.1	372593	372928		plus	hypothetical protein		79854466	protein-coding		WP_118594779.1	111	PGS38_RS01715
NZ_JAQEGR010000001.1	372971	373831		plus	hypothetical protein		79854467	protein-coding		WP_118594780.1	286	PGS38_RS01720
NZ_JAQEGR010000001.1	373852	374190		plus	PrgI family mobile element protein		79854468	protein-coding		WP_117805197.1	112	PGS38_RS01725
NZ_JAQEGR010000001.1	374242	376989		plus	VirB4-like conjugal transfer ATPase, CD1110 family		79854469	protein-coding		WP_118594781.1	915	PGS38_RS01730
NZ_JAQEGR010000001.1	377004	379877		plus	C40 family peptidase		79854470	protein-coding		WP_118594782.1	957	PGS38_RS01735
NZ_JAQEGR010000001.1	379893	387071		plus	DUF3849 domain-containing protein		79854472	protein-coding		WP_118594783.1	2392	PGS38_RS01745
NZ_JAQEGR010000001.1	387052	387426		plus	TnpV protein		79854473	protein-coding		WP_001129922.1	124	PGS38_RS01750
NZ_JAQEGR010000001.1	387793	389712		plus	tetracycline resistance ribosomal protection protein Tet(O)	tet(O)	79854474	protein-coding		WP_000691758.1	639	PGS38_RS01755
NZ_JAQEGR010000001.1	389767	389937		plus	cysteine-rich KTR domain-containing protein		79854475	protein-coding		WP_004614788.1	56	PGS38_RS01760
NZ_JAQEGR010000001.1	390428	390937		plus	sigma-70 family RNA polymerase sigma factor		79854476	protein-coding		WP_105116765.1	169	PGS38_RS01765
NZ_JAQEGR010000001.1	391032	391457		plus	RNA polymerase sigma factor		79854477	protein-coding		WP_000323895.1	141	PGS38_RS01770
NZ_JAQEGR010000001.1	391541	392015		plus	uncharacterized gene		79854478	pseudogene				PGS38_RS01775
NZ_JAQEGR010000001.1	392170	393202		plus	uncharacterized gene		79854479	pseudogene				PGS38_RS01780
NZ_JAQEGR010000001.1	393720	394685		plus	MobV family relaxase	mobV	79854480	protein-coding		WP_001820668.1	321	PGS38_RS01785
NZ_JAQEGR010000001.1	394694	395548		plus	ParB/RepB/Spo0J family partition protein		79854481	protein-coding		WP_000743700.1	284	PGS38_RS01790
NZ_JAQEGR010000001.1	395594	395824		plus	YdbC family protein		79854482	protein-coding		WP_001206986.1	76	PGS38_RS01795
NZ_JAQEGR010000001.1	395896	396087		plus	hypothetical protein		79854483	protein-coding		WP_001820669.1	63	PGS38_RS01800
NZ_JAQEGR010000001.1	396142	397998		plus	recombinase family protein		79854484	protein-coding		WP_119188450.1	618	PGS38_RS01805
NZ_JAQEGR010000001.1	398256	399629		plus	ParB/RepB/Spo0J family partition protein		79854485	protein-coding		WP_330670609.1	457	PGS38_RS01810
NZ_JAQEGR010000001.1	399939	400295		plus	DUF7768 domain-containing protein		79854486	protein-coding		WP_003500157.1	118	PGS38_RS01815
NZ_JAQEGR010000001.1	400282	401367		plus	DNA cytosine methyltransferase		79854487	protein-coding		WP_118653060.1	361	PGS38_RS01820
NZ_JAQEGR010000001.1	401372	402085		plus	antirestriction protein ArdA		79854488	protein-coding		WP_270475804.1	237	PGS38_RS01825
NZ_JAQEGR010000001.1	402100	403149		plus	hypothetical protein		79854489	protein-coding		WP_050005642.1	349	PGS38_RS01830
NZ_JAQEGR010000001.1	403241	403711		plus	PcfB family protein		79854490	protein-coding		WP_025543433.1	156	PGS38_RS01835
NZ_JAQEGR010000001.1	403708	405531		plus	VirD4-like conjugal transfer protein, CD1115 family		79854491	protein-coding		WP_270475805.1	607	PGS38_RS01840
NZ_JAQEGR010000001.1	405621	405836		plus	Maff2 family mobile element protein		79854492	protein-coding		WP_016306504.1	71	PGS38_RS01845
NZ_JAQEGR010000001.1	405878	406744		plus	VirB6/TrbL-like conjugal transfer protein, CD1112 family		79854493	protein-coding		WP_118596896.1	288	PGS38_RS01850
NZ_JAQEGR010000001.1	406788	407210		plus	SpoVG family protein		79854494	protein-coding		WP_117613993.1	140	PGS38_RS01855
NZ_JAQEGR010000001.1	407220	407873		plus	DUF7007 domain-containing protein		79854495	protein-coding		WP_050005645.1	217	PGS38_RS01860
NZ_JAQEGR010000001.1	407918	408304		plus	PrgI family protein		79854496	protein-coding		WP_003500106.1	128	PGS38_RS01865
NZ_JAQEGR010000001.1	408222	410651		plus	VirB4-like conjugal transfer ATPase, CD1110 family		79854497	protein-coding		WP_416388402.1	809	PGS38_RS01870
NZ_JAQEGR010000001.1	410931	412598		plus	C40 family peptidase		79854498	protein-coding		WP_270475807.1	555	PGS38_RS01875
NZ_JAQEGR010000001.1	412621	412887		plus	DUF4315 family protein		79854499	protein-coding		WP_005927622.1	88	PGS38_RS01880
NZ_JAQEGR010000001.1	412874	413521		plus	DUF4366 domain-containing protein		79854500	protein-coding		WP_270475809.1	215	PGS38_RS01885
NZ_JAQEGR010000001.1	413524	413715		plus	hypothetical protein		79854501	protein-coding		WP_003500082.1	63	PGS38_RS01890
NZ_JAQEGR010000001.1	413716	414117		plus	cysteine-rich VLP domain-containing protein		79854502	protein-coding		WP_064786966.1	133	PGS38_RS01895
NZ_JAQEGR010000001.1	414250	414840		plus	defense against restriction DarA-related protein		79854503	protein-coding		WP_243110689.1	196	PGS38_RS01900
NZ_JAQEGR010000001.1	414853	415035		plus	DUF4316 domain-containing protein		79854504	protein-coding		WP_003500078.1	60	PGS38_RS01905
NZ_JAQEGR010000001.1	415035	415376		plus	plasmid mobilization protein		79854505	protein-coding		WP_005927607.1	113	PGS38_RS01910
NZ_JAQEGR010000001.1	415552	415842		plus	CD1845 family protein		79854506	protein-coding		WP_005927606.1	96	PGS38_RS01915
NZ_JAQEGR010000001.1	415922	417337		plus	relaxase/mobilization nuclease domain-containing protein		79854507	protein-coding		WP_008401432.1	471	PGS38_RS01920
NZ_JAQEGR010000001.1	417507	417866		minus	helix-turn-helix transcriptional regulator		79854508	protein-coding		WP_119188443.1	119	PGS38_RS01925
NZ_JAQEGR010000001.1	418066	418737		plus	response regulator transcription factor		79854509	protein-coding		WP_119188442.1	223	PGS38_RS01930
NZ_JAQEGR010000001.1	418721	420133		plus	sensor histidine kinase		79854510	protein-coding		WP_119188441.1	470	PGS38_RS01935
NZ_JAQEGR010000001.1	420264	421028		plus	hypothetical protein		79854511	protein-coding		WP_119188440.1	254	PGS38_RS01940
NZ_JAQEGR010000001.1	421228	422100		plus	hypothetical protein		79854512	protein-coding		WP_243110688.1	290	PGS38_RS01945
NZ_JAQEGR010000001.1	422528	422950		plus	RNA polymerase sigma factor		79854513	protein-coding		WP_004064265.1	140	PGS38_RS01950
NZ_JAQEGR010000001.1	423458	423661		plus	hypothetical protein		79854514	protein-coding		WP_243110687.1	67	PGS38_RS01955
NZ_JAQEGR010000001.1	423795	423971		plus	hypothetical protein		79854515	protein-coding		WP_199695818.1	58	PGS38_RS01960
NZ_JAQEGR010000001.1	424061	425569		plus	recombinase family protein		79854516	protein-coding		WP_119188437.1	502	PGS38_RS01965
NZ_JAQEGR010000001.1	425634	425895		plus	uncharacterized gene		307641380	pseudogene				PGS38_RS17920
NZ_JAQEGR010000001.1	426574	426837		plus	hypothetical protein		79854518	protein-coding		WP_117805192.1	87	PGS38_RS01975
NZ_JAQEGR010000001.1	426916	427899		plus	hypothetical protein		79854519	protein-coding		WP_118595998.1	327	PGS38_RS01980
NZ_JAQEGR010000001.1	427880	428173		plus	hypothetical protein		79854520	protein-coding		WP_118595997.1	97	PGS38_RS01985
NZ_JAQEGR010000001.1	428276	429229		plus	LPD25 domain-containing protein		79854521	protein-coding		WP_118595996.1	317	PGS38_RS01990
NZ_JAQEGR010000001.1	429321	429815		plus	hypothetical protein		79854522	protein-coding		WP_117805188.1	164	PGS38_RS01995
NZ_JAQEGR010000001.1	429928	430404		plus	hypothetical protein		79854523	protein-coding		WP_117805187.1	158	PGS38_RS02000
NZ_JAQEGR010000001.1	430427	430672		plus	hypothetical protein		79854524	protein-coding		WP_118595995.1	81	PGS38_RS02005
NZ_JAQEGR010000001.1	430691	432256		plus	DUF6674 family protein		79854525	protein-coding		WP_117805185.1	521	PGS38_RS02010
NZ_JAQEGR010000001.1	432271	433959		plus	hypothetical protein		79854526	protein-coding		WP_118595994.1	562	PGS38_RS02015
NZ_JAQEGR010000001.1	433974	436289		plus	VirD4-like conjugal transfer protein, CD1115 family		79854527	protein-coding		WP_118595993.1	771	PGS38_RS02020
NZ_JAQEGR010000001.1	436316	437371		plus	ArdC family protein		79854528	protein-coding		WP_117812942.1	351	PGS38_RS02025
NZ_JAQEGR010000001.1	437384	437959		plus	hypothetical protein		79854529	protein-coding		WP_118640432.1	191	PGS38_RS02030
NZ_JAQEGR010000001.1	438054	438449		plus	hypothetical protein		79854530	protein-coding		WP_117812943.1	131	PGS38_RS02035
NZ_JAQEGR010000001.1	438514	438798		plus	hypothetical protein		79854531	protein-coding		WP_117805179.1	94	PGS38_RS02040
NZ_JAQEGR010000001.1	439149	439544		plus	hypothetical protein		79854532	protein-coding		WP_117805178.1	131	PGS38_RS02045
NZ_JAQEGR010000001.1	439526	440908		plus	relaxase/mobilization nuclease domain-containing protein		79854533	protein-coding		WP_117812944.1	460	PGS38_RS02050
NZ_JAQEGR010000001.1	440924	441949		plus	hypothetical protein		79854534	protein-coding		WP_118640433.1	341	PGS38_RS02055
NZ_JAQEGR010000001.1	442043	443224		plus	HipA protein		79854535	protein-coding		WP_117812946.1	393	PGS38_RS02060
NZ_JAQEGR010000001.1	443291	444910		minus	AAA family ATPase		79854536	protein-coding		WP_055265153.1	539	PGS38_RS02065
NZ_JAQEGR010000001.1	444930	445502		minus	recombinase family protein		79854537	protein-coding		WP_055265151.1	190	PGS38_RS02070
NZ_JAQEGR010000001.1	445635	445799		minus	helix-turn-helix domain-containing protein		79854538	protein-coding		WP_117812947.1	54	PGS38_RS02075
NZ_JAQEGR010000001.1	445941	446255		minus	hypothetical protein		79854539	protein-coding		WP_117812948.1	104	PGS38_RS02080
NZ_JAQEGR010000001.1	446466	446903		plus	IS200/IS605 family transposase	tnpA	79854540	protein-coding		WP_117812949.1	145	PGS38_RS02085
NZ_JAQEGR010000001.1	446884	447987		plus	RNA-guided endonuclease TnpB family protein		79854541	protein-coding		WP_055265145.1	367	PGS38_RS02090
NZ_JAQEGR010000001.1	449049	450515		plus	group II intron reverse transcriptase/maturase	ltrA	79854542	protein-coding		WP_082424990.1	488	PGS38_RS02095
NZ_JAQEGR010000001.1	450751	452028		plus	group II intron reverse transcriptase/maturase	ltrA	79854543	protein-coding		WP_082426135.1	425	PGS38_RS02100
NZ_JAQEGR010000001.1	452457	455501		plus	SrtB-anchored collagen-binding adhesin		79854544	protein-coding		WP_270475822.1	1014	PGS38_RS02105
NZ_JAQEGR010000001.1	455736	456062		plus	YdcP family protein		79854545	protein-coding		WP_002606075.1	108	PGS38_RS02110
NZ_JAQEGR010000001.1	456078	456461		plus	YdcP family protein		79854546	protein-coding		WP_055297303.1	127	PGS38_RS02115
NZ_JAQEGR010000001.1	456544	457206		plus	response regulator transcription factor		79854547	protein-coding		WP_028088146.1	220	PGS38_RS02120
NZ_JAQEGR010000001.1	457296	458210		plus	ATP-binding cassette domain-containing protein		79854548	protein-coding		WP_022621470.1	304	PGS38_RS02125
NZ_JAQEGR010000001.1	458203	459030		plus	ABC transporter permease		79854549	protein-coding		WP_117719196.1	275	PGS38_RS02130
NZ_JAQEGR010000001.1	459042	459932		plus	sensor histidine kinase		79854550	protein-coding		WP_117719197.1	296	PGS38_RS02135
NZ_JAQEGR010000001.1	460004	461398		plus	FtsK/SpoIIIE domain-containing protein		79854551	protein-coding		WP_118640435.1	464	PGS38_RS02140
NZ_JAQEGR010000001.1	461581	462777		plus	MobT family relaxase	mobT	79854552	protein-coding		WP_003062030.1	398	PGS38_RS02145
NZ_JAQEGR010000001.1	462791	462925		plus	DUF3789 domain-containing protein		79854553	protein-coding		WP_003061156.1	44	PGS38_RS02150
NZ_JAQEGR010000001.1	462927	463148		plus	hypothetical protein		79854554	protein-coding		WP_003060793.1	73	PGS38_RS02155
NZ_JAQEGR010000001.1	463216	463635		plus	nuclear transport factor 2 family protein		79854555	protein-coding		WP_003060053.1	139	PGS38_RS02160
NZ_JAQEGR010000001.1	463726	464022		plus	hypothetical protein		79854556	protein-coding		WP_008687105.1	98	PGS38_RS02165
NZ_JAQEGR010000001.1	463941	464444		plus	antirestriction protein ArdA		79854557	protein-coding		WP_118640436.1	167	PGS38_RS02170
NZ_JAQEGR010000002.1	1	834		plus	hypothetical protein		79854558	protein-coding		WP_330670612.1	277	PGS38_RS02175
NZ_JAQEGR010000002.1	1064	1995		plus	uncharacterized gene		88554240	pseudogene				PGS38_RS17625
NZ_JAQEGR010000002.1	2215	2697		plus	cobaltochelatase CobT-related protein		79854560	protein-coding		WP_243037621.1	160	PGS38_RS02185
NZ_JAQEGR010000002.1	2714	2908		plus	hypothetical protein		79854561	protein-coding		WP_118247149.1	64	PGS38_RS02190
NZ_JAQEGR010000002.1	2866	3234		plus	TnpV protein		79854562	protein-coding		WP_118595780.1	122	PGS38_RS02195
NZ_JAQEGR010000002.1	3358	3477		plus	uncharacterized gene		79854563	pseudogene				PGS38_RS02200
NZ_JAQEGR010000002.1	3779	3997		plus	helix-turn-helix domain-containing protein		79854564	protein-coding		WP_002578407.1	72	PGS38_RS02205
NZ_JAQEGR010000002.1	4012	4617		plus	DUF1819 family protein		79854565	protein-coding		WP_055219004.1	201	PGS38_RS02210
NZ_JAQEGR010000002.1	4628	5188		plus	DUF1788 domain-containing protein		79854566	protein-coding		WP_055219002.1	186	PGS38_RS02215
NZ_JAQEGR010000002.1	5202	8750		plus	BREX system P-loop protein BrxC	brxC	79854567	protein-coding		WP_055219000.1	1182	PGS38_RS02220
NZ_JAQEGR010000002.1	8766	12236		plus	BREX-1 system adenine-specific DNA-methyltransferase PglX	pglX	79854568	protein-coding		WP_118595779.1	1156	PGS38_RS02225
NZ_JAQEGR010000002.1	12254	12580		plus	DUF4357 domain-containing protein		79854569	protein-coding		WP_118595778.1	108	PGS38_RS02230
NZ_JAQEGR010000002.1	12594	13595		plus	hypothetical protein		79854570	protein-coding		WP_118595777.1	333	PGS38_RS02235
NZ_JAQEGR010000002.1	13639	15144		plus	RNA-binding domain-containing protein		79854571	protein-coding		WP_118595776.1	501	PGS38_RS02240
NZ_JAQEGR010000002.1	15151	17793		plus	BREX-1 system phosphatase PglZ type A	pglZ	79854572	protein-coding		WP_270475831.1	880	PGS38_RS02245
NZ_JAQEGR010000002.1	17814	19931		plus	protease Lon-related BREX system protein BrxL	brxL	79854573	protein-coding		WP_118601700.1	705	PGS38_RS02250
NZ_JAQEGR010000002.1	19954	21594		plus	ATP-dependent nuclease		79854574	protein-coding		WP_055268225.1	546	PGS38_RS02255
NZ_JAQEGR010000002.1	21587	22675		plus	UvrD-helicase domain-containing protein		79854575	protein-coding		WP_055268227.1	362	PGS38_RS02260
NZ_JAQEGR010000002.1	22791	23324		plus	tyrosine-type recombinase/integrase		79854576	protein-coding		WP_242857239.1	177	PGS38_RS02265
NZ_JAQEGR010000002.1	23796	24263		plus	Hsp20/alpha crystallin family protein		79854577	protein-coding		WP_117510053.1	155	PGS38_RS02270
NZ_JAQEGR010000002.1	24501	26090		plus	ABC transporter substrate-binding protein		79854578	protein-coding		WP_118595773.1	529	PGS38_RS02275
NZ_JAQEGR010000002.1	26310	27488		plus	cation diffusion facilitator family transporter		79854579	protein-coding		WP_118595772.1	392	PGS38_RS02280
NZ_JAQEGR010000002.1	27624	27695		plus	tRNA-Gln		79854580	tRNA				PGS38_RS02285
NZ_JAQEGR010000002.1	27774	28478		plus	acyl-[acyl-carrier-protein] thioesterase		79854581	protein-coding		WP_117510057.1	234	PGS38_RS02290
NZ_JAQEGR010000002.1	28545	30014		plus	nicotinate phosphoribosyltransferase		79854582	protein-coding		WP_055218976.1	489	PGS38_RS02295
NZ_JAQEGR010000002.1	30028	30879		plus	CvfB family protein		79854583	protein-coding		WP_022462037.1	283	PGS38_RS02300
NZ_JAQEGR010000002.1	31057	34233		plus	ATP-binding protein		79854584	protein-coding		WP_270475836.1	1058	PGS38_RS02305
NZ_JAQEGR010000002.1	34245	37718		plus	DNA polymerase III subunit alpha		79854585	protein-coding		WP_270475838.1	1157	PGS38_RS02310
NZ_JAQEGR010000002.1	37800	38792		plus	6-phosphofructokinase	pfkA	79854586	protein-coding		WP_055226266.1	330	PGS38_RS02315
NZ_JAQEGR010000002.1	38916	40496		plus	glucose-6-phosphate isomerase		79854587	protein-coding		WP_022462042.1	526	PGS38_RS02320
NZ_JAQEGR010000002.1	40636	41136		minus	DUF4368 domain-containing protein		79854588	protein-coding		WP_117510059.1	166	PGS38_RS02325
NZ_JAQEGR010000002.1	41143	42045		minus	sensor histidine kinase		79854589	protein-coding		WP_119188776.1	300	PGS38_RS02330
NZ_JAQEGR010000002.1	42057	42794		minus	ABC transporter permease		79854590	protein-coding		WP_055267780.1	245	PGS38_RS02335
NZ_JAQEGR010000002.1	42810	43496		minus	ABC transporter permease		79854591	protein-coding		WP_117510060.1	228	PGS38_RS02340
NZ_JAQEGR010000002.1	43474	44412		minus	ABC transporter ATP-binding protein		79854592	protein-coding		WP_055267784.1	312	PGS38_RS02345
NZ_JAQEGR010000002.1	44509	45192		minus	response regulator transcription factor		79854593	protein-coding		WP_055267786.1	227	PGS38_RS02350
NZ_JAQEGR010000002.1	45452	45769		plus	helix-turn-helix domain-containing protein		98633854	protein-coding		WP_242998350.1	105	PGS38_RS17735
NZ_JAQEGR010000002.1	45840	46343		minus	uncharacterized gene		79854595	pseudogene				PGS38_RS02360
NZ_JAQEGR010000002.1	46617	47522		minus	AraC family transcriptional regulator		79854596	protein-coding		WP_055267788.1	301	PGS38_RS02365
NZ_JAQEGR010000002.1	47724	49511		plus	ABC transporter ATP-binding protein		79854597	protein-coding		WP_055267790.1	595	PGS38_RS02370
NZ_JAQEGR010000002.1	49523	51310		plus	ABC transporter ATP-binding protein		79854598	protein-coding		WP_055267792.1	595	PGS38_RS02375
NZ_JAQEGR010000002.1	51469	52341		minus	shikimate dehydrogenase	aroE	79854599	protein-coding		WP_055218962.1	290	PGS38_RS02380
NZ_JAQEGR010000002.1	52543	53433		minus	quinate/shikimate dehydrogenase		79854600	protein-coding		WP_334294737.1	296	PGS38_RS02385
NZ_JAQEGR010000002.1	53484	55505		minus	oxidoreductase		79854601	protein-coding		WP_117801861.1	673	PGS38_RS02390
NZ_JAQEGR010000002.1	55577	56524		minus	LysR family transcriptional regulator		79854602	protein-coding		WP_270475839.1	315	PGS38_RS02395
NZ_JAQEGR010000002.1	56804	58018		plus	MFS transporter		79854603	protein-coding		WP_055226273.1	404	PGS38_RS02400
NZ_JAQEGR010000002.1	58129	58890		plus	type I 3-dehydroquinate dehydratase	aroD	79854604	protein-coding		WP_117801863.1	253	PGS38_RS02405
NZ_JAQEGR010000002.1	58995	59627		plus	TRAP transporter small permease		79854605	protein-coding		WP_117510066.1	210	PGS38_RS02410
NZ_JAQEGR010000002.1	59627	60916		plus	TRAP transporter large permease		79854606	protein-coding		WP_270475841.1	429	PGS38_RS02415
NZ_JAQEGR010000002.1	60933	61964		plus	TRAP transporter substrate-binding protein		79854607	protein-coding		WP_270475843.1	343	PGS38_RS02420
NZ_JAQEGR010000002.1	62219	62887		plus	SGNH/GDSL hydrolase family protein		79854608	protein-coding		WP_173830065.1	222	PGS38_RS02425
NZ_JAQEGR010000002.1	63457	65139		plus	phospho-sugar mutase		79854609	protein-coding		WP_118666665.1	560	PGS38_RS02430
NZ_JAQEGR010000002.1	65262	65822		plus	RNA polymerase sigma factor		79854610	protein-coding		WP_173841072.1	186	PGS38_RS02435
NZ_JAQEGR010000002.1	65819	67273		plus	serpin family protein		79854611	protein-coding		WP_270475846.1	484	PGS38_RS02440
NZ_JAQEGR010000002.1	67342	68520		minus	MFS transporter		79854612	protein-coding		WP_270475847.1	392	PGS38_RS02445
NZ_JAQEGR010000002.1	68728	69666		plus	AraC family transcriptional regulator		79854613	protein-coding		WP_118699729.1	312	PGS38_RS02450
NZ_JAQEGR010000002.1	69741	70436		minus	hypothetical protein		79854614	protein-coding		WP_270475848.1	231	PGS38_RS02455
NZ_JAQEGR010000002.1	70638	71084		plus	MarR family winged helix-turn-helix transcriptional regulator		79854615	protein-coding		WP_117804436.1	148	PGS38_RS02460
NZ_JAQEGR010000002.1	71129	73447		plus	ABC transporter ATP-binding protein		79854616	protein-coding		WP_118697294.1	772	PGS38_RS02465
NZ_JAQEGR010000002.1	73440	75293		plus	ABC transporter ATP-binding protein		79854617	protein-coding		WP_118697295.1	617	PGS38_RS02470
NZ_JAQEGR010000002.1	75474	76190		plus	LytR/AlgR family response regulator transcription factor		79854618	protein-coding		WP_118660557.1	238	PGS38_RS02475
NZ_JAQEGR010000002.1	76187	77503		plus	ATP-binding protein		79854619	protein-coding		WP_119188784.1	438	PGS38_RS02480
NZ_JAQEGR010000002.1	77710	78912		plus	hypothetical protein		79854620	protein-coding		WP_147399740.1	400	PGS38_RS02485
NZ_JAQEGR010000002.1	79085	79855		plus	hypothetical protein		79854621	protein-coding		WP_118699737.1	256	PGS38_RS02490
NZ_JAQEGR010000002.1	79848	80702		plus	hypothetical protein		79854622	protein-coding		WP_119188788.1	284	PGS38_RS02495
NZ_JAQEGR010000002.1	80707	81342		plus	ABC transporter ATP-binding protein		79854623	protein-coding		WP_173813290.1	211	PGS38_RS02500
NZ_JAQEGR010000002.1	81496	81795		plus	cupin domain-containing protein		79854624	protein-coding		WP_022461296.1	99	PGS38_RS02505
NZ_JAQEGR010000002.1	81808	82749		plus	AraC family transcriptional regulator		79854625	protein-coding		WP_022461295.1	313	PGS38_RS02510
NZ_JAQEGR010000002.1	82953	84329		plus	ABC transporter substrate-binding protein		79854626	protein-coding		WP_117801878.1	458	PGS38_RS02515
NZ_JAQEGR010000002.1	84517	85404		plus	carbohydrate ABC transporter permease		79854627	protein-coding		WP_022461293.1	295	PGS38_RS02520
NZ_JAQEGR010000002.1	85404	86210		plus	carbohydrate ABC transporter permease		79854628	protein-coding		WP_243110768.1	268	PGS38_RS02525
NZ_JAQEGR010000002.1	86389	89427		plus	beta-galactosidase, LacZ type	lacZ	79854629	protein-coding		WP_119188789.1	1012	PGS38_RS02530
NZ_JAQEGR010000002.1	89446	91491		plus	beta-galactosidase		79854630	protein-coding		WP_118595793.1	681	PGS38_RS02535
NZ_JAQEGR010000002.1	91559	91927		minus	winged helix-turn-helix transcriptional regulator		79854631	protein-coding		WP_117801881.1	122	PGS38_RS02540
NZ_JAQEGR010000002.1	92193	92588		plus	pyridoxamine 5'-phosphate oxidase family protein		79854632	protein-coding		WP_117801882.1	131	PGS38_RS02545
NZ_JAQEGR010000002.1	92635	93246		plus	pyridoxamine 5'-phosphate oxidase family protein		79854633	protein-coding		WP_117801883.1	203	PGS38_RS02550
NZ_JAQEGR010000002.1	93326	94108		plus	protein-ADP-ribose hydrolase		79854634	protein-coding		WP_118601282.1	260	PGS38_RS02555
NZ_JAQEGR010000002.1	94161	95066		plus	SIR2 family NAD-dependent protein deacylase		79854635	protein-coding		WP_243110772.1	301	PGS38_RS02560
NZ_JAQEGR010000002.1	95129	95392		plus	hypothetical protein		79854636	protein-coding		WP_118697306.1	87	PGS38_RS02565
NZ_JAQEGR010000002.1	95437	95856		minus	MerR family transcriptional regulator		79854637	protein-coding		WP_330421837.1	139	PGS38_RS02570
NZ_JAQEGR010000002.1	95942	96484		minus	EAL domain-containing protein		79854638	protein-coding		WP_117801887.1	180	PGS38_RS02575
NZ_JAQEGR010000002.1	96484	96666		minus	FeoA family protein		79854639	protein-coding		WP_117801888.1	60	PGS38_RS02580
NZ_JAQEGR010000002.1	96893	97366		plus	hypothetical protein		79854640	protein-coding		WP_117510953.1	157	PGS38_RS02585
NZ_JAQEGR010000002.1	97586	99187		plus	ABC transporter substrate-binding protein		79854641	protein-coding		WP_199695873.1	533	PGS38_RS02590
NZ_JAQEGR010000002.1	99252	100268		plus	ABC transporter ATP-binding protein		79854642	protein-coding		WP_055227871.1	338	PGS38_RS02595
NZ_JAQEGR010000002.1	100258	101163		plus	ATP-binding cassette domain-containing protein		79854643	protein-coding		WP_119188790.1	301	PGS38_RS02600
NZ_JAQEGR010000002.1	101160	102167		plus	ABC transporter permease		79854644	protein-coding		WP_117805026.1	335	PGS38_RS02605
NZ_JAQEGR010000002.1	102164	103057		plus	ABC transporter permease		79854645	protein-coding		WP_117510964.1	297	PGS38_RS02610
NZ_JAQEGR010000002.1	103195	104937		plus	dihydroxy-acid dehydratase	ilvD	79854646	protein-coding		WP_117510966.1	580	PGS38_RS02615
NZ_JAQEGR010000002.1	105112	105690		plus	hypothetical protein		79854647	protein-coding		WP_147326136.1	192	PGS38_RS02620
NZ_JAQEGR010000002.1	105726	106487		plus	endonuclease/exonuclease/phosphatase family protein		79854648	protein-coding		WP_117762218.1	253	PGS38_RS02625
NZ_JAQEGR010000002.1	106688	107866		plus	trans-sulfuration enzyme family protein		79854649	protein-coding		WP_117510969.1	392	PGS38_RS02630
NZ_JAQEGR010000002.1	107847	109031		plus	MalY/PatB family protein		79854650	protein-coding		WP_117510972.1	394	PGS38_RS02635
NZ_JAQEGR010000002.1	109108	109836		minus	hypothetical protein		79854651	protein-coding		WP_022462534.1	242	PGS38_RS02640
NZ_JAQEGR010000002.1	110119	110859		minus	hypothetical protein		79854652	protein-coding		WP_022462533.1	246	PGS38_RS02645
NZ_JAQEGR010000002.1	111249	111857		plus	bifunctional phosphoserine phosphatase/homoserine phosphotransferase ThrH	thrH	79854653	protein-coding		WP_117805025.1	202	PGS38_RS02650
NZ_JAQEGR010000002.1	111930	112772		plus	alpha/beta hydrolase		79854654	protein-coding		WP_055221185.1	280	PGS38_RS02655
NZ_JAQEGR010000002.1	112941	114527		plus	AAA family ATPase		79854655	protein-coding		WP_119189003.1	528	PGS38_RS02660
NZ_JAQEGR010000002.1	114757	115599		plus	aldo/keto reductase		79854656	protein-coding		WP_243104903.1	280	PGS38_RS02665
NZ_JAQEGR010000002.1	115674	116543		plus	aldo/keto reductase		79854657	protein-coding		WP_118640714.1	289	PGS38_RS02670
NZ_JAQEGR010000002.1	117091	118764		plus	type 2 periplasmic-binding domain-containing protein		79854658	protein-coding		WP_118595808.1	557	PGS38_RS02675
NZ_JAQEGR010000002.1	118849	121746		plus	glycosyl hydrolase 115 family protein		79854659	protein-coding		WP_118595809.1	965	PGS38_RS02680
NZ_JAQEGR010000002.1	121750	122895		plus	glycosyl hydrolase family 8		79854660	protein-coding		WP_118595810.1	381	PGS38_RS02685
NZ_JAQEGR010000002.1	123015	124751		plus	SGNH/GDSL hydrolase family protein		79854661	protein-coding		WP_118595811.1	578	PGS38_RS02690
NZ_JAQEGR010000002.1	124763	126328		plus	glycoside hydrolase family 43 protein		79854662	protein-coding		WP_118595812.1	521	PGS38_RS02695
NZ_JAQEGR010000002.1	126325	127206		minus	helix-turn-helix transcriptional regulator		79854663	protein-coding		WP_118595813.1	293	PGS38_RS02700
NZ_JAQEGR010000002.1	127418	129175		plus	sensor histidine kinase		79854664	protein-coding		WP_118595814.1	585	PGS38_RS02705
NZ_JAQEGR010000002.1	129197	130162		plus	response regulator		79854665	protein-coding		WP_270475869.1	321	PGS38_RS02710
NZ_JAQEGR010000002.1	130193	130792		plus	helix-turn-helix domain-containing protein		79854666	protein-coding		WP_270475870.1	199	PGS38_RS02715
NZ_JAQEGR010000002.1	130935	132605		plus	extracellular solute-binding protein		79854667	protein-coding		WP_118595816.1	556	PGS38_RS02720
NZ_JAQEGR010000002.1	132673	133623		plus	ABC transporter permease		79854668	protein-coding		WP_118595817.1	316	PGS38_RS02725
NZ_JAQEGR010000002.1	133635	134528		plus	carbohydrate ABC transporter permease		79854669	protein-coding		WP_118595818.1	297	PGS38_RS02730
NZ_JAQEGR010000002.1	134599	136206		plus	glycoside hydrolase family 43 protein		79854670	protein-coding		WP_118595819.1	535	PGS38_RS02735
NZ_JAQEGR010000002.1	136575	137189		minus	helix-turn-helix domain-containing protein		79854671	protein-coding		WP_243008134.1	204	PGS38_RS02740
NZ_JAQEGR010000002.1	137367	137543		plus	helix-turn-helix domain-containing protein		79854672	protein-coding		WP_118640716.1	58	PGS38_RS02745
NZ_JAQEGR010000002.1	137558	139000		plus	plasmid recombination protein		79854673	protein-coding		WP_118640718.1	480	PGS38_RS02750
NZ_JAQEGR010000002.1	139004	139378		plus	TnpV protein		79854674	protein-coding		WP_055201005.1	124	PGS38_RS02755
NZ_JAQEGR010000002.1	139624	141528		plus	P-loop NTPase fold protein		79854675	protein-coding		WP_118640720.1	634	PGS38_RS02760
NZ_JAQEGR010000002.1	141958	142569		plus	MerR family transcriptional regulator		79854676	protein-coding		WP_118640722.1	203	PGS38_RS02765
NZ_JAQEGR010000002.1	142683	143438		plus	ABC transporter ATP-binding protein		79854677	protein-coding		WP_025580143.1	251	PGS38_RS02770
NZ_JAQEGR010000002.1	143404	144675		plus	hypothetical protein		79854678	protein-coding		WP_118640589.1	423	PGS38_RS02775
NZ_JAQEGR010000002.1	145048	146103		plus	helix-turn-helix domain-containing protein		79854679	protein-coding		WP_270475879.1	351	PGS38_RS02780
NZ_JAQEGR010000002.1	146448	147602		plus	uncharacterized gene		79854680	pseudogene				PGS38_RS02785
NZ_JAQEGR010000002.1	148522	148791		plus	FmdB family zinc ribbon protein		79854681	protein-coding		WP_118640588.1	89	PGS38_RS02790
NZ_JAQEGR010000002.1	149481	150854		plus	MATE family efflux transporter		79854682	protein-coding		WP_118640592.1	457	PGS38_RS02795
NZ_JAQEGR010000002.1	150943	151977		plus	2-hydroxyacid dehydrogenase		79854683	protein-coding		WP_118640587.1	344	PGS38_RS02800
NZ_JAQEGR010000002.1	152204	152542		plus	P-II family nitrogen regulator		79854684	protein-coding		WP_055221847.1	112	PGS38_RS02805
NZ_JAQEGR010000002.1	152630	153844		plus	ammonium transporter		79854685	protein-coding		WP_055227847.1	404	PGS38_RS02810
NZ_JAQEGR010000002.1	153875	154213		plus	P-II family nitrogen regulator		79854686	protein-coding		WP_118640586.1	112	PGS38_RS02815
NZ_JAQEGR010000002.1	154310	155224		plus	ABC transporter permease		79854687	protein-coding		WP_199695853.1	304	PGS38_RS02820
NZ_JAQEGR010000002.1	155237	156142		plus	ABC transporter permease		79854688	protein-coding		WP_118601125.1	301	PGS38_RS02825
NZ_JAQEGR010000002.1	156148	157191		plus	ABC transporter ATP-binding protein		79854689	protein-coding		WP_118640585.1	347	PGS38_RS02830
NZ_JAQEGR010000002.1	157184	158209		plus	ABC transporter ATP-binding protein		79854690	protein-coding		WP_118640584.1	341	PGS38_RS02835
NZ_JAQEGR010000002.1	158302	159966		plus	peptide ABC transporter substrate-binding protein		79854691	protein-coding		WP_118640583.1	554	PGS38_RS02840
NZ_JAQEGR010000002.1	160089	161168		plus	histidinol-phosphate transaminase	hisC	79854692	protein-coding		WP_158579800.1	359	PGS38_RS02845
NZ_JAQEGR010000002.1	161485	162090		plus	type IV toxin-antitoxin system AbiEi family antitoxin domain-containing protein		79854693	protein-coding		WP_022462444.1	201	PGS38_RS02850
NZ_JAQEGR010000002.1	162290	164467		plus	glycoside hydrolase family 3 C-terminal domain-containing protein		79854694	protein-coding		WP_305764453.1	725	PGS38_RS02855
NZ_JAQEGR010000002.1	164565	165116		plus	glycoside hydrolase family 95-like protein		79854695	protein-coding		WP_270475924.1	183	PGS38_RS02860
NZ_JAQEGR010000002.1	165180	166301		minus	radical SAM protein		79854696	protein-coding		WP_118640581.1	373	PGS38_RS02865
NZ_JAQEGR010000002.1	166422	166829		minus	hypothetical protein		79854697	protein-coding		WP_118640580.1	135	PGS38_RS02870
NZ_JAQEGR010000002.1	166826	167164		minus	PqqD family protein		79854698	protein-coding		WP_022462364.1	112	PGS38_RS02875
NZ_JAQEGR010000002.1	167370	167864		plus	AAA family ATPase		79854699	protein-coding		WP_256372477.1	164	PGS38_RS02880
NZ_JAQEGR010000002.1	168142	169065		plus	hypothetical protein		79854701	protein-coding		WP_118640578.1	307	PGS38_RS02890
NZ_JAQEGR010000002.1	169062	169553		plus	S24/S26 family peptidase		79854702	protein-coding		WP_118640577.1	163	PGS38_RS02895
NZ_JAQEGR010000002.1	169550	170866		plus	nucleotidyltransferase domain-containing protein		79854703	protein-coding		WP_118640576.1	438	PGS38_RS02900
NZ_JAQEGR010000002.1	170838	172628		plus	ABC transporter ATP-binding protein		79854704	protein-coding		WP_118640575.1	596	PGS38_RS02905
NZ_JAQEGR010000002.1	172771	174294		plus	ABC transporter substrate-binding protein		79854705	protein-coding		WP_117804656.1	507	PGS38_RS02910
NZ_JAQEGR010000002.1	174446	175384		plus	ABC transporter permease		79854706	protein-coding		WP_117804655.1	312	PGS38_RS02915
NZ_JAQEGR010000002.1	175397	176299		plus	carbohydrate ABC transporter permease		79854707	protein-coding		WP_117804654.1	300	PGS38_RS02920
NZ_JAQEGR010000002.1	176491	178233		plus	sensor histidine kinase		79854708	protein-coding		WP_119188707.1	580	PGS38_RS02925
NZ_JAQEGR010000002.1	178211	179806		plus	response regulator transcription factor		79854709	protein-coding		WP_119188699.1	531	PGS38_RS02930
NZ_JAQEGR010000002.1	180054	182273		plus	beta-glucosidase BglX	bglX	79854710	protein-coding		WP_118666710.1	739	PGS38_RS02935
NZ_JAQEGR010000002.1	182474	183844		plus	MATE family efflux transporter		79854711	protein-coding		WP_117804651.1	456	PGS38_RS02940
NZ_JAQEGR010000002.1	183966	185273		plus	alpha-L-fucosidase		79854712	protein-coding		WP_117801282.1	435	PGS38_RS02945
NZ_JAQEGR010000002.1	185653	186378		plus	ABC transporter ATP-binding protein		79854713	protein-coding		WP_055221955.1	241	PGS38_RS02950
NZ_JAQEGR010000002.1	186371	188092		plus	putative ABC transporter permease subunit		79854714	protein-coding		WP_270475894.1	573	PGS38_RS02955
NZ_JAQEGR010000002.1	188381	189022		minus	ECF transporter S component		79854715	protein-coding		WP_022461231.1	213	PGS38_RS02960
NZ_JAQEGR010000002.1	189442	192405		minus	beta-glucosidase		79854716	protein-coding		WP_119188697.1	987	PGS38_RS02965
NZ_JAQEGR010000002.1	192601	194319		minus	extracellular solute-binding protein		79854717	protein-coding		WP_117812980.1	572	PGS38_RS02970
NZ_JAQEGR010000002.1	194422	195285		minus	carbohydrate ABC transporter permease		79854718	protein-coding		WP_117812981.1	287	PGS38_RS02975
NZ_JAQEGR010000002.1	195298	196233		minus	ABC transporter permease		79854719	protein-coding		WP_226906422.1	311	PGS38_RS02980
NZ_JAQEGR010000002.1	196597	197310		plus	response regulator transcription factor		79854720	protein-coding		WP_118640573.1	237	PGS38_RS02985
NZ_JAQEGR010000002.1	197276	199036		plus	sensor histidine kinase		79854721	protein-coding		WP_118699790.1	586	PGS38_RS02990
NZ_JAQEGR010000002.1	199127	200218		plus	glycosyltransferase family 2 protein		79854722	protein-coding		WP_119188696.1	363	PGS38_RS02995
NZ_JAQEGR010000002.1	200215	203235		plus	YfhO family protein		79854723	protein-coding		WP_270475897.1	1006	PGS38_RS03000
NZ_JAQEGR010000002.1	203275	203436		minus	uncharacterized gene		88554241	pseudogene				PGS38_RS17630
NZ_JAQEGR010000002.1	203407	203499		plus	DUF6783 domain-containing protein		88554242	protein-coding		WP_334294909.1	30	PGS38_RS17635
NZ_JAQEGR010000002.1	203986	204264		plus	helix-turn-helix domain-containing protein		79854725	protein-coding		WP_055227803.1	92	PGS38_RS03010
NZ_JAQEGR010000002.1	204251	205390		plus	type II toxin-antitoxin system HipA family toxin		79854726	protein-coding		WP_055227801.1	379	PGS38_RS03015
NZ_JAQEGR010000002.1	205600	207423		minus	S8 family peptidase		79854727	protein-coding		WP_270475899.1	607	PGS38_RS03020
NZ_JAQEGR010000002.1	207595	208968		plus	Trk system potassium transporter TrkA	trkA	79854728	protein-coding		WP_334304477.1	457	PGS38_RS03025
NZ_JAQEGR010000002.1	208984	210426		plus	TrkH family potassium uptake protein		79854729	protein-coding		WP_118699794.1	480	PGS38_RS03030
NZ_JAQEGR010000002.1	210587	211666		plus	histidinol-phosphate transaminase	hisC	79854730	protein-coding		WP_118699795.1	359	PGS38_RS03035
NZ_JAQEGR010000002.1	211827	213203		plus	MATE family efflux transporter		79854731	protein-coding		WP_117801313.1	458	PGS38_RS03040
NZ_JAQEGR010000002.1	213379	213663		plus	HPr family phosphocarrier protein		79854732	protein-coding		WP_270475901.1	94	PGS38_RS03045
NZ_JAQEGR010000002.1	213965	214177		plus	small, acid-soluble spore protein, alpha/beta type		79854733	protein-coding		WP_055220834.1	70	PGS38_RS03050
NZ_JAQEGR010000002.1	214373	216160		plus	glycoside hydrolase family 2 protein		79854734	protein-coding		WP_270475902.1	595	PGS38_RS03055
NZ_JAQEGR010000002.1	216346	216711		minus	hypothetical protein		79854735	protein-coding		WP_172704695.1	121	PGS38_RS03060
NZ_JAQEGR010000002.1	216701	216796		plus	DUF5605 domain-containing protein		98633856	protein-coding		WP_158565852.1	31	PGS38_RS17745
NZ_JAQEGR010000002.1	217394	217903		plus	50S ribosomal protein L10	rplJ	79854736	protein-coding		WP_055227784.1	169	PGS38_RS03065
NZ_JAQEGR010000002.1	217975	218349		plus	50S ribosomal protein L7/L12	rplL	79854737	protein-coding		WP_055266931.1	124	PGS38_RS03070
NZ_JAQEGR010000002.1	218442	218924		plus	helix-turn-helix domain-containing protein		79854738	protein-coding		WP_119197880.1	160	PGS38_RS03075
NZ_JAQEGR010000002.1	219115	220467		plus	acyclic terpene utilization AtuA family protein		79854739	protein-coding		WP_119197881.1	450	PGS38_RS03080
NZ_JAQEGR010000002.1	220601	220900		plus	AtuA-related protein		79854740	protein-coding		WP_119197923.1	99	PGS38_RS03085
NZ_JAQEGR010000002.1	220904	222595		plus	CocE/NonD family hydrolase		79854741	protein-coding		WP_119197882.1	563	PGS38_RS03090
NZ_JAQEGR010000002.1	222745	224418		plus	alpha-glucosidase		79854742	protein-coding		WP_119197883.1	557	PGS38_RS03095
NZ_JAQEGR010000002.1	224655	225497		plus	helix-turn-helix transcriptional regulator		79854743	protein-coding		WP_119197884.1	280	PGS38_RS03100
NZ_JAQEGR010000002.1	225866	227260		plus	MFS transporter		79854744	protein-coding		WP_119197886.1	464	PGS38_RS03105
NZ_JAQEGR010000002.1	227361	229859		plus	GH39 family glycosyl hydrolase		79854745	protein-coding		WP_158568555.1	832	PGS38_RS03110
NZ_JAQEGR010000002.1	230025	231575		plus	carboxylesterase/lipase family protein		79854746	protein-coding		WP_117761434.1	516	PGS38_RS03115
NZ_JAQEGR010000002.1	231927	235766		plus	DNA-directed RNA polymerase subunit beta	rpoB	79854747	protein-coding		WP_117510452.1	1279	PGS38_RS03120
NZ_JAQEGR010000002.1	235805	239530		plus	DNA-directed RNA polymerase subunit beta'	rpoC	79854748	protein-coding		WP_117510453.1	1241	PGS38_RS03125
NZ_JAQEGR010000002.1	239839	240075		plus	hypothetical protein		79854749	protein-coding		WP_055266947.1	78	PGS38_RS03130
NZ_JAQEGR010000002.1	240097	241311		plus	hypothetical protein		79854750	protein-coding		WP_118660028.1	404	PGS38_RS03135
NZ_JAQEGR010000002.1	241692	242783		plus	polysaccharide deacetylase family protein		79854751	protein-coding		WP_117761431.1	363	PGS38_RS03140
NZ_JAQEGR010000002.1	242871	244700		minus	translational GTPase TypA	typA	79854752	protein-coding		WP_177269638.1	609	PGS38_RS03145
NZ_JAQEGR010000002.1	245106	245735		plus	single-stranded DNA-binding protein		79854753	protein-coding		WP_055220802.1	209	PGS38_RS03150
NZ_JAQEGR010000002.1	246118	247008		plus	4-hydroxy-tetrahydrodipicolinate synthase	dapA	79854754	protein-coding		WP_022461866.1	296	PGS38_RS03155
NZ_JAQEGR010000002.1	247044	247805		plus	4-hydroxy-tetrahydrodipicolinate reductase	dapB	79854755	protein-coding		WP_270475908.1	253	PGS38_RS03160
NZ_JAQEGR010000002.1	247954	248871		minus	metallophosphoesterase family protein		79854756	protein-coding		WP_270475909.1	305	PGS38_RS03165
NZ_JAQEGR010000002.1	248981	249139		plus	hypothetical protein		79854757	protein-coding		WP_158565022.1	52	PGS38_RS03170
NZ_JAQEGR010000002.1	249227	249871		plus	DUF4317 family protein		79854758	protein-coding		WP_117761428.1	214	PGS38_RS03175
NZ_JAQEGR010000002.1	250003	250431		minus	hypothetical protein		79854759	protein-coding		WP_117804629.1	142	PGS38_RS03180
NZ_JAQEGR010000002.1	250599	250832		plus	helix-turn-helix domain-containing protein		79854760	protein-coding		WP_270475912.1	77	PGS38_RS03185
NZ_JAQEGR010000002.1	250870	252093		plus	chloride channel protein		79854761	protein-coding		WP_270475913.1	407	PGS38_RS03190
NZ_JAQEGR010000002.1	252359	253249		plus	glucose-1-phosphate thymidylyltransferase RfbA	rfbA	79854762	protein-coding		WP_022461852.1	296	PGS38_RS03195
NZ_JAQEGR010000002.1	253430	254299		plus	dTDP-4-dehydrorhamnose reductase	rfbD	79854763	protein-coding		WP_022461851.1	289	PGS38_RS03200
NZ_JAQEGR010000002.1	254561	255928		plus	MFS transporter		79854764	protein-coding		WP_270475914.1	455	PGS38_RS03205
NZ_JAQEGR010000002.1	256041	256997		plus	50S ribosomal protein L11 methyltransferase	prmA	79854765	protein-coding		WP_022461849.1	318	PGS38_RS03210
NZ_JAQEGR010000002.1	257040	257792		plus	16S rRNA (uracil(1498)-N(3))-methyltransferase		79854766	protein-coding		WP_022461848.1	250	PGS38_RS03215
NZ_JAQEGR010000002.1	257792	258946		plus	cysteine desulfurase family protein		79854767	protein-coding		WP_270475915.1	384	PGS38_RS03220
NZ_JAQEGR010000002.1	258963	259619		plus	FAD-dependent thymidylate synthase	thyX	79854768	protein-coding		WP_022461846.1	218	PGS38_RS03225
NZ_JAQEGR010000002.1	259629	260807		plus	tRNA uracil 4-sulfurtransferase ThiI	thiI	79854769	protein-coding		WP_119188705.1	392	PGS38_RS03230
NZ_JAQEGR010000002.1	260941	261174		minus	HPr family phosphocarrier protein		79854770	protein-coding		WP_022461844.1	77	PGS38_RS03235
NZ_JAQEGR010000002.1	261337	262671		plus	tRNA (N(6)-L-threonylcarbamoyladenosine(37)-C(2))-methylthiotransferase MtaB	mtaB	79854771	protein-coding		WP_270475917.1	444	PGS38_RS03240
NZ_JAQEGR010000002.1	262935	263846		plus	UDP-N-acetylmuramate dehydrogenase	murB	79854772	protein-coding		WP_416388107.1	303	PGS38_RS03245
NZ_JAQEGR010000002.1	263876	264757		plus	RNase adapter RapZ	rapZ	79854773	protein-coding		WP_022461841.1	293	PGS38_RS03250
NZ_JAQEGR010000002.1	264768	265706		plus	DNA-binding protein WhiA	whiA	79854774	protein-coding		WP_117801362.1	312	PGS38_RS03255
NZ_JAQEGR010000002.1	265703	265966		plus	HPr family phosphocarrier protein		79854775	protein-coding		WP_022461839.1	87	PGS38_RS03260
NZ_JAQEGR010000002.1	266066	266821		minus	GNAT family N-acetyltransferase		79854776	protein-coding		WP_117510467.1	251	PGS38_RS03265
NZ_JAQEGR010000002.1	267009	268067		plus	hypothetical protein		79854777	protein-coding		WP_117801364.1	352	PGS38_RS03270
NZ_JAQEGR010000002.1	268572	268889		plus	30S ribosomal protein S10	rpsJ	79854778	protein-coding		WP_117510469.1	105	PGS38_RS03275
NZ_JAQEGR010000002.1	269083	269718		plus	50S ribosomal protein L3	rplC	79854779	protein-coding		WP_022461666.1	211	PGS38_RS03280
NZ_JAQEGR010000002.1	269745	270365		plus	50S ribosomal protein L4	rplD	79854780	protein-coding		WP_022461665.1	206	PGS38_RS03285
NZ_JAQEGR010000002.1	270365	270664		plus	50S ribosomal protein L23	rplW	79854781	protein-coding		WP_022461664.1	99	PGS38_RS03290
NZ_JAQEGR010000002.1	270726	271571		plus	50S ribosomal protein L2	rplB	79854782	protein-coding		WP_055266980.1	281	PGS38_RS03295
NZ_JAQEGR010000002.1	271583	271864		plus	30S ribosomal protein S19	rpsS	79854783	protein-coding		WP_022461662.1	93	PGS38_RS03300
NZ_JAQEGR010000002.1	271898	272284		plus	50S ribosomal protein L22	rplV	79854784	protein-coding		WP_022461661.1	128	PGS38_RS03305
NZ_JAQEGR010000002.1	272297	272953		plus	30S ribosomal protein S3	rpsC	79854785	protein-coding		WP_022461660.1	218	PGS38_RS03310
NZ_JAQEGR010000002.1	272956	273393		plus	50S ribosomal protein L16	rplP	79854786	protein-coding		WP_022461659.1	145	PGS38_RS03315
NZ_JAQEGR010000002.1	273383	273592		plus	50S ribosomal protein L29	rpmC	79854787	protein-coding		WP_022461658.1	69	PGS38_RS03320
NZ_JAQEGR010000002.1	273609	273866		plus	30S ribosomal protein S17	rpsQ	79854788	protein-coding		WP_022461657.1	85	PGS38_RS03325
NZ_JAQEGR010000002.1	273902	274270		plus	50S ribosomal protein L14	rplN	79854789	protein-coding		WP_022461656.1	122	PGS38_RS03330
NZ_JAQEGR010000002.1	274281	274622		plus	50S ribosomal protein L24	rplX	79854790	protein-coding		WP_022461655.1	113	PGS38_RS03335
NZ_JAQEGR010000002.1	274643	275182		plus	50S ribosomal protein L5	rplE	79854791	protein-coding		WP_022461654.1	179	PGS38_RS03340
NZ_JAQEGR010000002.1	275199	275384		plus	type Z 30S ribosomal protein S14		79854792	protein-coding		WP_022461653.1	61	PGS38_RS03345
NZ_JAQEGR010000002.1	275409	275810		plus	30S ribosomal protein S8	rpsH	79854793	protein-coding		WP_022461652.1	133	PGS38_RS03350
NZ_JAQEGR010000002.1	275891	276430		plus	50S ribosomal protein L6	rplF	79854794	protein-coding		WP_022461651.1	179	PGS38_RS03355
NZ_JAQEGR010000002.1	276448	276816		plus	50S ribosomal protein L18	rplR	79854795	protein-coding		WP_022461650.1	122	PGS38_RS03360
NZ_JAQEGR010000002.1	276837	277346		plus	30S ribosomal protein S5	rpsE	79854796	protein-coding		WP_022461649.1	169	PGS38_RS03365
NZ_JAQEGR010000002.1	277361	277543		plus	50S ribosomal protein L30	rpmD	79854797	protein-coding		WP_022461648.1	60	PGS38_RS03370
NZ_JAQEGR010000002.1	277556	277996		plus	50S ribosomal protein L15	rplO	79854798	protein-coding		WP_022461647.1	146	PGS38_RS03375
NZ_JAQEGR010000002.1	277996	279312		plus	preprotein translocase subunit SecY	secY	79854799	protein-coding		WP_022461646.1	438	PGS38_RS03380
NZ_JAQEGR010000002.1	279480	280124		plus	adenylate kinase		79854800	protein-coding		WP_022461645.1	214	PGS38_RS03385
NZ_JAQEGR010000002.1	280128	280898		plus	type I methionyl aminopeptidase	map	79854801	protein-coding		WP_022461644.1	256	PGS38_RS03390
NZ_JAQEGR010000002.1	280895	281146		plus	KOW domain-containing RNA-binding protein		79854802	protein-coding		WP_055220745.1	83	PGS38_RS03395
NZ_JAQEGR010000002.1	281150	281368		plus	translation initiation factor IF-1	infA	79854803	protein-coding		WP_022461642.1	72	PGS38_RS03400
NZ_JAQEGR010000002.1	282052	283518		plus	VanW family protein		79854804	protein-coding		WP_158581216.1	488	PGS38_RS03405
NZ_JAQEGR010000002.1	283612	283815		plus	hypothetical protein		79854805	protein-coding		WP_055220743.1	67	PGS38_RS03410
NZ_JAQEGR010000002.1	283812	283925		plus	50S ribosomal protein L36	rpmJ	79854806	protein-coding		WP_003022746.1	37	PGS38_RS03415
NZ_JAQEGR010000002.1	284221	284589		plus	30S ribosomal protein S13	rpsM	79854807	protein-coding		WP_022461573.1	122	PGS38_RS03420
NZ_JAQEGR010000002.1	284640	285032		plus	30S ribosomal protein S11	rpsK	79854808	protein-coding		WP_022461574.1	130	PGS38_RS03425
NZ_JAQEGR010000002.1	285049	285642		plus	30S ribosomal protein S4	rpsD	79854809	protein-coding		WP_022461575.1	197	PGS38_RS03430
NZ_JAQEGR010000002.1	285715	286677		plus	DNA-directed RNA polymerase subunit alpha		79854810	protein-coding		WP_117510475.1	320	PGS38_RS03435
NZ_JAQEGR010000002.1	286782	287318		plus	bL17 family ribosomal protein		79854811	protein-coding		WP_022461577.1	178	PGS38_RS03440
NZ_JAQEGR010000002.1	287505	288404		plus	diacylglycerol/lipid kinase family protein		79854812	protein-coding		WP_022461578.1	299	PGS38_RS03445
NZ_JAQEGR010000002.1	288584	289447		plus	class II fructose-1,6-bisphosphate aldolase	fba	79854813	protein-coding		WP_022461579.1	287	PGS38_RS03450
NZ_JAQEGR010000002.1	289862	291976		plus	glutamine synthetase III family protein		79854814	protein-coding		WP_117813025.1	704	PGS38_RS03455
NZ_JAQEGR010000002.1	292359	293045		plus	WecB/TagA/CpsF family glycosyltransferase		79854815	protein-coding		WP_117510477.1	228	PGS38_RS03460
NZ_JAQEGR010000002.1	293051	293920		plus	YitT family protein		79854816	protein-coding		WP_117510478.1	289	PGS38_RS03465
NZ_JAQEGR010000002.1	294106	295194		plus	PucR family transcriptional regulator		79854817	protein-coding		WP_117510479.1	362	PGS38_RS03470
NZ_JAQEGR010000002.1	295221	295904		plus	cell division ATP-binding protein FtsE	ftsE	79854818	protein-coding		WP_022461638.1	227	PGS38_RS03475
NZ_JAQEGR010000002.1	295894	296808		plus	permease-like cell division protein FtsX	ftsX	79854819	protein-coding		WP_022461639.1	304	PGS38_RS03480
NZ_JAQEGR010000002.1	296892	298151		plus	S41 family peptidase		79854820	protein-coding		WP_055220738.1	419	PGS38_RS03485
NZ_JAQEGR010000002.1	298271	299509		plus	aminopeptidase P N-terminal domain-containing protein		79854821	protein-coding		WP_119188680.1	412	PGS38_RS03490
NZ_JAQEGR010000002.1	299631	300509		plus	NifB/NifX family molybdenum-iron cluster-binding protein		79854822	protein-coding		WP_055227718.1	292	PGS38_RS03495
NZ_JAQEGR010000002.1	300738	302813		plus	efflux RND transporter permease subunit		79854823	protein-coding		WP_117804618.1	691	PGS38_RS03500
NZ_JAQEGR010000002.1	302878	303021		plus	uncharacterized gene		79854824	pseudogene				PGS38_RS03505
NZ_JAQEGR010000003.1	226	936		plus	hypothetical protein		79854825	protein-coding		WP_118641147.1	236	PGS38_RS03510
NZ_JAQEGR010000003.1	1425	2210		minus	type III pantothenate kinase		79854826	protein-coding		WP_022461121.1	261	PGS38_RS03515
NZ_JAQEGR010000003.1	2377	3573		plus	bifunctional phosphopantothenoylcysteine decarboxylase/phosphopantothenate--cysteine ligase CoaBC	coaBC	79854827	protein-coding		WP_270475925.1	398	PGS38_RS03520
NZ_JAQEGR010000003.1	3777	4547		plus	TatD family hydrolase		79854828	protein-coding		WP_117813433.1	256	PGS38_RS03525
NZ_JAQEGR010000003.1	4636	6639		plus	NlpC/P60 family protein		79854829	protein-coding		WP_270475926.1	667	PGS38_RS03530
NZ_JAQEGR010000003.1	6621	7469		minus	LD-carboxypeptidase		79854830	protein-coding		WP_118595548.1	282	PGS38_RS03535
NZ_JAQEGR010000003.1	7602	8636		minus	threonine aldolase family protein		79854831	protein-coding		WP_173827489.1	344	PGS38_RS03540
NZ_JAQEGR010000003.1	8730	8933		plus	hypothetical protein		79854832	protein-coding		WP_243104942.1	67	PGS38_RS03545
NZ_JAQEGR010000003.1	9485	10066		plus	TetR/AcrR family transcriptional regulator		79854833	protein-coding		WP_173827488.1	193	PGS38_RS03550
NZ_JAQEGR010000003.1	10092	11453		plus	alpha-amylase family glycosyl hydrolase		79854834	protein-coding		WP_118601732.1	453	PGS38_RS03555
NZ_JAQEGR010000003.1	11468	13438		plus	1,4-alpha-glucan branching protein GlgB	glgB	79854835	protein-coding		WP_082424829.1	656	PGS38_RS03560
NZ_JAQEGR010000003.1	13552	14217		plus	MBL fold metallo-hydrolase		79854836	protein-coding		WP_055225761.1	221	PGS38_RS03565
NZ_JAQEGR010000003.1	14240	14701		minus	hypothetical protein		79854837	protein-coding		WP_117801648.1	153	PGS38_RS03570
NZ_JAQEGR010000003.1	14917	15420		plus	GNAT family N-acetyltransferase		79854838	protein-coding		WP_117761329.1	167	PGS38_RS03575
NZ_JAQEGR010000003.1	15564	16403		minus	TraX family protein		79854839	protein-coding		WP_022462626.1	279	PGS38_RS03580
NZ_JAQEGR010000003.1	16697	17572		minus	MBL fold metallo-hydrolase		79854840	protein-coding		WP_118742109.1	291	PGS38_RS03585
NZ_JAQEGR010000003.1	17646	19061		minus	Na+/H+ antiporter NhaC	nhaC	79854841	protein-coding		WP_270475929.1	471	PGS38_RS03590
NZ_JAQEGR010000003.1	19288	20475		plus	GTP-binding protein		79854842	protein-coding		WP_055225755.1	395	PGS38_RS03595
NZ_JAQEGR010000003.1	20674	21633		plus	TIGR03943 family putative permease subunit		79854843	protein-coding		WP_055225753.1	319	PGS38_RS03600
NZ_JAQEGR010000003.1	21717	22301		plus	aminoacyl-tRNA hydrolase	pth	79854844	protein-coding		WP_118750584.1	194	PGS38_RS03605
NZ_JAQEGR010000003.1	22307	25831		plus	transcription-repair coupling factor	mfd	79854845	protein-coding		WP_270475930.1	1174	PGS38_RS03610
NZ_JAQEGR010000003.1	26019	27428		plus	SurA N-terminal domain-containing protein		79854846	protein-coding		WP_270475932.1	469	PGS38_RS03615
NZ_JAQEGR010000003.1	27676	27963		plus	hypothetical protein		79854847	protein-coding		WP_055220917.1	95	PGS38_RS03620
NZ_JAQEGR010000003.1	28180	29064		plus	homocysteine S-methyltransferase family protein		79854848	protein-coding		WP_117510893.1	294	PGS38_RS03625
NZ_JAQEGR010000003.1	29376	30086		plus	HAD family hydrolase		79854849	protein-coding		WP_117801642.1	236	PGS38_RS03630
NZ_JAQEGR010000003.1	30201	31562		minus	MATE family efflux transporter		79854850	protein-coding		WP_117805277.1	453	PGS38_RS03635
NZ_JAQEGR010000003.1	31863	33437		plus	carboxylesterase/lipase family protein		79854851	protein-coding		WP_117805276.1	524	PGS38_RS03640
NZ_JAQEGR010000003.1	33586	35157		plus	AAA family ATPase		79854852	protein-coding		WP_117761311.1	523	PGS38_RS03645
NZ_JAQEGR010000003.1	35321	36643		plus	carbohydrate ABC transporter permease		79854853	protein-coding		WP_243104946.1	440	PGS38_RS03650
NZ_JAQEGR010000003.1	36643	37521		plus	sugar ABC transporter permease		79854854	protein-coding		WP_243110793.1	292	PGS38_RS03655
NZ_JAQEGR010000003.1	38105	42070		plus	type I pullulanase	pulA	79854855	protein-coding		WP_270475934.1	1321	PGS38_RS03660
NZ_JAQEGR010000003.1	42292	42672		minus	4Fe-4S binding protein		79854856	protein-coding		WP_022463049.1	126	PGS38_RS03665
NZ_JAQEGR010000003.1	42987	43826		plus	C39 family peptidase		79854857	protein-coding		WP_270422391.1	279	PGS38_RS03670
NZ_JAQEGR010000003.1	43895	44152		plus	sporulation transcriptional regulator SpoIIID	spoIIID	79854858	protein-coding		WP_055220903.1	85	PGS38_RS03675
NZ_JAQEGR010000003.1	44239	44985		plus	copper homeostasis protein CutC		79854859	protein-coding		WP_119188906.1	248	PGS38_RS03680
NZ_JAQEGR010000003.1	45024	46283		plus	M20/M25/M40 family metallo-hydrolase		79854860	protein-coding		WP_270475936.1	419	PGS38_RS03685
NZ_JAQEGR010000003.1	46299	47228		plus	nucleotidyltransferase family protein		79854861	protein-coding		WP_055220899.1	309	PGS38_RS03690
NZ_JAQEGR010000003.1	47327	48052		plus	glycosyltransferase family 2 protein		79854862	protein-coding		WP_270475938.1	241	PGS38_RS03695
NZ_JAQEGR010000003.1	48142	49269		minus	hypothetical protein		79854863	protein-coding		WP_270475939.1	375	PGS38_RS03700
NZ_JAQEGR010000003.1	49832	50806		plus	SH3 domain-containing protein		79854864	protein-coding		WP_055220896.1	324	PGS38_RS03705
NZ_JAQEGR010000003.1	50925	52121		minus	nucleotidyltransferase domain-containing protein		79854865	protein-coding		WP_022461109.1	398	PGS38_RS03710
NZ_JAQEGR010000003.1	52339	52608		plus	PqqD family protein		79854866	protein-coding		WP_022461108.1	89	PGS38_RS03715
NZ_JAQEGR010000003.1	52637	54817		plus	NAD-dependent epimerase/dehydratase family protein		79854867	protein-coding		WP_022461107.1	726	PGS38_RS03720
NZ_JAQEGR010000003.1	54814	55770		plus	hypothetical protein		79854868	protein-coding		WP_022461106.1	318	PGS38_RS03725
NZ_JAQEGR010000003.1	55811	58156		plus	hypothetical protein		79854869	protein-coding		WP_117813386.1	781	PGS38_RS03730
NZ_JAQEGR010000003.1	58159	60027		plus	DUF2194 domain-containing protein		79854870	protein-coding		WP_055220894.1	622	PGS38_RS03735
NZ_JAQEGR010000003.1	60024	61487		plus	GT4 family glycosyltransferase PelF	pelF	79854871	protein-coding		WP_022461103.1	487	PGS38_RS03740
NZ_JAQEGR010000003.1	61522	62988		plus	exopolysaccharide Pel transporter PelG	pelG	79854872	protein-coding		WP_022461102.1	488	PGS38_RS03745
NZ_JAQEGR010000003.1	62989	63372		plus	DUF2304 domain-containing protein		79854873	protein-coding		WP_055220892.1	127	PGS38_RS03750
NZ_JAQEGR010000003.1	63396	64598		plus	glycosyltransferase		79854874	protein-coding		WP_022461100.1	400	PGS38_RS03755
NZ_JAQEGR010000003.1	64612	65430		plus	glycosyltransferase family 2 protein		79854875	protein-coding		WP_022461099.1	272	PGS38_RS03760
NZ_JAQEGR010000003.1	65375	66757		plus	DUF4832 domain-containing protein		79854876	protein-coding		WP_055220888.1	460	PGS38_RS03765
NZ_JAQEGR010000003.1	66749	68164		minus	DUF4832 domain-containing protein		79854877	protein-coding		WP_158565045.1	471	PGS38_RS03770
NZ_JAQEGR010000003.1	68361	69884		plus	lipopolysaccharide biosynthesis protein		79854878	protein-coding		WP_055220885.1	507	PGS38_RS03775
NZ_JAQEGR010000003.1	69942	70379		minus	S24/S26 family peptidase		79854879	protein-coding		WP_117813382.1	145	PGS38_RS03780
NZ_JAQEGR010000003.1	70579	71844		plus	PqqD family protein		79854880	protein-coding		WP_173815412.1	421	PGS38_RS03785
NZ_JAQEGR010000003.1	71841	73610		plus	peptidase domain-containing ABC transporter		79854881	protein-coding		WP_118719481.1	589	PGS38_RS03790
NZ_JAQEGR010000003.1	73613	73744		plus	hypothetical protein		79854882	protein-coding		WP_256372496.1	43	PGS38_RS03795
NZ_JAQEGR010000003.1	73741	74118		minus	hypothetical protein		79854883	protein-coding		WP_055220877.1	125	PGS38_RS03800
NZ_JAQEGR010000003.1	74307	75323		minus	Stealth CR1 domain-containing protein		79854884	protein-coding		WP_270475947.1	338	PGS38_RS03805
NZ_JAQEGR010000003.1	76206	77249		plus	glycosyltransferase family 2 protein		79854885	protein-coding		WP_055220873.1	347	PGS38_RS03810
NZ_JAQEGR010000003.1	77645	78100		plus	NfeD family protein		79854886	protein-coding		WP_055220871.1	151	PGS38_RS03815
NZ_JAQEGR010000003.1	78097	79065		plus	SPFH domain-containing protein		79854887	protein-coding		WP_022461086.1	322	PGS38_RS03820
NZ_JAQEGR010000003.1	79344	80333		plus	ornithine carbamoyltransferase	argF	79854888	protein-coding		WP_055220869.1	329	PGS38_RS03825
NZ_JAQEGR010000003.1	80462	81454		plus	biotin--[acetyl-CoA-carboxylase] ligase		79854889	protein-coding		WP_055220867.1	330	PGS38_RS03830
NZ_JAQEGR010000003.1	81482	81865		plus	DUF6145 family protein		79854890	protein-coding		WP_022461083.1	127	PGS38_RS03835
NZ_JAQEGR010000003.1	81855	82853		plus	tRNA dihydrouridine synthase DusB	dusB	79854891	protein-coding		WP_022461082.1	332	PGS38_RS03840
NZ_JAQEGR010000003.1	82974	84368		plus	MATE family efflux transporter		79854892	protein-coding		WP_117805257.1	464	PGS38_RS03845
NZ_JAQEGR010000003.1	84601	85083		plus	transcription elongation factor GreA	greA	79854893	protein-coding		WP_022461080.1	160	PGS38_RS03850
NZ_JAQEGR010000003.1	85112	87145		plus	lysine--tRNA ligase	lysS	79854894	protein-coding		WP_270475951.1	677	PGS38_RS03855
NZ_JAQEGR010000003.1	87362	87796		plus	DUF6075 family protein		79854895	protein-coding		WP_270402494.1	144	PGS38_RS03860
NZ_JAQEGR010000003.1	87809	87982		plus	hypothetical protein		79854896	protein-coding		WP_004611644.1	57	PGS38_RS03865
NZ_JAQEGR010000003.1	87985	88770		plus	ParA family protein		79854897	protein-coding		WP_270402374.1	261	PGS38_RS03870
NZ_JAQEGR010000003.1	88760	89665		plus	ParB/RepB/Spo0J family partition protein		79854898	protein-coding		WP_270402373.1	301	PGS38_RS03875
NZ_JAQEGR010000003.1	89646	90887		plus	DUF6017 domain-containing protein		79854899	protein-coding		WP_270402371.1	413	PGS38_RS03880
NZ_JAQEGR010000003.1	90884	91198		plus	DUF6050 family protein		79854900	protein-coding		WP_270402370.1	104	PGS38_RS03885
NZ_JAQEGR010000003.1	91326	91727		plus	helix-turn-helix domain-containing protein		79854901	protein-coding		WP_114002745.1	133	PGS38_RS03890
NZ_JAQEGR010000003.1	91916	92533		plus	sigma-70 family RNA polymerase sigma factor		79854902	protein-coding		WP_044986728.1	205	PGS38_RS03895
NZ_JAQEGR010000003.1	92550	92993		plus	RNA polymerase sigma factor		79854903	protein-coding		WP_270402368.1	147	PGS38_RS03900
NZ_JAQEGR010000003.1	93076	93906		plus	hypothetical protein		79854904	protein-coding		WP_114002743.1	276	PGS38_RS03905
NZ_JAQEGR010000003.1	94334	100255		plus	SpaA isopeptide-forming pilin-related protein		79854905	protein-coding		WP_270402367.1	1973	PGS38_RS03910
NZ_JAQEGR010000003.1	100330	100476		plus	hypothetical protein		79854906	protein-coding		WP_270402365.1	48	PGS38_RS03915
NZ_JAQEGR010000003.1	100722	101240		plus	PcfB family protein		79854907	protein-coding		WP_270402363.1	172	PGS38_RS03920
NZ_JAQEGR010000003.1	101306	103171		plus	VirD4-like conjugal transfer protein, CD1115 family		79854908	protein-coding		WP_416388405.1	621	PGS38_RS03925
NZ_JAQEGR010000003.1	103448	103660		plus	Maff2 family mobile element protein		79854909	protein-coding		WP_009461698.1	70	PGS38_RS03930
NZ_JAQEGR010000003.1	103683	104555		plus	VirB6/TrbL-like conjugal transfer protein, CD1112 family		79854910	protein-coding		WP_270402361.1	290	PGS38_RS03935
NZ_JAQEGR010000003.1	104569	105177		plus	MT-A70 family methyltransferase		79854911	protein-coding		WP_270402360.1	202	PGS38_RS03940
NZ_JAQEGR010000003.1	105207	105584		plus	PrgI family protein		79854912	protein-coding		WP_270402359.1	125	PGS38_RS03945
NZ_JAQEGR010000003.1	105565	108291		plus	uncharacterized gene		88554243	pseudogene				PGS38_RS17640
NZ_JAQEGR010000003.1	108646	108957		plus	uncharacterized gene		79854914	pseudogene				PGS38_RS03955
NZ_JAQEGR010000003.1	108994	111417		plus	C40 family peptidase		79854915	protein-coding		WP_270402357.1	807	PGS38_RS03960
NZ_JAQEGR010000003.1	111438	111734		plus	DUF4315 family protein		79854916	protein-coding		WP_270402356.1	98	PGS38_RS03965
NZ_JAQEGR010000003.1	111715	112383		plus	CD1107 family mobile element protein		79854917	protein-coding		WP_270402355.1	222	PGS38_RS03970
NZ_JAQEGR010000003.1	112441	114522		plus	type IA DNA topoisomerase		79854918	protein-coding		WP_270402354.1	693	PGS38_RS03975
NZ_JAQEGR010000003.1	114544	122319		plus	N-6 DNA methylase		79854919	protein-coding		WP_270402353.1	2591	PGS38_RS03980
NZ_JAQEGR010000003.1	122374	125037		plus	LPD16 domain-containing protein		79854920	protein-coding		WP_270402352.1	887	PGS38_RS03985
NZ_JAQEGR010000003.1	125068	125904		plus	YodL domain-containing protein		79854921	protein-coding		WP_270402351.1	278	PGS38_RS03990
NZ_JAQEGR010000003.1	125953	126897		minus	hypothetical protein		79854922	protein-coding		WP_270402350.1	314	PGS38_RS03995
NZ_JAQEGR010000003.1	126989	128629		minus	relaxase/mobilization nuclease domain-containing protein		79854923	protein-coding		WP_270402349.1	546	PGS38_RS04000
NZ_JAQEGR010000003.1	128616	129038		minus	plasmid mobilization protein		79854924	protein-coding		WP_270402348.1	140	PGS38_RS04005
NZ_JAQEGR010000003.1	129177	129419		plus	hypothetical protein		79854925	protein-coding		WP_270402347.1	80	PGS38_RS04010
NZ_JAQEGR010000003.1	129930	130058		plus	hypothetical protein		79854926	protein-coding		WP_270402346.1	42	PGS38_RS04015
NZ_JAQEGR010000003.1	130132	131514		plus	radical SAM/SPASM domain-containing protein		79854927	protein-coding		WP_270402345.1	460	PGS38_RS04020
NZ_JAQEGR010000003.1	131531	132733		plus	zinc metalloprotease		79854928	protein-coding		WP_270475953.1	400	PGS38_RS04025
NZ_JAQEGR010000003.1	132687	133427		plus	ABC transporter ATP-binding protein		79854929	protein-coding		WP_270475954.1	246	PGS38_RS04030
NZ_JAQEGR010000003.1	133417	135729		plus	ABC transporter permease family protein		79854930	protein-coding		WP_270402342.1	770	PGS38_RS04035
NZ_JAQEGR010000003.1	135759	136073		plus	hypothetical protein		79854931	protein-coding		WP_270402341.1	104	PGS38_RS04040
NZ_JAQEGR010000003.1	136544	137836		minus	sensor histidine kinase		79854932	protein-coding		WP_270402340.1	430	PGS38_RS04045
NZ_JAQEGR010000003.1	137826	138557		minus	LytR/AlgR family response regulator transcription factor		79854933	protein-coding		WP_270402339.1	243	PGS38_RS04050
NZ_JAQEGR010000003.1	138667	139011		minus	helix-turn-helix domain-containing protein		79854934	protein-coding		WP_270402338.1	114	PGS38_RS04055
NZ_JAQEGR010000003.1	139204	139416		plus	cyclic lactone autoinducer peptide		79854935	protein-coding		WP_270475955.1	70	PGS38_RS04060
NZ_JAQEGR010000003.1	139416	139964		plus	accessory gene regulator B family protein		98633858	protein-coding		WP_270402336.1	182	PGS38_RS17755
NZ_JAQEGR010000003.1	140000	140629		plus	YczE/YyaS/YitT family protein		79854936	protein-coding		WP_270402335.1	209	PGS38_RS04065
NZ_JAQEGR010000003.1	140607	141281		plus	adenine nucleotide alpha hydrolase family protein		79854937	protein-coding		WP_270402334.1	224	PGS38_RS04070
NZ_JAQEGR010000003.1	141298	141696		plus	NUDIX hydrolase		79854938	protein-coding		WP_270402333.1	132	PGS38_RS04075
NZ_JAQEGR010000003.1	141714	142493		plus	HAD-IIB family hydrolase		79854939	protein-coding		WP_270402332.1	259	PGS38_RS04080
NZ_JAQEGR010000003.1	142714	143154		plus	RNA polymerase sigma factor		79854940	protein-coding		WP_270402331.1	146	PGS38_RS04085
NZ_JAQEGR010000003.1	143138	143389		plus	helix-turn-helix domain-containing protein		79854941	protein-coding		WP_270402330.1	83	PGS38_RS04090
NZ_JAQEGR010000003.1	143720	143911		plus	DUF6462 family protein		79854942	protein-coding		WP_270402329.1	63	PGS38_RS04095
NZ_JAQEGR010000003.1	144024	144206		plus	hypothetical protein		79854943	protein-coding		WP_242982012.1	60	PGS38_RS04100
NZ_JAQEGR010000003.1	144240	145481		plus	tyrosine-type recombinase/integrase		79854944	protein-coding		WP_270402328.1	413	PGS38_RS04105
NZ_JAQEGR010000003.1	145652	146134		plus	uncharacterized gene	metG	79854945	pseudogene				PGS38_RS04110
NZ_JAQEGR010000003.1	146361	146864		plus	GNAT family N-acetyltransferase		79854946	protein-coding		WP_022461045.1	167	PGS38_RS04115
NZ_JAQEGR010000003.1	146900	147628		plus	class I SAM-dependent methyltransferase		79854947	protein-coding		WP_055225707.1	242	PGS38_RS04120
NZ_JAQEGR010000003.1	147728	148330		plus	Type 1 glutamine amidotransferase-like domain-containing protein		79854948	protein-coding		WP_270475957.1	200	PGS38_RS04125
NZ_JAQEGR010000003.1	148601	148789		plus	hypothetical protein		79854949	protein-coding		WP_055040005.1	62	PGS38_RS04130
NZ_JAQEGR010000003.1	148894	149607		plus	lantibiotic protection ABC transporter ATP-binding protein		79854950	protein-coding		WP_055225704.1	237	PGS38_RS04135
NZ_JAQEGR010000003.1	149600	150331		plus	lantibiotic immunity ABC transporter MutE/EpiE family permease subunit		79854951	protein-coding		WP_004853398.1	243	PGS38_RS04140
NZ_JAQEGR010000003.1	150333	151073		plus	lantibiotic immunity ABC transporter MutG family permease subunit		79854952	protein-coding		WP_055040007.1	246	PGS38_RS04145
NZ_JAQEGR010000003.1	151088	151750		plus	response regulator transcription factor		79854953	protein-coding		WP_055195474.1	220	PGS38_RS04150
NZ_JAQEGR010000003.1	151738	153114		plus	sensor histidine kinase		79854954	protein-coding		WP_055267396.1	458	PGS38_RS04155
NZ_JAQEGR010000003.1	153227	153322		plus	uncharacterized gene		79854955	pseudogene				PGS38_RS04160
NZ_JAQEGR010000003.1	153631	153846		plus	hypothetical protein		79854956	protein-coding		WP_055221652.1	71	PGS38_RS04165
NZ_JAQEGR010000003.1	153869	154285		plus	hypothetical protein		79854957	protein-coding		WP_055225697.1	138	PGS38_RS04170
NZ_JAQEGR010000003.1	154337	154852		minus	helix-turn-helix domain-containing protein		79854958	protein-coding		WP_055182202.1	171	PGS38_RS04175
NZ_JAQEGR010000003.1	155045	155701		plus	hypothetical protein		79854959	protein-coding		WP_199596441.1	218	PGS38_RS04180
NZ_JAQEGR010000003.1	156437	156646		plus	DUF6219 family protein		79854960	protein-coding		WP_021737557.1	69	PGS38_RS04185
NZ_JAQEGR010000003.1	156650	157105		plus	thioredoxin-dependent thiol peroxidase	bcp	79854961	protein-coding		WP_021737556.1	151	PGS38_RS04190
NZ_JAQEGR010000003.1	157105	157854		plus	peroxide stress protein YaaA	yaaA	79854962	protein-coding		WP_055267392.1	249	PGS38_RS04195
NZ_JAQEGR010000003.1	157982	158389		plus	Fur family transcriptional regulator		79854963	protein-coding		WP_055225693.1	135	PGS38_RS04200
NZ_JAQEGR010000003.1	158382	159014		plus	flavin reductase		79854964	protein-coding		WP_117510121.1	210	PGS38_RS04205
NZ_JAQEGR010000003.1	159020	159139		plus	uncharacterized gene		79854965	pseudogene				PGS38_RS04210
NZ_JAQEGR010000003.1	159162	159875		plus	metallophosphoesterase		79854966	protein-coding		WP_117510120.1	237	PGS38_RS04215
NZ_JAQEGR010000003.1	160103	161464		plus	MATE family efflux transporter		79854967	protein-coding		WP_117761998.1	453	PGS38_RS04220
NZ_JAQEGR010000003.1	161808	163112		plus	substrate-binding domain-containing protein		79854968	protein-coding		WP_055228556.1	434	PGS38_RS04225
NZ_JAQEGR010000003.1	163260	164768		plus	sugar ABC transporter ATP-binding protein		79854969	protein-coding		WP_055228555.1	502	PGS38_RS04230
NZ_JAQEGR010000003.1	164786	166438		plus	galactose/methyl galactoside ABC transporter permease MglC		79854970	protein-coding		WP_055228554.1	550	PGS38_RS04235
NZ_JAQEGR010000003.1	166611	168209		plus	response regulator		79854971	protein-coding		WP_055267740.1	532	PGS38_RS04240
NZ_JAQEGR010000003.1	168296	170131		plus	cache domain-containing sensor histidine kinase		79854972	protein-coding		WP_270475958.1	611	PGS38_RS04245
NZ_JAQEGR010000003.1	170128	171078		plus	substrate-binding domain-containing protein		79854973	protein-coding		WP_055267736.1	316	PGS38_RS04250
NZ_JAQEGR010000003.1	171092	172141		plus	galactose ABC transporter substrate-binding protein		79854974	protein-coding		WP_330427082.1	349	PGS38_RS04255
NZ_JAQEGR010000003.1	172217	172789		plus	DUF6553 family protein		79854975	protein-coding		WP_119188926.1	190	PGS38_RS04260
NZ_JAQEGR010000003.1	172845	173267		plus	PPC domain-containing DNA-binding protein		79854976	protein-coding		WP_119188927.1	140	PGS38_RS04265
NZ_JAQEGR010000003.1	173356	173853		plus	flavodoxin family protein BilS	bilS	79854977	protein-coding		WP_119188913.1	165	PGS38_RS04270
NZ_JAQEGR010000003.1	174024	175397		plus	MATE family efflux transporter		79854978	protein-coding		WP_118666912.1	457	PGS38_RS04275
NZ_JAQEGR010000003.1	175715	176029		plus	helix-turn-helix domain-containing protein		79854979	protein-coding		WP_022461712.1	104	PGS38_RS04280
NZ_JAQEGR010000003.1	176368	177576		plus	RtcB family protein		79854980	protein-coding		WP_118595948.1	402	PGS38_RS04285
NZ_JAQEGR010000003.1	177625	177879		plus	helix-turn-helix domain-containing protein		79854981	protein-coding		WP_117510109.1	84	PGS38_RS04290
NZ_JAQEGR010000003.1	178020	178103		plus	tRNA-Tyr		79854982	tRNA				PGS38_RS04295
NZ_JAQEGR010000003.1	178234	178773		plus	hypothetical protein		79854983	protein-coding		WP_119188915.1	179	PGS38_RS04300
NZ_JAQEGR010000003.1	178782	180167		plus	TrkH family potassium uptake protein		79854984	protein-coding		WP_117801552.1	461	PGS38_RS04305
NZ_JAQEGR010000003.1	180183	180839		plus	potassium channel family protein		79854985	protein-coding		WP_118640769.1	218	PGS38_RS04310
NZ_JAQEGR010000003.1	180851	181621		plus	TrmH family RNA methyltransferase		79854986	protein-coding		WP_055228546.1	256	PGS38_RS04315
NZ_JAQEGR010000003.1	181797	183269		plus	polysaccharide deacetylase		79854987	protein-coding		WP_270475959.1	490	PGS38_RS04320
NZ_JAQEGR010000003.1	183360	185126		minus	DUF885 domain-containing protein		79854988	protein-coding		WP_158583783.1	588	PGS38_RS04325
NZ_JAQEGR010000003.1	185729	189499		plus	prolipoprotein diacylglyceryl transferase		79854989	protein-coding		WP_270475961.1	1256	PGS38_RS04330
NZ_JAQEGR010000003.1	189579	190943		plus	ABC transporter substrate-binding protein		79854990	protein-coding		WP_243104910.1	454	PGS38_RS04335
NZ_JAQEGR010000003.1	191000	192016		plus	FecCD family ABC transporter permease		79854991	protein-coding		WP_117801654.1	338	PGS38_RS04340
NZ_JAQEGR010000003.1	192023	193120		plus	ABC transporter ATP-binding protein		79854992	protein-coding		WP_118640763.1	365	PGS38_RS04345
NZ_JAQEGR010000003.1	193693	194613		minus	thioredoxin-disulfide reductase	trxB	79854993	protein-coding		WP_118601130.1	306	PGS38_RS04350
NZ_JAQEGR010000003.1	194673	195998		minus	hypothetical protein		79854994	protein-coding		WP_118640761.1	441	PGS38_RS04355
NZ_JAQEGR010000003.1	196204	197052		plus	diaminopimelate epimerase	dapF	79854995	protein-coding		WP_022461696.1	282	PGS38_RS04360
NZ_JAQEGR010000003.1	197224	199359		plus	anaerobic ribonucleoside-triphosphate reductase	nrdD	79854996	protein-coding		WP_118640759.1	711	PGS38_RS04365
NZ_JAQEGR010000003.1	199509	200876		minus	MATE family efflux transporter		79854997	protein-coding		WP_118640757.1	455	PGS38_RS04370
NZ_JAQEGR010000003.1	201054	201203		plus	hypothetical protein		79854998	protein-coding		WP_156327623.1	49	PGS38_RS04375
NZ_JAQEGR010000003.1	201414	201486		plus	tRNA-Lys		79854999	tRNA				PGS38_RS04380
NZ_JAQEGR010000003.1	201698	202348		minus	tRNA (guanosine(46)-N7)-methyltransferase TrmB	trmB	79855000	protein-coding		WP_117761983.1	216	PGS38_RS04385
NZ_JAQEGR010000003.1	202763	203074		plus	hypothetical protein		79855001	protein-coding		WP_055220224.1	103	PGS38_RS04390
NZ_JAQEGR010000003.1	203079	204119		plus	V0D/AC39 family V-type ATPase subunit		79855002	protein-coding		WP_022461690.1	346	PGS38_RS04395
NZ_JAQEGR010000003.1	204131	206077		plus	V-type ATP synthase subunit I		79855003	protein-coding		WP_308054128.1	648	PGS38_RS04400
NZ_JAQEGR010000003.1	206205	206639		plus	ATP synthase subunit C		79855004	protein-coding		WP_022461688.1	144	PGS38_RS04405
NZ_JAQEGR010000003.1	206690	206998		plus	V-type ATP synthase subunit F		79855005	protein-coding		WP_055220228.1	102	PGS38_RS04410
NZ_JAQEGR010000003.1	207022	207609		plus	V-type ATP synthase subunit E		79855006	protein-coding		WP_055220230.1	195	PGS38_RS04415
NZ_JAQEGR010000003.1	207602	209368		plus	V-type ATP synthase subunit A		79855007	protein-coding		WP_022461685.1	588	PGS38_RS04420
NZ_JAQEGR010000003.1	209383	210807		plus	V-type ATP synthase subunit B		79855008	protein-coding		WP_022461684.1	474	PGS38_RS04425
NZ_JAQEGR010000003.1	210828	211451		plus	V-type ATP synthase subunit D		79855009	protein-coding		WP_117801544.1	207	PGS38_RS04430
NZ_JAQEGR010000003.1	211682	213448		plus	sulfatase-like hydrolase/transferase		79855010	protein-coding		WP_117801543.1	588	PGS38_RS04435
NZ_JAQEGR010000003.1	213567	215231		minus	extracellular solute-binding protein		79855011	protein-coding		WP_055267699.1	554	PGS38_RS04440
NZ_JAQEGR010000003.1	215473	217749		plus	helix-turn-helix transcriptional regulator		79855012	protein-coding		WP_158579602.1	758	PGS38_RS04445
NZ_JAQEGR010000003.1	217894	218817		plus	ABC transporter permease		79855013	protein-coding		WP_055267750.1	307	PGS38_RS04450
NZ_JAQEGR010000003.1	218829	219722		plus	carbohydrate ABC transporter permease		79855014	protein-coding		WP_117801541.1	297	PGS38_RS04455
NZ_JAQEGR010000003.1	219734	221242		plus	carboxylesterase/lipase family protein		79855015	protein-coding		WP_055267694.1	502	PGS38_RS04460
NZ_JAQEGR010000003.1	221481	223166		plus	formate--tetrahydrofolate ligase		79855016	protein-coding		WP_055267749.1	561	PGS38_RS04465
NZ_JAQEGR010000003.1	223354	226098		plus	hypothetical protein		79855017	protein-coding		WP_118640753.1	914	PGS38_RS04470
NZ_JAQEGR010000003.1	226264	227334		plus	BMP family ABC transporter substrate-binding protein		79855018	protein-coding		WP_147398502.1	356	PGS38_RS04475
NZ_JAQEGR010000003.1	227532	228887		plus	C40 family peptidase		79855019	protein-coding		WP_117510092.1	451	PGS38_RS04480
NZ_JAQEGR010000003.1	229128	229829		plus	hypothetical protein		79855020	protein-coding		WP_173816457.1	233	PGS38_RS04485
NZ_JAQEGR010000003.1	230124	230843		plus	GntR family transcriptional regulator		79855021	protein-coding		WP_055220242.1	239	PGS38_RS04490
NZ_JAQEGR010000003.1	230840	231526		plus	deoxyribose-phosphate aldolase	deoC	79855022	protein-coding		WP_055220244.1	228	PGS38_RS04495
NZ_JAQEGR010000003.1	231670	232731		plus	NAD(P)-dependent alcohol dehydrogenase		79855023	protein-coding		WP_022461674.1	353	PGS38_RS04500
NZ_JAQEGR010000003.1	232764	233708		plus	CobW family GTP-binding protein		79855024	protein-coding		WP_055267686.1	314	PGS38_RS04505
NZ_JAQEGR010000003.1	233880	234962		plus	hypothetical protein		79855025	protein-coding		WP_117510090.1	360	PGS38_RS04510
NZ_JAQEGR010000003.1	235155	237761		plus	ATP-dependent chaperone ClpB	clpB	79855026	protein-coding		WP_117510089.1	868	PGS38_RS04515
NZ_JAQEGR010000003.1	237758	237931		plus	DUF4250 domain-containing protein		79855027	protein-coding		WP_022461670.1	57	PGS38_RS04520
NZ_JAQEGR010000003.1	238138	239778		plus	TIM barrel protein		79855028	protein-coding		WP_158555011.1	546	PGS38_RS04525
NZ_JAQEGR010000003.1	239991	242258		plus	hypothetical protein		79855029	protein-coding		WP_118601126.1	755	PGS38_RS04530
NZ_JAQEGR010000004.1	90	161		plus	tRNA-Glu		79855030	tRNA				PGS38_RS04535
NZ_JAQEGR010000004.1	188	260		plus	tRNA-Thr		79855031	tRNA				PGS38_RS04540
NZ_JAQEGR010000004.1	265	338		plus	tRNA-Ile		79855032	tRNA				PGS38_RS04545
NZ_JAQEGR010000004.1	373	446		plus	tRNA-Asp		79855033	tRNA				PGS38_RS04550
NZ_JAQEGR010000004.1	567	1184		minus	flavodoxin family protein		79855034	protein-coding		WP_118640321.1	205	PGS38_RS04555
NZ_JAQEGR010000004.1	1344	4676		plus	alpha-L-rhamnosidase		79855035	protein-coding		WP_270475972.1	1110	PGS38_RS04560
NZ_JAQEGR010000004.1	4781	5155		minus	metal-dependent transcriptional regulator		79855036	protein-coding		WP_055221737.1	124	PGS38_RS04565
NZ_JAQEGR010000004.1	5377	6585		plus	serine hydrolase domain-containing protein		79855037	protein-coding		WP_243002049.1	402	PGS38_RS04570
NZ_JAQEGR010000004.1	6918	7145		plus	HPr family phosphocarrier protein		79855038	protein-coding		WP_147326098.1	75	PGS38_RS04575
NZ_JAQEGR010000004.1	7332	10598		plus	3'-5' exonuclease		79855039	protein-coding		WP_243002047.1	1088	PGS38_RS04580
NZ_JAQEGR010000004.1	10615	12804		plus	DNA topoisomerase III		79855040	protein-coding		WP_117804774.1	729	PGS38_RS04585
NZ_JAQEGR010000004.1	12981	15191		plus	beta-glucosidase BglX	bglX	79855041	protein-coding		WP_270475973.1	736	PGS38_RS04590
NZ_JAQEGR010000004.1	15218	17467		plus	glycoside hydrolase family 3 protein		79855042	protein-coding		WP_270475974.1	749	PGS38_RS04595
NZ_JAQEGR010000004.1	17562	20615		plus	glycoside hydrolase family 2 TIM barrel-domain containing protein		79855043	protein-coding		WP_270475976.1	1017	PGS38_RS04600
NZ_JAQEGR010000004.1	20816	21424		plus	hydrolase		79855044	protein-coding		WP_270475977.1	202	PGS38_RS04605
NZ_JAQEGR010000004.1	21472	22161		minus	DUF6198 family protein		79855045	protein-coding		WP_022462419.1	229	PGS38_RS04610
NZ_JAQEGR010000004.1	22328	23182		plus	LysR family transcriptional regulator		79855046	protein-coding		WP_022462418.1	284	PGS38_RS04615
NZ_JAQEGR010000004.1	23243	23575		plus	helix-turn-helix domain-containing protein		79855047	protein-coding		WP_022462417.1	110	PGS38_RS04620
NZ_JAQEGR010000004.1	23577	24665		plus	hypothetical protein		79855048	protein-coding		WP_022462416.1	362	PGS38_RS04625
NZ_JAQEGR010000004.1	24845	25834		plus	helix-turn-helix domain-containing protein		79855049	protein-coding		WP_117802020.1	329	PGS38_RS04630
NZ_JAQEGR010000004.1	25928	27214		plus	amidohydrolase family protein		79855050	protein-coding		WP_270475978.1	428	PGS38_RS04635
NZ_JAQEGR010000004.1	27241	27690		plus	hypothetical protein		79855051	protein-coding		WP_243001876.1	149	PGS38_RS04640
NZ_JAQEGR010000004.1	28193	30130		plus	threonine--tRNA ligase	thrS	79855052	protein-coding		WP_270475979.1	645	PGS38_RS04645
NZ_JAQEGR010000004.1	30424	30747		plus	DUF1540 domain-containing protein		79855053	protein-coding		WP_055266509.1	107	PGS38_RS04650
NZ_JAQEGR010000004.1	31056	31550		plus	translation initiation factor IF-3	infC	79855054	protein-coding		WP_022461743.1	164	PGS38_RS04655
NZ_JAQEGR010000004.1	31586	31783		plus	50S ribosomal protein L35	rpmI	79855055	protein-coding		WP_022461742.1	65	PGS38_RS04660
NZ_JAQEGR010000004.1	31833	32189		plus	50S ribosomal protein L20	rplT	79855056	protein-coding		WP_022461741.1	118	PGS38_RS04665
NZ_JAQEGR010000004.1	32285	33436		plus	DUF362 domain-containing protein		79855057	protein-coding		WP_270475980.1	383	PGS38_RS04670
NZ_JAQEGR010000004.1	33526	33963		plus	GatB/YqeY domain-containing protein		79855058	protein-coding		WP_055221697.1	145	PGS38_RS04675
NZ_JAQEGR010000004.1	33960	35774		plus	ABC-F family ATP-binding cassette domain-containing protein		79855059	protein-coding		WP_270475981.1	604	PGS38_RS04680
NZ_JAQEGR010000004.1	36080	39631		plus	pyruvate:ferredoxin (flavodoxin) oxidoreductase	nifJ	79855060	protein-coding		WP_270475983.1	1183	PGS38_RS04685
NZ_JAQEGR010000004.1	39870	40310		plus	DUF4869 domain-containing protein		79855061	protein-coding		WP_055227895.1	146	PGS38_RS04690
NZ_JAQEGR010000004.1	40319	41296		plus	hypothetical protein		79855062	protein-coding		WP_055227896.1	325	PGS38_RS04695
NZ_JAQEGR010000004.1	41327	42634		plus	putative ABC transporter permease		79855063	protein-coding		WP_270475984.1	435	PGS38_RS04700
NZ_JAQEGR010000004.1	42861	43826		plus	SseB family protein		79855064	protein-coding		WP_158568537.1	321	PGS38_RS04705
NZ_JAQEGR010000004.1	43931	46846		plus	insulinase family protein		79855065	protein-coding		WP_270475985.1	971	PGS38_RS04710
NZ_JAQEGR010000004.1	46866	47783		plus	GTPase Era	era	79855066	protein-coding		WP_117509404.1	305	PGS38_RS04715
NZ_JAQEGR010000004.1	47809	48552		plus	DNA repair protein RecO	recO	79855067	protein-coding		WP_117509403.1	247	PGS38_RS04720
NZ_JAQEGR010000004.1	48817	50259		plus	sugar transferase		79855068	protein-coding		WP_117509402.1	480	PGS38_RS04725
NZ_JAQEGR010000004.1	50669	52447		plus	phosphotransferase		79855069	protein-coding		WP_117760618.1	592	PGS38_RS04730
NZ_JAQEGR010000004.1	52435	53166		plus	NTP transferase domain-containing protein		79855070	protein-coding		WP_118640329.1	243	PGS38_RS04735
NZ_JAQEGR010000004.1	53156	54724		plus	BCCT family transporter		79855071	protein-coding		WP_055227905.1	522	PGS38_RS04740
NZ_JAQEGR010000004.1	54696	55043		plus	hypothetical protein		79855072	protein-coding		WP_055227906.1	115	PGS38_RS04745
NZ_JAQEGR010000004.1	55172	56608		plus	lipopolysaccharide biosynthesis protein		79855073	protein-coding		WP_158581772.1	478	PGS38_RS04750
NZ_JAQEGR010000004.1	56747	57946		plus	PP-loop family protein		79855074	protein-coding		WP_118640332.1	399	PGS38_RS04755
NZ_JAQEGR010000004.1	57946	58200		plus	helix-turn-helix domain-containing protein		79855075	protein-coding		WP_022462342.1	84	PGS38_RS04760
NZ_JAQEGR010000004.1	58206	58778		plus	VanZ family protein		79855076	protein-coding		WP_117509397.1	190	PGS38_RS04765
NZ_JAQEGR010000004.1	58854	59741		minus	DegV family protein		79855077	protein-coding		WP_118640333.1	295	PGS38_RS04770
NZ_JAQEGR010000004.1	59948	60724		plus	uridine phosphorylase	udp	79855078	protein-coding		WP_055220432.1	258	PGS38_RS04775
NZ_JAQEGR010000004.1	60766	61197		plus	cytidine deaminase		79855079	protein-coding		WP_117760908.1	143	PGS38_RS04780
NZ_JAQEGR010000004.1	61284	62744		minus	DUF1846 domain-containing protein		79855080	protein-coding		WP_118640334.1	486	PGS38_RS04785
NZ_JAQEGR010000004.1	63321	63932		plus	DedA family protein		79855081	protein-coding		WP_118640377.1	203	PGS38_RS04790
NZ_JAQEGR010000004.1	64252	64671		plus	hypothetical protein		79855082	protein-coding		WP_118640335.1	139	PGS38_RS04795
NZ_JAQEGR010000004.1	64879	65574		plus	tRNA (N6-threonylcarbamoyladenosine(37)-N6)-methyltransferase TrmO	tsaA	79855083	protein-coding		WP_118640336.1	231	PGS38_RS04800
NZ_JAQEGR010000004.1	65689	65829		plus	uncharacterized gene		79855084	pseudogene				PGS38_RS04805
NZ_JAQEGR010000004.1	65850	66509		plus	YkgJ family cysteine cluster protein		79855085	protein-coding		WP_118640337.1	219	PGS38_RS04810
NZ_JAQEGR010000004.1	66620	67018		minus	LytTR family DNA-binding domain-containing protein		79855086	protein-coding		WP_158565867.1	132	PGS38_RS04815
NZ_JAQEGR010000004.1	67441	67881		plus	hypothetical protein		79855087	protein-coding		WP_147399293.1	146	PGS38_RS04820
NZ_JAQEGR010000004.1	67945	69057		plus	uncharacterized gene		79855088	pseudogene				PGS38_RS04825
NZ_JAQEGR010000004.1	69020	69808		plus	tyrosine-protein phosphatase		79855089	protein-coding		WP_118640339.1	262	PGS38_RS04830
NZ_JAQEGR010000004.1	69835	70710		plus	immunoglobulin-like domain-containing protein		79855090	protein-coding		WP_118640340.1	291	PGS38_RS04835
NZ_JAQEGR010000004.1	70722	72125		plus	polysaccharide biosynthesis tyrosine autokinase		79855091	protein-coding		WP_158576263.1	467	PGS38_RS04840
NZ_JAQEGR010000004.1	72142	73644		plus	polysaccharide biosynthesis tyrosine autokinase		79855092	protein-coding		WP_158576264.1	500	PGS38_RS04845
NZ_JAQEGR010000004.1	73641	74264		plus	sugar transferase		79855093	protein-coding		WP_118640343.1	207	PGS38_RS04850
NZ_JAQEGR010000004.1	74445	75545		plus	glycosyltransferase family 4 protein		79855094	protein-coding		WP_118640344.1	366	PGS38_RS04855
NZ_JAQEGR010000004.1	75664	76680		plus	EpsG family protein		79855095	protein-coding		WP_158579550.1	338	PGS38_RS04860
NZ_JAQEGR010000004.1	76677	77507		plus	glycosyltransferase family 2 protein		79855096	protein-coding		WP_118600897.1	276	PGS38_RS04865
NZ_JAQEGR010000004.1	77534	78232		plus	glycosyltransferase family 32 protein		79855097	protein-coding		WP_199671268.1	232	PGS38_RS04870
NZ_JAQEGR010000004.1	78229	79428		plus	glycosyltransferase		79855098	protein-coding		WP_118600895.1	399	PGS38_RS04875
NZ_JAQEGR010000004.1	79431	80537		plus	polysaccharide pyruvyl transferase family protein		79855099	protein-coding		WP_118600894.1	368	PGS38_RS04880
NZ_JAQEGR010000004.1	80530	81546		plus	glycosyltransferase family 2 protein		79855100	protein-coding		WP_055220466.1	338	PGS38_RS04885
NZ_JAQEGR010000004.1	81560	82630		plus	glycosyltransferase family 2 protein		79855101	protein-coding		WP_118600893.1	356	PGS38_RS04890
NZ_JAQEGR010000004.1	82627	83406		plus	glycosyltransferase family 32 protein		79855102	protein-coding		WP_118600892.1	259	PGS38_RS04895
NZ_JAQEGR010000004.1	83410	84402		plus	glycosyltransferase family 2 protein		79855103	protein-coding		WP_118640345.1	330	PGS38_RS04900
NZ_JAQEGR010000004.1	84389	85540		plus	glycosyltransferase WbsX family protein		79855104	protein-coding		WP_118600890.1	383	PGS38_RS04905
NZ_JAQEGR010000004.1	85553	86764		plus	Coenzyme F420 hydrogenase/dehydrogenase, beta subunit C-terminal domain		79855105	protein-coding		WP_118600889.1	403	PGS38_RS04910
NZ_JAQEGR010000004.1	86781	87650		plus	ABC transporter permease		79855106	protein-coding		WP_118600888.1	289	PGS38_RS04915
NZ_JAQEGR010000004.1	87661	88956		plus	ABC transporter ATP-binding protein		79855107	protein-coding		WP_117804738.1	431	PGS38_RS04920
NZ_JAQEGR010000004.1	88946	89734		plus	glycosyltransferase family 32 protein		79855108	protein-coding		WP_118640346.1	262	PGS38_RS04925
NZ_JAQEGR010000004.1	89721	90731		plus	glycosyltransferase family 2 protein		79855109	protein-coding		WP_118640347.1	336	PGS38_RS04930
NZ_JAQEGR010000004.1	90808	91650		plus	metallophosphoesterase		79855110	protein-coding		WP_158583742.1	280	PGS38_RS04935
NZ_JAQEGR010000004.1	91715	91906		minus	hypothetical protein		79855111	protein-coding		WP_022461561.1	63	PGS38_RS04940
NZ_JAQEGR010000004.1	91906	93036		minus	glycoside hydrolase family 27 protein		79855112	protein-coding		WP_118640349.1	376	PGS38_RS04945
NZ_JAQEGR010000004.1	93167	93970		plus	AraC family transcriptional regulator		79855113	protein-coding		WP_117509373.1	267	PGS38_RS04950
NZ_JAQEGR010000004.1	93981	94766		minus	RNA polymerase sporulation sigma factor SigG	sigG	79855114	protein-coding		WP_055220491.1	261	PGS38_RS04955
NZ_JAQEGR010000004.1	94987	95502		plus	transcription repressor NadR		79855115	protein-coding		WP_055220692.1	171	PGS38_RS04960
NZ_JAQEGR010000004.1	95656	95729		plus	tRNA-Arg		79855116	tRNA				PGS38_RS04965
NZ_JAQEGR010000004.1	95930	97432		plus	alpha-N-arabinofuranosidase		79855117	protein-coding		WP_118595035.1	500	PGS38_RS04970
NZ_JAQEGR010000004.1	97494	97748		plus	DUF6171 family protein		79855118	protein-coding		WP_117813736.1	84	PGS38_RS04975
NZ_JAQEGR010000004.1	97807	99153		minus	MATE family efflux transporter		79855119	protein-coding		WP_118640350.1	448	PGS38_RS04980
NZ_JAQEGR010000004.1	99338	100177		plus	MerR family transcriptional regulator		79855120	protein-coding		WP_055227940.1	279	PGS38_RS04985
NZ_JAQEGR010000004.1	100326	101348		plus	dTDP-glucose 4,6-dehydratase	rfbB	79855121	protein-coding		WP_022461570.1	340	PGS38_RS04990
NZ_JAQEGR010000004.1	101408	102589		plus	MerR family transcriptional regulator		79855122	protein-coding		WP_118640351.1	393	PGS38_RS04995
NZ_JAQEGR010000004.1	102779	103507		plus	CpsB/CapC family capsule biosynthesis tyrosine phosphatase		79855123	protein-coding		WP_055227942.1	242	PGS38_RS05000
NZ_JAQEGR010000004.1	103527	104270		plus	YveK family protein		79855124	protein-coding		WP_055228010.1	247	PGS38_RS05005
NZ_JAQEGR010000004.1	104286	104987		plus	polysaccharide biosynthesis tyrosine autokinase		79855125	protein-coding		WP_055227943.1	233	PGS38_RS05010
NZ_JAQEGR010000004.1	104993	105727		plus	immunoglobulin-like domain-containing protein		79855126	protein-coding		WP_118640352.1	244	PGS38_RS05015
NZ_JAQEGR010000004.1	105918	106703		plus	selenium cofactor biosynthesis protein YqeC	yqeC	79855127	protein-coding		WP_118640353.1	261	PGS38_RS05020
NZ_JAQEGR010000004.1	106729	107217		plus	cyclic pyranopterin monophosphate synthase MoaC	moaC	79855128	protein-coding		WP_022462471.1	162	PGS38_RS05025
NZ_JAQEGR010000004.1	107221	107736		plus	MogA/MoaB family molybdenum cofactor biosynthesis protein		79855129	protein-coding		WP_117804729.1	171	PGS38_RS05030
NZ_JAQEGR010000004.1	107758	108801		plus	selenide, water dikinase SelD	selD	79855130	protein-coding		WP_055220516.1	347	PGS38_RS05035
NZ_JAQEGR010000004.1	108828	109442		plus	sulfurtransferase-like selenium metabolism protein YedF	yedF	79855131	protein-coding		WP_082424948.1	204	PGS38_RS05040
NZ_JAQEGR010000004.1	109439	110587		plus	aminotransferase class V-fold PLP-dependent enzyme		79855132	protein-coding		WP_117509365.1	382	PGS38_RS05045
NZ_JAQEGR010000004.1	110645	110881		plus	putative Se/S carrier protein		79855133	protein-coding		WP_022462466.1	78	PGS38_RS05050
NZ_JAQEGR010000004.1	110897	111268		plus	winged helix-turn-helix domain-containing protein		79855134	protein-coding		WP_055227948.1	123	PGS38_RS05055
NZ_JAQEGR010000004.1	111420	112265		plus	selenium-dependent molybdenum cofactor biosynthesis protein YqeB	yqeB	79855135	protein-coding		WP_117802061.1	281	PGS38_RS05060
NZ_JAQEGR010000004.1	112295	113320		plus	molybdopterin-binding protein		79855136	protein-coding		WP_117802062.1	341	PGS38_RS05065
NZ_JAQEGR010000004.1	113324	114295		plus	GTP 3',8-cyclase MoaA	moaA	79855137	protein-coding		WP_119188494.1	323	PGS38_RS05070
NZ_JAQEGR010000004.1	114333	114770		plus	MOSC domain-containing protein		79855138	protein-coding		WP_022462461.1	145	PGS38_RS05075
NZ_JAQEGR010000004.1	114800	115822		plus	XdhC family protein		79855139	protein-coding		WP_055266414.1	340	PGS38_RS05080
NZ_JAQEGR010000004.1	115849	116796		plus	molybdate ABC transporter substrate-binding protein	modA	79855140	protein-coding		WP_118595025.1	315	PGS38_RS05085
NZ_JAQEGR010000004.1	116950	117654		plus	molybdate ABC transporter permease subunit	modB	79855141	protein-coding		WP_118595023.1	234	PGS38_RS05090
NZ_JAQEGR010000004.1	117665	118708		plus	sulfate/molybdate ABC transporter ATP-binding protein		79855142	protein-coding		WP_118595021.1	347	PGS38_RS05095
NZ_JAQEGR010000004.1	118800	120173		minus	sodium-dependent transporter		79855143	protein-coding		WP_118595019.1	457	PGS38_RS05100
NZ_JAQEGR010000004.1	120298	121374		minus	NAD(P)H-dependent flavin oxidoreductase		79855144	protein-coding		WP_118640359.1	358	PGS38_RS05105
NZ_JAQEGR010000004.1	121628	122206		plus	nitroreductase family protein		79855145	protein-coding		WP_118640360.1	192	PGS38_RS05110
NZ_JAQEGR010000004.1	122618	125215		plus	alpha-L-rhamnosidase		79855146	protein-coding		WP_118640378.1	865	PGS38_RS05115
NZ_JAQEGR010000004.1	125464	125748		plus	AtpZ/AtpI family protein		79855147	protein-coding		WP_055220696.1	94	PGS38_RS05120
NZ_JAQEGR010000004.1	125853	126275		plus	hypothetical protein		79855148	protein-coding		WP_055227959.1	140	PGS38_RS05125
NZ_JAQEGR010000004.1	126442	127203		plus	F0F1 ATP synthase subunit A		79855149	protein-coding		WP_022462450.1	253	PGS38_RS05130
NZ_JAQEGR010000004.1	127254	127532		plus	ATP synthase F0 subunit C	atpE	79855150	protein-coding		WP_022462449.1	92	PGS38_RS05135
NZ_JAQEGR010000004.1	127570	128073		plus	F0F1 ATP synthase subunit B	atpF	79855151	protein-coding		WP_022462448.1	167	PGS38_RS05140
NZ_JAQEGR010000004.1	128070	128609		plus	ATP synthase F1 subunit delta	atpH	79855152	protein-coding		WP_270476001.1	179	PGS38_RS05145
NZ_JAQEGR010000004.1	128619	130148		plus	F0F1 ATP synthase subunit alpha	atpA	79855153	protein-coding		WP_055220549.1	509	PGS38_RS05150
NZ_JAQEGR010000004.1	130167	131033		plus	ATP synthase F1 subunit gamma	atpG	79855154	protein-coding		WP_055220552.1	288	PGS38_RS05155
NZ_JAQEGR010000004.1	131069	132469		plus	F0F1 ATP synthase subunit beta	atpD	79855155	protein-coding		WP_022462236.1	466	PGS38_RS05160
NZ_JAQEGR010000004.1	132484	132885		plus	ATP synthase F1 subunit epsilon	atpC	79855156	protein-coding		WP_022462237.1	133	PGS38_RS05165
NZ_JAQEGR010000004.1	132960	134357		minus	Na+/H+ antiporter NhaC family protein		79855157	protein-coding		WP_119188495.1	465	PGS38_RS05170
NZ_JAQEGR010000004.1	134436	135314		minus	N-carbamoylputrescine amidase	aguB	79855158	protein-coding		WP_119188496.1	292	PGS38_RS05175
NZ_JAQEGR010000004.1	135311	136441		minus	agmatine deiminase	aguA	79855159	protein-coding		WP_119188497.1	376	PGS38_RS05180
NZ_JAQEGR010000004.1	136413	137546		minus	carboxynorspermidine decarboxylase	nspC	79855160	protein-coding		WP_270476003.1	377	PGS38_RS05185
NZ_JAQEGR010000004.1	137551	138810		minus	saccharopine dehydrogenase family protein		79855161	protein-coding		WP_022462242.1	419	PGS38_RS05190
NZ_JAQEGR010000004.1	139281	139811		minus	GNAT family N-acetyltransferase		79855162	protein-coding		WP_022462243.1	176	PGS38_RS05195
NZ_JAQEGR010000004.1	139814	140332		minus	peptidylprolyl isomerase		79855163	protein-coding		WP_055227969.1	172	PGS38_RS05200
NZ_JAQEGR010000004.1	140481	141689		minus	aspartate kinase		79855164	protein-coding		WP_117509349.1	402	PGS38_RS05205
NZ_JAQEGR010000004.1	141935	142354		plus	tRNA (adenosine(37)-N6)-threonylcarbamoyltransferase complex ATPase subunit type 1 TsaE	tsaE	79855165	protein-coding		WP_022462246.1	139	PGS38_RS05210
NZ_JAQEGR010000004.1	142472	143224		plus	tRNA (adenosine(37)-N6)-threonylcarbamoyltransferase complex dimerization subunit type 1 TsaB	tsaB	79855166	protein-coding		WP_117804712.1	250	PGS38_RS05215
NZ_JAQEGR010000004.1	143221	143676		plus	ribosomal protein S18-alanine N-acetyltransferase	rimI	79855167	protein-coding		WP_179965869.1	151	PGS38_RS05220
NZ_JAQEGR010000004.1	143845	144087		plus	hypothetical protein		79855168	protein-coding		WP_022462249.1	80	PGS38_RS05225
NZ_JAQEGR010000004.1	144134	145132		plus	alpha/beta fold hydrolase		79855169	protein-coding		WP_119188500.1	332	PGS38_RS05230
NZ_JAQEGR010000004.1	145206	146294		minus	MFS transporter		79855170	protein-coding		WP_118697651.1	362	PGS38_RS05235
NZ_JAQEGR010000004.1	146653	147789		plus	aldo/keto reductase		79855171	protein-coding		WP_243108917.1	378	PGS38_RS05240
NZ_JAQEGR010000004.1	148180	149136		plus	substrate-binding domain-containing protein		79855172	protein-coding		WP_118697652.1	318	PGS38_RS05245
NZ_JAQEGR010000004.1	149326	150180		plus	phosphate ABC transporter permease subunit PstC	pstC	79855173	protein-coding		WP_442859837.1	284	PGS38_RS05250
NZ_JAQEGR010000004.1	150170	151072		plus	phosphate ABC transporter permease PstA	pstA	79855174	protein-coding		WP_242857201.1	300	PGS38_RS05255
NZ_JAQEGR010000004.1	151093	151845		plus	phosphate ABC transporter ATP-binding protein PstB	pstB	79855175	protein-coding		WP_022462256.1	250	PGS38_RS05260
NZ_JAQEGR010000004.1	151847	152491		plus	phosphate signaling complex protein PhoU	phoU	79855176	protein-coding		WP_117804708.1	214	PGS38_RS05265
NZ_JAQEGR010000004.1	152495	153166		plus	winged helix-turn-helix domain-containing protein		79855177	protein-coding		WP_022462258.1	223	PGS38_RS05270
NZ_JAQEGR010000004.1	153176	154834		plus	sensor histidine kinase		79855178	protein-coding		WP_118594997.1	552	PGS38_RS05275
NZ_JAQEGR010000004.1	155274	156755		plus	4-alpha-glucanotransferase	malQ	79855179	protein-coding		WP_118594995.1	493	PGS38_RS05280
NZ_JAQEGR010000004.1	156854	157888		plus	LacI family DNA-binding transcriptional regulator		79855180	protein-coding		WP_055227979.1	344	PGS38_RS05285
NZ_JAQEGR010000004.1	158057	160321		plus	glycogen/starch/alpha-glucan phosphorylase		79855181	protein-coding		WP_055227980.1	754	PGS38_RS05290
NZ_JAQEGR010000004.1	160395	161228		minus	hypothetical protein		79855182	protein-coding		WP_118594993.1	277	PGS38_RS05295
NZ_JAQEGR010000004.1	161222	161920		minus	ATP-binding cassette domain-containing protein		79855183	protein-coding		WP_118594992.1	232	PGS38_RS05300
NZ_JAQEGR010000004.1	161913	162290		minus	GntR family transcriptional regulator		79855184	protein-coding		WP_118594990.1	125	PGS38_RS05305
NZ_JAQEGR010000004.1	162494	164305		plus	oligoendopeptidase F	pepF	79855185	protein-coding		WP_118594989.1	603	PGS38_RS05310
NZ_JAQEGR010000004.1	164598	165362		plus	nitroreductase family protein		79855186	protein-coding		WP_022462268.1	254	PGS38_RS05315
NZ_JAQEGR010000004.1	166045	166116		plus	tRNA-Gly		79855187	tRNA				PGS38_RS05320
NZ_JAQEGR010000004.1	166638	167165		plus	flavin reductase		79855188	protein-coding		WP_117509337.1	175	PGS38_RS05325
NZ_JAQEGR010000004.1	167470	168657		minus	MFS transporter		79855190	protein-coding		WP_119188502.1	395	PGS38_RS05335
NZ_JAQEGR010000004.1	169026	170438		plus	amidophosphoribosyltransferase		79855191	protein-coding		WP_055227987.1	470	PGS38_RS05340
NZ_JAQEGR010000004.1	170545	172107		plus	response regulator transcription factor		79855192	protein-coding		WP_117804703.1	520	PGS38_RS05345
NZ_JAQEGR010000004.1	172361	173302		plus	ABC transporter permease		79855193	protein-coding		WP_243104862.1	313	PGS38_RS05350
NZ_JAQEGR010000004.1	173341	174252		plus	carbohydrate ABC transporter permease		79855194	protein-coding		WP_119188503.1	303	PGS38_RS05355
NZ_JAQEGR010000004.1	174308	175978		plus	type 2 periplasmic-binding domain-containing protein		79855195	protein-coding		WP_158554970.1	556	PGS38_RS05360
NZ_JAQEGR010000004.1	176106	178151		plus	glycoside hydrolase family 31 protein		79855196	protein-coding		WP_117760707.1	681	PGS38_RS05365
NZ_JAQEGR010000004.1	178388	180139		plus	sensor histidine kinase		79855197	protein-coding		WP_118600861.1	583	PGS38_RS05370
NZ_JAQEGR010000004.1	180283	182235		minus	glycoside hydrolase family 31 protein		79855198	protein-coding		WP_022462406.1	650	PGS38_RS05375
NZ_JAQEGR010000004.1	182387	183295		minus	AraC family transcriptional regulator		79855199	protein-coding		WP_022462407.1	302	PGS38_RS05380
NZ_JAQEGR010000004.1	183426	183773		plus	MATE family efflux transporter		79855200	protein-coding		WP_022462408.1	115	PGS38_RS05385
NZ_JAQEGR010000004.1	183770	184390		plus	sugar O-acetyltransferase		79855201	protein-coding		WP_022462409.1	206	PGS38_RS05390
NZ_JAQEGR010000004.1	184561	184633		minus	tRNA-Phe		79855202	tRNA				PGS38_RS05395
NZ_JAQEGR010000004.1	184814	186565		plus	B12-binding domain-containing radical SAM protein		79855203	protein-coding		WP_118640371.1	583	PGS38_RS05400
NZ_JAQEGR010000004.1	186607	187344		plus	3'-5' exonuclease		79855204	protein-coding		WP_055220616.1	245	PGS38_RS05405
NZ_JAQEGR010000004.1	187369	187527		plus	hypothetical protein		79855205	protein-coding		WP_022462412.1	52	PGS38_RS05410
NZ_JAQEGR010000004.1	187583	189136		plus	VanW family protein		79855206	protein-coding		WP_118600860.1	517	PGS38_RS05415
NZ_JAQEGR010000004.1	189272	190252		plus	AIR synthase-related protein		79855207	protein-coding		WP_118666573.1	326	PGS38_RS05420
NZ_JAQEGR010000004.1	190285	190785		plus	tRNA (uridine(34)/cytosine(34)/5-carboxymethylaminomethyluridine(34)-2'-O)-methyltransferase TrmL	trmL	79855208	protein-coding		WP_117802093.1	166	PGS38_RS05425
NZ_JAQEGR010000004.1	190828	191319		minus	CinA family protein		79855209	protein-coding		WP_022461605.1	163	PGS38_RS05430
NZ_JAQEGR010000004.1	191383	192801		minus	sensor histidine kinase		79855210	protein-coding		WP_022461606.1	472	PGS38_RS05435
NZ_JAQEGR010000004.1	192801	193505		minus	response regulator transcription factor		79855211	protein-coding		WP_022461607.1	234	PGS38_RS05440
NZ_JAQEGR010000004.1	193580	195955		minus	endonuclease MutS2		79855212	protein-coding		WP_119188508.1	791	PGS38_RS05445
NZ_JAQEGR010000004.1	196457	197911		plus	S1C family serine protease		79855213	protein-coding		WP_270476010.1	484	PGS38_RS05450
NZ_JAQEGR010000004.1	198149	199099		plus	3'-5' exoribonuclease YhaM family protein		79855214	protein-coding		WP_118640379.1	316	PGS38_RS05455
NZ_JAQEGR010000004.1	199096	200484		plus	23S rRNA (uracil(1939)-C(5))-methyltransferase RlmD	rlmD	79855215	protein-coding		WP_118640372.1	462	PGS38_RS05460
NZ_JAQEGR010000004.1	200881	201174		plus	ParB N-terminal domain-containing protein		79855216	protein-coding		WP_055267517.1	97	PGS38_RS05465
NZ_JAQEGR010000004.1	201604	201867		plus	hypothetical protein		79855217	protein-coding		WP_055267519.1	87	PGS38_RS05470
NZ_JAQEGR010000004.1	202282	202518		plus	hypothetical protein		79855218	protein-coding		WP_118700810.1	78	PGS38_RS05475
NZ_JAQEGR010000004.1	202609	203151		plus	uncharacterized gene	rhaD	79855219	pseudogene				PGS38_RS05480
NZ_JAQEGR010000004.1	203160	204197		minus	AraC family transcriptional regulator		79855220	protein-coding		WP_158565064.1	345	PGS38_RS05485
NZ_JAQEGR010000004.1	204412	205503		plus	alpha/beta hydrolase		79855221	protein-coding		WP_055267525.1	363	PGS38_RS05490
NZ_JAQEGR010000004.1	205539	207791		plus	glycoside hydrolase family 3 C-terminal domain-containing protein		79855222	protein-coding		WP_117802661.1	750	PGS38_RS05495
NZ_JAQEGR010000004.1	207854	210649		plus	alpha-L-rhamnosidase		79855223	protein-coding		WP_118594967.1	931	PGS38_RS05500
NZ_JAQEGR010000004.1	210664	213294		plus	family 78 glycoside hydrolase catalytic domain		79855224	protein-coding		WP_117813817.1	876	PGS38_RS05505
NZ_JAQEGR010000004.1	213400	214212		plus	SGNH/GDSL hydrolase family protein		79855225	protein-coding		WP_227093632.1	270	PGS38_RS05510
NZ_JAQEGR010000004.1	214268	215692		plus	MFS transporter		79855226	protein-coding		WP_147398242.1	474	PGS38_RS05515
NZ_JAQEGR010000004.1	215716	217971		plus	beta-glucosidase		79855227	protein-coding		WP_118700806.1	751	PGS38_RS05520
NZ_JAQEGR010000004.1	218185	220995		plus	alpha-L-rhamnosidase		79855228	protein-coding		WP_270476011.1	936	PGS38_RS05525
NZ_JAQEGR010000004.1	221010	222362		plus	MFS transporter		79855229	protein-coding		WP_055267537.1	450	PGS38_RS05530
NZ_JAQEGR010000004.1	222629	222985		plus	family 78 glycoside hydrolase catalytic domain		79855230	protein-coding		WP_010782296.1	118	PGS38_RS05535
NZ_JAQEGR010000004.1	222982	224076		plus	alpha/beta hydrolase		79855231	protein-coding		WP_055267539.1	364	PGS38_RS05540
NZ_JAQEGR010000004.1	224966	225796		plus	alpha/beta hydrolase		79855232	protein-coding		WP_147326096.1	276	PGS38_RS05545
NZ_JAQEGR010000004.1	225879	226193		plus	hypothetical protein		79855233	protein-coding		WP_010782299.1	104	PGS38_RS05550
NZ_JAQEGR010000004.1	226196	226513		minus	hypothetical protein		79855234	protein-coding		WP_010782300.1	105	PGS38_RS05555
NZ_JAQEGR010000004.1	226517	227434		minus	uncharacterized gene		88554244	pseudogene				PGS38_RS17645
NZ_JAQEGR010000004.1	227655	228329		plus	response regulator transcription factor		79855236	protein-coding		WP_014080778.1	224	PGS38_RS05565
NZ_JAQEGR010000004.1	228317	229495		plus	HAMP domain-containing sensor histidine kinase		79855237	protein-coding		WP_118640374.1	392	PGS38_RS05570
NZ_JAQEGR010000004.1	229612	230682		plus	ABC transporter permease subunit		79855238	protein-coding		WP_117509306.1	356	PGS38_RS05575
NZ_JAQEGR010000004.1	230679	231335		plus	transporter		79855239	protein-coding		WP_243002043.1	218	PGS38_RS05580
NZ_JAQEGR010000004.1	231339	232211		plus	ATP-binding cassette domain-containing protein		79855240	protein-coding		WP_117802665.1	290	PGS38_RS05585
NZ_JAQEGR010000004.1	232249	234039		minus	tetratricopeptide repeat protein		79855241	protein-coding		WP_270476015.1	596	PGS38_RS05590
NZ_JAQEGR010000005.1	1	319		minus	hypothetical protein		79855242	protein-coding		WP_270476017.1	106	PGS38_RS05595
NZ_JAQEGR010000005.1	1188	1748		plus	hypothetical protein		79855243	protein-coding		WP_227094294.1	186	PGS38_RS05600
NZ_JAQEGR010000005.1	1932	2474		plus	hypothetical protein		79855244	protein-coding		WP_270476019.1	180	PGS38_RS05605
NZ_JAQEGR010000005.1	3040	4065		minus	hypothetical protein		79855245	protein-coding		WP_270476020.1	341	PGS38_RS05610
NZ_JAQEGR010000005.1	4374	5405		minus	hypothetical protein		79855246	protein-coding		WP_117802230.1	343	PGS38_RS05615
NZ_JAQEGR010000005.1	5569	10839		plus	hypothetical protein		79855247	protein-coding		WP_270476021.1	1756	PGS38_RS05620
NZ_JAQEGR010000005.1	10836	11144		plus	hypothetical protein		79855248	protein-coding		WP_117802228.1	102	PGS38_RS05625
NZ_JAQEGR010000005.1	11242	11478		plus	extracellular matrix/biofilm biosynthesis regulator RemA family protein		79855249	protein-coding		WP_117802227.1	78	PGS38_RS05630
NZ_JAQEGR010000005.1	11484	11678		plus	hypothetical protein		79855250	protein-coding		WP_117802226.1	64	PGS38_RS05635
NZ_JAQEGR010000005.1	11691	13877		plus	hypothetical protein		79855251	protein-coding		WP_270476023.1	728	PGS38_RS05640
NZ_JAQEGR010000005.1	13879	14652		plus	PP2C family protein-serine/threonine phosphatase		79855252	protein-coding		WP_117802224.1	257	PGS38_RS05645
NZ_JAQEGR010000005.1	14755	14985		minus	hypothetical protein		79855253	protein-coding		WP_117802223.1	76	PGS38_RS05650
NZ_JAQEGR010000005.1	14998	15648		minus	DUF4046 domain-containing protein		79855254	protein-coding		WP_117802222.1	216	PGS38_RS05655
NZ_JAQEGR010000005.1	15748	16260		plus	hypothetical protein		79855255	protein-coding		WP_117802221.1	170	PGS38_RS05660
NZ_JAQEGR010000005.1	16340	17440		plus	hypothetical protein		79855256	protein-coding		WP_117802220.1	366	PGS38_RS05665
NZ_JAQEGR010000005.1	17580	17852		plus	hypothetical protein		79855257	protein-coding		WP_117802219.1	90	PGS38_RS05670
NZ_JAQEGR010000005.1	17849	20284		plus	type IA DNA topoisomerase		79855258	protein-coding		WP_117802218.1	811	PGS38_RS05675
NZ_JAQEGR010000005.1	20291	21319		plus	sigma-70 family RNA polymerase sigma factor		79855259	protein-coding		WP_117802217.1	342	PGS38_RS05680
NZ_JAQEGR010000005.1	21469	21726		plus	hypothetical protein		79855260	protein-coding		WP_117802216.1	85	PGS38_RS05685
NZ_JAQEGR010000005.1	21740	22192		plus	hypothetical protein		79855261	protein-coding		WP_270476025.1	150	PGS38_RS05690
NZ_JAQEGR010000005.1	22913	24292		plus	TFIIF alpha subunit family protein		79855262	protein-coding		WP_118640151.1	459	PGS38_RS05695
NZ_JAQEGR010000005.1	24904	32535		plus	VaFE repeat-containing surface-anchored protein		79855263	protein-coding		WP_270476026.1	2543	PGS38_RS05700
NZ_JAQEGR010000005.1	32616	33116		plus	HD-GYP domain-containing protein		79855264	protein-coding		WP_119208467.1	166	PGS38_RS05705
NZ_JAQEGR010000005.1	33213	33419		plus	hypothetical protein		79855265	protein-coding		WP_117802211.1	68	PGS38_RS05710
NZ_JAQEGR010000005.1	33440	33952		plus	signal peptidase I		79855266	protein-coding		WP_158568361.1	170	PGS38_RS05715
NZ_JAQEGR010000005.1	34020	34859		plus	SipW-dependent-type signal peptide-containing protein		79855267	protein-coding		WP_158568360.1	279	PGS38_RS05720
NZ_JAQEGR010000005.1	34965	36110		plus	hypothetical protein		79855268	protein-coding		WP_270476027.1	381	PGS38_RS05725
NZ_JAQEGR010000005.1	36097	40086		plus	MSCRAMM family protein		79855269	protein-coding		WP_270476028.1	1329	PGS38_RS05730
NZ_JAQEGR010000005.1	40104	40628		plus	BsaA family SipW-dependent biofilm matrix protein		79855270	protein-coding		WP_118640157.1	174	PGS38_RS05735
NZ_JAQEGR010000005.1	40915	44589		plus	CAP domain-containing protein		79855271	protein-coding		WP_270476029.1	1224	PGS38_RS05740
NZ_JAQEGR010000005.1	45238	45645		plus	DUF3592 domain-containing protein		79855272	protein-coding		WP_117802204.1	135	PGS38_RS05745
NZ_JAQEGR010000005.1	45807	46211		plus	hypothetical protein		79855273	protein-coding		WP_117802203.1	134	PGS38_RS05750
NZ_JAQEGR010000005.1	46300	46521		plus	hypothetical protein		79855274	protein-coding		WP_117802202.1	73	PGS38_RS05755
NZ_JAQEGR010000005.1	46691	47230		plus	DUF3841 domain-containing protein		79855275	protein-coding		WP_117802201.1	179	PGS38_RS05760
NZ_JAQEGR010000005.1	47537	47959		plus	IS200/IS605 family transposase	tnpA	79855276	protein-coding		WP_173827612.1	140	PGS38_RS05765
NZ_JAQEGR010000005.1	47959	48252		plus	helix-turn-helix domain-containing protein		79855277	protein-coding		WP_270476030.1	97	PGS38_RS05770
NZ_JAQEGR010000005.1	48403	48621		plus	GNAT family N-acetyltransferase		98633859	protein-coding		WP_270476084.1	72	PGS38_RS17760
NZ_JAQEGR010000005.1	48724	49263		plus	GrpB family protein		79855279	protein-coding		WP_118640164.1	179	PGS38_RS05780
NZ_JAQEGR010000005.1	49326	49499		plus	hypothetical protein		79855280	protein-coding		WP_270476031.1	57	PGS38_RS05785
NZ_JAQEGR010000005.1	49637	50710		minus	IS1380 family transposase		79855281	protein-coding		WP_173816278.1	357	PGS38_RS05790
NZ_JAQEGR010000005.1	50927	51079		plus	hypothetical protein		79855282	protein-coding		WP_158581766.1	50	PGS38_RS05795
NZ_JAQEGR010000005.1	51242	51661		plus	hypothetical protein		79855283	protein-coding		WP_118640166.1	139	PGS38_RS05800
NZ_JAQEGR010000005.1	51821	52015		plus	hypothetical protein		79855284	protein-coding		WP_119208490.1	64	PGS38_RS05805
NZ_JAQEGR010000005.1	52005	52403		plus	hypothetical protein		79855285	protein-coding		WP_147399554.1	132	PGS38_RS05810
NZ_JAQEGR010000005.1	52799	54040		plus	RNA-guided endonuclease IscB	iscB	79855286	protein-coding		WP_119208494.1	413	PGS38_RS05815
NZ_JAQEGR010000005.1	54129	54869		plus	hypothetical protein		79855287	protein-coding		WP_270476032.1	246	PGS38_RS05820
NZ_JAQEGR010000005.1	55013	55085		plus	tRNA-Gln		79855288	tRNA				PGS38_RS05825
NZ_JAQEGR010000005.1	55421	56230		plus	radical SAM protein		79855289	protein-coding		WP_238033634.1	269	PGS38_RS05830
NZ_JAQEGR010000005.1	56237	56488		plus	hypothetical protein		79855290	protein-coding		WP_117802191.1	83	PGS38_RS05835
NZ_JAQEGR010000005.1	56683	56862		plus	hypothetical protein		79855291	protein-coding		WP_118640171.1	59	PGS38_RS05840
NZ_JAQEGR010000005.1	56885	57202		plus	hypothetical protein		79855292	protein-coding		WP_117802189.1	105	PGS38_RS05845
NZ_JAQEGR010000005.1	57528	57698		plus	hypothetical protein		79855293	protein-coding		WP_270476033.1	56	PGS38_RS05850
NZ_JAQEGR010000005.1	57758	57922		plus	hypothetical protein		79855294	protein-coding		WP_158568357.1	54	PGS38_RS05855
NZ_JAQEGR010000005.1	57924	58169		plus	hypothetical protein		79855295	protein-coding		WP_117802188.1	81	PGS38_RS05860
NZ_JAQEGR010000005.1	58192	58476		plus	hypothetical protein		79855296	protein-coding		WP_117802187.1	94	PGS38_RS05865
NZ_JAQEGR010000005.1	58485	59159		plus	ImmA/IrrE family metallo-endopeptidase		79855297	protein-coding		WP_118640173.1	224	PGS38_RS05870
NZ_JAQEGR010000005.1	59471	60691		plus	hypothetical protein		79855298	protein-coding		WP_270476034.1	406	PGS38_RS05875
NZ_JAQEGR010000005.1	60701	60970		plus	hypothetical protein		79855299	protein-coding		WP_147343068.1	89	PGS38_RS05880
NZ_JAQEGR010000005.1	60986	61378		plus	hypothetical protein		79855300	protein-coding		WP_270476035.1	130	PGS38_RS05885
NZ_JAQEGR010000005.1	61684	62295		plus	hypothetical protein		79855301	protein-coding		WP_270476036.1	203	PGS38_RS05890
NZ_JAQEGR010000005.1	62337	62588		plus	hypothetical protein		79855302	protein-coding		WP_117802180.1	83	PGS38_RS05895
NZ_JAQEGR010000005.1	62648	62836		plus	hypothetical protein		79855303	protein-coding		WP_117802179.1	62	PGS38_RS05900
NZ_JAQEGR010000005.1	62952	63341		plus	helix-turn-helix domain-containing protein		79855304	protein-coding		WP_117802178.1	129	PGS38_RS05905
NZ_JAQEGR010000005.1	63335	63682		plus	ASCH domain-containing protein		79855305	protein-coding		WP_117802177.1	115	PGS38_RS05910
NZ_JAQEGR010000005.1	63679	63894		plus	uncharacterized gene		79855306	pseudogene				PGS38_RS05915
NZ_JAQEGR010000005.1	63934	64281		plus	hypothetical protein		79855307	protein-coding		WP_117802176.1	115	PGS38_RS05920
NZ_JAQEGR010000005.1	64448	65122		plus	hypothetical protein		79855308	protein-coding		WP_117802175.1	224	PGS38_RS05925
NZ_JAQEGR010000005.1	65127	65363		plus	hypothetical protein		79855309	protein-coding		WP_270476037.1	78	PGS38_RS05930
NZ_JAQEGR010000005.1	65596	66390		plus	hypothetical protein		79855310	protein-coding		WP_270476038.1	264	PGS38_RS05935
NZ_JAQEGR010000005.1	66394	66603		plus	hypothetical protein		79855311	protein-coding		WP_117802172.1	69	PGS38_RS05940
NZ_JAQEGR010000005.1	66803	67219		plus	hypothetical protein		79855312	protein-coding		WP_270476039.1	138	PGS38_RS05945
NZ_JAQEGR010000005.1	67249	67428		plus	hypothetical protein		79855313	protein-coding		WP_117802170.1	59	PGS38_RS05950
NZ_JAQEGR010000005.1	67450	67641		plus	hypothetical protein		79855314	protein-coding		WP_117802169.1	63	PGS38_RS05955
NZ_JAQEGR010000005.1	67878	68156		plus	DUF5983 family protein		79855315	protein-coding		WP_117802168.1	92	PGS38_RS05960
NZ_JAQEGR010000005.1	68248	68724		plus	JAB domain-containing protein		79855316	protein-coding		WP_118640184.1	158	PGS38_RS05965
NZ_JAQEGR010000005.1	68751	68927		plus	hypothetical protein		79855317	protein-coding		WP_158568356.1	58	PGS38_RS05970
NZ_JAQEGR010000005.1	69136	69321		plus	uncharacterized gene		307641381	pseudogene				PGS38_RS17925
NZ_JAQEGR010000005.1	69791	70081		plus	hypothetical protein		79855319	protein-coding		WP_270422271.1	96	PGS38_RS05980
NZ_JAQEGR010000005.1	70175	70468		plus	hypothetical protein		79855320	protein-coding		WP_117802165.1	97	PGS38_RS05985
NZ_JAQEGR010000005.1	70465	70653		plus	hypothetical protein		79855321	protein-coding		WP_117802164.1	62	PGS38_RS05990
NZ_JAQEGR010000005.1	70681	70902		plus	hypothetical protein		79855322	protein-coding		WP_117802163.1	73	PGS38_RS05995
NZ_JAQEGR010000005.1	71221	71679		plus	ATP-binding cassette domain-containing protein		79855323	protein-coding		WP_270476040.1	152	PGS38_RS06000
NZ_JAQEGR010000005.1	71852	73789		plus	ATP-dependent DNA helicase RecG	recG	79855324	protein-coding		WP_270476041.1	645	PGS38_RS06005
NZ_JAQEGR010000005.1	73797	74606		plus	DNA adenine methylase		79855325	protein-coding		WP_118640190.1	269	PGS38_RS06010
NZ_JAQEGR010000005.1	74993	77383		plus	preprotein translocase subunit SecA	secA	79855326	protein-coding		WP_270476043.1	796	PGS38_RS06015
NZ_JAQEGR010000005.1	78903	79523		plus	hypothetical protein		79855327	protein-coding		WP_270476044.1	206	PGS38_RS06020
NZ_JAQEGR010000005.1	79538	79837		plus	hypothetical protein		79855328	protein-coding		WP_118640193.1	99	PGS38_RS06025
NZ_JAQEGR010000005.1	79869	80237		plus	DUF3846 domain-containing protein		79855329	protein-coding		WP_118640641.1	122	PGS38_RS06030
NZ_JAQEGR010000005.1	80247	80582		plus	hypothetical protein		79855330	protein-coding		WP_117802152.1	111	PGS38_RS06035
NZ_JAQEGR010000005.1	80700	81623		plus	hypothetical protein		79855331	protein-coding		WP_119207854.1	307	PGS38_RS06040
NZ_JAQEGR010000005.1	81650	81892		plus	hypothetical protein		79855332	protein-coding		WP_117802150.1	80	PGS38_RS06045
NZ_JAQEGR010000005.1	81926	82108		plus	hypothetical protein		79855333	protein-coding		WP_117802149.1	60	PGS38_RS06050
NZ_JAQEGR010000005.1	82216	82647		plus	hypothetical protein		79855334	protein-coding		WP_118640639.1	143	PGS38_RS06055
NZ_JAQEGR010000005.1	82691	82987		plus	hypothetical protein		79855335	protein-coding		WP_117802147.1	98	PGS38_RS06060
NZ_JAQEGR010000005.1	83032	83340		plus	hypothetical protein		79855336	protein-coding		WP_117802146.1	102	PGS38_RS06065
NZ_JAQEGR010000005.1	83340	83597		plus	hypothetical protein		79855337	protein-coding		WP_117802145.1	85	PGS38_RS06070
NZ_JAQEGR010000005.1	83813	83971		plus	hypothetical protein		79855338	protein-coding		WP_158568353.1	52	PGS38_RS06075
NZ_JAQEGR010000005.1	84014	84307		plus	hypothetical protein		79855339	protein-coding		WP_147343066.1	97	PGS38_RS06080
NZ_JAQEGR010000005.1	84330	84539		plus	hypothetical protein		79855340	protein-coding		WP_117802142.1	69	PGS38_RS06085
NZ_JAQEGR010000005.1	84581	84871		plus	hypothetical protein		79855341	protein-coding		WP_117802141.1	96	PGS38_RS06090
NZ_JAQEGR010000005.1	84901	85266		plus	hypothetical protein		79855342	protein-coding		WP_118640638.1	121	PGS38_RS06095
NZ_JAQEGR010000005.1	85417	85860		plus	hypothetical protein		79855343	protein-coding		WP_118640637.1	147	PGS38_RS06100
NZ_JAQEGR010000005.1	85885	86175		plus	hypothetical protein		79855344	protein-coding		WP_270476045.1	96	PGS38_RS06105
NZ_JAQEGR010000005.1	86185	86394		plus	hypothetical protein		79855345	protein-coding		WP_117802137.1	69	PGS38_RS06110
NZ_JAQEGR010000005.1	86482	86655		plus	hypothetical protein		79855346	protein-coding		WP_270476047.1	57	PGS38_RS06115
NZ_JAQEGR010000005.1	86621	86905		plus	hypothetical protein		79855347	protein-coding		WP_117802134.1	94	PGS38_RS06120
NZ_JAQEGR010000005.1	87164	87631		plus	hypothetical protein		79855348	protein-coding		WP_270476048.1	155	PGS38_RS06125
NZ_JAQEGR010000005.1	87628	88128		plus	hypothetical protein		79855349	protein-coding		WP_238033667.1	166	PGS38_RS06130
NZ_JAQEGR010000005.1	88715	89599		plus	DUF5688 family protein		79855350	protein-coding		WP_173816159.1	294	PGS38_RS06135
NZ_JAQEGR010000005.1	90146	90352		plus	hypothetical protein		79855351	protein-coding		WP_147399530.1	68	PGS38_RS06140
NZ_JAQEGR010000005.1	90411	90950		minus	hypothetical protein		79855352	protein-coding		WP_119207864.1	179	PGS38_RS06145
NZ_JAQEGR010000005.1	90970	91554		minus	hypothetical protein		79855353	protein-coding		WP_055222176.1	194	PGS38_RS06150
NZ_JAQEGR010000005.1	91586	92437		minus	hypothetical protein		79855354	protein-coding		WP_119207865.1	283	PGS38_RS06155
NZ_JAQEGR010000005.1	92476	93036		minus	C39 family peptidase		79855355	protein-coding		WP_119207866.1	186	PGS38_RS06160
NZ_JAQEGR010000005.1	93731	95146		plus	DNA cytosine methyltransferase		79855356	protein-coding		WP_158585834.1	471	PGS38_RS06165
NZ_JAQEGR010000005.1	95184	95378		plus	hypothetical protein		79855357	protein-coding		WP_117802129.1	64	PGS38_RS06170
NZ_JAQEGR010000005.1	95556	97085		plus	DNA cytosine methyltransferase		79855358	protein-coding		WP_173816158.1	509	PGS38_RS06175
NZ_JAQEGR010000005.1	97305	97565		plus	hypothetical protein		79855359	protein-coding		WP_118640630.1	86	PGS38_RS06180
NZ_JAQEGR010000005.1	97742	98041		plus	hypothetical protein		79855360	protein-coding		WP_117802122.1	99	PGS38_RS06185
NZ_JAQEGR010000005.1	98099	98476		plus	hypothetical protein		79855361	protein-coding		WP_117802121.1	125	PGS38_RS06190
NZ_JAQEGR010000005.1	98637	98906		plus	hypothetical protein		79855362	protein-coding		WP_117802120.1	89	PGS38_RS06195
NZ_JAQEGR010000005.1	98903	99292		plus	hypothetical protein		79855363	protein-coding		WP_117802119.1	129	PGS38_RS06200
NZ_JAQEGR010000005.1	99427	100935		plus	phosphodiester glycosidase family protein		79855364	protein-coding		WP_118640627.1	502	PGS38_RS06205
NZ_JAQEGR010000005.1	101095	101910		plus	hypothetical protein		79855365	protein-coding		WP_117802117.1	271	PGS38_RS06210
NZ_JAQEGR010000005.1	101992	102147		plus	hypothetical protein		79855366	protein-coding		WP_158568351.1	51	PGS38_RS06215
NZ_JAQEGR010000005.1	102262	102768		plus	SLOG family protein		79855367	protein-coding		WP_270476052.1	168	PGS38_RS06220
NZ_JAQEGR010000005.1	102876	103244		plus	hypothetical protein		79855368	protein-coding		WP_147399303.1	122	PGS38_RS06225
NZ_JAQEGR010000005.1	103241	105034		plus	phage tail tip lysozyme		79855369	protein-coding		WP_270476054.1	597	PGS38_RS06230
NZ_JAQEGR010000005.1	105227	105589		plus	hypothetical protein		79855370	protein-coding		WP_117801182.1	120	PGS38_RS06235
NZ_JAQEGR010000005.1	105630	106988		minus	PIN domain-containing protein		79855371	protein-coding		WP_270476057.1	452	PGS38_RS06240
NZ_JAQEGR010000005.1	107178	108350		plus	PARP domain-containing protein		79855372	protein-coding		WP_118640622.1	390	PGS38_RS06245
NZ_JAQEGR010000005.1	108490	109905		plus	PARP domain-containing protein		79855373	protein-coding		WP_270476061.1	471	PGS38_RS06250
NZ_JAQEGR010000005.1	109917	110429		plus	metallophosphoesterase		79855374	protein-coding		WP_117801173.1	170	PGS38_RS06255
NZ_JAQEGR010000005.1	110572	111024		plus	DUF188 domain-containing protein		79855375	protein-coding		WP_117801171.1	150	PGS38_RS06260
NZ_JAQEGR010000005.1	111054	112145		plus	hypothetical protein		79855376	protein-coding		WP_117801169.1	363	PGS38_RS06265
NZ_JAQEGR010000005.1	112226	112438		plus	helix-turn-helix domain-containing protein		98633861	protein-coding		WP_117801167.1	70	PGS38_RS17770
NZ_JAQEGR010000005.1	112489	113796		plus	tyrosine-type recombinase/integrase		79855377	protein-coding		WP_119207877.1	435	PGS38_RS06270
NZ_JAQEGR010000005.1	113931	116567		plus	DNA mismatch repair protein MutS	mutS	79855378	protein-coding		WP_118640618.1	878	PGS38_RS06275
NZ_JAQEGR010000005.1	116623	118653		plus	DNA mismatch repair endonuclease MutL	mutL	79855379	protein-coding		WP_118640617.1	676	PGS38_RS06280
NZ_JAQEGR010000005.1	118663	119640		plus	tRNA (adenosine(37)-N6)-dimethylallyltransferase MiaA	miaA	79855380	protein-coding		WP_117509148.1	325	PGS38_RS06285
NZ_JAQEGR010000005.1	119634	120920		plus	methionine gamma-lyase family protein		79855381	protein-coding		WP_055228136.1	428	PGS38_RS06290
NZ_JAQEGR010000005.1	120920	122107		plus	BaiN/RdsA family NAD(P)/FAD-dependent oxidoreductase		79855382	protein-coding		WP_173827227.1	395	PGS38_RS06295
NZ_JAQEGR010000005.1	122104	123717		plus	NAD(P)/FAD-dependent oxidoreductase		79855383	protein-coding		WP_118640616.1	537	PGS38_RS06300
NZ_JAQEGR010000005.1	123812	124501		plus	RadC family protein	radC	79855384	protein-coding		WP_022462847.1	229	PGS38_RS06305
NZ_JAQEGR010000005.1	124558	125571		plus	rod shape-determining protein		79855385	protein-coding		WP_118640615.1	337	PGS38_RS06310
NZ_JAQEGR010000005.1	125593	126444		plus	rod shape-determining protein MreC	mreC	79855386	protein-coding		WP_055228139.1	283	PGS38_RS06315
NZ_JAQEGR010000005.1	126445	126972		plus	rod shape-determining protein MreD	mreD	79855387	protein-coding		WP_022462850.1	175	PGS38_RS06320
NZ_JAQEGR010000005.1	126957	129941		plus	penicillin-binding transpeptidase domain-containing protein		79855388	protein-coding		WP_118640614.1	994	PGS38_RS06325
NZ_JAQEGR010000005.1	130070	130849		plus	septum site-determining protein MinD	minD	79855389	protein-coding		WP_022462852.1	259	PGS38_RS06330
NZ_JAQEGR010000005.1	130862	131122		plus	cell division topological specificity factor MinE		79855390	protein-coding		WP_022462853.1	86	PGS38_RS06335
NZ_JAQEGR010000005.1	131106	132302		plus	FtsW/RodA/SpoVE family cell cycle protein		79855391	protein-coding		WP_022462854.1	398	PGS38_RS06340
NZ_JAQEGR010000005.1	132277	132681		plus	methylglyoxal synthase	mgsA	79855392	protein-coding		WP_022462855.1	134	PGS38_RS06345
NZ_JAQEGR010000005.1	132656	133741		plus	D-alanyl-D-alanine carboxypeptidase family protein		79855393	protein-coding		WP_243104895.1	361	PGS38_RS06350
NZ_JAQEGR010000005.1	133963	134382		plus	hypothetical protein		79855394	protein-coding		WP_022462857.1	139	PGS38_RS06355
NZ_JAQEGR010000005.1	134588	135871		plus	biotin/lipoyl attachment domain-containing protein		79855395	protein-coding		WP_147398221.1	427	PGS38_RS06360
NZ_JAQEGR010000005.1	135892	136587		plus	YggS family pyridoxal phosphate-dependent enzyme		79855396	protein-coding		WP_022462859.1	231	PGS38_RS06365
NZ_JAQEGR010000005.1	136677	137288		plus	cell division protein SepF		79855397	protein-coding		WP_055217838.1	203	PGS38_RS06370
NZ_JAQEGR010000005.1	137422	138534		plus	3-dehydroquinate synthase	aroB	79855398	protein-coding		WP_055217839.1	370	PGS38_RS06375
NZ_JAQEGR010000005.1	138524	139060		plus	signal peptidase II	lspA	79855399	protein-coding		WP_022462862.1	178	PGS38_RS06380
NZ_JAQEGR010000005.1	139053	139982		plus	RluA family pseudouridine synthase		79855400	protein-coding		WP_118640613.1	309	PGS38_RS06385
NZ_JAQEGR010000005.1	140156	140794		plus	cytidylate kinase-like family protein		79855401	protein-coding		WP_117508930.1	212	PGS38_RS06390
NZ_JAQEGR010000005.1	140870	141310		plus	D-aminoacyl-tRNA deacylase	dtd	79855402	protein-coding		WP_022462865.1	146	PGS38_RS06395
NZ_JAQEGR010000005.1	141477	142424		plus	RluA family pseudouridine synthase		79855403	protein-coding		WP_118640612.1	315	PGS38_RS06400
NZ_JAQEGR010000005.1	142454	143503		plus	16S rRNA (cytosine(1402)-N(4))-methyltransferase RsmH	rsmH	79855404	protein-coding		WP_118640611.1	349	PGS38_RS06405
NZ_JAQEGR010000005.1	143601	144677		minus	tyrosine-type recombinase/integrase		79855405	protein-coding		WP_022462868.1	358	PGS38_RS06410
NZ_JAQEGR010000005.1	144884	145552		minus	transcriptional repressor LexA	lexA	79855406	protein-coding		WP_055217843.1	222	PGS38_RS06415
NZ_JAQEGR010000005.1	145806	146180		plus	LysM peptidoglycan-binding domain-containing protein		79855407	protein-coding		WP_022462870.1	124	PGS38_RS06420
NZ_JAQEGR010000005.1	146374	146748		minus	ArsR/SmtB family transcription factor		79855408	protein-coding		WP_055217845.1	124	PGS38_RS06425
NZ_JAQEGR010000005.1	146766	148634		minus	heavy metal translocating P-type ATPase		79855409	protein-coding		WP_118640610.1	622	PGS38_RS06430
NZ_JAQEGR010000005.1	148821	149039		minus	cation transporter		79855410	protein-coding		WP_055266075.1	72	PGS38_RS06435
NZ_JAQEGR010000005.1	149235	150968		minus	glycoside hydrolase family 5 protein		79855411	protein-coding		WP_118640609.1	577	PGS38_RS06440
NZ_JAQEGR010000005.1	151576	153273		plus	carbon starvation CstA family protein		79855412	protein-coding		WP_022462875.1	565	PGS38_RS06445
NZ_JAQEGR010000005.1	153442	153585		minus	uncharacterized gene		79855413	pseudogene				PGS38_RS06450
NZ_JAQEGR010000005.1	153586	153750		minus	hypothetical protein		79855414	protein-coding		WP_022462877.1	54	PGS38_RS06455
NZ_JAQEGR010000005.1	153797	154291		minus	HD domain-containing protein		79855415	protein-coding		WP_117508936.1	164	PGS38_RS06460
NZ_JAQEGR010000005.1	154445	155320		minus	phosphoribosylaminoimidazolesuccinocarboxamide synthase		79855416	protein-coding		WP_118640608.1	291	PGS38_RS06465
NZ_JAQEGR010000005.1	155480	156073		minus	glycoside hydrolase family 1 protein		79855417	protein-coding		WP_330416875.1	197	PGS38_RS06470
NZ_JAQEGR010000005.1	156101	157147		minus	SGNH/GDSL hydrolase family protein		79855418	protein-coding		WP_118594433.1	348	PGS38_RS06475
NZ_JAQEGR010000005.1	157322	157735		minus	SGNH/GDSL hydrolase family protein		79855419	protein-coding		WP_147342480.1	137	PGS38_RS06480
NZ_JAQEGR010000005.1	157793	160900		minus	glycoside hydrolase family 2 TIM barrel-domain containing protein		79855420	protein-coding		WP_158581784.1	1035	PGS38_RS06485
NZ_JAQEGR010000005.1	161127	161996		plus	helix-turn-helix domain-containing protein		79855421	protein-coding		WP_158565898.1	289	PGS38_RS06490
NZ_JAQEGR010000005.1	161982	162518		minus	nitroreductase family protein		79855422	protein-coding		WP_117508939.1	178	PGS38_RS06495
NZ_JAQEGR010000005.1	162539	163075		minus	DUF3877 family protein		79855423	protein-coding		WP_055266095.1	178	PGS38_RS06500
NZ_JAQEGR010000005.1	163296	168143		minus	penicillin-binding Tp47 domain C-containing protein		79855424	protein-coding		WP_118659662.1	1615	PGS38_RS06505
NZ_JAQEGR010000005.1	168426	168950		minus	Gx transporter family protein		79855425	protein-coding		WP_055266099.1	174	PGS38_RS06510
NZ_JAQEGR010000005.1	168981	169364		minus	NusG domain II-containing protein		79855426	protein-coding		WP_117804978.1	127	PGS38_RS06515
NZ_JAQEGR010000005.1	169385	170257		minus	4Fe-4S binding protein		79855427	protein-coding		WP_117761496.1	290	PGS38_RS06520
NZ_JAQEGR010000005.1	170259	170747		minus	FMN-binding protein		79855428	protein-coding		WP_055228158.1	162	PGS38_RS06525
NZ_JAQEGR010000005.1	170760	172799		minus	FMN-binding protein		79855429	protein-coding		WP_117761495.1	679	PGS38_RS06530
NZ_JAQEGR010000005.1	172802	173965		minus	FAD:protein FMN transferase		79855430	protein-coding		WP_117804979.1	387	PGS38_RS06535
NZ_JAQEGR010000005.1	174212	176464		minus	formate C-acetyltransferase	pflB	79855431	protein-coding		WP_117508947.1	750	PGS38_RS06540
NZ_JAQEGR010000005.1	176660	178540		minus	DUF5696 domain-containing protein		79855432	protein-coding		WP_055267920.1	626	PGS38_RS06545
NZ_JAQEGR010000005.1	178657	179010		minus	ribosome silencing factor	rsfS	79855433	protein-coding		WP_022462899.1	117	PGS38_RS06550
NZ_JAQEGR010000005.1	179011	179613		minus	bis(5'-nucleosyl)-tetraphosphatase (symmetrical) YqeK	yqeK	79855434	protein-coding		WP_117801121.1	200	PGS38_RS06555
NZ_JAQEGR010000005.1	179626	180246		minus	nicotinate-nucleotide adenylyltransferase	nadD	79855435	protein-coding		WP_118640606.1	206	PGS38_RS06560
NZ_JAQEGR010000005.1	180314	180607		minus	ribosome assembly RNA-binding protein YhbY	yhbY	79855436	protein-coding		WP_022462902.1	97	PGS38_RS06565
NZ_JAQEGR010000005.1	180636	181934		minus	GTPase ObgE	obgE	79855437	protein-coding		WP_022462903.1	432	PGS38_RS06570
NZ_JAQEGR010000005.1	182045	182335		minus	50S ribosomal protein L27	rpmA	79855438	protein-coding		WP_022462904.1	96	PGS38_RS06575
NZ_JAQEGR010000005.1	182340	182660		minus	ribosomal-processing cysteine protease Prp		79855439	protein-coding		WP_055228163.1	106	PGS38_RS06580
NZ_JAQEGR010000005.1	182666	182971		minus	50S ribosomal protein L21	rplU	79855440	protein-coding		WP_022462906.1	101	PGS38_RS06585
NZ_JAQEGR010000005.1	183088	183963		minus	DegV family protein		79855441	protein-coding		WP_119188716.1	291	PGS38_RS06590
NZ_JAQEGR010000005.1	184120	185130		minus	type II CAAX endopeptidase family protein		79855442	protein-coding		WP_055267901.1	336	PGS38_RS06595
NZ_JAQEGR010000005.1	185158	186357		minus	ribonuclease E/G		79855443	protein-coding		WP_118594426.1	399	PGS38_RS06600
NZ_JAQEGR010000005.1	186350	187057		minus	TIGR03936 family radical SAM-associated protein		79855444	protein-coding		WP_117508951.1	235	PGS38_RS06605
NZ_JAQEGR010000005.1	187041	188906		minus	TIGR03960 family B12-binding radical SAM protein		79855445	protein-coding		WP_118594425.1	621	PGS38_RS06610
NZ_JAQEGR010000005.1	188932	189978		minus	M42 family metallopeptidase		79855446	protein-coding		WP_117509152.1	348	PGS38_RS06615
NZ_JAQEGR010000005.1	190273	191148		plus	YitT family protein		79855447	protein-coding		WP_055267889.1	291	PGS38_RS06620
NZ_JAQEGR010000005.1	191229	191816		minus	50S ribosomal protein L25		79855448	protein-coding		WP_118600932.1	195	PGS38_RS06625
NZ_JAQEGR010000005.1	192047	193048		minus	DnaJ C-terminal domain-containing protein		79855449	protein-coding		WP_117804994.1	333	PGS38_RS06630
NZ_JAQEGR010000005.1	193265	194467		plus	iron-containing alcohol dehydrogenase		79855450	protein-coding		WP_055267885.1	400	PGS38_RS06635
NZ_JAQEGR010000005.1	194553	195032		plus	DUF6465 family protein		79855451	protein-coding		WP_055267883.1	159	PGS38_RS06640
NZ_JAQEGR010000005.1	195163	196548		plus	MATE family efflux transporter		79855452	protein-coding		WP_055267881.1	461	PGS38_RS06645
NZ_JAQEGR010000005.1	196631	197404		minus	histidinol-phosphatase		79855453	protein-coding		WP_055217914.1	257	PGS38_RS06650
NZ_JAQEGR010000005.1	197432	198289		minus	transporter substrate-binding domain-containing protein		79855454	protein-coding		WP_055217916.1	285	PGS38_RS06655
NZ_JAQEGR010000005.1	198412	199155		minus	amino acid ABC transporter ATP-binding protein		79855455	protein-coding		WP_055267879.1	247	PGS38_RS06660
NZ_JAQEGR010000005.1	199159	199833		minus	amino acid ABC transporter permease		79855456	protein-coding		WP_022462789.1	224	PGS38_RS06665
NZ_JAQEGR010000005.1	200041	201342		minus	phosphopyruvate hydratase	eno	79855457	protein-coding		WP_055217920.1	433	PGS38_RS06670
NZ_JAQEGR010000005.1	201540	201968		minus	Fe-S cluster assembly sulfur transfer protein SufU	sufU	79855458	protein-coding		WP_055267877.1	142	PGS38_RS06675
NZ_JAQEGR010000005.1	201958	203175		minus	aminotransferase class V-fold PLP-dependent enzyme		79855459	protein-coding		WP_118659664.1	405	PGS38_RS06680
NZ_JAQEGR010000005.1	203162	204220		minus	SufB/SufD family protein		79855460	protein-coding		WP_118659666.1	352	PGS38_RS06685
NZ_JAQEGR010000005.1	204234	205640		minus	Fe-S cluster assembly protein SufB	sufB	79855461	protein-coding		WP_118659668.1	468	PGS38_RS06690
NZ_JAQEGR010000005.1	205671	206423		minus	Fe-S cluster assembly ATPase SufC	sufC	79855462	protein-coding		WP_055217927.1	250	PGS38_RS06695
NZ_JAQEGR010000005.1	206599	207921		minus	sodium-dependent transporter		79855463	protein-coding		WP_055217929.1	440	PGS38_RS06700
NZ_JAQEGR010000005.1	208010	208849		minus	helix-turn-helix domain-containing protein		79855464	protein-coding		WP_117761482.1	279	PGS38_RS06705
NZ_JAQEGR010000005.1	209081	210580		plus	arabinosylfuranosidase ArfA	arfA	79855465	protein-coding		WP_117801108.1	499	PGS38_RS06710
NZ_JAQEGR010000005.1	210661	210960		plus	hypothetical protein		79855466	protein-coding		WP_118594421.1	99	PGS38_RS06715
NZ_JAQEGR010000005.1	211153	211755		minus	folate family ECF transporter S component		79855467	protein-coding		WP_022461732.1	200	PGS38_RS06720
NZ_JAQEGR010000005.1	212023	212175		minus	DUF6198 family protein		79855468	protein-coding		WP_156338179.1	50	PGS38_RS06725
NZ_JAQEGR010000005.1	212310	213554		minus	glutamate-5-semialdehyde dehydrogenase		79855469	protein-coding		WP_119188721.1	414	PGS38_RS06730
NZ_JAQEGR010000005.1	213595	214143		minus	5-formyltetrahydrofolate cyclo-ligase		79855470	protein-coding		WP_199695857.1	182	PGS38_RS06735
NZ_JAQEGR010000005.1	214121	214339		minus	DUF896 domain-containing protein		79855471	protein-coding		WP_055267865.1	72	PGS38_RS06740
NZ_JAQEGR010000005.1	214618	215772		minus	DUF3048 domain-containing protein		79855472	protein-coding		WP_055267863.1	384	PGS38_RS06745
NZ_JAQEGR010000005.1	215823	216326		minus	rRNA maturation RNase YbeY	ybeY	79855473	protein-coding		WP_055228185.1	167	PGS38_RS06750
NZ_JAQEGR010000005.1	216323	217354		minus	PhoH family protein		79855474	protein-coding		WP_055267861.1	343	PGS38_RS06755
NZ_JAQEGR010000005.1	217341	218639		minus	sporulation protein YqfD		79855475	protein-coding		WP_055267859.1	432	PGS38_RS06760
NZ_JAQEGR010000005.1	218685	218978		minus	YabP/YqfC family sporulation protein		79855476	protein-coding		WP_055267857.1	97	PGS38_RS06765
NZ_JAQEGR010000005.1	219494	220033		minus	DUF2284 domain-containing protein		79855477	protein-coding		WP_055217961.1	179	PGS38_RS06770
NZ_JAQEGR010000005.1	220055	221035		minus	alpha/beta fold hydrolase		79855478	protein-coding		WP_118594418.1	326	PGS38_RS06775
NZ_JAQEGR010000005.1	221043	221738		minus	YjjG family noncanonical pyrimidine nucleotidase		79855479	protein-coding		WP_158564995.1	231	PGS38_RS06780
NZ_JAQEGR010000005.1	221907	222185		plus	type II toxin-antitoxin system HicB family antitoxin		79855480	protein-coding		WP_270476083.1	92	PGS38_RS06785
NZ_JAQEGR010000005.1	222251	222946		minus	DNA alkylation repair protein		79855481	protein-coding		WP_022462562.1	231	PGS38_RS06790
NZ_JAQEGR010000005.1	223107	223568		plus	hypothetical protein		79855482	protein-coding		WP_117812766.1	153	PGS38_RS06795
NZ_JAQEGR010000005.1	223633	224574		minus	GTP-binding protein		79855483	protein-coding		WP_117812765.1	313	PGS38_RS06800
NZ_JAQEGR010000005.1	224632	225129		minus	pyridoxamine 5'-phosphate oxidase family protein		79855484	protein-coding		WP_117812764.1	165	PGS38_RS06805
NZ_JAQEGR010000005.1	225156	225635		minus	23S rRNA (pseudouridine(1915)-N(3))-methyltransferase RlmH	rlmH	79855485	protein-coding		WP_117508974.1	159	PGS38_RS06810
NZ_JAQEGR010000005.1	225741	227135		minus	NADPH-dependent glutamate synthase	gltA	79855486	protein-coding		WP_022462566.1	464	PGS38_RS06815
NZ_JAQEGR010000005.1	227135	228022		minus	sulfide/dihydroorotate dehydrogenase-like FAD/NAD-binding protein		79855487	protein-coding		WP_055217977.1	295	PGS38_RS06820
NZ_JAQEGR010000005.1	228146	230686		minus	FtsK/SpoIIIE family DNA translocase		79855488	protein-coding		WP_055267847.1	846	PGS38_RS06825
NZ_JAQEGR010000005.1	230711	231577		minus	undecaprenyl-diphosphate phosphatase		79855489	protein-coding		WP_022462569.1	288	PGS38_RS06830
NZ_JAQEGR010000005.1	231699	232358		minus	ClpP family protease		79855490	protein-coding		WP_022462570.1	219	PGS38_RS06835
NZ_JAQEGR010000005.1	232442	233170		minus	YebC/PmpR family DNA-binding transcriptional regulator		79855491	protein-coding		WP_022462571.1	242	PGS38_RS06840
NZ_JAQEGR010000006.1	840	2765		plus	hypothetical protein		79855492	protein-coding		WP_173841956.1	641	PGS38_RS06845
NZ_JAQEGR010000006.1	3024	3563		minus	uncharacterized gene		79855493	pseudogene				PGS38_RS06850
NZ_JAQEGR010000006.1	3782	4051		plus	hypothetical protein		79855494	protein-coding		WP_055227428.1	89	PGS38_RS06855
NZ_JAQEGR010000006.1	4044	4322		plus	DUF4160 domain-containing protein		79855495	protein-coding		WP_055227426.1	92	PGS38_RS06860
NZ_JAQEGR010000006.1	4825	5007		plus	uncharacterized gene		79855496	pseudogene				PGS38_RS06865
NZ_JAQEGR010000006.1	5148	6320		minus	sensor histidine kinase		79855497	protein-coding		WP_119188549.1	390	PGS38_RS06870
NZ_JAQEGR010000006.1	6317	6964		minus	response regulator transcription factor		79855498	protein-coding		WP_243110718.1	215	PGS38_RS06875
NZ_JAQEGR010000006.1	7098	7241		plus	CD1871A family CXXC motif-containing protein		88554246	protein-coding		WP_055218540.1	47	PGS38_RS17655
NZ_JAQEGR010000006.1	7234	8148		plus	4Fe-4S binding protein		79855500	protein-coding		WP_119188548.1	304	PGS38_RS06885
NZ_JAQEGR010000006.1	8232	9173		plus	TlpA disulfide reductase family protein		79855501	protein-coding		WP_119188547.1	313	PGS38_RS06890
NZ_JAQEGR010000006.1	9544	11013		minus	PTS transporter subunit EIIC		79855502	protein-coding		WP_119188546.1	489	PGS38_RS06895
NZ_JAQEGR010000006.1	11224	11703		minus	PTS sugar transporter subunit IIA		79855503	protein-coding		WP_119188545.1	159	PGS38_RS06900
NZ_JAQEGR010000006.1	12242	13582		plus	TrkH family potassium uptake protein		79855504	protein-coding		WP_117804786.1	446	PGS38_RS06905
NZ_JAQEGR010000006.1	13602	14249		plus	potassium channel family protein		79855505	protein-coding		WP_022462603.1	215	PGS38_RS06910
NZ_JAQEGR010000006.1	14485	16473		plus	ATP-binding protein		79855506	protein-coding		WP_119188544.1	662	PGS38_RS06915
NZ_JAQEGR010000006.1	16466	16552		plus	uncharacterized gene		88554247	pseudogene				PGS38_RS17660
NZ_JAQEGR010000006.1	16838	18118		minus	metallopeptidase TldD-related protein		79855508	protein-coding		WP_119188543.1	426	PGS38_RS06925
NZ_JAQEGR010000006.1	18118	19539		minus	TldD/PmbA family protein		79855509	protein-coding		WP_117760983.1	473	PGS38_RS06930
NZ_JAQEGR010000006.1	19784	20713		plus	beta-ketoacyl-ACP synthase III		79855510	protein-coding		WP_117801509.1	309	PGS38_RS06935
NZ_JAQEGR010000006.1	20765	20992		plus	acyl carrier protein	acpP	79855511	protein-coding		WP_022462597.1	75	PGS38_RS06940
NZ_JAQEGR010000006.1	21023	21961		plus	enoyl-[acyl-carrier-protein] reductase FabK	fabK	79855512	protein-coding		WP_022462596.1	312	PGS38_RS06945
NZ_JAQEGR010000006.1	21958	22878		plus	ACP S-malonyltransferase	fabD	79855513	protein-coding		WP_117760987.1	306	PGS38_RS06950
NZ_JAQEGR010000006.1	22907	23647		plus	3-oxoacyl-[acyl-carrier-protein] reductase	fabG	79855514	protein-coding		WP_022462594.1	246	PGS38_RS06955
NZ_JAQEGR010000006.1	23664	24899		plus	beta-ketoacyl-ACP synthase II	fabF	79855515	protein-coding		WP_055227403.1	411	PGS38_RS06960
NZ_JAQEGR010000006.1	24936	25451		plus	acetyl-CoA carboxylase biotin carboxyl carrier protein	accB	79855516	protein-coding		WP_117801508.1	171	PGS38_RS06965
NZ_JAQEGR010000006.1	25478	25915		plus	3-hydroxyacyl-ACP dehydratase FabZ	fabZ	79855517	protein-coding		WP_022462591.1	145	PGS38_RS06970
NZ_JAQEGR010000006.1	25912	27258		plus	acetyl-CoA carboxylase biotin carboxylase subunit		79855518	protein-coding		WP_118659233.1	448	PGS38_RS06975
NZ_JAQEGR010000006.1	27816	29525		plus	acetyl-CoA carboxylase carboxyltransferase subunit alpha		79855519	protein-coding		WP_082424902.1	569	PGS38_RS06980
NZ_JAQEGR010000006.1	30231	30635		plus	YbaN family protein		79855520	protein-coding		WP_118639964.1	134	PGS38_RS06985
NZ_JAQEGR010000006.1	30632	30979		plus	nitrous oxide-stimulated promoter family protein		79855521	protein-coding		WP_022462170.1	115	PGS38_RS06990
NZ_JAQEGR010000006.1	30993	32732		plus	ABC transporter ATP-binding protein/permease		79855522	protein-coding		WP_118639965.1	579	PGS38_RS06995
NZ_JAQEGR010000006.1	32732	34462		plus	amino acid ABC transporter ATP-binding/permease protein		79855523	protein-coding		WP_118640079.1	576	PGS38_RS07000
NZ_JAQEGR010000006.1	35014	36318		plus	sirohydrochlorin cobaltochelatase		79855524	protein-coding		WP_117761012.1	434	PGS38_RS07005
NZ_JAQEGR010000006.1	36458	37069		plus	hypothetical protein		79855525	protein-coding		WP_022462174.1	203	PGS38_RS07010
NZ_JAQEGR010000006.1	37182	37640		minus	DUF2798 domain-containing protein		79855526	protein-coding		WP_022462175.1	152	PGS38_RS07015
NZ_JAQEGR010000006.1	38000	38824		plus	TrmH family RNA methyltransferase		79855527	protein-coding		WP_118640080.1	274	PGS38_RS07020
NZ_JAQEGR010000006.1	38916	39791		minus	AraC family transcriptional regulator		79855528	protein-coding		WP_158581750.1	291	PGS38_RS07025
NZ_JAQEGR010000006.1	39998	41542		plus	alpha-amylase family glycosyl hydrolase		79855529	protein-coding		WP_117761016.1	514	PGS38_RS07030
NZ_JAQEGR010000006.1	41601	43652		minus	HelD family protein		79855530	protein-coding		WP_119188542.1	683	PGS38_RS07035
NZ_JAQEGR010000006.1	43789	44415		plus	RNA polymerase sporulation sigma factor SigK	sigK	79855531	protein-coding		WP_118640081.1	208	PGS38_RS07040
NZ_JAQEGR010000006.1	44611	46134		plus	YifB family Mg chelatase-like AAA ATPase		79855532	protein-coding		WP_118639968.1	507	PGS38_RS07045
NZ_JAQEGR010000006.1	46138	47007		plus	DNA-processing protein DprA	dprA	79855533	protein-coding		WP_022462182.1	289	PGS38_RS07050
NZ_JAQEGR010000006.1	47375	49456		plus	type I DNA topoisomerase	topA	79855534	protein-coding		WP_118639969.1	693	PGS38_RS07055
NZ_JAQEGR010000006.1	49717	50538		plus	GTP-sensing pleiotropic transcriptional regulator CodY	codY	79855535	protein-coding		WP_022462184.1	273	PGS38_RS07060
NZ_JAQEGR010000006.1	50886	51170		plus	co-chaperone GroES	groES	79855536	protein-coding		WP_022462185.1	94	PGS38_RS07065
NZ_JAQEGR010000006.1	51207	52832		plus	chaperonin GroEL	groL	79855537	protein-coding		WP_022462186.1	541	PGS38_RS07070
NZ_JAQEGR010000006.1	53101	53772		plus	hypothetical protein		79855538	protein-coding		WP_117509521.1	223	PGS38_RS07075
NZ_JAQEGR010000006.1	53765	54274		plus	DUF6106 family protein		79855539	protein-coding		WP_022462188.1	169	PGS38_RS07080
NZ_JAQEGR010000006.1	54344	55801		plus	IMP dehydrogenase	guaB	79855540	protein-coding		WP_117509520.1	485	PGS38_RS07085
NZ_JAQEGR010000006.1	55903	56613		plus	peptidoglycan recognition protein family protein		79855541	protein-coding		WP_022462190.1	236	PGS38_RS07090
NZ_JAQEGR010000006.1	56711	57235		minus	VanZ family protein		79855542	protein-coding		WP_118639970.1	174	PGS38_RS07095
NZ_JAQEGR010000006.1	57279	58103		minus	metal ABC transporter permease		79855543	protein-coding		WP_022462192.1	274	PGS38_RS07100
NZ_JAQEGR010000006.1	58100	58807		minus	metal ABC transporter ATP-binding protein		79855544	protein-coding		WP_022462193.1	235	PGS38_RS07105
NZ_JAQEGR010000006.1	58807	59844		minus	metal ABC transporter substrate-binding protein		79855545	protein-coding		WP_118640082.1	345	PGS38_RS07110
NZ_JAQEGR010000006.1	60086	61870		minus	ABC transporter ATP-binding protein		79855546	protein-coding		WP_117761029.1	594	PGS38_RS07115
NZ_JAQEGR010000006.1	61938	63701		minus	ABC transporter ATP-binding protein		79855547	protein-coding		WP_119188541.1	587	PGS38_RS07120
NZ_JAQEGR010000006.1	64496	65335		plus	carbon-nitrogen hydrolase family protein		79855548	protein-coding		WP_119188540.1	279	PGS38_RS07125
NZ_JAQEGR010000006.1	65359	66543		plus	iron-containing alcohol dehydrogenase		79855549	protein-coding		WP_119188557.1	394	PGS38_RS07130
NZ_JAQEGR010000006.1	66559	68376		plus	N-acetylmuramoyl-L-alanine amidase		79855550	protein-coding		WP_117804118.1	605	PGS38_RS07135
NZ_JAQEGR010000006.1	68474	69706		minus	argininosuccinate synthase		79855551	protein-coding		WP_055218598.1	410	PGS38_RS07140
NZ_JAQEGR010000006.1	69989	71029		plus	N-acetyl-gamma-glutamyl-phosphate reductase	argC	79855552	protein-coding		WP_022462202.1	346	PGS38_RS07145
NZ_JAQEGR010000006.1	71082	72305		plus	bifunctional glutamate N-acetyltransferase/amino-acid acetyltransferase ArgJ	argJ	79855553	protein-coding		WP_022462203.1	407	PGS38_RS07150
NZ_JAQEGR010000006.1	72412	73308		plus	acetylglutamate kinase	argB	79855554	protein-coding		WP_117813717.1	298	PGS38_RS07155
NZ_JAQEGR010000006.1	73295	74485		plus	aspartate aminotransferase family protein		79855555	protein-coding		WP_022462205.1	396	PGS38_RS07160
NZ_JAQEGR010000006.1	74778	75209		plus	DMT family transporter		79855556	protein-coding		WP_118595125.1	143	PGS38_RS07165
NZ_JAQEGR010000006.1	75323	76027		plus	helix-hairpin-helix domain-containing protein		79855557	protein-coding		WP_119188539.1	234	PGS38_RS07170
NZ_JAQEGR010000006.1	76045	76734		plus	response regulator transcription factor		79855558	protein-coding		WP_022462209.1	229	PGS38_RS07175
NZ_JAQEGR010000006.1	76679	78157		plus	sensor histidine kinase		79855559	protein-coding		WP_022462210.1	492	PGS38_RS07180
NZ_JAQEGR010000006.1	78170	79093		plus	GerMN domain-containing protein		79855560	protein-coding		WP_055227346.1	307	PGS38_RS07185
NZ_JAQEGR010000006.1	79090	81363		plus	DNA internalization-related competence protein ComEC/Rec2		79855561	protein-coding		WP_270476096.1	757	PGS38_RS07190
NZ_JAQEGR010000006.1	81435	82418		plus	DNA polymerase III subunit delta	holA	79855562	protein-coding		WP_119188537.1	327	PGS38_RS07195
NZ_JAQEGR010000006.1	82588	82851		minus	30S ribosomal protein S20	rpsT	79855563	protein-coding		WP_022462214.1	87	PGS38_RS07200
NZ_JAQEGR010000006.1	83033	83920		plus	GPR endopeptidase	gpr	79855564	protein-coding		WP_118639977.1	295	PGS38_RS07205
NZ_JAQEGR010000006.1	83944	85335		plus	stage II sporulation protein P		79855565	protein-coding		WP_243108238.1	463	PGS38_RS07210
NZ_JAQEGR010000006.1	85431	87245		plus	translation elongation factor 4	lepA	79855566	protein-coding		WP_022462217.1	604	PGS38_RS07215
NZ_JAQEGR010000006.1	87334	88467		plus	radical SAM family heme chaperone HemW	hemW	79855567	protein-coding		WP_118666364.1	377	PGS38_RS07220
NZ_JAQEGR010000006.1	88592	91420		plus	excinuclease ABC subunit UvrA	uvrA	79855568	protein-coding		WP_117509506.1	942	PGS38_RS07225
NZ_JAQEGR010000006.1	91589	92587		plus	rod shape-determining protein	mreB	79855569	protein-coding		WP_022462222.1	332	PGS38_RS07230
NZ_JAQEGR010000006.1	92594	94849		plus	SF1B family DNA helicase RecD2	recD2	79855570	protein-coding		WP_119188536.1	751	PGS38_RS07235
NZ_JAQEGR010000006.1	94916	95635		plus	ComF family protein		79855571	protein-coding		WP_158578787.1	239	PGS38_RS07240
NZ_JAQEGR010000006.1	95725	96156		plus	hypothetical protein		79855572	protein-coding		WP_022462226.1	143	PGS38_RS07245
NZ_JAQEGR010000006.1	96153	97331		plus	hypothetical protein		79855573	protein-coding		WP_118639982.1	392	PGS38_RS07250
NZ_JAQEGR010000006.1	97388	98275		plus	diadenylate cyclase CdaA	cdaA	79855574	protein-coding		WP_330410111.1	295	PGS38_RS07255
NZ_JAQEGR010000006.1	98272	99588		plus	CdaR family protein		79855575	protein-coding		WP_158554979.1	438	PGS38_RS07260
NZ_JAQEGR010000006.1	99600	99872		plus	HPr family phosphocarrier protein		79855576	protein-coding		WP_022462230.1	90	PGS38_RS07265
NZ_JAQEGR010000006.1	99885	100985		plus	UDP-galactopyranose mutase	glf	79855577	protein-coding		WP_119188533.1	366	PGS38_RS07270
NZ_JAQEGR010000006.1	101114	102214		plus	LCP family protein		79855578	protein-coding		WP_158565815.1	366	PGS38_RS07275
NZ_JAQEGR010000006.1	102402	105017		plus	L,D-transpeptidase family protein		79855579	protein-coding		WP_117761058.1	871	PGS38_RS07280
NZ_JAQEGR010000006.1	105129	106010		plus	ATP-dependent sacrificial sulfur transferase LarE	larE	79855580	protein-coding		WP_330410110.1	293	PGS38_RS07285
NZ_JAQEGR010000006.1	106007	106519		plus	dihydrofolate reductase		79855581	protein-coding		WP_055218639.1	170	PGS38_RS07290
NZ_JAQEGR010000006.1	106599	107747		minus	toxic anion resistance protein		79855582	protein-coding		WP_270476101.1	382	PGS38_RS07295
NZ_JAQEGR010000006.1	107821	109173		minus	5-bromo-4-chloroindolyl phosphate hydrolysis family protein		79855583	protein-coding		WP_119188532.1	450	PGS38_RS07300
NZ_JAQEGR010000006.1	109420	110538		plus	DUF362 domain-containing protein		79855584	protein-coding		WP_119188531.1	372	PGS38_RS07305
NZ_JAQEGR010000006.1	110557	111549		plus	alpha/beta hydrolase		79855585	protein-coding		WP_119188530.1	330	PGS38_RS07310
NZ_JAQEGR010000006.1	111563	113371		plus	DUF6320 domain-containing protein		79855586	protein-coding		WP_055227317.1	602	PGS38_RS07315
NZ_JAQEGR010000006.1	113491	113922		minus	MerR family transcriptional regulator		79855587	protein-coding		WP_118595092.1	143	PGS38_RS07320
NZ_JAQEGR010000006.1	114154	115866		plus	sensor histidine kinase		79855588	protein-coding		WP_158583750.1	570	PGS38_RS07325
NZ_JAQEGR010000006.1	115918	116994		plus	response regulator transcription factor		79855589	protein-coding		WP_119188528.1	358	PGS38_RS07330
NZ_JAQEGR010000006.1	117207	118946		plus	type 2 periplasmic-binding domain-containing protein		79855590	protein-coding		WP_270476106.1	579	PGS38_RS07335
NZ_JAQEGR010000006.1	119108	120043		plus	ABC transporter permease		79855591	protein-coding		WP_118697454.1	311	PGS38_RS07340
NZ_JAQEGR010000006.1	120058	120942		plus	carbohydrate ABC transporter permease		79855592	protein-coding		WP_118697455.1	294	PGS38_RS07345
NZ_JAQEGR010000006.1	121086	122054		plus	AraC family transcriptional regulator		79855593	protein-coding		WP_119188527.1	322	PGS38_RS07350
NZ_JAQEGR010000006.1	122374	124371		plus	beta-galactosidase		79855594	protein-coding		WP_270476108.1	665	PGS38_RS07355
NZ_JAQEGR010000006.1	124396	126048		plus	sensor histidine kinase		79855595	protein-coding		WP_117509490.1	550	PGS38_RS07360
NZ_JAQEGR010000006.1	126065	126799		plus	response regulator transcription factor		79855596	protein-coding		WP_055218660.1	244	PGS38_RS07365
NZ_JAQEGR010000006.1	126895	128442		plus	ABC transporter substrate-binding protein		79855597	protein-coding		WP_118697457.1	515	PGS38_RS07370
NZ_JAQEGR010000006.1	128514	129434		plus	ABC transporter permease		79855598	protein-coding		WP_022462072.1	306	PGS38_RS07375
NZ_JAQEGR010000006.1	129454	130347		plus	carbohydrate ABC transporter permease		79855599	protein-coding		WP_022462073.1	297	PGS38_RS07380
NZ_JAQEGR010000006.1	130369	132684		plus	beta-glucosidase family protein		79855600	protein-coding		WP_119188524.1	771	PGS38_RS07385
NZ_JAQEGR010000006.1	132681	134045		plus	alpha-L-fucosidase		79855601	protein-coding		WP_022462075.1	454	PGS38_RS07390
NZ_JAQEGR010000006.1	134128	135381		minus	HlyC/CorC family transporter		79855602	protein-coding		WP_117509487.1	417	PGS38_RS07395
NZ_JAQEGR010000006.1	135620	137014		minus	glucuronate isomerase	uxaC	79855603	protein-coding		WP_119188523.1	464	PGS38_RS07400
NZ_JAQEGR010000006.1	137032	138666		minus	mannitol dehydrogenase family protein		79855604	protein-coding		WP_117804133.1	544	PGS38_RS07405
NZ_JAQEGR010000006.1	138682	139758		minus	mannonate dehydratase	uxuA	79855605	protein-coding		WP_119207803.1	358	PGS38_RS07410
NZ_JAQEGR010000006.1	140509	141747		plus	glutathione S-transferase C-terminal domain-containing protein		79855606	protein-coding		WP_117761082.1	412	PGS38_RS07415
NZ_JAQEGR010000006.1	141850	142773		plus	transporter substrate-binding domain-containing protein		79855607	protein-coding		WP_055264864.1	307	PGS38_RS07420
NZ_JAQEGR010000006.1	142869	143369		plus	GNAT family N-acetyltransferase		79855608	protein-coding		WP_118697464.1	166	PGS38_RS07425
NZ_JAQEGR010000006.1	143385	144137		plus	amino acid ABC transporter permease		79855609	protein-coding		WP_118595100.1	250	PGS38_RS07430
NZ_JAQEGR010000006.1	144124	144882		plus	amino acid ABC transporter ATP-binding protein		79855610	protein-coding		WP_022462084.1	252	PGS38_RS07435
NZ_JAQEGR010000006.1	144918	146036		plus	M20/M25/M40 family metallo-hydrolase		79855611	protein-coding		WP_179964632.1	372	PGS38_RS07440
NZ_JAQEGR010000006.1	146396	147370		plus	1-aminocyclopropane-1-carboxylate deaminase/D-cysteine desulfhydrase		79855612	protein-coding		WP_055218684.1	324	PGS38_RS07445
NZ_JAQEGR010000006.1	147367	148314		plus	glycosyltransferase family 2 protein		79855613	protein-coding		WP_117509476.1	315	PGS38_RS07450
NZ_JAQEGR010000006.1	148311	149531		plus	ATP-binding protein		79855614	protein-coding		WP_117509475.1	406	PGS38_RS07455
NZ_JAQEGR010000006.1	149627	149944		minus	hypothetical protein		79855615	protein-coding		WP_226906320.1	105	PGS38_RS07460
NZ_JAQEGR010000006.1	149990	150217		minus	hypothetical protein		79855616	protein-coding		WP_117509474.1	75	PGS38_RS07465
NZ_JAQEGR010000006.1	150368	150823		plus	putative ABC transporter permease		79855617	protein-coding		WP_158554976.1	151	PGS38_RS07470
NZ_JAQEGR010000006.1	150852	152801		plus	fructose-1,6-bisphosphatase		79855618	protein-coding		WP_117509472.1	649	PGS38_RS07475
NZ_JAQEGR010000006.1	152902	153951		plus	L-threonylcarbamoyladenylate synthase		79855619	protein-coding		WP_022462093.1	349	PGS38_RS07480
NZ_JAQEGR010000006.1	153954	154412		plus	arsenate reductase/protein-tyrosine-phosphatase family protein		79855620	protein-coding		WP_055218690.1	152	PGS38_RS07485
NZ_JAQEGR010000006.1	154409	154852		plus	ribose 5-phosphate isomerase B	rpiB	79855621	protein-coding		WP_055218692.1	147	PGS38_RS07490
NZ_JAQEGR010000006.1	154882	155511		plus	uracil phosphoribosyltransferase	upp	79855622	protein-coding		WP_117509471.1	209	PGS38_RS07495
NZ_JAQEGR010000006.1	155555	156043		plus	deoxycytidylate deaminase		79855623	protein-coding		WP_022462096.1	162	PGS38_RS07500
NZ_JAQEGR010000006.1	156138	157037		plus	AraC family transcriptional regulator		79855624	protein-coding		WP_055227269.1	299	PGS38_RS07505
NZ_JAQEGR010000006.1	157151	158620		plus	glycoside hydrolase family 30 protein		79855625	protein-coding		WP_117801463.1	489	PGS38_RS07510
NZ_JAQEGR010000006.1	158696	160105		minus	AI-2E family transporter		79855626	protein-coding		WP_158568320.1	469	PGS38_RS07515
NZ_JAQEGR010000006.1	160247	161575		plus	CCA tRNA nucleotidyltransferase		79855627	protein-coding		WP_118700139.1	442	PGS38_RS07520
NZ_JAQEGR010000006.1	161650	163515		minus	beta-N-acetylhexosaminidase		79855628	protein-coding		WP_055218699.1	621	PGS38_RS07525
NZ_JAQEGR010000006.1	163764	164741		plus	phosphotransferase		79855629	protein-coding		WP_117509466.1	325	PGS38_RS07530
NZ_JAQEGR010000006.1	164983	165255		plus	HU family DNA-binding protein		79855630	protein-coding		WP_022462103.1	90	PGS38_RS07535
NZ_JAQEGR010000006.1	165266	165505		plus	RNA-binding S4 domain-containing protein		79855631	protein-coding		WP_022462104.1	79	PGS38_RS07540
NZ_JAQEGR010000006.1	165593	165871		plus	sporulation protein YabP	yabP	79855632	protein-coding		WP_330410109.1	92	PGS38_RS07545
NZ_JAQEGR010000006.1	165874	166281		plus	spore cortex biosynthesis protein YabQ	yabQ	79855633	protein-coding		WP_117509465.1	135	PGS38_RS07550
NZ_JAQEGR010000006.1	166382	166711		plus	FtsB family cell division protein		79855634	protein-coding		WP_022462107.1	109	PGS38_RS07555
NZ_JAQEGR010000006.1	166786	168267		plus	SpoIIE family protein phosphatase		79855635	protein-coding		WP_173859212.1	493	PGS38_RS07560
NZ_JAQEGR010000006.1	168283	169704		plus	tRNA lysidine(34) synthetase TilS	tilS	79855636	protein-coding		WP_119188515.1	473	PGS38_RS07565
NZ_JAQEGR010000006.1	169701	170237		plus	hypoxanthine phosphoribosyltransferase	hpt	79855637	protein-coding		WP_117801456.1	178	PGS38_RS07570
NZ_JAQEGR010000006.1	170247	172109		plus	ATP-dependent zinc metalloprotease FtsH	ftsH	79855638	protein-coding		WP_117801455.1	620	PGS38_RS07575
NZ_JAQEGR010000006.1	172528	174618		plus	alpha-glycosidase		79855639	protein-coding		WP_118595111.1	696	PGS38_RS07580
NZ_JAQEGR010000006.1	175020	175105		minus	tRNA-Leu		79855640	tRNA				PGS38_RS07585
NZ_JAQEGR010000006.1	175109	175190		minus	tRNA-Tyr		79855641	tRNA				PGS38_RS07590
NZ_JAQEGR010000006.1	175383	176192		plus	FAD binding domain-containing protein		79855642	protein-coding		WP_118640002.1	269	PGS38_RS07595
NZ_JAQEGR010000006.1	176192	176662		plus	(2Fe-2S)-binding protein		79855643	protein-coding		WP_022462114.1	156	PGS38_RS07600
NZ_JAQEGR010000006.1	176659	178998		plus	xanthine dehydrogenase family protein molybdopterin-binding subunit		79855644	protein-coding		WP_270476117.1	779	PGS38_RS07605
NZ_JAQEGR010000006.1	178989	179576		plus	nucleotidyltransferase family protein		79855645	protein-coding		WP_119188514.1	195	PGS38_RS07610
NZ_JAQEGR010000006.1	179703	180284		plus	xanthine phosphoribosyltransferase		79855646	protein-coding		WP_055218716.1	193	PGS38_RS07615
NZ_JAQEGR010000006.1	180297	180548		plus	hypothetical protein		79855647	protein-coding		WP_022462118.1	83	PGS38_RS07620
NZ_JAQEGR010000006.1	180734	181030		plus	response regulator		87803038	protein-coding		WP_118640087.1	98	PGS38_RS17490
NZ_JAQEGR010000006.1	181000	181413		plus	ATP-binding protein		79855649	protein-coding		WP_118640003.1	137	PGS38_RS07630
NZ_JAQEGR010000006.1	181673	182770		plus	glycoside hydrolase family 172 protein		79855650	protein-coding		WP_055218718.1	365	PGS38_RS07635
NZ_JAQEGR010000006.1	183048	183821		plus	polyphosphate polymerase domain-containing protein		79855651	protein-coding		WP_118640004.1	257	PGS38_RS07640
NZ_JAQEGR010000006.1	184109	184562		plus	uncharacterized gene		307641382	pseudogene				PGS38_RS17930
NZ_JAQEGR010000006.1	184562	186571		plus	carbohydrate-binding domain-containing protein		79855653	protein-coding		WP_118640005.1	669	PGS38_RS07650
NZ_JAQEGR010000006.1	186722	187222		plus	GreA/GreB family elongation factor		79855654	protein-coding		WP_022462124.1	166	PGS38_RS07655
NZ_JAQEGR010000006.1	187251	187730		plus	S-ribosylhomocysteine lyase		79855655	protein-coding		WP_022462125.1	159	PGS38_RS07660
NZ_JAQEGR010000006.1	187821	188699		plus	aldose 1-epimerase family protein		79855656	protein-coding		WP_055218725.1	292	PGS38_RS07665
NZ_JAQEGR010000006.1	188860	190404		plus	glutamine-hydrolyzing GMP synthase	guaA	79855657	protein-coding		WP_055218727.1	514	PGS38_RS07670
NZ_JAQEGR010000006.1	190697	191227		minus	helix-turn-helix domain-containing protein		79855658	protein-coding		WP_009247529.1	176	PGS38_RS07675
NZ_JAQEGR010000006.1	191676	191864		plus	helix-turn-helix domain-containing protein		79855659	protein-coding		WP_009247528.1	62	PGS38_RS07680
NZ_JAQEGR010000006.1	191865	192956		plus	site-specific integrase		79855660	protein-coding		WP_009247527.1	363	PGS38_RS07685
NZ_JAQEGR010000006.1	192946	193281		plus	uncharacterized gene		79855661	pseudogene				PGS38_RS07690
NZ_JAQEGR010000006.1	193271	194425		plus	AAA family ATPase		79855662	protein-coding		WP_009247525.1	384	PGS38_RS07695
NZ_JAQEGR010000006.1	194781	195920		plus	plasmid recombination protein		79855663	protein-coding		WP_019190307.1	379	PGS38_RS07700
NZ_JAQEGR010000006.1	195947	196324		plus	TnpV protein		79855664	protein-coding		WP_009247523.1	125	PGS38_RS07705
NZ_JAQEGR010000006.1	196778	198322		plus	ATP-binding cassette domain-containing protein		79855665	protein-coding		WP_009247522.1	514	PGS38_RS07710
NZ_JAQEGR010000006.1	198407	198904		plus	nucleotidyltransferase domain-containing protein		79855666	protein-coding		WP_009247521.1	165	PGS38_RS07715
NZ_JAQEGR010000006.1	199524	199751		plus	hypothetical protein		79855667	protein-coding		WP_008705329.1	75	PGS38_RS07720
NZ_JAQEGR010000006.1	199744	199962		plus	hypothetical protein		79855668	protein-coding		WP_055227196.1	72	PGS38_RS07725
NZ_JAQEGR010000006.1	199959	200309		plus	hypothetical protein		98633864	protein-coding		WP_242856687.1	116	PGS38_RS17785
NZ_JAQEGR010000006.1	200695	201723		plus	hypothetical protein		79855670	protein-coding		WP_118640014.1	342	PGS38_RS07735
NZ_JAQEGR010000006.1	201720	202202		plus	PucR family transcriptional regulator		79855671	protein-coding		WP_158579541.1	160	PGS38_RS07740
NZ_JAQEGR010000006.1	202423	203490		plus	HD-GYP domain-containing protein		79855672	protein-coding		WP_118600675.1	355	PGS38_RS07745
NZ_JAQEGR010000006.1	203524	209601		plus	Cna B-type domain-containing protein		79855673	protein-coding		WP_243037537.1	2025	PGS38_RS07750
NZ_JAQEGR010000006.1	209784	210326		plus	signal peptidase I	lepB	79855674	protein-coding		WP_118600671.1	180	PGS38_RS07755
NZ_JAQEGR010000006.1	210383	211561		plus	DUF7601 domain-containing protein		79855675	protein-coding		WP_118600669.1	392	PGS38_RS07760
NZ_JAQEGR010000006.1	211662	212564		plus	class B sortase	srtB	79855676	protein-coding		WP_199671264.1	300	PGS38_RS07765
NZ_JAQEGR010000006.1	212551	213240		plus	Spy0128 family protein		79855677	protein-coding		WP_055227179.1	229	PGS38_RS07770
NZ_JAQEGR010000006.1	213397	213873		plus	RrF2 family transcriptional regulator		79855678	protein-coding		WP_082424891.1	158	PGS38_RS07775
NZ_JAQEGR010000006.1	214008	215672		plus	PucR family transcriptional regulator		79855679	protein-coding		WP_118600667.1	554	PGS38_RS07780
NZ_JAQEGR010000007.1	134	991		minus	AraC family transcriptional regulator		79855680	protein-coding		WP_118659354.1	285	PGS38_RS07785
NZ_JAQEGR010000007.1	1237	3432		plus	alpha-galactosidase		79855681	protein-coding		WP_117761930.1	731	PGS38_RS07790
NZ_JAQEGR010000007.1	3630	4514		plus	SH3 domain-containing protein		79855682	protein-coding		WP_117761931.1	294	PGS38_RS07795
NZ_JAQEGR010000007.1	4625	4696		minus	tRNA-Cys		79855683	tRNA				PGS38_RS07800
NZ_JAQEGR010000007.1	4700	4771		minus	tRNA-Glu		79855684	tRNA				PGS38_RS07805
NZ_JAQEGR010000007.1	4922	5884		minus	AraC family transcriptional regulator		79855685	protein-coding		WP_118659355.1	320	PGS38_RS07810
NZ_JAQEGR010000007.1	5986	7617		plus	glycoside hydrolase family 13 protein		79855686	protein-coding		WP_118659356.1	543	PGS38_RS07815
NZ_JAQEGR010000007.1	7684	9279		plus	response regulator transcription factor		79855687	protein-coding		WP_117804869.1	531	PGS38_RS07820
NZ_JAQEGR010000007.1	9167	10735		plus	extracellular solute-binding protein		79855688	protein-coding		WP_270476151.1	522	PGS38_RS07825
NZ_JAQEGR010000007.1	10913	12781		plus	serine hydrolase domain-containing protein		79855689	protein-coding		WP_158581775.1	622	PGS38_RS07830
NZ_JAQEGR010000007.1	12869	13933		minus	PTS sugar transporter subunit IIC		79855690	protein-coding		WP_117509767.1	354	PGS38_RS07835
NZ_JAQEGR010000007.1	14141	14992		plus	class B sortase	srtB	79855691	protein-coding		WP_055220142.1	283	PGS38_RS07840
NZ_JAQEGR010000007.1	15019	15750		plus	NAD-dependent protein deacylase		79855692	protein-coding		WP_118666499.1	243	PGS38_RS07845
NZ_JAQEGR010000007.1	15857	16048		plus	DUF951 domain-containing protein		79855693	protein-coding		WP_022461609.1	63	PGS38_RS07850
NZ_JAQEGR010000007.1	16196	16483		plus	30S ribosomal protein S6	rpsF	79855694	protein-coding		WP_022461610.1	95	PGS38_RS07855
NZ_JAQEGR010000007.1	16495	16956		plus	single-stranded DNA-binding protein		79855695	protein-coding		WP_055220137.1	153	PGS38_RS07860
NZ_JAQEGR010000007.1	16977	17225		plus	30S ribosomal protein S18	rpsR	79855696	protein-coding		WP_022461611.1	82	PGS38_RS07865
NZ_JAQEGR010000007.1	17415	19460		plus	DHH family phosphoesterase		79855697	protein-coding		WP_270476127.1	681	PGS38_RS07870
NZ_JAQEGR010000007.1	19462	19908		plus	50S ribosomal protein L9	rplI	79855698	protein-coding		WP_022461613.1	148	PGS38_RS07875
NZ_JAQEGR010000007.1	19913	21247		plus	replicative DNA helicase	dnaB	79855699	protein-coding		WP_022461614.1	444	PGS38_RS07880
NZ_JAQEGR010000007.1	21405	22001		plus	MerR family transcriptional regulator		79855700	protein-coding		WP_055220134.1	198	PGS38_RS07885
NZ_JAQEGR010000007.1	22065	22268		minus	DUF1858 domain-containing protein		79855701	protein-coding		WP_022461615.1	67	PGS38_RS07890
NZ_JAQEGR010000007.1	22475	22645		plus	DUF362 domain-containing protein		79855702	protein-coding		WP_022461616.1	56	PGS38_RS07895
NZ_JAQEGR010000007.1	22714	23463		minus	adaptor protein MecA		79855703	protein-coding		WP_055220132.1	249	PGS38_RS07900
NZ_JAQEGR010000007.1	24159	25859		plus	glycosyl hydrolase family 18 protein		79855704	protein-coding		WP_270476128.1	566	PGS38_RS07905
NZ_JAQEGR010000007.1	25920	26936		plus	coiled-coil domain-containing protein		79855705	protein-coding		WP_117814513.1	338	PGS38_RS07910
NZ_JAQEGR010000007.1	27019	27810		plus	N-acetylmuramoyl-L-alanine amidase		79855706	protein-coding		WP_330421815.1	263	PGS38_RS07915
NZ_JAQEGR010000007.1	27707	28981		plus	transglutaminase domain-containing protein		79855707	protein-coding		WP_118659361.1	424	PGS38_RS07920
NZ_JAQEGR010000007.1	29117	29281		plus	hypothetical protein		307641383	protein-coding		WP_330410122.1	54	PGS38_RS17935
NZ_JAQEGR010000007.1	29402	31063		plus	class I SAM-dependent methyltransferase		79855709	protein-coding		WP_118659426.1	553	PGS38_RS07930
NZ_JAQEGR010000007.1	31074	32015		plus	ABC transporter permease		79855710	protein-coding		WP_118659362.1	313	PGS38_RS07935
NZ_JAQEGR010000007.1	32012	32818		plus	nickel transporter permease	nikC	79855711	protein-coding		WP_055228100.1	268	PGS38_RS07940
NZ_JAQEGR010000007.1	32855	33691		plus	ABC transporter ATP-binding protein		79855712	protein-coding		WP_118659363.1	278	PGS38_RS07945
NZ_JAQEGR010000007.1	33684	34451		plus	ABC transporter ATP-binding protein		79855713	protein-coding		WP_022461627.1	255	PGS38_RS07950
NZ_JAQEGR010000007.1	34523	36085		plus	ABC transporter substrate-binding protein		79855714	protein-coding		WP_118659364.1	520	PGS38_RS07955
NZ_JAQEGR010000007.1	36194	37603		plus	Sapep family Mn(2+)-dependent dipeptidase		79855715	protein-coding		WP_118659365.1	469	PGS38_RS07960
NZ_JAQEGR010000007.1	37713	39413		minus	ABC-ATPase domain-containing protein		79855716	protein-coding		WP_119188623.1	566	PGS38_RS07965
NZ_JAQEGR010000007.1	39555	40568		minus	LacI family DNA-binding transcriptional regulator		79855717	protein-coding		WP_117509779.1	337	PGS38_RS07970
NZ_JAQEGR010000007.1	40920	42320		plus	L-fucose/L-arabinose isomerase family protein		79855718	protein-coding		WP_117814507.1	466	PGS38_RS07975
NZ_JAQEGR010000007.1	42326	43159		plus	transketolase		79855719	protein-coding		WP_117509781.1	277	PGS38_RS07980
NZ_JAQEGR010000007.1	43156	44088		plus	transketolase family protein		79855720	protein-coding		WP_119188622.1	310	PGS38_RS07985
NZ_JAQEGR010000007.1	44408	45895		plus	FGGY-family carbohydrate kinase		79855721	protein-coding		WP_119188621.1	495	PGS38_RS07990
NZ_JAQEGR010000007.1	46303	46404		plus	DUF6783 domain-containing protein		98633866	protein-coding		WP_368249762.1	33	PGS38_RS17795
NZ_JAQEGR010000007.1	46486	47205		plus	metallophosphoesterase		79855722	protein-coding		WP_119188639.1	239	PGS38_RS07995
NZ_JAQEGR010000007.1	47401	48057		plus	metallophosphoesterase		79855723	protein-coding		WP_118640458.1	218	PGS38_RS08000
NZ_JAQEGR010000007.1	48076	48858		plus	metallophosphoesterase		79855724	protein-coding		WP_118640459.1	260	PGS38_RS08005
NZ_JAQEGR010000007.1	48995	50050		plus	AAA family ATPase		79855725	protein-coding		WP_118640460.1	351	PGS38_RS08010
NZ_JAQEGR010000007.1	50069	51898		plus	vWA domain-containing protein		79855726	protein-coding		WP_118640461.1	609	PGS38_RS08015
NZ_JAQEGR010000007.1	52024	52713		plus	metallophosphoesterase family protein		79855727	protein-coding		WP_118640462.1	229	PGS38_RS08020
NZ_JAQEGR010000007.1	52825	53016		minus	YlcI/YnfO family protein		79855728	protein-coding		WP_055220177.1	63	PGS38_RS08025
NZ_JAQEGR010000007.1	53532	57380		plus	PEGA domain-containing protein		79855729	protein-coding		WP_118640463.1	1282	PGS38_RS08030
NZ_JAQEGR010000007.1	57505	59424		plus	hypothetical protein		79855730	protein-coding		WP_118640464.1	639	PGS38_RS08035
NZ_JAQEGR010000007.1	59703	60728		plus	hypothetical protein		79855731	protein-coding		WP_118640465.1	341	PGS38_RS08040
NZ_JAQEGR010000007.1	60968	62710		plus	AAA family ATPase		79855732	protein-coding		WP_118640466.1	580	PGS38_RS08045
NZ_JAQEGR010000007.1	62833	63123		plus	hypothetical protein		79855733	protein-coding		WP_055228085.1	96	PGS38_RS08050
NZ_JAQEGR010000007.1	63148	63996		plus	TIGR02452 family protein		79855734	protein-coding		WP_270476135.1	282	PGS38_RS08055
NZ_JAQEGR010000007.1	64312	64755		plus	response regulator		79855735	protein-coding		WP_270476137.1	147	PGS38_RS08060
NZ_JAQEGR010000007.1	64694	65047		plus	hypothetical protein		98633867	protein-coding		WP_369123055.1	117	PGS38_RS17800
NZ_JAQEGR010000007.1	64990	65268		plus	hypothetical protein		79855736	protein-coding		WP_118640469.1	92	PGS38_RS08065
NZ_JAQEGR010000007.1	65304	65549		plus	hypothetical protein		79855737	protein-coding		WP_118640470.1	81	PGS38_RS08070
NZ_JAQEGR010000007.1	66056	66565		plus	L,D-transpeptidase		79855738	protein-coding		WP_173815205.1	169	PGS38_RS08075
NZ_JAQEGR010000007.1	66698	67603		plus	hypothetical protein		79855739	protein-coding		WP_118640472.1	301	PGS38_RS08080
NZ_JAQEGR010000007.1	67649	67903		plus	hypothetical protein		79855740	protein-coding		WP_118640473.1	84	PGS38_RS08085
NZ_JAQEGR010000007.1	68082	68903		plus	hypothetical protein		79855741	protein-coding		WP_118640474.1	273	PGS38_RS08090
NZ_JAQEGR010000007.1	69153	70283		plus	WYL domain-containing protein		79855742	protein-coding		WP_158565894.1	376	PGS38_RS08095
NZ_JAQEGR010000007.1	70374	70655		plus	hypothetical protein		79855743	protein-coding		WP_117509814.1	93	PGS38_RS08100
NZ_JAQEGR010000007.1	70784	71272		plus	HAD domain-containing protein		79855744	protein-coding		WP_118640475.1	162	PGS38_RS08105
NZ_JAQEGR010000007.1	71376	71810		plus	hypothetical protein		79855745	protein-coding		WP_117814087.1	144	PGS38_RS08110
NZ_JAQEGR010000007.1	72008	72169		plus	hypothetical protein		79855746	protein-coding		WP_156327583.1	53	PGS38_RS08115
NZ_JAQEGR010000007.1	72182	72286		plus	tRNA-OTHER		79855747	tRNA				PGS38_RS08120
NZ_JAQEGR010000007.1	72341	72931		plus	GNAT family N-acetyltransferase		79855748	protein-coding		WP_055228064.1	196	PGS38_RS08125
NZ_JAQEGR010000007.1	72921	73487		plus	hypothetical protein		79855749	protein-coding		WP_055228063.1	188	PGS38_RS08130
NZ_JAQEGR010000007.1	73537	74847		plus	hypothetical protein		79855750	protein-coding		WP_055228062.1	436	PGS38_RS08135
NZ_JAQEGR010000007.1	74862	75686		plus	hypothetical protein		79855751	protein-coding		WP_055228061.1	274	PGS38_RS08140
NZ_JAQEGR010000007.1	75683	76174		plus	P-loop NTPase family protein		79855752	protein-coding		WP_055228060.1	163	PGS38_RS08145
NZ_JAQEGR010000007.1	76278	78344		plus	AAA family ATPase		79855753	protein-coding		WP_055228059.1	688	PGS38_RS08150
NZ_JAQEGR010000007.1	78543	79169		plus	HD domain-containing protein		79855754	protein-coding		WP_055228058.1	208	PGS38_RS08155
NZ_JAQEGR010000007.1	79515	79637		plus	tRNA-Phe		79855755	tRNA				PGS38_RS08160
NZ_JAQEGR010000007.1	79827	81314		plus	DUF2828 family protein		79855756	protein-coding		WP_243030547.1	495	PGS38_RS08165
NZ_JAQEGR010000007.1	81412	82101		plus	hypothetical protein		79855757	protein-coding		WP_117814101.1	229	PGS38_RS08170
NZ_JAQEGR010000007.1	82382	82500		plus	tRNA-Phe		79855758	tRNA				PGS38_RS08175
NZ_JAQEGR010000007.1	82772	83959		minus	pyridoxal phosphate-dependent aminotransferase		79855759	protein-coding		WP_118594852.1	395	PGS38_RS08180
NZ_JAQEGR010000007.1	84015	84671		minus	glycerol-3-phosphate acyltransferase		79855760	protein-coding		WP_243037969.1	218	PGS38_RS08185
NZ_JAQEGR010000007.1	84678	85793		minus	MGDG synthase family glycosyltransferase		79855761	protein-coding		WP_055220026.1	371	PGS38_RS08190
NZ_JAQEGR010000007.1	86199	88628		plus	glycoside hydrolase family 3 protein		79855762	protein-coding		WP_118594853.1	809	PGS38_RS08195
NZ_JAQEGR010000007.1	88835	90208		minus	MATE family efflux transporter		79855763	protein-coding		WP_118594854.1	457	PGS38_RS08200
NZ_JAQEGR010000007.1	90487	91047		plus	biotin transporter BioY		79855764	protein-coding		WP_022461328.1	186	PGS38_RS08205
NZ_JAQEGR010000007.1	91340	92095		plus	transglycosylase domain-containing protein		79855765	protein-coding		WP_238046220.1	251	PGS38_RS08210
NZ_JAQEGR010000007.1	92118	92255		plus	hypothetical protein		79855766	protein-coding		WP_156327580.1	45	PGS38_RS08215
NZ_JAQEGR010000007.1	92413	92985		plus	M48 family metallopeptidase		79855767	protein-coding		WP_118594855.1	190	PGS38_RS08220
NZ_JAQEGR010000007.1	93004	93963		plus	hypothetical protein		79855768	protein-coding		WP_118594856.1	319	PGS38_RS08225
NZ_JAQEGR010000007.1	94047	94487		plus	SseB family protein		79855769	protein-coding		WP_226906325.1	146	PGS38_RS08230
NZ_JAQEGR010000007.1	94560	95360		plus	MBL fold metallo-hydrolase		79855770	protein-coding		WP_055220012.1	266	PGS38_RS08235
NZ_JAQEGR010000007.1	95787	98438		plus	valine--tRNA ligase		79855771	protein-coding		WP_118594857.1	883	PGS38_RS08240
NZ_JAQEGR010000007.1	98439	100655		plus	LTA synthase family protein		79855772	protein-coding		WP_070100823.1	738	PGS38_RS08245
NZ_JAQEGR010000007.1	100838	102133		plus	bifunctional folylpolyglutamate synthase/dihydrofolate synthase		79855773	protein-coding		WP_055220006.1	431	PGS38_RS08250
NZ_JAQEGR010000007.1	102160	102333		plus	hypothetical protein		79855774	protein-coding		WP_022461761.1	57	PGS38_RS08255
NZ_JAQEGR010000007.1	102343	103758		plus	tetratricopeptide repeat protein		79855775	protein-coding		WP_022461762.1	471	PGS38_RS08260
NZ_JAQEGR010000007.1	103966	104289		plus	anti-sigma factor antagonist		79855776	protein-coding		WP_022461763.1	107	PGS38_RS08265
NZ_JAQEGR010000007.1	104328	104798		plus	anti-sigma F factor	spoIIAB	79855777	protein-coding		WP_270423031.1	156	PGS38_RS08270
NZ_JAQEGR010000007.1	104832	105548		plus	SigB/SigF/SigG family RNA polymerase sigma factor		79855778	protein-coding		WP_055220004.1	238	PGS38_RS08275
NZ_JAQEGR010000007.1	105742	106296		plus	helix-turn-helix domain-containing protein		79855779	protein-coding		WP_117509833.1	184	PGS38_RS08280
NZ_JAQEGR010000007.1	106634	107851		plus	aspartate aminotransferase family protein		79855780	protein-coding		WP_118594859.1	405	PGS38_RS08285
NZ_JAQEGR010000007.1	108015	108635		plus	cytidylate kinase-like family protein		79855781	protein-coding		WP_117509835.1	206	PGS38_RS08290
NZ_JAQEGR010000007.1	108639	110162		plus	APC family permease		79855782	protein-coding		WP_118594860.1	507	PGS38_RS08295
NZ_JAQEGR010000007.1	110241	111425		plus	iron-containing alcohol dehydrogenase family protein		79855783	protein-coding		WP_118594888.1	394	PGS38_RS08300
NZ_JAQEGR010000007.1	111613	112557		plus	AAA family ATPase		79855784	protein-coding		WP_055219993.1	314	PGS38_RS08305
NZ_JAQEGR010000007.1	112564	113694		plus	DUF58 domain-containing protein		79855785	protein-coding		WP_022461768.1	376	PGS38_RS08310
NZ_JAQEGR010000007.1	113685	115064		plus	DUF4129 domain-containing protein		79855786	protein-coding		WP_118594861.1	459	PGS38_RS08315
NZ_JAQEGR010000007.1	115066	115539		minus	stage V sporulation protein AC	spoVAC	79855787	protein-coding		WP_022461770.1	157	PGS38_RS08320
NZ_JAQEGR010000007.1	115559	115981		minus	stage V sporulation protein AB		79855788	protein-coding		WP_055219986.1	140	PGS38_RS08325
NZ_JAQEGR010000007.1	115938	116606		minus	stage V sporulation protein AA		79855789	protein-coding		WP_055219984.1	222	PGS38_RS08330
NZ_JAQEGR010000007.1	116764	117783		plus	stage V sporulation protein AD	spoVAD	79855790	protein-coding		WP_055219982.1	339	PGS38_RS08335
NZ_JAQEGR010000007.1	117797	118153		plus	SpoVA/SpoVAEb family sporulation membrane protein		79855791	protein-coding		WP_055220161.1	118	PGS38_RS08340
NZ_JAQEGR010000007.1	118311	118973		plus	methylated-DNA--[protein]-cysteine S-methyltransferase		79855792	protein-coding		WP_055220159.1	220	PGS38_RS08345
NZ_JAQEGR010000007.1	119073	120275		minus	MalY/PatB family protein		79855793	protein-coding		WP_055219980.1	400	PGS38_RS08350
NZ_JAQEGR010000007.1	120451	121533		minus	glutamate 5-kinase	proB	79855794	protein-coding		WP_243110732.1	360	PGS38_RS08355
NZ_JAQEGR010000007.1	121812	122894		plus	NUDIX domain-containing protein		79855795	protein-coding		WP_118697593.1	360	PGS38_RS08360
NZ_JAQEGR010000007.1	123064	123657		minus	ECF transporter S component		79855796	protein-coding		WP_022461779.1	197	PGS38_RS08365
NZ_JAQEGR010000007.1	123768	124148		minus	DUF3783 domain-containing protein		79855797	protein-coding		WP_055219975.1	126	PGS38_RS08370
NZ_JAQEGR010000007.1	124312	125178		plus	class I SAM-dependent methyltransferase		79855798	protein-coding		WP_022461781.1	288	PGS38_RS08375
NZ_JAQEGR010000007.1	125397	126683		plus	aspartate aminotransferase type Ic		79855799	protein-coding		WP_118640478.1	428	PGS38_RS08380
NZ_JAQEGR010000007.1	126814	128232		plus	L,D-transpeptidase family protein		79855800	protein-coding		WP_055228034.1	472	PGS38_RS08385
NZ_JAQEGR010000007.1	128288	129337		plus	D-alanine--D-alanine ligase family protein		79855801	protein-coding		WP_055228033.1	349	PGS38_RS08390
NZ_JAQEGR010000007.1	129334	130713		plus	UDP-N-acetylmuramoyl-tripeptide--D-alanyl-D-alanine ligase		79855802	protein-coding		WP_055228032.1	459	PGS38_RS08395
NZ_JAQEGR010000007.1	130795	130911		plus	putative holin-like toxin		79855803	protein-coding		WP_226906323.1	38	PGS38_RS08400
NZ_JAQEGR010000007.1	131043	131774		minus	lysophospholipid acyltransferase family protein		79855804	protein-coding		WP_117804925.1	243	PGS38_RS08405
NZ_JAQEGR010000007.1	131952	132374		plus	protease complex subunit PrcB family protein		79855805	protein-coding		WP_022461788.1	140	PGS38_RS08410
NZ_JAQEGR010000007.1	132390	133943		plus	DUF3794 and LysM peptidoglycan-binding domain-containing protein		79855806	protein-coding		WP_118594866.1	517	PGS38_RS08415
NZ_JAQEGR010000007.1	134022	134465		minus	ImmA/IrrE family metallo-endopeptidase		79855807	protein-coding		WP_055219960.1	147	PGS38_RS08420
NZ_JAQEGR010000007.1	134471	134887		minus	helix-turn-helix domain-containing protein		79855808	protein-coding		WP_055219958.1	138	PGS38_RS08425
NZ_JAQEGR010000007.1	135137	142099		plus	DNRLRE domain-containing protein		79855809	protein-coding		WP_118640480.1	2320	PGS38_RS08430
NZ_JAQEGR010000007.1	142181	142666		plus	hypothetical protein		79855810	protein-coding		WP_055219954.1	161	PGS38_RS08435
NZ_JAQEGR010000007.1	142762	143181		plus	phage holin family protein		79855811	protein-coding		WP_118640481.1	139	PGS38_RS08440
NZ_JAQEGR010000007.1	143178	143897		plus	N-acetylmuramoyl-L-alanine amidase		79855812	protein-coding		WP_118640482.1	239	PGS38_RS08445
NZ_JAQEGR010000007.1	144056	144310		plus	hypothetical protein		79855813	protein-coding		WP_055219949.1	84	PGS38_RS08450
NZ_JAQEGR010000007.1	144438	144920		plus	hypothetical protein		79855814	protein-coding		WP_117761627.1	160	PGS38_RS08455
NZ_JAQEGR010000007.1	144946	145431		plus	hypothetical protein		79855815	protein-coding		WP_117804928.1	161	PGS38_RS08460
NZ_JAQEGR010000007.1	145523	146080		plus	hypothetical protein		79855816	protein-coding		WP_117804929.1	185	PGS38_RS08465
NZ_JAQEGR010000007.1	146197	147546		plus	MATE family efflux transporter		79855817	protein-coding		WP_118640483.1	449	PGS38_RS08470
NZ_JAQEGR010000007.1	147613	148653		plus	YeiH family protein		79855818	protein-coding		WP_118640484.1	346	PGS38_RS08475
NZ_JAQEGR010000007.1	148709	149524		minus	Cof-type HAD-IIB family hydrolase		79855819	protein-coding		WP_117509860.1	271	PGS38_RS08480
NZ_JAQEGR010000007.1	149856	150686		plus	alpha/beta hydrolase		79855820	protein-coding		WP_055219937.1	276	PGS38_RS08485
NZ_JAQEGR010000007.1	150707	150979		plus	hypothetical protein		79855821	protein-coding		WP_022461797.1	90	PGS38_RS08490
NZ_JAQEGR010000007.1	151542	153245		plus	proline--tRNA ligase		79855822	protein-coding		WP_270476143.1	567	PGS38_RS08495
NZ_JAQEGR010000007.1	153320	153823		plus	NUDIX hydrolase		79855823	protein-coding		WP_117804932.1	167	PGS38_RS08500
NZ_JAQEGR010000007.1	153974	155272		minus	dicarboxylate/amino acid:cation symporter		79855824	protein-coding		WP_022462385.1	432	PGS38_RS08505
NZ_JAQEGR010000007.1	155272	156117		minus	dTDP-4-dehydrorhamnose reductase	rfbD	79855825	protein-coding		WP_117509864.1	281	PGS38_RS08510
NZ_JAQEGR010000007.1	156330	157661		plus	MATE family efflux transporter		79855826	protein-coding		WP_117804950.1	443	PGS38_RS08515
NZ_JAQEGR010000007.1	157824	159050		plus	dicarboxylate/amino acid:cation symporter		79855827	protein-coding		WP_117802377.1	408	PGS38_RS08520
NZ_JAQEGR010000007.1	159118	160332		minus	GNAT family N-acetyltransferase		79855828	protein-coding		WP_022462381.1	404	PGS38_RS08525
NZ_JAQEGR010000007.1	160589	160825		plus	uncharacterized gene		79855829	pseudogene				PGS38_RS08530
NZ_JAQEGR010000007.1	161017	163095		plus	diguanylate cyclase		79855830	protein-coding		WP_330591463.1	692	PGS38_RS08535
NZ_JAQEGR010000007.1	163349	164140		plus	shikimate kinase		79855831	protein-coding		WP_117761637.1	263	PGS38_RS08540
NZ_JAQEGR010000007.1	164124	164309		plus	hypothetical protein		79855832	protein-coding		WP_270476145.1	61	PGS38_RS08545
NZ_JAQEGR010000007.1	164539	166290		plus	peptide ABC transporter substrate-binding protein		79855833	protein-coding		WP_173827630.1	583	PGS38_RS08550
NZ_JAQEGR010000007.1	166406	167362		plus	ABC transporter permease		79855834	protein-coding		WP_022462669.1	318	PGS38_RS08555
NZ_JAQEGR010000007.1	167373	168290		plus	ABC transporter permease		79855835	protein-coding		WP_022462668.1	305	PGS38_RS08560
NZ_JAQEGR010000007.1	168309	169340		plus	ABC transporter ATP-binding protein		79855836	protein-coding		WP_022462667.1	343	PGS38_RS08565
NZ_JAQEGR010000007.1	169340	170341		plus	ABC transporter ATP-binding protein		79855837	protein-coding		WP_022462666.1	333	PGS38_RS08570
NZ_JAQEGR010000007.1	170345	170698		plus	hypothetical protein		79855838	protein-coding		WP_022462665.1	117	PGS38_RS08575
NZ_JAQEGR010000007.1	170780	171367		minus	P-loop nucleotide/nucleoside kinase family protein		79855839	protein-coding		WP_022462664.1	195	PGS38_RS08580
NZ_JAQEGR010000007.1	171534	172589		plus	flavodoxin-dependent (E)-4-hydroxy-3-methylbut-2-enyl-diphosphate synthase	ispG	79855840	protein-coding		WP_022462663.1	351	PGS38_RS08585
NZ_JAQEGR010000007.1	172610	177199		plus	PolC-type DNA polymerase III		79855841	protein-coding		WP_117509873.1	1529	PGS38_RS08590
NZ_JAQEGR010000007.1	177301	180876		plus	DUF5717 family protein		79855842	protein-coding		WP_270476146.1	1191	PGS38_RS08595
NZ_JAQEGR010000007.1	180858	182105		plus	DUF5716 family protein		79855843	protein-coding		WP_270476147.1	415	PGS38_RS08600
NZ_JAQEGR010000007.1	182109	182885		plus	hypothetical protein		79855844	protein-coding		WP_270476148.1	258	PGS38_RS08605
NZ_JAQEGR010000007.1	183322	184872		plus	anthranilate synthase component I	trpE	79855845	protein-coding		WP_270476149.1	516	PGS38_RS08610
NZ_JAQEGR010000007.1	184869	185441		plus	anthranilate synthase component II		79855846	protein-coding		WP_117761644.1	190	PGS38_RS08615
NZ_JAQEGR010000007.1	185476	186495		plus	anthranilate phosphoribosyltransferase	trpD	79855847	protein-coding		WP_117761645.1	339	PGS38_RS08620
NZ_JAQEGR010000007.1	186500	187282		plus	indole-3-glycerol phosphate synthase TrpC	trpC	79855848	protein-coding		WP_117761646.1	260	PGS38_RS08625
NZ_JAQEGR010000007.1	187336	187944		plus	phosphoribosylanthranilate isomerase		79855849	protein-coding		WP_055228636.1	202	PGS38_RS08630
NZ_JAQEGR010000007.1	187937	189121		plus	tryptophan synthase subunit beta	trpB	79855850	protein-coding		WP_022462653.1	394	PGS38_RS08635
NZ_JAQEGR010000007.1	189114	189896		plus	tryptophan synthase subunit alpha	trpA	79855851	protein-coding		WP_117804941.1	260	PGS38_RS08640
NZ_JAQEGR010000007.1	190034	190957		plus	ribonuclease Z		79855852	protein-coding		WP_118601061.1	307	PGS38_RS08645
NZ_JAQEGR010000007.1	190950	191975		plus	tRNA (adenosine(37)-N6)-threonylcarbamoyltransferase complex transferase subunit TsaD	tsaD	79855853	protein-coding		WP_022462650.1	341	PGS38_RS08650
NZ_JAQEGR010000007.1	192055	192783		plus	2-C-methyl-D-erythritol 4-phosphate cytidylyltransferase	ispD	79855854	protein-coding		WP_270476150.1	242	PGS38_RS08655
NZ_JAQEGR010000007.1	193034	193119		plus	tRNA-Ser		79855855	tRNA				PGS38_RS08660
NZ_JAQEGR010000007.1	193168	193257		plus	tRNA-Ser		79855856	tRNA				PGS38_RS08665
NZ_JAQEGR010000007.1	193483	194920		plus	16S ribosomal RNA		79855857	rRNA				PGS38_RS08670
NZ_JAQEGR010000008.1	1	320		plus	hypothetical protein		79855858	protein-coding		WP_330670627.1	105	PGS38_RS08675
NZ_JAQEGR010000008.1	331	804		plus	hypothetical protein		79855859	protein-coding		WP_158583753.1	157	PGS38_RS08680
NZ_JAQEGR010000008.1	859	1203		plus	hypothetical protein		79855860	protein-coding		WP_005339644.1	114	PGS38_RS08685
NZ_JAQEGR010000008.1	1280	2629		plus	hypothetical protein		79855861	protein-coding		WP_117801916.1	449	PGS38_RS08690
NZ_JAQEGR010000008.1	2650	3774		plus	Fic family protein		79855862	protein-coding		WP_270476154.1	374	PGS38_RS08695
NZ_JAQEGR010000008.1	3972	4382		plus	uncharacterized gene		79855863	pseudogene				PGS38_RS08700
NZ_JAQEGR010000008.1	4403	5092		plus	response regulator transcription factor		79855864	protein-coding		WP_055181289.1	229	PGS38_RS08705
NZ_JAQEGR010000008.1	5068	6333		plus	sensor histidine kinase		79855865	protein-coding		WP_118640289.1	421	PGS38_RS08710
NZ_JAQEGR010000008.1	6511	7185		plus	ABC transporter ATP-binding protein		79855866	protein-coding		WP_006426335.1	224	PGS38_RS08715
NZ_JAQEGR010000008.1	7182	9626		plus	ABC transporter permease		79855867	protein-coding		WP_119188570.1	814	PGS38_RS08720
NZ_JAQEGR010000008.1	9975	10073		plus	uncharacterized gene		87803042	pseudogene				PGS38_RS17510
NZ_JAQEGR010000008.1	10203	11324		plus	ROK family transcriptional regulator		79855869	protein-coding		WP_330423520.1	373	PGS38_RS08730
NZ_JAQEGR010000008.1	11722	12750		plus	zinc-dependent alcohol dehydrogenase		79855870	protein-coding		WP_055268459.1	342	PGS38_RS08735
NZ_JAQEGR010000008.1	12760	13152		plus	VOC family protein		79855871	protein-coding		WP_119188569.1	130	PGS38_RS08740
NZ_JAQEGR010000008.1	13171	14535		plus	MFS transporter		79855872	protein-coding		WP_118601432.1	454	PGS38_RS08745
NZ_JAQEGR010000008.1	15104	15958		plus	YitT family protein		79855873	protein-coding		WP_118601433.1	284	PGS38_RS08750
NZ_JAQEGR010000008.1	16215	17615		plus	rhamnulokinase	rhaB	79855874	protein-coding		WP_118601434.1	466	PGS38_RS08755
NZ_JAQEGR010000008.1	17650	19071		plus	arabinose isomerase		79855875	protein-coding		WP_118742058.1	473	PGS38_RS08760
NZ_JAQEGR010000008.1	19117	19938		plus	rhamnulose-1-phosphate aldolase	rhaD	79855876	protein-coding		WP_055265851.1	273	PGS38_RS08765
NZ_JAQEGR010000008.1	20149	21831		plus	AAA family ATPase		79855877	protein-coding		WP_270476158.1	560	PGS38_RS08770
NZ_JAQEGR010000008.1	21896	22828		minus	AEC family transporter		79855878	protein-coding		WP_118594592.1	310	PGS38_RS08775
NZ_JAQEGR010000008.1	23415	24059		plus	L-2-amino-thiazoline-4-carboxylic acid hydrolase		79855879	protein-coding		WP_118594593.1	214	PGS38_RS08780
NZ_JAQEGR010000008.1	24128	24934		plus	class I SAM-dependent methyltransferase		79855880	protein-coding		WP_055227053.1	268	PGS38_RS08785
NZ_JAQEGR010000008.1	25053	25709		minus	SDR family NAD(P)-dependent oxidoreductase		79855881	protein-coding		WP_270476161.1	218	PGS38_RS08790
NZ_JAQEGR010000008.1	25940	26671		plus	ABC transporter ATP-binding protein		79855882	protein-coding		WP_055227049.1	243	PGS38_RS08795
NZ_JAQEGR010000008.1	26671	27594		plus	SufB/SufD family protein		79855883	protein-coding		WP_055219683.1	307	PGS38_RS08800
NZ_JAQEGR010000008.1	27781	27912		plus	hypothetical protein		79855884	protein-coding		WP_256372457.1	43	PGS38_RS08805
NZ_JAQEGR010000008.1	27938	28150		plus	beta-galactosidase trimerization domain-containing protein		98633868	protein-coding		WP_416388408.1	70	PGS38_RS17805
NZ_JAQEGR010000008.1	28099	28308		plus	hypothetical protein		79855885	protein-coding		WP_118594596.1	69	PGS38_RS08810
NZ_JAQEGR010000008.1	28496	29332		plus	pyridoxamine kinase		79855886	protein-coding		WP_118594597.1	278	PGS38_RS08815
NZ_JAQEGR010000008.1	29332	29991		plus	TatD family nuclease-associated radical SAM protein		79855887	protein-coding		WP_022462642.1	219	PGS38_RS08820
NZ_JAQEGR010000008.1	30072	31454		plus	uracil-xanthine permease family protein		79855888	protein-coding		WP_117804221.1	460	PGS38_RS08825
NZ_JAQEGR010000008.1	31737	32219		minus	N-acetyltransferase		79855889	protein-coding		WP_022462640.1	160	PGS38_RS08830
NZ_JAQEGR010000008.1	32436	33677		plus	Nramp family divalent metal transporter		79855890	protein-coding		WP_118594598.1	413	PGS38_RS08835
NZ_JAQEGR010000008.1	33754	34611		minus	LysR family transcriptional regulator		79855891	protein-coding		WP_118594599.1	285	PGS38_RS08840
NZ_JAQEGR010000008.1	34749	36509		plus	ABC transporter ATP-binding protein		79855892	protein-coding		WP_055219704.1	586	PGS38_RS08845
NZ_JAQEGR010000008.1	36551	38260		plus	ABC transporter ATP-binding protein		79855893	protein-coding		WP_118594701.1	569	PGS38_RS08850
NZ_JAQEGR010000008.1	38872	40236		plus	alanine/glycine:cation symporter family protein		79855894	protein-coding		WP_022462635.1	454	PGS38_RS08855
NZ_JAQEGR010000008.1	40790	40990		plus	hypothetical protein		79855895	protein-coding		WP_118594600.1	66	PGS38_RS08860
NZ_JAQEGR010000008.1	41110	41427		plus	rhodanese-like domain-containing protein		79855896	protein-coding		WP_022462633.1	105	PGS38_RS08865
NZ_JAQEGR010000008.1	41534	42076		plus	phosphodiesterase	yfcE	79855897	protein-coding		WP_022462632.1	180	PGS38_RS08870
NZ_JAQEGR010000008.1	42093	43250		plus	THUMP domain-containing class I SAM-dependent RNA methyltransferase		79855898	protein-coding		WP_118594601.1	385	PGS38_RS08875
NZ_JAQEGR010000008.1	43412	43936		plus	DUF8052 family protein		79855899	protein-coding		WP_055219714.1	174	PGS38_RS08880
NZ_JAQEGR010000008.1	43981	45711		plus	carbon starvation CstA family protein		79855900	protein-coding		WP_118594602.1	576	PGS38_RS08885
NZ_JAQEGR010000008.1	45840	46442		plus	XTP/dITP diphosphatase		79855901	protein-coding		WP_022462628.1	200	PGS38_RS08890
NZ_JAQEGR010000008.1	46463	46942		plus	metallophosphoesterase family protein		79855902	protein-coding		WP_055265863.1	159	PGS38_RS08895
NZ_JAQEGR010000008.1	47263	47337		plus	tRNA-Pro		79855903	tRNA				PGS38_RS08900
NZ_JAQEGR010000008.1	47344	47414		plus	tRNA-Gly		79855904	tRNA				PGS38_RS08905
NZ_JAQEGR010000008.1	47441	47514		plus	tRNA-Arg		79855905	tRNA				PGS38_RS08910
NZ_JAQEGR010000008.1	47561	47634		plus	tRNA-His		79855906	tRNA				PGS38_RS08915
NZ_JAQEGR010000008.1	47655	47726		plus	tRNA-Gln		79855907	tRNA				PGS38_RS08920
NZ_JAQEGR010000008.1	47745	47817		plus	tRNA-Lys		79855908	tRNA				PGS38_RS08925
NZ_JAQEGR010000008.1	47887	47968		plus	tRNA-Leu		79855909	tRNA				PGS38_RS08930
NZ_JAQEGR010000008.1	48102	49766		plus	transcription termination factor Rho	rho	79855910	protein-coding		WP_055227023.1	554	PGS38_RS08935
NZ_JAQEGR010000008.1	49898	50098		plus	50S ribosomal protein L31	rpmE	79855911	protein-coding		WP_022462139.1	66	PGS38_RS08940
NZ_JAQEGR010000008.1	50203	51186		plus	DUF1385 domain-containing protein		79855912	protein-coding		WP_238061340.1	327	PGS38_RS08945
NZ_JAQEGR010000008.1	51190	52047		plus	peptide chain release factor N(5)-glutamine methyltransferase	prmC	79855913	protein-coding		WP_022462137.1	285	PGS38_RS08950
NZ_JAQEGR010000008.1	52123	53199		plus	peptide chain release factor 1	prfA	79855914	protein-coding		WP_022462136.1	358	PGS38_RS08955
NZ_JAQEGR010000008.1	53292	54212		plus	nucleotidyltransferase family protein		79855915	protein-coding		WP_055219722.1	306	PGS38_RS08960
NZ_JAQEGR010000008.1	54317	55663		plus	phosphoglucosamine mutase	glmM	79855916	protein-coding		WP_270476166.1	448	PGS38_RS08965
NZ_JAQEGR010000008.1	55660	56694		plus	tetratricopeptide repeat protein		79855917	protein-coding		WP_055219726.1	344	PGS38_RS08970
NZ_JAQEGR010000008.1	56713	57948		plus	GTPase HflX	hflX	79855918	protein-coding		WP_118749904.1	411	PGS38_RS08975
NZ_JAQEGR010000008.1	58196	60607		plus	ribonucleoside triphosphate reductase		79855919	protein-coding		WP_055227013.1	803	PGS38_RS08980
NZ_JAQEGR010000008.1	60766	62043		plus	O-acetylhomoserine aminocarboxypropyltransferase/cysteine synthase family protein		79855920	protein-coding		WP_270476167.1	425	PGS38_RS08985
NZ_JAQEGR010000008.1	62085	62567		plus	acyl-CoA thioesterase		79855921	protein-coding		WP_022463109.1	160	PGS38_RS08990
NZ_JAQEGR010000008.1	62848	63561		plus	IMP cyclohydrolase		79855922	protein-coding		WP_118749903.1	237	PGS38_RS08995
NZ_JAQEGR010000008.1	63593	64771		plus	phosphoribosylaminoimidazolecarboxamide formyltransferase		79855923	protein-coding		WP_117760499.1	392	PGS38_RS09000
NZ_JAQEGR010000008.1	64955	65197		plus	hypothetical protein		79855924	protein-coding		WP_022463113.1	80	PGS38_RS09005
NZ_JAQEGR010000008.1	65184	65711		plus	DNA-deoxyinosine glycosylase		79855925	protein-coding		WP_270476170.1	175	PGS38_RS09010
NZ_JAQEGR010000008.1	65716	65946		plus	hypothetical protein		79855926	protein-coding		WP_022463115.1	76	PGS38_RS09015
NZ_JAQEGR010000008.1	65985	66329		plus	metal-sensing transcriptional repressor		79855927	protein-coding		WP_119221113.1	114	PGS38_RS09020
NZ_JAQEGR010000008.1	66360	67184		plus	Mrp/NBP35 family ATP-binding protein		79855928	protein-coding		WP_055219741.1	274	PGS38_RS09025
NZ_JAQEGR010000008.1	67520	67747		plus	HPr family phosphocarrier protein		79855929	protein-coding		WP_022463118.1	75	PGS38_RS09030
NZ_JAQEGR010000008.1	68076	70568		plus	ATP-dependent DNA helicase		79855930	protein-coding		WP_270476173.1	830	PGS38_RS09035
NZ_JAQEGR010000008.1	70559	71452		minus	AraC family transcriptional regulator		79855931	protein-coding		WP_055219743.1	297	PGS38_RS09040
NZ_JAQEGR010000008.1	71715	72884		plus	galactokinase		79855932	protein-coding		WP_022463121.1	389	PGS38_RS09045
NZ_JAQEGR010000008.1	72925	74418		plus	UDP-glucose--hexose-1-phosphate uridylyltransferase	galT	79855933	protein-coding		WP_055219747.1	497	PGS38_RS09050
NZ_JAQEGR010000008.1	74492	75508		plus	UDP-glucose 4-epimerase GalE	galE	79855934	protein-coding		WP_118749938.1	338	PGS38_RS09055
NZ_JAQEGR010000008.1	75695	77596		plus	ATP-dependent zinc metalloprotease FtsH	ftsH	79855935	protein-coding		WP_055227005.1	633	PGS38_RS09060
NZ_JAQEGR010000008.1	77689	79548		plus	excinuclease ABC subunit UvrC	uvrC	79855936	protein-coding		WP_117509664.1	619	PGS38_RS09065
NZ_JAQEGR010000008.1	79643	80578		plus	HPr(Ser) kinase/phosphatase	hprK	79855937	protein-coding		WP_022463126.1	311	PGS38_RS09070
NZ_JAQEGR010000008.1	80583	81527		plus	ROK family glucokinase		79855938	protein-coding		WP_117760497.1	314	PGS38_RS09075
NZ_JAQEGR010000008.1	81619	84216		minus	transglycosylase domain-containing protein		79855939	protein-coding		WP_117760496.1	865	PGS38_RS09080
NZ_JAQEGR010000008.1	84422	85117		plus	YigZ family protein		79855940	protein-coding		WP_117760495.1	231	PGS38_RS09085
NZ_JAQEGR010000008.1	85131	86159		plus	S66 family peptidase		79855941	protein-coding		WP_117509660.1	342	PGS38_RS09090
NZ_JAQEGR010000008.1	86232	86915		minus	Crp/Fnr family transcriptional regulator		79855942	protein-coding		WP_117509659.1	227	PGS38_RS09095
NZ_JAQEGR010000008.1	87069	87386		minus	thioredoxin	trxA	79855943	protein-coding		WP_117509658.1	105	PGS38_RS09100
NZ_JAQEGR010000008.1	87514	88362		minus	NAD(+) diphosphatase	nudC	79855944	protein-coding		WP_118594608.1	282	PGS38_RS09105
NZ_JAQEGR010000008.1	88445	88516		minus	tRNA-Gly		79855945	tRNA				PGS38_RS09110
NZ_JAQEGR010000008.1	88537	88607		minus	tRNA-Gly		79855946	tRNA				PGS38_RS09115
NZ_JAQEGR010000008.1	88859	89125		plus	4Fe-4S dicluster domain-containing protein		79855947	protein-coding		WP_022463134.1	88	PGS38_RS09120
NZ_JAQEGR010000008.1	89298	89753		plus	Lrp/AsnC family transcriptional regulator		79855948	protein-coding		WP_022463135.1	151	PGS38_RS09125
NZ_JAQEGR010000008.1	89865	90989		plus	alanine racemase	alr	79855949	protein-coding		WP_117509656.1	374	PGS38_RS09130
NZ_JAQEGR010000008.1	91197	92051		plus	amino acid ABC transporter substrate-binding protein		79855950	protein-coding		WP_117509655.1	284	PGS38_RS09135
NZ_JAQEGR010000008.1	92058	92705		plus	amino acid ABC transporter permease		79855951	protein-coding		WP_022463138.1	215	PGS38_RS09140
NZ_JAQEGR010000008.1	92730	93488		plus	amino acid ABC transporter ATP-binding protein		79855952	protein-coding		WP_270476176.1	252	PGS38_RS09145
NZ_JAQEGR010000008.1	93656	95092		plus	adenylosuccinate lyase	purB	79855953	protein-coding		WP_022463140.1	478	PGS38_RS09150
NZ_JAQEGR010000008.1	95234	96514		plus	adenylosuccinate synthase		79855954	protein-coding		WP_118749898.1	426	PGS38_RS09155
NZ_JAQEGR010000008.1	96540	97232		plus	hypothetical protein		79855955	protein-coding		WP_022463142.1	230	PGS38_RS09160
NZ_JAQEGR010000008.1	97260	98657		plus	glycine--tRNA ligase		79855956	protein-coding		WP_022463143.1	465	PGS38_RS09165
NZ_JAQEGR010000008.1	98734	99663		minus	carbamate kinase	arcC	79855957	protein-coding		WP_022463144.1	309	PGS38_RS09170
NZ_JAQEGR010000008.1	99861	101336		plus	UDP-N-acetylmuramoyl-L-alanyl-D-glutamate--2,6-diaminopimelate ligase		79855958	protein-coding		WP_117801949.1	491	PGS38_RS09175
NZ_JAQEGR010000008.1	101333	103561		plus	replication restart helicase PriA	priA	79855959	protein-coding		WP_270476178.1	742	PGS38_RS09180
NZ_JAQEGR010000008.1	103625	104116		plus	peptide deformylase	def	79855960	protein-coding		WP_055219778.1	163	PGS38_RS09185
NZ_JAQEGR010000008.1	104144	105115		plus	methionyl-tRNA formyltransferase	fmt	79855961	protein-coding		WP_118660194.1	323	PGS38_RS09190
NZ_JAQEGR010000008.1	105202	105897		plus	zinc metallopeptidase		79855962	protein-coding		WP_022463149.1	231	PGS38_RS09195
NZ_JAQEGR010000008.1	105890	107254		plus	16S rRNA (cytosine(967)-C(5))-methyltransferase RsmB	rsmB	79855963	protein-coding		WP_117509650.1	454	PGS38_RS09200
NZ_JAQEGR010000008.1	107258	108298		plus	dual-specificity RNA methyltransferase RlmN	rlmN	79855964	protein-coding		WP_117509649.1	346	PGS38_RS09205
NZ_JAQEGR010000008.1	108329	109072		plus	Stp1/IreP family PP2C-type Ser/Thr phosphatase		79855965	protein-coding		WP_022463152.1	247	PGS38_RS09210
NZ_JAQEGR010000008.1	109066	111333		plus	Stk1 family PASTA domain-containing Ser/Thr kinase	pknB	79855966	protein-coding		WP_117509648.1	755	PGS38_RS09215
NZ_JAQEGR010000008.1	111336	112220		plus	ribosome small subunit-dependent GTPase A	rsgA	79855967	protein-coding		WP_055219788.1	294	PGS38_RS09220
NZ_JAQEGR010000008.1	112222	112905		plus	ribulose-phosphate 3-epimerase	rpe	79855968	protein-coding		WP_117509647.1	227	PGS38_RS09225
NZ_JAQEGR010000008.1	112940	113593		plus	thiamine diphosphokinase		79855969	protein-coding		WP_147342458.1	217	PGS38_RS09230
NZ_JAQEGR010000008.1	113718	114815		plus	redox-regulated ATPase YchF	ychF	79855970	protein-coding		WP_022461456.1	365	PGS38_RS09235
NZ_JAQEGR010000008.1	114844	115719		plus	prolipoprotein diacylglyceryl transferase	lgt	79855971	protein-coding		WP_022461071.1	291	PGS38_RS09240
NZ_JAQEGR010000008.1	116043	116474		plus	division/cell wall cluster transcriptional repressor MraZ	mraZ	79855972	protein-coding		WP_022461070.1	143	PGS38_RS09245
NZ_JAQEGR010000008.1	116504	117442		plus	16S rRNA (cytosine(1402)-N(4))-methyltransferase RsmH	rsmH	79855973	protein-coding		WP_173827246.1	312	PGS38_RS09250
NZ_JAQEGR010000008.1	117472	117981		plus	hypothetical protein		79855974	protein-coding		WP_022461068.1	169	PGS38_RS09255
NZ_JAQEGR010000008.1	118056	120110		plus	peptidoglycan D,D-transpeptidase FtsI family protein		79855975	protein-coding		WP_055226958.1	684	PGS38_RS09260
NZ_JAQEGR010000008.1	120193	121926		plus	peptidoglycan D,D-transpeptidase FtsI family protein		79855976	protein-coding		WP_270476181.1	577	PGS38_RS09265
NZ_JAQEGR010000008.1	122167	123123		plus	phospho-N-acetylmuramoyl-pentapeptide-transferase	mraY	79855977	protein-coding		WP_055226954.1	318	PGS38_RS09270
NZ_JAQEGR010000008.1	123143	124510		plus	UDP-N-acetylmuramoyl-L-alanine--D-glutamate ligase	murD	79855978	protein-coding		WP_117509642.1	455	PGS38_RS09275
NZ_JAQEGR010000008.1	124575	125657		plus	FtsW/RodA/SpoVE family cell cycle protein		79855979	protein-coding		WP_117509641.1	360	PGS38_RS09280
NZ_JAQEGR010000008.1	125742	127007		plus	UDP-N-acetylglucosamine 1-carboxyvinyltransferase	murA	79855980	protein-coding		WP_117760484.1	421	PGS38_RS09285
NZ_JAQEGR010000008.1	127004	127951		plus	cell division protein FtsQ/DivIB		79855981	protein-coding		WP_117760483.1	315	PGS38_RS09290
NZ_JAQEGR010000008.1	128137	129318		plus	cell division protein FtsZ	ftsZ	79855982	protein-coding		WP_055219889.1	393	PGS38_RS09295
NZ_JAQEGR010000008.1	129508	130371		plus	sigma-E processing peptidase SpoIIGA		79855983	protein-coding		WP_055265761.1	287	PGS38_RS09300
NZ_JAQEGR010000008.1	130414	131112		plus	RNA polymerase sporulation sigma factor SigE	sigE	79855984	protein-coding		WP_330377007.1	232	PGS38_RS09305
NZ_JAQEGR010000008.1	131201	132505		minus	glycoside hydrolase family 27 protein		79855985	protein-coding		WP_117801959.1	434	PGS38_RS09310
NZ_JAQEGR010000008.1	132617	133474		plus	AraC family transcriptional regulator		79855986	protein-coding		WP_117509636.1	285	PGS38_RS09315
NZ_JAQEGR010000008.1	133552	134910		plus	sodium-dependent transporter		79855987	protein-coding		WP_055226948.1	452	PGS38_RS09320
NZ_JAQEGR010000008.1	135086	137887		plus	glycoside hydrolase family 3 protein		79855988	protein-coding		WP_117804196.1	933	PGS38_RS09325
NZ_JAQEGR010000008.1	137998	138627		minus	HdeD family acid-resistance protein		79855989	protein-coding		WP_022462612.1	209	PGS38_RS09330
NZ_JAQEGR010000008.1	138768	139514		plus	RNA polymerase sigma factor region1.1 domain-containing protein		79855990	protein-coding		WP_147342020.1	248	PGS38_RS09335
NZ_JAQEGR010000008.1	139584	139886		plus	Dabb family protein		79855991	protein-coding		WP_022462610.1	100	PGS38_RS09340
NZ_JAQEGR010000008.1	140010	141542		minus	InlB B-repeat-containing protein		79855992	protein-coding		WP_147399413.1	510	PGS38_RS09345
NZ_JAQEGR010000008.1	141892	142908		plus	LacI family DNA-binding transcriptional regulator		79855993	protein-coding		WP_118700328.1	338	PGS38_RS09350
NZ_JAQEGR010000008.1	143063	144733		plus	glycoside hydrolase family 13 protein		79855994	protein-coding		WP_118700327.1	556	PGS38_RS09355
NZ_JAQEGR010000008.1	144834	147221		plus	glycoside hydrolase family 31 protein		79855995	protein-coding		WP_118700326.1	795	PGS38_RS09360
NZ_JAQEGR010000008.1	147359	148849		plus	glycerol kinase GlpK	glpK	79855996	protein-coding		WP_055219824.1	496	PGS38_RS09365
NZ_JAQEGR010000008.1	148928	150235		minus	phosphomethylpyrimidine synthase ThiC	thiC	79855997	protein-coding		WP_022461338.1	435	PGS38_RS09370
NZ_JAQEGR010000008.1	150261	151040		minus	bifunctional hydroxymethylpyrimidine kinase/phosphomethylpyrimidine kinase	thiD	79855998	protein-coding		WP_055219891.1	259	PGS38_RS09375
NZ_JAQEGR010000008.1	151156	151800		minus	thiamine phosphate synthase	thiE	79855999	protein-coding		WP_119188961.1	214	PGS38_RS09380
NZ_JAQEGR010000008.1	151787	152608		minus	hydroxyethylthiazole kinase	thiM	79856000	protein-coding		WP_119188960.1	273	PGS38_RS09385
NZ_JAQEGR010000008.1	153224	154201		minus	Gfo/Idh/MocA family protein		79856001	protein-coding		WP_119188959.1	325	PGS38_RS09390
NZ_JAQEGR010000008.1	154223	155179		minus	ketopantoate reductase family protein		79856002	protein-coding		WP_119188958.1	318	PGS38_RS09395
NZ_JAQEGR010000008.1	155502	156509		plus	ABC transporter substrate-binding protein		79856003	protein-coding		WP_118640316.1	335	PGS38_RS09400
NZ_JAQEGR010000008.1	156721	157518		plus	pyrroline-5-carboxylate reductase	proC	79856004	protein-coding		WP_117760472.1	265	PGS38_RS09405
NZ_JAQEGR010000008.1	157700	158155		minus	CYTH domain-containing protein		79856005	protein-coding		WP_022461346.1	151	PGS38_RS09410
NZ_JAQEGR010000008.1	158391	158942		plus	DJ-1 family glyoxalase III		79856006	protein-coding		WP_117760595.1	183	PGS38_RS09415
NZ_JAQEGR010000008.1	159087	160373		plus	trigger factor	tig	79856007	protein-coding		WP_022461348.1	428	PGS38_RS09420
NZ_JAQEGR010000008.1	160398	160979		plus	ATP-dependent Clp endopeptidase proteolytic subunit ClpP	clpP	79856008	protein-coding		WP_022461349.1	193	PGS38_RS09425
NZ_JAQEGR010000008.1	161088	162383		plus	ATP-dependent Clp protease ATP-binding subunit ClpX	clpX	79856009	protein-coding		WP_055219839.1	431	PGS38_RS09430
NZ_JAQEGR010000008.1	162405	164732		plus	endopeptidase La	lon	79856010	protein-coding		WP_055219840.1	775	PGS38_RS09435
NZ_JAQEGR010000008.1	164767	165372		plus	ribosome biogenesis GTP-binding protein YihA/YsxC	yihA	79856011	protein-coding		WP_117814340.1	201	PGS38_RS09440
NZ_JAQEGR010000008.1	165377	166222		plus	energy-coupling factor transporter ATPase		79856012	protein-coding		WP_118594702.1	281	PGS38_RS09445
NZ_JAQEGR010000008.1	166213	167097		plus	energy-coupling factor transporter ATPase		79856013	protein-coding		WP_119188957.1	294	PGS38_RS09450
NZ_JAQEGR010000008.1	167091	167891		plus	energy-coupling factor transporter transmembrane component T family protein		79856014	protein-coding		WP_055265741.1	266	PGS38_RS09455
NZ_JAQEGR010000008.1	167916	168668		plus	tRNA pseudouridine(38-40) synthase TruA	truA	79856015	protein-coding		WP_055265739.1	250	PGS38_RS09460
NZ_JAQEGR010000008.1	168883	169311		plus	50S ribosomal protein L13	rplM	79856016	protein-coding		WP_055219851.1	142	PGS38_RS09465
NZ_JAQEGR010000008.1	169329	169721		plus	30S ribosomal protein S9	rpsI	79856017	protein-coding		WP_117509622.1	130	PGS38_RS09470
NZ_JAQEGR010000008.1	170200	171021		plus	ParA family protein		79856018	protein-coding		WP_270476190.1	273	PGS38_RS09475
NZ_JAQEGR010000008.1	170978	171913		plus	ParB/RepB/Spo0J family partition protein		79856019	protein-coding		WP_118639942.1	311	PGS38_RS09480
NZ_JAQEGR010000008.1	171953	172225		plus	DUF5720 family protein		79856020	protein-coding		WP_270476191.1	90	PGS38_RS09485
NZ_JAQEGR010000008.1	172249	172440		plus	hypothetical protein		79856021	protein-coding		WP_425463780.1	63	PGS38_RS09490
NZ_JAQEGR010000008.1	172508	173377		plus	DUF6017 domain-containing protein		79856022	protein-coding		WP_009272670.1	289	PGS38_RS09495
NZ_JAQEGR010000008.1	173412	174158		plus	BRO family protein		79856023	protein-coding		WP_009272669.1	248	PGS38_RS09500
NZ_JAQEGR010000008.1	174181	174492		plus	DUF5720 family protein		79856024	protein-coding		WP_006775629.1	103	PGS38_RS09505
NZ_JAQEGR010000008.1	174505	174924		plus	DUF4313 domain-containing protein		79856025	protein-coding		WP_006775630.1	139	PGS38_RS09510
NZ_JAQEGR010000008.1	175011	175511		plus	PcfB family protein		79856026	protein-coding		WP_118639941.1	166	PGS38_RS09515
NZ_JAQEGR010000008.1	175508	177103		plus	uncharacterized gene		79856027	pseudogene				PGS38_RS09520
NZ_JAQEGR010000008.1	177201	177578		plus	TnpV protein		79856028	protein-coding		WP_055219871.1	125	PGS38_RS09525
NZ_JAQEGR010000008.1	177593	177775		plus	hypothetical protein		79856029	protein-coding		WP_055219873.1	60	PGS38_RS09530
NZ_JAQEGR010000008.1	177788	178090		plus	hypothetical protein		79856030	protein-coding		WP_055219875.1	100	PGS38_RS09535
NZ_JAQEGR010000008.1	178171	179019		minus	helix-turn-helix domain-containing protein		79856031	protein-coding		WP_055266762.1	282	PGS38_RS09540
NZ_JAQEGR010000008.1	179195	179674		plus	hypothetical protein		79856032	protein-coding		WP_226906287.1	159	PGS38_RS09545
NZ_JAQEGR010000008.1	179658	179963		plus	hypothetical protein		79856033	protein-coding		WP_055222220.1	101	PGS38_RS09550
NZ_JAQEGR010000008.1	180438	181682		plus	plasmid recombination protein		79856034	protein-coding		WP_117760454.1	414	PGS38_RS09555
NZ_JAQEGR010000008.1	181679	182383		plus	CHC2 zinc finger domain-containing protein		79856035	protein-coding		WP_055266766.1	234	PGS38_RS09560
NZ_JAQEGR010000008.1	182343	183701		plus	virulence-associated E family protein		79856036	protein-coding		WP_055221981.1	452	PGS38_RS09565
NZ_JAQEGR010000008.1	183969	184136		plus	hypothetical protein		79856037	protein-coding		WP_171027916.1	55	PGS38_RS09570
NZ_JAQEGR010000008.1	184209	185849		plus	recombinase family protein		79856038	protein-coding		WP_055221983.1	546	PGS38_RS09575
NZ_JAQEGR010000008.1	186048	187070		minus	hypothetical protein		79856039	protein-coding		WP_055221986.1	340	PGS38_RS09580
NZ_JAQEGR010000008.1	187088	187294		minus	DUF6199 family natural product biosynthesis protein		88554250	protein-coding		WP_334291862.1	68	PGS38_RS17675
NZ_JAQEGR010000008.1	188030	188275		plus	uncharacterized gene		79856040	pseudogene				PGS38_RS09585
NZ_JAQEGR010000008.1	188496	188636		plus	Maff2 family mobile element protein		79856041	protein-coding		WP_080637056.1	46	PGS38_RS09590
NZ_JAQEGR010000008.1	188841	189218		plus	GntR family transcriptional regulator		79856042	protein-coding		WP_035394499.1	125	PGS38_RS09595
NZ_JAQEGR010000008.1	189221	190081		plus	ABC transporter ATP-binding protein		79856043	protein-coding		WP_005933713.1	286	PGS38_RS09600
NZ_JAQEGR010000008.1	190078	190725		plus	ABC-2 transporter permease		79856044	protein-coding		WP_118014177.1	215	PGS38_RS09605
NZ_JAQEGR010000008.1	190747	190914		plus	DUF6440 family protein		79856045	protein-coding		WP_005933716.1	55	PGS38_RS09610
NZ_JAQEGR010000008.1	191066	191509		plus	sigma-70 family RNA polymerase sigma factor		79856046	protein-coding		WP_006555732.1	147	PGS38_RS09615
NZ_JAQEGR010000008.1	191502	191702		plus	helix-turn-helix domain-containing protein		79856047	protein-coding		WP_006858003.1	66	PGS38_RS09620
NZ_JAQEGR010000009.1	65	388		plus	uncharacterized gene		79856048	pseudogene				PGS38_RS09625
NZ_JAQEGR010000009.1	849	2849		plus	excinuclease ABC subunit UvrB	uvrB	79856049	protein-coding		WP_055228290.1	666	PGS38_RS09630
NZ_JAQEGR010000009.1	3061	3279		minus	helix-turn-helix domain-containing protein		79856050	protein-coding		WP_055228291.1	72	PGS38_RS09635
NZ_JAQEGR010000009.1	3452	3817		plus	hypothetical protein		79856051	protein-coding		WP_022461735.1	121	PGS38_RS09640
NZ_JAQEGR010000009.1	3895	4113		minus	helix-turn-helix domain-containing protein		79856052	protein-coding		WP_055218403.1	72	PGS38_RS09645
NZ_JAQEGR010000009.1	4398	5456		plus	heat-inducible transcriptional repressor HrcA	hrcA	79856053	protein-coding		WP_022461073.1	352	PGS38_RS09650
NZ_JAQEGR010000009.1	5506	6117		plus	nucleotide exchange factor GrpE	grpE	79856054	protein-coding		WP_055218747.1	203	PGS38_RS09655
NZ_JAQEGR010000009.1	6184	8061		plus	molecular chaperone DnaK	dnaK	79856055	protein-coding		WP_118641121.1	625	PGS38_RS09660
NZ_JAQEGR010000009.1	8317	9525		plus	molecular chaperone DnaJ	dnaJ	79856056	protein-coding		WP_117761695.1	402	PGS38_RS09665
NZ_JAQEGR010000009.1	9693	10469		plus	phosphoribosylformimino-5-aminoimidazole carboxamide ribotide isomerase	hisA	79856057	protein-coding		WP_117761694.1	258	PGS38_RS09670
NZ_JAQEGR010000009.1	10771	11298		plus	ribosome hibernation-promoting factor, HPF/YfiA family	hpf	79856058	protein-coding		WP_055218411.1	175	PGS38_RS09675
NZ_JAQEGR010000009.1	11533	14103		plus	preprotein translocase subunit SecA	secA	79856059	protein-coding		WP_055218413.1	856	PGS38_RS09680
NZ_JAQEGR010000009.1	14245	15352		plus	peptide chain release factor 2	prfB	79856060	protein-coding		WP_117509617.1	368	PGS38_RS09685
NZ_JAQEGR010000009.1	15464	16717		plus	SPFH domain-containing protein		79856061	protein-coding		WP_022461321.1	417	PGS38_RS09690
NZ_JAQEGR010000009.1	16774	17883		plus	TFIIB-type zinc ribbon-containing protein		79856062	protein-coding		WP_055218422.1	369	PGS38_RS09695
NZ_JAQEGR010000009.1	17880	18725		plus	TPM domain-containing protein		79856063	protein-coding		WP_117804610.1	281	PGS38_RS09700
NZ_JAQEGR010000009.1	18832	19278		plus	ACT domain-containing protein		79856064	protein-coding		WP_118666415.1	148	PGS38_RS09705
NZ_JAQEGR010000009.1	19309	20526		plus	homoserine dehydrogenase		79856065	protein-coding		WP_119188677.1	405	PGS38_RS09710
NZ_JAQEGR010000009.1	20848	21666		minus	DUF975 family protein		79856066	protein-coding		WP_118666414.1	272	PGS38_RS09715
NZ_JAQEGR010000009.1	21686	22162		minus	DUF4190 domain-containing protein		79856067	protein-coding		WP_119188676.1	158	PGS38_RS09720
NZ_JAQEGR010000009.1	22372	24516		plus	Tex family protein		79856068	protein-coding		WP_022461314.1	714	PGS38_RS09725
NZ_JAQEGR010000009.1	24583	25347		plus	YlmH family RNA-binding protein		79856069	protein-coding		WP_270476197.1	254	PGS38_RS09730
NZ_JAQEGR010000009.1	25512	26597		plus	tryptophan--tRNA ligase	trpS	79856070	protein-coding		WP_022461312.1	361	PGS38_RS09735
NZ_JAQEGR010000009.1	26700	27395		plus	anaerobic ribonucleoside-triphosphate reductase activating protein		79856071	protein-coding		WP_055228308.1	231	PGS38_RS09740
NZ_JAQEGR010000009.1	27404	28642		minus	DUF6128 domain-containing protein		79856072	protein-coding		WP_270476198.1	412	PGS38_RS09745
NZ_JAQEGR010000009.1	28693	29241		plus	tRNA adenosine(34) deaminase TadA	tadA	79856073	protein-coding		WP_055218439.1	182	PGS38_RS09750
NZ_JAQEGR010000009.1	29421	29506		plus	tRNA-Ser		79856074	tRNA				PGS38_RS09755
NZ_JAQEGR010000009.1	29679	31112		plus	RsmF rRNA methyltransferase first C-terminal domain-containing protein		79856075	protein-coding		WP_119188670.1	477	PGS38_RS09760
NZ_JAQEGR010000009.1	31303	32586		plus	PcsB-like coiled-coil domain-containing protein		79856076	protein-coding		WP_270476200.1	427	PGS38_RS09765
NZ_JAQEGR010000009.1	32823	32896		plus	tRNA-Pro		79856077	tRNA				PGS38_RS09770
NZ_JAQEGR010000009.1	32996	33781		plus	Cof-type HAD-IIB family hydrolase		79856078	protein-coding		WP_242857168.1	261	PGS38_RS09775
NZ_JAQEGR010000009.1	34292	37498		plus	response regulator		79856079	protein-coding		WP_270476202.1	1068	PGS38_RS09780
NZ_JAQEGR010000009.1	37557	39401		plus	ABC transporter substrate-binding protein		79856080	protein-coding		WP_270476204.1	614	PGS38_RS09785
NZ_JAQEGR010000009.1	39548	41689		plus	ATP-binding protein		79856081	protein-coding		WP_270476205.1	713	PGS38_RS09790
NZ_JAQEGR010000009.1	41863	42327		plus	MarR family winged helix-turn-helix transcriptional regulator		79856082	protein-coding		WP_022463031.1	154	PGS38_RS09795
NZ_JAQEGR010000009.1	42311	43660		plus	MATE family efflux transporter		79856083	protein-coding		WP_118641097.1	449	PGS38_RS09800
NZ_JAQEGR010000009.1	43824	44261		plus	MarR family winged helix-turn-helix transcriptional regulator		79856084	protein-coding		WP_022463033.1	145	PGS38_RS09805
NZ_JAQEGR010000009.1	44352	44993		minus	endonuclease III domain-containing protein		79856085	protein-coding		WP_117509586.1	213	PGS38_RS09810
NZ_JAQEGR010000009.1	45039	45914		minus	AraC family transcriptional regulator		79856086	protein-coding		WP_117509585.1	291	PGS38_RS09815
NZ_JAQEGR010000009.1	46082	47032		plus	MraY family glycosyltransferase		79856087	protein-coding		WP_118641095.1	316	PGS38_RS09820
NZ_JAQEGR010000009.1	47336	49654		plus	alpha-xylosidase	yicI	79856088	protein-coding		WP_118641091.1	772	PGS38_RS09825
NZ_JAQEGR010000009.1	49739	51766		plus	glycoside hydrolase family 31 protein		79856089	protein-coding		WP_118641089.1	675	PGS38_RS09830
NZ_JAQEGR010000009.1	51851	52672		minus	HipA domain-containing protein		79856090	protein-coding		WP_118641087.1	273	PGS38_RS09835
NZ_JAQEGR010000009.1	52653	53288		minus	helix-turn-helix domain-containing protein		79856091	protein-coding		WP_118641085.1	211	PGS38_RS09840
NZ_JAQEGR010000009.1	53438	53713		plus	hypothetical protein		79856092	protein-coding		WP_118641083.1	91	PGS38_RS09845
NZ_JAQEGR010000009.1	53699	53899		minus	hypothetical protein		79856093	protein-coding		WP_147398277.1	66	PGS38_RS09850
NZ_JAQEGR010000009.1	53938	54180		minus	hypothetical protein		79856094	protein-coding		WP_055265060.1	80	PGS38_RS09855
NZ_JAQEGR010000009.1	54317	54799		plus	glycoside hydrolase family 3 N-terminal domain-containing protein		79856095	protein-coding		WP_416388409.1	160	PGS38_RS09860
NZ_JAQEGR010000009.1	55006	55269		plus	IreB family regulatory phosphoprotein		79856096	protein-coding		WP_022461716.1	87	PGS38_RS09865
NZ_JAQEGR010000009.1	55281	55724		plus	Holliday junction resolvase RuvX	ruvX	79856097	protein-coding		WP_022461717.1	147	PGS38_RS09870
NZ_JAQEGR010000009.1	55740	56000		plus	DUF1292 domain-containing protein		79856098	protein-coding		WP_022461718.1	86	PGS38_RS09875
NZ_JAQEGR010000009.1	56179	57843		plus	ribonuclease J		79856099	protein-coding		WP_055218756.1	554	PGS38_RS09880
NZ_JAQEGR010000009.1	57849	58184		plus	YlbF/YmcA family competence regulator		79856100	protein-coding		WP_158568317.1	111	PGS38_RS09885
NZ_JAQEGR010000009.1	58211	58624		plus	hypothetical protein		79856101	protein-coding		WP_022461074.1	137	PGS38_RS09890
NZ_JAQEGR010000009.1	58655	59320		plus	O-methyltransferase		79856102	protein-coding		WP_022461075.1	221	PGS38_RS09895
NZ_JAQEGR010000009.1	59317	60546		plus	peptidase U32 family protein		79856103	protein-coding		WP_270476207.1	409	PGS38_RS09900
NZ_JAQEGR010000009.1	61462	62730		plus	glycosyltransferase family 4 protein		79856104	protein-coding		WP_119188668.1	422	PGS38_RS09905
NZ_JAQEGR010000009.1	62745	63317		plus	acyltransferase		79856105	protein-coding		WP_270476211.1	190	PGS38_RS09910
NZ_JAQEGR010000009.1	63395	64453		plus	glycosyltransferase family protein		79856106	protein-coding		WP_119188666.1	352	PGS38_RS09915
NZ_JAQEGR010000009.1	64457	65746		plus	glycosyltransferase family 4 protein		79856107	protein-coding		WP_119188665.1	429	PGS38_RS09920
NZ_JAQEGR010000009.1	65743	66528		plus	glycosyltransferase		79856108	protein-coding		WP_119188664.1	261	PGS38_RS09925
NZ_JAQEGR010000009.1	66538	66744		plus	PX domain-containing protein		79856109	protein-coding		WP_119188663.1	68	PGS38_RS09930
NZ_JAQEGR010000009.1	66879	67559		plus	polysaccharide pyruvyl transferase family protein		79856110	protein-coding		WP_256372469.1	226	PGS38_RS09935
NZ_JAQEGR010000009.1	67560	68858		plus	glycosyltransferase family 4 protein		79856111	protein-coding		WP_119188661.1	432	PGS38_RS09940
NZ_JAQEGR010000009.1	68848	69798		plus	glycosyltransferase		79856112	protein-coding		WP_119188660.1	316	PGS38_RS09945
NZ_JAQEGR010000009.1	69820	70926		plus	polysaccharide pyruvyl transferase family protein		79856113	protein-coding		WP_119188659.1	368	PGS38_RS09950
NZ_JAQEGR010000009.1	70929	72125		plus	O-antigen ligase family protein		79856114	protein-coding		WP_270476213.1	398	PGS38_RS09955
NZ_JAQEGR010000009.1	72115	73011		plus	hypothetical protein		79856115	protein-coding		WP_119188657.1	298	PGS38_RS09960
NZ_JAQEGR010000009.1	72998	74536		plus	oligosaccharide flippase family protein		79856116	protein-coding		WP_119188656.1	512	PGS38_RS09965
NZ_JAQEGR010000009.1	74580	75686		plus	Coenzyme F420 hydrogenase/dehydrogenase, beta subunit C-terminal domain		79856117	protein-coding		WP_270476214.1	368	PGS38_RS09970
NZ_JAQEGR010000009.1	75904	76806		plus	sugar phosphate nucleotidyltransferase		79856118	protein-coding		WP_119188654.1	300	PGS38_RS09975
NZ_JAQEGR010000009.1	76873	77052		plus	helix-turn-helix domain-containing protein		79856119	protein-coding		WP_119188653.1	59	PGS38_RS09980
NZ_JAQEGR010000009.1	77186	77935		plus	AraC family transcriptional regulator		79856120	protein-coding		WP_243110743.1	249	PGS38_RS09985
NZ_JAQEGR010000009.1	78074	78475		plus	hypothetical protein		79856121	protein-coding		WP_009243735.1	133	PGS38_RS09990
NZ_JAQEGR010000009.1	78465	78833		plus	IS66 family insertion sequence element accessory protein TnpB	tnpB	79856122	protein-coding		WP_009243734.1	122	PGS38_RS09995
NZ_JAQEGR010000009.1	79113	80756		plus	IS66 family transposase	tnpC	79856123	protein-coding		WP_270476217.1	547	PGS38_RS10000
NZ_JAQEGR010000009.1	80899	81462		plus	glutathione S-transferase family protein		79856124	protein-coding		WP_243030617.1	187	PGS38_RS10005
NZ_JAQEGR010000009.1	81535	82047		plus	glutathione S-transferase C-terminal domain-containing protein		79856125	protein-coding		WP_243030619.1	170	PGS38_RS10010
NZ_JAQEGR010000009.1	82170	82424		minus	heavy-metal-associated domain-containing protein		79856126	protein-coding		WP_022461058.1	84	PGS38_RS10015
NZ_JAQEGR010000009.1	82714	83616		plus	AraC family transcriptional regulator		79856127	protein-coding		WP_055228413.1	300	PGS38_RS10020
NZ_JAQEGR010000009.1	83627	84961		minus	MATE family efflux transporter		79856128	protein-coding		WP_022461056.1	444	PGS38_RS10025
NZ_JAQEGR010000009.1	85276	86880		plus	phosphoenolpyruvate carboxykinase (ATP)	pckA	79856129	protein-coding		WP_118641209.1	534	PGS38_RS10030
NZ_JAQEGR010000009.1	87121	88611		minus	AAA family ATPase		79856130	protein-coding		WP_118641211.1	496	PGS38_RS10035
NZ_JAQEGR010000009.1	88915	89841		minus	DMT family transporter		79856131	protein-coding		WP_118641213.1	308	PGS38_RS10040
NZ_JAQEGR010000009.1	90157	92085		plus	ABC transporter substrate-binding protein		79856132	protein-coding		WP_158580993.1	642	PGS38_RS10045
NZ_JAQEGR010000009.1	92185	93189		plus	ABC transporter permease		79856133	protein-coding		WP_022462698.1	334	PGS38_RS10050
NZ_JAQEGR010000009.1	93205	94458		plus	ABC transporter permease		79856134	protein-coding		WP_055228407.1	417	PGS38_RS10055
NZ_JAQEGR010000009.1	94469	95476		plus	ABC transporter ATP-binding protein		79856135	protein-coding		WP_022462700.1	335	PGS38_RS10060
NZ_JAQEGR010000009.1	95469	96287		plus	ABC transporter ATP-binding protein		79856136	protein-coding		WP_022462701.1	272	PGS38_RS10065
NZ_JAQEGR010000009.1	96486	98351		plus	sensor histidine kinase		79856137	protein-coding		WP_022462702.1	621	PGS38_RS10070
NZ_JAQEGR010000009.1	98323	99771		plus	response regulator		79856138	protein-coding		WP_055218831.1	482	PGS38_RS10075
NZ_JAQEGR010000009.1	99764	101521		plus	ABC transporter ATP-binding protein		79856139	protein-coding		WP_022462704.1	585	PGS38_RS10080
NZ_JAQEGR010000009.1	101637	101906		plus	spore coat associated protein CotJA		79856140	protein-coding		WP_022462705.1	89	PGS38_RS10085
NZ_JAQEGR010000009.1	101903	102184		plus	spore coat protein CotJB		79856141	protein-coding		WP_022462706.1	93	PGS38_RS10090
NZ_JAQEGR010000009.1	102188	102841		plus	manganese catalase family protein		79856142	protein-coding		WP_055218834.1	217	PGS38_RS10095
NZ_JAQEGR010000009.1	103007	103177		plus	hypothetical protein		79856143	protein-coding		WP_156327612.1	56	PGS38_RS10100
NZ_JAQEGR010000009.1	103364	105211		plus	glycerophosphodiester phosphodiesterase		79856144	protein-coding		WP_118594904.1	615	PGS38_RS10105
NZ_JAQEGR010000009.1	105242	106474		plus	FtsW/RodA/SpoVE family cell cycle protein		79856145	protein-coding		WP_226906412.1	410	PGS38_RS10110
NZ_JAQEGR010000009.1	106570	106803		plus	acyl carrier protein	acpP	79856146	protein-coding		WP_022462712.1	77	PGS38_RS10115
NZ_JAQEGR010000009.1	106946	108397		plus	glutamate--tRNA ligase	gltX	79856147	protein-coding		WP_022462713.1	483	PGS38_RS10120
NZ_JAQEGR010000009.1	108394	110214		plus	ATP-dependent helicase		79856148	protein-coding		WP_118594903.1	606	PGS38_RS10125
NZ_JAQEGR010000009.1	110365	111357		plus	2-hydroxyacid dehydrogenase		79856149	protein-coding		WP_022462715.1	330	PGS38_RS10130
NZ_JAQEGR010000009.1	111521	111880		plus	zf-HC2 domain-containing protein		79856150	protein-coding		WP_022462716.1	119	PGS38_RS10135
NZ_JAQEGR010000009.1	111877	114552		plus	DNA polymerase I	polA	79856151	protein-coding		WP_118594902.1	891	PGS38_RS10140
NZ_JAQEGR010000009.1	114587	115186		plus	dephospho-CoA kinase	coaE	79856152	protein-coding		WP_118594901.1	199	PGS38_RS10145
NZ_JAQEGR010000009.1	115173	115970		plus	MBL fold metallo-hydrolase		79856153	protein-coding		WP_055218850.1	265	PGS38_RS10150
NZ_JAQEGR010000009.1	116068	116340		plus	ACT domain-containing protein		79856154	protein-coding		WP_022462719.1	90	PGS38_RS10155
NZ_JAQEGR010000009.1	116360	117724		plus	PFL family protein		79856155	protein-coding		WP_055267333.1	454	PGS38_RS10160
NZ_JAQEGR010000009.1	117952	118185		plus	hypothetical protein		79856156	protein-coding		WP_055267335.1	77	PGS38_RS10165
NZ_JAQEGR010000009.1	118106	118288		minus	uncharacterized gene		79856157	pseudogene				PGS38_RS10170
NZ_JAQEGR010000009.1	118770	120944		plus	hybrid sensor histidine kinase/response regulator		79856158	protein-coding		WP_118594900.1	724	PGS38_RS10175
NZ_JAQEGR010000009.1	120969	121706		plus	uncharacterized gene		98633869	pseudogene				PGS38_RS17810
NZ_JAQEGR010000009.1	121964	122269		plus	response regulator		79856161	protein-coding		WP_055228394.1	101	PGS38_RS10190
NZ_JAQEGR010000009.1	122391	122702		plus	hypothetical protein		79856162	protein-coding		WP_147342484.1	103	PGS38_RS10195
NZ_JAQEGR010000009.1	122645	123895		minus	tRNA(Met) cytidine acetate ligase		79856163	protein-coding		WP_117805083.1	416	PGS38_RS10200
NZ_JAQEGR010000009.1	124111	125106		plus	phosphate acetyltransferase	pta	79856164	protein-coding		WP_022462726.1	331	PGS38_RS10205
NZ_JAQEGR010000009.1	125206	126402		plus	acetate kinase		79856165	protein-coding		WP_022462727.1	398	PGS38_RS10210
NZ_JAQEGR010000009.1	126477	127004		plus	YceD family protein		79856166	protein-coding		WP_055267341.1	175	PGS38_RS10215
NZ_JAQEGR010000009.1	127007	127186		plus	50S ribosomal protein L32	rpmF	79856167	protein-coding		WP_022462729.1	59	PGS38_RS10220
NZ_JAQEGR010000009.1	127394	128179		plus	hypothetical protein		79856168	protein-coding		WP_055218872.1	261	PGS38_RS10225
NZ_JAQEGR010000009.1	128408	129448		plus	phosphate acyltransferase PlsX	plsX	79856169	protein-coding		WP_118601360.1	346	PGS38_RS10230
NZ_JAQEGR010000009.1	129438	129671		plus	acyl carrier protein	acpP	79856170	protein-coding		WP_117802558.1	77	PGS38_RS10235
NZ_JAQEGR010000009.1	129777	130469		plus	ribonuclease III	rnc	79856171	protein-coding		WP_055218876.1	230	PGS38_RS10240
NZ_JAQEGR010000009.1	130477	134037		plus	chromosome segregation protein SMC	smc	79856172	protein-coding		WP_118594897.1	1186	PGS38_RS10245
NZ_JAQEGR010000009.1	134098	135039		plus	signal recognition particle-docking protein FtsY	ftsY	79856173	protein-coding		WP_022462735.1	313	PGS38_RS10250
NZ_JAQEGR010000009.1	135075	136286		plus	threonine ammonia-lyase	ilvA	79856174	protein-coding		WP_055219017.1	403	PGS38_RS10255
NZ_JAQEGR010000009.1	136411	136495		minus	tRNA-Leu		79856175	tRNA				PGS38_RS10260
NZ_JAQEGR010000009.1	136521	136605		minus	tRNA-Leu		79856176	tRNA				PGS38_RS10265
NZ_JAQEGR010000009.1	136809	137816		plus	deoxyguanosinetriphosphate triphosphohydrolase		79856177	protein-coding		WP_055218880.1	335	PGS38_RS10270
NZ_JAQEGR010000009.1	137833	139611		plus	DNA primase	dnaG	79856178	protein-coding		WP_055228390.1	592	PGS38_RS10275
NZ_JAQEGR010000009.1	139717	140859		plus	RNA polymerase sigma factor RpoD	rpoD	79856179	protein-coding		WP_055228389.1	380	PGS38_RS10280
NZ_JAQEGR010000009.1	140882	141580		plus	tRNA (adenine(22)-N(1))-methyltransferase		79856180	protein-coding		WP_118594896.1	232	PGS38_RS10285
NZ_JAQEGR010000009.1	141699	143354		plus	nucleoside kinase		79856181	protein-coding		WP_243037597.1	551	PGS38_RS10290
NZ_JAQEGR010000009.1	143446	143796		plus	RNase P RNA component class A	rnpB	79856182	RNase_P_RNA				PGS38_RS10295
NZ_JAQEGR010000009.1	143979	144575		plus	Maf family protein		79856183	protein-coding		WP_117510305.1	198	PGS38_RS10300
NZ_JAQEGR010000009.1	144592	146766		plus	M3 family oligoendopeptidase		79856184	protein-coding		WP_118594895.1	724	PGS38_RS10305
NZ_JAQEGR010000009.1	147000	147209		plus	FeoA family protein		79856185	protein-coding		WP_022462744.1	69	PGS38_RS10310
NZ_JAQEGR010000009.1	147229	147450		plus	FeoA family protein		79856186	protein-coding		WP_022462745.1	73	PGS38_RS10315
NZ_JAQEGR010000009.1	147567	149717		plus	ferrous iron transport protein B	feoB	79856187	protein-coding		WP_022462746.1	716	PGS38_RS10320
NZ_JAQEGR010000009.1	149815	149949		plus	FeoB-associated Cys-rich membrane protein		79856188	protein-coding		WP_022462747.1	44	PGS38_RS10325
NZ_JAQEGR010000009.1	149983	150438		plus	transcriptional repressor		79856189	protein-coding		WP_022462748.1	151	PGS38_RS10330
NZ_JAQEGR010000009.1	150615	150926		plus	DUF6110 family protein		79856190	protein-coding		WP_022462749.1	103	PGS38_RS10335
NZ_JAQEGR010000009.1	151024	153111		plus	heavy metal translocating P-type ATPase		79856191	protein-coding		WP_118594894.1	695	PGS38_RS10340
NZ_JAQEGR010000009.1	153476	153766		plus	DUF2325 domain-containing protein		79856192	protein-coding		WP_022462751.1	96	PGS38_RS10345
NZ_JAQEGR010000009.1	153785	154339		plus	DUF3793 family protein		79856193	protein-coding		WP_055228382.1	184	PGS38_RS10350
NZ_JAQEGR010000009.1	154431	154853		plus	flavodoxin		79856194	protein-coding		WP_022462753.1	140	PGS38_RS10355
NZ_JAQEGR010000009.1	154948	156102		minus	DUF4317 domain-containing protein		79856195	protein-coding		WP_022462754.1	384	PGS38_RS10360
NZ_JAQEGR010000009.1	156378	157592		plus	AI-2E family transporter		79856196	protein-coding		WP_242991186.1	404	PGS38_RS10365
NZ_JAQEGR010000009.1	157977	158885		plus	quinolinate synthase NadA	nadA	79856197	protein-coding		WP_118594893.1	302	PGS38_RS10370
NZ_JAQEGR010000009.1	158926	160302		plus	L-aspartate oxidase		79856198	protein-coding		WP_118594892.1	458	PGS38_RS10375
NZ_JAQEGR010000009.1	160268	161122		plus	carboxylating nicotinate-nucleotide diphosphorylase	nadC	79856199	protein-coding		WP_022462757.1	284	PGS38_RS10380
NZ_JAQEGR010000009.1	161264	161896		minus	SdpI family protein		79856200	protein-coding		WP_022462758.1	210	PGS38_RS10385
NZ_JAQEGR010000009.1	161880	162164		minus	autorepressor SdpR family transcription factor		79856201	protein-coding		WP_022462759.1	94	PGS38_RS10390
NZ_JAQEGR010000009.1	162359	163540		plus	MFS transporter		79856202	protein-coding		WP_022462760.1	393	PGS38_RS10395
NZ_JAQEGR010000009.1	163601	164038		minus	aspartate carbamoyltransferase regulatory subunit		79856203	protein-coding		WP_022462761.1	145	PGS38_RS10400
NZ_JAQEGR010000009.1	164058	164978		minus	aspartate carbamoyltransferase	pyrB	79856204	protein-coding		WP_022462762.1	306	PGS38_RS10405
NZ_JAQEGR010000009.1	165392	166522		plus	prephenate dehydratase	pheA	79856205	protein-coding		WP_055222099.1	376	PGS38_RS10410
NZ_JAQEGR010000009.1	166599	167927		plus	ATP-binding protein		79856206	protein-coding		WP_055222098.1	442	PGS38_RS10415
NZ_JAQEGR010000009.1	168011	169552		plus	Ppx/GppA phosphatase family protein		79856207	protein-coding		WP_022462390.1	513	PGS38_RS10420
NZ_JAQEGR010000009.1	169566	171752		plus	RNA degradosome polyphosphate kinase		79856208	protein-coding		WP_022462391.1	728	PGS38_RS10425
NZ_JAQEGR010000009.1	172358	173512		plus	ABC transporter ATP-binding protein		79856209	protein-coding		WP_118594891.1	384	PGS38_RS10430
NZ_JAQEGR010000009.1	173568	174395		plus	carbohydrate ABC transporter permease		79856210	protein-coding		WP_118594956.1	275	PGS38_RS10435
NZ_JAQEGR010000009.1	174497	175309		plus	carbohydrate ABC transporter permease		79856211	protein-coding		WP_416388118.1	270	PGS38_RS10440
NZ_JAQEGR010000009.1	175363	176781		plus	ABC transporter substrate-binding protein		79856212	protein-coding		WP_118594955.1	472	PGS38_RS10445
NZ_JAQEGR010000009.1	177260	177988		plus	glycerophosphodiester phosphodiesterase		79856213	protein-coding		WP_117802584.1	242	PGS38_RS10450
NZ_JAQEGR010000009.1	177985	178809		plus	HAD-IIA family hydrolase		79856214	protein-coding		WP_243037976.1	274	PGS38_RS10455
NZ_JAQEGR010000009.1	179068	180624		plus	ABC-F family ATP-binding cassette domain-containing protein		79856215	protein-coding		WP_117802549.1	518	PGS38_RS10460
NZ_JAQEGR010000009.1	180949	181362		plus	IS200/IS605 family transposase	tnpA	79856216	protein-coding		WP_055222090.1	137	PGS38_RS10465
NZ_JAQEGR010000009.1	181368	182486		plus	IS200/IS605 family element RNA-guided endonuclease TnpB	tnpB	79856217	protein-coding		WP_117802548.1	372	PGS38_RS10470
NZ_JAQEGR010000010.1	1	1019		minus	RNA-guided endonuclease InsQ/TnpB family protein		79856218	protein-coding		WP_270476244.1	339	PGS38_RS10475
NZ_JAQEGR010000010.1	958	1614		minus	IS607 family transposase		79856219	protein-coding		WP_199669522.1	218	PGS38_RS10480
NZ_JAQEGR010000010.1	1838	3169		minus	MATE family efflux transporter		79856220	protein-coding		WP_117814222.1	443	PGS38_RS10485
NZ_JAQEGR010000010.1	3272	3865		minus	NUDIX hydrolase		79856221	protein-coding		WP_022462955.1	197	PGS38_RS10490
NZ_JAQEGR010000010.1	4011	6641		minus	pyruvate, phosphate dikinase	ppdK	79856222	protein-coding		WP_118595188.1	876	PGS38_RS10495
NZ_JAQEGR010000010.1	7152	8063		minus	undecaprenyl-diphosphate phosphatase		79856223	protein-coding		WP_117760874.1	303	PGS38_RS10500
NZ_JAQEGR010000010.1	8263	11469		minus	carbamoyl-phosphate synthase large subunit	carB	79856224	protein-coding		WP_022462958.1	1068	PGS38_RS10505
NZ_JAQEGR010000010.1	11469	12542		minus	carbamoyl phosphate synthase small subunit		79856225	protein-coding		WP_118640264.1	357	PGS38_RS10510
NZ_JAQEGR010000010.1	12844	12927		minus	tRNA-Leu		79856226	tRNA				PGS38_RS10515
NZ_JAQEGR010000010.1	13188	13271		minus	tRNA-Leu		79856227	tRNA				PGS38_RS10520
NZ_JAQEGR010000010.1	13434	13892		minus	signal peptidase II		79856228	protein-coding		WP_022462960.1	152	PGS38_RS10525
NZ_JAQEGR010000010.1	13889	14380		minus	zinc-ribbon domain-containing protein		79856229	protein-coding		WP_118640233.1	163	PGS38_RS10530
NZ_JAQEGR010000010.1	14461	15897		minus	ATP-dependent Clp protease ATP-binding subunit ClpX	clpX	79856230	protein-coding		WP_022462962.1	478	PGS38_RS10535
NZ_JAQEGR010000010.1	16123	17844		minus	S1C family serine protease		79856231	protein-coding		WP_118600516.1	573	PGS38_RS10540
NZ_JAQEGR010000010.1	17990	19816		minus	glutamine--fructose-6-phosphate transaminase (isomerizing)	glmS	79856232	protein-coding		WP_270476245.1	608	PGS38_RS10545
NZ_JAQEGR010000010.1	19990	20943		minus	glycosyltransferase family 2 protein		79856233	protein-coding		WP_055219399.1	317	PGS38_RS10550
NZ_JAQEGR010000010.1	20965	22161		minus	LCP family protein		79856234	protein-coding		WP_118640231.1	398	PGS38_RS10555
NZ_JAQEGR010000010.1	22180	23589		minus	undecaprenyl-phosphate glucose phosphotransferase		79856235	protein-coding		WP_117509226.1	469	PGS38_RS10560
NZ_JAQEGR010000010.1	23740	24714		minus	glycosyltransferase family 2 protein		79856236	protein-coding		WP_117509227.1	324	PGS38_RS10565
NZ_JAQEGR010000010.1	24702	26537		minus	glycosyltransferase family 2 protein		79856237	protein-coding		WP_055219403.1	611	PGS38_RS10570
NZ_JAQEGR010000010.1	26789	28096		plus	D-alanyl-D-alanine carboxypeptidase family protein		79856238	protein-coding		WP_118640230.1	435	PGS38_RS10575
NZ_JAQEGR010000010.1	28291	30495		minus	glycosyltransferase		79856239	protein-coding		WP_055265468.1	734	PGS38_RS10580
NZ_JAQEGR010000010.1	30526	31959		minus	ArnT family glycosyltransferase		79856240	protein-coding		WP_118640229.1	477	PGS38_RS10585
NZ_JAQEGR010000010.1	31940	33181		minus	rhamnosyltransferase WsaF family glycosyltransferase		79856241	protein-coding		WP_227093573.1	413	PGS38_RS10590
NZ_JAQEGR010000010.1	33200	34171		minus	glycosyltransferase family 2 protein		79856242	protein-coding		WP_022462975.1	323	PGS38_RS10595
NZ_JAQEGR010000010.1	34174	35550		minus	hypothetical protein		79856243	protein-coding		WP_118600532.1	458	PGS38_RS10600
NZ_JAQEGR010000010.1	35555	36478		minus	class I SAM-dependent methyltransferase		79856244	protein-coding		WP_117804382.1	307	PGS38_RS10605
NZ_JAQEGR010000010.1	36507	37838		minus	ABC transporter ATP-binding protein		79856245	protein-coding		WP_117801715.1	443	PGS38_RS10610
NZ_JAQEGR010000010.1	37848	38648		minus	ABC transporter permease		79856246	protein-coding		WP_055219413.1	266	PGS38_RS10615
NZ_JAQEGR010000010.1	38665	39225		minus	dTDP-4-dehydrorhamnose 3,5-epimerase	rfbC	79856247	protein-coding		WP_022462980.1	186	PGS38_RS10620
NZ_JAQEGR010000010.1	39531	41480		plus	sulfatase-like hydrolase/transferase		79856248	protein-coding		WP_270476248.1	649	PGS38_RS10625
NZ_JAQEGR010000010.1	41598	42728		minus	acyltransferase family protein		79856249	protein-coding		WP_055227568.1	376	PGS38_RS10630
NZ_JAQEGR010000010.1	42824	43162		minus	EamA family transporter		79856250	protein-coding		WP_022462983.1	112	PGS38_RS10635
NZ_JAQEGR010000010.1	43155	43505		minus	EamA family transporter		79856251	protein-coding		WP_118600534.1	116	PGS38_RS10640
NZ_JAQEGR010000010.1	43522	44358		minus	hypothetical protein		79856252	protein-coding		WP_055227571.1	278	PGS38_RS10645
NZ_JAQEGR010000010.1	44371	45438		minus	DUF6077 domain-containing protein		79856253	protein-coding		WP_118640228.1	355	PGS38_RS10650
NZ_JAQEGR010000010.1	45638	47884		plus	hypothetical protein		79856254	protein-coding		WP_158581769.1	748	PGS38_RS10655
NZ_JAQEGR010000010.1	47943	48923		minus	glycosyltransferase family 2 protein		79856255	protein-coding		WP_055219419.1	326	PGS38_RS10660
NZ_JAQEGR010000010.1	48941	49816		minus	LicD family protein		79856256	protein-coding		WP_118595173.1	291	PGS38_RS10665
NZ_JAQEGR010000010.1	49809	51206		minus	sugar transferase		79856257	protein-coding		WP_118595172.1	465	PGS38_RS10670
NZ_JAQEGR010000010.1	51206	51970		minus	glycosyltransferase family 2 protein		79856258	protein-coding		WP_117804423.1	254	PGS38_RS10675
NZ_JAQEGR010000010.1	52110	52670		minus	manganese efflux pump		79856259	protein-coding		WP_055219426.1	186	PGS38_RS10680
NZ_JAQEGR010000010.1	52751	53422		minus	ribulose-phosphate 3-epimerase		79856260	protein-coding		WP_118595171.1	223	PGS38_RS10685
NZ_JAQEGR010000010.1	53429	54442		minus	galactitol-1-phosphate 5-dehydrogenase		79856261	protein-coding		WP_118595170.1	337	PGS38_RS10690
NZ_JAQEGR010000010.1	54439	55143		minus	IspD/TarI family cytidylyltransferase		79856262	protein-coding		WP_118640226.1	234	PGS38_RS10695
NZ_JAQEGR010000010.1	55145	57883		minus	translation factor GTPase family protein		79856263	protein-coding		WP_118640225.1	912	PGS38_RS10700
NZ_JAQEGR010000010.1	58041	58418		minus	hypothetical protein		79856264	protein-coding		WP_243865926.1	125	PGS38_RS10705
NZ_JAQEGR010000010.1	58624	60303		minus	FMN-binding protein		79856265	protein-coding		WP_022461155.1	559	PGS38_RS10710
NZ_JAQEGR010000010.1	60736	61974		minus	tyrosine-type recombinase/integrase		79856266	protein-coding		WP_005330087.1	412	PGS38_RS10715
NZ_JAQEGR010000010.1	62080	62259		minus	helix-turn-helix domain-containing protein		88554252	protein-coding		WP_080543107.1	59	PGS38_RS17685
NZ_JAQEGR010000010.1	62264	63373		minus	replication initiation factor domain-containing protein		79856268	protein-coding		WP_006857463.1	369	PGS38_RS10725
NZ_JAQEGR010000010.1	63432	63761		minus	hypothetical protein		79856269	protein-coding		WP_005335695.1	109	PGS38_RS10730
NZ_JAQEGR010000010.1	64011	64694		plus	helix-turn-helix domain-containing protein		79856270	protein-coding		WP_015554186.1	227	PGS38_RS10735
NZ_JAQEGR010000010.1	64887	65102		minus	helix-turn-helix domain-containing protein		79856271	protein-coding		WP_005335690.1	71	PGS38_RS10740
NZ_JAQEGR010000010.1	65216	65524		plus	hypothetical protein		79856272	protein-coding		WP_006426016.1	102	PGS38_RS10745
NZ_JAQEGR010000010.1	65575	65826		minus	hypothetical protein		79856273	protein-coding		WP_005335687.1	83	PGS38_RS10750
NZ_JAQEGR010000010.1	65876	66346		minus	GNAT family N-acetyltransferase		79856274	protein-coding		WP_015554185.1	156	PGS38_RS10755
NZ_JAQEGR010000010.1	66439	66603		plus	group II intron maturase-specific domain-containing protein		98633870	protein-coding		WP_154253351.1	54	PGS38_RS17815
NZ_JAQEGR010000010.1	66678	67616		minus	translation elongation factor Ts	tsf	79856275	protein-coding		WP_118640224.1	312	PGS38_RS10760
NZ_JAQEGR010000010.1	67737	68468		minus	30S ribosomal protein S2	rpsB	79856276	protein-coding		WP_022461152.1	243	PGS38_RS10765
NZ_JAQEGR010000010.1	68647	70266		minus	HAD hydrolase-like protein		87803043	protein-coding		WP_117801725.1	539	PGS38_RS17515
NZ_JAQEGR010000010.1	70357	71802		minus	prolipoprotein diacylglyceryl transferase		79856279	protein-coding		WP_022461150.1	481	PGS38_RS10780
NZ_JAQEGR010000010.1	71799	73406		minus	serine/threonine protein kinase		79856280	protein-coding		WP_117509242.1	535	PGS38_RS10785
NZ_JAQEGR010000010.1	73549	75315		minus	arginine--tRNA ligase	argS	79856281	protein-coding		WP_117509243.1	588	PGS38_RS10790
NZ_JAQEGR010000010.1	75338	75805		minus	CBS domain-containing protein		79856282	protein-coding		WP_022461147.1	155	PGS38_RS10795
NZ_JAQEGR010000010.1	76081	77331		minus	ABC transporter permease		79856283	protein-coding		WP_055219448.1	416	PGS38_RS10800
NZ_JAQEGR010000010.1	77343	79739		minus	efflux RND transporter periplasmic adaptor subunit		79856284	protein-coding		WP_118640223.1	798	PGS38_RS10805
NZ_JAQEGR010000010.1	79736	80419		minus	ABC transporter ATP-binding protein		79856285	protein-coding		WP_117801729.1	227	PGS38_RS10810
NZ_JAQEGR010000010.1	80416	81861		minus	efflux RND transporter periplasmic adaptor subunit		79856286	protein-coding		WP_118640222.1	481	PGS38_RS10815
NZ_JAQEGR010000010.1	82084	82347		minus	hypothetical protein		79856287	protein-coding		WP_022461142.1	87	PGS38_RS10820
NZ_JAQEGR010000010.1	82571	84379		minus	aspartate--tRNA ligase	aspS	79856288	protein-coding		WP_118640221.1	602	PGS38_RS10825
NZ_JAQEGR010000010.1	84472	85728		minus	histidine--tRNA ligase	hisS	79856289	protein-coding		WP_055227609.1	418	PGS38_RS10830
NZ_JAQEGR010000010.1	85661	86341		minus	HD-GYP domain-containing protein		79856290	protein-coding		WP_070103204.1	226	PGS38_RS10835
NZ_JAQEGR010000010.1	86338	87837		minus	coproporphyrinogen dehydrogenase HemZ	hemZ	79856291	protein-coding		WP_055227610.1	499	PGS38_RS10840
NZ_JAQEGR010000010.1	87809	88432		minus	MBL fold metallo-hydrolase		79856292	protein-coding		WP_055227612.1	207	PGS38_RS10845
NZ_JAQEGR010000010.1	88448	90745		minus	RelA/SpoT family protein		79856293	protein-coding		WP_118640220.1	765	PGS38_RS10850
NZ_JAQEGR010000010.1	90793	91317		minus	adenine phosphoribosyltransferase		79856294	protein-coding		WP_117509253.1	174	PGS38_RS10855
NZ_JAQEGR010000010.1	91449	93173		minus	single-stranded-DNA-specific exonuclease RecJ	recJ	79856295	protein-coding		WP_117509254.1	574	PGS38_RS10860
NZ_JAQEGR010000010.1	93253	95532		minus	protein translocase subunit SecD	secD	79856296	protein-coding		WP_117509424.1	759	PGS38_RS10865
NZ_JAQEGR010000010.1	95557	96915		minus	thioether cross-link-forming SCIFF peptide maturase	scfB	79856297	protein-coding		WP_117509255.1	452	PGS38_RS10870
NZ_JAQEGR010000010.1	97032	97172		minus	six-cysteine ranthipeptide SCIFF	scfA	79856298	protein-coding		WP_022461131.1	46	PGS38_RS10875
NZ_JAQEGR010000010.1	97306	97698		minus	TIGR04086 family membrane protein		79856299	protein-coding		WP_158554962.1	130	PGS38_RS10880
NZ_JAQEGR010000010.1	97760	99457		minus	hypothetical protein		79856300	protein-coding		WP_158565830.1	565	PGS38_RS10885
NZ_JAQEGR010000010.1	99678	101537		minus	ATP-dependent zinc metalloprotease FtsH	ftsH	79856301	protein-coding		WP_055219468.1	619	PGS38_RS10890
NZ_JAQEGR010000010.1	101795	102685		plus	RluA family pseudouridine synthase		79856302	protein-coding		WP_055219470.1	296	PGS38_RS10895
NZ_JAQEGR010000010.1	102799	103299		minus	heme-degrading domain-containing protein		79856303	protein-coding		WP_022461366.1	166	PGS38_RS10900
NZ_JAQEGR010000010.1	103491	104285		minus	RnfABCDGE type electron transport complex subunit B		79856304	protein-coding		WP_117509259.1	264	PGS38_RS10905
NZ_JAQEGR010000010.1	104299	104874		minus	electron transport complex subunit RsxA	rsxA	79856305	protein-coding		WP_022461368.1	191	PGS38_RS10910
NZ_JAQEGR010000010.1	104871	105575		minus	electron transport complex subunit RsxE	rsxE	79856306	protein-coding		WP_022461369.1	234	PGS38_RS10915
NZ_JAQEGR010000010.1	105572	106210		minus	FMN-binding protein		79856307	protein-coding		WP_118640217.1	212	PGS38_RS10920
NZ_JAQEGR010000010.1	106207	107163		minus	RnfABCDGE type electron transport complex subunit D		79856308	protein-coding		WP_118659610.1	318	PGS38_RS10925
NZ_JAQEGR010000010.1	107177	108505		minus	electron transport complex subunit RsxC	rsxC	79856309	protein-coding		WP_118659612.1	442	PGS38_RS10930
NZ_JAQEGR010000010.1	108612	109349		minus	tRNA pseudouridine(38-40) synthase TruA	truA	79856310	protein-coding		WP_117509425.1	245	PGS38_RS10935
NZ_JAQEGR010000010.1	109429	110868		minus	ATP-binding protein		79856311	protein-coding		WP_270476253.1	479	PGS38_RS10940
NZ_JAQEGR010000010.1	110956	112428		minus	vWA domain-containing protein		79856312	protein-coding		WP_119188819.1	490	PGS38_RS10945
NZ_JAQEGR010000010.1	112756	113295		plus	FKBP-type peptidyl-prolyl cis-trans isomerase		79856313	protein-coding		WP_199607193.1	179	PGS38_RS10950
NZ_JAQEGR010000010.1	113414	115414		minus	ABC transporter permease		79856314	protein-coding		WP_117801744.1	666	PGS38_RS10955
NZ_JAQEGR010000010.1	115407	116174		minus	ABC transporter ATP-binding protein		79856315	protein-coding		WP_055219485.1	255	PGS38_RS10960
NZ_JAQEGR010000010.1	116321	117340		minus	sensor histidine kinase		79856316	protein-coding		WP_243104842.1	339	PGS38_RS10965
NZ_JAQEGR010000010.1	117365	118036		minus	response regulator transcription factor		79856317	protein-coding		WP_022461380.1	223	PGS38_RS10970
NZ_JAQEGR010000010.1	118172	118693		minus	nitroreductase family protein		79856318	protein-coding		WP_117804356.1	173	PGS38_RS10975
NZ_JAQEGR010000010.1	118772	118948		minus	DUF6472 family protein		79856319	protein-coding		WP_226906373.1	58	PGS38_RS10980
NZ_JAQEGR010000010.1	119064	120266		minus	class I SAM-dependent rRNA methyltransferase		79856320	protein-coding		WP_118640210.1	400	PGS38_RS10985
NZ_JAQEGR010000010.1	120403	121290		minus	radical SAM protein		79856321	protein-coding		WP_118600587.1	295	PGS38_RS10990
NZ_JAQEGR010000010.1	121401	122276		minus	methionyl aminopeptidase		79856322	protein-coding		WP_022461385.1	291	PGS38_RS10995
NZ_JAQEGR010000010.1	122648	123076		plus	hypothetical protein		79856323	protein-coding		WP_022461386.1	142	PGS38_RS11000
NZ_JAQEGR010000010.1	123361	125124		plus	Na/Pi cotransporter family protein		79856324	protein-coding		WP_118640209.1	587	PGS38_RS11005
NZ_JAQEGR010000010.1	125346	126488		minus	glucose-1-phosphate adenylyltransferase subunit GlgD	glgD	79856325	protein-coding		WP_055227642.1	380	PGS38_RS11010
NZ_JAQEGR010000010.1	126482	127690		minus	glucose-1-phosphate adenylyltransferase		79856326	protein-coding		WP_117509275.1	402	PGS38_RS11015
NZ_JAQEGR010000010.1	127991	130606		minus	glycoside hydrolase family 3 protein		79856327	protein-coding		WP_118640208.1	871	PGS38_RS11020
NZ_JAQEGR010000010.1	130929	131333		plus	amino acid-binding protein		79856328	protein-coding		WP_117801750.1	134	PGS38_RS11025
NZ_JAQEGR010000010.1	131511	132890		minus	MATE family efflux transporter		79856329	protein-coding		WP_117814479.1	459	PGS38_RS11030
NZ_JAQEGR010000010.1	132913	134235		minus	APC family permease		79856330	protein-coding		WP_158581768.1	440	PGS38_RS11035
NZ_JAQEGR010000010.1	134546	136081		plus	aminotransferase class I/II-fold pyridoxal phosphate-dependent enzyme		79856331	protein-coding		WP_118600571.1	511	PGS38_RS11040
NZ_JAQEGR010000010.1	136446	138518		plus	EAL domain-containing protein		79856332	protein-coding		WP_118640206.1	690	PGS38_RS11045
NZ_JAQEGR010000010.1	138699	139673		plus	choloylglycine hydrolase	bsh	79856333	protein-coding		WP_055219508.1	324	PGS38_RS11050
NZ_JAQEGR010000010.1	139904	140857		plus	tRNA dihydrouridine synthase		79856334	protein-coding		WP_118640205.1	317	PGS38_RS11055
NZ_JAQEGR010000010.1	141184	141960		minus	GTP pyrophosphokinase		79856335	protein-coding		WP_055227650.1	258	PGS38_RS11060
NZ_JAQEGR010000010.1	142043	142744		minus	response regulator		79856336	protein-coding		WP_022461465.1	233	PGS38_RS11065
NZ_JAQEGR010000010.1	142776	143045		minus	sensor histidine kinase		79856337	protein-coding		WP_243104841.1	89	PGS38_RS11070
NZ_JAQEGR010000010.1	143177	143695		minus	DUF4118 domain-containing protein		79856338	protein-coding		WP_118640203.1	172	PGS38_RS11075
NZ_JAQEGR010000010.1	143797	145473		plus	diguanylate cyclase		79856339	protein-coding		WP_118640202.1	558	PGS38_RS11080
NZ_JAQEGR010000010.1	145377	146552		minus	glycosyltransferase		79856340	protein-coding		WP_117760761.1	391	PGS38_RS11085
NZ_JAQEGR010000010.1	146584	147396		minus	LicD family protein		79856341	protein-coding		WP_158579613.1	270	PGS38_RS11090
NZ_JAQEGR010000010.1	147457	148146		minus	response regulator		98633871	protein-coding		WP_158581767.1	229	PGS38_RS17820
NZ_JAQEGR010000010.1	148146	149084		minus	hypothetical protein		79856343	protein-coding		WP_147326095.1	312	PGS38_RS11100
NZ_JAQEGR010000010.1	149299	149916		minus	uncharacterized gene	wecB	79856344	pseudogene				PGS38_RS11105
NZ_JAQEGR010000010.1	150045	150767		minus	cell envelope integrity TolA family protein		79856345	protein-coding		WP_270476256.1	240	PGS38_RS11110
NZ_JAQEGR010000010.1	150861	151094		minus	Hpt domain-containing protein		79856346	protein-coding		WP_238061014.1	77	PGS38_RS11115
NZ_JAQEGR010000010.1	151142	153973		minus	transporter substrate-binding domain-containing protein		79856347	protein-coding		WP_270476258.1	943	PGS38_RS11120
NZ_JAQEGR010000010.1	154115	154411		minus	response regulator		79856348	protein-coding		WP_270476260.1	98	PGS38_RS11125
NZ_JAQEGR010000010.1	154408	155844		minus	sensor histidine kinase		79856349	protein-coding		WP_243110862.1	478	PGS38_RS11130
NZ_JAQEGR010000010.1	156001	157557		plus	Mu transposase domain-containing protein		79856350	protein-coding		WP_118641309.1	518	PGS38_RS11135
NZ_JAQEGR010000010.1	157570	158349		plus	ATP-binding protein		79856351	protein-coding		WP_055221200.1	259	PGS38_RS11140
NZ_JAQEGR010000011.1	47	205		minus	hypothetical protein		79856352	protein-coding		WP_158579565.1	52	PGS38_RS11145
NZ_JAQEGR010000011.1	250	573		minus	hypothetical protein		79856353	protein-coding		WP_147399300.1	107	PGS38_RS11150
NZ_JAQEGR010000011.1	743	1390		minus	helix-turn-helix domain-containing protein		79856354	protein-coding		WP_055220951.1	215	PGS38_RS11155
NZ_JAQEGR010000011.1	1371	2048		minus	DUF3990 domain-containing protein		79856355	protein-coding		WP_082426280.1	225	PGS38_RS11160
NZ_JAQEGR010000011.1	2257	3015		minus	hypothetical protein		79856356	protein-coding		WP_118595657.1	252	PGS38_RS11165
NZ_JAQEGR010000011.1	3207	5189		minus	methionine--tRNA ligase	metG	79856357	protein-coding		WP_117510577.1	660	PGS38_RS11170
NZ_JAQEGR010000011.1	5652	6392		minus	glucosamine-6-phosphate deaminase	nagB	79856358	protein-coding		WP_117761352.1	246	PGS38_RS11175
NZ_JAQEGR010000011.1	6427	7536		minus	N-acetylglucosamine-6-phosphate deacetylase	nagA	79856359	protein-coding		WP_270476268.1	369	PGS38_RS11180
NZ_JAQEGR010000011.1	7779	8594		plus	MurR/RpiR family transcriptional regulator		79856360	protein-coding		WP_022462919.1	271	PGS38_RS11185
NZ_JAQEGR010000011.1	8560	9024		plus	DUF2752 domain-containing protein		79856361	protein-coding		WP_199692286.1	154	PGS38_RS11190
NZ_JAQEGR010000011.1	9040	9438		plus	DUF4234 domain-containing protein		79856362	protein-coding		WP_118640498.1	132	PGS38_RS11195
NZ_JAQEGR010000011.1	9457	10809		plus	MATE family efflux transporter		79856363	protein-coding		WP_118640499.1	450	PGS38_RS11200
NZ_JAQEGR010000011.1	10989	11522		minus	cob(I)yrinic acid a,c-diamide adenosyltransferase		79856364	protein-coding		WP_022462915.1	177	PGS38_RS11205
NZ_JAQEGR010000011.1	11663	12208		minus	NADH peroxidase		79856365	protein-coding		WP_022462914.1	181	PGS38_RS11210
NZ_JAQEGR010000011.1	12379	12777		minus	Fur family transcriptional regulator		79856366	protein-coding		WP_022462913.1	132	PGS38_RS11215
NZ_JAQEGR010000011.1	13291	14442		plus	ROK family transcriptional regulator		79856367	protein-coding		WP_118640500.1	383	PGS38_RS11220
NZ_JAQEGR010000011.1	15169	16041		minus	16S rRNA (adenine(1518)-N(6)/adenine(1519)-N(6))-dimethyltransferase RsmA	rsmA	79856368	protein-coding		WP_022461748.1	290	PGS38_RS11225
NZ_JAQEGR010000011.1	16057	18951		minus	hypothetical protein		79856369	protein-coding		WP_118640501.1	964	PGS38_RS11230
NZ_JAQEGR010000011.1	19159	21621		minus	glycogen/starch/alpha-glucan phosphorylase		79856370	protein-coding		WP_118640502.1	820	PGS38_RS11235
NZ_JAQEGR010000011.1	21729	24848		minus	isoleucine--tRNA ligase	ileS	79856371	protein-coding		WP_270476271.1	1039	PGS38_RS11240
NZ_JAQEGR010000011.1	25339	26937		plus	AAA family ATPase		79856372	protein-coding		WP_118640503.1	532	PGS38_RS11245
NZ_JAQEGR010000011.1	26937	28073		plus	glycerate kinase family protein		79856373	protein-coding		WP_119188825.1	378	PGS38_RS11250
NZ_JAQEGR010000011.1	28181	28441		minus	GNAT family N-acetyltransferase		79856374	protein-coding		WP_243110786.1	86	PGS38_RS11255
NZ_JAQEGR010000011.1	28551	29315		minus	nucleoside phosphorylase		79856375	protein-coding		WP_119188827.1	254	PGS38_RS11260
NZ_JAQEGR010000011.1	29402	29611		minus	hypothetical protein		79856376	protein-coding		WP_330427051.1	69	PGS38_RS11265
NZ_JAQEGR010000011.1	29725	30207		minus	prolyl-tRNA synthetase associated domain-containing protein		79856377	protein-coding		WP_119188828.1	160	PGS38_RS11270
NZ_JAQEGR010000011.1	30246	31832		minus	AAA family ATPase		79856378	protein-coding		WP_119188829.1	528	PGS38_RS11275
NZ_JAQEGR010000011.1	32296	32985		minus	TMEM165/GDT1 family protein		79856379	protein-coding		WP_055225810.1	229	PGS38_RS11280
NZ_JAQEGR010000011.1	32998	33999		minus	calcium/sodium antiporter		79856380	protein-coding		WP_117510557.1	333	PGS38_RS11285
NZ_JAQEGR010000011.1	34460	36424		minus	ABC-F family ATP-binding cassette domain-containing protein		79856381	protein-coding		WP_118640507.1	654	PGS38_RS11290
NZ_JAQEGR010000011.1	36844	37332		minus	hypothetical protein		79856382	protein-coding		WP_117510553.1	162	PGS38_RS11295
NZ_JAQEGR010000011.1	37610	38134		minus	GNAT family N-acetyltransferase		79856383	protein-coding		WP_055225836.1	174	PGS38_RS11300
NZ_JAQEGR010000011.1	38160	38600		minus	GNAT family N-acetyltransferase		79856384	protein-coding		WP_117510551.1	146	PGS38_RS11305
NZ_JAQEGR010000011.1	38628	39122		minus	AAA family ATPase		79856385	protein-coding		WP_117510549.1	164	PGS38_RS11310
NZ_JAQEGR010000011.1	39119	39679		minus	histidine phosphatase family protein		79856386	protein-coding		WP_117805117.1	186	PGS38_RS11315
NZ_JAQEGR010000011.1	40028	40633		minus	thymidine kinase		79856387	protein-coding		WP_117761365.1	201	PGS38_RS11320
NZ_JAQEGR010000011.1	40726	40956		minus	hypothetical protein		79856388	protein-coding		WP_117510543.1	76	PGS38_RS11325
NZ_JAQEGR010000011.1	41039	42664		minus	AAA family ATPase		79856389	protein-coding		WP_117761366.1	541	PGS38_RS11330
NZ_JAQEGR010000011.1	42787	43737		minus	3'-5' exonuclease		79856390	protein-coding		WP_117761367.1	316	PGS38_RS11335
NZ_JAQEGR010000011.1	44021	46078		plus	ATP-binding protein		79856391	protein-coding		WP_118601459.1	685	PGS38_RS11340
NZ_JAQEGR010000011.1	46228	47403		minus	glycoside hydrolase family 130 protein		79856392	protein-coding		WP_022461807.1	391	PGS38_RS11345
NZ_JAQEGR010000011.1	47393	48571		minus	AGE family epimerase/isomerase		79856393	protein-coding		WP_055221154.1	392	PGS38_RS11350
NZ_JAQEGR010000011.1	48590	49612		minus	glycoside hydrolase family 130 protein		79856394	protein-coding		WP_117510535.1	340	PGS38_RS11355
NZ_JAQEGR010000011.1	49918	50919		minus	substrate-binding domain-containing protein		79856395	protein-coding		WP_055266843.1	333	PGS38_RS11360
NZ_JAQEGR010000011.1	50932	53121		minus	alpha-galactosidase		79856396	protein-coding		WP_119188830.1	729	PGS38_RS11365
NZ_JAQEGR010000011.1	53229	54947		minus	phospho-sugar mutase		79856397	protein-coding		WP_055225852.1	572	PGS38_RS11370
NZ_JAQEGR010000011.1	55115	55465		minus	winged helix-turn-helix domain-containing protein		79856398	protein-coding		WP_117805121.1	116	PGS38_RS11375
NZ_JAQEGR010000011.1	55462	56721		minus	AfsR/SARP family transcriptional regulator		79856399	protein-coding		WP_117805122.1	419	PGS38_RS11380
NZ_JAQEGR010000011.1	56977	57615		minus	metal-dependent hydrolase		79856400	protein-coding		WP_158565921.1	212	PGS38_RS11385
NZ_JAQEGR010000011.1	57876	59492		minus	amidohydrolase		79856401	protein-coding		WP_117805124.1	538	PGS38_RS11390
NZ_JAQEGR010000011.1	59610	61088		minus	alanine/glycine:cation symporter family protein		79856402	protein-coding		WP_117510525.1	492	PGS38_RS11395
NZ_JAQEGR010000011.1	61553	61678		minus	maltose acetyltransferase domain-containing protein		79856403	protein-coding		WP_117510523.1	41	PGS38_RS11400
NZ_JAQEGR010000011.1	61722	62132		minus	peptide deformylase		79856404	protein-coding		WP_117805125.1	136	PGS38_RS11405
NZ_JAQEGR010000011.1	62174	62590		minus	hypothetical protein		79856405	protein-coding		WP_173827430.1	138	PGS38_RS11410
NZ_JAQEGR010000011.1	62663	63268		minus	class I SAM-dependent methyltransferase		79856406	protein-coding		WP_117805126.1	201	PGS38_RS11415
NZ_JAQEGR010000011.1	63255	63806		minus	hypothetical protein		79856407	protein-coding		WP_117805127.1	183	PGS38_RS11420
NZ_JAQEGR010000011.1	63803	64372		minus	GNAT family N-acetyltransferase		79856408	protein-coding		WP_117510517.1	189	PGS38_RS11425
NZ_JAQEGR010000011.1	64568	65404		plus	AIM24 family protein		79856409	protein-coding		WP_117805128.1	278	PGS38_RS11430
NZ_JAQEGR010000011.1	65569	66900		plus	MATE family efflux transporter		79856410	protein-coding		WP_242991195.1	443	PGS38_RS11435
NZ_JAQEGR010000011.1	67201	68199		minus	DUF3878 family protein		79856411	protein-coding		WP_117805129.1	332	PGS38_RS11440
NZ_JAQEGR010000011.1	68374	68514		minus	response regulator		79856412	protein-coding		WP_117805130.1	46	PGS38_RS11445
NZ_JAQEGR010000011.1	68718	68861		plus	hypothetical protein		79856413	protein-coding		WP_158565922.1	47	PGS38_RS11450
NZ_JAQEGR010000011.1	69236	69309		plus	tRNA-Arg		79856414	tRNA				PGS38_RS11455
NZ_JAQEGR010000011.1	69636	70601		plus	ParB/RepB/Spo0J family partition protein		79856415	protein-coding		WP_071143508.1	321	PGS38_RS11460
NZ_JAQEGR010000011.1	70616	71401		plus	ParA family protein		79856416	protein-coding		WP_117805133.1	261	PGS38_RS11465
NZ_JAQEGR010000011.1	71391	72299		plus	ParB/RepB/Spo0J family partition protein		79856417	protein-coding		WP_117805131.1	302	PGS38_RS11470
NZ_JAQEGR010000011.1	72378	73376		plus	DUF6017 domain-containing protein		79856418	protein-coding		WP_117805132.1	332	PGS38_RS11475
NZ_JAQEGR010000011.1	73386	73682		plus	hypothetical protein		79856419	protein-coding		WP_015514766.1	98	PGS38_RS11480
NZ_JAQEGR010000011.1	73696	74094		plus	hypothetical protein		79856420	protein-coding		WP_173905991.1	132	PGS38_RS11485
NZ_JAQEGR010000011.1	74161	74409		plus	DUF3781 domain-containing protein		79856421	protein-coding		WP_005921256.1	82	PGS38_RS11490
NZ_JAQEGR010000011.1	74454	74774		plus	TfoX/Sxy family protein		79856422	protein-coding		WP_004612401.1	106	PGS38_RS11495
NZ_JAQEGR010000011.1	74828	75430		plus	alpha/beta hydrolase		79856423	protein-coding		WP_005337276.1	200	PGS38_RS11500
NZ_JAQEGR010000011.1	75478	75996		plus	ClbS/DfsB family four-helix bundle protein		79856424	protein-coding		WP_118601726.1	172	PGS38_RS11505
NZ_JAQEGR010000011.1	76117	76452		plus	DUF3784 domain-containing protein		79856425	protein-coding		WP_055267398.1	111	PGS38_RS11510
NZ_JAQEGR010000011.1	76790	76918		minus	uncharacterized gene		79856426	pseudogene				PGS38_RS11515
NZ_JAQEGR010000011.1	76979	77470		minus	antirestriction protein ArdA		79856427	protein-coding		WP_117805231.1	163	PGS38_RS11520
NZ_JAQEGR010000011.1	77553	77882		minus	type II toxin-antitoxin system RelE/ParE family toxin		79856428	protein-coding		WP_005334765.1	109	PGS38_RS11525
NZ_JAQEGR010000011.1	77879	78187		minus	type II toxin-antitoxin system RelB/DinJ family antitoxin		79856429	protein-coding		WP_029471590.1	102	PGS38_RS11530
NZ_JAQEGR010000011.1	78577	79131		plus	RNA polymerase sigma factor		79856430	protein-coding		WP_005334762.1	184	PGS38_RS11535
NZ_JAQEGR010000011.1	79121	79876		plus	hypothetical protein		79856431	protein-coding		WP_092073367.1	251	PGS38_RS11540
NZ_JAQEGR010000011.1	79867	80733		plus	ABC transporter ATP-binding protein		79856432	protein-coding		WP_005334760.1	288	PGS38_RS11545
NZ_JAQEGR010000011.1	80738	81904		plus	ABC transporter permease subunit		79856433	protein-coding		WP_092073365.1	388	PGS38_RS11550
NZ_JAQEGR010000011.1	81988	82590		plus	Type 1 glutamine amidotransferase-like domain-containing protein		79856434	protein-coding		WP_117805233.1	200	PGS38_RS11555
NZ_JAQEGR010000011.1	82895	83134		plus	DUF6061 family protein		79856435	protein-coding		WP_055156118.1	79	PGS38_RS11560
NZ_JAQEGR010000011.1	83211	85418		minus	FtsX-like permease family protein		79856436	protein-coding		WP_055156117.1	735	PGS38_RS11565
NZ_JAQEGR010000011.1	85408	86175		minus	ABC transporter ATP-binding protein		79856437	protein-coding		WP_055156116.1	255	PGS38_RS11570
NZ_JAQEGR010000011.1	86287	87300		minus	sensor histidine kinase		79856438	protein-coding		WP_055156115.1	337	PGS38_RS11575
NZ_JAQEGR010000011.1	87297	87965		minus	response regulator transcription factor		79856439	protein-coding		WP_015520152.1	222	PGS38_RS11580
NZ_JAQEGR010000011.1	88074	88820		minus	DUF6040 family protein		79856440	protein-coding		WP_055156250.1	248	PGS38_RS11585
NZ_JAQEGR010000011.1	88759	90480		minus	MobA/MobL family protein		79856441	protein-coding		WP_117807244.1	573	PGS38_RS11590
NZ_JAQEGR010000011.1	90450	90809		minus	hypothetical protein		79856442	protein-coding		WP_119188948.1	119	PGS38_RS11595
NZ_JAQEGR010000011.1	90809	91123		minus	relaxasome subunit MobC		79856443	protein-coding		WP_119188947.1	104	PGS38_RS11600
NZ_JAQEGR010000011.1	91264	91494		minus	helix-turn-helix domain-containing protein		79856444	protein-coding		WP_004843519.1	76	PGS38_RS11605
NZ_JAQEGR010000011.1	91666	92295		plus	helix-turn-helix domain-containing protein		79856445	protein-coding		WP_055158601.1	209	PGS38_RS11610
NZ_JAQEGR010000011.1	92382	93677		plus	tyrosine-type recombinase/integrase		79856446	protein-coding		WP_055158599.1	431	PGS38_RS11615
NZ_JAQEGR010000011.1	93938	94291		plus	dihydropteridine reductase		79856447	protein-coding		WP_117805234.1	117	PGS38_RS11620
NZ_JAQEGR010000011.1	94320	94925		plus	TetR/AcrR family transcriptional regulator		79856448	protein-coding		WP_117805235.1	201	PGS38_RS11625
NZ_JAQEGR010000011.1	95184	95360		plus	helix-turn-helix domain-containing protein		79856449	protein-coding		WP_003864535.1	58	PGS38_RS11630
NZ_JAQEGR010000011.1	95481	96470		plus	helix-turn-helix domain-containing protein		79856450	protein-coding		WP_044954635.1	329	PGS38_RS11635
NZ_JAQEGR010000011.1	96472	97863		plus	tyrosine-type recombinase/integrase		79856451	protein-coding		WP_171027973.1	463	PGS38_RS11640
NZ_JAQEGR010000011.1	98025	98240		plus	hypothetical protein		79856452	protein-coding		WP_226977413.1	71	PGS38_RS11645
NZ_JAQEGR010000011.1	99038	99364		plus	uncharacterized gene		79856453	pseudogene				PGS38_RS11650
NZ_JAQEGR010000011.1	99400	100959		plus	cardiolipin synthase	cls	79856454	protein-coding		WP_055225912.1	519	PGS38_RS11655
NZ_JAQEGR010000011.1	101157	102590		plus	phospholipase D family protein		79856455	protein-coding		WP_117805236.1	477	PGS38_RS11660
NZ_JAQEGR010000011.1	102569	103279		plus	response regulator transcription factor		79856456	protein-coding		WP_044024695.1	236	PGS38_RS11665
NZ_JAQEGR010000011.1	103279	104322		plus	sensor histidine kinase		79856457	protein-coding		WP_118640522.1	347	PGS38_RS11670
NZ_JAQEGR010000011.1	104354	105419		plus	uncharacterized gene		79856458	pseudogene				PGS38_RS11675
NZ_JAQEGR010000011.1	105409	105579		plus	uncharacterized gene		79856459	pseudogene				PGS38_RS11680
NZ_JAQEGR010000011.1	105933	106112		plus	hypothetical protein		79856460	protein-coding		WP_022462477.1	59	PGS38_RS11685
NZ_JAQEGR010000011.1	106096	106779		plus	Crp/Fnr family transcriptional regulator		79856461	protein-coding		WP_117802675.1	227	PGS38_RS11690
NZ_JAQEGR010000011.1	106996	108630		plus	hydroxylamine reductase	hcp	79856462	protein-coding		WP_270476288.1	544	PGS38_RS11695
NZ_JAQEGR010000011.1	108846	109175		plus	cupin domain-containing protein		79856463	protein-coding		WP_022462474.1	109	PGS38_RS11700
NZ_JAQEGR010000011.1	109271	109522		minus	hypothetical protein		79856464	protein-coding		WP_199695882.1	83	PGS38_RS11705
NZ_JAQEGR010000011.1	110102	110755		plus	YczE/YyaS/YitT family protein		79856465	protein-coding		WP_022461580.1	217	PGS38_RS11710
NZ_JAQEGR010000011.1	110930	111775		plus	purine-nucleoside phosphorylase		79856466	protein-coding		WP_117510620.1	281	PGS38_RS11715
NZ_JAQEGR010000011.1	111806	113116		plus	amidohydrolase family protein		79856467	protein-coding		WP_117510622.1	436	PGS38_RS11720
NZ_JAQEGR010000011.1	113222	114394		plus	BMP family lipoprotein		79856468	protein-coding		WP_055225931.1	390	PGS38_RS11725
NZ_JAQEGR010000011.1	114563	116110		plus	ABC transporter ATP-binding protein		79856469	protein-coding		WP_416388191.1	515	PGS38_RS11730
NZ_JAQEGR010000011.1	116129	117250		plus	ABC transporter permease		79856470	protein-coding		WP_117762018.1	373	PGS38_RS11735
NZ_JAQEGR010000011.1	117250	118185		plus	ABC transporter permease		79856471	protein-coding		WP_055225933.1	311	PGS38_RS11740
NZ_JAQEGR010000011.1	118434	119075		plus	deoxyribose-phosphate aldolase	deoC	79856472	protein-coding		WP_270476291.1	213	PGS38_RS11745
NZ_JAQEGR010000011.1	119089	119718		plus	uridine kinase	udk	79856473	protein-coding		WP_118666988.1	209	PGS38_RS11750
NZ_JAQEGR010000011.1	119806	120684		minus	DUF3881 family protein		79856474	protein-coding		WP_022461752.1	292	PGS38_RS11755
NZ_JAQEGR010000011.1	120724	122013		minus	serine--tRNA ligase	serS	79856475	protein-coding		WP_022461753.1	429	PGS38_RS11760
NZ_JAQEGR010000011.1	122007	122249		minus	hypothetical protein		79856476	protein-coding		WP_147398438.1	80	PGS38_RS11765
NZ_JAQEGR010000011.1	122339	122854		minus	DUF4446 family protein		79856477	protein-coding		WP_022461754.1	171	PGS38_RS11770
NZ_JAQEGR010000011.1	122866	123798		minus	ParB/RepB/Spo0J family partition protein		79856478	protein-coding		WP_022461755.1	310	PGS38_RS11775
NZ_JAQEGR010000011.1	123798	124568		minus	ParA family protein		79856479	protein-coding		WP_022461756.1	256	PGS38_RS11780
NZ_JAQEGR010000011.1	125287	125409		minus	hypothetical protein		79856480	protein-coding		WP_256372501.1	40	PGS38_RS11785
NZ_JAQEGR010000011.1	126577	127539		plus	alpha/beta fold hydrolase		79856481	protein-coding		WP_119188945.1	320	PGS38_RS11790
NZ_JAQEGR010000011.1	127658	129232		minus	DUF4340 domain-containing protein		79856482	protein-coding		WP_270476294.1	524	PGS38_RS11795
NZ_JAQEGR010000011.1	129232	130749		minus	GldG family protein		79856483	protein-coding		WP_243110801.1	505	PGS38_RS11800
NZ_JAQEGR010000011.1	130762	131625		minus	ABC transporter permease subunit		79856484	protein-coding		WP_022462025.1	287	PGS38_RS11805
NZ_JAQEGR010000011.1	131622	132731		minus	ABC transporter ATP-binding protein		79856485	protein-coding		WP_022462026.1	369	PGS38_RS11810
NZ_JAQEGR010000011.1	133042	134382		plus	ArnT family glycosyltransferase		79856486	protein-coding		WP_158576415.1	446	PGS38_RS11815
NZ_JAQEGR010000011.1	134544	135422		minus	hypothetical protein		79856487	protein-coding		WP_118659946.1	292	PGS38_RS11820
NZ_JAQEGR010000011.1	135720	136445		minus	16S rRNA (guanine(527)-N(7))-methyltransferase RsmG	rsmG	79856488	protein-coding		WP_119188942.1	241	PGS38_RS11825
NZ_JAQEGR010000011.1	136570	138441		minus	tRNA uridine-5-carboxymethylaminomethyl(34) synthesis enzyme MnmG	mnmG	79856489	protein-coding		WP_173815444.1	623	PGS38_RS11830
NZ_JAQEGR010000011.1	138572	139960		minus	tRNA uridine-5-carboxymethylaminomethyl(34) synthesis GTPase MnmE	mnmE	79856490	protein-coding		WP_118659950.1	462	PGS38_RS11835
NZ_JAQEGR010000011.1	140132	140956		minus	RNA-binding cell elongation regulator Jag/EloR	jag	79856491	protein-coding		WP_118697736.1	274	PGS38_RS11840
NZ_JAQEGR010000011.1	140970	142265		minus	YidC/Oxa1 family membrane protein insertase	yidC	79856492	protein-coding		WP_117802685.1	431	PGS38_RS11845
NZ_JAQEGR010000011.1	142289	142498		minus	membrane protein insertion efficiency factor YidD	yidD	79856493	protein-coding		WP_022462271.1	69	PGS38_RS11850
NZ_JAQEGR010000011.1	142495	142842		minus	ribonuclease P protein component	rnpA	79856494	protein-coding		WP_117814440.1	115	PGS38_RS11855
NZ_JAQEGR010000011.1	142941	143075		minus	50S ribosomal protein L34	rpmH	79856495	protein-coding		WP_005952426.1	44	PGS38_RS11860
NZ_JAQEGR010000011.1	143783	145123		plus	chromosomal replication initiator protein DnaA	dnaA	79856496	protein-coding		WP_119188940.1	446	PGS38_RS11865
NZ_JAQEGR010000011.1	145478	146587		plus	DNA polymerase III subunit beta	dnaN	79856497	protein-coding		WP_118659956.1	369	PGS38_RS11870
NZ_JAQEGR010000011.1	146710	146919		plus	RNA-binding S4 domain-containing protein		79856498	protein-coding		WP_022462275.1	69	PGS38_RS11875
NZ_JAQEGR010000011.1	146960	148057		plus	DNA replication/repair protein RecF	recF	79856499	protein-coding		WP_118697738.1	365	PGS38_RS11880
NZ_JAQEGR010000011.1	148058	149989		plus	DNA topoisomerase (ATP-hydrolyzing) subunit B	gyrB	79856500	protein-coding		WP_055221593.1	643	PGS38_RS11885
NZ_JAQEGR010000011.1	150020	152527		plus	DNA gyrase subunit A	gyrA	79856501	protein-coding		WP_270476297.1	835	PGS38_RS11890
NZ_JAQEGR010000011.1	152602	153306		plus	lysophospholipid acyltransferase family protein		79856502	protein-coding		WP_117762034.1	234	PGS38_RS11895
NZ_JAQEGR010000011.1	153508	153595		plus	tRNA-Ser		79856503	tRNA				PGS38_RS11900
NZ_JAQEGR010000012.1	75	148		plus	tRNA-Met		79856504	tRNA				PGS38_RS11905
NZ_JAQEGR010000012.1	155	227		plus	tRNA-Phe		79856505	tRNA				PGS38_RS11910
NZ_JAQEGR010000012.1	236	308		plus	tRNA-Lys		79856506	tRNA				PGS38_RS11915
NZ_JAQEGR010000012.1	475	1530		plus	D-alanyl-D-alanine carboxypeptidase family protein		79856507	protein-coding		WP_118595197.1	351	PGS38_RS11920
NZ_JAQEGR010000012.1	1850	2803		plus	peptidoglycan DD-metalloendopeptidase family protein		79856508	protein-coding		WP_117762165.1	317	PGS38_RS11925
NZ_JAQEGR010000012.1	3146	4081		plus	mannose-6-phosphate isomerase, class I	manA	79856509	protein-coding		WP_270476299.1	311	PGS38_RS11930
NZ_JAQEGR010000012.1	4099	4974		plus	ROK family protein		79856510	protein-coding		WP_022461220.1	291	PGS38_RS11935
NZ_JAQEGR010000012.1	5147	5404		plus	GIY-YIG nuclease family protein		79856511	protein-coding		WP_055220299.1	85	PGS38_RS11940
NZ_JAQEGR010000012.1	5631	6305		plus	PAQR family membrane homeostasis protein TrhA	trhA	79856512	protein-coding		WP_270476300.1	224	PGS38_RS11945
NZ_JAQEGR010000012.1	6426	8003		minus	response regulator		79856513	protein-coding		WP_270476302.1	525	PGS38_RS11950
NZ_JAQEGR010000012.1	8022	9731		minus	sensor histidine kinase		79856514	protein-coding		WP_158565035.1	569	PGS38_RS11955
NZ_JAQEGR010000012.1	10049	11551		plus	ABC transporter substrate-binding protein		79856515	protein-coding		WP_117801779.1	500	PGS38_RS11960
NZ_JAQEGR010000012.1	11566	12483		plus	ABC transporter permease		79856516	protein-coding		WP_117813176.1	305	PGS38_RS11965
NZ_JAQEGR010000012.1	12504	13388		plus	carbohydrate ABC transporter permease		79856517	protein-coding		WP_117762170.1	294	PGS38_RS11970
NZ_JAQEGR010000012.1	13472	14383		minus	30S ribosomal protein S1		79856518	protein-coding		WP_117813161.1	303	PGS38_RS11975
NZ_JAQEGR010000012.1	14765	16420		plus	putative manganese-dependent inorganic diphosphatase		79856519	protein-coding		WP_117510673.1	551	PGS38_RS11980
NZ_JAQEGR010000012.1	16525	17124		plus	flavin reductase family protein		79856520	protein-coding		WP_117510675.1	199	PGS38_RS11985
NZ_JAQEGR010000012.1	17474	18808		plus	NADP-specific glutamate dehydrogenase	gdhA	79856521	protein-coding		WP_022461212.1	444	PGS38_RS11990
NZ_JAQEGR010000012.1	19239	19592		plus	Hpt domain-containing protein		79856522	protein-coding		WP_055220310.1	117	PGS38_RS11995
NZ_JAQEGR010000012.1	19880	21325		plus	uracil-xanthine permease family protein		79856523	protein-coding		WP_117510677.1	481	PGS38_RS12000
NZ_JAQEGR010000012.1	21802	23646		plus	extracellular solute-binding protein		79856524	protein-coding		WP_270476306.1	614	PGS38_RS12005
NZ_JAQEGR010000012.1	23736	24647		plus	ABC transporter permease		79856525	protein-coding		WP_238033680.1	303	PGS38_RS12010
NZ_JAQEGR010000012.1	24662	25549		plus	carbohydrate ABC transporter permease		79856526	protein-coding		WP_117801785.1	295	PGS38_RS12015
NZ_JAQEGR010000012.1	25726	26745		plus	sugar kinase		79856527	protein-coding		WP_270476308.1	339	PGS38_RS12020
NZ_JAQEGR010000012.1	26798	27301		plus	shikimate kinase		79856528	protein-coding		WP_117801787.1	167	PGS38_RS12025
NZ_JAQEGR010000012.1	27640	28929		plus	UDP-N-acetylglucosamine 1-carboxyvinyltransferase		79856529	protein-coding		WP_055226306.1	429	PGS38_RS12030
NZ_JAQEGR010000012.1	29170	31245		plus	glycoside hydrolase family 31 protein		79856530	protein-coding		WP_270476311.1	691	PGS38_RS12035
NZ_JAQEGR010000012.1	31538	33715		plus	PTS sugar transporter subunit IIABC		79856531	protein-coding		WP_270476313.1	725	PGS38_RS12040
NZ_JAQEGR010000012.1	33743	34579		plus	PRD domain-containing protein		79856532	protein-coding		WP_118700621.1	278	PGS38_RS12045
NZ_JAQEGR010000012.1	34584	34841		plus	HPr family phosphocarrier protein		79856533	protein-coding		WP_117801790.1	85	PGS38_RS12050
NZ_JAQEGR010000012.1	34865	36493		plus	phosphoenolpyruvate--protein phosphotransferase	ptsP	79856534	protein-coding		WP_118666954.1	542	PGS38_RS12055
NZ_JAQEGR010000012.1	36955	38142		plus	methionine adenosyltransferase	metK	79856535	protein-coding		WP_055267252.1	395	PGS38_RS12060
NZ_JAQEGR010000012.1	38341	39834		plus	ATP-binding protein		79856536	protein-coding		WP_270476352.1	497	PGS38_RS12065
NZ_JAQEGR010000012.1	39831	40520		plus	response regulator transcription factor		79856537	protein-coding		WP_117801792.1	229	PGS38_RS12070
NZ_JAQEGR010000012.1	40548	41144		plus	nucleoside/nucleotide kinase family protein		79856538	protein-coding		WP_117804503.1	198	PGS38_RS12075
NZ_JAQEGR010000012.1	41199	42188		plus	DNA polymerase III subunit delta'	holB	79856539	protein-coding		WP_022461270.1	329	PGS38_RS12080
NZ_JAQEGR010000012.1	42193	43095		plus	PSP1 domain-containing protein		79856540	protein-coding		WP_055226011.1	300	PGS38_RS12085
NZ_JAQEGR010000012.1	43481	44230		plus	tRNA1(Val) (adenine(37)-N6)-methyltransferase		79856541	protein-coding		WP_055220409.1	249	PGS38_RS12090
NZ_JAQEGR010000012.1	44351	45196		plus	16S rRNA (cytidine(1402)-2'-O)-methyltransferase	rsmI	79856542	protein-coding		WP_055220333.1	281	PGS38_RS12095
NZ_JAQEGR010000012.1	45232	46647		plus	family 43 glycosylhydrolase		79856543	protein-coding		WP_055220335.1	471	PGS38_RS12100
NZ_JAQEGR010000012.1	46986	48353		plus	MATE family efflux transporter		79856544	protein-coding		WP_055220337.1	455	PGS38_RS12105
NZ_JAQEGR010000012.1	48468	49712		minus	aminopeptidase		79856545	protein-coding		WP_117801896.1	414	PGS38_RS12110
NZ_JAQEGR010000012.1	49738	50454		minus	histidine phosphatase family protein		79856546	protein-coding		WP_117510703.1	238	PGS38_RS12115
NZ_JAQEGR010000012.1	50608	50802		minus	hypothetical protein		79856547	protein-coding		WP_055220341.1	64	PGS38_RS12120
NZ_JAQEGR010000012.1	51149	51523		minus	hypothetical protein		79856548	protein-coding		WP_147341994.1	124	PGS38_RS12125
NZ_JAQEGR010000012.1	51873	53216		plus	hypothetical protein		79856549	protein-coding		WP_158583772.1	447	PGS38_RS12130
NZ_JAQEGR010000012.1	53267	54895		minus	hypothetical protein		79856550	protein-coding		WP_147399737.1	542	PGS38_RS12135
NZ_JAQEGR010000012.1	55198	55668		minus	hypothetical protein		79856551	protein-coding		WP_055267244.1	156	PGS38_RS12140
NZ_JAQEGR010000012.1	56128	56736		plus	hypothetical protein		79856552	protein-coding		WP_055220413.1	202	PGS38_RS12145
NZ_JAQEGR010000012.1	56870	57574		plus	ABC transporter ATP-binding protein		79856553	protein-coding		WP_270476320.1	234	PGS38_RS12150
NZ_JAQEGR010000012.1	57582	61847		plus	ABC transporter permease		79856554	protein-coding		WP_118640833.1	1421	PGS38_RS12155
NZ_JAQEGR010000012.1	62031	63143		plus	Gfo/Idh/MocA family protein		79856555	protein-coding		WP_118640835.1	370	PGS38_RS12160
NZ_JAQEGR010000012.1	63145	64017		minus	AraC family transcriptional regulator		79856556	protein-coding		WP_055220360.1	290	PGS38_RS12165
NZ_JAQEGR010000012.1	64263	66287		plus	right-handed parallel beta-helix repeat-containing protein		79856557	protein-coding		WP_270476322.1	674	PGS38_RS12170
NZ_JAQEGR010000012.1	66413	68401		plus	right-handed parallel beta-helix repeat-containing protein		79856558	protein-coding		WP_117762073.1	662	PGS38_RS12175
NZ_JAQEGR010000012.1	68488	69684		minus	cation:proton antiporter		79856559	protein-coding		WP_022461245.1	398	PGS38_RS12180
NZ_JAQEGR010000012.1	69942	71780		plus	hypothetical protein		79856560	protein-coding		WP_270476324.1	612	PGS38_RS12185
NZ_JAQEGR010000012.1	72216	73145		plus	calcium/sodium antiporter		79856561	protein-coding		WP_117801807.1	309	PGS38_RS12190
NZ_JAQEGR010000012.1	73268	73633		plus	BlaI/MecI/CopY family transcriptional regulator		79856562	protein-coding		WP_022461242.1	121	PGS38_RS12195
NZ_JAQEGR010000012.1	73663	74877		plus	M56 family metallopeptidase		79856563	protein-coding		WP_270476327.1	404	PGS38_RS12200
NZ_JAQEGR010000012.1	74988	75344		plus	hypothetical protein		79856564	protein-coding		WP_022461240.1	118	PGS38_RS12205
NZ_JAQEGR010000012.1	75435	76703		plus	extracellular solute-binding protein		79856565	protein-coding		WP_270476329.1	422	PGS38_RS12210
NZ_JAQEGR010000012.1	77003	77701		minus	nucleotide exchange factor GrpE		79856566	protein-coding		WP_022461003.1	232	PGS38_RS12215
NZ_JAQEGR010000012.1	77705	78508		minus	hypothetical protein		79856567	protein-coding		WP_022461004.1	267	PGS38_RS12220
NZ_JAQEGR010000012.1	78562	79548		minus	aldo/keto reductase		79856568	protein-coding		WP_117801808.1	328	PGS38_RS12225
NZ_JAQEGR010000012.1	79885	81678		plus	family 43 glycosylhydrolase		79856569	protein-coding		WP_118640895.1	597	PGS38_RS12230
NZ_JAQEGR010000012.1	81770	83923		plus	glycoside hydrolase family 3 N-terminal domain-containing protein		79856570	protein-coding		WP_118595227.1	717	PGS38_RS12235
NZ_JAQEGR010000012.1	83936	85321		plus	glycosyl hydrolase family 28 protein		79856571	protein-coding		WP_118595228.1	461	PGS38_RS12240
NZ_JAQEGR010000012.1	85679	87136		minus	alpha-L-fucosidase		79856572	protein-coding		WP_118595229.1	485	PGS38_RS12245
NZ_JAQEGR010000012.1	87572	88563		plus	uncharacterized gene		79856573	pseudogene				PGS38_RS12250
NZ_JAQEGR010000012.1	88585	89355		plus	cobalt ECF transporter T component CbiQ	cbiQ	79856574	protein-coding		WP_117510011.1	256	PGS38_RS12255
NZ_JAQEGR010000012.1	89467	90207		plus	energy-coupling factor ABC transporter ATP-binding protein		79856575	protein-coding		WP_117510012.1	246	PGS38_RS12260
NZ_JAQEGR010000012.1	90418	91758		minus	MATE family efflux transporter		79856576	protein-coding		WP_118640843.1	446	PGS38_RS12265
NZ_JAQEGR010000012.1	91984	92406		plus	MarR family winged helix-turn-helix transcriptional regulator		79856577	protein-coding		WP_055226165.1	140	PGS38_RS12270
NZ_JAQEGR010000012.1	92547	93308		plus	sulfite exporter TauE/SafE family protein		79856578	protein-coding		WP_118595234.1	253	PGS38_RS12275
NZ_JAQEGR010000012.1	93596	94342		minus	SDR family NAD(P)-dependent oxidoreductase		79856579	protein-coding		WP_199696581.1	248	PGS38_RS12280
NZ_JAQEGR010000012.1	94818	95855		plus	helix-turn-helix domain-containing protein		79856580	protein-coding		WP_158578805.1	345	PGS38_RS12285
NZ_JAQEGR010000012.1	95863	97008		minus	substrate-binding domain-containing protein		79856581	protein-coding		WP_118640847.1	381	PGS38_RS12290
NZ_JAQEGR010000012.1	97299	100049		plus	alpha-mannosidase		79856582	protein-coding		WP_270476332.1	916	PGS38_RS12295
NZ_JAQEGR010000012.1	100228	102438		plus	glycoside hydrolase family 36 protein		79856583	protein-coding		WP_118697268.1	736	PGS38_RS12300
NZ_JAQEGR010000012.1	102515	103039		plus	spore maturation protein		79856584	protein-coding		WP_117801829.1	174	PGS38_RS12305
NZ_JAQEGR010000012.1	103180	104112		plus	cysteine synthase A	cysK	79856585	protein-coding		WP_117804466.1	310	PGS38_RS12310
NZ_JAQEGR010000012.1	104235	105143		plus	LysR family transcriptional regulator		79856586	protein-coding		WP_117804465.1	302	PGS38_RS12315
NZ_JAQEGR010000012.1	105285	105386		minus	DUF6783 domain-containing protein		98633872	protein-coding		WP_416388354.1	33	PGS38_RS17825
NZ_JAQEGR010000012.1	105786	107093		plus	O-acetylhomoserine aminocarboxypropyltransferase/cysteine synthase family protein		79856587	protein-coding		WP_118640853.1	435	PGS38_RS12320
NZ_JAQEGR010000012.1	107213	107467		minus	uncharacterized gene		88554254	pseudogene				PGS38_RS17695
NZ_JAQEGR010000012.1	107569	108468		minus	LysR family transcriptional regulator		79856589	protein-coding		WP_158581791.1	299	PGS38_RS12330
NZ_JAQEGR010000012.1	108698	110167		plus	UbiD family decarboxylase		79856590	protein-coding		WP_118640857.1	489	PGS38_RS12335
NZ_JAQEGR010000012.1	110242	111642		plus	subtype B tannase		79856591	protein-coding		WP_118640859.1	466	PGS38_RS12340
NZ_JAQEGR010000012.1	111661	112236		plus	UbiX family flavin prenyltransferase		79856592	protein-coding		WP_118640861.1	191	PGS38_RS12345
NZ_JAQEGR010000012.1	112230	112598		plus	prenylated flavin chaperone LpdD	lpdD	79856593	protein-coding		WP_243038225.1	122	PGS38_RS12350
NZ_JAQEGR010000012.1	112746	113177		plus	RrF2 family transcriptional regulator		79856594	protein-coding		WP_055226207.1	143	PGS38_RS12355
NZ_JAQEGR010000012.1	113393	114019		plus	GntR family transcriptional regulator		79856595	protein-coding		WP_055226212.1	208	PGS38_RS12360
NZ_JAQEGR010000012.1	114115	114873		minus	response regulator transcription factor		79856596	protein-coding		WP_055226214.1	252	PGS38_RS12365
NZ_JAQEGR010000012.1	114958	116625		minus	sensor histidine kinase		79856597	protein-coding		WP_270476335.1	555	PGS38_RS12370
NZ_JAQEGR010000012.1	117029	117985		plus	ABC transporter permease		79856598	protein-coding		WP_055267163.1	318	PGS38_RS12375
NZ_JAQEGR010000012.1	117997	118887		plus	carbohydrate ABC transporter permease		79856599	protein-coding		WP_055226220.1	296	PGS38_RS12380
NZ_JAQEGR010000012.1	118961	120661		plus	ABC transporter substrate-binding protein		79856600	protein-coding		WP_117801836.1	566	PGS38_RS12385
NZ_JAQEGR010000012.1	120784	121713		plus	nucleoside hydrolase		79856601	protein-coding		WP_070103170.1	309	PGS38_RS12390
NZ_JAQEGR010000012.1	121723	121842		minus	DUF6783 domain-containing protein		98633873	protein-coding		WP_368250375.1	39	PGS38_RS17830
NZ_JAQEGR010000012.1	121900	123192		minus	L-cysteine desulfidase family protein		79856602	protein-coding		WP_055267159.1	430	PGS38_RS12395
NZ_JAQEGR010000012.1	123392	123787		plus	BrnT family toxin		79856603	protein-coding		WP_330427590.1	131	PGS38_RS12400
NZ_JAQEGR010000012.1	123774	123968		plus	hypothetical protein		79856604	protein-coding		WP_055226225.1	64	PGS38_RS12405
NZ_JAQEGR010000012.1	124105	125634		plus	alpha-N-arabinofuranosidase		79856605	protein-coding		WP_119221379.1	509	PGS38_RS12410
NZ_JAQEGR010000012.1	125695	125997		minus	AzlD domain-containing protein		79856606	protein-coding		WP_330410127.1	100	PGS38_RS12415
NZ_JAQEGR010000012.1	125987	126730		minus	AzlC family ABC transporter permease		79856607	protein-coding		WP_119208053.1	247	PGS38_RS12420
NZ_JAQEGR010000012.1	127138	128019		plus	4-(cytidine 5'-diphospho)-2-C-methyl-D-erythritol kinase	ispE	79856608	protein-coding		WP_119208052.1	293	PGS38_RS12425
NZ_JAQEGR010000012.1	128006	128719		plus	GntR family transcriptional regulator		79856609	protein-coding		WP_243109180.1	237	PGS38_RS12430
NZ_JAQEGR010000012.1	128864	130396		plus	spore germination protein		79856610	protein-coding		WP_270476341.1	510	PGS38_RS12435
NZ_JAQEGR010000012.1	130400	132136		plus	GerAB/ArcD/ProY family transporter		79856611	protein-coding		WP_270476342.1	578	PGS38_RS12440
NZ_JAQEGR010000012.1	132234	132980		plus	stage II sporulation protein R	spoIIR	79856612	protein-coding		WP_270476343.1	248	PGS38_RS12445
NZ_JAQEGR010000012.1	133178	134002		plus	glutamate racemase	murI	79856613	protein-coding		WP_022462144.1	274	PGS38_RS12450
NZ_JAQEGR010000012.1	134042	134494		plus	YwiB family protein		79856614	protein-coding		WP_022462143.1	150	PGS38_RS12455
NZ_JAQEGR010000012.1	134643	135098		minus	hypothetical protein		79856615	protein-coding		WP_117510035.1	151	PGS38_RS12460
NZ_JAQEGR010000012.1	135342	136577		plus	trigger factor	tig	79856616	protein-coding		WP_270476345.1	411	PGS38_RS12465
NZ_JAQEGR010000012.1	136816	137964		minus	lactaldehyde reductase	fucO	79856617	protein-coding		WP_055226239.1	382	PGS38_RS12470
NZ_JAQEGR010000012.1	138188	138769		minus	TetR/AcrR family transcriptional regulator C-terminal domain-containing protein		79856618	protein-coding		WP_022462686.1	193	PGS38_RS12475
NZ_JAQEGR010000012.1	138906	140150		minus	cytosine permease	codB	79856619	protein-coding		WP_117804458.1	414	PGS38_RS12480
NZ_JAQEGR010000012.1	140217	141305		minus	phosphoribosyltransferase		79856620	protein-coding		WP_117804457.1	362	PGS38_RS12485
NZ_JAQEGR010000012.1	141453	142850		minus	alanine/glycine:cation symporter family protein		79856621	protein-coding		WP_270476346.1	465	PGS38_RS12490
NZ_JAQEGR010000012.1	143107	144090		plus	dipeptidase		79856622	protein-coding		WP_270476348.1	327	PGS38_RS12495
NZ_JAQEGR010000012.1	144093	144824		minus	ABC transporter ATP-binding protein		79856623	protein-coding		WP_117510043.1	243	PGS38_RS12500
NZ_JAQEGR010000012.1	144828	145706		minus	ATP-binding cassette domain-containing protein		79856624	protein-coding		WP_117510044.1	292	PGS38_RS12505
NZ_JAQEGR010000012.1	145708	146511		minus	ABC transporter permease		79856625	protein-coding		WP_022462692.1	267	PGS38_RS12510
NZ_JAQEGR010000012.1	146589	147533		minus	ABC transporter permease		79856626	protein-coding		WP_022462693.1	314	PGS38_RS12515
NZ_JAQEGR010000012.1	147791	148342		minus	stage V sporulation T C-terminal domain-containing protein		79856627	protein-coding		WP_055221761.1	183	PGS38_RS12520
NZ_JAQEGR010000012.1	148515	149408		minus	DegV family protein		79856628	protein-coding		WP_118595257.1	297	PGS38_RS12525
NZ_JAQEGR010000012.1	149984	150433		minus	Rrf2 family transcriptional regulator		79856629	protein-coding		WP_055221751.1	149	PGS38_RS12530
NZ_JAQEGR010000012.1	150664	151290		plus	DUF3786 domain-containing protein		79856630	protein-coding		WP_055226247.1	208	PGS38_RS12535
NZ_JAQEGR010000012.1	151212	151859		minus	TetR/AcrR family transcriptional regulator		79856631	protein-coding		WP_019162593.1	215	PGS38_RS12540
NZ_JAQEGR010000012.1	152028	152798		plus	ATP-binding protein		79856632	protein-coding		WP_117762263.1	256	PGS38_RS12545
NZ_JAQEGR010000013.1	240	1694		plus	Rrf2 family transcriptional regulator		79856633	protein-coding		WP_118601325.1	484	PGS38_RS12550
NZ_JAQEGR010000013.1	1716	10598		plus	Cna B-type domain-containing protein		79856634	protein-coding		WP_118640994.1	2960	PGS38_RS12555
NZ_JAQEGR010000013.1	10714	12483		plus	SpaH/EbpB family LPXTG-anchored major pilin		79856635	protein-coding		WP_118640998.1	589	PGS38_RS12560
NZ_JAQEGR010000013.1	12621	13475		plus	class C sortase		79856636	protein-coding		WP_118601328.1	284	PGS38_RS12565
NZ_JAQEGR010000013.1	13459	14160		plus	pilin N-terminal domain-containing protein		79856637	protein-coding		WP_118601329.1	233	PGS38_RS12570
NZ_JAQEGR010000013.1	14324	15325		minus	relaxase family protein		79856638	protein-coding		WP_243104930.1	333	PGS38_RS12575
NZ_JAQEGR010000013.1	15318	15587		plus	ATP-binding protein		79856639	protein-coding		WP_242856692.1	89	PGS38_RS12580
NZ_JAQEGR010000013.1	15683	16105		plus	IS200/IS605 family transposase	tnpA	79856640	protein-coding		WP_055227164.1	140	PGS38_RS12585
NZ_JAQEGR010000013.1	16105	17202		plus	IS200/IS605 family element RNA-guided endonuclease TnpB	tnpB	79856641	protein-coding		WP_055221357.1	365	PGS38_RS12590
NZ_JAQEGR010000013.1	17338	17529		plus	HTH domain-containing protein		88554255	protein-coding		WP_238033612.1	63	PGS38_RS17700
NZ_JAQEGR010000013.1	17654	17833		plus	hypothetical protein		79856643	protein-coding		WP_028086473.1	59	PGS38_RS12600
NZ_JAQEGR010000013.1	18266	21139		plus	response regulator		79856644	protein-coding		WP_118640990.1	957	PGS38_RS12605
NZ_JAQEGR010000013.1	21220	21423		plus	hypothetical protein		79856645	protein-coding		WP_022462380.1	67	PGS38_RS12610
NZ_JAQEGR010000013.1	21502	23424		plus	hybrid sensor histidine kinase/response regulator		79856646	protein-coding		WP_118640988.1	640	PGS38_RS12615
NZ_JAQEGR010000013.1	23518	24573		minus	DUF4097 family beta strand repeat-containing protein		79856647	protein-coding		WP_082424725.1	351	PGS38_RS12620
NZ_JAQEGR010000013.1	24591	24908		minus	PadR family transcriptional regulator		79856648	protein-coding		WP_022463160.1	105	PGS38_RS12625
NZ_JAQEGR010000013.1	25122	25901		plus	pyruvate formate-lyase-activating protein	pflA	79856649	protein-coding		WP_330415499.1	259	PGS38_RS12630
NZ_JAQEGR010000013.1	26137	26484		plus	HEAT repeat domain-containing protein		79856650	protein-coding		WP_022463162.1	115	PGS38_RS12635
NZ_JAQEGR010000013.1	26732	28309		plus	flotillin family protein		79856651	protein-coding		WP_226906392.1	525	PGS38_RS12640
NZ_JAQEGR010000013.1	28403	29293		minus	LysR family transcriptional regulator		79856652	protein-coding		WP_022463164.1	296	PGS38_RS12645
NZ_JAQEGR010000013.1	29441	29677		minus	response regulator		79856653	protein-coding		WP_242998512.1	78	PGS38_RS12650
NZ_JAQEGR010000013.1	29726	29905		minus	uncharacterized gene		98633874	pseudogene				PGS38_RS17835
NZ_JAQEGR010000013.1	29817	30026		minus	hypothetical protein		79856655	protein-coding		WP_226906391.1	69	PGS38_RS12660
NZ_JAQEGR010000013.1	30265	32136		plus	beta-N-acetylhexosaminidase		79856656	protein-coding		WP_117802545.1	623	PGS38_RS12665
NZ_JAQEGR010000013.1	32352	33341		plus	glycoside hydrolase family 130 protein		79856657	protein-coding		WP_055221374.1	329	PGS38_RS12670
NZ_JAQEGR010000013.1	33457	36567		plus	alpha-mannosidase		79856658	protein-coding		WP_117802517.1	1036	PGS38_RS12675
NZ_JAQEGR010000013.1	36700	37722		minus	LacI family DNA-binding transcriptional regulator		79856659	protein-coding		WP_022463170.1	340	PGS38_RS12680
NZ_JAQEGR010000013.1	37774	38841		minus	carbohydrate-binding family 9-like protein		79856660	protein-coding		WP_022463171.1	355	PGS38_RS12685
NZ_JAQEGR010000013.1	39059	41299		plus	glycoside hydrolase family 3 N-terminal domain-containing protein		79856661	protein-coding		WP_022463172.1	746	PGS38_RS12690
NZ_JAQEGR010000013.1	41755	42690		plus	ABC transporter permease		79856662	protein-coding		WP_022463174.1	311	PGS38_RS12695
NZ_JAQEGR010000013.1	42705	43634		plus	carbohydrate ABC transporter permease		79856663	protein-coding		WP_022463175.1	309	PGS38_RS12700
NZ_JAQEGR010000013.1	43773	45413		plus	extracellular solute-binding protein		79856664	protein-coding		WP_055264780.1	546	PGS38_RS12705
NZ_JAQEGR010000013.1	45544	46896		plus	alpha-L-fucosidase		79856665	protein-coding		WP_330427594.1	450	PGS38_RS12710
NZ_JAQEGR010000013.1	46924	47937		plus	glycoside hydrolase family 18 protein		79856666	protein-coding		WP_117510263.1	337	PGS38_RS12715
NZ_JAQEGR010000013.1	48091	50628		plus	transglutaminase domain-containing protein		79856667	protein-coding		WP_117802544.1	845	PGS38_RS12720
NZ_JAQEGR010000013.1	50677	51279		minus	HAD family hydrolase		79856668	protein-coding		WP_117802516.1	200	PGS38_RS12725
NZ_JAQEGR010000013.1	51276	51512		minus	hypothetical protein		79856669	protein-coding		WP_055264772.1	78	PGS38_RS12730
NZ_JAQEGR010000013.1	51704	52105		plus	zinc ribbon domain-containing protein		79856670	protein-coding		WP_270476358.1	133	PGS38_RS12735
NZ_JAQEGR010000013.1	52127	52966		plus	DUF5685 family protein		79856671	protein-coding		WP_022463183.1	279	PGS38_RS12740
NZ_JAQEGR010000013.1	52973	53680		plus	J domain-containing protein		79856672	protein-coding		WP_022463184.1	235	PGS38_RS12745
NZ_JAQEGR010000013.1	53969	55348		plus	aminopeptidase		79856673	protein-coding		WP_055221450.1	459	PGS38_RS12750
NZ_JAQEGR010000013.1	55374	56723		plus	hemolysin family protein		79856674	protein-coding		WP_022463186.1	449	PGS38_RS12755
NZ_JAQEGR010000013.1	56732	57208		plus	Lrp/AsnC family transcriptional regulator		79856675	protein-coding		WP_055221452.1	158	PGS38_RS12760
NZ_JAQEGR010000013.1	57319	57825		plus	SEC-C metal-binding domain-containing protein		79856676	protein-coding		WP_022463188.1	168	PGS38_RS12765
NZ_JAQEGR010000013.1	57908	58459		plus	4'-phosphopantetheinyl transferase family protein		79856677	protein-coding		WP_173841600.1	183	PGS38_RS12770
NZ_JAQEGR010000013.1	58517	59524		plus	stage III sporulation protein AA	spoIIIAA	79856678	protein-coding		WP_055228503.1	335	PGS38_RS12775
NZ_JAQEGR010000013.1	59524	60039		plus	stage III sporulation protein AB		79856679	protein-coding		WP_055221399.1	171	PGS38_RS12780
NZ_JAQEGR010000013.1	60067	60261		plus	stage III sporulation protein AC	spoIIIAC	79856680	protein-coding		WP_022463192.1	64	PGS38_RS12785
NZ_JAQEGR010000013.1	60291	60674		plus	SpoIIIAC/SpoIIIAD family protein		79856681	protein-coding		WP_055221401.1	127	PGS38_RS12790
NZ_JAQEGR010000013.1	60661	61827		plus	stage III sporulation protein AE		79856682	protein-coding		WP_055221402.1	388	PGS38_RS12795
NZ_JAQEGR010000013.1	61851	61907		plus	uncharacterized gene		98633875	pseudogene				PGS38_RS17840
NZ_JAQEGR010000013.1	61934	62488		plus	stage III sporulation protein AF		79856683	protein-coding		WP_270476359.1	184	PGS38_RS12800
NZ_JAQEGR010000013.1	62493	63062		plus	hypothetical protein		79856684	protein-coding		WP_055221404.1	189	PGS38_RS12805
NZ_JAQEGR010000013.1	63076	63795		plus	SpoIIIAH-like family protein		79856685	protein-coding		WP_238033485.1	239	PGS38_RS12810
NZ_JAQEGR010000013.1	63867	64535		minus	energy-coupled thiamine transporter ThiT		79856686	protein-coding		WP_055221407.1	222	PGS38_RS12815
NZ_JAQEGR010000013.1	64863	65480		plus	DUF4867 family protein		79856687	protein-coding		WP_055221409.1	205	PGS38_RS12820
NZ_JAQEGR010000013.1	65590	67056		plus	L-fucose/L-arabinose isomerase family protein		79856688	protein-coding		WP_055221457.1	488	PGS38_RS12825
NZ_JAQEGR010000013.1	67181	68653		plus	xylulokinase	xylB	79856689	protein-coding		WP_270476360.1	490	PGS38_RS12830
NZ_JAQEGR010000013.1	68672	69559		plus	AraC family transcriptional regulator		79856690	protein-coding		WP_270476362.1	295	PGS38_RS12835
NZ_JAQEGR010000013.1	69656	69955		plus	YerC/YecD family TrpR-related protein		79856691	protein-coding		WP_022463203.1	99	PGS38_RS12840
NZ_JAQEGR010000013.1	70016	70636		minus	DUF1836 domain-containing protein		79856692	protein-coding		WP_117510256.1	206	PGS38_RS12845
NZ_JAQEGR010000013.1	70818	73046		plus	DNA helicase PcrA	pcrA	79856693	protein-coding		WP_055228510.1	742	PGS38_RS12850
NZ_JAQEGR010000013.1	73114	73968		minus	uncharacterized gene		98633876	pseudogene				PGS38_RS17845
NZ_JAQEGR010000013.1	74042	75682		minus	recombinase family protein		79856695	protein-coding		WP_181978349.1	546	PGS38_RS12860
NZ_JAQEGR010000013.1	75767	75889		minus	hypothetical protein		79856696	protein-coding		WP_270437975.1	40	PGS38_RS12865
NZ_JAQEGR010000013.1	76334	76570		minus	helix-turn-helix domain-containing protein		79856697	protein-coding		WP_008393052.1	78	PGS38_RS12870
NZ_JAQEGR010000013.1	76572	76988		minus	sigma-70 family RNA polymerase sigma factor		79856698	protein-coding		WP_117597771.1	138	PGS38_RS12875
NZ_JAQEGR010000013.1	77564	77920		plus	helix-turn-helix domain-containing protein		79856699	protein-coding		WP_117597772.1	118	PGS38_RS12880
NZ_JAQEGR010000013.1	77983	78171		minus	cysteine-rich KTR domain-containing protein		79856700	protein-coding		WP_117597773.1	62	PGS38_RS12885
NZ_JAQEGR010000013.1	78299	78685		minus	hypothetical protein		79856701	protein-coding		WP_270476363.1	128	PGS38_RS12890
NZ_JAQEGR010000013.1	78696	79337		minus	ABC-2 transporter permease		79856702	protein-coding		WP_117597775.1	213	PGS38_RS12895
NZ_JAQEGR010000013.1	79327	80196		minus	ABC transporter ATP-binding protein		79856703	protein-coding		WP_117597776.1	289	PGS38_RS12900
NZ_JAQEGR010000013.1	80197	80574		minus	GntR family transcriptional regulator		79856704	protein-coding		WP_117597777.1	125	PGS38_RS12905
NZ_JAQEGR010000013.1	80779	81684		minus	conjugal transfer protein		79856705	protein-coding		WP_270437980.1	301	PGS38_RS12910
NZ_JAQEGR010000013.1	81700	82704		minus	bifunctional lytic transglycosylase/C40 family peptidase		79856706	protein-coding		WP_118198943.1	334	PGS38_RS12915
NZ_JAQEGR010000013.1	82701	84830		minus	CD3337/EF1877 family mobilome membrane protein		79856707	protein-coding		WP_118198944.1	709	PGS38_RS12920
NZ_JAQEGR010000013.1	84836	87286		minus	conjugal transfer ATPase TcpF	tcpF	79856708	protein-coding		WP_117597781.1	816	PGS38_RS12925
NZ_JAQEGR010000013.1	87273	87662		minus	conjugal transfer protein		79856709	protein-coding		WP_117597782.1	129	PGS38_RS12930
NZ_JAQEGR010000013.1	87776	88264		minus	antirestriction protein ArdA		79856710	protein-coding		WP_118198945.1	162	PGS38_RS12935
NZ_JAQEGR010000013.1	88288	88782		minus	antirestriction protein ArdA		79856711	protein-coding		WP_165858243.1	164	PGS38_RS12940
NZ_JAQEGR010000013.1	88764	89006		minus	hypothetical protein		79856712	protein-coding		WP_117598680.1	80	PGS38_RS12945
NZ_JAQEGR010000013.1	89077	89583		minus	superinfection exclusion B family protein		79856713	protein-coding		WP_015541085.1	168	PGS38_RS12950
NZ_JAQEGR010000013.1	89652	89873		minus	hypothetical protein		79856714	protein-coding		WP_117598681.1	73	PGS38_RS12955
NZ_JAQEGR010000013.1	89873	90004		minus	DUF3789 domain-containing protein		79856715	protein-coding		WP_117598682.1	43	PGS38_RS12960
NZ_JAQEGR010000013.1	90009	91259		minus	MobT family relaxase	mobT	79856716	protein-coding		WP_118198949.1	416	PGS38_RS12965
NZ_JAQEGR010000013.1	91397	92800		minus	FtsK/SpoIIIE domain-containing protein		79856717	protein-coding		WP_118198950.1	467	PGS38_RS12970
NZ_JAQEGR010000013.1	92817	93200		minus	YdcP family protein		79856718	protein-coding		WP_117598200.1	127	PGS38_RS12975
NZ_JAQEGR010000013.1	93216	93530		minus	YdcP family protein		79856719	protein-coding		WP_005363246.1	104	PGS38_RS12980
NZ_JAQEGR010000013.1	93577	93711		minus	hypothetical protein		79856720	protein-coding		WP_270437986.1	44	PGS38_RS12985
NZ_JAQEGR010000013.1	93775	94839		minus	DNA cytosine methyltransferase		79856721	protein-coding		WP_302471728.1	354	PGS38_RS12990
NZ_JAQEGR010000013.1	94839	97880		minus	VaFE repeat-containing surface-anchored protein		79856722	protein-coding		WP_118198952.1	1013	PGS38_RS12995
NZ_JAQEGR010000013.1	98271	98927		plus	NAD(P)-dependent oxidoreductase		79856723	protein-coding		WP_147326119.1	218	PGS38_RS13000
NZ_JAQEGR010000013.1	98930	99451		plus	phosphatase PAP2 family protein		79856724	protein-coding		WP_055221420.1	173	PGS38_RS13005
NZ_JAQEGR010000013.1	99387	100949		minus	PucR family transcriptional regulator		79856725	protein-coding		WP_270476365.1	520	PGS38_RS13010
NZ_JAQEGR010000013.1	101285	102232		plus	diacylglycerol/lipid kinase family protein		79856726	protein-coding		WP_055268199.1	315	PGS38_RS13015
NZ_JAQEGR010000013.1	102229	103101		plus	glycerophosphodiester phosphodiesterase family protein		79856727	protein-coding		WP_173841597.1	290	PGS38_RS13020
NZ_JAQEGR010000013.1	103174	103845		plus	phosphatase PAP2 family protein		79856728	protein-coding		WP_055268197.1	223	PGS38_RS13025
NZ_JAQEGR010000013.1	104111	107908		plus	phosphoribosylformylglycinamidine synthase		79856729	protein-coding		WP_117762150.1	1265	PGS38_RS13030
NZ_JAQEGR010000013.1	108187	108714		plus	RNA polymerase sigma factor		79856730	protein-coding		WP_022463214.1	175	PGS38_RS13035
NZ_JAQEGR010000013.1	108938	109996		plus	lactonase family protein		79856731	protein-coding		WP_117762149.1	352	PGS38_RS13040
NZ_JAQEGR010000013.1	110080	111186		minus	chorismate synthase	aroC	79856732	protein-coding		WP_117762148.1	368	PGS38_RS13045
NZ_JAQEGR010000013.1	111405	112268		plus	rhomboid family protein		79856733	protein-coding		WP_055228519.1	287	PGS38_RS13050
NZ_JAQEGR010000013.1	112284	113720		plus	pyruvate kinase	pyk	79856734	protein-coding		WP_022463218.1	478	PGS38_RS13055
NZ_JAQEGR010000013.1	113744	115021		plus	diaminopimelate decarboxylase		79856735	protein-coding		WP_055221426.1	425	PGS38_RS13060
NZ_JAQEGR010000013.1	115178	115260		minus	tRNA-Leu		79856736	tRNA				PGS38_RS13065
NZ_JAQEGR010000013.1	115674	119651		plus	type II CRISPR RNA-guided endonuclease Cas9	cas9	79856737	protein-coding		WP_117762147.1	1325	PGS38_RS13070
NZ_JAQEGR010000013.1	119648	120514		plus	type II CRISPR-associated endonuclease Cas1	cas1	79856738	protein-coding		WP_117762146.1	288	PGS38_RS13075
NZ_JAQEGR010000013.1	120526	120831		plus	CRISPR-associated endonuclease Cas2	cas2	79856739	protein-coding		WP_117762145.1	101	PGS38_RS13080
NZ_JAQEGR010000013.1	120828	121502		plus	type II-A CRISPR-associated protein Csn2	csn2	79856740	protein-coding		WP_117762144.1	224	PGS38_RS13085
NZ_JAQEGR010000013.1	122354	123118		plus	type III pantothenate kinase		79856741	protein-coding		WP_117510241.1	254	PGS38_RS13090
NZ_JAQEGR010000013.1	123198	123584		plus	GntR family transcriptional regulator		79856742	protein-coding		WP_117510240.1	128	PGS38_RS13095
NZ_JAQEGR010000013.1	123601	126075		plus	ATP-dependent Clp protease ATP-binding subunit		79856743	protein-coding		WP_117510239.1	824	PGS38_RS13100
NZ_JAQEGR010000013.1	126179	126592		plus	hypothetical protein		79856744	protein-coding		WP_055221437.1	137	PGS38_RS13105
NZ_JAQEGR010000013.1	126666	128045		plus	DNA repair protein RadA	radA	79856745	protein-coding		WP_055221439.1	459	PGS38_RS13110
NZ_JAQEGR010000013.1	128347	128493		plus	hypothetical protein		79856746	protein-coding		WP_158580618.1	48	PGS38_RS13115
NZ_JAQEGR010000013.1	128613	128756		plus	16S ribosomal RNA		79856747	rRNA				PGS38_RS13120
NZ_JAQEGR010000014.1	1	144		minus	16S ribosomal RNA		79856748	rRNA				PGS38_RS13125
NZ_JAQEGR010000014.1	722	1954		minus	ABC transporter permease		79856749	protein-coding		WP_055226878.1	410	PGS38_RS13130
NZ_JAQEGR010000014.1	1979	2644		minus	ABC transporter ATP-binding protein		79856750	protein-coding		WP_055226876.1	221	PGS38_RS13135
NZ_JAQEGR010000014.1	2676	4352		minus	ABC transporter ATP-binding protein		79856751	protein-coding		WP_055226874.1	558	PGS38_RS13140
NZ_JAQEGR010000014.1	4373	5266		minus	leucine-rich repeat domain-containing protein		79856752	protein-coding		WP_022463281.1	297	PGS38_RS13145
NZ_JAQEGR010000014.1	5273	6682		minus	ABC transporter permease		79856753	protein-coding		WP_158554998.1	469	PGS38_RS13150
NZ_JAQEGR010000014.1	6824	7867		minus	P-loop NTPase family protein		79856754	protein-coding		WP_055226872.1	347	PGS38_RS13155
NZ_JAQEGR010000014.1	7870	9276		minus	Cys-rich peptide radical SAM maturase CcpM	ccpM	79856755	protein-coding		WP_055265672.1	468	PGS38_RS13160
NZ_JAQEGR010000014.1	9269	9535		minus	hypothetical protein		79856756	protein-coding		WP_055226866.1	88	PGS38_RS13165
NZ_JAQEGR010000014.1	9994	11133		minus	S8/S53 family peptidase		79856757	protein-coding		WP_055226864.1	379	PGS38_RS13170
NZ_JAQEGR010000014.1	11816	12505		minus	CvpA family protein		79856758	protein-coding		WP_055226862.1	229	PGS38_RS13175
NZ_JAQEGR010000014.1	12518	13714		minus	DUF5711 family protein		79856759	protein-coding		WP_118641040.1	398	PGS38_RS13180
NZ_JAQEGR010000014.1	13803	15110		minus	LysM peptidoglycan-binding domain-containing protein		79856760	protein-coding		WP_226906423.1	435	PGS38_RS13185
NZ_JAQEGR010000014.1	15311	15898		plus	spore protease YyaC	yyaC	79856761	protein-coding		WP_022463275.1	195	PGS38_RS13190
NZ_JAQEGR010000014.1	15990	16931		minus	transketolase family protein		79856762	protein-coding		WP_055219295.1	313	PGS38_RS13195
NZ_JAQEGR010000014.1	16919	17758		minus	transketolase		79856763	protein-coding		WP_055219293.1	279	PGS38_RS13200
NZ_JAQEGR010000014.1	17868	18521		minus	fructose-6-phosphate aldolase	fsa	79856764	protein-coding		WP_022463272.1	217	PGS38_RS13205
NZ_JAQEGR010000014.1	18802	19905		minus	LacI family DNA-binding transcriptional regulator		79856765	protein-coding		WP_022463271.1	367	PGS38_RS13210
NZ_JAQEGR010000014.1	19908	20504		minus	recombination mediator RecR	recR	79856766	protein-coding		WP_022463270.1	198	PGS38_RS13215
NZ_JAQEGR010000014.1	20504	20857		minus	YbaB/EbfC family nucleoid-associated protein		79856767	protein-coding		WP_022463269.1	117	PGS38_RS13220
NZ_JAQEGR010000014.1	20891	22540		minus	DNA polymerase III subunit gamma/tau	dnaX	79856768	protein-coding		WP_118641038.1	549	PGS38_RS13225
NZ_JAQEGR010000014.1	22684	23763		minus	6-phosphofructokinase		79856769	protein-coding		WP_022463267.1	359	PGS38_RS13230
NZ_JAQEGR010000014.1	23958	24220		minus	signal recognition particle sRNA large type	ffs	79856770	other				PGS38_RS13235
NZ_JAQEGR010000014.1	24435	25178		plus	ThuA domain-containing protein		79856771	protein-coding		WP_118641036.1	247	PGS38_RS13240
NZ_JAQEGR010000014.1	25312	26163		plus	sugar phosphate isomerase/epimerase family protein		79856772	protein-coding		WP_117805070.1	283	PGS38_RS13245
NZ_JAQEGR010000014.1	26378	27391		plus	aspartate--ammonia ligase	asnA	79856773	protein-coding		WP_022463264.1	337	PGS38_RS13250
NZ_JAQEGR010000014.1	27503	27793		minus	hypothetical protein		79856774	protein-coding		WP_147397741.1	96	PGS38_RS13255
NZ_JAQEGR010000014.1	27925	29118		minus	elongation factor Tu	tuf	79856775	protein-coding		WP_022463261.1	397	PGS38_RS13260
NZ_JAQEGR010000014.1	29316	31433		minus	elongation factor G	fusA	79856776	protein-coding		WP_055219269.1	705	PGS38_RS13265
NZ_JAQEGR010000014.1	31449	31919		minus	30S ribosomal protein S7	rpsG	79856777	protein-coding		WP_022463259.1	156	PGS38_RS13270
NZ_JAQEGR010000014.1	32094	32510		minus	30S ribosomal protein S12	rpsL	79856778	protein-coding		WP_022463258.1	138	PGS38_RS13275
NZ_JAQEGR010000014.1	32799	33266		minus	hypothetical protein		79856779	protein-coding		WP_118601390.1	155	PGS38_RS13280
NZ_JAQEGR010000014.1	33500	34546		plus	nucleoside hydrolase		79856780	protein-coding		WP_118641030.1	348	PGS38_RS13285
NZ_JAQEGR010000014.1	34543	35154		plus	ECF transporter S component		79856781	protein-coding		WP_022463255.1	203	PGS38_RS13290
NZ_JAQEGR010000014.1	35307	37316		minus	glycoside hydrolase family 127 protein		79856782	protein-coding		WP_118641028.1	669	PGS38_RS13295
NZ_JAQEGR010000014.1	37506	38438		plus	AraC family transcriptional regulator		79856783	protein-coding		WP_118700348.1	310	PGS38_RS13300
NZ_JAQEGR010000014.1	38799	41897		minus	methyl-accepting chemotaxis protein		79856784	protein-coding		WP_270476369.1	1032	PGS38_RS13305
NZ_JAQEGR010000014.1	42249	42908		plus	TetR/AcrR family transcriptional regulator		79856785	protein-coding		WP_117509909.1	219	PGS38_RS13310
NZ_JAQEGR010000014.1	43114	43887		minus	SGNH/GDSL hydrolase family protein		79856786	protein-coding		WP_117509910.1	257	PGS38_RS13315
NZ_JAQEGR010000014.1	44239	45159		plus	aldo/keto reductase		79856787	protein-coding		WP_270476370.1	306	PGS38_RS13320
NZ_JAQEGR010000014.1	45463	47463		minus	glycoside hydrolase family 31 protein		79856788	protein-coding		WP_119188882.1	666	PGS38_RS13325
NZ_JAQEGR010000014.1	47738	48430		minus	50S ribosomal protein L1	rplA	79856789	protein-coding		WP_270476371.1	230	PGS38_RS13330
NZ_JAQEGR010000014.1	48510	48935		minus	50S ribosomal protein L11	rplK	79856790	protein-coding		WP_022463245.1	141	PGS38_RS13335
NZ_JAQEGR010000014.1	49008	49529		minus	transcription termination/antitermination protein NusG	nusG	79856791	protein-coding		WP_022463244.1	173	PGS38_RS13340
NZ_JAQEGR010000014.1	49546	49746		minus	preprotein translocase subunit SecE	secE	79856792	protein-coding		WP_022463243.1	66	PGS38_RS13345
NZ_JAQEGR010000014.1	49768	49917		minus	50S ribosomal protein L33	rpmG	79856793	protein-coding		WP_055219257.1	49	PGS38_RS13350
NZ_JAQEGR010000014.1	50262	51746		minus	C69 family dipeptidase		79856794	protein-coding		WP_117805058.1	494	PGS38_RS13355
NZ_JAQEGR010000014.1	51819	53516		minus	M20/M25/M40 family metallo-hydrolase		79856795	protein-coding		WP_158583780.1	565	PGS38_RS13360
NZ_JAQEGR010000014.1	53509	54819		minus	CapA family protein		79856796	protein-coding		WP_119188878.1	436	PGS38_RS13365
NZ_JAQEGR010000014.1	54948	55688		minus	gamma-glutamyl-gamma-aminobutyrate hydrolase family protein		79856797	protein-coding		WP_055226730.1	246	PGS38_RS13370
NZ_JAQEGR010000014.1	55784	56875		minus	M42 family metallopeptidase		79856798	protein-coding		WP_117802602.1	363	PGS38_RS13375
NZ_JAQEGR010000014.1	56919	57719		minus	M55 family metallopeptidase		79856799	protein-coding		WP_117802603.1	266	PGS38_RS13380
NZ_JAQEGR010000014.1	57716	58708		minus	ABC transporter ATP-binding protein		79856800	protein-coding		WP_055219243.1	330	PGS38_RS13385
NZ_JAQEGR010000014.1	58710	59723		minus	ABC transporter ATP-binding protein		79856801	protein-coding		WP_119188877.1	337	PGS38_RS13390
NZ_JAQEGR010000014.1	59739	60623		minus	ABC transporter permease subunit		79856802	protein-coding		WP_055265632.1	294	PGS38_RS13395
NZ_JAQEGR010000014.1	60636	61556		minus	ABC transporter permease		79856803	protein-coding		WP_022463233.1	306	PGS38_RS13400
NZ_JAQEGR010000014.1	61697	63397		minus	glutathione ABC transporter substrate-binding protein		79856804	protein-coding		WP_119188876.1	566	PGS38_RS13405
NZ_JAQEGR010000014.1	63685	65655		plus	sigma 54-interacting transcriptional regulator		79856805	protein-coding		WP_158580604.1	656	PGS38_RS13410
NZ_JAQEGR010000014.1	65657	66724		minus	P1 family peptidase		79856806	protein-coding		WP_173828084.1	355	PGS38_RS13415
NZ_JAQEGR010000014.1	67106	67396		minus	septation regulator SpoVG	spoVG	79856807	protein-coding		WP_022463229.1	96	PGS38_RS13420
NZ_JAQEGR010000014.1	67425	68540		minus	glucose-1-phosphate adenylyltransferase subunit GlgD	glgD	79856808	protein-coding		WP_022463228.1	371	PGS38_RS13425
NZ_JAQEGR010000014.1	68542	69813		minus	glucose-1-phosphate adenylyltransferase		79856809	protein-coding		WP_117802608.1	423	PGS38_RS13430
NZ_JAQEGR010000014.1	70510	71901		plus	UDP-N-acetylmuramate--L-alanine ligase	murC	79856810	protein-coding		WP_118601400.1	463	PGS38_RS13435
NZ_JAQEGR010000014.1	72438	73601		plus	DnaD domain protein		79856811	protein-coding		WP_118601401.1	387	PGS38_RS13440
NZ_JAQEGR010000014.1	73623	74621		plus	ATP-binding protein		79856812	protein-coding		WP_055219220.1	332	PGS38_RS13445
NZ_JAQEGR010000014.1	74618	75808		plus	ribose-phosphate pyrophosphokinase		79856813	protein-coding		WP_118601402.1	396	PGS38_RS13450
NZ_JAQEGR010000014.1	75954	78386		plus	glycoside hydrolase family 94 protein		79856814	protein-coding		WP_118641006.1	810	PGS38_RS13455
NZ_JAQEGR010000014.1	78476	79255		minus	tRNA threonylcarbamoyladenosine dehydratase		79856815	protein-coding		WP_118595278.1	259	PGS38_RS13460
NZ_JAQEGR010000014.1	79301	79756		minus	threonine/serine exporter family protein		79856816	protein-coding		WP_117761736.1	151	PGS38_RS13465
NZ_JAQEGR010000014.1	79753	80535		minus	threonine/serine exporter family protein		79856817	protein-coding		WP_117761737.1	260	PGS38_RS13470
NZ_JAQEGR010000014.1	80532	81893		minus	MATE family efflux transporter		79856818	protein-coding		WP_118641042.1	453	PGS38_RS13475
NZ_JAQEGR010000014.1	82036	83136		minus	hypothetical protein		79856819	protein-coding		WP_118641004.1	366	PGS38_RS13480
NZ_JAQEGR010000014.1	83168	83524		minus	helix-turn-helix domain-containing protein		79856820	protein-coding		WP_055226705.1	118	PGS38_RS13485
NZ_JAQEGR010000014.1	83715	85220		minus	serine hydrolase domain-containing protein		79856821	protein-coding		WP_022461559.1	501	PGS38_RS13490
NZ_JAQEGR010000014.1	85247	86614		minus	glycoside hydrolase family 32 protein		79856822	protein-coding		WP_117802615.1	455	PGS38_RS13495
NZ_JAQEGR010000014.1	86765	88162		minus	glycoside hydrolase family 32 protein		79856823	protein-coding		WP_270476372.1	465	PGS38_RS13500
NZ_JAQEGR010000014.1	88364	90175		minus	extracellular solute-binding protein		79856824	protein-coding		WP_270476373.1	603	PGS38_RS13505
NZ_JAQEGR010000014.1	90299	91210		minus	carbohydrate ABC transporter permease		79856825	protein-coding		WP_270476374.1	303	PGS38_RS13510
NZ_JAQEGR010000014.1	91230	92171		minus	ABC transporter permease		79856826	protein-coding		WP_022461554.1	313	PGS38_RS13515
NZ_JAQEGR010000014.1	92789	93766		minus	LacI family DNA-binding transcriptional regulator		79856827	protein-coding		WP_158583779.1	325	PGS38_RS13520
NZ_JAQEGR010000014.1	94096	95025		minus	DUF4097 family beta strand repeat-containing protein		79856828	protein-coding		WP_055226691.1	309	PGS38_RS13525
NZ_JAQEGR010000014.1	95022	95639		minus	DUF1700 domain-containing protein		79856829	protein-coding		WP_270476375.1	205	PGS38_RS13530
NZ_JAQEGR010000014.1	95636	95953		minus	PadR family transcriptional regulator		79856830	protein-coding		WP_117509934.1	105	PGS38_RS13535
NZ_JAQEGR010000014.1	96092	96301		minus	hypothetical protein		87803048	protein-coding		WP_330425959.1	69	PGS38_RS17540
NZ_JAQEGR010000014.1	96280	96441		minus	hypothetical protein		87803049	protein-coding		WP_330427061.1	53	PGS38_RS17545
NZ_JAQEGR010000014.1	96527	97651		minus	non-canonical purine NTP pyrophosphatase		87803050	protein-coding		WP_119198230.1	374	PGS38_RS17550
NZ_JAQEGR010000014.1	97664	98599		minus	carbohydrate kinase family protein		79856834	protein-coding		WP_270476376.1	311	PGS38_RS13555
NZ_JAQEGR010000014.1	98761	100545		minus	recombinase family protein		79856835	protein-coding		WP_082426159.1	594	PGS38_RS13560
NZ_JAQEGR010000014.1	100636	101499		minus	Abi family protein		79856836	protein-coding		WP_238033768.1	287	PGS38_RS13565
NZ_JAQEGR010000014.1	101661	101786		minus	hypothetical protein		79856837	protein-coding		WP_264292947.1	41	PGS38_RS13570
NZ_JAQEGR010000014.1	102037	102533		plus	uncharacterized gene		79856838	pseudogene				PGS38_RS13575
NZ_JAQEGR010000015.1	1	619		plus	recombinase family protein		79856839	protein-coding		WP_270476377.1	206	PGS38_RS13580
NZ_JAQEGR010000015.1	630	972		plus	DUF4368 domain-containing protein		79856840	protein-coding		WP_270476378.1	113	PGS38_RS13585
NZ_JAQEGR010000015.1	1063	1143		plus	uncharacterized gene		79856841	pseudogene				PGS38_RS13590
NZ_JAQEGR010000015.1	1155	2021		plus	VirB6/TrbL-like conjugal transfer protein, CD1112 family		79856842	protein-coding		WP_117461320.1	288	PGS38_RS13595
NZ_JAQEGR010000015.1	2037	2768		plus	septation protein SpoVG family protein		79856843	protein-coding		WP_117461321.1	243	PGS38_RS13600
NZ_JAQEGR010000015.1	2758	3539		plus	uncharacterized gene		79856844	pseudogene				PGS38_RS13605
NZ_JAQEGR010000015.1	3542	4111		plus	MT-A70 family methyltransferase		79856845	protein-coding		WP_257319276.1	189	PGS38_RS13610
NZ_JAQEGR010000015.1	4115	4504		plus	PrgI family protein		79856846	protein-coding		WP_117461322.1	129	PGS38_RS13615
NZ_JAQEGR010000015.1	4461	6821		plus	VirB4-like conjugal transfer ATPase, CD1110 family		79856847	protein-coding		WP_173815472.1	786	PGS38_RS13620
NZ_JAQEGR010000015.1	6802	8520		plus	C40 family peptidase		79856848	protein-coding		WP_117461323.1	572	PGS38_RS13625
NZ_JAQEGR010000015.1	8535	8789		plus	DUF4315 family protein		79856849	protein-coding		WP_117461324.1	84	PGS38_RS13630
NZ_JAQEGR010000015.1	8792	9541		plus	DUF4366 domain-containing protein		79856850	protein-coding		WP_117461325.1	249	PGS38_RS13635
NZ_JAQEGR010000015.1	9538	9714		plus	hypothetical protein		79856851	protein-coding		WP_014080211.1	58	PGS38_RS13640
NZ_JAQEGR010000015.1	9719	10072		plus	cysteine-rich VLP domain-containing protein		79856852	protein-coding		WP_119189024.1	117	PGS38_RS13645
NZ_JAQEGR010000015.1	10252	11211		plus	hypothetical protein		79856853	protein-coding		WP_117461327.1	319	PGS38_RS13650
NZ_JAQEGR010000015.1	11225	11809		plus	defense against restriction DarA-related protein		79856854	protein-coding		WP_117461328.1	194	PGS38_RS13655
NZ_JAQEGR010000015.1	11822	11986		plus	hypothetical protein		79856855	protein-coding		WP_014080207.1	54	PGS38_RS13660
NZ_JAQEGR010000015.1	11983	12330		plus	plasmid mobilization protein		79856856	protein-coding		WP_003020363.1	115	PGS38_RS13665
NZ_JAQEGR010000015.1	12489	13835		plus	relaxase/mobilization nuclease domain-containing protein		79856857	protein-coding		WP_173815476.1	448	PGS38_RS13670
NZ_JAQEGR010000015.1	14037	14396		minus	helix-turn-helix domain-containing protein		79856858	protein-coding		WP_054754179.1	119	PGS38_RS13675
NZ_JAQEGR010000015.1	14643	15326		plus	response regulator transcription factor		79856859	protein-coding		WP_117461330.1	227	PGS38_RS13680
NZ_JAQEGR010000015.1	15323	16354		plus	sensor histidine kinase		79856860	protein-coding		WP_117461331.1	343	PGS38_RS13685
NZ_JAQEGR010000015.1	16496	17161		plus	ABC transporter ATP-binding protein		79856861	protein-coding		WP_005335790.1	221	PGS38_RS13690
NZ_JAQEGR010000015.1	17177	19687		plus	ABC transporter permease		79856862	protein-coding		WP_117461332.1	836	PGS38_RS13695
NZ_JAQEGR010000015.1	20268	20678		plus	sigma-70 family RNA polymerase sigma factor		79856863	protein-coding		WP_014080198.1	136	PGS38_RS13700
NZ_JAQEGR010000015.1	21148	21414		plus	DUF6870 family protein		79856864	protein-coding		WP_007884026.1	88	PGS38_RS13705
NZ_JAQEGR010000015.1	21533	23215		plus	recombinase family protein		79856865	protein-coding		WP_046438251.1	560	PGS38_RS13710
NZ_JAQEGR010000015.1	23250	24215		minus	Rpn family recombination-promoting nuclease/putative transposase		79856866	protein-coding		WP_158578721.1	321	PGS38_RS13715
NZ_JAQEGR010000015.1	24344	25747		minus	hypothetical protein		79856867	protein-coding		WP_147398224.1	467	PGS38_RS13720
NZ_JAQEGR010000015.1	25943	29329		minus	TRAP transporter large permease subunit		79856868	protein-coding		WP_118594486.1	1128	PGS38_RS13725
NZ_JAQEGR010000015.1	29326	29826		minus	TRAP transporter small permease		79856869	protein-coding		WP_118594487.1	166	PGS38_RS13730
NZ_JAQEGR010000015.1	30442	31542		plus	SLC13 family permease		79856870	protein-coding		WP_118594488.1	366	PGS38_RS13735
NZ_JAQEGR010000015.1	31648	33132		plus	tRNA (N6-isopentenyl adenosine(37)-C2)-methylthiotransferase MiaB	miaB	79856871	protein-coding		WP_118594489.1	494	PGS38_RS13740
NZ_JAQEGR010000015.1	33224	34573		minus	MATE family efflux transporter		79856872	protein-coding		WP_117805371.1	449	PGS38_RS13745
NZ_JAQEGR010000015.1	34707	35588		plus	AraC family transcriptional regulator		79856873	protein-coding		WP_158565949.1	293	PGS38_RS13750
NZ_JAQEGR010000015.1	35643	38372		minus	beta-mannosidase		79856874	protein-coding		WP_118594490.1	909	PGS38_RS13755
NZ_JAQEGR010000015.1	38662	40449		plus	aminopeptidase P family protein		79856875	protein-coding		WP_117805378.1	595	PGS38_RS13760
NZ_JAQEGR010000015.1	40500	41243		minus	amino acid ABC transporter ATP-binding protein		79856876	protein-coding		WP_118594491.1	247	PGS38_RS13765
NZ_JAQEGR010000015.1	41233	41922		minus	amino acid ABC transporter permease		79856877	protein-coding		WP_117762276.1	229	PGS38_RS13770
NZ_JAQEGR010000015.1	42099	42899		minus	transporter substrate-binding domain-containing protein		79856878	protein-coding		WP_330411495.1	266	PGS38_RS13775
NZ_JAQEGR010000015.1	43334	44131		minus	GGDEF domain-containing protein		79856879	protein-coding		WP_243037557.1	265	PGS38_RS13780
NZ_JAQEGR010000015.1	44238	44387		minus	hypothetical protein		79856880	protein-coding		WP_158568563.1	49	PGS38_RS13785
NZ_JAQEGR010000015.1	44502	44714		minus	DUF378 domain-containing protein		79856881	protein-coding		WP_118750547.1	70	PGS38_RS13790
NZ_JAQEGR010000015.1	44878	46314		minus	Asp-tRNA(Asn)/Glu-tRNA(Gln) amidotransferase subunit GatB	gatB	79856882	protein-coding		WP_118750548.1	478	PGS38_RS13795
NZ_JAQEGR010000015.1	46330	47790		minus	Asp-tRNA(Asn)/Glu-tRNA(Gln) amidotransferase subunit GatA	gatA	79856883	protein-coding		WP_118750549.1	486	PGS38_RS13800
NZ_JAQEGR010000015.1	47806	48099		minus	Asp-tRNA(Asn)/Glu-tRNA(Gln) amidotransferase subunit GatC	gatC	79856884	protein-coding		WP_022462350.1	97	PGS38_RS13805
NZ_JAQEGR010000015.1	48139	49467		minus	aspartate--tRNA(Asn) ligase	aspS	79856885	protein-coding		WP_270476380.1	442	PGS38_RS13810
NZ_JAQEGR010000015.1	49662	49811		minus	hypothetical protein		79856886	protein-coding		WP_158555021.1	49	PGS38_RS13815
NZ_JAQEGR010000015.1	49978	51192		minus	LL-diaminopimelate aminotransferase		79856887	protein-coding		WP_118750550.1	404	PGS38_RS13820
NZ_JAQEGR010000015.1	51220	51768		minus	ANTAR domain-containing response regulator		79856888	protein-coding		WP_022462354.1	182	PGS38_RS13825
NZ_JAQEGR010000015.1	51792	53123		minus	type I glutamate--ammonia ligase	glnA	79856889	protein-coding		WP_270476381.1	443	PGS38_RS13830
NZ_JAQEGR010000015.1	53263	54747		minus	glutamate synthase subunit beta		79856890	protein-coding		WP_118750551.1	494	PGS38_RS13835
NZ_JAQEGR010000015.1	54762	59300		minus	glutamate synthase large subunit	gltB	79856891	protein-coding		WP_118750552.1	1512	PGS38_RS13840
NZ_JAQEGR010000015.1	59530	61140		minus	CTP synthase		79856892	protein-coding		WP_117802401.1	536	PGS38_RS13845
NZ_JAQEGR010000015.1	61605	63041		plus	amidophosphoribosyltransferase	purF	79856893	protein-coding		WP_117761558.1	478	PGS38_RS13850
NZ_JAQEGR010000015.1	63162	64862		plus	S8 family peptidase		79856894	protein-coding		WP_158565941.1	566	PGS38_RS13855
NZ_JAQEGR010000015.1	65009	65251		plus	helix-turn-helix transcriptional regulator		79856895	protein-coding		WP_022462361.1	80	PGS38_RS13860
NZ_JAQEGR010000015.1	65344	65628		plus	hypothetical protein		79856896	protein-coding		WP_055228247.1	94	PGS38_RS13865
NZ_JAQEGR010000015.1	65717	65866		minus	hypothetical protein		79856897	protein-coding		WP_172680771.1	49	PGS38_RS13870
NZ_JAQEGR010000015.1	66004	66366		plus	hypothetical protein		79856898	protein-coding		WP_055217741.1	120	PGS38_RS13875
NZ_JAQEGR010000015.1	66363	66662		plus	hypothetical protein		79856899	protein-coding		WP_022461427.1	99	PGS38_RS13880
NZ_JAQEGR010000015.1	66739	67275		minus	CDP-diacylglycerol--glycerol-3-phosphate 3-phosphatidyltransferase	pgsA	79856900	protein-coding		WP_055228244.1	178	PGS38_RS13885
NZ_JAQEGR010000015.1	67272	68597		minus	30S ribosomal protein S12 methylthiotransferase RimO	rimO	79856901	protein-coding		WP_055217739.1	441	PGS38_RS13890
NZ_JAQEGR010000015.1	68599	68877		minus	DNA-directed RNA polymerase subunit omega	rpoZ	79856902	protein-coding		WP_022461424.1	92	PGS38_RS13895
NZ_JAQEGR010000015.1	68893	69507		minus	guanylate kinase	gmk	79856903	protein-coding		WP_022461423.1	204	PGS38_RS13900
NZ_JAQEGR010000015.1	69500	69778		minus	DUF370 domain-containing protein		79856904	protein-coding		WP_055218332.1	92	PGS38_RS13905
NZ_JAQEGR010000015.1	69930	71672		plus	Rqc2 family fibronectin-binding protein		79856905	protein-coding		WP_270476382.1	580	PGS38_RS13910
NZ_JAQEGR010000015.1	71888	74356		plus	cation-translocating P-type ATPase		79856906	protein-coding		WP_270476383.1	822	PGS38_RS13915
NZ_JAQEGR010000015.1	74446	75009		minus	TIGR01440 family protein		79856907	protein-coding		WP_117761562.1	187	PGS38_RS13920
NZ_JAQEGR010000015.1	75104	77509		minus	leucine--tRNA ligase	leuS	79856908	protein-coding		WP_022461418.1	801	PGS38_RS13925
NZ_JAQEGR010000015.1	77743	79833		minus	elongation factor G		79856909	protein-coding		WP_022461417.1	696	PGS38_RS13930
NZ_JAQEGR010000015.1	80232	81344		plus	prephenate dehydrogenase		79856910	protein-coding		WP_055265977.1	370	PGS38_RS13935
NZ_JAQEGR010000015.1	81379	82662		plus	3-phosphoshikimate 1-carboxyvinyltransferase	aroA	79856911	protein-coding		WP_118594499.1	427	PGS38_RS13940
NZ_JAQEGR010000015.1	82723	83634		minus	phosphatidylserine decarboxylase		79856912	protein-coding		WP_243037593.1	303	PGS38_RS13945
NZ_JAQEGR010000015.1	83631	84266		minus	CDP-alcohol phosphatidyltransferase family protein		79856913	protein-coding		WP_022461413.1	211	PGS38_RS13950
NZ_JAQEGR010000015.1	84250	85311		minus	lysylphosphatidylglycerol synthase transmembrane domain-containing protein		79856914	protein-coding		WP_118594500.1	353	PGS38_RS13955
NZ_JAQEGR010000015.1	85301	85975		minus	phosphatase PAP2 family protein		79856915	protein-coding		WP_022461411.1	224	PGS38_RS13960
NZ_JAQEGR010000015.1	86204	87229		minus	tRNA preQ1(34) S-adenosylmethionine ribosyltransferase-isomerase QueA	queA	79856916	protein-coding		WP_118594501.1	341	PGS38_RS13965
NZ_JAQEGR010000015.1	87383	90676		minus	AAA family ATPase		79856917	protein-coding		WP_118594502.1	1097	PGS38_RS13970
NZ_JAQEGR010000015.1	90673	91806		minus	exonuclease SbcCD subunit D		79856918	protein-coding		WP_118594503.1	377	PGS38_RS13975
NZ_JAQEGR010000015.1	91945	92018		minus	tRNA-Met		79856919	tRNA				PGS38_RS13980
NZ_JAQEGR010000015.1	92040	92112		minus	tRNA-Val		79856920	tRNA				PGS38_RS13985
NZ_JAQEGR010000015.1	92315	92566		minus	helix-turn-helix domain-containing protein		79856921	protein-coding		WP_158578725.1	83	PGS38_RS13990
NZ_JAQEGR010000015.1	92809	93636		minus	helix-turn-helix transcriptional regulator		79856922	protein-coding		WP_118594505.1	275	PGS38_RS13995
NZ_JAQEGR010000015.1	93949	94899		minus	RNA ligase family protein		79856923	protein-coding		WP_118594506.1	316	PGS38_RS14000
NZ_JAQEGR010000015.1	94921	95220		minus	hypothetical protein		79856924	protein-coding		WP_119188929.1	99	PGS38_RS14005
NZ_JAQEGR010000015.1	95372	96400		minus	RNA ligase (ATP)		79856925	protein-coding		WP_118594508.1	342	PGS38_RS14010
NZ_JAQEGR010000015.1	96598	97383		minus	TIGR02452 family protein		79856926	protein-coding		WP_158578726.1	261	PGS38_RS14015
NZ_JAQEGR010000016.1	91	478		minus	IS200/IS605 family transposase	tnpA	79856927	protein-coding		WP_270476384.1	128	PGS38_RS14020
NZ_JAQEGR010000016.1	489	554		minus	uncharacterized gene		79856928	pseudogene				PGS38_RS14025
NZ_JAQEGR010000016.1	647	1015		minus	hypothetical protein		79856929	protein-coding		WP_330411378.1	122	PGS38_RS14030
NZ_JAQEGR010000016.1	1106	2005		minus	endonuclease NucS domain-containing protein		79856930	protein-coding		WP_117760905.1	299	PGS38_RS14035
NZ_JAQEGR010000016.1	2158	3306		minus	beta-aspartyl-peptidase	iadA	79856931	protein-coding		WP_117760903.1	382	PGS38_RS14040
NZ_JAQEGR010000016.1	3322	4842		minus	putative basic amino acid antiporter YfcC	yfcC	79856932	protein-coding		WP_022462924.1	506	PGS38_RS14045
NZ_JAQEGR010000016.1	5083	5738		plus	uncharacterized gene		98633877	pseudogene				PGS38_RS17850
NZ_JAQEGR010000016.1	5847	7205		minus	MFS transporter		79856934	protein-coding		WP_117760901.1	452	PGS38_RS14055
NZ_JAQEGR010000016.1	7403	8695		minus	DNA polymerase Y family protein		79856935	protein-coding		WP_117760899.1	430	PGS38_RS14060
NZ_JAQEGR010000016.1	8728	9027		minus	DUF1294 domain-containing protein		79856936	protein-coding		WP_055228600.1	99	PGS38_RS14065
NZ_JAQEGR010000016.1	9104	9556		minus	GtrA family protein		79856937	protein-coding		WP_117509180.1	150	PGS38_RS14070
NZ_JAQEGR010000016.1	9711	10115		minus	ATP-binding cassette domain-containing protein		79856938	protein-coding		WP_117760897.1	134	PGS38_RS14075
NZ_JAQEGR010000016.1	10670	12040		plus	MATE family efflux transporter		79856940	protein-coding		WP_117760895.1	456	PGS38_RS14085
NZ_JAQEGR010000016.1	12121	12912		minus	DUF3169 family protein		79856941	protein-coding		WP_117509183.1	263	PGS38_RS14090
NZ_JAQEGR010000016.1	12909	13118		minus	helix-turn-helix transcriptional regulator		79856942	protein-coding		WP_055228608.1	69	PGS38_RS14095
NZ_JAQEGR010000016.1	13377	14342		plus	NYN domain-containing protein		79856943	protein-coding		WP_270476385.1	321	PGS38_RS14100
NZ_JAQEGR010000016.1	14482	14916		minus	dUTP diphosphatase		79856944	protein-coding		WP_022462938.1	144	PGS38_RS14105
NZ_JAQEGR010000016.1	14944	15438		minus	anaerobic ribonucleoside-triphosphate reductase activating protein	nrdG	79856945	protein-coding		WP_055228610.1	164	PGS38_RS14110
NZ_JAQEGR010000016.1	15539	17635		minus	polyribonucleotide nucleotidyltransferase		79856946	protein-coding		WP_117814395.1	698	PGS38_RS14115
NZ_JAQEGR010000016.1	17888	18154		minus	30S ribosomal protein S15	rpsO	79856947	protein-coding		WP_022462935.1	88	PGS38_RS14120
NZ_JAQEGR010000016.1	18441	19376		minus	bifunctional riboflavin kinase/FAD synthetase		79856948	protein-coding		WP_117760893.1	311	PGS38_RS14125
NZ_JAQEGR010000016.1	19373	20299		minus	tRNA pseudouridine(55) synthase TruB	truB	79856949	protein-coding		WP_117804405.1	308	PGS38_RS14130
NZ_JAQEGR010000016.1	20372	21355		minus	DHH family phosphoesterase		79856950	protein-coding		WP_117804404.1	327	PGS38_RS14135
NZ_JAQEGR010000016.1	21342	21728		minus	30S ribosome-binding factor RbfA	rbfA	79856951	protein-coding		WP_022462931.1	128	PGS38_RS14140
NZ_JAQEGR010000016.1	21744	24353		minus	translation initiation factor IF-2	infB	79856952	protein-coding		WP_334291847.1	869	PGS38_RS14145
NZ_JAQEGR010000016.1	24449	24760		minus	L7Ae/L30e/S12e/Gadd45 family ribosomal protein		79856953	protein-coding		WP_055221524.1	103	PGS38_RS14150
NZ_JAQEGR010000016.1	24744	25022		minus	RNase P modulator RnpM	rnpM	79856954	protein-coding		WP_117804403.1	92	PGS38_RS14155
NZ_JAQEGR010000016.1	25053	26237		minus	transcription termination factor NusA	nusA	79856955	protein-coding		WP_117804402.1	394	PGS38_RS14160
NZ_JAQEGR010000016.1	26269	26736		minus	ribosome maturation factor RimP		79856956	protein-coding		WP_022462927.1	155	PGS38_RS14165
NZ_JAQEGR010000016.1	26904	27776		minus	mechanosensitive ion channel family protein		79856957	protein-coding		WP_022462926.1	290	PGS38_RS14170
NZ_JAQEGR010000016.1	27780	30515		minus	1,4-alpha-glucan branching protein GlgB	glgB	79856958	protein-coding		WP_117804426.1	911	PGS38_RS14175
NZ_JAQEGR010000016.1	30617	30871		plus	DUF6783 domain-containing protein		98633878	protein-coding		WP_416388104.1	84	PGS38_RS17855
NZ_JAQEGR010000016.1	30796	32031		minus	hypothetical protein		79856959	protein-coding		WP_117509188.1	411	PGS38_RS14180
NZ_JAQEGR010000016.1	32351	33655		minus	ATP-binding cassette domain-containing protein		79856960	protein-coding		WP_270423095.1	434	PGS38_RS14185
NZ_JAQEGR010000016.1	33668	35416		minus	oligopeptide ABC transporter ATP-binding protein OppD	oppD	79856961	protein-coding		WP_118640259.1	582	PGS38_RS14190
NZ_JAQEGR010000016.1	35430	36398		minus	ABC transporter permease		79856962	protein-coding		WP_118640258.1	322	PGS38_RS14195
NZ_JAQEGR010000016.1	36405	37976		minus	ABC transporter permease		79856963	protein-coding		WP_118640257.1	523	PGS38_RS14200
NZ_JAQEGR010000016.1	38096	40309		minus	ABC transporter substrate-binding protein		79856964	protein-coding		WP_270476386.1	737	PGS38_RS14205
NZ_JAQEGR010000016.1	41294	42742		plus	cysteine--tRNA ligase	cysS	79856965	protein-coding		WP_118640256.1	482	PGS38_RS14210
NZ_JAQEGR010000016.1	43025	44188		minus	phosphoglycerate dehydrogenase		79856966	protein-coding		WP_118640255.1	387	PGS38_RS14215
NZ_JAQEGR010000016.1	44188	45270		minus	3-phosphoserine/phosphohydroxythreonine transaminase	serC	79856967	protein-coding		WP_118640254.1	360	PGS38_RS14220
NZ_JAQEGR010000016.1	45454	47142		minus	biosynthetic-type acetolactate synthase large subunit	ilvB	79856968	protein-coding		WP_118640253.1	562	PGS38_RS14225
NZ_JAQEGR010000016.1	47238	48899		minus	dihydroxy-acid dehydratase	ilvD	79856969	protein-coding		WP_117801682.1	553	PGS38_RS14230
NZ_JAQEGR010000016.1	48930	50015		minus	3-isopropylmalate dehydrogenase	leuB	79856970	protein-coding		WP_117801683.1	361	PGS38_RS14235
NZ_JAQEGR010000016.1	50079	50327		minus	hypothetical protein		79856971	protein-coding		WP_117509197.1	82	PGS38_RS14240
NZ_JAQEGR010000016.1	50299	50643		minus	preprotein translocase subunit YajC	yajC	79856972	protein-coding		WP_117509198.1	114	PGS38_RS14245
NZ_JAQEGR010000016.1	50767	51903		minus	tRNA guanosine(34) transglycosylase Tgt	tgt	79856973	protein-coding		WP_118640252.1	378	PGS38_RS14250
NZ_JAQEGR010000016.1	52161	56414		plus	2-hydroxyacyl-CoA dehydratase		79856974	protein-coding		WP_118640251.1	1417	PGS38_RS14255
NZ_JAQEGR010000016.1	56519	58141		minus	putative polysaccharide biosynthesis protein		79856975	protein-coding		WP_118640250.1	540	PGS38_RS14260
NZ_JAQEGR010000016.1	58138	58830		minus	uracil-DNA glycosylase		79856976	protein-coding		WP_117509201.1	230	PGS38_RS14265
NZ_JAQEGR010000016.1	58850	59611		minus	imidazole glycerol phosphate synthase subunit HisF	hisF	79856977	protein-coding		WP_118640249.1	253	PGS38_RS14270
NZ_JAQEGR010000016.1	59615	60232		minus	imidazole glycerol phosphate synthase subunit HisH	hisH	79856978	protein-coding		WP_118640248.1	205	PGS38_RS14275
NZ_JAQEGR010000016.1	60511	60990		plus	COG2426 family protein		79856979	protein-coding		WP_270476387.1	159	PGS38_RS14280
NZ_JAQEGR010000016.1	61313	62752		plus	putative DNA modification/repair radical SAM protein		79856980	protein-coding		WP_055265409.1	479	PGS38_RS14285
NZ_JAQEGR010000016.1	62852	63619		plus	TIGR03915 family putative DNA repair protein		79856981	protein-coding		WP_118640246.1	255	PGS38_RS14290
NZ_JAQEGR010000016.1	63624	63962		minus	cyclic-di-AMP receptor		79856982	protein-coding		WP_055227503.1	112	PGS38_RS14295
NZ_JAQEGR010000016.1	64100	64981		minus	hypothetical protein		79856983	protein-coding		WP_118640245.1	293	PGS38_RS14300
NZ_JAQEGR010000016.1	65034	66869		minus	DNA helicase RecQ	recQ	79856984	protein-coding		WP_118640268.1	611	PGS38_RS14305
NZ_JAQEGR010000016.1	67006	67899		plus	polysaccharide deacetylase family protein		79856985	protein-coding		WP_243104846.1	297	PGS38_RS14310
NZ_JAQEGR010000016.1	67910	69349		minus	alanine/glycine:cation symporter family protein		79856986	protein-coding		WP_118640244.1	479	PGS38_RS14315
NZ_JAQEGR010000016.1	69489	70043		minus	hypothetical protein		79856987	protein-coding		WP_022461914.1	184	PGS38_RS14320
NZ_JAQEGR010000016.1	70040	70267		minus	hypothetical protein		79856988	protein-coding		WP_118640243.1	75	PGS38_RS14325
NZ_JAQEGR010000016.1	70300	71211		minus	RelA/SpoT domain-containing protein		79856989	protein-coding		WP_243104844.1	303	PGS38_RS14330
NZ_JAQEGR010000016.1	71507	72295		plus	DUF975 family protein		79856990	protein-coding		WP_118640242.1	262	PGS38_RS14335
NZ_JAQEGR010000016.1	72375	72860		minus	cytidylate kinase-like family protein		79856991	protein-coding		WP_118640241.1	161	PGS38_RS14340
NZ_JAQEGR010000016.1	72998	73462		minus	DUF6198 family protein		79856992	protein-coding		WP_118640240.1	154	PGS38_RS14345
NZ_JAQEGR010000016.1	73503	74684		minus	flagellin lysine-N-methylase	fliB	79856993	protein-coding		WP_118640239.1	393	PGS38_RS14350
NZ_JAQEGR010000016.1	74690	76036		minus	nickel pincer cofactor biosynthesis protein LarC	larC	79856994	protein-coding		WP_270476389.1	448	PGS38_RS14355
NZ_JAQEGR010000016.1	76029	76781		minus	nickel pincer cofactor biosynthesis protein LarB	larB	79856995	protein-coding		WP_118640265.1	250	PGS38_RS14360
NZ_JAQEGR010000016.1	77004	77963		minus	hypothetical protein		79856996	protein-coding		WP_118640237.1	319	PGS38_RS14365
NZ_JAQEGR010000016.1	78145	78465		minus	hypothetical protein		79856997	protein-coding		WP_022461179.1	106	PGS38_RS14370
NZ_JAQEGR010000016.1	78640	79203		minus	Fe-S-containing hydro-lyase		79856998	protein-coding		WP_118640236.1	187	PGS38_RS14375
NZ_JAQEGR010000016.1	79206	80048		minus	fumarate hydratase		79856999	protein-coding		WP_055265393.1	280	PGS38_RS14380
NZ_JAQEGR010000016.1	80175	81785		minus	FAD-dependent oxidoreductase		79857000	protein-coding		WP_055265391.1	536	PGS38_RS14385
NZ_JAQEGR010000016.1	81800	82474		minus	2Fe-2S iron-sulfur cluster binding domain-containing protein		79857001	protein-coding		WP_055265389.1	224	PGS38_RS14390
NZ_JAQEGR010000016.1	82491	83345		minus	FAD/NAD(P)-binding protein		79857002	protein-coding		WP_022461174.1	284	PGS38_RS14395
NZ_JAQEGR010000016.1	83346	84371		minus	4Fe-4S dicluster domain-containing protein		79857003	protein-coding		WP_117801696.1	341	PGS38_RS14400
NZ_JAQEGR010000016.1	84375	85343		minus	4Fe-4S dicluster domain-containing protein		79857004	protein-coding		WP_055265384.1	322	PGS38_RS14405
NZ_JAQEGR010000016.1	85328	85780		minus	hydrogenase iron-sulfur subunit		79857005	protein-coding		WP_055265382.1	150	PGS38_RS14410
NZ_JAQEGR010000016.1	85771	87759		minus	CoB--CoM heterodisulfide reductase iron-sulfur subunit A family protein		79857006	protein-coding		WP_055265381.1	662	PGS38_RS14415
NZ_JAQEGR010000016.1	87793	88176		minus	4Fe-4S dicluster domain-containing protein		79857007	protein-coding		WP_055219367.1	127	PGS38_RS14420
NZ_JAQEGR010000016.1	88173	88970		minus	CoB--CoM heterodisulfide reductase iron-sulfur subunit B family protein		79857008	protein-coding		WP_022461168.1	265	PGS38_RS14425
NZ_JAQEGR010000016.1	89177	90124		minus	L-lactate dehydrogenase		79857009	protein-coding		WP_055219369.1	315	PGS38_RS14430
NZ_JAQEGR010000017.1	80	150		plus	tRNA-Trp		79857010	tRNA				PGS38_RS14435
NZ_JAQEGR010000017.1	354	953		plus	DUF4230 domain-containing protein		79857011	protein-coding		WP_055221314.1	199	PGS38_RS14440
NZ_JAQEGR010000017.1	1344	2105		plus	threonine/serine exporter family protein		79857012	protein-coding		WP_055221312.1	253	PGS38_RS14445
NZ_JAQEGR010000017.1	2147	2593		plus	threonine/serine exporter family protein		79857013	protein-coding		WP_022463061.1	148	PGS38_RS14450
NZ_JAQEGR010000017.1	2952	5375		plus	L,D-transpeptidase family protein		79857014	protein-coding		WP_118595585.1	807	PGS38_RS14455
NZ_JAQEGR010000017.1	5462	6094		minus	HAD family hydrolase		79857015	protein-coding		WP_226906388.1	210	PGS38_RS14460
NZ_JAQEGR010000017.1	6243	7310		plus	A/G-specific adenine glycosylase	mutY	79857016	protein-coding		WP_055267466.1	355	PGS38_RS14465
NZ_JAQEGR010000017.1	7348	8364		plus	glycosyltransferase family 2 protein		79857017	protein-coding		WP_055227139.1	338	PGS38_RS14470
NZ_JAQEGR010000017.1	8391	8939		plus	2-C-methyl-D-erythritol 2,4-cyclodiphosphate synthase	ispF	79857018	protein-coding		WP_022463066.1	182	PGS38_RS14475
NZ_JAQEGR010000017.1	9202	11829		plus	cation-translocating P-type ATPase		79857019	protein-coding		WP_118659440.1	875	PGS38_RS14480
NZ_JAQEGR010000017.1	12209	12892		plus	serine O-acetyltransferase EpsC	epsC	79857020	protein-coding		WP_055227154.1	227	PGS38_RS14485
NZ_JAQEGR010000017.1	13000	13359		plus	Mini-ribonuclease 3		79857021	protein-coding		WP_055221333.1	119	PGS38_RS14490
NZ_JAQEGR010000017.1	13603	14325		plus	23S rRNA (guanosine(2251)-2'-O)-methyltransferase RlmB	rlmB	79857022	protein-coding		WP_055221331.1	240	PGS38_RS14495
NZ_JAQEGR010000017.1	14365	14970		plus	RNA polymerase sporulation sigma factor SigH	sigH	79857023	protein-coding		WP_226906387.1	201	PGS38_RS14500
NZ_JAQEGR010000017.1	15141	15213		plus	tRNA-Thr		79857024	tRNA				PGS38_RS14505
NZ_JAQEGR010000017.1	15298	15864		plus	chromate transporter		79857025	protein-coding		WP_117804329.1	188	PGS38_RS14510
NZ_JAQEGR010000017.1	15861	16457		plus	chromate transporter		79857026	protein-coding		WP_022463074.1	198	PGS38_RS14515
NZ_JAQEGR010000017.1	16436	16729		plus	AAA family ATPase		79857027	protein-coding		WP_022463075.1	97	PGS38_RS14520
NZ_JAQEGR010000017.1	16747	16950		plus	hypothetical protein		79857028	protein-coding		WP_055221304.1	67	PGS38_RS14525
NZ_JAQEGR010000017.1	17077	18465		plus	MATE family efflux transporter		79857029	protein-coding		WP_022463076.1	462	PGS38_RS14530
NZ_JAQEGR010000017.1	18813	19985		plus	NAD(P)-dependent malic enzyme		79857030	protein-coding		WP_055267479.1	390	PGS38_RS14535
NZ_JAQEGR010000017.1	20099	21511		minus	aspartate ammonia-lyase		79857031	protein-coding		WP_118659415.1	470	PGS38_RS14540
NZ_JAQEGR010000017.1	21801	22289		plus	Lrp/AsnC family transcriptional regulator		79857032	protein-coding		WP_022463079.1	162	PGS38_RS14545
NZ_JAQEGR010000017.1	22441	24114		plus	glutamine--tRNA ligase/YqeY domain fusion protein		79857033	protein-coding		WP_022463080.1	557	PGS38_RS14550
NZ_JAQEGR010000017.1	24201	25607		plus	MocR-like pyridoxine biosynthesis transcription factor PdxR	pdxR	79857034	protein-coding		WP_055267548.1	468	PGS38_RS14555
NZ_JAQEGR010000017.1	25705	27507		minus	oligoendopeptidase F	pepF	79857035	protein-coding		WP_173841574.1	600	PGS38_RS14560
NZ_JAQEGR010000017.1	27590	27946		minus	hypothetical protein		79857036	protein-coding		WP_118601413.1	118	PGS38_RS14565
NZ_JAQEGR010000017.1	28090	28911		minus	Cof-type HAD-IIB family hydrolase		79857037	protein-coding		WP_055267485.1	273	PGS38_RS14570
NZ_JAQEGR010000017.1	29086	29754		plus	HAD family hydrolase		79857038	protein-coding		WP_055221324.1	222	PGS38_RS14575
NZ_JAQEGR010000017.1	29778	30041		plus	hypothetical protein		79857039	protein-coding		WP_055221292.1	87	PGS38_RS14580
NZ_JAQEGR010000017.1	30066	31460		plus	NAD(P)/FAD-dependent oxidoreductase		79857040	protein-coding		WP_022463087.1	464	PGS38_RS14585
NZ_JAQEGR010000017.1	31540	32361		minus	AraC family transcriptional regulator		79857041	protein-coding		WP_055267489.1	273	PGS38_RS14590
NZ_JAQEGR010000017.1	32523	34538		plus	beta-galactosidase		79857042	protein-coding		WP_119188591.1	671	PGS38_RS14595
NZ_JAQEGR010000017.1	34643	35764		minus	phosphotransferase enzyme family protein		79857043	protein-coding		WP_119188590.1	373	PGS38_RS14600
NZ_JAQEGR010000017.1	36256	37974		plus	biosynthetic-type acetolactate synthase large subunit	ilvB	79857044	protein-coding		WP_117509739.1	572	PGS38_RS14605
NZ_JAQEGR010000017.1	37987	38496		plus	acetolactate synthase small subunit	ilvN	79857045	protein-coding		WP_117509738.1	169	PGS38_RS14610
NZ_JAQEGR010000017.1	38511	38717		plus	hypothetical protein		79857046	protein-coding		WP_117804319.1	68	PGS38_RS14615
NZ_JAQEGR010000017.1	38843	39535		minus	LrgB family protein		79857047	protein-coding		WP_119188589.1	230	PGS38_RS14620
NZ_JAQEGR010000017.1	39532	39903		minus	CidA/LrgA family protein		79857048	protein-coding		WP_117804340.1	123	PGS38_RS14625
NZ_JAQEGR010000017.1	40127	41452		minus	Na+/H+ antiporter NhaC family protein		79857049	protein-coding		WP_173816124.1	441	PGS38_RS14630
NZ_JAQEGR010000017.1	41637	43712		minus	molecular chaperone HtpG	htpG	79857050	protein-coding		WP_119188588.1	691	PGS38_RS14635
NZ_JAQEGR010000017.1	44056	44622		plus	TetR-like C-terminal domain-containing protein		79857051	protein-coding		WP_022461989.1	188	PGS38_RS14640
NZ_JAQEGR010000017.1	44842	46821		plus	oleate hydratase		79857052	protein-coding		WP_117509736.1	659	PGS38_RS14645
NZ_JAQEGR010000017.1	46910	47977		minus	ethanolamine utilization protein EutH		79857053	protein-coding		WP_119188587.1	355	PGS38_RS14650
NZ_JAQEGR010000017.1	48012	48518		minus	DUF5721 family protein		79857054	protein-coding		WP_055221274.1	168	PGS38_RS14655
NZ_JAQEGR010000017.1	48525	49406		minus	magnesium transporter CorA family protein		79857055	protein-coding		WP_022461993.1	293	PGS38_RS14660
NZ_JAQEGR010000017.1	49733	50572		plus	DegV family protein		79857056	protein-coding		WP_119188597.1	279	PGS38_RS14665
NZ_JAQEGR010000017.1	50670	51041		plus	hypothetical protein		79857057	protein-coding		WP_117509733.1	123	PGS38_RS14670
NZ_JAQEGR010000017.1	51430	51630		minus	cold-shock protein		79857058	protein-coding		WP_022461996.1	66	PGS38_RS14675
NZ_JAQEGR010000017.1	51945	53225		plus	dihydroorotase		79857059	protein-coding		WP_117760549.1	426	PGS38_RS14680
NZ_JAQEGR010000017.1	53263	54192		plus	orotidine-5'-phosphate decarboxylase	pyrF	79857060	protein-coding		WP_022461998.1	309	PGS38_RS14685
NZ_JAQEGR010000017.1	54300	55070		plus	dihydroorotate dehydrogenase electron transfer subunit		79857061	protein-coding		WP_022461999.1	256	PGS38_RS14690
NZ_JAQEGR010000017.1	55095	55997		plus	dihydroorotate dehydrogenase		79857062	protein-coding		WP_022462000.1	300	PGS38_RS14695
NZ_JAQEGR010000017.1	56245	57186		plus	C40 family peptidase		79857063	protein-coding		WP_118595601.1	313	PGS38_RS14700
NZ_JAQEGR010000017.1	57415	58632		plus	iron-containing alcohol dehydrogenase		79857064	protein-coding		WP_055227104.1	405	PGS38_RS14705
NZ_JAQEGR010000017.1	58850	59527		plus	orotate phosphoribosyltransferase	pyrE	79857065	protein-coding		WP_117802627.1	225	PGS38_RS14710
NZ_JAQEGR010000017.1	59561	59713		plus	hypothetical protein		79857066	protein-coding		WP_055221261.1	50	PGS38_RS14715
NZ_JAQEGR010000017.1	59828	60304		plus	VanZ family protein		79857067	protein-coding		WP_055221318.1	158	PGS38_RS14720
NZ_JAQEGR010000017.1	60285	60602		plus	hypothetical protein		79857068	protein-coding		WP_173841566.1	105	PGS38_RS14725
NZ_JAQEGR010000017.1	60669	61280		plus	HD domain-containing protein		79857069	protein-coding		WP_117760545.1	203	PGS38_RS14730
NZ_JAQEGR010000017.1	61348	63369		plus	aminopeptidase		79857070	protein-coding		WP_270476390.1	673	PGS38_RS14735
NZ_JAQEGR010000017.1	63492	63998		plus	5-(carboxyamino)imidazole ribonucleotide mutase	purE	79857071	protein-coding		WP_022462013.1	168	PGS38_RS14740
NZ_JAQEGR010000017.1	64024	65049		plus	phosphoribosylformylglycinamidine cyclo-ligase	purM	79857072	protein-coding		WP_055221253.1	341	PGS38_RS14745
NZ_JAQEGR010000017.1	65043	65669		plus	phosphoribosylglycinamide formyltransferase	purN	79857073	protein-coding		WP_022462015.1	208	PGS38_RS14750
NZ_JAQEGR010000017.1	65675	66946		plus	phosphoribosylamine--glycine ligase	purD	79857074	protein-coding		WP_118666978.1	423	PGS38_RS14755
NZ_JAQEGR010000017.1	67126	67293		plus	hypothetical protein		79857075	protein-coding		WP_158554991.1	55	PGS38_RS14760
NZ_JAQEGR010000017.1	67378	67450		plus	tRNA-Val		79857076	tRNA				PGS38_RS14765
NZ_JAQEGR010000017.1	67484	67557		plus	tRNA-Met		79857077	tRNA				PGS38_RS14770
NZ_JAQEGR010000017.1	67747	68880		plus	dTDP-4-amino-4,6-dideoxygalactose transaminase	rffA	79857078	protein-coding		WP_117760542.1	377	PGS38_RS14775
NZ_JAQEGR010000017.1	68887	69495		plus	YdcF family protein		79857079	protein-coding		WP_118595604.1	202	PGS38_RS14780
NZ_JAQEGR010000017.1	69776	70006		plus	hypothetical protein		79857080	protein-coding		WP_055227097.1	76	PGS38_RS14785
NZ_JAQEGR010000017.1	70091	71758		plus	23S rRNA (uracil(1939)-C(5))-methyltransferase RlmD	rlmD	79857081	protein-coding		WP_119188584.1	555	PGS38_RS14790
NZ_JAQEGR010000017.1	71774	73576		plus	HsdM family class I SAM-dependent methyltransferase		79857082	protein-coding		WP_119188583.1	600	PGS38_RS14795
NZ_JAQEGR010000017.1	73563	74618		plus	restriction endonuclease subunit S		79857083	protein-coding		WP_119188582.1	351	PGS38_RS14800
NZ_JAQEGR010000017.1	74674	76431		minus	UvrD-helicase domain-containing protein		79857084	protein-coding		WP_270476391.1	585	PGS38_RS14805
NZ_JAQEGR010000017.1	76445	78415		minus	AAA family ATPase		79857085	protein-coding		WP_270476392.1	656	PGS38_RS14810
NZ_JAQEGR010000017.1	78582	79307		minus	hypothetical protein		87803054	protein-coding		WP_330426911.1	241	PGS38_RS17570
NZ_JAQEGR010000017.1	79316	79606		minus	hypothetical protein		87803055	protein-coding		WP_330426910.1	96	PGS38_RS17575
NZ_JAQEGR010000017.1	79634	80149		minus	DUF6076 domain-containing protein		87803056	protein-coding		WP_330426909.1	171	PGS38_RS17580
NZ_JAQEGR010000017.1	80252	80749		minus	hypothetical protein		87803057	protein-coding		WP_330426908.1	165	PGS38_RS17585
NZ_JAQEGR010000017.1	80986	82290		plus	DNA primase family protein		79857088	protein-coding		WP_442859838.1	434	PGS38_RS14825
NZ_JAQEGR010000017.1	82638	82952		plus	DUF3847 domain-containing protein		79857089	protein-coding		WP_119188580.1	104	PGS38_RS14830
NZ_JAQEGR010000017.1	82954	84462		plus	MobQ family relaxase	mobQ	79857090	protein-coding		WP_270476393.1	502	PGS38_RS14835
NZ_JAQEGR010000017.1	84456	84650		plus	hypothetical protein		79857091	protein-coding		WP_003525812.1	64	PGS38_RS14840
NZ_JAQEGR010000017.1	84764	86443		plus	recombinase family protein		79857092	protein-coding		WP_119188579.1	559	PGS38_RS14845
NZ_JAQEGR010000017.1	86730	87197		plus	DUF6075 family protein		79857093	protein-coding		WP_119188578.1	155	PGS38_RS14850
NZ_JAQEGR010000017.1	87184	87348		plus	hypothetical protein		79857094	protein-coding		WP_004612805.1	54	PGS38_RS14855
NZ_JAQEGR010000017.1	87364	87855		plus	uncharacterized gene		79857095	pseudogene				PGS38_RS14860
NZ_JAQEGR010000017.1	87883	88212		plus	DUF6664 family protein		79857096	protein-coding		WP_270476394.1	109	PGS38_RS14865
NZ_JAQEGR010000017.1	88364	88885		plus	hypothetical protein		79857097	protein-coding		WP_119188577.1	173	PGS38_RS14870
NZ_JAQEGR010000018.1	1	1788		plus	tetratricopeptide repeat protein		79857098	protein-coding		WP_270476395.1	595	PGS38_RS14875
NZ_JAQEGR010000018.1	1900	3090		minus	ABC-2 family transporter permease		79857099	protein-coding		WP_118659482.1	396	PGS38_RS14880
NZ_JAQEGR010000018.1	3083	3967		minus	ABC transporter ATP-binding protein		79857100	protein-coding		WP_005338319.1	294	PGS38_RS14885
NZ_JAQEGR010000018.1	3951	4730		minus	hypothetical protein		79857101	protein-coding		WP_270476397.1	259	PGS38_RS14890
NZ_JAQEGR010000018.1	4717	5256		minus	RNA polymerase sigma factor		79857102	protein-coding		WP_005348545.1	179	PGS38_RS14895
NZ_JAQEGR010000018.1	5399	7948		minus	ABC transporter permease		79857103	protein-coding		WP_117802492.1	849	PGS38_RS14900
NZ_JAQEGR010000018.1	7963	8643		minus	ABC transporter ATP-binding protein		79857104	protein-coding		WP_055265588.1	226	PGS38_RS14905
NZ_JAQEGR010000018.1	8752	9660		minus	sensor histidine kinase		79857105	protein-coding		WP_055265586.1	302	PGS38_RS14910
NZ_JAQEGR010000018.1	9657	10340		minus	response regulator transcription factor		79857106	protein-coding		WP_055265584.1	227	PGS38_RS14915
NZ_JAQEGR010000018.1	10580	11341		minus	helix-turn-helix domain-containing protein		79857107	protein-coding		WP_055265582.1	253	PGS38_RS14920
NZ_JAQEGR010000018.1	11661	11867		plus	hypothetical protein		98633879	protein-coding		WP_416388056.1	68	PGS38_RS17860
NZ_JAQEGR010000018.1	11864	12217		plus	DUF4143 domain-containing protein		98633880	protein-coding		WP_055265580.1	117	PGS38_RS17865
NZ_JAQEGR010000018.1	12515	13534		minus	virulence RhuM family protein		79857109	protein-coding		WP_055265578.1	339	PGS38_RS14930
NZ_JAQEGR010000018.1	13588	16134		minus	AAA domain-containing protein		79857110	protein-coding		WP_158565961.1	848	PGS38_RS14935
NZ_JAQEGR010000018.1	17330	18742		minus	23S rRNA (uracil(1939)-C(5))-methyltransferase RlmD	rlmD	79857111	protein-coding		WP_270476398.1	470	PGS38_RS14940
NZ_JAQEGR010000018.1	18762	19592		minus	deoxyribonuclease IV		79857112	protein-coding		WP_117509937.1	276	PGS38_RS14945
NZ_JAQEGR010000018.1	19653	21185		minus	ATP-binding protein		79857113	protein-coding		WP_118640940.1	510	PGS38_RS14950
NZ_JAQEGR010000018.1	21212	22276		minus	metallophosphoesterase family protein		79857114	protein-coding		WP_118640938.1	354	PGS38_RS14955
NZ_JAQEGR010000018.1	22406	23797		minus	asparagine--tRNA ligase	asnS	79857115	protein-coding		WP_117762055.1	463	PGS38_RS14960
NZ_JAQEGR010000018.1	23874	26342		minus	hypothetical protein		79857116	protein-coding		WP_118640936.1	822	PGS38_RS14965
NZ_JAQEGR010000018.1	26342	27499		minus	class I SAM-dependent methyltransferase		79857117	protein-coding		WP_118640934.1	385	PGS38_RS14970
NZ_JAQEGR010000018.1	27647	28072		minus	hypothetical protein		79857118	protein-coding		WP_082424871.1	141	PGS38_RS14975
NZ_JAQEGR010000018.1	28236	29327		plus	TM7S3/TM198-like domain-containing protein		79857119	protein-coding		WP_022461538.1	363	PGS38_RS14980
NZ_JAQEGR010000018.1	29405	30625		minus	ABC transporter substrate-binding protein		79857120	protein-coding		WP_158565876.1	406	PGS38_RS14985
NZ_JAQEGR010000018.1	30785	31450		minus	RluA family pseudouridine synthase		79857121	protein-coding		WP_055265689.1	221	PGS38_RS14990
NZ_JAQEGR010000018.1	32346	34634		minus	hydratase		79857122	protein-coding		WP_199696582.1	762	PGS38_RS14995
NZ_JAQEGR010000018.1	34754	35845		minus	PucR family transcriptional regulator		79857123	protein-coding		WP_055219318.1	363	PGS38_RS15000
NZ_JAQEGR010000018.1	36042	37154		minus	ABC transporter ATP-binding protein		79857124	protein-coding		WP_055219170.1	370	PGS38_RS15005
NZ_JAQEGR010000018.1	37504	38319		plus	YesL family protein		79857125	protein-coding		WP_070100805.1	271	PGS38_RS15010
NZ_JAQEGR010000018.1	38424	41102		minus	sensor histidine kinase		79857126	protein-coding		WP_117509947.1	892	PGS38_RS15015
NZ_JAQEGR010000018.1	41119	41814		minus	response regulator transcription factor		79857127	protein-coding		WP_022461396.1	231	PGS38_RS15020
NZ_JAQEGR010000018.1	42063	42464		plus	GGDEF domain-containing protein		79857128	protein-coding		WP_179965882.1	133	PGS38_RS15025
NZ_JAQEGR010000018.1	42885	44279		plus	magnesium transporter	mgtE	79857129	protein-coding		WP_022461398.1	464	PGS38_RS15030
NZ_JAQEGR010000018.1	44481	45869		plus	alanine/glycine:cation symporter family protein		79857130	protein-coding		WP_055226893.1	462	PGS38_RS15035
NZ_JAQEGR010000018.1	45930	46835		plus	alpha/beta hydrolase		79857131	protein-coding		WP_118601528.1	301	PGS38_RS15040
NZ_JAQEGR010000018.1	46837	47577		plus	LytR/AlgR family response regulator transcription factor		79857132	protein-coding		WP_118601527.1	246	PGS38_RS15045
NZ_JAQEGR010000018.1	47629	48288		plus	sensor histidine kinase		79857133	protein-coding		WP_055219159.1	219	PGS38_RS15050
NZ_JAQEGR010000018.1	48473	50275		plus	ABC transporter ATP-binding protein		79857134	protein-coding		WP_118640930.1	600	PGS38_RS15055
NZ_JAQEGR010000018.1	50275	52095		plus	ABC transporter ATP-binding protein		79857135	protein-coding		WP_118640928.1	606	PGS38_RS15060
NZ_JAQEGR010000018.1	52205	52810		minus	NUDIX hydrolase		79857136	protein-coding		WP_055219153.1	201	PGS38_RS15065
NZ_JAQEGR010000018.1	52837	53094		minus	hypothetical protein		79857137	protein-coding		WP_055265559.1	85	PGS38_RS15070
NZ_JAQEGR010000018.1	53176	53583		minus	uncharacterized gene		79857138	pseudogene				PGS38_RS15075
NZ_JAQEGR010000018.1	53614	54252		minus	bifunctional 4-hydroxy-2-oxoglutarate aldolase/2-dehydro-3-deoxy-phosphogluconate aldolase		79857139	protein-coding		WP_118601524.1	212	PGS38_RS15080
NZ_JAQEGR010000018.1	54457	55332		plus	AraC family transcriptional regulator		79857140	protein-coding		WP_118667008.1	291	PGS38_RS15085
NZ_JAQEGR010000018.1	55387	55650		plus	hypothetical protein		79857141	protein-coding		WP_055219147.1	87	PGS38_RS15090
NZ_JAQEGR010000018.1	55798	56754		minus	D-2-hydroxyacid dehydrogenase		79857142	protein-coding		WP_118659452.1	318	PGS38_RS15095
NZ_JAQEGR010000018.1	56930	57715		minus	hypothetical protein		79857143	protein-coding		WP_117802479.1	261	PGS38_RS15100
NZ_JAQEGR010000018.1	58206	58904		minus	5'-methylthioadenosine/adenosylhomocysteine nucleosidase		79857144	protein-coding		WP_055226889.1	232	PGS38_RS15105
NZ_JAQEGR010000018.1	59209	59451		plus	TIGR03905 family TSCPD domain-containing protein		79857145	protein-coding		WP_022461364.1	80	PGS38_RS15110
NZ_JAQEGR010000018.1	59636	61258		minus	MBL fold metallo-hydrolase RNA specificity domain-containing protein		79857146	protein-coding		WP_022461365.1	540	PGS38_RS15115
NZ_JAQEGR010000018.1	61905	62402		minus	DUF6147 family protein		79857147	protein-coding		WP_117762038.1	165	PGS38_RS15120
NZ_JAQEGR010000018.1	62461	63387		minus	DUF4367 domain-containing protein		79857148	protein-coding		WP_270476399.1	308	PGS38_RS15125
NZ_JAQEGR010000018.1	63498	64565		plus	undecaprenyldiphospho-muramoylpentapeptide beta-N-acetylglucosaminyltransferase		79857149	protein-coding		WP_022461936.1	355	PGS38_RS15130
NZ_JAQEGR010000018.1	64569	65024		minus	RNA polymerase sigma factor		79857150	protein-coding		WP_330670655.1	151	PGS38_RS15135
NZ_JAQEGR010000018.1	65057	65473		minus	HIT family protein		79857151	protein-coding		WP_172680766.1	138	PGS38_RS15140
NZ_JAQEGR010000018.1	65677	66360		plus	two-component system sensor histidine kinase NtrB		79857152	protein-coding		WP_055219129.1	227	PGS38_RS15145
NZ_JAQEGR010000018.1	66335	67009		minus	rhomboid family intramembrane serine protease		79857153	protein-coding		WP_226906363.1	224	PGS38_RS15150
NZ_JAQEGR010000018.1	67317	68786		minus	DUF6382 domain-containing protein		79857154	protein-coding		WP_118640919.1	489	PGS38_RS15155
NZ_JAQEGR010000018.1	68803	69228		minus	TadE/TadG family type IV pilus assembly protein		79857155	protein-coding		WP_243004587.1	141	PGS38_RS15160
NZ_JAQEGR010000018.1	69231	69662		minus	prepilin peptidase		79857156	protein-coding		WP_022461943.1	143	PGS38_RS15165
NZ_JAQEGR010000018.1	69858	70094		minus	zinc ribbon domain-containing protein		79857157	protein-coding		WP_270476401.1	78	PGS38_RS15170
NZ_JAQEGR010000018.1	70105	70433		minus	transposase		79857158	protein-coding		WP_243113220.1	109	PGS38_RS15175
NZ_JAQEGR010000019.1	146	340		minus	uncharacterized gene		79857159	pseudogene				PGS38_RS15180
NZ_JAQEGR010000019.1	682	2442		plus	diguanylate cyclase domain-containing protein		79857160	protein-coding		WP_118594524.1	586	PGS38_RS15185
NZ_JAQEGR010000019.1	2495	5446		minus	hybrid sensor histidine kinase/response regulator		79857161	protein-coding		WP_118594525.1	983	PGS38_RS15190
NZ_JAQEGR010000019.1	5452	7302		minus	ABC transporter substrate-binding protein		79857162	protein-coding		WP_118594526.1	616	PGS38_RS15195
NZ_JAQEGR010000019.1	7358	9520		minus	ATP-binding protein		79857163	protein-coding		WP_118641133.1	720	PGS38_RS15200
NZ_JAQEGR010000019.1	9504	10319		minus	substrate-binding periplasmic protein		79857164	protein-coding		WP_118641135.1	271	PGS38_RS15205
NZ_JAQEGR010000019.1	10379	12529		minus	ATP-binding protein		79857165	protein-coding		WP_270476403.1	716	PGS38_RS15210
NZ_JAQEGR010000019.1	12676	14520		minus	ABC transporter substrate-binding protein		79857166	protein-coding		WP_118594529.1	614	PGS38_RS15215
NZ_JAQEGR010000019.1	15142	15348		plus	helix-turn-helix domain-containing protein		98633881	protein-coding		WP_118594530.1	68	PGS38_RS17870
NZ_JAQEGR010000019.1	15372	17786		minus	glycoside hydrolase family 3 N-terminal domain-containing protein		79857167	protein-coding		WP_117510211.1	804	PGS38_RS15220
NZ_JAQEGR010000019.1	17787	20210		minus	glycoside hydrolase family 3 protein		79857168	protein-coding		WP_118641139.1	807	PGS38_RS15225
NZ_JAQEGR010000019.1	20260	22608		minus	GH36-type glycosyl hydrolase domain-containing protein		79857169	protein-coding		WP_118594532.1	782	PGS38_RS15230
NZ_JAQEGR010000019.1	22724	24157		minus	MFS transporter		79857170	protein-coding		WP_022463024.1	477	PGS38_RS15235
NZ_JAQEGR010000019.1	24250	26700		minus	beta-galactosidase		79857171	protein-coding		WP_117510213.1	816	PGS38_RS15240
NZ_JAQEGR010000019.1	26921	28120		plus	helix-turn-helix domain-containing protein		79857172	protein-coding		WP_022463022.1	399	PGS38_RS15245
NZ_JAQEGR010000019.1	28567	29325		plus	formate/nitrite transporter family protein		79857173	protein-coding		WP_118594533.1	252	PGS38_RS15250
NZ_JAQEGR010000019.1	29322	31421		plus	DNA topoisomerase		79857174	protein-coding		WP_118594534.1	699	PGS38_RS15255
NZ_JAQEGR010000019.1	31470	32141		plus	acyltransferase		79857175	protein-coding		WP_118594535.1	223	PGS38_RS15260
NZ_JAQEGR010000019.1	32359	33051		plus	iron-sulfur cluster assembly scaffold protein		79857176	protein-coding		WP_022463018.1	230	PGS38_RS15265
NZ_JAQEGR010000019.1	33077	34087		plus	GGGtGRT protein		79857177	protein-coding		WP_022463017.1	336	PGS38_RS15270
NZ_JAQEGR010000019.1	34155	34247		plus	DUF6783 domain-containing protein		98633882	protein-coding		WP_369123061.1	30	PGS38_RS17875
NZ_JAQEGR010000019.1	34314	35399		minus	aspartate-semialdehyde dehydrogenase	asd	79857178	protein-coding		WP_022463016.1	361	PGS38_RS15275
NZ_JAQEGR010000019.1	35487	36866		minus	argininosuccinate lyase	argH	79857179	protein-coding		WP_118594579.1	459	PGS38_RS15280
NZ_JAQEGR010000019.1	37060	37953		minus	recombinase family protein		79857180	protein-coding		WP_147398226.1	297	PGS38_RS15285
NZ_JAQEGR010000019.1	38025	38963		minus	DNA/RNA non-specific endonuclease		79857181	protein-coding		WP_118594537.1	312	PGS38_RS15290
NZ_JAQEGR010000019.1	38960	39376		minus	hypothetical protein		79857182	protein-coding		WP_055217698.1	138	PGS38_RS15295
NZ_JAQEGR010000019.1	39273	40118		minus	ABC transporter permease		79857183	protein-coding		WP_117812857.1	281	PGS38_RS15300
NZ_JAQEGR010000019.1	40111	40881		minus	ABC transporter ATP-binding protein		79857184	protein-coding		WP_118594538.1	256	PGS38_RS15305
NZ_JAQEGR010000019.1	40992	41639		plus	epoxyqueuosine reductase QueH		79857185	protein-coding		WP_118594539.1	215	PGS38_RS15310
NZ_JAQEGR010000019.1	41832	41904		minus	tRNA-Thr		79857186	tRNA				PGS38_RS15315
NZ_JAQEGR010000019.1	42216	43616		plus	citrate/2-methylcitrate synthase		79857187	protein-coding		WP_118594540.1	466	PGS38_RS15320
NZ_JAQEGR010000019.1	43742	45997		minus	DNA gyrase/topoisomerase IV subunit A		79857188	protein-coding		WP_270476404.1	751	PGS38_RS15325
NZ_JAQEGR010000019.1	46016	47941		minus	DNA gyrase/topoisomerase IV subunit B		79857189	protein-coding		WP_117805360.1	641	PGS38_RS15330
NZ_JAQEGR010000019.1	48064	48726		minus	HAD family hydrolase		79857190	protein-coding		WP_118641145.1	220	PGS38_RS15335
NZ_JAQEGR010000019.1	48929	49000		plus	tRNA-Glu		79857191	tRNA				PGS38_RS15340
NZ_JAQEGR010000019.1	49054	49125		plus	tRNA-Glu		79857192	tRNA				PGS38_RS15345
NZ_JAQEGR010000019.1	49179	49250		plus	tRNA-Glu		79857193	tRNA				PGS38_RS15350
NZ_JAQEGR010000019.1	49374	50591		minus	peptidase T	pepT	79857194	protein-coding		WP_055217684.1	405	PGS38_RS15355
NZ_JAQEGR010000019.1	50608	50919		minus	metal-sensing transcriptional repressor		79857195	protein-coding		WP_022463104.1	103	PGS38_RS15360
NZ_JAQEGR010000019.1	50999	51757		minus	arginase family protein		79857196	protein-coding		WP_055228568.1	252	PGS38_RS15365
NZ_JAQEGR010000019.1	51775	52650		minus	ABC transporter permease		79857197	protein-coding		WP_055217680.1	291	PGS38_RS15370
NZ_JAQEGR010000019.1	52665	53630		minus	ABC transporter ATP-binding protein		79857198	protein-coding		WP_118594582.1	321	PGS38_RS15375
NZ_JAQEGR010000019.1	53617	56163		minus	hypothetical protein		79857199	protein-coding		WP_118594569.1	848	PGS38_RS15380
NZ_JAQEGR010000019.1	56160	57293		minus	sensor histidine kinase		79857200	protein-coding		WP_055228565.1	377	PGS38_RS15385
NZ_JAQEGR010000019.1	57283	57981		minus	response regulator transcription factor		79857201	protein-coding		WP_022462401.1	232	PGS38_RS15390
NZ_JAQEGR010000019.1	58131	59459		minus	MATE family efflux transporter		79857202	protein-coding		WP_118594570.1	442	PGS38_RS15395
NZ_JAQEGR010000019.1	59670	62000		minus	ABC transporter permease		79857203	protein-coding		WP_118594571.1	776	PGS38_RS15400
NZ_JAQEGR010000019.1	62015	62713		minus	ABC transporter ATP-binding protein		79857204	protein-coding		WP_117802463.1	232	PGS38_RS15405
NZ_JAQEGR010000020.1	1	729		plus	RNA polymerase sigma factor		79857205	protein-coding		WP_270476405.1	242	PGS38_RS15410
NZ_JAQEGR010000020.1	773	1015		minus	hypothetical protein		79857206	protein-coding		WP_147399285.1	80	PGS38_RS15415
NZ_JAQEGR010000020.1	1050	2465		minus	CAP domain-containing protein		79857207	protein-coding		WP_118640120.1	471	PGS38_RS15420
NZ_JAQEGR010000020.1	2537	3592		minus	hypothetical protein		79857208	protein-coding		WP_270476406.1	351	PGS38_RS15425
NZ_JAQEGR010000020.1	3611	5320		minus	single-stranded-DNA-specific exonuclease RecJ		79857209	protein-coding		WP_270476407.1	569	PGS38_RS15430
NZ_JAQEGR010000020.1	5497	7362		minus	ATP-dependent helicase		79857210	protein-coding		WP_270476408.1	621	PGS38_RS15435
NZ_JAQEGR010000020.1	7355	8317		minus	3'-5' exoribonuclease YhaM family protein		79857211	protein-coding		WP_118640116.1	320	PGS38_RS15440
NZ_JAQEGR010000020.1	8482	9360		minus	Rpn family recombination-promoting nuclease/putative transposase		79857212	protein-coding		WP_330427566.1	292	PGS38_RS15445
NZ_JAQEGR010000020.1	9575	10096		minus	hypothetical protein		79857213	protein-coding		WP_118640115.1	173	PGS38_RS15450
NZ_JAQEGR010000020.1	10241	11335		plus	DUF4317 domain-containing protein		79857214	protein-coding		WP_270476409.1	364	PGS38_RS15455
NZ_JAQEGR010000020.1	12175	12942		minus	hypothetical protein		79857215	protein-coding		WP_022461039.1	255	PGS38_RS15460
NZ_JAQEGR010000020.1	12961	13626		minus	hypothetical protein		79857216	protein-coding		WP_055228134.1	221	PGS38_RS15465
NZ_JAQEGR010000020.1	13649	14746		minus	LURP-one-related family protein		79857217	protein-coding		WP_117508921.1	365	PGS38_RS15470
NZ_JAQEGR010000020.1	14935	16569		minus	ABC transporter ATP-binding protein		79857218	protein-coding		WP_117812797.1	544	PGS38_RS15475
NZ_JAQEGR010000020.1	16569	18299		minus	ABC transporter ATP-binding protein		79857219	protein-coding		WP_117812798.1	576	PGS38_RS15480
NZ_JAQEGR010000020.1	18289	18801		minus	MarR family winged helix-turn-helix transcriptional regulator		79857220	protein-coding		WP_270476410.1	170	PGS38_RS15485
NZ_JAQEGR010000020.1	18992	20392		plus	sodium-dependent transporter		79857221	protein-coding		WP_118594444.1	466	PGS38_RS15490
NZ_JAQEGR010000020.1	20597	22351		minus	glycoside hydrolase family 13 protein		79857222	protein-coding		WP_118594445.1	584	PGS38_RS15495
NZ_JAQEGR010000020.1	22765	23766		plus	LacI family DNA-binding transcriptional regulator		79857223	protein-coding		WP_117804963.1	333	PGS38_RS15500
NZ_JAQEGR010000020.1	23761	24528		minus	GNAT family N-acetyltransferase		79857224	protein-coding		WP_118594446.1	255	PGS38_RS15505
NZ_JAQEGR010000020.1	24619	26073		minus	MocR-like pyridoxine biosynthesis transcription factor PdxR	pdxR	79857225	protein-coding		WP_118594447.1	484	PGS38_RS15510
NZ_JAQEGR010000020.1	26218	27099		plus	pyridoxal 5'-phosphate synthase lyase subunit PdxS	pdxS	79857226	protein-coding		WP_118594448.1	293	PGS38_RS15515
NZ_JAQEGR010000020.1	27099	27680		plus	pyridoxal 5'-phosphate synthase glutaminase subunit PdxT	pdxT	79857227	protein-coding		WP_118594449.1	193	PGS38_RS15520
NZ_JAQEGR010000020.1	27794	29482		minus	heparinase II/III domain-containing protein		79857228	protein-coding		WP_117804958.1	562	PGS38_RS15525
NZ_JAQEGR010000020.1	29604	31391		minus	glycoside hydrolase family 43 protein		79857229	protein-coding		WP_118594450.1	595	PGS38_RS15530
NZ_JAQEGR010000020.1	31404	32336		minus	AraC family transcriptional regulator		79857230	protein-coding		WP_158554945.1	310	PGS38_RS15535
NZ_JAQEGR010000020.1	32329	34074		minus	glycoside hydrolase family 35 protein		79857231	protein-coding		WP_117508907.1	581	PGS38_RS15540
NZ_JAQEGR010000020.1	34299	35930		minus	extracellular solute-binding protein		79857232	protein-coding		WP_117508906.1	543	PGS38_RS15545
NZ_JAQEGR010000020.1	36020	36922		minus	carbohydrate ABC transporter permease		79857233	protein-coding		WP_117508905.1	300	PGS38_RS15550
NZ_JAQEGR010000020.1	36935	37906		minus	ABC transporter permease		79857234	protein-coding		WP_117508904.1	323	PGS38_RS15555
NZ_JAQEGR010000020.1	38491	39516		minus	LacI family DNA-binding transcriptional regulator		79857235	protein-coding		WP_117508903.1	341	PGS38_RS15560
NZ_JAQEGR010000020.1	39740	42145		plus	glycoside hydrolase family 2 TIM barrel-domain containing protein		79857236	protein-coding		WP_117804956.1	801	PGS38_RS15565
NZ_JAQEGR010000020.1	42166	43563		plus	MATE family efflux transporter		79857237	protein-coding		WP_117508901.1	465	PGS38_RS15570
NZ_JAQEGR010000020.1	43651	44775		minus	DUF362 domain-containing protein		79857238	protein-coding		WP_117804955.1	374	PGS38_RS15575
NZ_JAQEGR010000020.1	45090	45770		plus	HAD family hydrolase		79857239	protein-coding		WP_118594451.1	226	PGS38_RS15580
NZ_JAQEGR010000020.1	45874	47760		minus	phage tail tip lysozyme		79857240	protein-coding		WP_118594452.1	628	PGS38_RS15585
NZ_JAQEGR010000020.1	48040	49278		minus	MYG1 family protein		79857241	protein-coding		WP_118594453.1	412	PGS38_RS15590
NZ_JAQEGR010000020.1	49508	49720		minus	ferrous iron transport protein A		79857242	protein-coding		WP_022461118.1	70	PGS38_RS15595
NZ_JAQEGR010000020.1	49800	49919		minus	uncharacterized gene		88554257	pseudogene				PGS38_RS17710
NZ_JAQEGR010000020.1	49887	50015		plus	uncharacterized gene		88554258	pseudogene				PGS38_RS17715
NZ_JAQEGR010000020.1	49999	50745		minus	sulfite exporter TauE/SafE family protein		79857243	protein-coding		WP_118594455.1	248	PGS38_RS15600
NZ_JAQEGR010000020.1	50761	52086		minus	amidohydrolase family protein		79857244	protein-coding		WP_118594456.1	441	PGS38_RS15605
NZ_JAQEGR010000020.1	52181	52627		minus	hypothetical protein		79857245	protein-coding		WP_118594457.1	148	PGS38_RS15610
NZ_JAQEGR010000020.1	52631	53497		minus	DUF3100 domain-containing protein		79857246	protein-coding		WP_118594458.1	288	PGS38_RS15615
NZ_JAQEGR010000021.1	1	1019		minus	RNA-guided endonuclease InsQ/TnpB family protein		79857247	protein-coding		WP_270476411.1	339	PGS38_RS15620
NZ_JAQEGR010000021.1	958	1614		minus	IS607 family transposase		79857248	protein-coding		WP_172680768.1	218	PGS38_RS15625
NZ_JAQEGR010000021.1	1794	2744		minus	TadE/TadG family type IV pilus assembly protein		79857249	protein-coding		WP_147342475.1	316	PGS38_RS15630
NZ_JAQEGR010000021.1	2698	4230		minus	DUF5702 domain-containing protein		79857250	protein-coding		WP_118640917.1	510	PGS38_RS15635
NZ_JAQEGR010000021.1	4387	4554		minus	Flp1 family type IVb pilin		79857251	protein-coding		WP_022461946.1	55	PGS38_RS15640
NZ_JAQEGR010000021.1	4605	5903		minus	type II secretion system F family protein		79857252	protein-coding		WP_055219115.1	432	PGS38_RS15645
NZ_JAQEGR010000021.1	5975	6775		minus	type II secretion system F family protein		79857253	protein-coding		WP_022461948.1	266	PGS38_RS15650
NZ_JAQEGR010000021.1	6772	7950		minus	CpaF family protein		79857254	protein-coding		WP_055226604.1	392	PGS38_RS15655
NZ_JAQEGR010000021.1	7947	8984		minus	P-loop NTPase family protein		79857255	protein-coding		WP_226906364.1	345	PGS38_RS15660
NZ_JAQEGR010000021.1	8981	9508		minus	A24 family peptidase		79857256	protein-coding		WP_118640916.1	175	PGS38_RS15665
NZ_JAQEGR010000021.1	9848	10330		minus	Cys-tRNA(Pro) deacylase	ybaK	79857257	protein-coding		WP_055219087.1	160	PGS38_RS15670
NZ_JAQEGR010000021.1	10330	11202		minus	alanyl-tRNA editing protein		79857258	protein-coding		WP_118640915.1	290	PGS38_RS15675
NZ_JAQEGR010000021.1	11222	11749		minus	cysteine hydrolase family protein		79857259	protein-coding		WP_118640913.1	175	PGS38_RS15680
NZ_JAQEGR010000021.1	11836	12657		minus	alpha/beta hydrolase		79857260	protein-coding		WP_118640911.1	273	PGS38_RS15685
NZ_JAQEGR010000021.1	13014	13274		plus	DUF1292 domain-containing protein		79857261	protein-coding		WP_022461956.1	86	PGS38_RS15690
NZ_JAQEGR010000021.1	13369	13821		minus	GNAT family N-acetyltransferase		79857262	protein-coding		WP_117761906.1	150	PGS38_RS15695
NZ_JAQEGR010000021.1	13838	15172		minus	carboxylesterase/lipase family protein		79857263	protein-coding		WP_270476412.1	444	PGS38_RS15700
NZ_JAQEGR010000021.1	15499	16557		plus	NCS2 family permease		79857264	protein-coding		WP_270476413.1	352	PGS38_RS15705
NZ_JAQEGR010000021.1	16584	17153		plus	phosphoribosyltransferase family protein		79857265	protein-coding		WP_117813466.1	189	PGS38_RS15710
NZ_JAQEGR010000021.1	17241	17564		minus	branched-chain amino acid transporter permease		79857266	protein-coding		WP_117509970.1	107	PGS38_RS15715
NZ_JAQEGR010000021.1	17519	18097		minus	AzlC family ABC transporter permease		79857267	protein-coding		WP_117509971.1	192	PGS38_RS15720
NZ_JAQEGR010000021.1	18226	19920		minus	AAA family ATPase		79857268	protein-coding		WP_117509972.1	564	PGS38_RS15725
NZ_JAQEGR010000021.1	19988	20506		minus	VanZ family protein		79857269	protein-coding		WP_055226594.1	172	PGS38_RS15730
NZ_JAQEGR010000021.1	20902	22191		minus	glycoside hydrolase family 125 protein		79857270	protein-coding		WP_055219311.1	429	PGS38_RS15735
NZ_JAQEGR010000021.1	22303	23754		minus	ABC transporter substrate-binding protein		79857271	protein-coding		WP_117509974.1	483	PGS38_RS15740
NZ_JAQEGR010000021.1	23850	24782		minus	carbohydrate ABC transporter permease		79857272	protein-coding		WP_117509975.1	310	PGS38_RS15745
NZ_JAQEGR010000021.1	24795	25682		minus	ABC transporter permease		79857273	protein-coding		WP_055265684.1	295	PGS38_RS15750
NZ_JAQEGR010000021.1	25738	26793		minus	LacI family DNA-binding transcriptional regulator		79857274	protein-coding		WP_117761903.1	351	PGS38_RS15755
NZ_JAQEGR010000021.1	27109	27750		minus	nicotinamide riboside transporter PnuC	pnuC	79857275	protein-coding		WP_117761902.1	213	PGS38_RS15760
NZ_JAQEGR010000021.1	27759	30155		minus	glycoside hydrolase family 38 N-terminal domain-containing protein		79857276	protein-coding		WP_117761901.1	798	PGS38_RS15765
NZ_JAQEGR010000021.1	30206	31987		minus	class I mannose-6-phosphate isomerase		79857277	protein-coding		WP_117802496.1	593	PGS38_RS15770
NZ_JAQEGR010000021.1	32133	32849		minus	GntR family transcriptional regulator		79857278	protein-coding		WP_117761900.1	238	PGS38_RS15775
NZ_JAQEGR010000021.1	32918	33805		minus	ROK family protein		79857279	protein-coding		WP_117761927.1	295	PGS38_RS15780
NZ_JAQEGR010000021.1	34081	34647		minus	hypothetical protein		79857280	protein-coding		WP_117761899.1	188	PGS38_RS15785
NZ_JAQEGR010000021.1	34766	35467		minus	ATP-binding protein		79857281	protein-coding		WP_118640909.1	233	PGS38_RS15790
NZ_JAQEGR010000021.1	35575	39261		minus	helicase-exonuclease AddAB subunit AddA	addA	79857282	protein-coding		WP_118640907.1	1228	PGS38_RS15795
NZ_JAQEGR010000021.1	39341	42844		minus	PD-(D/E)XK nuclease family protein		79857283	protein-coding		WP_118640905.1	1167	PGS38_RS15800
NZ_JAQEGR010000021.1	43053	43526		plus	hypothetical protein		79857284	protein-coding		WP_022462423.1	157	PGS38_RS15805
NZ_JAQEGR010000021.1	43658	45568		minus	NAD(+) synthase		79857285	protein-coding		WP_118640903.1	636	PGS38_RS15810
NZ_JAQEGR010000021.1	45584	46459		minus	Hsp33 family molecular chaperone HslO	hslO	79857286	protein-coding		WP_022462421.1	291	PGS38_RS15815
NZ_JAQEGR010000021.1	46469	47236		minus	class I SAM-dependent DNA methyltransferase		79857287	protein-coding		WP_117509992.1	255	PGS38_RS15820
NZ_JAQEGR010000021.1	47345	47416		minus	tRNA-Asn		79857288	tRNA				PGS38_RS15825
NZ_JAQEGR010000021.1	47498	50515		minus	23S ribosomal RNA		79857289	rRNA				PGS38_RS15830
NZ_JAQEGR010000021.1	50921	51038		minus	5S ribosomal RNA	rrf	79857290	rRNA				PGS38_RS15835
NZ_JAQEGR010000022.1	34	390		minus	sigma factor		79857291	protein-coding		WP_270476414.1	118	PGS38_RS15840
NZ_JAQEGR010000022.1	401	634		minus	hypothetical protein		79857292	protein-coding		WP_119208155.1	77	PGS38_RS15845
NZ_JAQEGR010000022.1	863	1633		plus	hypothetical protein		79857293	protein-coding		WP_118640124.1	256	PGS38_RS15850
NZ_JAQEGR010000022.1	1644	2939		plus	preprotein translocase subunit SecY		79857294	protein-coding		WP_158581761.1	431	PGS38_RS15855
NZ_JAQEGR010000022.1	2939	3121		plus	preprotein translocase subunit SecE	secE	98633883	protein-coding		WP_117802271.1	60	PGS38_RS17880
NZ_JAQEGR010000022.1	3248	4486		plus	hypothetical protein		79857295	protein-coding		WP_118640126.1	412	PGS38_RS15860
NZ_JAQEGR010000022.1	4483	5058		plus	hypothetical protein		79857296	protein-coding		WP_117802269.1	191	PGS38_RS15865
NZ_JAQEGR010000022.1	5039	5893		plus	3'-5' exonuclease		79857297	protein-coding		WP_118640127.1	284	PGS38_RS15870
NZ_JAQEGR010000022.1	5890	6297		plus	A24 family peptidase		79857298	protein-coding		WP_117802267.1	135	PGS38_RS15875
NZ_JAQEGR010000022.1	6326	6475		minus	hypothetical protein		79857299	protein-coding		WP_158568364.1	49	PGS38_RS15880
NZ_JAQEGR010000022.1	6504	6938		minus	hypothetical protein		79857300	protein-coding		WP_117802266.1	144	PGS38_RS15885
NZ_JAQEGR010000022.1	6950	7996		minus	hypothetical protein		79857301	protein-coding		WP_270476415.1	348	PGS38_RS15890
NZ_JAQEGR010000022.1	8012	9172		minus	ParM/StbA family protein		79857302	protein-coding		WP_118640128.1	386	PGS38_RS15895
NZ_JAQEGR010000022.1	9370	11178		plus	AAA family ATPase		79857303	protein-coding		WP_270476416.1	602	PGS38_RS15900
NZ_JAQEGR010000022.1	11363	11536		plus	hypothetical protein		79857304	protein-coding		WP_270476417.1	57	PGS38_RS15905
NZ_JAQEGR010000022.1	11621	12238		plus	hypothetical protein		79857305	protein-coding		WP_117802261.1	205	PGS38_RS15910
NZ_JAQEGR010000022.1	12252	14522		plus	SF1B family DNA helicase RecD2	recD2	79857306	protein-coding		WP_270476418.1	756	PGS38_RS15915
NZ_JAQEGR010000022.1	14567	15406		minus	class B sortase	srtB	79857307	protein-coding		WP_270476419.1	279	PGS38_RS15920
NZ_JAQEGR010000022.1	15790	16179		minus	uncharacterized gene		98633884	pseudogene				PGS38_RS17885
NZ_JAQEGR010000022.1	16406	17932		plus	hypothetical protein		79857309	protein-coding		WP_270476422.1	508	PGS38_RS15930
NZ_JAQEGR010000022.1	18067	18876		plus	hypothetical protein		79857310	protein-coding		WP_118640133.1	269	PGS38_RS15935
NZ_JAQEGR010000022.1	18976	22869		plus	DNA polymerase III subunit alpha	dnaE	79857311	protein-coding		WP_118640134.1	1297	PGS38_RS15940
NZ_JAQEGR010000022.1	22985	23875		plus	hypothetical protein		79857312	protein-coding		WP_117802253.1	296	PGS38_RS15945
NZ_JAQEGR010000022.1	23859	24338		plus	hypothetical protein		79857313	protein-coding		WP_118640135.1	159	PGS38_RS15950
NZ_JAQEGR010000022.1	24354	25307		plus	single-stranded DNA-binding protein		79857314	protein-coding		WP_117802251.1	317	PGS38_RS15955
NZ_JAQEGR010000022.1	25261	26160		plus	hypothetical protein		79857315	protein-coding		WP_117802250.1	299	PGS38_RS15960
NZ_JAQEGR010000022.1	26163	27629		plus	coiled-coil domain-containing protein		79857316	protein-coding		WP_117802249.1	488	PGS38_RS15965
NZ_JAQEGR010000022.1	27760	27927		plus	hypothetical protein		79857317	protein-coding		WP_158568362.1	55	PGS38_RS15970
NZ_JAQEGR010000022.1	27941	28486		plus	hypothetical protein		79857318	protein-coding		WP_117802248.1	181	PGS38_RS15975
NZ_JAQEGR010000022.1	28508	32986		plus	serine-rich protein		79857319	protein-coding		WP_147343069.1	1492	PGS38_RS15980
NZ_JAQEGR010000022.1	33119	33805		plus	RcpC/CpaB family pilus assembly protein		79857320	protein-coding		WP_117802242.1	228	PGS38_RS15985
NZ_JAQEGR010000022.1	33883	35646		plus	AAA family ATPase		79857321	protein-coding		WP_270476423.1	587	PGS38_RS15990
NZ_JAQEGR010000022.1	35649	37025		plus	CpaF family protein		79857322	protein-coding		WP_119208435.1	458	PGS38_RS15995
NZ_JAQEGR010000022.1	37022	37903		plus	type II secretion system F family protein		79857323	protein-coding		WP_117802239.1	293	PGS38_RS16000
NZ_JAQEGR010000022.1	37908	38795		plus	type II secretion system F family protein		79857324	protein-coding		WP_117802238.1	295	PGS38_RS16005
NZ_JAQEGR010000022.1	38812	39273		plus	prepilin peptidase		79857325	protein-coding		WP_117802237.1	153	PGS38_RS16010
NZ_JAQEGR010000022.1	39267	39698		plus	hypothetical protein		79857326	protein-coding		WP_117802236.1	143	PGS38_RS16015
NZ_JAQEGR010000022.1	39695	40504		plus	C40 family peptidase		79857327	protein-coding		WP_117802235.1	269	PGS38_RS16020
NZ_JAQEGR010000022.1	40516	41463		plus	phage tail tip lysozyme		79857328	protein-coding		WP_117802234.1	315	PGS38_RS16025
NZ_JAQEGR010000022.1	41778	41984		plus	hypothetical protein		79857329	protein-coding		WP_117802233.1	68	PGS38_RS16030
NZ_JAQEGR010000022.1	42055	43764		plus	hypothetical protein		79857330	protein-coding		WP_270476425.1	569	PGS38_RS16035
NZ_JAQEGR010000022.1	44342	45187		plus	hypothetical protein		79857331	protein-coding		WP_270476426.1	281	PGS38_RS16040
NZ_JAQEGR010000023.1	108	596		minus	hypothetical protein		79857332	protein-coding		WP_002569239.1	162	PGS38_RS16045
NZ_JAQEGR010000023.1	711	1016		minus	hypothetical protein		79857333	protein-coding		WP_002569240.1	101	PGS38_RS16050
NZ_JAQEGR010000023.1	1180	1320		minus	Maff2 family mobile element protein		79857334	protein-coding		WP_014080223.1	46	PGS38_RS16055
NZ_JAQEGR010000023.1	1416	2312		minus	uncharacterized gene		79857335	pseudogene				PGS38_RS16060
NZ_JAQEGR010000023.1	2398	2805		minus	hypothetical protein		79857336	protein-coding		WP_442857964.1	135	PGS38_RS16065
NZ_JAQEGR010000023.1	2841	3014		minus	transposon-encoded TnpW family protein		79857337	protein-coding		WP_431603106.1	57	PGS38_RS16070
NZ_JAQEGR010000023.1	3079	3942		minus	ATP-binding protein		79857338	protein-coding		WP_118012924.1	287	PGS38_RS16075
NZ_JAQEGR010000023.1	3939	4673		minus	phage replisome organizer N-terminal domain-containing protein		79857339	protein-coding		WP_119188971.1	244	PGS38_RS16080
NZ_JAQEGR010000023.1	4787	5185		minus	cysteine-rich VLP domain-containing protein		79857340	protein-coding		WP_097780863.1	132	PGS38_RS16085
NZ_JAQEGR010000023.1	5312	5590		plus	type II toxin-antitoxin system RelB/DinJ family antitoxin		79857341	protein-coding		WP_005924829.1	92	PGS38_RS16090
NZ_JAQEGR010000023.1	5587	5877		plus	type II toxin-antitoxin system YafQ family toxin		79857342	protein-coding		WP_066085058.1	96	PGS38_RS16095
NZ_JAQEGR010000023.1	5986	7431		minus	MobQ family relaxase	mobQ	79857343	protein-coding		WP_270476427.1	481	PGS38_RS16100
NZ_JAQEGR010000023.1	7618	7908		minus	DUF3847 domain-containing protein		79857344	protein-coding		WP_110102431.1	96	PGS38_RS16105
NZ_JAQEGR010000023.1	7937	8398		minus	RNA polymerase sigma factor		79857345	protein-coding		WP_117949872.1	153	PGS38_RS16110
NZ_JAQEGR010000023.1	8409	8861		minus	RNA polymerase subunit sigma-24		79857346	protein-coding		WP_117949870.1	150	PGS38_RS16115
NZ_JAQEGR010000023.1	8965	9378		minus	RNA polymerase sigma factor		79857347	protein-coding		WP_118012932.1	137	PGS38_RS16120
NZ_JAQEGR010000023.1	9837	10751		minus	sensor histidine kinase		79857348	protein-coding		WP_014081148.1	304	PGS38_RS16125
NZ_JAQEGR010000023.1	10766	11572		minus	ABC transporter permease		79857349	protein-coding		WP_055057437.1	268	PGS38_RS16130
NZ_JAQEGR010000023.1	11565	12485		minus	ATP-binding cassette domain-containing protein		79857350	protein-coding		WP_015533989.1	306	PGS38_RS16135
NZ_JAQEGR010000023.1	12570	13235		minus	response regulator transcription factor		79857351	protein-coding		WP_014081151.1	221	PGS38_RS16140
NZ_JAQEGR010000023.1	13228	13407		minus	helix-turn-helix domain-containing protein		79857352	protein-coding		WP_117949865.1	59	PGS38_RS16145
NZ_JAQEGR010000023.1	13552	13920		plus	helix-turn-helix transcriptional regulator		79857353	protein-coding		WP_002596316.1	122	PGS38_RS16150
NZ_JAQEGR010000023.1	13948	14247		minus	hypothetical protein		79857354	protein-coding		WP_117949863.1	99	PGS38_RS16155
NZ_JAQEGR010000023.1	14264	14617		minus	TnpV protein		79857355	protein-coding		WP_117949861.1	117	PGS38_RS16160
NZ_JAQEGR010000023.1	14644	16524		minus	recombinase family protein		79857356	protein-coding		WP_118505233.1	626	PGS38_RS16165
NZ_JAQEGR010000023.1	16615	17568		minus	uncharacterized gene		79857357	pseudogene				PGS38_RS16170
NZ_JAQEGR010000023.1	17555	18034		minus	PcfB family protein		79857358	protein-coding		WP_330421845.1	159	PGS38_RS16175
NZ_JAQEGR010000023.1	18078	18791		minus	antirestriction protein ArdA		79857359	protein-coding		WP_117461867.1	237	PGS38_RS16180
NZ_JAQEGR010000023.1	18791	19132		minus	DUF7768 domain-containing protein		79857360	protein-coding		WP_003020223.1	113	PGS38_RS16185
NZ_JAQEGR010000023.1	19415	20860		minus	ParB/RepB/Spo0J family partition protein		79857361	protein-coding		WP_117461868.1	481	PGS38_RS16190
NZ_JAQEGR010000023.1	21325	21522		plus	helix-turn-helix domain-containing protein		79857362	protein-coding		WP_118594476.1	65	PGS38_RS16195
NZ_JAQEGR010000023.1	21561	24671		plus	UvrD-helicase domain-containing protein		79857363	protein-coding		WP_118594475.1	1036	PGS38_RS16200
NZ_JAQEGR010000023.1	24673	27336		plus	hypothetical protein		79857364	protein-coding		WP_118594474.1	887	PGS38_RS16205
NZ_JAQEGR010000023.1	27356	30709		plus	SNF2-related protein		79857365	protein-coding		WP_118594473.1	1117	PGS38_RS16210
NZ_JAQEGR010000023.1	30702	33173		plus	DEAD/DEAH box helicase		79857366	protein-coding		WP_118594472.1	823	PGS38_RS16215
NZ_JAQEGR010000023.1	33186	33959		plus	hypothetical protein		79857367	protein-coding		WP_118594471.1	257	PGS38_RS16220
NZ_JAQEGR010000023.1	33974	37075		plus	AAA family ATPase		79857368	protein-coding		WP_118594470.1	1033	PGS38_RS16225
NZ_JAQEGR010000023.1	37072	37731		plus	hypothetical protein		79857369	protein-coding		WP_118594469.1	219	PGS38_RS16230
NZ_JAQEGR010000023.1	38392	39071		plus	transposase		79857370	protein-coding		WP_270476431.1	227	PGS38_RS16235
NZ_JAQEGR010000024.1	1	620		plus	recombinase family protein		79857371	protein-coding		WP_270476432.1	206	PGS38_RS16240
NZ_JAQEGR010000024.1	631	973		plus	DUF4368 domain-containing protein		79857372	protein-coding		WP_270476433.1	113	PGS38_RS16245
NZ_JAQEGR010000024.1	1064	1147		plus	uncharacterized gene		79857373	pseudogene				PGS38_RS16250
NZ_JAQEGR010000024.1	1167	2036		plus	VirB6/TrbL-like conjugal transfer protein, CD1112 family		79857374	protein-coding		WP_118248612.1	289	PGS38_RS16255
NZ_JAQEGR010000024.1	2215	2622		plus	PrgI family protein		79857375	protein-coding		WP_076776092.1	135	PGS38_RS16260
NZ_JAQEGR010000024.1	2567	5011		plus	VirB4-like conjugal transfer ATPase, CD1110 family		79857376	protein-coding		WP_076776095.1	814	PGS38_RS16265
NZ_JAQEGR010000024.1	5008	5967		plus	DNA-methyltransferase		79857377	protein-coding		WP_076776098.1	319	PGS38_RS16270
NZ_JAQEGR010000024.1	6003	8111		plus	C40 family peptidase		79857378	protein-coding		WP_076776100.1	702	PGS38_RS16275
NZ_JAQEGR010000024.1	8143	8421		plus	DUF4315 family protein		79857379	protein-coding		WP_076776103.1	92	PGS38_RS16280
NZ_JAQEGR010000024.1	8414	9142		plus	DUF4366 domain-containing protein		79857380	protein-coding		WP_076776106.1	242	PGS38_RS16285
NZ_JAQEGR010000024.1	9139	9327		plus	hypothetical protein		79857381	protein-coding		WP_076776107.1	62	PGS38_RS16290
NZ_JAQEGR010000024.1	9343	11433		plus	DNA topoisomerase 3		79857382	protein-coding		WP_118209246.1	696	PGS38_RS16295
NZ_JAQEGR010000024.1	11673	15056		plus	YodL domain-containing protein		79857383	protein-coding		WP_118209245.1	1127	PGS38_RS16300
NZ_JAQEGR010000024.1	15060	16013		plus	hypothetical protein		79857384	protein-coding		WP_009447125.1	317	PGS38_RS16305
NZ_JAQEGR010000024.1	16016	16222		plus	transposon-transfer assisting family protein		79857385	protein-coding		WP_009447124.1	68	PGS38_RS16310
NZ_JAQEGR010000024.1	16219	16584		plus	cysteine-rich VLP domain-containing protein		79857386	protein-coding		WP_009447123.1	121	PGS38_RS16315
NZ_JAQEGR010000024.1	16757	17203		minus	HEAT repeat domain-containing protein		79857387	protein-coding		WP_009447122.1	148	PGS38_RS16320
NZ_JAQEGR010000024.1	17293	18636		minus	relaxase/mobilization nuclease domain-containing protein		79857388	protein-coding		WP_118209243.1	447	PGS38_RS16325
NZ_JAQEGR010000024.1	18597	18926		minus	plasmid mobilization protein		79857389	protein-coding		WP_002569185.1	109	PGS38_RS16330
NZ_JAQEGR010000024.1	19195	19548		minus	helix-turn-helix transcriptional regulator		79857390	protein-coding		WP_118639938.1	117	PGS38_RS16335
NZ_JAQEGR010000024.1	19933	20112		plus	cysteine-rich KTR domain-containing protein		79857391	protein-coding		WP_002588768.1	59	PGS38_RS16340
NZ_JAQEGR010000024.1	20136	21125		plus	23S rRNA (adenine(2503)-C(2))-methyltransferase RlmN	rlmN	79857392	protein-coding		WP_002569187.1	329	PGS38_RS16345
NZ_JAQEGR010000024.1	21662	22102		plus	sigma-70 family RNA polymerase sigma factor		79857393	protein-coding		WP_050636981.1	146	PGS38_RS16350
NZ_JAQEGR010000024.1	22083	22343		plus	helix-turn-helix domain-containing protein		79857394	protein-coding		WP_016289899.1	86	PGS38_RS16355
NZ_JAQEGR010000024.1	22761	22988		plus	transposon-encoded TnpW family protein		79857395	protein-coding		WP_004607973.1	75	PGS38_RS16360
NZ_JAQEGR010000024.1	23089	24765		plus	recombinase family protein		79857396	protein-coding		WP_009447114.1	558	PGS38_RS16365
NZ_JAQEGR010000024.1	24814	25005		minus	recombinase family protein		79857397	protein-coding		WP_118594704.1	63	PGS38_RS16370
NZ_JAQEGR010000024.1	25086	25388		minus	hypothetical protein		79857398	protein-coding		WP_085531218.1	100	PGS38_RS16375
NZ_JAQEGR010000024.1	25407	26696		minus	plasmid recombination protein		79857399	protein-coding		WP_117788320.1	429	PGS38_RS16380
NZ_JAQEGR010000024.1	27023	27238		minus	phosphoribosylglycinamide formyltransferase		79857400	protein-coding		WP_109258817.1	71	PGS38_RS16385
NZ_JAQEGR010000024.1	27638	29011		minus	DNA primase family protein		79857401	protein-coding		WP_227143262.1	457	PGS38_RS16390
NZ_JAQEGR010000024.1	28995	29606		minus	CHC2 zinc finger domain-containing protein		79857402	protein-coding		WP_117522847.1	203	PGS38_RS16395
NZ_JAQEGR010000024.1	29827	30930		plus	DUF6076 domain-containing protein		79857403	protein-coding		WP_117522886.1	367	PGS38_RS16400
NZ_JAQEGR010000024.1	30945	32234		plus	protein kinase family protein		79857404	protein-coding		WP_117522846.1	429	PGS38_RS16405
NZ_JAQEGR010000024.1	32266	33453		plus	sigma-70 family RNA polymerase sigma factor		79857405	protein-coding		WP_117522845.1	395	PGS38_RS16410
NZ_JAQEGR010000024.1	33531	34298		plus	ABC transporter ATP-binding protein		79857406	protein-coding		WP_033121505.1	255	PGS38_RS16415
NZ_JAQEGR010000024.1	34288	36360		plus	ABC transporter permease		79857407	protein-coding		WP_118144834.1	690	PGS38_RS16420
NZ_JAQEGR010000024.1	36380	37057		plus	response regulator transcription factor		79857408	protein-coding		WP_033121503.1	225	PGS38_RS16425
NZ_JAQEGR010000024.1	37054	38079		plus	sensor histidine kinase		79857409	protein-coding		WP_117522843.1	341	PGS38_RS16430
NZ_JAQEGR010000024.1	38132	38380		minus	DUF6061 family protein		79857410	protein-coding		WP_085531192.1	82	PGS38_RS16435
NZ_JAQEGR010000025.1	63	1016		minus	uncharacterized gene		79857411	pseudogene				PGS38_RS16440
NZ_JAQEGR010000025.1	1255	2406		minus	Gfo/Idh/MocA family protein		79857412	protein-coding		WP_117510865.1	383	PGS38_RS16445
NZ_JAQEGR010000025.1	2476	4659		minus	helix-turn-helix domain-containing protein		79857413	protein-coding		WP_117761804.1	727	PGS38_RS16450
NZ_JAQEGR010000025.1	4855	5066		plus	uncharacterized gene		79857414	pseudogene				PGS38_RS16455
NZ_JAQEGR010000025.1	5145	5528		minus	putative sulfate exporter family transporter		79857415	protein-coding		WP_117761805.1	127	PGS38_RS16460
NZ_JAQEGR010000025.1	5488	5958		plus	LysR substrate-binding domain-containing protein		79857416	protein-coding		WP_158565833.1	156	PGS38_RS16465
NZ_JAQEGR010000025.1	6524	7783		plus	IS110 family RNA-guided transposase		79857417	protein-coding		WP_117761807.1	419	PGS38_RS16470
NZ_JAQEGR010000025.1	8065	9402		plus	ABC transporter substrate-binding protein		79857418	protein-coding		WP_055222161.1	445	PGS38_RS16475
NZ_JAQEGR010000025.1	9572	10414		plus	carbohydrate ABC transporter permease		79857419	protein-coding		WP_117761808.1	280	PGS38_RS16480
NZ_JAQEGR010000025.1	10414	11250		plus	carbohydrate ABC transporter permease		79857420	protein-coding		WP_117761809.1	278	PGS38_RS16485
NZ_JAQEGR010000025.1	11398	12957		plus	response regulator transcription factor		79857421	protein-coding		WP_117761810.1	519	PGS38_RS16490
NZ_JAQEGR010000025.1	12920	14629		plus	sensor histidine kinase		79857422	protein-coding		WP_117761811.1	569	PGS38_RS16495
NZ_JAQEGR010000025.1	14626	16368		plus	extracellular solute-binding protein		79857423	protein-coding		WP_117761812.1	580	PGS38_RS16500
NZ_JAQEGR010000025.1	16389	16599		plus	uncharacterized gene		79857424	pseudogene				PGS38_RS16505
NZ_JAQEGR010000025.1	16985	18133		minus	SLC13 family permease		79857425	protein-coding		WP_118601753.1	382	PGS38_RS16510
NZ_JAQEGR010000025.1	18313	18537		plus	hypothetical protein		79857426	protein-coding		WP_055059592.1	74	PGS38_RS16515
NZ_JAQEGR010000025.1	19223	20059		plus	DUF2971 domain-containing protein		79857427	protein-coding		WP_021859841.1	278	PGS38_RS16520
NZ_JAQEGR010000025.1	20123	20641		plus	hypothetical protein		79857428	protein-coding		WP_021859842.1	172	PGS38_RS16525
NZ_JAQEGR010000025.1	20747	21490		plus	restriction endonuclease		79857429	protein-coding		WP_021859843.1	247	PGS38_RS16530
NZ_JAQEGR010000025.1	21622	22086		plus	low molecular weight protein-tyrosine-phosphatase		79857430	protein-coding		WP_118601752.1	154	PGS38_RS16535
NZ_JAQEGR010000026.1	1	770		minus	recombinase family protein		79857431	protein-coding		WP_270476434.1	256	PGS38_RS16540
NZ_JAQEGR010000026.1	771	968		minus	hypothetical protein		79857432	protein-coding		WP_002595176.1	65	PGS38_RS16545
NZ_JAQEGR010000026.1	1211	2548		minus	virulence-associated E family protein		79857433	protein-coding		WP_008394605.1	445	PGS38_RS16550
NZ_JAQEGR010000026.1	2517	3161		minus	CHC2 zinc finger domain-containing protein		79857434	protein-coding		WP_025544160.1	214	PGS38_RS16555
NZ_JAQEGR010000026.1	3228	4802		minus	MobQ family relaxase	mobQ	79857435	protein-coding		WP_118639939.1	524	PGS38_RS16560
NZ_JAQEGR010000026.1	5121	6743		minus	recombinase family protein		79857436	protein-coding		WP_032508026.1	540	PGS38_RS16565
NZ_JAQEGR010000026.1	6851	7036		minus	hypothetical protein		79857437	protein-coding		WP_004849804.1	61	PGS38_RS16570
NZ_JAQEGR010000026.1	7307	8647		minus	virulence-associated E family protein		79857438	protein-coding		WP_117994939.1	446	PGS38_RS16575
NZ_JAQEGR010000026.1	8532	9272		minus	CHC2 zinc finger domain-containing protein		79857439	protein-coding		WP_044997810.1	246	PGS38_RS16580
NZ_JAQEGR010000026.1	9320	10792		minus	MobQ family relaxase	mobQ	79857440	protein-coding		WP_072850453.1	490	PGS38_RS16585
NZ_JAQEGR010000026.1	10795	11112		minus	DUF3847 domain-containing protein		79857441	protein-coding		WP_019162597.1	105	PGS38_RS16590
NZ_JAQEGR010000026.1	11397	11600		minus	hypothetical protein		79857442	protein-coding		WP_004614949.1	67	PGS38_RS16595
NZ_JAQEGR010000026.1	11746	11970		minus	helix-turn-helix domain-containing protein		79857443	protein-coding		WP_005362423.1	74	PGS38_RS16600
NZ_JAQEGR010000026.1	12273	13313		plus	DUF6076 domain-containing protein		79857444	protein-coding		WP_024730559.1	346	PGS38_RS16605
NZ_JAQEGR010000026.1	13404	14075		plus	response regulator transcription factor		79857445	protein-coding		WP_004850543.1	223	PGS38_RS16610
NZ_JAQEGR010000026.1	14063	15172		plus	HAMP domain-containing sensor histidine kinase		79857446	protein-coding		WP_308796015.1	369	PGS38_RS16615
NZ_JAQEGR010000026.1	15234	15908		plus	ABC transporter ATP-binding protein		79857447	protein-coding		WP_004850548.1	224	PGS38_RS16620
NZ_JAQEGR010000026.1	15905	18385		plus	ABC transporter permease		79857448	protein-coding		WP_004850550.1	826	PGS38_RS16625
NZ_JAQEGR010000026.1	18520	18786		minus	helix-turn-helix transcriptional regulator		79857449	protein-coding		WP_046442306.1	88	PGS38_RS16630
NZ_JAQEGR010000026.1	19312	19608		minus	DUF3847 domain-containing protein		79857450	protein-coding		WP_005927679.1	98	PGS38_RS16635
NZ_JAQEGR010000026.1	19601	19942		minus	DeoR family transcriptional regulator		79857451	protein-coding		WP_005927681.1	113	PGS38_RS16640
NZ_JAQEGR010000026.1	19939	20127		minus	hypothetical protein		79857452	protein-coding		WP_005927683.1	62	PGS38_RS16645
NZ_JAQEGR010000027.1	305	1822		minus	McrC family protein		79857453	protein-coding		WP_118594511.1	505	PGS38_RS16650
NZ_JAQEGR010000027.1	1819	3363		minus	McrB family protein		79857454	protein-coding		WP_118594512.1	514	PGS38_RS16655
NZ_JAQEGR010000027.1	3628	4512		minus	hypothetical protein		79857455	protein-coding		WP_118594513.1	294	PGS38_RS16660
NZ_JAQEGR010000027.1	4534	4779		minus	hypothetical protein		79857456	protein-coding		WP_118594514.1	81	PGS38_RS16665
NZ_JAQEGR010000027.1	4975	6309		minus	hypothetical protein		79857457	protein-coding		WP_147398225.1	444	PGS38_RS16670
NZ_JAQEGR010000027.1	6347	6628		minus	hypothetical protein		79857458	protein-coding		WP_118594516.1	93	PGS38_RS16675
NZ_JAQEGR010000027.1	6642	6854		minus	hypothetical protein		79857459	protein-coding		WP_118594517.1	70	PGS38_RS16680
NZ_JAQEGR010000027.1	7292	8965		plus	AAA family ATPase		79857460	protein-coding		WP_118594518.1	557	PGS38_RS16685
NZ_JAQEGR010000027.1	9159	9605		minus	DUF3021 family protein		79857461	protein-coding		WP_118594519.1	148	PGS38_RS16690
NZ_JAQEGR010000027.1	9619	10056		minus	LytTR family DNA-binding domain-containing protein		79857462	protein-coding		WP_118594520.1	145	PGS38_RS16695
NZ_JAQEGR010000027.1	10115	10516		minus	aldehyde dehydrogenase family protein		98633885	protein-coding		WP_330416856.1	133	PGS38_RS17890
NZ_JAQEGR010000027.1	10534	10953		minus	aldehyde dehydrogenase family protein		98633886	protein-coding		WP_330416858.1	139	PGS38_RS17895
NZ_JAQEGR010000027.1	10956	11192		minus	hypothetical protein		98633887	protein-coding		WP_330416859.1	78	PGS38_RS17900
NZ_JAQEGR010000027.1	11283	11414		minus	LytTR family DNA-binding domain-containing protein		98633888	protein-coding		WP_117802413.1	43	PGS38_RS17905
NZ_JAQEGR010000027.1	11619	12518		minus	ABC transporter permease		79857464	protein-coding		WP_117761570.1	299	PGS38_RS16705
NZ_JAQEGR010000027.1	12515	13429		minus	ABC transporter ATP-binding protein		79857465	protein-coding		WP_117761571.1	304	PGS38_RS16710
NZ_JAQEGR010000027.1	13429	13632		minus	hypothetical protein		79857466	protein-coding		WP_147326118.1	67	PGS38_RS16715
NZ_JAQEGR010000027.1	13952	14149		minus	uncharacterized gene		79857467	pseudogene				PGS38_RS16720
NZ_JAQEGR010000027.1	14294	14434		plus	CD1871A family CXXC motif-containing protein		79857468	protein-coding		WP_020435933.1	46	PGS38_RS16725
NZ_JAQEGR010000027.1	14427	15317		plus	4Fe-4S binding protein		79857469	protein-coding		WP_118594521.1	296	PGS38_RS16730
NZ_JAQEGR010000027.1	15348	16295		plus	TlpA disulfide reductase family protein		79857470	protein-coding		WP_118594522.1	315	PGS38_RS16735
NZ_JAQEGR010000027.1	16480	18980		minus	ATP-binding protein		79857471	protein-coding		WP_270476436.1	832	PGS38_RS16740
NZ_JAQEGR010000028.1	59	406		minus	type II toxin-antitoxin system PemK/MazF family toxin		79857472	protein-coding		WP_022462572.1	115	PGS38_RS16745
NZ_JAQEGR010000028.1	599	2107		minus	bifunctional ADP-dependent NAD(P)H-hydrate dehydratase/NAD(P)H-hydrate epimerase		79857473	protein-coding		WP_022462573.1	502	PGS38_RS16750
NZ_JAQEGR010000028.1	2197	2853		minus	redox-sensing transcriptional repressor Rex		79857474	protein-coding		WP_022462574.1	218	PGS38_RS16755
NZ_JAQEGR010000028.1	3008	4933		plus	ABC-F family ATP-binding cassette domain-containing protein		79857475	protein-coding		WP_117812762.1	641	PGS38_RS16760
NZ_JAQEGR010000028.1	5032	6234		minus	NADP-dependent isocitrate dehydrogenase		79857476	protein-coding		WP_055217983.1	400	PGS38_RS16765
NZ_JAQEGR010000028.1	6400	7245		minus	S8 family peptidase		79857477	protein-coding		WP_055227885.1	281	PGS38_RS16770
NZ_JAQEGR010000028.1	7334	7507		minus	hypothetical protein		79857478	protein-coding		WP_158578914.1	57	PGS38_RS16775
NZ_JAQEGR010000028.1	7732	9099		minus	MATE family efflux transporter		79857479	protein-coding		WP_118596001.1	455	PGS38_RS16780
NZ_JAQEGR010000028.1	9223	10110		plus	LysR family transcriptional regulator		79857480	protein-coding		WP_117508979.1	295	PGS38_RS16785
NZ_JAQEGR010000028.1	10079	10573		minus	GNAT family N-acetyltransferase		79857481	protein-coding		WP_055227881.1	164	PGS38_RS16790
NZ_JAQEGR010000028.1	10652	11875		minus	M28 family metallopeptidase		79857482	protein-coding		WP_118596002.1	407	PGS38_RS16795
NZ_JAQEGR010000028.1	12018	13625		minus	spermidine synthase		79857483	protein-coding		WP_270476437.1	535	PGS38_RS16800
NZ_JAQEGR010000028.1	13677	13751		plus	DUF6783 domain-containing protein		98633889	protein-coding		WP_373141018.1	24	PGS38_RS17910
NZ_JAQEGR010000028.1	13790	14311		minus	hypothetical protein		79857484	protein-coding		WP_243037577.1	173	PGS38_RS16805
NZ_JAQEGR010000028.1	14518	16038		minus	ATP-binding cassette domain-containing protein		79857485	protein-coding		WP_270476438.1	506	PGS38_RS16810
NZ_JAQEGR010000029.1	1	327		plus	IS66 family transposase		79857486	protein-coding		WP_270476439.1	108	PGS38_RS16815
NZ_JAQEGR010000029.1	427	639		plus	transposase		98633890	protein-coding		WP_119188555.1	70	PGS38_RS17915
NZ_JAQEGR010000029.1	754	1266		plus	ImmA/IrrE family metallo-endopeptidase		79857487	protein-coding		WP_117760945.1	170	PGS38_RS16820
NZ_JAQEGR010000029.1	1260	2720		plus	NUDIX hydrolase		79857488	protein-coding		WP_173827700.1	486	PGS38_RS16825
NZ_JAQEGR010000029.1	2701	3228		plus	Pycsar system effector family protein		79857489	protein-coding		WP_117814570.1	175	PGS38_RS16830
NZ_JAQEGR010000029.1	3318	4181		plus	PDDEXK family nuclease		79857490	protein-coding		WP_117760951.1	287	PGS38_RS16835
NZ_JAQEGR010000029.1	4325	7213		plus	fucose pyrophosphorylase domain-containing protein		79857491	protein-coding		WP_118700099.1	962	PGS38_RS16840
NZ_JAQEGR010000029.1	7227	7652		plus	L-fucose mutarotase	fucU	79857492	protein-coding		WP_055228359.1	141	PGS38_RS16845
NZ_JAQEGR010000029.1	7655	8518		plus	AraC family transcriptional regulator		79857493	protein-coding		WP_118601656.1	287	PGS38_RS16850
NZ_JAQEGR010000029.1	8585	9907		minus	sugar phosphate nucleotidyltransferase		79857494	protein-coding		WP_119188553.1	440	PGS38_RS16855
NZ_JAQEGR010000029.1	9920	10861		minus	GDP-L-fucose synthase family protein		79857495	protein-coding		WP_334291844.1	313	PGS38_RS16860
NZ_JAQEGR010000029.1	10884	11927		minus	GDP-mannose 4,6-dehydratase	gmd	79857496	protein-coding		WP_119188552.1	347	PGS38_RS16865
NZ_JAQEGR010000029.1	12492	13175		plus	helix-turn-helix domain-containing protein		79857497	protein-coding		WP_119188551.1	227	PGS38_RS16870
NZ_JAQEGR010000029.1	13172	14182		plus	IS3 family transposase		79857498	protein-coding		WP_270476441.1	337	PGS38_RS16875
NZ_JAQEGR010000030.1	48	551		plus	antirestriction protein ArdA		79857499	protein-coding		WP_003417623.1	167	PGS38_RS16880
NZ_JAQEGR010000030.1	660	1058		plus	conjugal transfer protein		79857500	protein-coding		WP_003865505.1	132	PGS38_RS16885
NZ_JAQEGR010000030.1	1036	3486		plus	conjugal transfer ATPase TcpF	tcpF	79857501	protein-coding		WP_118641303.1	816	PGS38_RS16890
NZ_JAQEGR010000030.1	3486	5696		plus	CD3337/EF1877 family mobilome membrane protein		79857502	protein-coding		WP_003060083.1	736	PGS38_RS16895
NZ_JAQEGR010000030.1	5693	6700		plus	bifunctional lytic transglycosylase/C40 family peptidase		79857503	protein-coding		WP_003059774.1	335	PGS38_RS16900
NZ_JAQEGR010000030.1	6717	7628		plus	conjugal transfer protein		79857504	protein-coding		WP_003062215.1	303	PGS38_RS16905
NZ_JAQEGR010000030.1	7773	8087		plus	DUF6442 family protein		79857505	protein-coding		WP_118641305.1	104	PGS38_RS16910
NZ_JAQEGR010000030.1	8089	8298		plus	helix-turn-helix transcriptional regulator		79857506	protein-coding		WP_005342572.1	69	PGS38_RS16915
NZ_JAQEGR010000030.1	8313	8642		plus	DUF3784 domain-containing protein		79857507	protein-coding		WP_003061243.1	109	PGS38_RS16920
NZ_JAQEGR010000030.1	8658	8888		plus	hypothetical protein		79857508	protein-coding		WP_003060191.1	76	PGS38_RS16925
NZ_JAQEGR010000030.1	9055	9825		plus	ABC transporter ATP-binding protein		79857509	protein-coding		WP_118641307.1	256	PGS38_RS16930
NZ_JAQEGR010000030.1	9815	11782		plus	ABC transporter permease		79857510	protein-coding		WP_007286199.1	655	PGS38_RS16935
NZ_JAQEGR010000030.1	11841	12500		plus	response regulator transcription factor		79857511	protein-coding		WP_015517518.1	219	PGS38_RS16940
NZ_JAQEGR010000030.1	12497	13501		plus	sensor histidine kinase		79857512	protein-coding		WP_007286197.1	334	PGS38_RS16945
NZ_JAQEGR010000031.1	1	343		minus	uncharacterized gene		79857513	pseudogene				PGS38_RS16950
NZ_JAQEGR010000031.1	692	1009		minus	helix-turn-helix domain-containing protein		79857514	protein-coding		WP_117760753.1	105	PGS38_RS16955
NZ_JAQEGR010000031.1	1289	1441		minus	hypothetical protein		79857515	protein-coding		WP_330427154.1	50	PGS38_RS16960
NZ_JAQEGR010000031.1	1446	1862		minus	phage holin family protein		79857516	protein-coding		WP_118640198.1	138	PGS38_RS16965
NZ_JAQEGR010000031.1	1859	2197		minus	hypothetical protein		79857517	protein-coding		WP_330427153.1	112	PGS38_RS16970
NZ_JAQEGR010000031.1	2197	3539		minus	uncharacterized gene		79857518	pseudogene				PGS38_RS16975
NZ_JAQEGR010000031.1	3707	3988		minus	hypothetical protein		79857519	protein-coding		WP_243104838.1	93	PGS38_RS16980
NZ_JAQEGR010000031.1	4033	4941		minus	radical SAM mobile pair protein B		79857520	protein-coding		WP_118640197.1	302	PGS38_RS16985
NZ_JAQEGR010000031.1	4929	5618		minus	radical SAM mobile pair protein A		79857521	protein-coding		WP_117509300.1	229	PGS38_RS16990
NZ_JAQEGR010000031.1	5615	6052		minus	radical SAM mobile pair system MarR family transcriptional regulator		79857522	protein-coding		WP_007884694.1	145	PGS38_RS16995
NZ_JAQEGR010000031.1	6211	7221		minus	helix-turn-helix domain-containing protein		79857523	protein-coding		WP_118640196.1	336	PGS38_RS17000
NZ_JAQEGR010000031.1	7371	7559		minus	hypothetical protein		79857524	protein-coding		WP_117509428.1	62	PGS38_RS17005
NZ_JAQEGR010000031.1	7875	8222		minus	ParB N-terminal domain-containing protein		79857525	protein-coding		WP_242991115.1	115	PGS38_RS17010
NZ_JAQEGR010000031.1	8212	8909		minus	uncharacterized gene		87803062	pseudogene				PGS38_RS17610
NZ_JAQEGR010000031.1	8985	9305		minus	SymE family type I addiction module toxin		79857528	protein-coding		WP_117509302.1	106	PGS38_RS17025
NZ_JAQEGR010000031.1	9428	11182		minus	recombinase family protein		79857529	protein-coding		WP_270476442.1	584	PGS38_RS17030
NZ_JAQEGR010000031.1	11520	11705		plus	hypothetical protein		79857530	protein-coding		WP_014080774.1	61	PGS38_RS17035
NZ_JAQEGR010000031.1	11698	12306		plus	hypothetical protein		79857531	protein-coding		WP_055195104.1	202	PGS38_RS17040
NZ_JAQEGR010000032.1	281	979		plus	Crp/Fnr family transcriptional regulator		79857532	protein-coding		WP_118594459.1	232	PGS38_RS17045
NZ_JAQEGR010000032.1	1143	2231		minus	U32 family peptidase		79857533	protein-coding		WP_118594460.1	362	PGS38_RS17050
NZ_JAQEGR010000032.1	2314	3006		minus	hypothetical protein		79857534	protein-coding		WP_147398222.1	230	PGS38_RS17055
NZ_JAQEGR010000032.1	3022	4173		minus	cysteine desulfurase family protein		79857535	protein-coding		WP_118594461.1	383	PGS38_RS17060
NZ_JAQEGR010000032.1	4176	4559		minus	DNA sulfur modification protein DndE	dndE	79857536	protein-coding		WP_118594462.1	127	PGS38_RS17065
NZ_JAQEGR010000032.1	4556	6508		minus	DNA sulfur modification protein DndD	dndD	79857537	protein-coding		WP_118594463.1	650	PGS38_RS17070
NZ_JAQEGR010000032.1	6512	8011		minus	DNA phosphorothioation system sulfurtransferase DndC	dndC	79857538	protein-coding		WP_118594464.1	499	PGS38_RS17075
NZ_JAQEGR010000032.1	8022	9092		minus	DNA sulfur modification protein DndB	dndB	79857539	protein-coding		WP_118594465.1	356	PGS38_RS17080
NZ_JAQEGR010000032.1	9268	9663		plus	IS66 family insertion sequence element accessory protein TnpA	tnpA	79857540	protein-coding		WP_118594466.1	131	PGS38_RS17085
NZ_JAQEGR010000032.1	9657	10001		plus	IS66 family insertion sequence element accessory protein TnpB	tnpB	79857541	protein-coding		WP_118594467.1	114	PGS38_RS17090
NZ_JAQEGR010000032.1	10094	11710		plus	IS66 family transposase	tnpC	79857542	protein-coding		WP_118594468.1	538	PGS38_RS17095
NZ_JAQEGR010000033.1	87	212		minus	hypothetical protein		79857543	protein-coding		WP_007037420.1	41	PGS38_RS17100
NZ_JAQEGR010000033.1	562	957		plus	plasmid mobilization protein		79857544	protein-coding		WP_002594236.1	131	PGS38_RS17105
NZ_JAQEGR010000033.1	929	2551		plus	relaxase/mobilization nuclease domain-containing protein		79857545	protein-coding		WP_270476443.1	540	PGS38_RS17110
NZ_JAQEGR010000033.1	2736	2948		plus	hypothetical protein		79857546	protein-coding		WP_005927784.1	70	PGS38_RS17115
NZ_JAQEGR010000033.1	2938	3681		plus	phage replisome organizer N-terminal domain-containing protein		79857547	protein-coding		WP_109215853.1	247	PGS38_RS17120
NZ_JAQEGR010000033.1	3678	4535		plus	ATP-binding protein		79857548	protein-coding		WP_098924872.1	285	PGS38_RS17125
NZ_JAQEGR010000033.1	4532	4720		plus	transposon-encoded TnpW family protein		79857549	protein-coding		WP_002569233.1	62	PGS38_RS17130
NZ_JAQEGR010000033.1	4859	6442		plus	recombinase family protein		79857550	protein-coding		WP_270476444.1	527	PGS38_RS17135
NZ_JAQEGR010000033.1	6464	6526		plus	uncharacterized gene		307641384	pseudogene				PGS38_RS17940
NZ_JAQEGR010000033.1	6726	6998		plus	helix-turn-helix domain-containing protein		79857551	protein-coding		WP_002593556.1	90	PGS38_RS17140
NZ_JAQEGR010000033.1	6958	7335		plus	TnpV protein		79857552	protein-coding		WP_005927690.1	125	PGS38_RS17145
NZ_JAQEGR010000033.1	7365	8327		plus	DUF3658 domain-containing protein		79857553	protein-coding		WP_005927687.1	320	PGS38_RS17150
NZ_JAQEGR010000033.1	8389	9194		minus	uncharacterized gene		79857554	pseudogene				PGS38_RS17155
NZ_JAQEGR010000033.1	9678	9866		plus	hypothetical protein		79857555	protein-coding		WP_005927683.1	62	PGS38_RS17160
NZ_JAQEGR010000033.1	9863	10204		plus	DeoR family transcriptional regulator		79857556	protein-coding		WP_005927681.1	113	PGS38_RS17165
NZ_JAQEGR010000033.1	10197	10493		plus	DUF3847 domain-containing protein		79857557	protein-coding		WP_005927679.1	98	PGS38_RS17170
NZ_JAQEGR010000034.1	328	1878		minus	Mur ligase family protein		79857558	protein-coding		WP_055219372.1	516	PGS38_RS17175
NZ_JAQEGR010000034.1	1980	3347		minus	MATE family efflux transporter		79857559	protein-coding		WP_055219374.1	455	PGS38_RS17180
NZ_JAQEGR010000034.1	3323	3625		minus	hypothetical protein		79857560	protein-coding		WP_147326094.1	100	PGS38_RS17185
NZ_JAQEGR010000034.1	3598	4929		minus	MATE family efflux transporter		79857561	protein-coding		WP_117509215.1	443	PGS38_RS17190
NZ_JAQEGR010000034.1	5098	5715		plus	hypothetical protein		79857562	protein-coding		WP_055219376.1	205	PGS38_RS17195
NZ_JAQEGR010000034.1	5732	6910		minus	phosphopentomutase		79857563	protein-coding		WP_055219378.1	392	PGS38_RS17200
NZ_JAQEGR010000034.1	6930	8774		minus	ABC transporter ATP-binding protein		79857564	protein-coding		WP_118640235.1	614	PGS38_RS17205
NZ_JAQEGR010000034.1	8755	10494		minus	ABC transporter ATP-binding protein		79857565	protein-coding		WP_334294900.1	579	PGS38_RS17210
NZ_JAQEGR010000035.1	1	726		plus	uncharacterized gene		79857566	pseudogene				PGS38_RS17215
NZ_JAQEGR010000035.1	716	1102		plus	cysteine-rich VLP domain-containing protein		79857567	protein-coding		WP_002594234.1	128	PGS38_RS17220
NZ_JAQEGR010000035.1	1233	1973		plus	replication initiator protein A		79857568	protein-coding		WP_002594233.1	246	PGS38_RS17225
NZ_JAQEGR010000035.1	1970	2824		plus	ATP-binding protein		79857569	protein-coding		WP_002594232.1	284	PGS38_RS17230
NZ_JAQEGR010000035.1	2821	3015		plus	transposon-encoded TnpW family protein		79857570	protein-coding		WP_002594231.1	64	PGS38_RS17235
NZ_JAQEGR010000035.1	3143	4768		plus	recombinase family protein		79857571	protein-coding		WP_002594230.1	541	PGS38_RS17240
NZ_JAQEGR010000035.1	5049	5321		plus	helix-turn-helix domain-containing protein		79857572	protein-coding		WP_002592127.1	90	PGS38_RS17245
NZ_JAQEGR010000035.1	5281	5658		plus	TnpV protein		79857573	protein-coding		WP_118660730.1	125	PGS38_RS17250
NZ_JAQEGR010000035.1	5706	6272		plus	CPBP family intramembrane glutamic endopeptidase		79857574	protein-coding		WP_117762285.1	188	PGS38_RS17255
NZ_JAQEGR010000035.1	6372	7178		minus	helix-turn-helix domain-containing protein		79857575	protein-coding		WP_118660732.1	268	PGS38_RS17260
NZ_JAQEGR010000035.1	7662	7850		plus	hypothetical protein		79857576	protein-coding		WP_005929946.1	62	PGS38_RS17265
NZ_JAQEGR010000035.1	7847	8188		plus	DeoR family transcriptional regulator		79857577	protein-coding		WP_118660734.1	113	PGS38_RS17270
NZ_JAQEGR010000035.1	8181	8477		plus	DUF3847 domain-containing protein		79857578	protein-coding		WP_099357249.1	98	PGS38_RS17275
NZ_JAQEGR010000036.1	385	1722		minus	virulence-associated E family protein		79857579	protein-coding		WP_119189039.1	445	PGS38_RS17280
NZ_JAQEGR010000036.1	1691	2335		minus	CHC2 zinc finger domain-containing protein		79857580	protein-coding		WP_173827732.1	214	PGS38_RS17285
NZ_JAQEGR010000036.1	2401	3981		minus	MobQ family relaxase	mobQ	79857581	protein-coding		WP_119189038.1	526	PGS38_RS17290
NZ_JAQEGR010000036.1	4169	4336		minus	hypothetical protein		79857582	protein-coding		WP_172733540.1	55	PGS38_RS17295
NZ_JAQEGR010000036.1	4407	4628		minus	peptidase M50		79857583	protein-coding		WP_118660871.1	73	PGS38_RS17300
NZ_JAQEGR010000037.1	1	570		minus	IS66 family transposase		79857584	protein-coding		WP_416388410.1	190	PGS38_RS17305
NZ_JAQEGR010000037.1	722	1075		minus	IS66 family insertion sequence element accessory protein TnpB	tnpB	79857585	protein-coding		WP_117802758.1	117	PGS38_RS17310
NZ_JAQEGR010000037.1	1068	1409		minus	IS66 family insertion sequence element accessory protein TnpA	tnpA	79857586	protein-coding		WP_173841882.1	113	PGS38_RS17315
NZ_JAQEGR010000037.1	1564	2961		minus	ATP-binding protein		79857587	protein-coding		WP_118750638.1	465	PGS38_RS17320
NZ_JAQEGR010000037.1	3070	3249		minus	hypothetical protein		79857588	protein-coding		WP_270476447.1	59	PGS38_RS17325
NZ_JAQEGR010000038.1	452	1642		minus	site-specific integrase		79857589	protein-coding		WP_003062094.1	396	PGS38_RS17330
NZ_JAQEGR010000038.1	1720	1923		minus	excisionase		79857590	protein-coding		WP_002322728.1	67	PGS38_RS17335
NZ_JAQEGR010000038.1	2297	2551		minus	helix-turn-helix domain-containing protein		79857591	protein-coding		WP_002322727.1	84	PGS38_RS17340
NZ_JAQEGR010000038.1	2555	3078		minus	sigma-70 family RNA polymerase sigma factor		79857592	protein-coding		WP_270476448.1	173	PGS38_RS17345
NZ_JAQEGR010000039.1	254	2041		plus	helix-turn-helix domain-containing protein		79857593	protein-coding		WP_118640491.1	595	PGS38_RS17350
NZ_JAQEGR010000039.1	2169	2789		plus	hypothetical protein		79857594	protein-coding		WP_055268443.1	206	PGS38_RS17355
NZ_JAQEGR010000040.1	119	472		plus	IS66 family insertion sequence element accessory protein TnpA	tnpA	79857595	protein-coding		WP_118640492.1	117	PGS38_RS17360
NZ_JAQEGR010000040.1	465	821		plus	IS66 family insertion sequence element accessory protein TnpB	tnpB	79857596	protein-coding		WP_118640493.1	118	PGS38_RS17365
NZ_JAQEGR010000040.1	926	2578		plus	IS66 family transposase	tnpC	79857597	protein-coding		WP_118640494.1	550	PGS38_RS17370
NZ_JAQEGR010000041.1	113	526		plus	IS66 family insertion sequence element accessory protein TnpA	tnpA	79857598	protein-coding		WP_055228349.1	137	PGS38_RS17375
NZ_JAQEGR010000041.1	520	864		plus	IS66 family insertion sequence element accessory protein TnpB	tnpB	79857599	protein-coding		WP_009246070.1	114	PGS38_RS17380
NZ_JAQEGR010000041.1	1035	2365		plus	IS66-like element ISRgn2 family transposase		79857600	protein-coding		WP_270476449.1	444	PGS38_RS17385
NZ_JAQEGR010000042.1	1	1190		minus	transposase		79857601	protein-coding		WP_270476450.1	397	PGS38_RS17390
NZ_JAQEGR010000042.1	1210	1543		minus	IS200/IS605 family transposase	tnpA	79857602	protein-coding		WP_270476451.1	110	PGS38_RS17395
NZ_JAQEGR010000042.1	1554	1658		minus	uncharacterized gene		88554260	pseudogene				PGS38_RS17725
NZ_JAQEGR010000043.1	304	1515		plus	IS110 family RNA-guided transposase		79857604	protein-coding		WP_055218916.1	403	PGS38_RS17405
NZ_JAQEGR010000044.1	283	1458		plus	IS110 family RNA-guided transposase		79857605	protein-coding		WP_118595432.1	391	PGS38_RS17410
NZ_JAQEGR010000045.1	95	1101		minus	IS66 family transposase	tnpC	79857606	protein-coding		WP_118750640.1	334	PGS38_RS17415
