Accession	Begin	End	Chromosome	Orientation	Name	Symbol	Gene ID	Gene Type	Transcripts accession	Protein accession	Protein length	Locus tag
NC_012778.1	1	1356		plus	chromosomal replication initiator protein DnaA	dnaA	41354800	protein-coding		WP_012738285.1	451	EUBELI_RS00010
NC_012778.1	1658	2761		plus	DNA polymerase III subunit beta	dnaN	41354801	protein-coding		WP_012738286.1	367	EUBELI_RS00015
NC_012778.1	2779	2988		plus	RNA-binding S4 domain-containing protein		41354802	protein-coding		WP_012738287.1	69	EUBELI_RS00020
NC_012778.1	2997	4088		plus	DNA replication/repair protein RecF	recF	41354803	protein-coding		WP_012738288.1	363	EUBELI_RS00025
NC_012778.1	4124	6058		plus	DNA topoisomerase (ATP-hydrolyzing) subunit B	gyrB	41354804	protein-coding		WP_012738289.1	644	EUBELI_RS00030
NC_012778.1	6285	8804		plus	DNA gyrase subunit A	gyrA	41354805	protein-coding		WP_012738290.1	839	EUBELI_RS00035
NC_012778.1	8863	9645		plus	alpha/beta hydrolase		41354806	protein-coding		WP_012738291.1	260	EUBELI_RS00040
NC_012778.1	9623	10390		plus	alpha/beta hydrolase		41354807	protein-coding		WP_012738292.1	255	EUBELI_RS00045
NC_012778.1	10412	11254		plus	fumarate hydratase		41354808	protein-coding		WP_012738293.1	280	EUBELI_RS00050
NC_012778.1	11270	11821		plus	Fe-S-containing hydro-lyase		41354809	protein-coding		WP_012738294.1	183	EUBELI_RS00055
NC_012778.1	11908	14130		plus	Ig-like domain-containing protein		41354810	protein-coding		WP_041687851.1	740	EUBELI_RS00060
NC_012778.1	14256	14343		plus	tRNA-Ser		41354811	tRNA				EUBELI_RS00065
NC_012778.1	14546	15142		plus	sugar O-acetyltransferase		41354812	protein-coding		WP_041687852.1	198	EUBELI_RS00070
NC_012778.1	15554	17084		plus	16S ribosomal RNA		41354813	rRNA				EUBELI_RS00075
NC_012778.1	17165	17282		plus	5S ribosomal RNA	rrf	41354814	rRNA				EUBELI_RS00080
NC_012778.1	17615	20502		plus	23S ribosomal RNA		41354815	rRNA				EUBELI_RS00085
NC_012778.1	20665	20738		plus	tRNA-Asp		41354816	tRNA				EUBELI_RS00090
NC_012778.1	20792	20864		plus	tRNA-Val		41354817	tRNA				EUBELI_RS00095
NC_012778.1	20873	20944		plus	tRNA-Thr		41354818	tRNA				EUBELI_RS00100
NC_012778.1	20990	21071		plus	tRNA-Tyr		41354819	tRNA				EUBELI_RS00105
NC_012778.1	21121	21194		plus	tRNA-Met		41354820	tRNA				EUBELI_RS00110
NC_012778.1	21199	21271		plus	tRNA-Phe		41354821	tRNA				EUBELI_RS00115
NC_012778.1	21364	22404		plus	L,D-transpeptidase family protein		41354822	protein-coding		WP_012738297.1	346	EUBELI_RS00120
NC_012778.1	22425	23828		plus	aminotransferase class I/II-fold pyridoxal phosphate-dependent enzyme		41354823	protein-coding		WP_012738298.1	467	EUBELI_RS00125
NC_012778.1	23816	24418		plus	nucleoside/nucleotide kinase family protein		41354824	protein-coding		WP_012738299.1	200	EUBELI_RS00130
NC_012778.1	24408	24848		plus	YaaR family protein		41354825	protein-coding		WP_012738300.1	146	EUBELI_RS00135
NC_012778.1	24900	25895		plus	DNA polymerase III subunit		41354826	protein-coding		WP_012738301.1	331	EUBELI_RS00140
NC_012778.1	25910	26824		plus	PSP1 domain-containing protein		41354827	protein-coding		WP_012738302.1	304	EUBELI_RS00145
NC_012778.1	26817	27536		plus	tRNA1(Val) (adenine(37)-N6)-methyltransferase		41354828	protein-coding		WP_012738303.1	239	EUBELI_RS00150
NC_012778.1	27550	28428		plus	16S rRNA (cytidine(1402)-2'-O)-methyltransferase	rsmI	41354829	protein-coding		WP_012738304.1	292	EUBELI_RS00155
NC_012778.1	28433	29050		minus	TetR/AcrR family transcriptional regulator		41354830	protein-coding		WP_041687853.1	205	EUBELI_RS00160
NC_012778.1	29452	31542		plus	efflux RND transporter permease subunit		41354831	protein-coding		WP_012738306.1	696	EUBELI_RS00165
NC_012778.1	31559	33943		plus	hypothetical protein		41354832	protein-coding		WP_012738307.1	794	EUBELI_RS00170
NC_012778.1	34209	35549		plus	ATP-binding protein		41354833	protein-coding		WP_012738308.1	446	EUBELI_RS00175
NC_012778.1	35595	35753		minus	hypothetical protein		44154947	protein-coding		WP_012738309.1	52	EUBELI_RS14300
NC_012778.1	35784	36221		minus	MarR family winged helix-turn-helix transcriptional regulator		41354834	protein-coding		WP_012738310.1	145	EUBELI_RS00180
NC_012778.1	36381	37394		plus	sugar kinase		41354835	protein-coding		WP_022099174.1	337	EUBELI_RS00185
NC_012778.1	37455	38846		plus	sodium:proton antiporter		41354836	protein-coding		WP_049777825.1	463	EUBELI_RS00190
NC_012778.1	38863	39846		plus	cytidylate kinase-like family protein		41354837	protein-coding		WP_012738313.1	327	EUBELI_RS00195
NC_012778.1	40236	43433		plus	isoleucine--tRNA ligase	ileS	41354838	protein-coding		WP_041688344.1	1065	EUBELI_RS00200
NC_012778.1	43952	44437		plus	DUF2500 domain-containing protein		41354839	protein-coding		WP_012738315.1	161	EUBELI_RS00205
NC_012778.1	44527	45897		plus	hypothetical protein		41354840	protein-coding		WP_012738316.1	456	EUBELI_RS00210
NC_012778.1	45905	48001		plus	ABC transporter permease		41354841	protein-coding		WP_012738317.1	698	EUBELI_RS00215
NC_012778.1	48156	50630		plus	glycogen/starch/alpha-glucan phosphorylase		41354842	protein-coding		WP_012738318.1	824	EUBELI_RS00220
NC_012778.1	50772	51575		plus	M23 family metallopeptidase		41357359	protein-coding		WP_012738319.1	267	EUBELI_RS13455
NC_012778.1	51576	51755		plus	hypothetical protein		41354843	protein-coding		WP_012738320.1	59	EUBELI_RS00230
NC_012778.1	51756	52406		minus	PAQR family membrane homeostasis protein TrhA	trhA	41354844	protein-coding		WP_041688348.1	216	EUBELI_RS00235
NC_012778.1	52646	53446		plus	tRNA threonylcarbamoyladenosine dehydratase		41354845	protein-coding		WP_012738322.1	266	EUBELI_RS00240
NC_012778.1	53554	54492		plus	cysteine synthase A	cysK	41354846	protein-coding		WP_012738323.1	312	EUBELI_RS00245
NC_012778.1	54546	56126		minus	glucose-6-phosphate isomerase		41354847	protein-coding		WP_012738324.1	526	EUBELI_RS00250
NC_012778.1	56296	56844		minus	ferritin family protein		41354848	protein-coding		WP_041687854.1	182	EUBELI_RS00255
NC_012778.1	57013	57414		minus	Fur family transcriptional regulator		41354849	protein-coding		WP_012738326.1	133	EUBELI_RS00260
NC_012778.1	57433	58497		minus	undecaprenyldiphospho-muramoylpentapeptide beta-N-acetylglucosaminyltransferase		41354850	protein-coding		WP_012738327.1	354	EUBELI_RS00265
NC_012778.1	58550	59353		minus	radical SAM/SPASM domain-containing protein		41354851	protein-coding		WP_041687855.1	267	EUBELI_RS00270
NC_012778.1	59346	59594		minus	TIGR03905 family TSCPD domain-containing protein		41354852	protein-coding		WP_012738329.1	82	EUBELI_RS00275
NC_012778.1	59778	60470		plus	5'-methylthioadenosine/adenosylhomocysteine nucleosidase		41354853	protein-coding		WP_012738330.1	230	EUBELI_RS00280
NC_012778.1	60549	60743		plus	hypothetical protein		41354854	protein-coding		WP_022099195.1	64	EUBELI_RS00285
NC_012778.1	60777	61739		plus	D-2-hydroxyacid dehydrogenase		41354855	protein-coding		WP_012738332.1	320	EUBELI_RS00290
NC_012778.1	61838	62110		minus	hypothetical protein		41354856	protein-coding		WP_012738333.1	90	EUBELI_RS00295
NC_012778.1	62112	62558		minus	D-aminoacyl-tRNA deacylase	dtd	41354857	protein-coding		WP_012738334.1	148	EUBELI_RS00300
NC_012778.1	62962	64191		plus	6-phosphofructokinase		41354858	protein-coding		WP_041687856.1	409	EUBELI_RS00305
NC_012778.1	64332	64787		plus	MarR family winged helix-turn-helix transcriptional regulator		41354859	protein-coding		WP_012738336.1	151	EUBELI_RS00310
NC_012778.1	64781	66526		plus	ABC transporter ATP-binding protein		41354860	protein-coding		WP_012738337.1	581	EUBELI_RS00315
NC_012778.1	66537	68435		plus	ABC transporter ATP-binding protein		41354861	protein-coding		WP_012738338.1	632	EUBELI_RS00320
NC_012778.1	68499	69722		minus	6-phosphofructokinase		41354862	protein-coding		WP_012738339.1	407	EUBELI_RS00325
NC_012778.1	69894	70589		plus	HD domain-containing protein		60809661	protein-coding		WP_012738340.1	231	EUBELI_RS14530
NC_012778.1	70586	71278		plus	NUDIX domain-containing protein		41354864	protein-coding		WP_012738341.1	230	EUBELI_RS00335
NC_012778.1	71275	71898		plus	flavin reductase family protein		41354865	protein-coding		WP_012738342.1	207	EUBELI_RS00340
NC_012778.1	72002	73534		plus	peptidoglycan DD-metalloendopeptidase family protein		41357360	protein-coding		WP_049777827.1	510	EUBELI_RS13460
NC_012778.1	73740	75035		plus	UDP-N-acetylglucosamine 1-carboxyvinyltransferase		41354866	protein-coding		WP_012738344.1	431	EUBELI_RS00350
NC_012778.1	75157	76665		plus	sensor histidine kinase		41354867	protein-coding		WP_012738345.1	502	EUBELI_RS00355
NC_012778.1	76692	77381		plus	response regulator transcription factor		41354868	protein-coding		WP_041687857.1	229	EUBELI_RS00360
NC_012778.1	77510	78187		minus	RluA family pseudouridine synthase		41354869	protein-coding		WP_012738347.1	225	EUBELI_RS00365
NC_012778.1	78320	79390		plus	AI-2E family transporter		41354870	protein-coding		WP_012738348.1	356	EUBELI_RS00370
NC_012778.1	79484	80923		plus	proline--tRNA ligase	proS	41354871	protein-coding		WP_012738349.1	479	EUBELI_RS00375
NC_012778.1	81001	82254		minus	CCA tRNA nucleotidyltransferase		41354872	protein-coding		WP_012738350.1	417	EUBELI_RS00380
NC_012778.1	82456	83577		plus	protein kinase family protein		41354873	protein-coding		WP_012738352.1	373	EUBELI_RS00385
NC_012778.1	83624	85012		plus	PEGA domain-containing protein		41354874	protein-coding		WP_165437528.1	462	EUBELI_RS00390
NC_012778.1	85018	86208		plus	DegT/DnrJ/EryC1/StrS family aminotransferase		41354875	protein-coding		WP_012738354.1	396	EUBELI_RS00395
NC_012778.1	86251	86970		plus	sugar transferase		41354876	protein-coding		WP_012738355.1	239	EUBELI_RS00400
NC_012778.1	86978	88033		plus	glycosyltransferase family 2 protein		41354877	protein-coding		WP_012738356.1	351	EUBELI_RS00405
NC_012778.1	88033	89898		plus	polysaccharide biosynthesis protein		41354878	protein-coding		WP_012738357.1	621	EUBELI_RS00410
NC_012778.1	89942	91252		plus	hypothetical protein		41354879	protein-coding		WP_012738358.1	436	EUBELI_RS00415
NC_012778.1	91277	91888		minus	dTDP-4-dehydrorhamnose 3,5-epimerase	rfbC	41354880	protein-coding		WP_012738359.1	203	EUBELI_RS00420
NC_012778.1	91910	92827		minus	dTDP-4-dehydrorhamnose reductase	rfbD	41354881	protein-coding		WP_012738360.1	305	EUBELI_RS00425
NC_012778.1	92859	93878		minus	dTDP-glucose 4,6-dehydratase	rfbB	41354882	protein-coding		WP_012738361.1	339	EUBELI_RS00430
NC_012778.1	93944	94843		minus	glucose-1-phosphate thymidylyltransferase RfbA	rfbA	41354883	protein-coding		WP_012738362.1	299	EUBELI_RS00435
NC_012778.1	94979	96223		plus	MerR family transcriptional regulator		41354884	protein-coding		WP_012738363.1	414	EUBELI_RS00440
NC_012778.1	96322	97479		plus	glycosyltransferase family 4 protein		41354885	protein-coding		WP_012738364.1	385	EUBELI_RS00445
NC_012778.1	97495	98787		plus	glycosyltransferase family 4 protein		41354886	protein-coding		WP_012738365.1	430	EUBELI_RS00450
NC_012778.1	98861	99946		plus	hypothetical protein		41354887	protein-coding		WP_012738366.1	361	EUBELI_RS00455
NC_012778.1	99948	101546		plus	MBOAT family O-acyltransferase		41354888	protein-coding		WP_012738367.1	532	EUBELI_RS00460
NC_012778.1	101571	102362		plus	ABC transporter permease		41354889	protein-coding		WP_012738368.1	263	EUBELI_RS00465
NC_012778.1	102385	103653		plus	ABC transporter ATP-binding protein		41354890	protein-coding		WP_012738369.1	422	EUBELI_RS00470
NC_012778.1	103670	106171		plus	glycosyltransferase family 2 protein		41354891	protein-coding		WP_012738370.1	833	EUBELI_RS00475
NC_012778.1	106187	108181		plus	glycosyltransferase family 2 protein		41354892	protein-coding		WP_012738371.1	664	EUBELI_RS00480
NC_012778.1	108210	109280		plus	mannose-1-phosphate guanylyltransferase		41354893	protein-coding		WP_022099227.1	356	EUBELI_RS00485
NC_012778.1	109333	110145		plus	glycosyltransferase family 2 protein		41354894	protein-coding		WP_012738373.1	270	EUBELI_RS00490
NC_012778.1	110155	110997		plus	LicD family protein		41354895	protein-coding		WP_012738374.1	280	EUBELI_RS00495
NC_012778.1	111007	112269		plus	lipopolysaccharide biosynthesis protein		41354896	protein-coding		WP_012738375.1	420	EUBELI_RS00500
NC_012778.1	112266	113150		plus	LicD family protein		41354897	protein-coding		WP_012738376.1	294	EUBELI_RS00505
NC_012778.1	113175	113876		plus	glycosyltransferase family 2 protein		41354898	protein-coding		WP_022099228.1	233	EUBELI_RS00510
NC_012778.1	113873	114241		plus	DUF2304 domain-containing protein		41354899	protein-coding		WP_012738378.1	122	EUBELI_RS00515
NC_012778.1	114263	116029		plus	DUF2142 domain-containing protein		41354900	protein-coding		WP_012738379.1	588	EUBELI_RS00520
NC_012778.1	116083	117747		plus	sulfatase-like hydrolase/transferase		41354901	protein-coding		WP_012738380.1	554	EUBELI_RS00525
NC_012778.1	117893	119368		plus	APC family permease		41354902	protein-coding		WP_012738381.1	491	EUBELI_RS00530
NC_012778.1	119378	120298		plus	NTP transferase domain-containing protein		41354903	protein-coding		WP_012738382.1	306	EUBELI_RS00535
NC_012778.1	120328	121899		plus	amidohydrolase		41354904	protein-coding		WP_012738383.1	523	EUBELI_RS00540
NC_012778.1	121913	123673		plus	phosphotransferase		41354905	protein-coding		WP_012738384.1	586	EUBELI_RS00545
NC_012778.1	123876	125777		plus	membrane protein insertase YidC	yidC	41354906	protein-coding		WP_012738385.1	633	EUBELI_RS00550
NC_012778.1	125800	127611		plus	aminotransferase class I/II-fold pyridoxal phosphate-dependent enzyme		41354907	protein-coding		WP_012738386.1	603	EUBELI_RS00555
NC_012778.1	127628	127846		plus	hypothetical protein		41354908	protein-coding		WP_012738387.1	72	EUBELI_RS00560
NC_012778.1	127956	128456		plus	GtrA family protein		41354909	protein-coding		WP_012738388.1	166	EUBELI_RS00565
NC_012778.1	128469	130028		plus	amino acid adenylation domain-containing protein		41354910	protein-coding		WP_012738389.1	519	EUBELI_RS00570
NC_012778.1	130030	131268		plus	diaminopimelate decarboxylase family protein		41354911	protein-coding		WP_012738390.1	412	EUBELI_RS00575
NC_012778.1	131373	131597		plus	hypothetical protein		41354912	protein-coding		WP_022097299.1	74	EUBELI_RS00580
NC_012778.1	131621	133210		plus	MBOAT family O-acyltransferase		41354913	protein-coding		WP_012738392.1	529	EUBELI_RS00585
NC_012778.1	133229	134305		plus	hypothetical protein		41354914	protein-coding		WP_012738393.1	358	EUBELI_RS00590
NC_012778.1	134295	135350		plus	hypothetical protein		41354915	protein-coding		WP_012738394.1	351	EUBELI_RS00595
NC_012778.1	135347	136396		plus	hypothetical protein		41354916	protein-coding		WP_041687858.1	349	EUBELI_RS00600
NC_012778.1	136581	136667		plus	tRNA-Leu		41354917	tRNA				EUBELI_RS00605
NC_012778.1	137064	142259		plus	right-handed parallel beta-helix repeat-containing protein		41354918	protein-coding		WP_012738396.1	1731	EUBELI_RS00610
NC_012778.1	142373	143353		plus	transglutaminase domain-containing protein		41357361	protein-coding		WP_012738397.1	326	EUBELI_RS13465
NC_012778.1	143460	146255		plus	C1 family peptidase		41357362	protein-coding		WP_012738398.1	931	EUBELI_RS13470
NC_012778.1	146347	150027		plus	pectate lyase family protein		41354919	protein-coding		WP_012738399.1	1226	EUBELI_RS00625
NC_012778.1	150147	150926		plus	DUF4422 domain-containing protein		41354920	protein-coding		WP_012738400.1	259	EUBELI_RS00630
NC_012778.1	150955	152070		plus	glycosyltransferase family 1 protein		41354921	protein-coding		WP_012738401.1	371	EUBELI_RS00635
NC_012778.1	152085	152366		plus	hypothetical protein		41357363	protein-coding		WP_012738402.1	93	EUBELI_RS13475
NC_012778.1	152453	153130		plus	galactofuranosyltransferase		41354922	protein-coding		WP_165437529.1	225	EUBELI_RS00640
NC_012778.1	153165	154382		plus	hypothetical protein		41354923	protein-coding		WP_012738404.1	405	EUBELI_RS00645
NC_012778.1	154387	155844		plus	flippase		41354924	protein-coding		WP_012738405.1	485	EUBELI_RS00650
NC_012778.1	155867	156982		plus	UDP-galactopyranose mutase	glf	41354925	protein-coding		WP_041688373.1	371	EUBELI_RS00655
NC_012778.1	157017	158012		plus	glycosyltransferase family 2 protein		41354926	protein-coding		WP_041687859.1	331	EUBELI_RS00660
NC_012778.1	158032	159114		plus	acyltransferase		41354927	protein-coding		WP_012738408.1	360	EUBELI_RS00665
NC_012778.1	159261	159629		plus	hypothetical protein		41354928	protein-coding		WP_041687860.1	122	EUBELI_RS00670
NC_012778.1	159684	159944		plus	hypothetical protein		44154948	protein-coding		WP_012738410.1	86	EUBELI_RS14305
NC_012778.1	160099	161529		plus	sugar transferase		41354929	protein-coding		WP_012738411.1	476	EUBELI_RS00680
NC_012778.1	161540	163021		plus	LCP family protein		41354930	protein-coding		WP_041687862.1	493	EUBELI_RS00685
NC_012778.1	163051	164814		plus	DUF4012 domain-containing protein		41354931	protein-coding		WP_012738413.1	587	EUBELI_RS00690
NC_012778.1	164877	165398		plus	DUF6512 family protein		41357364	protein-coding		WP_148231321.1	173	EUBELI_RS13480
NC_012778.1	165516	165884		plus	GntR family transcriptional regulator		41354932	protein-coding		WP_012738415.1	122	EUBELI_RS00700
NC_012778.1	165881	166792		plus	ABC transporter ATP-binding protein		41354933	protein-coding		WP_012738416.1	303	EUBELI_RS00705
NC_012778.1	166785	168890		plus	ABC-2 family transporter permease		41354934	protein-coding		WP_012738417.1	701	EUBELI_RS00710
NC_012778.1	169082	169336		minus	hypothetical protein		41354935	protein-coding		WP_012738418.1	84	EUBELI_RS00715
NC_012778.1	169464	170204		plus	glycosyltransferase family 2 protein		41354936	protein-coding		WP_012738419.1	246	EUBELI_RS00720
NC_012778.1	170245	172059		plus	glycoside hydrolase family 25 protein		41354937	protein-coding		WP_012738420.1	604	EUBELI_RS00725
NC_012778.1	172141	174129		plus	glycoside hydrolase family 25 protein		41357365	protein-coding		WP_012738421.1	662	EUBELI_RS13485
NC_012778.1	174215	175666		plus	hypothetical protein		41354938	protein-coding		WP_041687863.1	483	EUBELI_RS00735
NC_012778.1	175720	178092		plus	type I phosphomannose isomerase catalytic subunit		41357429	protein-coding		WP_012738423.1	790	EUBELI_RS13840
NC_012778.1	178163	178909		plus	polyprenol monophosphomannose synthase		41354939	protein-coding		WP_012738424.1	248	EUBELI_RS00745
NC_012778.1	179001	180017		plus	UDP-glucose 4-epimerase GalE	galE	41354940	protein-coding		WP_012738425.1	338	EUBELI_RS00750
NC_012778.1	180028	181380		plus	phosphoglucosamine mutase	glmM	41354941	protein-coding		WP_012738426.1	450	EUBELI_RS00755
NC_012778.1	181747	182178		plus	protease complex subunit PrcB family protein		41354942	protein-coding		WP_012738427.1	143	EUBELI_RS00760
NC_012778.1	182199	183782		plus	DUF3794 domain-containing protein		41354943	protein-coding		WP_041687864.1	527	EUBELI_RS00765
NC_012778.1	183833	184435		minus	hypothetical protein		41354944	protein-coding		WP_012738429.1	200	EUBELI_RS00770
NC_012778.1	184502	185884		minus	MATE family efflux transporter		41354945	protein-coding		WP_012738430.1	460	EUBELI_RS00775
NC_012778.1	186100	186933		plus	AraC family transcriptional regulator		41354946	protein-coding		WP_012738432.1	277	EUBELI_RS00780
NC_012778.1	187024	187890		plus	4-(cytidine 5'-diphospho)-2-C-methyl-D-erythritol kinase	ispE	41354947	protein-coding		WP_012738433.1	288	EUBELI_RS00785
NC_012778.1	187943	188611		plus	GntR family transcriptional regulator		41354948	protein-coding		WP_012738434.1	222	EUBELI_RS00790
NC_012778.1	188736	189371		plus	stage II sporulation protein R	spoIIR	41354949	protein-coding		WP_228003414.1	211	EUBELI_RS00795
NC_012778.1	189394	189885		plus	DUF1934 domain-containing protein		41354950	protein-coding		WP_049777832.1	163	EUBELI_RS00800
NC_012778.1	189914	191365		plus	nicotinate phosphoribosyltransferase		41354951	protein-coding		WP_041687865.1	483	EUBELI_RS00805
NC_012778.1	191897	192337		plus	hypothetical protein		41354952	protein-coding		WP_012738439.1	146	EUBELI_RS00815
NC_012778.1	192996	193733		minus	lysophospholipid acyltransferase family protein		41354953	protein-coding		WP_012738440.1	245	EUBELI_RS00820
NC_012778.1	193791	194819		minus	FAD:protein FMN transferase		41354954	protein-coding		WP_012738441.1	342	EUBELI_RS00825
NC_012778.1	195007	196194		plus	trigger factor	tig	41354955	protein-coding		WP_041687867.1	395	EUBELI_RS00830
NC_012778.1	196375	198039		plus	SulP family inorganic anion transporter		41354956	protein-coding		WP_041688387.1	554	EUBELI_RS00835
NC_012778.1	198046	199422		plus	MATE family efflux transporter		41354957	protein-coding		WP_012738444.1	458	EUBELI_RS00840
NC_012778.1	199729	200910		minus	methionine adenosyltransferase	metK	41354958	protein-coding		WP_041687868.1	393	EUBELI_RS00845
NC_012778.1	201317	202417		plus	HD-GYP domain-containing protein		41354959	protein-coding		WP_012738446.1	366	EUBELI_RS00850
NC_012778.1	202427	202684		minus	sporulation transcriptional regulator SpoIIID	spoIIID	41354960	protein-coding		WP_012738447.1	85	EUBELI_RS00855
NC_012778.1	202779	203477		minus	YoaK family protein		41354961	protein-coding		WP_012738448.1	232	EUBELI_RS00860
NC_012778.1	203568	205103		minus	sodium:solute symporter family protein		41354962	protein-coding		WP_118265326.1	511	EUBELI_RS00865
NC_012778.1	205249	207312		minus	carbohydrate-binding domain-containing protein		41354963	protein-coding		WP_012738450.1	687	EUBELI_RS00870
NC_012778.1	207415	208293		minus	YitT family protein		41354964	protein-coding		WP_012738451.1	292	EUBELI_RS00875
NC_012778.1	208340	208777		minus	MerR family transcriptional regulator		41354965	protein-coding		WP_012738452.1	145	EUBELI_RS00880
NC_012778.1	209084	209362		plus	hypothetical protein		41354966	protein-coding		WP_041687869.1	92	EUBELI_RS00885
NC_012778.1	209899	211089		plus	aminotransferase-like domain-containing protein		41354967	protein-coding		WP_041687870.1	396	EUBELI_RS00890
NC_012778.1	211105	212091		plus	D-isomer specific 2-hydroxyacid dehydrogenase family protein		41354968	protein-coding		WP_012738455.1	328	EUBELI_RS00895
NC_012778.1	212088	212945		minus	LysR family transcriptional regulator		41354969	protein-coding		WP_012738456.1	285	EUBELI_RS00900
NC_012778.1	213022	213936		plus	AEC family transporter		41354970	protein-coding		WP_012738457.1	304	EUBELI_RS00905
NC_012778.1	214147	215493		plus	sodium-dependent transporter		41354971	protein-coding		WP_041688393.1	448	EUBELI_RS00910
NC_012778.1	215685	215834		plus	hypothetical protein		44154949	protein-coding		WP_012738460.1	49	EUBELI_RS14310
NC_012778.1	216345	216779		plus	cupin domain-containing protein		41354972	protein-coding		WP_041687871.1	144	EUBELI_RS00915
NC_012778.1	216863	217273		plus	aldo/keto reductase		41354973	protein-coding		WP_012738463.1	136	EUBELI_RS00920
NC_012778.1	217309	218022		plus	LytR/AlgR family response regulator transcription factor		41354974	protein-coding		WP_012738464.1	237	EUBELI_RS00925
NC_012778.1	218019	219389		plus	GHKL domain-containing protein		41354975	protein-coding		WP_012738465.1	456	EUBELI_RS00930
NC_012778.1	219567	220367		plus	FlxA-like family protein		41354976	protein-coding		WP_172676012.1	266	EUBELI_RS00935
NC_012778.1	220389	221144		plus	hypothetical protein		41354977	protein-coding		WP_228003413.1	251	EUBELI_RS00940
NC_012778.1	221210	221806		plus	hypothetical protein		41354978	protein-coding		WP_012738468.1	198	EUBELI_RS00945
NC_012778.1	221834	222592		plus	hypothetical protein		41354979	protein-coding		WP_012738469.1	252	EUBELI_RS00950
NC_012778.1	222626	222844		plus	hypothetical protein		41354980	protein-coding		WP_012738470.1	72	EUBELI_RS00955
NC_012778.1	222920	223075		minus	hypothetical protein		97114066	protein-coding		WP_012738471.1	51	EUBELI_RS14955
NC_012778.1	223611	223985		plus	winged helix-turn-helix transcriptional regulator		41354981	protein-coding		WP_022097110.1	124	EUBELI_RS00960
NC_012778.1	224131	225966		plus	NAD(P)-binding protein		41354982	protein-coding		WP_041687872.1	611	EUBELI_RS00965
NC_012778.1	225960	227642		plus	NADH-dependent [FeFe] hydrogenase, group A6		41354983	protein-coding		WP_012738474.1	560	EUBELI_RS00970
NC_012778.1	228095	229309		minus	IS256 family transposase		41354984	protein-coding		WP_041687873.1	404	EUBELI_RS00975
NC_012778.1	229503	230984		plus	aminoacyl-histidine dipeptidase		41354985	protein-coding		WP_012738476.1	493	EUBELI_RS00980
NC_012778.1	231043	232218		plus	DUF819 family protein		41354986	protein-coding		WP_041687874.1	391	EUBELI_RS00985
NC_012778.1	232544	232921		plus	hypothetical protein		41354987	protein-coding		WP_041687875.1	125	EUBELI_RS00990
NC_012778.1	233025	234311		plus	DUF2971 domain-containing protein		41354988	protein-coding		WP_041687876.1	428	EUBELI_RS00995
NC_012778.1	234601	235503		plus	hypothetical protein		41354989	protein-coding		WP_012738480.1	300	EUBELI_RS01000
NC_012778.1	235737	236597		plus	FRG domain-containing protein		41354990	protein-coding		WP_012738481.1	286	EUBELI_RS01005
NC_012778.1	237193	237450		plus	hypothetical protein		41354991	protein-coding		WP_156327325.1	85	EUBELI_RS01010
NC_012778.1	237768	238820		plus	helix-turn-helix domain-containing protein		41354992	protein-coding		WP_012738483.1	350	EUBELI_RS01015
NC_012778.1	238844	239383		plus	flavodoxin family protein		41354993	protein-coding		WP_012738484.1	179	EUBELI_RS01020
NC_012778.1	239671	239778		plus	type II toxin-antitoxin system RelE/ParE family toxin		88505205	protein-coding		WP_148231323.1	35	EUBELI_RS14910
NC_012778.1	239765	240061		plus	helix-turn-helix domain-containing protein		41354994	protein-coding		WP_012738485.1	98	EUBELI_RS01025
NC_012778.1	240210	241283		plus	PBECR4 domain-containing protein		41354995	protein-coding		WP_012738486.1	357	EUBELI_RS01030
NC_012778.1	241408	242160		minus	helix-turn-helix domain-containing protein		41354996	protein-coding		WP_041687878.1	250	EUBELI_RS01035
NC_012778.1	242333	243146		plus	uncharacterized gene		41354997	pseudogene				EUBELI_RS01040
NC_012778.1	243330	244616		plus	hypothetical protein		41357366	protein-coding		WP_012738489.1	428	EUBELI_RS13490
NC_012778.1	244653	245468		plus	hypothetical protein		41354998	protein-coding		WP_012738490.1	271	EUBELI_RS01050
NC_012778.1	245862	247313		plus	hypothetical protein		41354999	protein-coding		WP_012738491.1	483	EUBELI_RS01055
NC_012778.1	247457	247915		plus	low molecular weight protein-tyrosine-phosphatase		41355000	protein-coding		WP_041687879.1	152	EUBELI_RS01060
NC_012778.1	248048	248551		minus	GNAT family N-acetyltransferase		41355001	protein-coding		WP_012738493.1	167	EUBELI_RS01065
NC_012778.1	248917	249915		plus	rod shape-determining protein	mreB	41355002	protein-coding		WP_012738495.1	332	EUBELI_RS01070
NC_012778.1	250019	250789		plus	flagellar basal-body rod protein FlgF	flgF	41355003	protein-coding		WP_012738496.1	256	EUBELI_RS01075
NC_012778.1	250829	251662		plus	flagellar hook-basal body protein		41355004	protein-coding		WP_012738497.1	277	EUBELI_RS01080
NC_012778.1	251677	252111		plus	hypothetical protein		41355005	protein-coding		WP_012738498.1	144	EUBELI_RS01085
NC_012778.1	252152	254408		plus	uncharacterized gene	recD2	41355006	pseudogene				EUBELI_RS01090
NC_012778.1	254455	255186		plus	ComF family protein		41355007	protein-coding		WP_012738501.1	243	EUBELI_RS01095
NC_012778.1	255238	255657		plus	flagellar protein		41355008	protein-coding		WP_041687880.1	139	EUBELI_RS01100
NC_012778.1	255795	256076		plus	flagellar biosynthesis anti-sigma factor FlgM	flgM	41355009	protein-coding		WP_012738503.1	93	EUBELI_RS01105
NC_012778.1	256091	256603		plus	flagellar protein FlgN		41355010	protein-coding		WP_012738504.1	170	EUBELI_RS01110
NC_012778.1	256798	258738		plus	flagellar hook-associated protein FlgK	flgK	41355011	protein-coding		WP_012738505.1	646	EUBELI_RS01115
NC_012778.1	258774	260345		plus	flagellar hook-associated protein FlgK	flgK	41355012	protein-coding		WP_012738506.1	523	EUBELI_RS01120
NC_012778.1	260361	261917		plus	flagellar hook-associated protein FlgL	flgL	41355013	protein-coding		WP_012738507.1	518	EUBELI_RS01125
NC_012778.1	261978	262433		plus	flagellar assembly protein FliW	fliW	41355014	protein-coding		WP_012738508.1	151	EUBELI_RS01130
NC_012778.1	262435	262656		plus	carbon storage regulator CsrA	csrA	41355015	protein-coding		WP_012738509.1	73	EUBELI_RS01135
NC_012778.1	262785	263237		plus	flagellar protein FlaG		41357367	protein-coding		WP_012738510.1	150	EUBELI_RS13495
NC_012778.1	263241	265355		plus	flagellar filament capping protein FliD	fliD	41355016	protein-coding		WP_012738511.1	704	EUBELI_RS01145
NC_012778.1	265404	265790		plus	flagellar export chaperone FliS	fliS	41355017	protein-coding		WP_012738512.1	128	EUBELI_RS01150
NC_012778.1	265800	266273		plus	hypothetical protein		41355018	protein-coding		WP_012738513.1	157	EUBELI_RS01155
NC_012778.1	266422	267234		plus	flagellin N-terminal helical domain-containing protein		41355019	protein-coding		WP_041687881.1	270	EUBELI_RS01160
NC_012778.1	267312	269318		plus	LicD family protein		41355020	protein-coding		WP_012738515.1	668	EUBELI_RS01165
NC_012778.1	269352	271598		plus	LicD family protein		41355021	protein-coding		WP_012738516.1	748	EUBELI_RS01170
NC_012778.1	271877	272017		plus	hypothetical protein		44154951	protein-coding		WP_012738517.1	46	EUBELI_RS14320
NC_012778.1	272485	273549		plus	hypothetical protein		41355022	protein-coding		WP_148231324.1	354	EUBELI_RS01175
NC_012778.1	273562	274842		plus	radical SAM protein		41355023	protein-coding		WP_012738519.1	426	EUBELI_RS01180
NC_012778.1	274857	275798		plus	polysaccharide pyruvyl transferase family protein		41355024	protein-coding		WP_012738520.1	313	EUBELI_RS01185
NC_012778.1	275802	277607		plus	methyltransferase domain-containing protein		41355025	protein-coding		WP_012738521.1	601	EUBELI_RS01190
NC_012778.1	277612	278712		plus	non-hydrolyzing UDP-N-acetylglucosamine 2-epimerase	wecB	41355026	protein-coding		WP_012738522.1	366	EUBELI_RS01195
NC_012778.1	278712	279803		plus	glycosyltransferase family 2 protein		41357368	protein-coding		WP_012738523.1	363	EUBELI_RS13500
NC_012778.1	279826	281193		plus	glycosyltransferase family 4 protein		41355027	protein-coding		WP_041687882.1	455	EUBELI_RS01205
NC_012778.1	281204	282133		plus	class I SAM-dependent methyltransferase		41355028	protein-coding		WP_148231325.1	309	EUBELI_RS01210
NC_012778.1	282158	284023		plus	polysaccharide biosynthesis protein		41355029	protein-coding		WP_012738526.1	621	EUBELI_RS01215
NC_012778.1	284041	285795		plus	rhamnan synthesis F family protein		41355030	protein-coding		WP_041687883.1	584	EUBELI_RS01220
NC_012778.1	285817	286449		plus	LicD family protein		71415241	protein-coding		WP_012738528.1	210	EUBELI_RS14580
NC_012778.1	286462	287217		plus	LicD family protein		41355032	protein-coding		WP_012738529.1	251	EUBELI_RS01230
NC_012778.1	287232	288359		plus	glycosyltransferase family 32 protein		41355033	protein-coding		WP_012738530.1	375	EUBELI_RS01235
NC_012778.1	288470	289507		plus	ATP-binding protein		41355034	protein-coding		WP_041687884.1	345	EUBELI_RS01240
NC_012778.1	289534	290190		plus	ribulose-phosphate 3-epimerase		41355035	protein-coding		WP_012738532.1	218	EUBELI_RS01245
NC_012778.1	290187	291659		plus	CDP-glycerol glycerophosphotransferase family protein		41355036	protein-coding		WP_012738533.1	490	EUBELI_RS01250
NC_012778.1	291669	292343		plus	IspD/TarI family cytidylyltransferase		41355037	protein-coding		WP_012738534.1	224	EUBELI_RS01255
NC_012778.1	292365	293381		plus	galactitol-1-phosphate 5-dehydrogenase		41355038	protein-coding		WP_012738535.1	338	EUBELI_RS01260
NC_012778.1	293381	294442		plus	glycosyltransferase		41355039	protein-coding		WP_012738536.1	353	EUBELI_RS01265
NC_012778.1	294550	295362		plus	flagellin N-terminal helical domain-containing protein		41355040	protein-coding		WP_012738537.1	270	EUBELI_RS01270
NC_012778.1	295454	295876		plus	hypothetical protein		41355041	protein-coding		WP_012738538.1	140	EUBELI_RS01275
NC_012778.1	295879	296544		plus	glycosyltransferase family protein		41355042	protein-coding		WP_012738539.1	221	EUBELI_RS01280
NC_012778.1	296544	297746		plus	CgeB family protein		41355043	protein-coding		WP_012738540.1	400	EUBELI_RS01285
NC_012778.1	297755	299695		plus	class I SAM-dependent methyltransferase		41357431	protein-coding		WP_012738541.1	646	EUBELI_RS13850
NC_012778.1	299711	301552		plus	CDP-glycerol glycerophosphotransferase family protein		41357369	protein-coding		WP_012738542.1	613	EUBELI_RS13505
NC_012778.1	301571	302749		minus	CgeB family protein		41355044	protein-coding		WP_041687886.1	392	EUBELI_RS01300
NC_012778.1	302878	304269		plus	class I adenylate-forming enzyme family protein		41355045	protein-coding		WP_012738544.1	463	EUBELI_RS01305
NC_012778.1	304284	305264		plus	LicD family protein		41355046	protein-coding		WP_148231326.1	326	EUBELI_RS01310
NC_012778.1	305350	305709		plus	hypothetical protein		41355047	protein-coding		WP_012738546.1	119	EUBELI_RS01315
NC_012778.1	305784	307115		minus	flagellar filament capping protein FliD	fliD	41355048	protein-coding		WP_148231327.1	443	EUBELI_RS01320
NC_012778.1	307403	307552		plus	50S ribosomal protein L33	rpmG	41355049	protein-coding		WP_012738549.1	49	EUBELI_RS01325
NC_012778.1	307575	307778		plus	preprotein translocase subunit SecE	secE	41355050	protein-coding		WP_012738550.1	67	EUBELI_RS01330
NC_012778.1	307794	308330		plus	transcription termination/antitermination protein NusG	nusG	41355051	protein-coding		WP_012738551.1	178	EUBELI_RS01335
NC_012778.1	308488	308913		plus	50S ribosomal protein L11	rplK	41355052	protein-coding		WP_021865796.1	141	EUBELI_RS01340
NC_012778.1	308986	309681		plus	50S ribosomal protein L1	rplA	41355053	protein-coding		WP_012738553.1	231	EUBELI_RS01345
NC_012778.1	309978	310481		plus	50S ribosomal protein L10	rplJ	41355054	protein-coding		WP_012738554.1	167	EUBELI_RS01350
NC_012778.1	310564	310929		plus	50S ribosomal protein L7/L12	rplL	41355055	protein-coding		WP_012738555.1	121	EUBELI_RS01355
NC_012778.1	311223	315200		plus	DNA-directed RNA polymerase subunit beta	rpoB	41355056	protein-coding		WP_012738556.1	1325	EUBELI_RS01360
NC_012778.1	315219	318836		plus	DNA-directed RNA polymerase subunit beta'	rpoC	41355057	protein-coding		WP_012738557.1	1205	EUBELI_RS01365
NC_012778.1	319055	319474		plus	30S ribosomal protein S12	rpsL	41355058	protein-coding		WP_041687887.1	139	EUBELI_RS01370
NC_012778.1	319694	320164		plus	30S ribosomal protein S7	rpsG	41355059	protein-coding		WP_012738559.1	156	EUBELI_RS01375
NC_012778.1	320189	322351		plus	elongation factor G	fusA	41355060	protein-coding		WP_012738560.1	720	EUBELI_RS01380
NC_012778.1	322473	323666		plus	elongation factor Tu	tuf	41355061	protein-coding		WP_012738561.1	397	EUBELI_RS01385
NC_012778.1	323772	324320		plus	histidine phosphatase family protein		41355062	protein-coding		WP_012738562.1	182	EUBELI_RS01390
NC_012778.1	324481	325305		plus	C39 family peptidase		41355063	protein-coding		WP_012738563.1	274	EUBELI_RS01395
NC_012778.1	325365	326705		minus	MATE family efflux transporter		41355064	protein-coding		WP_012738564.1	446	EUBELI_RS01400
NC_012778.1	326868	327380		plus	Gx transporter family protein		41355065	protein-coding		WP_022097717.1	170	EUBELI_RS01405
NC_012778.1	327396	327788		plus	NusG domain II-containing protein		41355066	protein-coding		WP_049777837.1	130	EUBELI_RS01410
NC_012778.1	327789	328679		minus	class I SAM-dependent methyltransferase		41355067	protein-coding		WP_012738567.1	296	EUBELI_RS01415
NC_012778.1	328849	331038		plus	SulP family inorganic anion transporter		41355068	protein-coding		WP_049777838.1	729	EUBELI_RS01420
NC_012778.1	331059	332879		plus	ABC-F family ATP-binding cassette domain-containing protein		41355069	protein-coding		WP_012738569.1	606	EUBELI_RS01425
NC_012778.1	332965	334287		plus	zinc ribbon domain-containing protein		41355070	protein-coding		WP_012738570.1	440	EUBELI_RS01430
NC_012778.1	334649	334963		plus	30S ribosomal protein S10	rpsJ	41355071	protein-coding		WP_012738571.1	104	EUBELI_RS01435
NC_012778.1	335130	335765		plus	50S ribosomal protein L3	rplC	41355072	protein-coding		WP_012738572.1	211	EUBELI_RS01440
NC_012778.1	335794	336414		plus	50S ribosomal protein L4	rplD	41355073	protein-coding		WP_012738573.1	206	EUBELI_RS01445
NC_012778.1	336414	336713		plus	50S ribosomal protein L23	rplW	41355074	protein-coding		WP_012738574.1	99	EUBELI_RS01450
NC_012778.1	336770	337612		plus	50S ribosomal protein L2	rplB	41355075	protein-coding		WP_022097711.1	280	EUBELI_RS01455
NC_012778.1	337669	337944		plus	30S ribosomal protein S19	rpsS	41355076	protein-coding		WP_012738576.1	91	EUBELI_RS01460
NC_012778.1	337973	338359		plus	50S ribosomal protein L22	rplV	41355077	protein-coding		WP_012738577.1	128	EUBELI_RS01465
NC_012778.1	338390	339067		plus	30S ribosomal protein S3	rpsC	41355078	protein-coding		WP_012738578.1	225	EUBELI_RS01470
NC_012778.1	339067	339504		plus	50S ribosomal protein L16	rplP	41355079	protein-coding		WP_012738579.1	145	EUBELI_RS01475
NC_012778.1	339494	339694		plus	50S ribosomal protein L29	rpmC	41355080	protein-coding		WP_012738580.1	66	EUBELI_RS01480
NC_012778.1	339738	339995		plus	30S ribosomal protein S17	rpsQ	41355081	protein-coding		WP_012738581.1	85	EUBELI_RS01485
NC_012778.1	340035	340403		plus	50S ribosomal protein L14	rplN	41355082	protein-coding		WP_012738582.1	122	EUBELI_RS01490
NC_012778.1	340415	340726		plus	50S ribosomal protein L24	rplX	41355083	protein-coding		WP_012738583.1	103	EUBELI_RS01495
NC_012778.1	340748	341287		plus	50S ribosomal protein L5	rplE	41355084	protein-coding		WP_022097710.1	179	EUBELI_RS01500
NC_012778.1	341305	341490		plus	type Z 30S ribosomal protein S14		41355085	protein-coding		WP_012738585.1	61	EUBELI_RS01505
NC_012778.1	341543	341944		plus	30S ribosomal protein S8	rpsH	41355086	protein-coding		WP_041687891.1	133	EUBELI_RS01510
NC_012778.1	342041	342583		plus	50S ribosomal protein L6	rplF	41355087	protein-coding		WP_022097709.1	180	EUBELI_RS01515
NC_012778.1	342601	342969		plus	50S ribosomal protein L18	rplR	41355088	protein-coding		WP_012738588.1	122	EUBELI_RS01520
NC_012778.1	342989	343498		plus	30S ribosomal protein S5	rpsE	41355089	protein-coding		WP_022097708.1	169	EUBELI_RS01525
NC_012778.1	343539	343721		plus	50S ribosomal protein L30	rpmD	41355090	protein-coding		WP_022097707.1	60	EUBELI_RS01530
NC_012778.1	343744	344184		plus	50S ribosomal protein L15	rplO	41355091	protein-coding		WP_041687892.1	146	EUBELI_RS01535
NC_012778.1	344186	345505		plus	preprotein translocase subunit SecY	secY	41355092	protein-coding		WP_012738592.1	439	EUBELI_RS01540
NC_012778.1	345626	346267		plus	adenylate kinase		41355093	protein-coding		WP_012738593.1	213	EUBELI_RS01545
NC_012778.1	346274	346543		plus	KOW domain-containing RNA-binding protein		41355094	protein-coding		WP_012738594.1	89	EUBELI_RS01550
NC_012778.1	346560	346778		plus	translation initiation factor IF-1	infA	41355095	protein-coding		WP_012738595.1	72	EUBELI_RS01555
NC_012778.1	346897	347010		plus	50S ribosomal protein L36	rpmJ	41355096	protein-coding		WP_003022746.1	37	EUBELI_RS01560
NC_012778.1	347326	347700		plus	30S ribosomal protein S13	rpsM	41355097	protein-coding		WP_012738596.1	124	EUBELI_RS01565
NC_012778.1	347734	348129		plus	30S ribosomal protein S11	rpsK	41355098	protein-coding		WP_012738597.1	131	EUBELI_RS01570
NC_012778.1	348150	348743		plus	30S ribosomal protein S4	rpsD	41355099	protein-coding		WP_012738598.1	197	EUBELI_RS01575
NC_012778.1	348801	349769		plus	DNA-directed RNA polymerase subunit alpha		41355100	protein-coding		WP_012738599.1	322	EUBELI_RS01580
NC_012778.1	349839	350375		plus	bL17 family ribosomal protein		41355101	protein-coding		WP_012738600.1	178	EUBELI_RS01585
NC_012778.1	350459	351340		plus	energy-coupling factor transporter ATPase		41355102	protein-coding		WP_041687893.1	293	EUBELI_RS01590
NC_012778.1	351321	352166		plus	energy-coupling factor transporter ATPase		41355103	protein-coding		WP_012738602.1	281	EUBELI_RS01595
NC_012778.1	352177	352986		plus	energy-coupling factor transporter transmembrane component T family protein		41355104	protein-coding		WP_022097703.1	269	EUBELI_RS01600
NC_012778.1	353050	353811		plus	tRNA pseudouridine(38-40) synthase TruA	truA	41355105	protein-coding		WP_012738604.1	253	EUBELI_RS01605
NC_012778.1	354004	354432		plus	50S ribosomal protein L13	rplM	41355106	protein-coding		WP_012738605.1	142	EUBELI_RS01610
NC_012778.1	354463	354867		plus	30S ribosomal protein S9	rpsI	41355107	protein-coding		WP_012738606.1	134	EUBELI_RS01615
NC_012778.1	355070	355846		plus	Cof-type HAD-IIB family hydrolase		41355108	protein-coding		WP_012738607.1	258	EUBELI_RS01620
NC_012778.1	355920	357938		minus	hypothetical protein		41355109	protein-coding		WP_041687896.1	672	EUBELI_RS01625
NC_012778.1	357969	358790		minus	AraC family transcriptional regulator		41355110	protein-coding		WP_012738609.1	273	EUBELI_RS01630
NC_012778.1	359000	361882		plus	hypothetical protein		41355111	protein-coding		WP_012738610.1	960	EUBELI_RS01635
NC_012778.1	362038	363078		plus	FAD:protein FMN transferase		41355112	protein-coding		WP_012738611.1	346	EUBELI_RS01640
NC_012778.1	363226	364638		plus	FMN-binding protein		41357370	protein-coding		WP_012738612.1	470	EUBELI_RS13510
NC_012778.1	364728	366185		plus	penicillin-binding Tp47 domain C-containing protein		41355113	protein-coding		WP_012738613.1	485	EUBELI_RS01650
NC_012778.1	366279	367028		minus	DUF4097 family beta strand repeat-containing protein		41355114	protein-coding		WP_012738614.1	249	EUBELI_RS01655
NC_012778.1	367031	368011		minus	permease prefix domain 1-containing protein		41355115	protein-coding		WP_012738615.1	326	EUBELI_RS01660
NC_012778.1	368015	368353		minus	PadR family transcriptional regulator		41355116	protein-coding		WP_012738616.1	112	EUBELI_RS01665
NC_012778.1	368569	369483		minus	amidohydrolase family protein		41355117	protein-coding		WP_041687897.1	304	EUBELI_RS01670
NC_012778.1	369509	370732		minus	serine/threonine transporter SstT	sstT	41355118	protein-coding		WP_012738618.1	407	EUBELI_RS01675
NC_012778.1	370865	371983		plus	SLC13 family permease		41355119	protein-coding		WP_012738619.1	372	EUBELI_RS01680
NC_012778.1	372021	373583		plus	hypothetical protein		41355120	protein-coding		WP_012738620.1	520	EUBELI_RS01685
NC_012778.1	373570	374382		plus	TPM domain-containing protein		41355121	protein-coding		WP_012738621.1	270	EUBELI_RS01690
NC_012778.1	374414	375766		plus	AAA family ATPase		41355122	protein-coding		WP_012738622.1	450	EUBELI_RS01695
NC_012778.1	376127	376663		plus	histidine phosphatase family protein		41355123	protein-coding		WP_012738623.1	178	EUBELI_RS01700
NC_012778.1	377224	378651		plus	hypothetical protein		41355124	protein-coding		WP_041687898.1	475	EUBELI_RS01705
NC_012778.1	378664	379995		plus	M18 family aminopeptidase		41355125	protein-coding		WP_012738625.1	443	EUBELI_RS01710
NC_012778.1	380012	381031		plus	tRNA dihydrouridine synthase		41355126	protein-coding		WP_041687899.1	339	EUBELI_RS01715
NC_012778.1	381054	381818		minus	SDR family NAD(P)-dependent oxidoreductase		41355127	protein-coding		WP_012738627.1	254	EUBELI_RS01720
NC_012778.1	382455	383006		plus	YcxB family protein		41355128	protein-coding		WP_012738628.1	183	EUBELI_RS01725
NC_012778.1	383088	384461		plus	citrate/2-methylcitrate synthase		41355129	protein-coding		WP_041687900.1	457	EUBELI_RS01730
NC_012778.1	384487	385782		plus	3-phosphoshikimate 1-carboxyvinyltransferase	aroA	41355130	protein-coding		WP_012738630.1	431	EUBELI_RS01735
NC_012778.1	385779	386960		plus	CgeB family protein		41355131	protein-coding		WP_012738631.1	393	EUBELI_RS01740
NC_012778.1	387098	387991		plus	hypothetical protein		41355132	protein-coding		WP_012738632.1	297	EUBELI_RS01745
NC_012778.1	388072	389505		minus	serine hydrolase domain-containing protein		41355133	protein-coding		WP_012738633.1	477	EUBELI_RS01750
NC_012778.1	389666	390835		plus	cation diffusion facilitator family transporter		41355134	protein-coding		WP_041687901.1	389	EUBELI_RS01755
NC_012778.1	390836	391567		minus	elongation factor P 5-aminopentanone reductase	ymfI	41355135	protein-coding		WP_041687903.1	243	EUBELI_RS01760
NC_012778.1	392183	392710		plus	ribosome hibernation-promoting factor, HPF/YfiA family	hpf	41355136	protein-coding		WP_012738636.1	175	EUBELI_RS01765
NC_012778.1	392905	395472		plus	preprotein translocase subunit SecA	secA	41355137	protein-coding		WP_041687905.1	855	EUBELI_RS01770
NC_012778.1	395545	396663		plus	peptide chain release factor 2	prfB	41355138	protein-coding		WP_012738638.1	372	EUBELI_RS01775
NC_012778.1	396713	397213		plus	chemotaxis protein CheW		41355139	protein-coding		WP_012738639.1	166	EUBELI_RS01780
NC_012778.1	397206	398822		plus	4-alpha-glucanotransferase	malQ	41355140	protein-coding		WP_012738640.1	538	EUBELI_RS01785
NC_012778.1	399114	399905		plus	CAP domain-containing protein		41355141	protein-coding		WP_041687907.1	263	EUBELI_RS01790
NC_012778.1	400314	400763		plus	ACT domain-containing protein		41355142	protein-coding		WP_012738642.1	149	EUBELI_RS01795
NC_012778.1	400796	402013		plus	homoserine dehydrogenase		41355143	protein-coding		WP_012738643.1	405	EUBELI_RS01800
NC_012778.1	402035	403351		plus	aspartate kinase		41355144	protein-coding		WP_012738644.1	438	EUBELI_RS01805
NC_012778.1	403376	403846		plus	hypothetical protein		41355145	protein-coding		WP_049777843.1	156	EUBELI_RS01810
NC_012778.1	403962	406253		plus	Tex family protein		41355146	protein-coding		WP_012738646.1	763	EUBELI_RS01815
NC_012778.1	406266	406799		plus	YcxB family protein		41357371	protein-coding		WP_012738647.1	177	EUBELI_RS13515
NC_012778.1	406819	407250		plus	tRNA (adenosine(37)-N6)-threonylcarbamoyltransferase complex ATPase subunit type 1 TsaE	tsaE	41355147	protein-coding		WP_012738648.1	143	EUBELI_RS01825
NC_012778.1	407247	407948		plus	tRNA (adenosine(37)-N6)-threonylcarbamoyltransferase complex dimerization subunit type 1 TsaB	tsaB	41355148	protein-coding		WP_012738649.1	233	EUBELI_RS01830
NC_012778.1	407938	408387		plus	ribosomal protein S18-alanine N-acetyltransferase	rimI	41355149	protein-coding		WP_012738650.1	149	EUBELI_RS01835
NC_012778.1	408443	409357		plus	ribonuclease Z		41355150	protein-coding		WP_012738651.1	304	EUBELI_RS01840
NC_012778.1	409361	409948		plus	DUF6715 family protein		41357372	protein-coding		WP_012738652.1	195	EUBELI_RS13520
NC_012778.1	409959	410990		plus	tRNA (adenosine(37)-N6)-threonylcarbamoyltransferase complex transferase subunit TsaD	tsaD	41355151	protein-coding		WP_041687908.1	343	EUBELI_RS01850
NC_012778.1	410990	411673		plus	2-C-methyl-D-erythritol 4-phosphate cytidylyltransferase	ispD	41355152	protein-coding		WP_012738654.1	227	EUBELI_RS01855
NC_012778.1	411731	412435		plus	hypothetical protein		41355153	protein-coding		WP_012738655.1	234	EUBELI_RS01860
NC_012778.1	412675	412760		plus	tRNA-Ser		41355154	tRNA				EUBELI_RS01865
NC_012778.1	413146	414677		plus	16S ribosomal RNA		41355155	rRNA				EUBELI_RS01870
NC_012778.1	414839	414956		plus	5S ribosomal RNA	rrf	41355156	rRNA				EUBELI_RS01875
NC_012778.1	414964	415037		plus	tRNA-Ile		41355157	tRNA				EUBELI_RS01880
NC_012778.1	415131	415203		plus	tRNA-Ala		41355158	tRNA				EUBELI_RS01885
NC_012778.1	415438	418324		plus	23S ribosomal RNA		41355159	rRNA				EUBELI_RS01890
NC_012778.1	418435	418506		plus	tRNA-Asn		41355160	tRNA				EUBELI_RS01895
NC_012778.1	418570	418641		plus	tRNA-Glu		41355161	tRNA				EUBELI_RS01900
NC_012778.1	418672	418743		plus	tRNA-Thr		41355162	tRNA				EUBELI_RS01905
NC_012778.1	418748	418821		plus	tRNA-Ile		41355163	tRNA				EUBELI_RS01910
NC_012778.1	418839	418912		plus	tRNA-Asp		41355164	tRNA				EUBELI_RS01915
NC_012778.1	418952	419038		plus	tRNA-Leu		41355165	tRNA				EUBELI_RS01920
NC_012778.1	419062	419135		plus	tRNA-Arg		41355166	tRNA				EUBELI_RS01925
NC_012778.1	419280	419453		plus	hypothetical protein		44154952	protein-coding		WP_012738657.1	57	EUBELI_RS14325
NC_012778.1	419554	419904		plus	rhodanese-like domain-containing protein		41355167	protein-coding		WP_041687910.1	116	EUBELI_RS01930
NC_012778.1	419965	421125		plus	THUMP domain-containing class I SAM-dependent RNA methyltransferase		41355168	protein-coding		WP_012738659.1	386	EUBELI_RS01935
NC_012778.1	421128	421715		plus	XTP/dITP diphosphatase		41355169	protein-coding		WP_012738660.1	195	EUBELI_RS01940
NC_012778.1	421737	422219		plus	metallophosphoesterase family protein		41355170	protein-coding		WP_041687911.1	160	EUBELI_RS01945
NC_012778.1	422365	422439		plus	tRNA-Pro		41355171	tRNA				EUBELI_RS01950
NC_012778.1	422460	422530		plus	tRNA-Gly		41355172	tRNA				EUBELI_RS01955
NC_012778.1	422535	422608		plus	tRNA-Arg		41355173	tRNA				EUBELI_RS01960
NC_012778.1	422656	422729		plus	tRNA-His		41355174	tRNA				EUBELI_RS01965
NC_012778.1	422744	422816		plus	tRNA-Gln		41355175	tRNA				EUBELI_RS01970
NC_012778.1	422882	422954		plus	tRNA-Lys		41355176	tRNA				EUBELI_RS01975
NC_012778.1	423158	423580		plus	hypothetical protein		41355177	protein-coding		WP_041687913.1	140	EUBELI_RS01980
NC_012778.1	423610	424035		plus	hypothetical protein		41355178	protein-coding		WP_012738663.1	141	EUBELI_RS01985
NC_012778.1	424154	424807		plus	helix-turn-helix transcriptional regulator		41355179	protein-coding		WP_012738664.1	217	EUBELI_RS01990
NC_012778.1	424866	425468		plus	Type 1 glutamine amidotransferase-like domain-containing protein		41355180	protein-coding		WP_007888235.1	200	EUBELI_RS01995
NC_012778.1	425625	426476		plus	DUF5688 family protein		41355181	protein-coding		WP_012738665.1	283	EUBELI_RS02000
NC_012778.1	426486	426839		plus	hypothetical protein		41355182	protein-coding		WP_012738666.1	117	EUBELI_RS02005
NC_012778.1	426829	427293		plus	DUF1643 domain-containing protein		41355183	protein-coding		WP_012738667.1	154	EUBELI_RS02010
NC_012778.1	427407	427514		plus	uncharacterized gene		41357433	pseudogene				EUBELI_RS13860
NC_012778.1	428114	428785		plus	class I SAM-dependent methyltransferase		41355184	protein-coding		WP_118148916.1	223	EUBELI_RS02015
NC_012778.1	428900	431170		plus	GGDEF domain-containing protein		41355185	protein-coding		WP_012738671.1	756	EUBELI_RS02020
NC_012778.1	431183	432007		plus	Mrp/NBP35 family ATP-binding protein		41355186	protein-coding		WP_012738672.1	274	EUBELI_RS02025
NC_012778.1	432020	433255		plus	glycosyltransferase family protein		41355187	protein-coding		WP_012738673.1	411	EUBELI_RS02030
NC_012778.1	433396	434763		plus	MATE family efflux transporter		41355188	protein-coding		WP_012738674.1	455	EUBELI_RS02035
NC_012778.1	434851	436344		minus	flagellin N-terminal helical domain-containing protein		79984125	protein-coding		WP_012738675.1	497	EUBELI_RS14790
NC_012778.1	436474	436767		minus	carbon storage regulator		41355190	protein-coding		WP_041687916.1	97	EUBELI_RS02045
NC_012778.1	436851	437414		plus	tyrosine-type recombinase/integrase		41355191	protein-coding		WP_041687917.1	187	EUBELI_RS02050
NC_012778.1	437665	437746		plus	tRNA-Leu		41355192	tRNA				EUBELI_RS02055
NC_012778.1	437852	438721		plus	aldose 1-epimerase family protein		41355193	protein-coding		WP_041687919.1	289	EUBELI_RS02060
NC_012778.1	438794	440173		minus	aldehyde dehydrogenase		41355194	protein-coding		WP_041687921.1	459	EUBELI_RS02065
NC_012778.1	440175	441398		minus	iron-containing alcohol dehydrogenase		41355195	protein-coding		WP_012738680.1	407	EUBELI_RS02070
NC_012778.1	441471	442478		minus	polysaccharide deacetylase family protein		41355196	protein-coding		WP_228003412.1	335	EUBELI_RS02075
NC_012778.1	442548	443885		minus	CapA family protein		41355197	protein-coding		WP_012738682.1	445	EUBELI_RS02080
NC_012778.1	444076	445410		plus	type I glutamate--ammonia ligase	glnA	41355198	protein-coding		WP_012738683.1	444	EUBELI_RS02085
NC_012778.1	445455	446009		plus	ANTAR domain-containing response regulator		41355199	protein-coding		WP_012738684.1	184	EUBELI_RS02090
NC_012778.1	446057	446956		plus	diaminopimelate epimerase	dapF	41355200	protein-coding		WP_041687923.1	299	EUBELI_RS02095
NC_012778.1	446958	447587		plus	cyclodeaminase/cyclohydrolase family protein		41355201	protein-coding		WP_012738686.1	209	EUBELI_RS02100
NC_012778.1	447688	448530		plus	bifunctional 5,10-methylenetetrahydrofolate dehydrogenase/5,10-methenyltetrahydrofolate cyclohydrolase		41355202	protein-coding		WP_012738687.1	280	EUBELI_RS02105
NC_012778.1	448630	449025		plus	CidA/LrgA family protein		41355203	protein-coding		WP_012738688.1	131	EUBELI_RS02110
NC_012778.1	449018	449710		plus	LrgB family protein		41355204	protein-coding		WP_012738689.1	230	EUBELI_RS02115
NC_012778.1	449729	450304		plus	cytidylate kinase-like family protein		41355205	protein-coding		WP_012738690.1	191	EUBELI_RS02120
NC_012778.1	450321	451001		plus	FadR/GntR family transcriptional regulator		41355206	protein-coding		WP_148231329.1	226	EUBELI_RS02125
NC_012778.1	451025	451675		plus	HAD family hydrolase		41355207	protein-coding		WP_012738692.1	216	EUBELI_RS02130
NC_012778.1	451681	452634		minus	GDSL-type esterase/lipase family protein		41357373	protein-coding		WP_012738693.1	317	EUBELI_RS13525
NC_012778.1	452887	453729		plus	bacteriohemerythrin		41355208	protein-coding		WP_012738694.1	280	EUBELI_RS02140
NC_012778.1	454129	455874		plus	aspartate--tRNA ligase	aspS	41355209	protein-coding		WP_012738696.1	581	EUBELI_RS02145
NC_012778.1	456422	456718		plus	Asp-tRNA(Asn)/Glu-tRNA(Gln) amidotransferase subunit GatC	gatC	41355210	protein-coding		WP_012738698.1	98	EUBELI_RS02150
NC_012778.1	456730	458175		plus	Asp-tRNA(Asn)/Glu-tRNA(Gln) amidotransferase subunit GatA	gatA	41355211	protein-coding		WP_012738699.1	481	EUBELI_RS02155
NC_012778.1	458191	459642		plus	Asp-tRNA(Asn)/Glu-tRNA(Gln) amidotransferase subunit GatB	gatB	41355212	protein-coding		WP_012738700.1	483	EUBELI_RS02160
NC_012778.1	459675	461051		plus	glycoside hydrolase family 28 protein		41355213	protein-coding		WP_012738701.1	458	EUBELI_RS02165
NC_012778.1	461104	461472		minus	PilZ domain-containing protein		41355214	protein-coding		WP_148231330.1	122	EUBELI_RS02170
NC_012778.1	461711	462601		plus	phosphoribosylaminoimidazolesuccinocarboxamide synthase		41355215	protein-coding		WP_012738703.1	296	EUBELI_RS02175
NC_012778.1	462628	464070		plus	amidophosphoribosyltransferase	purF	41355216	protein-coding		WP_012738704.1	480	EUBELI_RS02180
NC_012778.1	464274	465650		plus	uroporphyrinogen-III C-methyltransferase	cobA	41355217	protein-coding		WP_012738705.1	458	EUBELI_RS02185
NC_012778.1	465698	466294		plus	HD domain-containing protein		41355218	protein-coding		WP_012738706.1	198	EUBELI_RS02190
NC_012778.1	466488	467090		plus	DUF4143 domain-containing protein		41355219	protein-coding		WP_408606595.1	200	EUBELI_RS02195
NC_012778.1	467087	468391		minus	sensor histidine kinase		41355220	protein-coding		WP_041687925.1	434	EUBELI_RS02200
NC_012778.1	468414	469124		minus	LytR/AlgR family response regulator transcription factor		41355221	protein-coding		WP_041687927.1	236	EUBELI_RS02205
NC_012778.1	469402	470589		plus	hypothetical protein		41355222	protein-coding		WP_012738710.1	395	EUBELI_RS02210
NC_012778.1	470586	471314		plus	hypothetical protein		41355223	protein-coding		WP_012738711.1	242	EUBELI_RS02215
NC_012778.1	471334	473292		plus	hypothetical protein		41355224	protein-coding		WP_012738712.1	652	EUBELI_RS02220
NC_012778.1	473396	474826		plus	adenylosuccinate lyase	purB	41355225	protein-coding		WP_041687929.1	476	EUBELI_RS02225
NC_012778.1	474851	475432		plus	flavodoxin family protein		41355226	protein-coding		WP_012738714.1	193	EUBELI_RS02230
NC_012778.1	475584	477002		plus	phospholipase D-like domain-containing protein		41355227	protein-coding		WP_041687931.1	472	EUBELI_RS02235
NC_012778.1	477122	477194		plus	tRNA-Val		41355228	tRNA				EUBELI_RS02240
NC_012778.1	477225	477298		plus	tRNA-Met		41355229	tRNA				EUBELI_RS02245
NC_012778.1	477510	478184		plus	DNA alkylation repair protein		41355230	protein-coding		WP_012738716.1	224	EUBELI_RS02250
NC_012778.1	478189	479526		plus	MATE family efflux transporter		41355231	protein-coding		WP_012738717.1	445	EUBELI_RS02255
NC_012778.1	479729	480598		plus	phosphate ABC transporter substrate-binding protein		41355232	protein-coding		WP_012738718.1	289	EUBELI_RS02260
NC_012778.1	480658	481626		plus	phosphate ABC transporter permease subunit PstC	pstC	41355233	protein-coding		WP_049777972.1	322	EUBELI_RS02265
NC_012778.1	481619	482479		plus	phosphate ABC transporter permease PstA	pstA	41355234	protein-coding		WP_012738720.1	286	EUBELI_RS02270
NC_012778.1	482493	483254		plus	phosphate ABC transporter ATP-binding protein PstB	pstB	41355235	protein-coding		WP_012738721.1	253	EUBELI_RS02275
NC_012778.1	483254	483922		plus	phosphate signaling complex protein PhoU	phoU	41355236	protein-coding		WP_041688448.1	222	EUBELI_RS02280
NC_012778.1	483897	484130		plus	hypothetical protein		41355237	protein-coding		WP_012738723.1	77	EUBELI_RS02285
NC_012778.1	484179	484709		plus	hypothetical protein		41355238	protein-coding		WP_041687933.1	176	EUBELI_RS02290
NC_012778.1	485149	485358		plus	sulfur carrier protein ThiS	thiS	41355239	protein-coding		WP_041687934.1	69	EUBELI_RS02295
NC_012778.1	485719	486507		plus	thiazole synthase		41355240	protein-coding		WP_012738727.1	262	EUBELI_RS02300
NC_012778.1	486633	487892		plus	2-iminoacetate synthase ThiH	thiH	41355241	protein-coding		WP_012738728.1	419	EUBELI_RS02305
NC_012778.1	487885	488499		plus	thiamine phosphate synthase		41355242	protein-coding		WP_207643831.1	204	EUBELI_RS02310
NC_012778.1	488618	490141		plus	hypothetical protein		71415244	protein-coding		WP_012738730.1	507	EUBELI_RS14595
NC_012778.1	490299	490523		plus	HPr family phosphocarrier protein		41355243	protein-coding		WP_041687936.1	74	EUBELI_RS02320
NC_012778.1	490735	492813		plus	polyphosphate kinase 1	ppk1	41355244	protein-coding		WP_041688452.1	692	EUBELI_RS02325
NC_012778.1	492838	493914		plus	6-phosphofructokinase		41355245	protein-coding		WP_012738733.1	358	EUBELI_RS02330
NC_012778.1	493961	494263		plus	hypothetical protein		41355246	protein-coding		WP_041687938.1	100	EUBELI_RS02335
NC_012778.1	494288	495136		plus	undecaprenyl-diphosphate phosphatase		41355247	protein-coding		WP_012738735.1	282	EUBELI_RS02340
NC_012778.1	495139	495741		minus	hypothetical protein		41355248	protein-coding		WP_012738736.1	200	EUBELI_RS02345
NC_012778.1	495835	496536		plus	tRNA (N6-threonylcarbamoyladenosine(37)-N6)-methyltransferase TrmO	tsaA	41355249	protein-coding		WP_041687940.1	233	EUBELI_RS02350
NC_012778.1	496636	497187		plus	2-C-methyl-D-erythritol 2,4-cyclodiphosphate synthase	ispF	41355250	protein-coding		WP_012738738.1	183	EUBELI_RS02355
NC_012778.1	497259	497933		plus	serine O-acetyltransferase	cysE	41355251	protein-coding		WP_012738739.1	224	EUBELI_RS02360
NC_012778.1	497960	499378		plus	cysteine--tRNA ligase	cysS	41355252	protein-coding		WP_012738740.1	472	EUBELI_RS02365
NC_012778.1	499363	499806		plus	Mini-ribonuclease 3		41355253	protein-coding		WP_012738741.1	147	EUBELI_RS02370
NC_012778.1	499878	500618		plus	23S rRNA (guanosine(2251)-2'-O)-methyltransferase RlmB	rlmB	41355254	protein-coding		WP_012738742.1	246	EUBELI_RS02375
NC_012778.1	500629	501240		plus	RNA polymerase sporulation sigma factor SigH	sigH	41355255	protein-coding		WP_012738743.1	203	EUBELI_RS02380
NC_012778.1	501269	501340		plus	tRNA-Thr		41355256	tRNA				EUBELI_RS02385
NC_012778.1	501383	502678		plus	adenylosuccinate synthase		41355257	protein-coding		WP_012738744.1	431	EUBELI_RS02390
NC_012778.1	502755	503402		plus	deoxyribose-phosphate aldolase	deoC	41355258	protein-coding		WP_012738745.1	215	EUBELI_RS02395
NC_012778.1	503405	503611		minus	hypothetical protein		41355259	protein-coding		WP_022098798.1	68	EUBELI_RS02400
NC_012778.1	503780	504544		plus	hypothetical protein		41355260	protein-coding		WP_041687942.1	254	EUBELI_RS02405
NC_012778.1	504577	505083		plus	SEC-C metal-binding domain-containing protein		41355261	protein-coding		WP_012738748.1	168	EUBELI_RS02410
NC_012778.1	505161	505907		plus	class I SAM-dependent DNA methyltransferase		41355262	protein-coding		WP_012738749.1	248	EUBELI_RS02415
NC_012778.1	505921	506799		plus	Hsp33 family molecular chaperone HslO	hslO	41355263	protein-coding		WP_041687944.1	292	EUBELI_RS02420
NC_012778.1	506823	507335		plus	shikimate kinase		41355264	protein-coding		WP_041687946.1	170	EUBELI_RS02425
NC_012778.1	507486	509162		plus	glutamine--tRNA ligase/YqeY domain fusion protein		41355265	protein-coding		WP_012738752.1	558	EUBELI_RS02430
NC_012778.1	509176	509907		plus	DUF2225 domain-containing protein		41355266	protein-coding		WP_012738753.1	243	EUBELI_RS02435
NC_012778.1	509931	511928		plus	LTA synthase family protein		41355267	protein-coding		WP_012738754.1	665	EUBELI_RS02440
NC_012778.1	512035	512232		plus	cold-shock protein		41355268	protein-coding		WP_041687948.1	65	EUBELI_RS02445
NC_012778.1	512397	513245		plus	YhfC family glutamic-type intramembrane protease		41355269	protein-coding		WP_041687950.1	282	EUBELI_RS02450
NC_012778.1	513238	515619		plus	HAD-IC family P-type ATPase		41355270	protein-coding		WP_012738757.1	793	EUBELI_RS02455
NC_012778.1	515635	516588		minus	ABC transporter substrate-binding protein		41355271	protein-coding		WP_228003433.1	317	EUBELI_RS02460
NC_012778.1	516818	518245		plus	methyl-accepting chemotaxis protein		41355272	protein-coding		WP_012738759.1	475	EUBELI_RS02465
NC_012778.1	518346	520007		plus	putative manganese-dependent inorganic diphosphatase		41355273	protein-coding		WP_012738760.1	553	EUBELI_RS02470
NC_012778.1	520026	520898		plus	methionyl aminopeptidase		41355274	protein-coding		WP_012738761.1	290	EUBELI_RS02475
NC_012778.1	521042	521182		plus	spore coat associated protein CotJA		41357435	protein-coding		WP_012738762.1	46	EUBELI_RS13870
NC_012778.1	521179	521457		plus	spore coat protein CotJB		41355275	protein-coding		WP_012738763.1	92	EUBELI_RS02480
NC_012778.1	521459	522058		plus	manganese catalase family protein		41355276	protein-coding		WP_012738764.1	199	EUBELI_RS02485
NC_012778.1	522128	522865		plus	DUF6062 family protein		41355277	protein-coding		WP_041687952.1	245	EUBELI_RS02490
NC_012778.1	522923	524005		minus	transglutaminase domain-containing protein		41355278	protein-coding		WP_012738766.1	360	EUBELI_RS02495
NC_012778.1	524097	524960		plus	DNA-3-methyladenine glycosylase family protein		41355279	protein-coding		WP_012738767.1	287	EUBELI_RS02500
NC_012778.1	525142	525429		plus	co-chaperone GroES		41355280	protein-coding		WP_041688456.1	95	EUBELI_RS02505
NC_012778.1	525501	527126		plus	chaperonin GroEL	groL	41355281	protein-coding		WP_012738769.1	541	EUBELI_RS02510
NC_012778.1	527207	527713		plus	DUF6106 family protein		41357374	protein-coding		WP_012738770.1	168	EUBELI_RS13535
NC_012778.1	527873	529333		plus	IMP dehydrogenase	guaB	41355282	protein-coding		WP_012738771.1	486	EUBELI_RS02520
NC_012778.1	529527	530111		plus	chemotaxis protein CheX		41355283	protein-coding		WP_012738772.1	194	EUBELI_RS02525
NC_012778.1	530126	530491		plus	response regulator		41355284	protein-coding		WP_012738773.1	121	EUBELI_RS02530
NC_012778.1	530491	531228		plus	tRNA pseudouridine(38-40) synthase TruA	truA	41355285	protein-coding		WP_012738774.1	245	EUBELI_RS02535
NC_012778.1	531250	533016		plus	arginine--tRNA ligase	argS	41355286	protein-coding		WP_012738775.1	588	EUBELI_RS02540
NC_012778.1	533029	534054		plus	glycosyltransferase family 2 protein		41355287	protein-coding		WP_012738776.1	341	EUBELI_RS02545
NC_012778.1	534079	534843		plus	2-dehydro-3-deoxy-D-gluconate 5-dehydrogenase KduD	kduD	41355288	protein-coding		WP_012738777.1	254	EUBELI_RS02550
NC_012778.1	534915	535436		minus	hypothetical protein		41355289	protein-coding		WP_148231332.1	173	EUBELI_RS02555
NC_012778.1	535620	537743		plus	sensor domain-containing protein		41355290	protein-coding		WP_228003411.1	707	EUBELI_RS02560
NC_012778.1	537740	539062		plus	dihydroorotase		41355291	protein-coding		WP_012738780.1	440	EUBELI_RS02565
NC_012778.1	539108	540031		plus	orotidine-5'-phosphate decarboxylase	pyrF	41355292	protein-coding		WP_012738781.1	307	EUBELI_RS02570
NC_012778.1	540071	540871		plus	dihydroorotate dehydrogenase electron transfer subunit		41355293	protein-coding		WP_041687955.1	266	EUBELI_RS02575
NC_012778.1	540880	541782		plus	dihydroorotate dehydrogenase		41355294	protein-coding		WP_041688464.1	300	EUBELI_RS02580
NC_012778.1	541772	542971		plus	glycosyltransferase family protein		41355295	protein-coding		WP_041687957.1	399	EUBELI_RS02585
NC_012778.1	543408	545162		minus	1-deoxy-D-xylulose-5-phosphate synthase		41355296	protein-coding		WP_012738785.1	584	EUBELI_RS02590
NC_012778.1	545813	546604		plus	SMI1/KNR4 family protein		41355297	protein-coding		WP_012738786.1	263	EUBELI_RS02595
NC_012778.1	546610	547140		plus	SMI1/KNR4 family protein		41355298	protein-coding		WP_012738787.1	176	EUBELI_RS02600
NC_012778.1	547265	547447		plus	hypothetical protein		41355299	protein-coding		WP_041687959.1	60	EUBELI_RS02605
NC_012778.1	547514	547756		plus	hypothetical protein		41355300	protein-coding		WP_148231333.1	80	EUBELI_RS02610
NC_012778.1	547815	548126		plus	hypothetical protein		41355301	protein-coding		WP_012738790.1	103	EUBELI_RS02615
NC_012778.1	548152	548652		plus	hypothetical protein		41355302	protein-coding		WP_041687961.1	166	EUBELI_RS02620
NC_012778.1	549279	549965		plus	orotate phosphoribosyltransferase	pyrE	41355303	protein-coding		WP_022097793.1	228	EUBELI_RS02625
NC_012778.1	549991	550143		plus	hypothetical protein		44154953	protein-coding		WP_022097792.1	50	EUBELI_RS14330
NC_012778.1	550194	550664		plus	VanZ family protein		41355304	protein-coding		WP_012738794.1	156	EUBELI_RS02630
NC_012778.1	550669	550983		plus	DUF6142 family protein		41355305	protein-coding		WP_012738795.1	104	EUBELI_RS02635
NC_012778.1	551012	553084		plus	aminopeptidase		41355306	protein-coding		WP_012738796.1	690	EUBELI_RS02640
NC_012778.1	553204	553704		plus	5-(carboxyamino)imidazole ribonucleotide mutase	purE	41355307	protein-coding		WP_012738797.1	166	EUBELI_RS02645
NC_012778.1	553764	554789		plus	phosphoribosylformylglycinamidine cyclo-ligase	purM	41355308	protein-coding		WP_012738798.1	341	EUBELI_RS02650
NC_012778.1	554783	555379		plus	phosphoribosylglycinamide formyltransferase	purN	41355309	protein-coding		WP_012738799.1	198	EUBELI_RS02655
NC_012778.1	555426	556700		plus	phosphoribosylamine--glycine ligase	purD	41355310	protein-coding		WP_041687963.1	424	EUBELI_RS02660
NC_012778.1	556837	558111		plus	histidine--tRNA ligase	hisS	41355311	protein-coding		WP_012738801.1	424	EUBELI_RS02665
NC_012778.1	558118	558615		minus	hypothetical protein		41357375	protein-coding		WP_012738802.1	165	EUBELI_RS13540
NC_012778.1	558733	562062		plus	PD-(D/E)XK nuclease family protein		41355312	protein-coding		WP_012738803.1	1109	EUBELI_RS02675
NC_012778.1	562022	565678		plus	helicase-exonuclease AddAB subunit AddA	addA	41355313	protein-coding		WP_041688468.1	1218	EUBELI_RS02680
NC_012778.1	565764	566024		plus	hypothetical protein		41355314	protein-coding		WP_012738805.1	86	EUBELI_RS02685
NC_012778.1	566151	567743		plus	peptide chain release factor 3		41355315	protein-coding		WP_012738806.1	530	EUBELI_RS02690
NC_012778.1	567776	569851		plus	dockerin type I domain-containing protein		41357376	protein-coding		WP_012738807.1	691	EUBELI_RS13545
NC_012778.1	569873	571468		plus	cadherin-like beta sandwich domain-containing protein		41355316	protein-coding		WP_041687965.1	531	EUBELI_RS02700
NC_012778.1	571528	572583		minus	tetratricopeptide repeat-containing glycosyltransferase family 2 protein		41355317	protein-coding		WP_012738809.1	351	EUBELI_RS02705
NC_012778.1	572703	573485		plus	hypothetical protein		41355318	protein-coding		WP_012738810.1	260	EUBELI_RS02710
NC_012778.1	573497	575959		plus	ATP-dependent DNA helicase		41355319	protein-coding		WP_041687967.1	820	EUBELI_RS02715
NC_012778.1	576083	577012		plus	hypothetical protein		41355320	protein-coding		WP_041687969.1	309	EUBELI_RS02720
NC_012778.1	577079	578500		plus	DUF342 domain-containing protein		41355321	protein-coding		WP_012738813.1	473	EUBELI_RS02725
NC_012778.1	578522	579454		plus	M14 family metallopeptidase		41355322	protein-coding		WP_012738814.1	310	EUBELI_RS02730
NC_012778.1	579454	580389		plus	M14 family metallopeptidase		41355323	protein-coding		WP_012738815.1	311	EUBELI_RS02735
NC_012778.1	580466	584218		plus	phosphoribosylformylglycinamidine synthase		41355324	protein-coding		WP_012738816.1	1250	EUBELI_RS02740
NC_012778.1	584267	584713		plus	PH domain-containing protein		41355325	protein-coding		WP_041687971.1	148	EUBELI_RS02745
NC_012778.1	584870	585166		plus	DUF2325 domain-containing protein		41355326	protein-coding		WP_012738818.1	98	EUBELI_RS02750
NC_012778.1	585207	585776		plus	DUF3793 family protein		41355327	protein-coding		WP_012738819.1	189	EUBELI_RS02755
NC_012778.1	585810	586232		plus	flavodoxin		41355328	protein-coding		WP_012738820.1	140	EUBELI_RS02760
NC_012778.1	586430	586639		plus	FeoA family protein		41355329	protein-coding		WP_022097505.1	69	EUBELI_RS02765
NC_012778.1	586693	586911		plus	FeoA family protein		41355330	protein-coding		WP_012738822.1	72	EUBELI_RS02770
NC_012778.1	587014	589518		plus	ferrous iron transporter B	feoB	41355331	protein-coding		WP_012738823.1	834	EUBELI_RS02775
NC_012778.1	589551	589688		plus	FeoB-associated Cys-rich membrane protein		41355332	protein-coding		WP_041688474.1	45	EUBELI_RS02780
NC_012778.1	589702	590130		plus	Fur family transcriptional regulator		41355333	protein-coding		WP_012738825.1	142	EUBELI_RS02785
NC_012778.1	590297	590572		plus	DUF6110 family protein		41355334	protein-coding		WP_049777859.1	91	EUBELI_RS02790
NC_012778.1	590579	592654		plus	heavy metal translocating P-type ATPase		41355335	protein-coding		WP_012738827.1	691	EUBELI_RS02795
NC_012778.1	592809	593024		plus	helix-turn-helix transcriptional regulator		41355336	protein-coding		WP_012738828.1	71	EUBELI_RS02800
NC_012778.1	593024	594316		plus	type II toxin-antitoxin system HipA family toxin		41355337	protein-coding		WP_012738829.1	430	EUBELI_RS02805
NC_012778.1	594381	595622		plus	serine hydroxymethyltransferase	glyA	41355338	protein-coding		WP_022097500.1	413	EUBELI_RS02810
NC_012778.1	595792	596586		plus	SDR family oxidoreductase UcpA	ucpA	41355339	protein-coding		WP_041687974.1	264	EUBELI_RS02815
NC_012778.1	596665	597660		plus	phosphotransferase enzyme family protein		41355340	protein-coding		WP_012738832.1	331	EUBELI_RS02820
NC_012778.1	597719	599122		plus	APC family permease		41355341	protein-coding		WP_012738833.1	467	EUBELI_RS02825
NC_012778.1	599149	599490		plus	P-II family nitrogen regulator		41355342	protein-coding		WP_012738834.1	113	EUBELI_RS02830
NC_012778.1	599900	601276		plus	PT domain-containing protein		60809662	protein-coding		WP_012738836.1	458	EUBELI_RS14535
NC_012778.1	601349	601948		plus	hypothetical protein		41355343	protein-coding		WP_041687976.1	199	EUBELI_RS02840
NC_012778.1	602040	603212		plus	AI-2E family transporter		41355344	protein-coding		WP_012738838.1	390	EUBELI_RS02845
NC_012778.1	603890	605116		minus	argininosuccinate synthase		41355345	protein-coding		WP_012738841.1	408	EUBELI_RS02850
NC_012778.1	605393	606439		plus	N-acetyl-gamma-glutamyl-phosphate reductase	argC	41355346	protein-coding		WP_012738842.1	348	EUBELI_RS02855
NC_012778.1	606463	607689		plus	bifunctional glutamate N-acetyltransferase/amino-acid acetyltransferase ArgJ	argJ	41355347	protein-coding		WP_012738843.1	408	EUBELI_RS02860
NC_012778.1	607748	608653		plus	acetylglutamate kinase	argB	41355348	protein-coding		WP_041688480.1	301	EUBELI_RS02865
NC_012778.1	608740	609921		plus	aspartate aminotransferase family protein		41355349	protein-coding		WP_041687978.1	393	EUBELI_RS02870
NC_012778.1	609939	611225		plus	sugar ABC transporter substrate-binding protein		41355350	protein-coding		WP_012738846.1	428	EUBELI_RS02875
NC_012778.1	611290	611739		plus	DMT family transporter		41355351	protein-coding		WP_012738847.1	149	EUBELI_RS02880
NC_012778.1	611794	613008		plus	class I SAM-dependent rRNA methyltransferase		41355352	protein-coding		WP_041688482.1	404	EUBELI_RS02885
NC_012778.1	613087	613644		minus	chromate transporter		41355353	protein-coding		WP_022098070.1	185	EUBELI_RS02890
NC_012778.1	613644	614201		minus	chromate transporter		41355354	protein-coding		WP_012738850.1	185	EUBELI_RS02895
NC_012778.1	614191	615084		minus	PHP domain-containing protein		41355355	protein-coding		WP_012738851.1	297	EUBELI_RS02900
NC_012778.1	615235	615822		plus	DUF1653 domain-containing protein		41355356	protein-coding		WP_012738852.1	195	EUBELI_RS02905
NC_012778.1	615969	617000		plus	D-alanine--D-alanine ligase family protein		41355357	protein-coding		WP_041687980.1	343	EUBELI_RS02910
NC_012778.1	617054	617614		plus	nitroreductase family protein		41355358	protein-coding		WP_012738854.1	186	EUBELI_RS02915
NC_012778.1	617611	619020		plus	UDP-N-acetylmuramoyl-tripeptide--D-alanyl-D-alanine ligase		41355359	protein-coding		WP_012738855.1	469	EUBELI_RS02920
NC_012778.1	619030	619356		plus	DUF5640 domain-containing protein		41355360	protein-coding		WP_012738856.1	108	EUBELI_RS02925
NC_012778.1	619513	619692		plus	hypothetical protein		41355361	protein-coding		WP_012738857.1	59	EUBELI_RS02930
NC_012778.1	619711	620748		plus	ATPase, T2SS/T4P/T4SS family		41355362	protein-coding		WP_012738858.1	345	EUBELI_RS02935
NC_012778.1	620745	622214		plus	hypothetical protein		41355363	protein-coding		WP_041687982.1	489	EUBELI_RS02940
NC_012778.1	622355	622492		plus	hypothetical protein		44154954	protein-coding		WP_012738860.1	45	EUBELI_RS14335
NC_012778.1	622500	622877		plus	hypothetical protein		41355364	protein-coding		WP_012738861.1	125	EUBELI_RS02945
NC_012778.1	622913	623314		plus	hypothetical protein		41355365	protein-coding		WP_041687984.1	133	EUBELI_RS02950
NC_012778.1	623394	623984		plus	phosphatase PAP2 family protein		41355366	protein-coding		WP_148231335.1	196	EUBELI_RS02955
NC_012778.1	624033	624890		plus	putative manganese transporter		41355367	protein-coding		WP_012738864.1	285	EUBELI_RS02960
NC_012778.1	625066	625671		plus	DUF4867 family protein		41355368	protein-coding		WP_012738865.1	201	EUBELI_RS02965
NC_012778.1	625689	627173		plus	L-fucose/L-arabinose isomerase family protein		41355369	protein-coding		WP_012738866.1	494	EUBELI_RS02970
NC_012778.1	627217	628695		plus	xylulokinase	xylB	41355370	protein-coding		WP_012738867.1	492	EUBELI_RS02975
NC_012778.1	628716	629369		plus	fructose-6-phosphate aldolase	fsa	41355371	protein-coding		WP_041687987.1	217	EUBELI_RS02980
NC_012778.1	629415	630551		plus	ROK family transcriptional regulator		41355372	protein-coding		WP_012738869.1	378	EUBELI_RS02985
NC_012778.1	631109	631969		plus	ABC transporter ATP-binding protein		41355373	protein-coding		WP_041687989.1	286	EUBELI_RS02990
NC_012778.1	631966	632619		plus	hypothetical protein		41355374	protein-coding		WP_012738871.1	217	EUBELI_RS02995
NC_012778.1	632616	632996		plus	GntR family transcriptional regulator		41355375	protein-coding		WP_012738872.1	126	EUBELI_RS03000
NC_012778.1	632999	633658		plus	ATP-binding cassette domain-containing protein		41355376	protein-coding		WP_012738873.1	219	EUBELI_RS03005
NC_012778.1	633683	634183		plus	hypothetical protein		41355377	protein-coding		WP_012738874.1	166	EUBELI_RS03010
NC_012778.1	634387	635367		minus	glycosyltransferase family 2 protein		41355378	protein-coding		WP_012738875.1	326	EUBELI_RS03015
NC_012778.1	635387	637108		minus	glycosyltransferase family protein		41355379	protein-coding		WP_012738876.1	573	EUBELI_RS03020
NC_012778.1	637239	638426		plus	pyridoxal phosphate-dependent aminotransferase		41355380	protein-coding		WP_012738877.1	395	EUBELI_RS03025
NC_012778.1	638454	639518		plus	histidinol-phosphate transaminase	hisC	41355381	protein-coding		WP_041687991.1	354	EUBELI_RS03030
NC_012778.1	639520	640137		plus	epoxyqueuosine reductase QueH		41355382	protein-coding		WP_012738879.1	205	EUBELI_RS03035
NC_012778.1	640230	641003		plus	hypothetical protein		41355383	protein-coding		WP_148231336.1	257	EUBELI_RS03040
NC_012778.1	641027	641707		plus	type IV toxin-antitoxin system AbiEi family antitoxin domain-containing protein		41355384	protein-coding		WP_012738881.1	226	EUBELI_RS03045
NC_012778.1	641742	642278		plus	phosphodiesterase	yfcE	41355385	protein-coding		WP_012738882.1	178	EUBELI_RS03050
NC_012778.1	642385	642789		plus	hypothetical protein		41355386	protein-coding		WP_022098040.1	134	EUBELI_RS03055
NC_012778.1	642889	644577		plus	S8 family peptidase		41355387	protein-coding		WP_012738885.1	562	EUBELI_RS03060
NC_012778.1	644669	645100		plus	RrF2 family transcriptional regulator		41355388	protein-coding		WP_012738886.1	143	EUBELI_RS03065
NC_012778.1	645259	646494		plus	O-acetylhomoserine aminocarboxypropyltransferase/cysteine synthase family protein		41355389	protein-coding		WP_012738887.1	411	EUBELI_RS03070
NC_012778.1	646520	647386		plus	4Fe-4S binding protein		41355390	protein-coding		WP_022098036.1	288	EUBELI_RS03075
NC_012778.1	647379	647630		plus	sulfurtransferase TusA family protein		41355391	protein-coding		WP_012738889.1	83	EUBELI_RS03080
NC_012778.1	647645	647962		plus	thioredoxin family protein		41355392	protein-coding		WP_012738890.1	105	EUBELI_RS03085
NC_012778.1	648006	648215		plus	sulfur carrier protein ThiS	thiS	41355393	protein-coding		WP_012738891.1	69	EUBELI_RS03090
NC_012778.1	648215	649021		plus	thiazole biosynthesis adenylyltransferase ThiF	thiF	41355394	protein-coding		WP_012738892.1	268	EUBELI_RS03095
NC_012778.1	649268	649684		plus	M67 family metallopeptidase		41355395	protein-coding		WP_041687993.1	138	EUBELI_RS03100
NC_012778.1	649904	650032		plus	hypothetical protein		79984126	protein-coding		WP_265416933.1	42	EUBELI_RS14795
NC_012778.1	650105	650989		plus	helix-turn-helix domain-containing protein		41357377	protein-coding		WP_012738896.1	294	EUBELI_RS13550
NC_012778.1	651336	651485		plus	cyclic lactone autoinducer peptide		41357436	protein-coding		WP_012738897.1	49	EUBELI_RS13875
NC_012778.1	651503	651910		plus	hypothetical protein		41355396	protein-coding		WP_012738898.1	135	EUBELI_RS03110
NC_012778.1	651992	652819		plus	hypothetical protein		41355397	protein-coding		WP_012738899.1	275	EUBELI_RS03115
NC_012778.1	652832	653656		plus	hypothetical protein		41355398	protein-coding		WP_041687994.1	274	EUBELI_RS03120
NC_012778.1	653646	654260		plus	hypothetical protein		41355399	protein-coding		WP_012738901.1	204	EUBELI_RS03125
NC_012778.1	654269	655018		plus	hypothetical protein		41355400	protein-coding		WP_012738902.1	249	EUBELI_RS03130
NC_012778.1	655018	655863		plus	hypothetical protein		41355401	protein-coding		WP_012738903.1	281	EUBELI_RS03135
NC_012778.1	655867	656505		plus	ABC transporter ATP-binding protein		41355402	protein-coding		WP_012738904.1	212	EUBELI_RS03140
NC_012778.1	656502	657089		plus	accessory gene regulator B family protein		41355403	protein-coding		WP_012738905.1	195	EUBELI_RS03145
NC_012778.1	657095	657820		plus	LytR/AlgR family response regulator transcription factor		41355404	protein-coding		WP_012738906.1	241	EUBELI_RS03150
NC_012778.1	657817	659064		plus	sensor histidine kinase		41355405	protein-coding		WP_012738907.1	415	EUBELI_RS03155
NC_012778.1	659126	660517		minus	magnesium transporter	mgtE	41355406	protein-coding		WP_228003409.1	463	EUBELI_RS03160
NC_012778.1	660840	661739		plus	LysR family transcriptional regulator		41355407	protein-coding		WP_012738909.1	299	EUBELI_RS03165
NC_012778.1	661869	664139		plus	5-methyltetrahydropteroyltriglutamate--homocysteine S-methyltransferase	metE	41355408	protein-coding		WP_041687996.1	756	EUBELI_RS03170
NC_012778.1	664557	665423		minus	SDR family oxidoreductase		41355409	protein-coding		WP_012738913.1	288	EUBELI_RS03175
NC_012778.1	665425	665748		minus	cupin domain-containing protein		41355410	protein-coding		WP_012738914.1	107	EUBELI_RS03180
NC_012778.1	665897	666361		plus	hypothetical protein		41355411	protein-coding		WP_022097483.1	154	EUBELI_RS03185
NC_012778.1	666387	667163		plus	YdcF family protein		41355412	protein-coding		WP_012738916.1	258	EUBELI_RS03190
NC_012778.1	667318	668166		minus	patatin-like phospholipase family protein		41355413	protein-coding		WP_041687998.1	282	EUBELI_RS03195
NC_012778.1	668413	669558		plus	glycoside hydrolase family 88/105 protein		41355414	protein-coding		WP_012738918.1	381	EUBELI_RS03200
NC_012778.1	669644	669982		plus	cupin domain-containing protein		41355415	protein-coding		WP_012738919.1	112	EUBELI_RS03205
NC_012778.1	670021	670524		plus	J domain-containing protein		41355416	protein-coding		WP_012738920.1	167	EUBELI_RS03210
NC_012778.1	670587	671801		plus	LL-diaminopimelate aminotransferase		41355417	protein-coding		WP_012738921.1	404	EUBELI_RS03215
NC_012778.1	671881	673164		minus	HlyC/CorC family transporter		41355418	protein-coding		WP_012738922.1	427	EUBELI_RS03220
NC_012778.1	673317	673673		plus	TIGR04086 family membrane protein		41355419	protein-coding		WP_012738923.1	118	EUBELI_RS03225
NC_012778.1	673807	674814		plus	deoxyguanosinetriphosphate triphosphohydrolase		41355420	protein-coding		WP_012738924.1	335	EUBELI_RS03230
NC_012778.1	674819	676582		plus	DNA primase	dnaG	41355421	protein-coding		WP_012738925.1	587	EUBELI_RS03235
NC_012778.1	676624	677898		plus	RNA polymerase sigma factor RpoD	rpoD	41355422	protein-coding		WP_228003408.1	424	EUBELI_RS03240
NC_012778.1	677908	678615		plus	tRNA (adenine(22)-N(1))-methyltransferase		41355423	protein-coding		WP_012738927.1	235	EUBELI_RS03245
NC_012778.1	678635	680242		plus	nucleoside kinase		41355424	protein-coding		WP_012738928.1	535	EUBELI_RS03250
NC_012778.1	680269	681138		minus	prephenate dehydrogenase		41355425	protein-coding		WP_012738929.1	289	EUBELI_RS03255
NC_012778.1	681290	683707		plus	leucine--tRNA ligase	leuS	41355426	protein-coding		WP_041688000.1	805	EUBELI_RS03260
NC_012778.1	683725	683964		minus	hypothetical protein		41355427	protein-coding		WP_012738931.1	79	EUBELI_RS03265
NC_012778.1	683980	684423		minus	hypothetical protein		41355428	protein-coding		WP_012738932.1	147	EUBELI_RS03270
NC_012778.1	684691	684963		minus	hypothetical protein		41355429	protein-coding		WP_012738933.1	90	EUBELI_RS03275
NC_012778.1	685135	686208		plus	glycosyltransferase		41355430	protein-coding		WP_041688001.1	357	EUBELI_RS03280
NC_012778.1	686229	687395		plus	phosphodiester glycosidase family protein		41355431	protein-coding		WP_012738935.1	388	EUBELI_RS03285
NC_012778.1	687409	688494		plus	hypothetical protein		41355432	protein-coding		WP_012738936.1	361	EUBELI_RS03290
NC_012778.1	688627	690198		plus	putative polysaccharide biosynthesis protein		41355433	protein-coding		WP_228003407.1	523	EUBELI_RS03295
NC_012778.1	690234	690833		plus	UvrB/UvrC motif-containing protein		41355434	protein-coding		WP_012738938.1	199	EUBELI_RS03300
NC_012778.1	690826	691857		plus	hypothetical protein		41355435	protein-coding		WP_012738939.1	343	EUBELI_RS03305
NC_012778.1	691897	694359		plus	ATP-dependent Clp protease ATP-binding subunit		41355436	protein-coding		WP_012738940.1	820	EUBELI_RS03310
NC_012778.1	694462	694875		plus	hypothetical protein		41355437	protein-coding		WP_012738941.1	137	EUBELI_RS03315
NC_012778.1	694953	696332		plus	DNA repair protein RadA	radA	41355438	protein-coding		WP_012738942.1	459	EUBELI_RS03320
NC_012778.1	696357	696995		plus	methyl-accepting chemotaxis protein		41355439	protein-coding		WP_012738943.1	212	EUBELI_RS03325
NC_012778.1	697428	698958		plus	16S ribosomal RNA		41355440	rRNA				EUBELI_RS03330
NC_012778.1	699039	699156		plus	5S ribosomal RNA	rrf	41355441	rRNA				EUBELI_RS03335
NC_012778.1	699176	699248		plus	tRNA-Ala		41355442	tRNA				EUBELI_RS03340
NC_012778.1	699450	702337		plus	23S ribosomal RNA		41355443	rRNA				EUBELI_RS03345
NC_012778.1	702477	702547		plus	tRNA-Trp		41355444	tRNA				EUBELI_RS03350
NC_012778.1	702657	703157		plus	DNA-deoxyinosine glycosylase		41355445	protein-coding		WP_041688003.1	166	EUBELI_RS03355
NC_012778.1	703166	703345		minus	hypothetical protein		41355446	protein-coding		WP_012738945.1	59	EUBELI_RS03360
NC_012778.1	703417	703872		plus	GNAT family N-acetyltransferase		41355447	protein-coding		WP_041688005.1	151	EUBELI_RS03365
NC_012778.1	703884	704594		plus	hydrogenase nickel incorporation protein HypB	hypB	41355448	protein-coding		WP_012738947.1	236	EUBELI_RS03370
NC_012778.1	704587	705264		plus	hydrogenase nickel incorporation protein HypB	hypB	41355449	protein-coding		WP_012738948.1	225	EUBELI_RS03375
NC_012778.1	705264	705425		plus	hypothetical protein		44154955	protein-coding		WP_012738949.1	53	EUBELI_RS14340
NC_012778.1	705429	706235		minus	S8 family peptidase		41355450	protein-coding		WP_012738950.1	268	EUBELI_RS03380
NC_012778.1	706393	707154		plus	SDR family NAD(P)-dependent oxidoreductase		41355451	protein-coding		WP_012738951.1	253	EUBELI_RS03385
NC_012778.1	707247	708185		plus	carbamate kinase	arcC	41355452	protein-coding		WP_012738952.1	312	EUBELI_RS03390
NC_012778.1	708386	708724		plus	hypothetical protein		41355453	protein-coding		WP_148231337.1	112	EUBELI_RS03395
NC_012778.1	708829	710466		plus	ABC-F family ATP-binding cassette domain-containing protein		41355454	protein-coding		WP_012738954.1	545	EUBELI_RS03400
NC_012778.1	710747	712093		plus	phosphomethylpyrimidine synthase ThiC	thiC	41355455	protein-coding		WP_012738955.1	448	EUBELI_RS03405
NC_012778.1	712223	715000		plus	DNA translocase FtsK		41355456	protein-coding		WP_012738956.1	925	EUBELI_RS03410
NC_012778.1	715039	716532		plus	UDP-N-acetylmuramoyl-L-alanyl-D-glutamate--2,6-diaminopimelate ligase		41355457	protein-coding		WP_012738957.1	497	EUBELI_RS03415
NC_012778.1	716532	718748		plus	replication restart helicase PriA	priA	41355458	protein-coding		WP_012738958.1	738	EUBELI_RS03420
NC_012778.1	718765	719238		plus	peptide deformylase	def	41355459	protein-coding		WP_022097799.1	157	EUBELI_RS03425
NC_012778.1	719259	720206		plus	methionyl-tRNA formyltransferase	fmt	41355460	protein-coding		WP_012738960.1	315	EUBELI_RS03430
NC_012778.1	720219	720959		plus	zinc metallopeptidase		41355461	protein-coding		WP_012738961.1	246	EUBELI_RS03435
NC_012778.1	720952	722256		plus	16S rRNA (cytosine(967)-C(5))-methyltransferase RsmB	rsmB	41355462	protein-coding		WP_012738962.1	434	EUBELI_RS03440
NC_012778.1	722259	723311		plus	23S rRNA (adenine(2503)-C(2))-methyltransferase RlmN	rlmN	41355463	protein-coding		WP_012738963.1	350	EUBELI_RS03445
NC_012778.1	723289	724008		plus	Stp1/IreP family PP2C-type Ser/Thr phosphatase		41355464	protein-coding		WP_012738964.1	239	EUBELI_RS03450
NC_012778.1	724026	726017		plus	Stk1 family PASTA domain-containing Ser/Thr kinase	pknB	41355465	protein-coding		WP_095206502.1	663	EUBELI_RS03455
NC_012778.1	726036	726926		plus	ribosome small subunit-dependent GTPase A	rsgA	41355466	protein-coding		WP_012738966.1	296	EUBELI_RS03460
NC_012778.1	726957	727625		plus	ribulose-phosphate 3-epimerase	rpe	41355467	protein-coding		WP_012738967.1	222	EUBELI_RS03465
NC_012778.1	727645	728742		minus	redox-regulated ATPase YchF	ychF	41355468	protein-coding		WP_012738968.1	365	EUBELI_RS03470
NC_012778.1	729102	729539		plus	division/cell wall cluster transcriptional repressor MraZ	mraZ	41355469	protein-coding		WP_041688510.1	145	EUBELI_RS03475
NC_012778.1	729561	730496		plus	16S rRNA (cytosine(1402)-N(4))-methyltransferase RsmH	rsmH	41355470	protein-coding		WP_041688008.1	311	EUBELI_RS03480
NC_012778.1	730519	731007		plus	FtsB/FtsL family cell division protein		41355471	protein-coding		WP_049777873.1	162	EUBELI_RS03485
NC_012778.1	731049	732977		plus	peptidoglycan D,D-transpeptidase FtsI family protein		41355472	protein-coding		WP_012738972.1	642	EUBELI_RS03490
NC_012778.1	733055	734821		plus	peptidoglycan D,D-transpeptidase FtsI family protein		41355473	protein-coding		WP_012738973.1	588	EUBELI_RS03495
NC_012778.1	734870	736222		plus	UDP-N-acetylmuramoyl-L-alanine--D-glutamate ligase	murD	41355474	protein-coding		WP_012738974.1	450	EUBELI_RS03500
NC_012778.1	736237	737430		plus	FtsW/RodA/SpoVE family cell cycle protein		41355475	protein-coding		WP_012738975.1	397	EUBELI_RS03505
NC_012778.1	737430	738185		plus	cell division protein FtsQ/DivIB		41355476	protein-coding		WP_012738976.1	251	EUBELI_RS03510
NC_012778.1	738265	739434		plus	cell division protein FtsZ	ftsZ	41355477	protein-coding		WP_041688009.1	389	EUBELI_RS03515
NC_012778.1	739523	740443		plus	sigma-E processing peptidase SpoIIGA		41355478	protein-coding		WP_012738978.1	306	EUBELI_RS03520
NC_012778.1	740486	741226		plus	RNA polymerase sporulation sigma factor SigE	sigE	41355479	protein-coding		WP_041688518.1	246	EUBELI_RS03525
NC_012778.1	741281	742048		plus	N-acetylmuramoyl-L-alanine amidase family protein		41355480	protein-coding		WP_012738980.1	255	EUBELI_RS03530
NC_012778.1	742048	743862		plus	translation elongation factor 4	lepA	41355481	protein-coding		WP_012738981.1	604	EUBELI_RS03535
NC_012778.1	743852	745009		plus	radical SAM family heme chaperone HemW	hemW	41355482	protein-coding		WP_012738982.1	385	EUBELI_RS03540
NC_012778.1	745064	745849		minus	helix-turn-helix domain-containing protein		41355483	protein-coding		WP_012738983.1	261	EUBELI_RS03545
NC_012778.1	746116	747864		plus	ammonium transporter		41355484	protein-coding		WP_012738984.1	582	EUBELI_RS03550
NC_012778.1	748143	751703		plus	pyruvate:ferredoxin (flavodoxin) oxidoreductase	nifJ	41355485	protein-coding		WP_012738985.1	1186	EUBELI_RS03555
NC_012778.1	752258	752992		plus	hypothetical protein		41355486	protein-coding		WP_012738987.1	244	EUBELI_RS03560
NC_012778.1	753203	754939		plus	ABC transporter ATP-binding protein		41355487	protein-coding		WP_041688016.1	578	EUBELI_RS03565
NC_012778.1	755007	755972		plus	porphobilinogen synthase	hemB	41355488	protein-coding		WP_041688522.1	321	EUBELI_RS03570
NC_012778.1	756014	757288		plus	glutamate-1-semialdehyde 2,1-aminomutase	hemL	41355489	protein-coding		WP_012738990.1	424	EUBELI_RS03575
NC_012778.1	757313	758530		plus	glutamyl-tRNA reductase	hemA	41355490	protein-coding		WP_012738991.1	405	EUBELI_RS03580
NC_012778.1	758539	759426		plus	hydroxymethylbilane synthase	hemC	41355491	protein-coding		WP_012738992.1	295	EUBELI_RS03585
NC_012778.1	759430	760260		plus	uroporphyrinogen-III synthase		41355492	protein-coding		WP_012738993.1	276	EUBELI_RS03590
NC_012778.1	760774	761706		plus	cysteine synthase A	cysK	41355493	protein-coding		WP_041688018.1	310	EUBELI_RS03600
NC_012778.1	761846	763261		plus	spore germination protein		41355494	protein-coding		WP_041688020.1	471	EUBELI_RS03605
NC_012778.1	763403	763717		plus	helix-turn-helix domain-containing protein		41355495	protein-coding		WP_012738998.1	104	EUBELI_RS03610
NC_012778.1	763714	765021		plus	type II toxin-antitoxin system HipA family toxin		41355496	protein-coding		WP_012738999.1	435	EUBELI_RS03615
NC_012778.1	765024	765971		plus	DMT family transporter		41355497	protein-coding		WP_012739000.1	315	EUBELI_RS03620
NC_012778.1	766019	767764		minus	molecular chaperone DnaK	dnaK	41355498	protein-coding		WP_041688021.1	581	EUBELI_RS03625
NC_012778.1	767934	769034		plus	chorismate synthase	aroC	41355499	protein-coding		WP_012739002.1	366	EUBELI_RS03630
NC_012778.1	769046	770182		plus	tRNA guanosine(34) transglycosylase Tgt	tgt	41355500	protein-coding		WP_012739003.1	378	EUBELI_RS03635
NC_012778.1	770295	770582		plus	preprotein translocase subunit YajC	yajC	41355501	protein-coding		WP_012739004.1	95	EUBELI_RS03640
NC_012778.1	770719	771801		plus	3-isopropylmalate dehydrogenase	leuB	41355502	protein-coding		WP_012739005.1	360	EUBELI_RS03645
NC_012778.1	771836	773509		plus	dihydroxy-acid dehydratase	ilvD	41355503	protein-coding		WP_012739006.1	557	EUBELI_RS03650
NC_012778.1	773560	775242		plus	biosynthetic-type acetolactate synthase large subunit	ilvB	41355504	protein-coding		WP_012739007.1	560	EUBELI_RS03655
NC_012778.1	775316	776416		plus	3-phosphoserine/phosphohydroxythreonine transaminase	serC	41355505	protein-coding		WP_012739008.1	366	EUBELI_RS03660
NC_012778.1	776416	777579		plus	phosphoglycerate dehydrogenase		41355506	protein-coding		WP_012739009.1	387	EUBELI_RS03665
NC_012778.1	777727	778959		plus	DUF1015 domain-containing protein		41355507	protein-coding		WP_041688023.1	410	EUBELI_RS03670
NC_012778.1	779261	780109		plus	alpha/beta hydrolase		41355508	protein-coding		WP_012739011.1	282	EUBELI_RS03675
NC_012778.1	780102	782483		plus	GlgB N-terminal domain-containing protein		41355509	protein-coding		WP_012739012.1	793	EUBELI_RS03680
NC_012778.1	782502	783389		plus	mechanosensitive ion channel family protein		41355510	protein-coding		WP_012739013.1	295	EUBELI_RS03685
NC_012778.1	783548	784357		plus	polyphosphate polymerase domain-containing protein		41355511	protein-coding		WP_012739014.1	269	EUBELI_RS03690
NC_012778.1	784294	784986		plus	DUF4956 domain-containing protein		41355512	protein-coding		WP_041688025.1	230	EUBELI_RS03695
NC_012778.1	785142	785399		plus	IreB family regulatory phosphoprotein		41355513	protein-coding		WP_012739017.1	85	EUBELI_RS03700
NC_012778.1	785401	785823		plus	Holliday junction resolvase RuvX	ruvX	41355514	protein-coding		WP_012739018.1	140	EUBELI_RS03705
NC_012778.1	785845	786108		plus	DUF1292 domain-containing protein		41355515	protein-coding		WP_012739019.1	87	EUBELI_RS03710
NC_012778.1	786158	787828		plus	ribonuclease J		41355516	protein-coding		WP_012739020.1	556	EUBELI_RS03715
NC_012778.1	787875	788216		plus	YlbF family regulator		41355517	protein-coding		WP_012739021.1	113	EUBELI_RS03720
NC_012778.1	788262	788639		plus	endolytic transglycosylase MltG		41355518	protein-coding		WP_148231338.1	125	EUBELI_RS03725
NC_012778.1	788660	789301		plus	O-methyltransferase		41355519	protein-coding		WP_012739023.1	213	EUBELI_RS03730
NC_012778.1	789313	790578		plus	peptidase U32 family protein		41355520	protein-coding		WP_012739024.1	421	EUBELI_RS03735
NC_012778.1	790655	791308		plus	RNA polymerase sporulation sigma factor SigK	sigK	41355521	protein-coding		WP_041688027.1	217	EUBELI_RS03740
NC_012778.1	791332	793149		plus	aminopeptidase P family protein		41355522	protein-coding		WP_012739026.1	605	EUBELI_RS03745
NC_012778.1	793151	794326		plus	hypothetical protein		41355523	protein-coding		WP_012739027.1	391	EUBELI_RS03750
NC_012778.1	794418	796265		plus	GspE/PulE family protein		41355524	protein-coding		WP_012739028.1	615	EUBELI_RS03755
NC_012778.1	796290	797354		plus	type IV pilus twitching motility protein PilT		41355525	protein-coding		WP_012739029.1	354	EUBELI_RS03760
NC_012778.1	797388	797714		plus	hypothetical protein		41355526	protein-coding		WP_012739030.1	108	EUBELI_RS03765
NC_012778.1	797850	798755		plus	O-antigen ligase family protein		41355527	protein-coding		WP_012739031.1	301	EUBELI_RS03770
NC_012778.1	798978	799925		plus	RpnC/YadD family protein		41355528	protein-coding		WP_012739032.1	315	EUBELI_RS03775
NC_012778.1	800000	801787		minus	glycosyltransferase family protein		41355529	protein-coding		WP_012739033.1	595	EUBELI_RS03780
NC_012778.1	802122	803339		plus	type II secretion system F family protein		41355530	protein-coding		WP_041688031.1	405	EUBELI_RS03785
NC_012778.1	803427	803888		plus	prepilin-type N-terminal cleavage/methylation domain-containing protein		71415245	protein-coding		WP_012739035.1	153	EUBELI_RS14600
NC_012778.1	803922	804692		plus	prepilin peptidase		41355531	protein-coding		WP_012739036.1	256	EUBELI_RS03795
NC_012778.1	804783	806387		plus	pilus assembly protein PilM	pilM	41355532	protein-coding		WP_041688033.1	534	EUBELI_RS03800
NC_012778.1	806400	807104		plus	hypothetical protein		41355533	protein-coding		WP_012739038.1	234	EUBELI_RS03805
NC_012778.1	807130	808437		plus	type II secretion system protein		41355534	protein-coding		WP_012739039.1	435	EUBELI_RS03810
NC_012778.1	808462	810984		plus	hypothetical protein		41355535	protein-coding		WP_012739040.1	840	EUBELI_RS03815
NC_012778.1	811011	811577		plus	prepilin-type N-terminal cleavage/methylation domain-containing protein		41355536	protein-coding		WP_165437533.1	188	EUBELI_RS03820
NC_012778.1	811602	812258		plus	PilW family protein		41355537	protein-coding		WP_012739042.1	218	EUBELI_RS03825
NC_012778.1	812277	816290		plus	DUF5057 domain-containing protein		41355538	protein-coding		WP_012739043.1	1337	EUBELI_RS03830
NC_012778.1	816470	817066		plus	Rpn family recombination-promoting nuclease/putative transposase		41355539	protein-coding		WP_012739044.1	198	EUBELI_RS03835
NC_012778.1	817206	818753		plus	YifB family Mg chelatase-like AAA ATPase		41355540	protein-coding		WP_041688035.1	515	EUBELI_RS03840
NC_012778.1	818762	819901		plus	DNA-processing protein DprA	dprA	41355541	protein-coding		WP_012739046.1	379	EUBELI_RS03845
NC_012778.1	819917	821992		plus	type I DNA topoisomerase	topA	41355542	protein-coding		WP_012739047.1	691	EUBELI_RS03850
NC_012778.1	822032	822802		plus	GTP-sensing pleiotropic transcriptional regulator CodY	codY	41355543	protein-coding		WP_012739048.1	256	EUBELI_RS03855
NC_012778.1	822994	823386		plus	flagellar basal body rod protein FlgB	flgB	41355544	protein-coding		WP_012739049.1	130	EUBELI_RS03860
NC_012778.1	823415	823915		plus	flagellar basal body rod protein FlgC	flgC	41355545	protein-coding		WP_041688037.1	166	EUBELI_RS03865
NC_012778.1	823958	824296		plus	flagellar hook-basal body complex protein FliE		41355546	protein-coding		WP_148231339.1	112	EUBELI_RS03870
NC_012778.1	824310	825920		plus	flagellar M-ring protein FliF C-terminal domain-containing protein		41355547	protein-coding		WP_012739052.1	536	EUBELI_RS03875
NC_012778.1	825966	827000		plus	flagellar motor switch protein FliG	fliG	41355548	protein-coding		WP_012739053.1	344	EUBELI_RS03880
NC_012778.1	826993	827829		plus	FliH/SctL family protein		41355549	protein-coding		WP_012739054.1	278	EUBELI_RS03885
NC_012778.1	827869	829218		plus	flagellar protein export ATPase FliI	fliI	41355550	protein-coding		WP_012739055.1	449	EUBELI_RS03890
NC_012778.1	829230	829676		plus	flagellar export protein FliJ	fliJ	41355551	protein-coding		WP_012739056.1	148	EUBELI_RS03895
NC_012778.1	829700	830458		plus	MotE family protein		41355552	protein-coding		WP_012739057.1	252	EUBELI_RS03900
NC_012778.1	830536	831858		plus	flagellar hook-length control protein FliK		41357378	protein-coding		WP_012739058.1	440	EUBELI_RS13555
NC_012778.1	831883	832440		plus	flagellar hook assembly protein FlgD		41355553	protein-coding		WP_012739059.1	185	EUBELI_RS03910
NC_012778.1	832446	832880		plus	TIGR02530 family flagellar biosynthesis protein		41355554	protein-coding		WP_012739060.1	144	EUBELI_RS03915
NC_012778.1	832986	834311		plus	flagellar hook protein FlgE		41355555	protein-coding		WP_041688041.1	441	EUBELI_RS03920
NC_012778.1	834464	834676		plus	flagellar FlbD family protein		41355556	protein-coding		WP_012739062.1	70	EUBELI_RS03925
NC_012778.1	834714	835517		plus	motility protein A		41355557	protein-coding		WP_012739063.1	267	EUBELI_RS03930
NC_012778.1	835517	836317		plus	OmpA/MotB family protein		41355558	protein-coding		WP_012739064.1	266	EUBELI_RS03935
NC_012778.1	836332	836856		plus	hypothetical protein		41355559	protein-coding		WP_012739065.1	174	EUBELI_RS03940
NC_012778.1	836896	837879		plus	flagellar motor switch protein FliM	fliM	41355560	protein-coding		WP_012739066.1	327	EUBELI_RS03945
NC_012778.1	837882	839195		plus	flagellar motor switch phosphatase FliY	fliY	41355561	protein-coding		WP_012739067.1	437	EUBELI_RS03950
NC_012778.1	839311	839658		plus	response regulator		41355562	protein-coding		WP_012739068.1	115	EUBELI_RS03955
NC_012778.1	839710	840033		plus	flagellar biosynthetic protein FliO		41355563	protein-coding		WP_012739069.1	107	EUBELI_RS03960
NC_012778.1	840055	840858		plus	flagellar type III secretion system pore protein FliP	fliP	41355564	protein-coding		WP_012739070.1	267	EUBELI_RS03965
NC_012778.1	840876	841142		plus	flagellar biosynthesis protein FliQ	fliQ	41355565	protein-coding		WP_012739071.1	88	EUBELI_RS03970
NC_012778.1	841161	841934		plus	flagellar biosynthetic protein FliR	fliR	41355566	protein-coding		WP_012739072.1	257	EUBELI_RS03975
NC_012778.1	841934	843052		plus	flagellar biosynthesis protein FlhB	flhB	41355567	protein-coding		WP_012739073.1	372	EUBELI_RS03980
NC_012778.1	843109	845148		plus	flagellar biosynthesis protein FlhA	flhA	41355568	protein-coding		WP_012739074.1	679	EUBELI_RS03985
NC_012778.1	845149	846447		plus	flagellar biosynthesis protein FlhF	flhF	41355569	protein-coding		WP_012739075.1	432	EUBELI_RS03990
NC_012778.1	846447	847328		plus	MinD/ParA family protein		41355570	protein-coding		WP_012739076.1	293	EUBELI_RS03995
NC_012778.1	847342	848061		plus	flagellar brake protein		41355571	protein-coding		WP_012739077.1	239	EUBELI_RS04000
NC_012778.1	848063	849253		plus	protein-glutamate methylesterase/protein-glutamine glutaminase		41355572	protein-coding		WP_012739078.1	396	EUBELI_RS04005
NC_012778.1	849255	851372		plus	chemotaxis protein CheA		41355573	protein-coding		WP_041688045.1	705	EUBELI_RS04010
NC_012778.1	851387	851860		plus	chemotaxis protein CheW		41355574	protein-coding		WP_012739080.1	157	EUBELI_RS04015
NC_012778.1	851877	852503		plus	chemotaxis protein CheC		41355575	protein-coding		WP_041688547.1	208	EUBELI_RS04020
NC_012778.1	852528	853013		plus	chemotaxis protein CheD		41355576	protein-coding		WP_041688047.1	161	EUBELI_RS04025
NC_012778.1	853054	853311		plus	hypothetical protein		41355577	protein-coding		WP_012739083.1	85	EUBELI_RS04030
NC_012778.1	853378	854136		plus	FliA/WhiG family RNA polymerase sigma factor		41355578	protein-coding		WP_012739084.1	252	EUBELI_RS04035
NC_012778.1	854164	855771		plus	DUF342 domain-containing protein		41355579	protein-coding		WP_012739085.1	535	EUBELI_RS04040
NC_012778.1	855796	856107		plus	hypothetical protein		41355580	protein-coding		WP_012739086.1	103	EUBELI_RS04045
NC_012778.1	856123	856863		plus	DUF6115 domain-containing protein		41355581	protein-coding		WP_012739087.1	246	EUBELI_RS04050
NC_012778.1	856866	857405		plus	hypothetical protein		41355582	protein-coding		WP_012739088.1	179	EUBELI_RS04055
NC_012778.1	857557	858285		plus	30S ribosomal protein S2	rpsB	41355583	protein-coding		WP_022097321.1	242	EUBELI_RS04060
NC_012778.1	858381	859463		plus	translation elongation factor Ts	tsf	41355584	protein-coding		WP_012739090.1	360	EUBELI_RS04065
NC_012778.1	859639	860379		plus	polymer-forming cytoskeletal protein		41355585	protein-coding		WP_041688049.1	246	EUBELI_RS04070
NC_012778.1	860392	861096		plus	UMP kinase	pyrH	41355586	protein-coding		WP_012739092.1	234	EUBELI_RS04075
NC_012778.1	861119	861670		plus	ribosome recycling factor	frr	41355587	protein-coding		WP_022097318.1	183	EUBELI_RS04080
NC_012778.1	861745	862479		plus	isoprenyl transferase		41355588	protein-coding		WP_012739094.1	244	EUBELI_RS04085
NC_012778.1	862480	863298		plus	phosphatidate cytidylyltransferase		41355589	protein-coding		WP_041688051.1	272	EUBELI_RS04090
NC_012778.1	863301	864443		plus	1-deoxy-D-xylulose-5-phosphate reductoisomerase		41355590	protein-coding		WP_012739096.1	380	EUBELI_RS04095
NC_012778.1	864447	865826		plus	RIP metalloprotease RseP	rseP	41355591	protein-coding		WP_012739097.1	459	EUBELI_RS04100
NC_012778.1	865848	866903		plus	flavodoxin-dependent (E)-4-hydroxy-3-methylbut-2-enyl-diphosphate synthase	ispG	41355592	protein-coding		WP_012739098.1	351	EUBELI_RS04105
NC_012778.1	866909	871441		plus	PolC-type DNA polymerase III		41355593	protein-coding		WP_041688053.1	1510	EUBELI_RS04110
NC_012778.1	872235	873765		plus	16S ribosomal RNA		41355594	rRNA				EUBELI_RS04115
NC_012778.1	873927	874044		plus	5S ribosomal RNA	rrf	41355595	rRNA				EUBELI_RS04120
NC_012778.1	874052	874125		plus	tRNA-Ile		41355596	tRNA				EUBELI_RS04125
NC_012778.1	874219	874291		plus	tRNA-Ala		41355597	tRNA				EUBELI_RS04130
NC_012778.1	874655	877541		plus	23S ribosomal RNA		41355598	rRNA				EUBELI_RS04135
NC_012778.1	877782	879446		plus	hypothetical protein		41355599	protein-coding		WP_041688055.1	554	EUBELI_RS04140
NC_012778.1	879439	880254		plus	TPM domain-containing protein		41355600	protein-coding		WP_049777884.1	271	EUBELI_RS04145
NC_012778.1	880382	881047		plus	response regulator transcription factor		41355601	protein-coding		WP_041688056.1	221	EUBELI_RS04150
NC_012778.1	881044	882102		plus	sensor histidine kinase		41355602	protein-coding		WP_012739105.1	352	EUBELI_RS04155
NC_012778.1	882083	882793		plus	LytR/AlgR family response regulator transcription factor		41355603	protein-coding		WP_012739106.1	236	EUBELI_RS04160
NC_012778.1	882803	884050		plus	sensor histidine kinase		41355604	protein-coding		WP_012739107.1	415	EUBELI_RS04165
NC_012778.1	884170	884922		plus	hypothetical protein		41355605	protein-coding		WP_012739108.1	250	EUBELI_RS04170
NC_012778.1	885076	885507		plus	hypothetical protein		41355606	protein-coding		WP_012739109.1	143	EUBELI_RS04175
NC_012778.1	885587	886357		plus	hypothetical protein		41355607	protein-coding		WP_012739110.1	256	EUBELI_RS04180
NC_012778.1	886508	887284		plus	hypothetical protein		41355608	protein-coding		WP_012739111.1	258	EUBELI_RS04185
NC_012778.1	887428	887862		plus	hypothetical protein		41355609	protein-coding		WP_012739112.1	144	EUBELI_RS04190
NC_012778.1	887941	888711		plus	hypothetical protein		41355610	protein-coding		WP_012739113.1	256	EUBELI_RS04195
NC_012778.1	888704	889525		plus	ABC transporter permease		41355611	protein-coding		WP_041688059.1	273	EUBELI_RS04200
NC_012778.1	889527	890075		plus	hypothetical protein		41355612	protein-coding		WP_147345942.1	182	EUBELI_RS04205
NC_012778.1	890077	890841		plus	hypothetical protein		41355613	protein-coding		WP_012739116.1	254	EUBELI_RS04210
NC_012778.1	890816	891649		plus	hypothetical protein		41355614	protein-coding		WP_012739117.1	277	EUBELI_RS04215
NC_012778.1	891653	892291		plus	ATP-binding cassette domain-containing protein		41355615	protein-coding		WP_012739118.1	212	EUBELI_RS04220
NC_012778.1	892416	893183		plus	ABC transporter ATP-binding protein		41355616	protein-coding		WP_012739119.1	255	EUBELI_RS04225
NC_012778.1	893173	895236		plus	FtsX-like permease family protein		41355617	protein-coding		WP_012739120.1	687	EUBELI_RS04230
NC_012778.1	895325	896221		plus	chemotaxis protein		41355618	protein-coding		WP_041688060.1	298	EUBELI_RS04235
NC_012778.1	896480	896983		plus	hypothetical protein		41357379	protein-coding		WP_049777885.1	167	EUBELI_RS13560
NC_012778.1	897039	898595		plus	hypothetical protein		41355619	protein-coding		WP_041688062.1	518	EUBELI_RS04245
NC_012778.1	898592	899197		plus	imidazole glycerol phosphate synthase subunit HisH	hisH	41355620	protein-coding		WP_012739124.1	201	EUBELI_RS04250
NC_012778.1	899217	899975		plus	imidazole glycerol phosphate synthase subunit HisF	hisF	41355621	protein-coding		WP_012739125.1	252	EUBELI_RS04255
NC_012778.1	899988	900662		plus	uracil-DNA glycosylase		41355622	protein-coding		WP_041688063.1	224	EUBELI_RS04260
NC_012778.1	900733	901209		plus	COG2426 family protein		41355623	protein-coding		WP_012739127.1	158	EUBELI_RS04265
NC_012778.1	901377	901448		plus	tRNA-Glu		41355624	tRNA				EUBELI_RS04270
NC_012778.1	901540	902010		plus	ribosome maturation factor RimP	rimP	41355625	protein-coding		WP_012739128.1	156	EUBELI_RS04275
NC_012778.1	902037	903182		plus	transcription termination factor NusA	nusA	41355626	protein-coding		WP_012739129.1	381	EUBELI_RS04280
NC_012778.1	903202	903477		plus	RNase P modulator RnpM	rnpM	41355627	protein-coding		WP_012739130.1	91	EUBELI_RS04285
NC_012778.1	903467	903784		plus	L7Ae/L30e/S12e/Gadd45 family ribosomal protein		41355628	protein-coding		WP_012739131.1	105	EUBELI_RS04290
NC_012778.1	903816	906635		plus	translation initiation factor IF-2	infB	41355629	protein-coding		WP_012739132.1	939	EUBELI_RS04295
NC_012778.1	906661	907053		plus	30S ribosome-binding factor RbfA	rbfA	41355630	protein-coding		WP_012739133.1	130	EUBELI_RS04300
NC_012778.1	907065	908021		plus	DHH family phosphoesterase		41355631	protein-coding		WP_012739134.1	318	EUBELI_RS04305
NC_012778.1	908018	908929		plus	tRNA pseudouridine(55) synthase TruB	truB	41355632	protein-coding		WP_012739135.1	303	EUBELI_RS04310
NC_012778.1	908946	909872		plus	bifunctional riboflavin kinase/FAD synthetase		41355633	protein-coding		WP_012739136.1	308	EUBELI_RS04315
NC_012778.1	909994	910260		plus	30S ribosomal protein S15	rpsO	41355634	protein-coding		WP_012739137.1	88	EUBELI_RS04320
NC_012778.1	910422	912506		plus	polyribonucleotide nucleotidyltransferase		41355635	protein-coding		WP_082425971.1	694	EUBELI_RS04325
NC_012778.1	912548	912967		plus	HIT family protein		41355636	protein-coding		WP_012739139.1	139	EUBELI_RS04330
NC_012778.1	913133	913876		plus	YebC/PmpR family DNA-binding transcriptional regulator		41355637	protein-coding		WP_012739140.1	247	EUBELI_RS04335
NC_012778.1	913982	914827		plus	PilZ domain-containing protein		41355638	protein-coding		WP_012739141.1	281	EUBELI_RS04340
NC_012778.1	914829	915344		plus	hypothetical protein		41355639	protein-coding		WP_012739142.1	171	EUBELI_RS04345
NC_012778.1	915413	916819		minus	glucuronate isomerase	uxaC	41355640	protein-coding		WP_012739143.1	468	EUBELI_RS04350
NC_012778.1	916841	917845		minus	LacI family DNA-binding transcriptional regulator		41355641	protein-coding		WP_041688559.1	334	EUBELI_RS04355
NC_012778.1	918148	919650		plus	tagaturonate reductase		41355642	protein-coding		WP_012739145.1	500	EUBELI_RS04360
NC_012778.1	919741	921228		plus	UxaA family hydrolase		41355643	protein-coding		WP_012739146.1	495	EUBELI_RS04365
NC_012778.1	921465	922868		plus	hypothetical protein		41355644	protein-coding		WP_041688065.1	467	EUBELI_RS04370
NC_012778.1	922861	923898		plus	hypothetical protein		41355645	protein-coding		WP_012739149.1	345	EUBELI_RS04375
NC_012778.1	924065	925177		minus	sugar kinase		41355646	protein-coding		WP_012739150.1	370	EUBELI_RS04380
NC_012778.1	925433	925504		minus	tRNA-Gly		41355647	tRNA				EUBELI_RS04385
NC_012778.1	925818	929720		plus	Ig-like domain-containing protein		41357380	protein-coding		WP_012739151.1	1300	EUBELI_RS13565
NC_012778.1	929952	931478		plus	chitobiase/beta-hexosaminidase C-terminal domain-containing protein		41357381	protein-coding		WP_012739152.1	508	EUBELI_RS13570
NC_012778.1	931534	932412		plus	sulfide/dihydroorotate dehydrogenase-like FAD/NAD-binding protein		41355648	protein-coding		WP_041688067.1	292	EUBELI_RS04415
NC_012778.1	932430	933815		plus	NADPH-dependent glutamate synthase	gltA	41355649	protein-coding		WP_172675985.1	461	EUBELI_RS04420
NC_012778.1	933878	934420		minus	tetraspanin family protein		41355650	protein-coding		WP_012739155.1	180	EUBELI_RS04425
NC_012778.1	934571	935215		plus	thiamine diphosphokinase		41355651	protein-coding		WP_041688069.1	214	EUBELI_RS04430
NC_012778.1	935300	936745		plus	acyl-CoA carboxylase subunit beta		41355652	protein-coding		WP_041688071.1	481	EUBELI_RS04435
NC_012778.1	936761	937615		plus	OadG family protein		41357382	protein-coding		WP_049777890.1	284	EUBELI_RS13575
NC_012778.1	937618	937983		plus	biotin/lipoyl-containing protein		41355653	protein-coding		WP_012739159.1	121	EUBELI_RS04445
NC_012778.1	938022	939173		plus	sodium ion-translocating decarboxylase subunit beta		41355654	protein-coding		WP_012739160.1	383	EUBELI_RS04450
NC_012778.1	939186	940604		plus	oxaloacetate decarboxylase subunit alpha		41355655	protein-coding		WP_012739161.1	472	EUBELI_RS04455
NC_012778.1	940793	941413		plus	hypothetical protein		41355656	protein-coding		WP_012739162.1	206	EUBELI_RS04460
NC_012778.1	941406	942356		plus	MurR/RpiR family transcriptional regulator		41355657	protein-coding		WP_012739163.1	316	EUBELI_RS04465
NC_012778.1	942369	943607		plus	BaiN/RdsA family NAD(P)/FAD-dependent oxidoreductase		41355658	protein-coding		WP_012739164.1	412	EUBELI_RS04470
NC_012778.1	943630	944301		plus	(d)CMP kinase	cmk	41355659	protein-coding		WP_012739165.1	223	EUBELI_RS04475
NC_012778.1	944359	945165		plus	4-hydroxy-3-methylbut-2-enyl diphosphate reductase	ispH	41355660	protein-coding		WP_049777977.1	268	EUBELI_RS04480
NC_012778.1	945131	946222		plus	30S ribosomal protein S1	rpsA	41355661	protein-coding		WP_022098514.1	363	EUBELI_RS04485
NC_012778.1	946262	947017		minus	YlmH/Sll1252 family protein		41355662	protein-coding		WP_012739168.1	251	EUBELI_RS04490
NC_012778.1	947129	947911		plus	CheR family methyltransferase		41355663	protein-coding		WP_012739169.1	260	EUBELI_RS04495
NC_012778.1	947958	949070		minus	ribonuclease H-like domain-containing protein		41355664	protein-coding		WP_012739170.1	370	EUBELI_RS04500
NC_012778.1	949230	950549		plus	electron transport complex subunit RsxC	rsxC	41355665	protein-coding		WP_012739171.1	439	EUBELI_RS04505
NC_012778.1	950567	951547		plus	RnfABCDGE type electron transport complex subunit D		41355666	protein-coding		WP_022098519.1	326	EUBELI_RS04510
NC_012778.1	951549	952163		plus	RnfABCDGE type electron transport complex subunit G		41355667	protein-coding		WP_012739173.1	204	EUBELI_RS04515
NC_012778.1	952177	952860		plus	electron transport complex subunit RsxE	rsxE	41355668	protein-coding		WP_022098520.1	227	EUBELI_RS04520
NC_012778.1	952872	953483		plus	electron transport complex protein RnfA		41355669	protein-coding		WP_012739175.1	203	EUBELI_RS04525
NC_012778.1	953499	954290		plus	RnfABCDGE type electron transport complex subunit B		41355670	protein-coding		WP_012739176.1	263	EUBELI_RS04530
NC_012778.1	954380	957196		plus	YfhO family protein		41355671	protein-coding		WP_012739177.1	938	EUBELI_RS04535
NC_012778.1	957199	958500		plus	ATP-binding protein		41355672	protein-coding		WP_012739178.1	433	EUBELI_RS04540
NC_012778.1	958497	959120		plus	Holliday junction branch migration protein RuvA	ruvA	41355673	protein-coding		WP_012739179.1	207	EUBELI_RS04545
NC_012778.1	959153	960154		plus	Holliday junction branch migration DNA helicase RuvB	ruvB	41355674	protein-coding		WP_041688073.1	333	EUBELI_RS04550
NC_012778.1	960251	960658		plus	cell division protein ZapA		41355675	protein-coding		WP_012739181.1	135	EUBELI_RS04555
NC_012778.1	960744	963137		plus	U32 family peptidase		41355676	protein-coding		WP_165437536.1	797	EUBELI_RS04560
NC_012778.1	963168	964544		plus	FtsW/RodA/SpoVE family cell cycle protein		41355677	protein-coding		WP_012739183.1	458	EUBELI_RS04565
NC_012778.1	964477	965970		plus	peptidoglycan D,D-transpeptidase FtsI family protein		41355678	protein-coding		WP_012739184.1	497	EUBELI_RS04570
NC_012778.1	966034	966969		plus	lytic transglycosylase domain-containing protein		41357383	protein-coding		WP_012739185.1	311	EUBELI_RS13580
NC_012778.1	967000	967317		plus	leucine-rich repeat domain-containing protein		41355679	protein-coding		WP_012739186.1	105	EUBELI_RS04580
NC_012778.1	967509	968789		plus	diaminopimelate decarboxylase		41355680	protein-coding		WP_012739187.1	426	EUBELI_RS04585
NC_012778.1	968805	970193		plus	hypothetical protein		41355681	protein-coding		WP_012739188.1	462	EUBELI_RS04590
NC_012778.1	970248	970592		plus	hypothetical protein		41355682	protein-coding		WP_041688075.1	114	EUBELI_RS04595
NC_012778.1	970616	971599		plus	hypothetical protein		41355683	protein-coding		WP_012739190.1	327	EUBELI_RS04600
NC_012778.1	971652	972041		plus	GerW family sporulation protein		41355684	protein-coding		WP_022098535.1	129	EUBELI_RS04605
NC_012778.1	972102	972242		plus	hypothetical protein		44154956	protein-coding		WP_012739192.1	46	EUBELI_RS14345
NC_012778.1	972380	972565		plus	50S ribosomal protein L28	rpmB	41355685	protein-coding		WP_012739193.1	61	EUBELI_RS04610
NC_012778.1	972819	973178		plus	Asp23/Gls24 family envelope stress response protein		41355686	protein-coding		WP_012739194.1	119	EUBELI_RS04615
NC_012778.1	973223	974926		plus	DAK2 domain-containing protein		41355687	protein-coding		WP_012739195.1	567	EUBELI_RS04620
NC_012778.1	974932	976989		plus	ATP-dependent DNA helicase RecG	recG	41355688	protein-coding		WP_012739196.1	685	EUBELI_RS04625
NC_012778.1	977005	977235		plus	hypothetical protein		41355689	protein-coding		WP_012739197.1	76	EUBELI_RS04630
NC_012778.1	977369	978856		plus	stage IV sporulation protein A	spoIVA	41355690	protein-coding		WP_012739198.1	495	EUBELI_RS04635
NC_012778.1	978937	979464		plus	adenine phosphoribosyltransferase		41355691	protein-coding		WP_012739199.1	175	EUBELI_RS04640
NC_012778.1	979525	980262		plus	purine-nucleoside phosphorylase	deoD	41355692	protein-coding		WP_012739200.1	245	EUBELI_RS04645
NC_012778.1	980259	981941		plus	MutS-related protein		41355693	protein-coding		WP_012739201.1	560	EUBELI_RS04650
NC_012778.1	982011	982193		plus	hypothetical protein		41355694	protein-coding		WP_012739202.1	60	EUBELI_RS04655
NC_012778.1	982210	984852		plus	alanine--tRNA ligase	alaS	41355695	protein-coding		WP_012739203.1	880	EUBELI_RS04660
NC_012778.1	984967	985143		plus	30S ribosomal protein S21	rpsU	41355696	protein-coding		WP_005539624.1	58	EUBELI_RS04665
NC_012778.1	985417	985713		plus	YabP/YqfC family sporulation protein		41355697	protein-coding		WP_012739205.1	98	EUBELI_RS04670
NC_012778.1	985697	986881		plus	sporulation protein YqfD		41355698	protein-coding		WP_012739206.1	394	EUBELI_RS04675
NC_012778.1	986874	987893		plus	PhoH family protein		41355699	protein-coding		WP_012739207.1	339	EUBELI_RS04680
NC_012778.1	987895	988404		plus	rRNA maturation RNase YbeY	ybeY	41355700	protein-coding		WP_012739208.1	169	EUBELI_RS04685
NC_012778.1	988417	988797		plus	cytidine deaminase	cdd	41355701	protein-coding		WP_012739209.1	126	EUBELI_RS04690
NC_012778.1	988860	989228		plus	hypothetical protein		41355702	protein-coding		WP_022098549.1	122	EUBELI_RS04695
NC_012778.1	989246	990097		plus	DegV family protein		41355703	protein-coding		WP_012739211.1	283	EUBELI_RS04700
NC_012778.1	990113	990670		plus	TetR/AcrR family transcriptional regulator		41355704	protein-coding		WP_012739212.1	185	EUBELI_RS04705
NC_012778.1	990820	992793		plus	oleate hydratase		41355705	protein-coding		WP_041688078.1	657	EUBELI_RS04710
NC_012778.1	992825	993604		minus	ZIP family metal transporter		41355706	protein-coding		WP_012739214.1	259	EUBELI_RS04715
NC_012778.1	993798	994670		plus	AraC family transcriptional regulator		41355707	protein-coding		WP_041688079.1	290	EUBELI_RS04720
NC_012778.1	994667	996205		plus	glycoside hydrolase family 43 protein		41355708	protein-coding		WP_012739216.1	512	EUBELI_RS04725
NC_012778.1	996211	997455		plus	aminoacetone oxidase family FAD-binding enzyme		41355709	protein-coding		WP_012739217.1	414	EUBELI_RS04730
NC_012778.1	997461	999107		plus	NAD(P)/FAD-dependent oxidoreductase		41355710	protein-coding		WP_012739218.1	548	EUBELI_RS04735
NC_012778.1	999177	1000028		plus	glutamate 5-kinase	proB	41355711	protein-coding		WP_012739219.1	283	EUBELI_RS04740
NC_012778.1	1000070	1001215		plus	hypothetical protein		41355712	protein-coding		WP_012739220.1	381	EUBELI_RS04745
NC_012778.1	1001228	1001482		plus	DUF896 domain-containing protein		41355713	protein-coding		WP_012739221.1	84	EUBELI_RS04750
NC_012778.1	1001483	1002043		plus	5-formyltetrahydrofolate cyclo-ligase		41355714	protein-coding		WP_012739222.1	186	EUBELI_RS04755
NC_012778.1	1002043	1003290		plus	glutamate-5-semialdehyde dehydrogenase		41355715	protein-coding		WP_012739223.1	415	EUBELI_RS04760
NC_012778.1	1003318	1004994		plus	bifunctional diguanylate cyclase/phosphodiesterase		41355716	protein-coding		WP_012739224.1	558	EUBELI_RS04765
NC_012778.1	1005019	1006440		plus	tRNA (N6-isopentenyl adenosine(37)-C2)-methylthiotransferase MiaB	miaB	41355717	protein-coding		WP_012739225.1	473	EUBELI_RS04770
NC_012778.1	1006456	1009110		plus	DNA mismatch repair protein MutS	mutS	41355718	protein-coding		WP_012739226.1	884	EUBELI_RS04775
NC_012778.1	1009134	1011011		plus	DNA mismatch repair endonuclease MutL	mutL	41355719	protein-coding		WP_012739227.1	625	EUBELI_RS04780
NC_012778.1	1011020	1011961		plus	tRNA (adenosine(37)-N6)-dimethylallyltransferase MiaA	miaA	41355720	protein-coding		WP_012739228.1	313	EUBELI_RS04785
NC_012778.1	1011964	1013238		plus	methionine gamma-lyase family protein		41355721	protein-coding		WP_012739229.1	424	EUBELI_RS04790
NC_012778.1	1013317	1013580		plus	DUF4321 domain-containing protein		41355722	protein-coding		WP_012739230.1	87	EUBELI_RS04795
NC_012778.1	1013600	1014292		plus	RadC family protein	radC	41355723	protein-coding		WP_012739231.1	230	EUBELI_RS04800
NC_012778.1	1014315	1015331		plus	rod shape-determining protein		41355724	protein-coding		WP_012739232.1	338	EUBELI_RS04805
NC_012778.1	1015346	1016185		plus	rod shape-determining protein MreC	mreC	41355725	protein-coding		WP_012739233.1	279	EUBELI_RS04810
NC_012778.1	1016205	1016738		plus	rod shape-determining protein MreD	mreD	41355726	protein-coding		WP_012739234.1	177	EUBELI_RS04815
NC_012778.1	1016722	1019475		plus	penicillin-binding transpeptidase domain-containing protein		41355727	protein-coding		WP_012739235.1	917	EUBELI_RS04820
NC_012778.1	1019510	1020250		plus	septum site-determining protein MinC	minC	41355728	protein-coding		WP_012739236.1	246	EUBELI_RS04825
NC_012778.1	1020359	1021171		plus	septum site-determining protein MinD	minD	41355729	protein-coding		WP_012739237.1	270	EUBELI_RS04830
NC_012778.1	1021218	1021493		plus	cell division topological specificity factor MinE	minE	41355730	protein-coding		WP_012739238.1	91	EUBELI_RS04835
NC_012778.1	1021507	1022667		plus	FtsW/RodA/SpoVE family cell cycle protein		41355731	protein-coding		WP_012739239.1	386	EUBELI_RS04840
NC_012778.1	1022708	1023103		plus	methylglyoxal synthase		41355732	protein-coding		WP_012739240.1	131	EUBELI_RS04845
NC_012778.1	1023174	1024223		minus	tyrosine-type recombinase/integrase		41355733	protein-coding		WP_041688082.1	349	EUBELI_RS04850
NC_012778.1	1024319	1025464		minus	DEAD/DEAH box helicase		41355734	protein-coding		WP_012739242.1	381	EUBELI_RS04855
NC_012778.1	1025611	1025988		minus	LysM peptidoglycan-binding domain-containing protein		41355735	protein-coding		WP_012739243.1	125	EUBELI_RS04860
NC_012778.1	1026166	1026786		plus	transcriptional repressor LexA	lexA	41355736	protein-coding		WP_041688084.1	206	EUBELI_RS04865
NC_012778.1	1027151	1027501		minus	ribosome silencing factor	rsfS	41355737	protein-coding		WP_012739246.1	116	EUBELI_RS04870
NC_012778.1	1027505	1028101		minus	bis(5'-nucleosyl)-tetraphosphatase (symmetrical) YqeK	yqeK	41355738	protein-coding		WP_012739247.1	198	EUBELI_RS04875
NC_012778.1	1028113	1028721		minus	nicotinate-nucleotide adenylyltransferase	nadD	41355739	protein-coding		WP_012739248.1	202	EUBELI_RS04880
NC_012778.1	1028718	1029005		minus	ribosome assembly RNA-binding protein YhbY	yhbY	41355740	protein-coding		WP_022098583.1	95	EUBELI_RS04885
NC_012778.1	1029022	1030314		minus	GTPase ObgE	obgE	41355741	protein-coding		WP_012739250.1	430	EUBELI_RS04890
NC_012778.1	1030420	1030710		minus	50S ribosomal protein L27	rpmA	41355742	protein-coding		WP_022098585.1	96	EUBELI_RS04895
NC_012778.1	1030715	1031041		minus	ribosomal-processing cysteine protease Prp		41355743	protein-coding		WP_012739252.1	108	EUBELI_RS04900
NC_012778.1	1031075	1031383		minus	50S ribosomal protein L21	rplU	41355744	protein-coding		WP_012739253.1	102	EUBELI_RS04905
NC_012778.1	1031534	1032130		minus	phosphatase PAP2 family protein		41357384	protein-coding		WP_049777900.1	198	EUBELI_RS13585
NC_012778.1	1032148	1033377		minus	ribonuclease E/G		41355745	protein-coding		WP_012739255.1	409	EUBELI_RS04915
NC_012778.1	1033381	1034469		minus	1-(5-phosphoribosyl)-5-[(5-phosphoribosylamino)methylideneamino]imidazole-4-carboxamide isomerase	hisA	41355746	protein-coding		WP_012739256.1	362	EUBELI_RS04920
NC_012778.1	1034492	1035091		minus	imidazoleglycerol-phosphate dehydratase HisB	hisB	41355747	protein-coding		WP_012739257.1	199	EUBELI_RS04925
NC_012778.1	1035122	1036414		minus	histidinol dehydrogenase	hisD	41355748	protein-coding		WP_012739258.1	430	EUBELI_RS04930
NC_012778.1	1036441	1037091		minus	ATP phosphoribosyltransferase	hisG	41355749	protein-coding		WP_012739259.1	216	EUBELI_RS04935
NC_012778.1	1037091	1038371		minus	ATP phosphoribosyltransferase regulatory subunit	hisZ	41355750	protein-coding		WP_012739260.1	426	EUBELI_RS04940
NC_012778.1	1038482	1039414		minus	diguanylate cyclase domain-containing protein		41355751	protein-coding		WP_012739261.1	310	EUBELI_RS04945
NC_012778.1	1039432	1039962		minus	Holliday junction resolvase RecU		41355752	protein-coding		WP_041688086.1	176	EUBELI_RS04950
NC_012778.1	1039920	1040921		minus	RluA family pseudouridine synthase		41355753	protein-coding		WP_012739263.1	333	EUBELI_RS04955
NC_012778.1	1040937	1041512		minus	hypothetical protein		41355754	protein-coding		WP_012739264.1	191	EUBELI_RS04960
NC_012778.1	1041490	1043328		minus	YgiQ family radical SAM protein		41355755	protein-coding		WP_012739265.1	612	EUBELI_RS04965
NC_012778.1	1043339	1044073		minus	pseudouridine synthase		41355756	protein-coding		WP_012739266.1	244	EUBELI_RS04970
NC_012778.1	1044074	1045432		minus	RsmF rRNA methyltransferase first C-terminal domain-containing protein		41355757	protein-coding		WP_041688088.1	452	EUBELI_RS04975
NC_012778.1	1045470	1046273		minus	GTP pyrophosphokinase		41355758	protein-coding		WP_012739268.1	267	EUBELI_RS04980
NC_012778.1	1046368	1047231		plus	spermidine/putrescine ABC transporter permease		41355759	protein-coding		WP_012739269.1	287	EUBELI_RS04985
NC_012778.1	1047236	1047847		minus	ATP synthase subunit B family protein		41355760	protein-coding		WP_012739270.1	203	EUBELI_RS04990
NC_012778.1	1047871	1048356		minus	pantetheine-phosphate adenylyltransferase	coaD	41355761	protein-coding		WP_012739271.1	161	EUBELI_RS04995
NC_012778.1	1048359	1048940		minus	16S rRNA (guanine(966)-N(2))-methyltransferase RsmD	rsmD	41355762	protein-coding		WP_228003431.1	193	EUBELI_RS05000
NC_012778.1	1048945	1051428		minus	LuxR C-terminal-related transcriptional regulator		41355763	protein-coding		WP_012739273.1	827	EUBELI_RS05005
NC_012778.1	1051471	1052481		minus	NAD(P)H-dependent glycerol-3-phosphate dehydrogenase		41355764	protein-coding		WP_041688090.1	336	EUBELI_RS05010
NC_012778.1	1052518	1053180		minus	glycerol-3-phosphate 1-O-acyltransferase PlsY	plsY	41355765	protein-coding		WP_012739275.1	220	EUBELI_RS05015
NC_012778.1	1053180	1054505		minus	ribosome biogenesis GTPase Der	der	41355766	protein-coding		WP_012739276.1	441	EUBELI_RS05020
NC_012778.1	1054645	1055478		plus	hypothetical protein		41355767	protein-coding		WP_012739277.1	277	EUBELI_RS05025
NC_012778.1	1055531	1056415		minus	peptidoglycan editing factor PgeF	pgeF	41355768	protein-coding		WP_012739278.1	294	EUBELI_RS05030
NC_012778.1	1056430	1056777		minus	YraN family protein		41355769	protein-coding		WP_012739279.1	115	EUBELI_RS05035
NC_012778.1	1056777	1057067		minus	EscU/YscU/HrcU family type III secretion system export apparatus switch protein		41355770	protein-coding		WP_012739280.1	96	EUBELI_RS05040
NC_012778.1	1057095	1058636		minus	flagellar hook-length control protein FliK		41355771	protein-coding		WP_012739281.1	513	EUBELI_RS05045
NC_012778.1	1058647	1059303		minus	ribonuclease HII		41355772	protein-coding		WP_012739282.1	218	EUBELI_RS05050
NC_012778.1	1059324	1060223		minus	ribosome biogenesis GTPase YlqF	ylqF	41355773	protein-coding		WP_041688092.1	299	EUBELI_RS05055
NC_012778.1	1060235	1060792		minus	signal peptidase I	lepB	41355774	protein-coding		WP_012739284.1	185	EUBELI_RS05060
NC_012778.1	1060871	1061218		minus	50S ribosomal protein L19	rplS	41355775	protein-coding		WP_012739285.1	115	EUBELI_RS05065
NC_012778.1	1061349	1061867		minus	ribosome maturation factor RimM	rimM	41355776	protein-coding		WP_012739286.1	172	EUBELI_RS05070
NC_012778.1	1061952	1062182		minus	KH domain-containing protein		41355777	protein-coding		WP_012739287.1	76	EUBELI_RS05075
NC_012778.1	1062206	1062451		minus	30S ribosomal protein S16	rpsP	41355778	protein-coding		WP_012739288.1	81	EUBELI_RS05080
NC_012778.1	1062492	1063838		minus	signal recognition particle protein	ffh	41355779	protein-coding		WP_012739289.1	448	EUBELI_RS05085
NC_012778.1	1063850	1064194		minus	YlxM family DNA-binding protein	ylxM	41355780	protein-coding		WP_181990434.1	114	EUBELI_RS05090
NC_012778.1	1064318	1065568		minus	AI-2E family transporter		41355781	protein-coding		WP_012739291.1	416	EUBELI_RS05095
NC_012778.1	1065595	1066812		minus	threonine ammonia-lyase	ilvA	41355782	protein-coding		WP_012739292.1	405	EUBELI_RS05100
NC_012778.1	1066844	1067779		minus	signal recognition particle-docking protein FtsY	ftsY	41355783	protein-coding		WP_012739293.1	311	EUBELI_RS05105
NC_012778.1	1067782	1071351		minus	chromosome segregation protein SMC	smc	41355784	protein-coding		WP_012739294.1	1189	EUBELI_RS05110
NC_012778.1	1071365	1072078		minus	ribonuclease III	rnc	41355785	protein-coding		WP_012739295.1	237	EUBELI_RS05115
NC_012778.1	1072181	1072414		minus	acyl carrier protein	acpP	41355786	protein-coding		WP_012739296.1	77	EUBELI_RS05120
NC_012778.1	1072435	1073448		minus	phosphate acyltransferase PlsX	plsX	41355787	protein-coding		WP_012739297.1	337	EUBELI_RS05125
NC_012778.1	1073524	1074045		minus	hypothetical protein		41355788	protein-coding		WP_012739298.1	173	EUBELI_RS05130
NC_012778.1	1074157	1074336		minus	50S ribosomal protein L32	rpmF	41355789	protein-coding		WP_022098626.1	59	EUBELI_RS05135
NC_012778.1	1074340	1074864		minus	YceD family protein		41355790	protein-coding		WP_012739299.1	174	EUBELI_RS05140
NC_012778.1	1074998	1076197		minus	acetate/propionate family kinase		41355791	protein-coding		WP_022098628.1	399	EUBELI_RS05145
NC_012778.1	1076225	1077220		minus	phosphate acetyltransferase	pta	41355792	protein-coding		WP_012739301.1	331	EUBELI_RS05150
NC_012778.1	1077428	1078639		plus	nucleotidyltransferase		41355793	protein-coding		WP_012739302.1	403	EUBELI_RS05155
NC_012778.1	1078698	1080062		minus	PFL family protein		41355794	protein-coding		WP_012739303.1	454	EUBELI_RS05160
NC_012778.1	1080086	1080358		minus	ACT domain-containing protein		41355795	protein-coding		WP_012739304.1	90	EUBELI_RS05165
NC_012778.1	1080392	1081201		minus	MBL fold metallo-hydrolase		41355796	protein-coding		WP_012739305.1	269	EUBELI_RS05170
NC_012778.1	1081204	1083258		minus	cell division FtsA domain-containing protein		41355797	protein-coding		WP_012739306.1	684	EUBELI_RS05175
NC_012778.1	1083297	1083887		minus	dephospho-CoA kinase	coaE	41355798	protein-coding		WP_012739307.1	196	EUBELI_RS05180
NC_012778.1	1083887	1086571		minus	DNA polymerase I	polA	41355799	protein-coding		WP_012739308.1	894	EUBELI_RS05185
NC_012778.1	1086587	1086955		minus	zf-HC2 domain-containing protein		41355800	protein-coding		WP_041688094.1	122	EUBELI_RS05190
NC_012778.1	1087073	1087155		plus	tRNA-Leu		41355801	tRNA				EUBELI_RS05195
NC_012778.1	1087236	1088672		minus	glycogen synthase GlgA	glgA	41355802	protein-coding		WP_012739310.1	478	EUBELI_RS05200
NC_012778.1	1088784	1089833		minus	C40 family peptidase		41355803	protein-coding		WP_012739311.1	349	EUBELI_RS05205
NC_012778.1	1089958	1090743		minus	sporulation transcription factor Spo0A	spo0A	41355804	protein-coding		WP_041688096.1	261	EUBELI_RS05210
NC_012778.1	1090896	1092245		minus	sodium-dependent transporter		41355805	protein-coding		WP_012739313.1	449	EUBELI_RS05215
NC_012778.1	1092264	1093514		minus	SpoIVB peptidase	spoIVB	41355806	protein-coding		WP_012739314.1	416	EUBELI_RS05220
NC_012778.1	1093601	1095274		minus	DNA repair protein RecN	recN	41355807	protein-coding		WP_012739315.1	557	EUBELI_RS05225
NC_012778.1	1095298	1095753		minus	arginine repressor	argR	41355808	protein-coding		WP_012739316.1	151	EUBELI_RS05230
NC_012778.1	1095766	1096647		minus	NAD(+)/NADH kinase		41355809	protein-coding		WP_012739317.1	293	EUBELI_RS05235
NC_012778.1	1096688	1097491		minus	TlyA family RNA methyltransferase		41355810	protein-coding		WP_012739318.1	267	EUBELI_RS05240
NC_012778.1	1097484	1099373		minus	1-deoxy-D-xylulose-5-phosphate synthase	dxs	41355811	protein-coding		WP_012739319.1	629	EUBELI_RS05245
NC_012778.1	1099386	1100279		minus	polyprenyl synthetase family protein		41355812	protein-coding		WP_012739320.1	297	EUBELI_RS05250
NC_012778.1	1100272	1100472		minus	exodeoxyribonuclease VII small subunit	xseB	41355813	protein-coding		WP_012739321.1	66	EUBELI_RS05255
NC_012778.1	1100457	1101668		minus	exodeoxyribonuclease VII large subunit	xseA	41355814	protein-coding		WP_012739322.1	403	EUBELI_RS05260
NC_012778.1	1101699	1102121		minus	transcription antitermination factor NusB	nusB	41355815	protein-coding		WP_022098648.1	140	EUBELI_RS05265
NC_012778.1	1102138	1102524		minus	Asp23/Gls24 family envelope stress response protein		41355816	protein-coding		WP_041688098.1	128	EUBELI_RS05270
NC_012778.1	1102582	1103169		minus	SpoIIIAH-like family protein		41355817	protein-coding		WP_022098650.1	195	EUBELI_RS05275
NC_012778.1	1103187	1103594		minus	hypothetical protein		41355818	protein-coding		WP_012739326.1	135	EUBELI_RS05280
NC_012778.1	1103587	1104096		minus	stage III sporulation protein AF		41355819	protein-coding		WP_012739327.1	169	EUBELI_RS05285
NC_012778.1	1104112	1105209		minus	stage III sporulation protein AE		41355820	protein-coding		WP_012739328.1	365	EUBELI_RS05290
NC_012778.1	1105230	1105619		minus	SpoIIIAC/SpoIIIAD family protein		41355821	protein-coding		WP_147345962.1	129	EUBELI_RS05295
NC_012778.1	1105626	1105820		minus	stage III sporulation protein AC	spoIIIAC	41355822	protein-coding		WP_012739330.1	64	EUBELI_RS05300
NC_012778.1	1105835	1106353		minus	stage III sporulation protein AB		41355823	protein-coding		WP_012739331.1	172	EUBELI_RS05305
NC_012778.1	1106338	1107192		minus	stage III sporulation protein AA		41355824	protein-coding		WP_022098655.1	284	EUBELI_RS05310
NC_012778.1	1107244	1109949		minus	ABC transporter permease		41355825	protein-coding		WP_012739333.1	901	EUBELI_RS05315
NC_012778.1	1109971	1110672		minus	ABC transporter ATP-binding protein		41355826	protein-coding		WP_012739334.1	233	EUBELI_RS05320
NC_012778.1	1110799	1112046		plus	D-alanyl-D-alanine carboxypeptidase family protein		41357385	protein-coding		WP_012739335.1	415	EUBELI_RS13590
NC_012778.1	1112156	1113025		plus	polysaccharide deacetylase family protein		41355827	protein-coding		WP_041688099.1	289	EUBELI_RS05330
NC_012778.1	1113075	1114322		minus	ABC transporter permease		41355828	protein-coding		WP_012739337.1	415	EUBELI_RS05335
NC_012778.1	1114322	1115239		minus	ABC transporter ATP-binding protein		41355829	protein-coding		WP_012739338.1	305	EUBELI_RS05340
NC_012778.1	1115414	1116031		plus	peptidylprolyl isomerase		41355830	protein-coding		WP_012739339.1	205	EUBELI_RS05345
NC_012778.1	1116083	1116511		minus	hypothetical protein		41355831	protein-coding		WP_012739340.1	142	EUBELI_RS05350
NC_012778.1	1116615	1116863		minus	hypothetical protein		41355832	protein-coding		WP_041688101.1	82	EUBELI_RS05355
NC_012778.1	1117020	1118078		minus	Fic family protein		41355833	protein-coding		WP_012739342.1	352	EUBELI_RS05360
NC_012778.1	1118560	1118847		minus	hypothetical protein		41355834	protein-coding		WP_012739343.1	95	EUBELI_RS05365
NC_012778.1	1118899	1119402		minus	hypothetical protein		41355835	protein-coding		WP_041688103.1	167	EUBELI_RS05370
NC_012778.1	1119750	1120547		minus	gluconate 5-dehydrogenase		41355836	protein-coding		WP_012739345.1	265	EUBELI_RS05375
NC_012778.1	1120630	1121472		minus	5-dehydro-4-deoxy-D-glucuronate isomerase	kduI	41355837	protein-coding		WP_012739346.1	280	EUBELI_RS05380
NC_012778.1	1121558	1122862		minus	pyrimidine-nucleoside phosphorylase		41355838	protein-coding		WP_012739347.1	434	EUBELI_RS05385
NC_012778.1	1122875	1124050		minus	phosphopentomutase		41355839	protein-coding		WP_012739348.1	391	EUBELI_RS05390
NC_012778.1	1124209	1125237		plus	3-deoxy-7-phosphoheptulonate synthase		41355840	protein-coding		WP_012739349.1	342	EUBELI_RS05395
NC_012778.1	1125211	1125762		minus	stage II sporulation protein M		41355841	protein-coding		WP_012739350.1	183	EUBELI_RS05400
NC_012778.1	1125810	1126361		minus	NUDIX hydrolase		41355842	protein-coding		WP_012739351.1	183	EUBELI_RS05405
NC_012778.1	1126386	1127183		minus	pyrroline-5-carboxylate reductase	proC	41355843	protein-coding		WP_012739352.1	265	EUBELI_RS05410
NC_012778.1	1127295	1128578		minus	aminotransferase class I/II-fold pyridoxal phosphate-dependent enzyme		41355844	protein-coding		WP_041688107.1	427	EUBELI_RS05415
NC_012778.1	1128775	1130283		minus	ribonuclease Y	rny	41355845	protein-coding		WP_408606596.1	502	EUBELI_RS05420
NC_012778.1	1130385	1131038		minus	regulatory protein RecX		41355846	protein-coding		WP_012739355.1	217	EUBELI_RS05425
NC_012778.1	1131053	1132123		minus	recombinase RecA	recA	41355847	protein-coding		WP_012739356.1	356	EUBELI_RS05430
NC_012778.1	1132820	1133308		minus	CinA family protein		41355848	protein-coding		WP_012739357.1	162	EUBELI_RS05435
NC_012778.1	1133311	1133853		minus	CDP-diacylglycerol--glycerol-3-phosphate 3-phosphatidyltransferase	pgsA	41355849	protein-coding		WP_012739358.1	180	EUBELI_RS05440
NC_012778.1	1133854	1135185		minus	30S ribosomal protein S12 methylthiotransferase RimO	rimO	41355850	protein-coding		WP_041688604.1	443	EUBELI_RS05445
NC_012778.1	1135359	1136126		plus	ECF transporter S component		41355851	protein-coding		WP_012739360.1	255	EUBELI_RS05450
NC_012778.1	1136390	1137559		minus	23S rRNA (uracil(1939)-C(5))-methyltransferase RlmD	rlmD	41355852	protein-coding		WP_012739361.1	389	EUBELI_RS05455
NC_012778.1	1137694	1138074		minus	DNA-directed RNA polymerase subunit omega	rpoZ	41355853	protein-coding		WP_049777911.1	126	EUBELI_RS05460
NC_012778.1	1138079	1138708		minus	guanylate kinase	gmk	41355854	protein-coding		WP_012739363.1	209	EUBELI_RS05465
NC_012778.1	1138813	1139691		minus	YicC/YloC family endoribonuclease		41355855	protein-coding		WP_012739364.1	292	EUBELI_RS05470
NC_012778.1	1139825	1141552		plus	Rqc2 family fibronectin-binding protein		41355856	protein-coding		WP_012739365.1	575	EUBELI_RS05475
NC_012778.1	1141608	1142798		minus	hypothetical protein		41355857	protein-coding		WP_012739366.1	396	EUBELI_RS05480
NC_012778.1	1142823	1144046		minus	tyrosine--tRNA ligase	tyrS	41355858	protein-coding		WP_041688109.1	407	EUBELI_RS05485
NC_012778.1	1144575	1146002		minus	pyruvate kinase	pyk	41355859	protein-coding		WP_041688110.1	475	EUBELI_RS05490
NC_012778.1	1146106	1147128		minus	rhomboid family protein		41355860	protein-coding		WP_012739369.1	340	EUBELI_RS05495
NC_012778.1	1147444	1151694		plus	2-hydroxyacyl-CoA dehydratase		41355861	protein-coding		WP_012739370.1	1416	EUBELI_RS05500
NC_012778.1	1151763	1151885		plus	hypothetical protein		79984127	protein-coding		WP_012739371.1	40	EUBELI_RS14800
NC_012778.1	1151939	1152718		minus	hypothetical protein		41355862	protein-coding		WP_012739372.1	259	EUBELI_RS05505
NC_012778.1	1152736	1153563		minus	hypothetical protein		41355863	protein-coding		WP_012739373.1	275	EUBELI_RS05510
NC_012778.1	1153564	1154097		minus	hypothetical protein		41355864	protein-coding		WP_012739374.1	177	EUBELI_RS05515
NC_012778.1	1154084	1154929		minus	hypothetical protein		41355865	protein-coding		WP_012739375.1	281	EUBELI_RS05520
NC_012778.1	1154930	1155583		minus	ATP-binding cassette domain-containing protein		41355866	protein-coding		WP_012739376.1	217	EUBELI_RS05525
NC_012778.1	1155589	1156377		minus	hypothetical protein		41355867	protein-coding		WP_012739377.1	262	EUBELI_RS05530
NC_012778.1	1156563	1157675		minus	sensor histidine kinase		41355868	protein-coding		WP_012739378.1	370	EUBELI_RS05535
NC_012778.1	1157678	1158397		minus	LytR/AlgR family response regulator transcription factor		41355869	protein-coding		WP_012739379.1	239	EUBELI_RS05540
NC_012778.1	1158442	1159971		minus	sodium/proline symporter		41355870	protein-coding		WP_012739380.1	509	EUBELI_RS05545
NC_012778.1	1160070	1160978		minus	L,D-transpeptidase		41355871	protein-coding		WP_012739381.1	302	EUBELI_RS05550
NC_012778.1	1161011	1161649		minus	cytidylate kinase-like family protein		41355872	protein-coding		WP_012739382.1	212	EUBELI_RS05555
NC_012778.1	1161765	1162307		minus	hypothetical protein		41357386	protein-coding		WP_012739383.1	180	EUBELI_RS13595
NC_012778.1	1162304	1163236		minus	RluA family pseudouridine synthase		41355873	protein-coding		WP_012739384.1	310	EUBELI_RS05565
NC_012778.1	1163229	1163756		minus	signal peptidase II	lspA	41355874	protein-coding		WP_012739385.1	175	EUBELI_RS05570
NC_012778.1	1163780	1164865		minus	3-dehydroquinate synthase	aroB	41355875	protein-coding		WP_041688112.1	361	EUBELI_RS05575
NC_012778.1	1164931	1165482		minus	cell division protein SepF		41355876	protein-coding		WP_012739387.1	183	EUBELI_RS05580
NC_012778.1	1165539	1166231		minus	YggS family pyridoxal phosphate-dependent enzyme		41355877	protein-coding		WP_012739388.1	230	EUBELI_RS05585
NC_012778.1	1166272	1167660		minus	HlyD family efflux transporter periplasmic adaptor subunit		41355878	protein-coding		WP_041688114.1	462	EUBELI_RS05590
NC_012778.1	1167862	1168074		plus	DUF378 domain-containing protein		41355879	protein-coding		WP_012739390.1	70	EUBELI_RS05595
NC_012778.1	1168115	1169308		minus	bifunctional phosphopantothenoylcysteine decarboxylase/phosphopantothenate--cysteine ligase CoaBC	coaBC	41355880	protein-coding		WP_012739391.1	397	EUBELI_RS05600
NC_012778.1	1169339	1170145		minus	type III pantothenate kinase		41355881	protein-coding		WP_012739392.1	268	EUBELI_RS05605
NC_012778.1	1170145	1171473		minus	tRNA (N(6)-L-threonylcarbamoyladenosine(37)-C(2))-methylthiotransferase MtaB	mtaB	41355882	protein-coding		WP_081458292.1	442	EUBELI_RS05610
NC_012778.1	1171577	1171810		plus	HPr family phosphocarrier protein		41355883	protein-coding		WP_012739394.1	77	EUBELI_RS05615
NC_012778.1	1171866	1173047		minus	tRNA uracil 4-sulfurtransferase ThiI	thiI	41355884	protein-coding		WP_012739395.1	393	EUBELI_RS05620
NC_012778.1	1173125	1174282		minus	cysteine desulfurase family protein		41355885	protein-coding		WP_012739396.1	385	EUBELI_RS05625
NC_012778.1	1174299	1175036		minus	16S rRNA (uracil(1498)-N(3))-methyltransferase		41355886	protein-coding		WP_012739397.1	245	EUBELI_RS05630
NC_012778.1	1175040	1175996		minus	50S ribosomal protein L11 methyltransferase	prmA	41355887	protein-coding		WP_012739398.1	318	EUBELI_RS05635
NC_012778.1	1176026	1177429		minus	aminopeptidase		41355888	protein-coding		WP_012739399.1	467	EUBELI_RS05640
NC_012778.1	1177446	1178063		minus	SMC-Scp complex subunit ScpB	scpB	41355889	protein-coding		WP_012739400.1	205	EUBELI_RS05645
NC_012778.1	1178065	1178841		minus	segregation and condensation protein A		41355890	protein-coding		WP_041688116.1	258	EUBELI_RS05650
NC_012778.1	1178983	1179837		plus	YihY/virulence factor BrkB family protein		41355891	protein-coding		WP_012739402.1	284	EUBELI_RS05655
NC_012778.1	1179806	1181536		minus	SpoIID/LytB domain-containing protein		41355892	protein-coding		WP_049777917.1	576	EUBELI_RS05660
NC_012778.1	1181805	1181984		minus	6S RNA	ssrS	41357438	ncRNA				EUBELI_RS13885
NC_012778.1	1182141	1183745		minus	phosphoenolpyruvate carboxykinase (ATP)	pckA	41355893	protein-coding		WP_012739404.1	534	EUBELI_RS05665
NC_012778.1	1183886	1184824		minus	sigma-70 domain-containing protein		41355894	protein-coding		WP_012739405.1	312	EUBELI_RS05670
NC_012778.1	1184976	1185614		plus	RpiB/LacA/LacB family sugar-phosphate isomerase		41355895	protein-coding		WP_022097436.1	212	EUBELI_RS05675
NC_012778.1	1185680	1186237		minus	biotin transporter BioY		41355896	protein-coding		WP_012739407.1	185	EUBELI_RS05680
NC_012778.1	1186358	1186777		minus	GNAT family N-acetyltransferase		41355897	protein-coding		WP_012739408.1	139	EUBELI_RS05685
NC_012778.1	1186880	1187821		plus	pectinesterase family protein		41355898	protein-coding		WP_012739409.1	313	EUBELI_RS05690
NC_012778.1	1187818	1188537		minus	hypothetical protein		41355899	protein-coding		WP_012739410.1	239	EUBELI_RS05695
NC_012778.1	1188627	1190261		minus	sensor histidine kinase		41355900	protein-coding		WP_012739411.1	544	EUBELI_RS05700
NC_012778.1	1190289	1190966		minus	response regulator transcription factor		41355901	protein-coding		WP_012739412.1	225	EUBELI_RS05705
NC_012778.1	1191061	1191708		minus	hypothetical protein		41355902	protein-coding		WP_012739413.1	215	EUBELI_RS05710
NC_012778.1	1191762	1192247		minus	HD domain-containing protein		41355903	protein-coding		WP_012739414.1	161	EUBELI_RS05715
NC_012778.1	1192259	1192885		minus	lactate utilization protein		41355904	protein-coding		WP_012739415.1	208	EUBELI_RS05720
NC_012778.1	1192982	1193953		minus	hypothetical protein		41355905	protein-coding		WP_012739416.1	323	EUBELI_RS05725
NC_012778.1	1194003	1194476		minus	flavodoxin		41355906	protein-coding		WP_012739417.1	157	EUBELI_RS05730
NC_012778.1	1195041	1195379		minus	transfer-messenger RNA	ssrA	41357439	other				EUBELI_RS13890
NC_012778.1	1195469	1195951		minus	SsrA-binding protein SmpB	smpB	41355907	protein-coding		WP_022097410.1	160	EUBELI_RS05735
NC_012778.1	1195970	1198090		minus	ribonuclease R	rnr	41355908	protein-coding		WP_012739419.1	706	EUBELI_RS05740
NC_012778.1	1198200	1198475		minus	preprotein translocase subunit SecG	secG	41355909	protein-coding		WP_228003404.1	91	EUBELI_RS05745
NC_012778.1	1198604	1200154		minus	2,3-bisphosphoglycerate-independent phosphoglycerate mutase	gpmI	41355910	protein-coding		WP_012739421.1	516	EUBELI_RS05750
NC_012778.1	1200276	1201025		minus	triose-phosphate isomerase	tpiA	41355911	protein-coding		WP_012739422.1	249	EUBELI_RS05755
NC_012778.1	1201244	1202437		minus	phosphoglycerate kinase		41355912	protein-coding		WP_041688118.1	397	EUBELI_RS05760
NC_012778.1	1202538	1203566		minus	type I glyceraldehyde-3-phosphate dehydrogenase	gap	41355913	protein-coding		WP_012739424.1	342	EUBELI_RS05765
NC_012778.1	1203783	1205561		minus	Na/Pi cotransporter family protein		41355914	protein-coding		WP_228003403.1	592	EUBELI_RS05770
NC_012778.1	1205831	1206640		plus	histidinol-phosphatase HisJ family protein		41355915	protein-coding		WP_041688120.1	269	EUBELI_RS05775
NC_012778.1	1206685	1207995		minus	alpha-amylase family glycosyl hydrolase		41355916	protein-coding		WP_012739427.1	436	EUBELI_RS05780
NC_012778.1	1208033	1209163		minus	cysteine desulfurase family protein		41355917	protein-coding		WP_012739428.1	376	EUBELI_RS05785
NC_012778.1	1209246	1210754		plus	oligosaccharide flippase family protein		41355918	protein-coding		WP_148231342.1	502	EUBELI_RS05790
NC_012778.1	1210720	1211037		minus	hypothetical protein		41355919	protein-coding		WP_193359389.1	105	EUBELI_RS05795
NC_012778.1	1211030	1211506		minus	hypothetical protein		41355920	protein-coding		WP_012739432.1	158	EUBELI_RS05800
NC_012778.1	1211537	1211671		minus	hypothetical protein		79984128	protein-coding		WP_012739433.1	44	EUBELI_RS14805
NC_012778.1	1211939	1212871		minus	homoserine O-acetyltransferase MetA	metA	41355921	protein-coding		WP_012739434.1	310	EUBELI_RS05805
NC_012778.1	1212947	1214956		minus	NAD-dependent DNA ligase LigA	ligA	41355922	protein-coding		WP_012739435.1	669	EUBELI_RS05810
NC_012778.1	1215022	1215732		minus	pseudouridine synthase		41355923	protein-coding		WP_049777922.1	236	EUBELI_RS05815
NC_012778.1	1215882	1215955		plus	tRNA-Arg		41355924	tRNA				EUBELI_RS05820
NC_012778.1	1215970	1216866		minus	DUF5688 family protein		41355925	protein-coding		WP_012739437.1	298	EUBELI_RS05825
NC_012778.1	1217116	1218558		minus	aminoacyl-histidine dipeptidase		41355926	protein-coding		WP_012739438.1	480	EUBELI_RS05830
NC_012778.1	1218915	1220021		minus	stage II sporulation protein P		41355927	protein-coding		WP_012739440.1	368	EUBELI_RS05835
NC_012778.1	1220063	1220878		minus	GPR endopeptidase	gpr	41355928	protein-coding		WP_012739441.1	271	EUBELI_RS05840
NC_012778.1	1221066	1221329		plus	30S ribosomal protein S20	rpsT	41355929	protein-coding		WP_041688124.1	87	EUBELI_RS05845
NC_012778.1	1221389	1222363		minus	DNA polymerase III subunit delta	holA	41355930	protein-coding		WP_012739443.1	324	EUBELI_RS05850
NC_012778.1	1222459	1224879		minus	DNA internalization-related competence protein ComEC/Rec2		41355931	protein-coding		WP_012739444.1	806	EUBELI_RS05855
NC_012778.1	1224913	1225833		minus	GerMN domain-containing protein		41357387	protein-coding		WP_012739445.1	306	EUBELI_RS13600
NC_012778.1	1225861	1227351		minus	HAMP domain-containing sensor histidine kinase		41355932	protein-coding		WP_012739446.1	496	EUBELI_RS05865
NC_012778.1	1227344	1228033		minus	response regulator transcription factor		41355933	protein-coding		WP_041688125.1	229	EUBELI_RS05870
NC_012778.1	1228053	1228658		minus	helix-hairpin-helix domain-containing protein		41355934	protein-coding		WP_012739448.1	201	EUBELI_RS05875
NC_012778.1	1228819	1231545		plus	YfhO family protein		41355935	protein-coding		WP_012739449.1	908	EUBELI_RS05880
NC_012778.1	1231546	1232922		plus	argininosuccinate lyase	argH	41355936	protein-coding		WP_012739450.1	458	EUBELI_RS05885
NC_012778.1	1233450	1235759		minus	DNA gyrase/topoisomerase IV subunit A		41355937	protein-coding		WP_012739451.1	769	EUBELI_RS05890
NC_012778.1	1235778	1237694		minus	DNA gyrase/topoisomerase IV subunit B		41355938	protein-coding		WP_012739452.1	638	EUBELI_RS05895
NC_012778.1	1237712	1238710		minus	peptidylprolyl isomerase		41355939	protein-coding		WP_012739453.1	332	EUBELI_RS05900
NC_012778.1	1238727	1239206		minus	23S rRNA (pseudouridine(1915)-N(3))-methyltransferase RlmH	rlmH	41355940	protein-coding		WP_012739454.1	159	EUBELI_RS05905
NC_012778.1	1239212	1239475		minus	hypothetical protein		41355941	protein-coding		WP_012739455.1	87	EUBELI_RS05910
NC_012778.1	1239489	1240271		minus	Cof-type HAD-IIB family hydrolase		41355942	protein-coding		WP_012739456.1	260	EUBELI_RS05915
NC_012778.1	1240283	1240846		minus	Maf family protein		41355943	protein-coding		WP_012739457.1	187	EUBELI_RS05920
NC_012778.1	1241007	1242551		minus	hypothetical protein		41355944	protein-coding		WP_012739458.1	514	EUBELI_RS05925
NC_012778.1	1242767	1244428		minus	2-isopropylmalate synthase		41355945	protein-coding		WP_012739459.1	553	EUBELI_RS05930
NC_012778.1	1244785	1246158		minus	hypothetical protein		41355946	protein-coding		WP_012739460.1	457	EUBELI_RS05935
NC_012778.1	1246170	1247300		minus	DUF58 domain-containing protein		41355947	protein-coding		WP_012739461.1	376	EUBELI_RS05940
NC_012778.1	1247300	1248235		minus	AAA family ATPase		41355948	protein-coding		WP_012739462.1	311	EUBELI_RS05945
NC_012778.1	1248350	1248805		minus	Lrp/AsnC family transcriptional regulator		41355949	protein-coding		WP_012739463.1	151	EUBELI_RS05950
NC_012778.1	1249046	1249357		plus	DUF1292 domain-containing protein		41355950	protein-coding		WP_041688126.1	103	EUBELI_RS05955
NC_012778.1	1249311	1251167		minus	ATP-dependent helicase		41355951	protein-coding		WP_049777924.1	618	EUBELI_RS05960
NC_012778.1	1251270	1251770		minus	GreA/GreB family elongation factor		41355952	protein-coding		WP_012739465.1	166	EUBELI_RS05965
NC_012778.1	1251849	1252016		minus	DUF454 domain-containing protein		41357487	protein-coding		WP_148231343.1	55	EUBELI_RS14215
NC_012778.1	1252019	1252324		minus	ABC transporter ATP-binding protein/permease		41355953	protein-coding		WP_041688128.1	101	EUBELI_RS05975
NC_012778.1	1252508	1252581		plus	tRNA-Pro		41355954	tRNA				EUBELI_RS05980
NC_012778.1	1252634	1253299		minus	energy-coupled thiamine transporter ThiT		41355955	protein-coding		WP_012739468.1	221	EUBELI_RS05985
NC_012778.1	1253440	1257435		minus	pectinesterase family protein		41355956	protein-coding		WP_012739469.1	1331	EUBELI_RS05990
NC_012778.1	1257654	1258514		plus	helix-turn-helix transcriptional regulator		41355957	protein-coding		WP_041688129.1	286	EUBELI_RS05995
NC_012778.1	1258585	1259628		minus	hypothetical protein		41355958	protein-coding		WP_012739471.1	347	EUBELI_RS06000
NC_012778.1	1259633	1260973		minus	hypothetical protein		41355959	protein-coding		WP_012739472.1	446	EUBELI_RS06005
NC_012778.1	1261098	1261361		plus	helix-turn-helix domain-containing protein		41355960	protein-coding		WP_012739473.1	87	EUBELI_RS06010
NC_012778.1	1261440	1262450		minus	GGGtGRT protein		41355961	protein-coding		WP_012739474.1	336	EUBELI_RS06015
NC_012778.1	1262465	1263169		minus	iron-sulfur cluster assembly scaffold protein		41355962	protein-coding		WP_022097694.1	234	EUBELI_RS06020
NC_012778.1	1263323	1263994		minus	LbetaH domain-containing protein		41355963	protein-coding		WP_012739476.1	223	EUBELI_RS06025
NC_012778.1	1264018	1265838		minus	glutamine--fructose-6-phosphate transaminase (isomerizing)	glmS	41355964	protein-coding		WP_041688133.1	606	EUBELI_RS06030
NC_012778.1	1265861	1267876		minus	DNA topoisomerase		41355965	protein-coding		WP_041688620.1	671	EUBELI_RS06035
NC_012778.1	1267911	1268498		minus	5'-deoxynucleotidase	yfbR	41355966	protein-coding		WP_081458296.1	195	EUBELI_RS06040
NC_012778.1	1268622	1269719		minus	aspartate-semialdehyde dehydrogenase	asd	41355967	protein-coding		WP_012739480.1	365	EUBELI_RS06045
NC_012778.1	1269971	1274842		minus	pectate lyase family protein		71415247	protein-coding		WP_012739481.1	1623	EUBELI_RS14610
NC_012778.1	1275206	1279066		minus	pectate lyase family protein		41357388	protein-coding		WP_012739482.1	1286	EUBELI_RS13610
NC_012778.1	1279287	1279889		minus	metallophosphoesterase family protein		41355968	protein-coding		WP_041688625.1	200	EUBELI_RS06065
NC_012778.1	1279928	1281844		minus	BMP family ABC transporter substrate-binding protein		41355969	protein-coding		WP_012739484.1	638	EUBELI_RS06070
NC_012778.1	1282094	1283242		plus	aminotransferase class I/II-fold pyridoxal phosphate-dependent enzyme		41355970	protein-coding		WP_041688135.1	382	EUBELI_RS06075
NC_012778.1	1283338	1283976		minus	bifunctional 4-hydroxy-2-oxoglutarate aldolase/2-dehydro-3-deoxy-phosphogluconate aldolase		41355971	protein-coding		WP_022097684.1	212	EUBELI_RS06080
NC_012778.1	1284040	1285335		minus	MATE family efflux transporter		41355972	protein-coding		WP_012739487.1	431	EUBELI_RS06085
NC_012778.1	1285447	1286094		minus	uracil phosphoribosyltransferase	upp	41355973	protein-coding		WP_012739488.1	215	EUBELI_RS06090
NC_012778.1	1286124	1287551		minus	uracil-xanthine permease family protein		41355974	protein-coding		WP_012739489.1	475	EUBELI_RS06095
NC_012778.1	1287701	1290331		minus	pyruvate, phosphate dikinase	ppdK	41355975	protein-coding		WP_012739490.1	876	EUBELI_RS06100
NC_012778.1	1290566	1290736		plus	DUF4250 domain-containing protein		41355976	protein-coding		WP_012739491.1	56	EUBELI_RS06105
NC_012778.1	1290796	1293393		minus	ATP-dependent chaperone ClpB	clpB	41355977	protein-coding		WP_012739492.1	865	EUBELI_RS06110
NC_012778.1	1293603	1294838		minus	glycerate kinase type-2 family protein		41355978	protein-coding		WP_041688137.1	411	EUBELI_RS06115
NC_012778.1	1294881	1295756		minus	2-hydroxy-3-oxopropionate reductase	garR	41355979	protein-coding		WP_012739494.1	291	EUBELI_RS06120
NC_012778.1	1295882	1297273		minus	GntP family permease		41355980	protein-coding		WP_012739495.1	463	EUBELI_RS06125
NC_012778.1	1297394	1298566		minus	CdaR family transcriptional regulator		41355981	protein-coding		WP_012739496.1	390	EUBELI_RS06130
NC_012778.1	1298728	1300401		plus	hydroxylamine reductase	hcp	41355982	protein-coding		WP_012739497.1	557	EUBELI_RS06135
NC_012778.1	1300460	1301719		minus	peptidoglycan-binding protein		41355983	protein-coding		WP_012739498.1	419	EUBELI_RS06140
NC_012778.1	1301818	1302732		plus	N-acetylmuramoyl-L-alanine amidase		41355984	protein-coding		WP_041688632.1	304	EUBELI_RS06145
NC_012778.1	1302793	1304358		minus	flotillin family protein		41355985	protein-coding		WP_012739500.1	521	EUBELI_RS06150
NC_012778.1	1304397	1306097		minus	zinc ribbon domain-containing protein		41355986	protein-coding		WP_012739501.1	566	EUBELI_RS06155
NC_012778.1	1306218	1306706		minus	dihydrofolate reductase		41355987	protein-coding		WP_012739502.1	162	EUBELI_RS06160
NC_012778.1	1306709	1307950		minus	GTPase HflX	hflX	41355988	protein-coding		WP_012739503.1	413	EUBELI_RS06165
NC_012778.1	1307965	1309692		minus	phosphoenolpyruvate--protein phosphotransferase	ptsP	41355989	protein-coding		WP_012739504.1	575	EUBELI_RS06170
NC_012778.1	1309708	1311519		minus	glycerophosphodiester phosphodiesterase family protein		41355990	protein-coding		WP_012739505.1	603	EUBELI_RS06175
NC_012778.1	1311557	1312150		minus	putative ABC transporter permease		41355991	protein-coding		WP_118010133.1	197	EUBELI_RS06180
NC_012778.1	1312195	1313403		minus	NADP-dependent isocitrate dehydrogenase		41355992	protein-coding		WP_012739507.1	402	EUBELI_RS06185
NC_012778.1	1313585	1315429		plus	asparagine synthase (glutamine-hydrolyzing)	asnB	41355993	protein-coding		WP_012739508.1	614	EUBELI_RS06190
NC_012778.1	1315510	1316517		minus	anthranilate phosphoribosyltransferase	trpD	41355994	protein-coding		WP_012739509.1	335	EUBELI_RS06195
NC_012778.1	1316568	1317755		minus	flagellin lysine-N-methylase	fliB	41355995	protein-coding		WP_012739510.1	395	EUBELI_RS06200
NC_012778.1	1317772	1318254		minus	Cys-tRNA(Pro) deacylase	ybaK	41355996	protein-coding		WP_012739511.1	160	EUBELI_RS06205
NC_012778.1	1318276	1319073		minus	glutamate racemase	murI	41355997	protein-coding		WP_012739512.1	265	EUBELI_RS06210
NC_012778.1	1319095	1319493		minus	hypothetical protein		41355998	protein-coding		WP_012739513.1	132	EUBELI_RS06215
NC_012778.1	1319671	1319838		minus	hypothetical protein		44154957	protein-coding		WP_012739514.1	55	EUBELI_RS14350
NC_012778.1	1319938	1321725		minus	bifunctional homocysteine S-methyltransferase/methylenetetrahydrofolate reductase		41355999	protein-coding		WP_012739515.1	595	EUBELI_RS06220
NC_012778.1	1321827	1323182		minus	NCS2 family permease		41356000	protein-coding		WP_118148254.1	451	EUBELI_RS06225
NC_012778.1	1323463	1323891		minus	large conductance mechanosensitive channel protein MscL	mscL	41356001	protein-coding		WP_012739517.1	142	EUBELI_RS06230
NC_012778.1	1323930	1324616		minus	HAD family hydrolase		41356002	protein-coding		WP_012739518.1	228	EUBELI_RS06235
NC_012778.1	1324630	1325280		minus	HAD family hydrolase		41356003	protein-coding		WP_012739519.1	216	EUBELI_RS06240
NC_012778.1	1325305	1326474		minus	peptidyl-prolyl cis-trans isomerase		41356004	protein-coding		WP_041688139.1	389	EUBELI_RS06245
NC_012778.1	1326485	1328464		minus	NAD(+) synthase		41356005	protein-coding		WP_012739521.1	659	EUBELI_RS06250
NC_012778.1	1328515	1328667		minus	hypothetical protein		44154958	protein-coding		WP_012739522.1	50	EUBELI_RS14355
NC_012778.1	1328733	1329074		minus	PAS domain-containing protein		41356006	protein-coding		WP_012739523.1	113	EUBELI_RS06255
NC_012778.1	1329099	1331750		minus	valine--tRNA ligase		41356007	protein-coding		WP_041688143.1	883	EUBELI_RS06260
NC_012778.1	1332240	1332587		minus	hydrogenase maturation nickel metallochaperone HypA		41356009	protein-coding		WP_012739526.1	115	EUBELI_RS06270
NC_012778.1	1332593	1335361		minus	FAD-dependent oxidoreductase		41356010	protein-coding		WP_012739527.1	922	EUBELI_RS06275
NC_012778.1	1335365	1336705		minus	MATE family efflux transporter		41356011	protein-coding		WP_012739528.1	446	EUBELI_RS06280
NC_012778.1	1336741	1337238		minus	CarD family transcriptional regulator		41356012	protein-coding		WP_012739529.1	165	EUBELI_RS06285
NC_012778.1	1337439	1337918		minus	DUF6465 family protein		41356013	protein-coding		WP_049777926.1	159	EUBELI_RS06290
NC_012778.1	1337944	1338195		minus	HPr family phosphocarrier protein		41356014	protein-coding		WP_012739531.1	83	EUBELI_RS06295
NC_012778.1	1338303	1338629		minus	DUF3837 domain-containing protein		41356015	protein-coding		WP_012739532.1	108	EUBELI_RS06300
NC_012778.1	1338629	1339423		minus	tryptophan synthase subunit alpha	trpA	41356016	protein-coding		WP_012739533.1	264	EUBELI_RS06305
NC_012778.1	1339423	1340610		minus	tryptophan synthase subunit beta	trpB	41356017	protein-coding		WP_012739534.1	395	EUBELI_RS06310
NC_012778.1	1340631	1341284		minus	phosphoribosylanthranilate isomerase		41356018	protein-coding		WP_012739535.1	217	EUBELI_RS06315
NC_012778.1	1341268	1342074		minus	indole-3-glycerol phosphate synthase TrpC	trpC	41356019	protein-coding		WP_012739536.1	268	EUBELI_RS06320
NC_012778.1	1342074	1342643		minus	anthranilate synthase component II		41356020	protein-coding		WP_012739537.1	189	EUBELI_RS06325
NC_012778.1	1342640	1344058		minus	anthranilate synthase component I	trpE	41356021	protein-coding		WP_012739538.1	472	EUBELI_RS06330
NC_012778.1	1344488	1344859		minus	hypothetical protein		41356022	protein-coding		WP_012739539.1	123	EUBELI_RS06335
NC_012778.1	1345849	1346490		minus	HAD family hydrolase		41356023	protein-coding		WP_012739541.1	213	EUBELI_RS06345
NC_012778.1	1346483	1347370		minus	HD domain-containing protein		41356024	protein-coding		WP_012739542.1	295	EUBELI_RS06350
NC_012778.1	1347370	1349217		minus	alpha-amylase family glycosyl hydrolase		41356025	protein-coding		WP_012739543.1	615	EUBELI_RS06355
NC_012778.1	1349231	1350658		minus	MFS transporter		41356026	protein-coding		WP_012739544.1	475	EUBELI_RS06360
NC_012778.1	1350709	1351626		minus	radical SAM protein		41356027	protein-coding		WP_012739545.1	305	EUBELI_RS06365
NC_012778.1	1351644	1352354		minus	ClpP family protease		41356028	protein-coding		WP_012739546.1	236	EUBELI_RS06370
NC_012778.1	1352527	1352599		plus	tRNA-Thr		41356029	tRNA				EUBELI_RS06375
NC_012778.1	1352942	1354111		plus	GH25 family lysozyme		41357389	protein-coding		WP_012739547.1	389	EUBELI_RS13615
NC_012778.1	1354221	1355207		minus	DHH family phosphoesterase		41356030	protein-coding		WP_041688149.1	328	EUBELI_RS06390
NC_012778.1	1355333	1356058		plus	ABC transporter ATP-binding protein		41356031	protein-coding		WP_012739549.1	241	EUBELI_RS06395
NC_012778.1	1356055	1356846		plus	ABC transporter permease		41356032	protein-coding		WP_012739550.1	263	EUBELI_RS06400
NC_012778.1	1356904	1357398		plus	DUF5721 family protein		41356033	protein-coding		WP_012739551.1	164	EUBELI_RS06405
NC_012778.1	1357564	1359558		plus	molecular chaperone HtpG	htpG	41356034	protein-coding		WP_012739552.1	664	EUBELI_RS06410
NC_012778.1	1359607	1360356		plus	signal peptidase I	lepB	41356035	protein-coding		WP_012739553.1	249	EUBELI_RS06415
NC_012778.1	1360454	1360768		plus	DUF1540 domain-containing protein		41356036	protein-coding		WP_012739554.1	104	EUBELI_RS06420
NC_012778.1	1360972	1361529		minus	elongation factor P	efp	41356037	protein-coding		WP_012739555.1	185	EUBELI_RS06425
NC_012778.1	1361598	1362041		minus	type II 3-dehydroquinate dehydratase	aroQ	41356038	protein-coding		WP_012739556.1	147	EUBELI_RS06430
NC_012778.1	1362043	1362576		minus	shikimate kinase		41356039	protein-coding		WP_012739557.1	177	EUBELI_RS06435
NC_012778.1	1362569	1363441		minus	shikimate dehydrogenase	aroE	41356040	protein-coding		WP_012739558.1	290	EUBELI_RS06440
NC_012778.1	1363463	1363960		minus	YqeG family HAD IIIA-type phosphatase		41356041	protein-coding		WP_012739559.1	165	EUBELI_RS06445
NC_012778.1	1363997	1364443		minus	transcriptional regulator NrdR	nrdR	41356042	protein-coding		WP_022097251.1	148	EUBELI_RS06450
NC_012778.1	1364556	1365332		plus	RNA polymerase sporulation sigma factor SigG	sigG	41356043	protein-coding		WP_012739561.1	258	EUBELI_RS06455
NC_012778.1	1365375	1365632		plus	PRC-barrel domain-containing protein		41356044	protein-coding		WP_041688151.1	85	EUBELI_RS06460
NC_012778.1	1365701	1366750		plus	lactonase family protein		41356045	protein-coding		WP_012739563.1	349	EUBELI_RS06465
NC_012778.1	1366810	1367232		minus	aspartate carbamoyltransferase regulatory subunit		41356046	protein-coding		WP_012739564.1	140	EUBELI_RS06470
NC_012778.1	1367245	1368207		minus	aspartate carbamoyltransferase	pyrB	41356047	protein-coding		WP_012739565.1	320	EUBELI_RS06475
NC_012778.1	1368246	1369337		minus	tryptophan--tRNA ligase	trpS	41356048	protein-coding		WP_012739566.1	363	EUBELI_RS06480
NC_012778.1	1369373	1370734		minus	MATE family efflux transporter		41356049	protein-coding		WP_012739567.1	453	EUBELI_RS06485
NC_012778.1	1370810	1371289		minus	VanZ family protein		41356050	protein-coding		WP_041688153.1	159	EUBELI_RS06490
NC_012778.1	1371576	1371930		minus	RNase P RNA component class A	rnpB	41357412	RNase_P_RNA				EUBELI_RS13745
NC_012778.1	1371937	1372296		minus	PilZ domain-containing protein		41356051	protein-coding		WP_012739570.1	119	EUBELI_RS06495
NC_012778.1	1372580	1373611		minus	tRNA preQ1(34) S-adenosylmethionine ribosyltransferase-isomerase QueA	queA	41356052	protein-coding		WP_012739571.1	343	EUBELI_RS06500
NC_012778.1	1374154	1376580		minus	phenylalanine--tRNA ligase subunit beta	pheT	41356053	protein-coding		WP_012739572.1	808	EUBELI_RS06505
NC_012778.1	1376644	1377663		minus	phenylalanine--tRNA ligase subunit alpha	pheS	41356054	protein-coding		WP_022099095.1	339	EUBELI_RS06510
NC_012778.1	1377742	1379199		minus	hypothetical protein		41356055	protein-coding		WP_012739574.1	485	EUBELI_RS06515
NC_012778.1	1379217	1380041		minus	tetratricopeptide repeat protein		41356056	protein-coding		WP_041688155.1	274	EUBELI_RS06520
NC_012778.1	1380073	1381182		minus	DUF5716 family protein		41356057	protein-coding		WP_012739576.1	369	EUBELI_RS06525
NC_012778.1	1381193	1384573		minus	DUF5717 family protein		41356058	protein-coding		WP_012739577.1	1126	EUBELI_RS06530
NC_012778.1	1384580	1385902		minus	replication-associated recombination protein A		41356059	protein-coding		WP_041688655.1	440	EUBELI_RS06535
NC_012778.1	1385928	1387598		minus	hypothetical protein		41356060	protein-coding		WP_012739579.1	556	EUBELI_RS06540
NC_012778.1	1387645	1389033		minus	glycine--tRNA ligase		41356061	protein-coding		WP_012739580.1	462	EUBELI_RS06545
NC_012778.1	1389688	1390536		plus	hypothetical protein		41357390	protein-coding		WP_012739582.1	282	EUBELI_RS13620
NC_012778.1	1390614	1391216		minus	TIGR04100 family radical SAM protein		41356062	protein-coding		WP_041688157.1	200	EUBELI_RS06555
NC_012778.1	1391629	1392471		minus	pyridoxamine kinase		41356063	protein-coding		WP_041688158.1	280	EUBELI_RS06560
NC_012778.1	1392623	1393366		minus	DNA repair protein RecO	recO	41356064	protein-coding		WP_012739586.1	247	EUBELI_RS06565
NC_012778.1	1393388	1394341		minus	GTPase Era	era	41356065	protein-coding		WP_049777979.1	317	EUBELI_RS06570
NC_012778.1	1394373	1397333		minus	insulinase family protein		41356066	protein-coding		WP_012739588.1	986	EUBELI_RS06575
NC_012778.1	1397461	1398588		minus	molecular chaperone DnaJ	dnaJ	41356067	protein-coding		WP_012739589.1	375	EUBELI_RS06580
NC_012778.1	1398678	1400564		minus	molecular chaperone DnaK	dnaK	41356068	protein-coding		WP_012739590.1	628	EUBELI_RS06585
NC_012778.1	1400632	1401270		minus	nucleotide exchange factor GrpE	grpE	41356069	protein-coding		WP_012739591.1	212	EUBELI_RS06590
NC_012778.1	1401288	1402382		minus	heat-inducible transcriptional repressor HrcA	hrcA	41356070	protein-coding		WP_022099109.1	364	EUBELI_RS06595
NC_012778.1	1402594	1403469		plus	C39 family peptidase		41356071	protein-coding		WP_012739593.1	291	EUBELI_RS06600
NC_012778.1	1403527	1405014		minus	threonine synthase	thrC	41356072	protein-coding		WP_012739594.1	495	EUBELI_RS06605
NC_012778.1	1405234	1406046		plus	AP2/ERF family transcription factor		41356073	protein-coding		WP_012739595.1	270	EUBELI_RS06610
NC_012778.1	1406043	1407284		minus	3-isopropylmalate dehydratase large subunit		41356074	protein-coding		WP_012739596.1	413	EUBELI_RS06615
NC_012778.1	1407305	1407799		minus	LeuD/DmdB family oxidoreductase small subunit		41356075	protein-coding		WP_012739597.1	164	EUBELI_RS06620
NC_012778.1	1407829	1409070		minus	3-isopropylmalate dehydratase large subunit		41356076	protein-coding		WP_041688659.1	413	EUBELI_RS06625
NC_012778.1	1409149	1409589		minus	uncharacterized gene		88505206	pseudogene				EUBELI_RS14915
NC_012778.1	1409684	1410748		minus	S66 family peptidase		41356077	protein-coding		WP_012739599.1	354	EUBELI_RS06630
NC_012778.1	1410796	1411557		minus	adaptor protein MecA		41356078	protein-coding		WP_012739600.1	253	EUBELI_RS06635
NC_012778.1	1411600	1412463		minus	hypothetical protein		41356079	protein-coding		WP_012739601.1	287	EUBELI_RS06640
NC_012778.1	1412588	1414012		plus	PIG-L family deacetylase		41356080	protein-coding		WP_012739602.1	474	EUBELI_RS06645
NC_012778.1	1414233	1415258		minus	ketol-acid reductoisomerase	ilvC	41356081	protein-coding		WP_012739603.1	341	EUBELI_RS06650
NC_012778.1	1415324	1415821		minus	acetolactate synthase small subunit	ilvN	41356082	protein-coding		WP_012739604.1	165	EUBELI_RS06655
NC_012778.1	1415893	1417701		minus	sensor domain-containing diguanylate cyclase		41356083	protein-coding		WP_012739606.1	602	EUBELI_RS06660
NC_012778.1	1417731	1418612		minus	hemolysin family protein		41356084	protein-coding		WP_012739607.1	293	EUBELI_RS06665
NC_012778.1	1418690	1419034		minus	type II toxin-antitoxin system PemK/MazF family toxin		41356085	protein-coding		WP_041688162.1	114	EUBELI_RS06670
NC_012778.1	1419113	1420642		minus	bifunctional ADP-dependent NAD(P)H-hydrate dehydratase/NAD(P)H-hydrate epimerase		41356086	protein-coding		WP_012739609.1	509	EUBELI_RS06675
NC_012778.1	1420647	1421246		minus	hypothetical protein		41356087	protein-coding		WP_012739610.1	199	EUBELI_RS06680
NC_012778.1	1421264	1421893		minus	redox-sensing transcriptional repressor Rex		41356088	protein-coding		WP_022099129.1	209	EUBELI_RS06685
NC_012778.1	1422007	1424412		minus	homocysteine S-methyltransferase family protein		41356089	protein-coding		WP_012739612.1	801	EUBELI_RS06690
NC_012778.1	1424405	1425088		minus	vitamin B12 dependent-methionine synthase activation domain-containing protein		41356090	protein-coding		WP_012739613.1	227	EUBELI_RS06695
NC_012778.1	1425072	1426787		minus	DEAD/DEAH box helicase		41356091	protein-coding		WP_012739614.1	571	EUBELI_RS06700
NC_012778.1	1427246	1429165		plus	ABC-F family ATP-binding cassette domain-containing protein		41356092	protein-coding		WP_012739615.1	639	EUBELI_RS06705
NC_012778.1	1429296	1429595		plus	HU family DNA-binding protein		41356093	protein-coding		WP_012739616.1	99	EUBELI_RS06710
NC_012778.1	1429681	1430130		plus	CYTH domain-containing protein		41356094	protein-coding		WP_012739617.1	149	EUBELI_RS06715
NC_012778.1	1430149	1431411		plus	chloride channel protein		41356095	protein-coding		WP_041688164.1	420	EUBELI_RS06720
NC_012778.1	1431460	1433175		minus	single-stranded-DNA-specific exonuclease RecJ	recJ	41356096	protein-coding		WP_012739619.1	571	EUBELI_RS06725
NC_012778.1	1433264	1435504		minus	protein translocase subunit SecDF		41356097	protein-coding		WP_012739620.1	746	EUBELI_RS06730
NC_012778.1	1435526	1436887		minus	thioether cross-link-forming SCIFF peptide maturase	scfB	41356098	protein-coding		WP_012739621.1	453	EUBELI_RS06735
NC_012778.1	1436976	1437122		minus	six-cysteine ranthipeptide SCIFF	scfA	41356099	protein-coding		WP_012739622.1	48	EUBELI_RS06740
NC_012778.1	1437349	1438674		plus	MATE family efflux transporter		41356100	protein-coding		WP_012739623.1	441	EUBELI_RS06745
NC_012778.1	1438949	1439824		minus	methionyl aminopeptidase		41356101	protein-coding		WP_012739624.1	291	EUBELI_RS06750
NC_012778.1	1439909	1441216		minus	phosphopyruvate hydratase	eno	41356102	protein-coding		WP_012739625.1	435	EUBELI_RS06755
NC_012778.1	1441391	1442152		minus	amino acid ABC transporter ATP-binding protein		41356103	protein-coding		WP_022099143.1	253	EUBELI_RS06760
NC_012778.1	1442166	1442807		minus	amino acid ABC transporter permease		88505207	protein-coding		WP_041688665.1	213	EUBELI_RS14920
NC_012778.1	1442916	1443698		minus	uncharacterized gene		88505208	pseudogene				EUBELI_RS14925
NC_012778.1	1443792	1444763		minus	AEC family transporter		41356104	protein-coding		WP_012739628.1	323	EUBELI_RS06775
NC_012778.1	1444779	1445585		minus	bifunctional hydroxymethylpyrimidine kinase/phosphomethylpyrimidine kinase	thiD	41356105	protein-coding		WP_012739629.1	268	EUBELI_RS06780
NC_012778.1	1445701	1445785		minus	tRNA-Leu		41356106	tRNA				EUBELI_RS06785
NC_012778.1	1446278	1446360		plus	tRNA-Leu		41356107	tRNA				EUBELI_RS06790
NC_012778.1	1446414	1447058		minus	hypothetical protein		41356108	protein-coding		WP_012739631.1	214	EUBELI_RS06795
NC_012778.1	1447092	1448042		minus	flotillin-like protein FloA	floA	41356109	protein-coding		WP_041688166.1	316	EUBELI_RS06800
NC_012778.1	1448195	1449664		plus	4Fe-4S dicluster domain-containing protein		41356110	protein-coding		WP_012739633.1	489	EUBELI_RS06805
NC_012778.1	1449707	1450459		minus	ABC transporter permease		41356111	protein-coding		WP_147604203.1	250	EUBELI_RS06810
NC_012778.1	1450449	1451450		minus	ABC transporter substrate-binding protein		41356112	protein-coding		WP_041688167.1	333	EUBELI_RS06815
NC_012778.1	1451476	1451712		minus	HPr family phosphocarrier protein		41356113	protein-coding		WP_012739636.1	78	EUBELI_RS06820
NC_012778.1	1451774	1452913		minus	GGDEF domain-containing protein		41357392	protein-coding		WP_049777930.1	379	EUBELI_RS13630
NC_012778.1	1453050	1454534		minus	glutamate synthase subunit beta		41356114	protein-coding		WP_012739638.1	494	EUBELI_RS06830
NC_012778.1	1454596	1459134		minus	glutamate synthase large subunit	gltB	41356115	protein-coding		WP_041688670.1	1512	EUBELI_RS06835
NC_012778.1	1459502	1460413		minus	diacylglycerol/lipid kinase family protein		41356116	protein-coding		WP_041688169.1	303	EUBELI_RS06840
NC_012778.1	1460416	1462029		minus	MBL fold metallo-hydrolase RNA specificity domain-containing protein		41356117	protein-coding		WP_012739641.1	537	EUBELI_RS06845
NC_012778.1	1462134	1463564		minus	SGNH/GDSL hydrolase family protein		41356118	protein-coding		WP_012739642.1	476	EUBELI_RS06850
NC_012778.1	1463600	1466209		minus	translation factor GTPase family protein		41356119	protein-coding		WP_041688674.1	869	EUBELI_RS06855
NC_012778.1	1466231	1466998		minus	Uma2 family endonuclease		41356120	protein-coding		WP_012739644.1	255	EUBELI_RS06860
NC_012778.1	1467982	1468119		plus	group II intron reverse transcriptase/maturase		97114067	protein-coding		WP_408606597.1	45	EUBELI_RS14960
NC_012778.1	1468341	1468571		minus	CRISPR-associated endonuclease Cas2		97114068	protein-coding		WP_081458297.1	76	EUBELI_RS14965
NC_012778.1	1468549	1468869		minus	CRISPR-associated endonuclease Cas1		97114069	protein-coding		WP_081458298.1	106	EUBELI_RS14970
NC_012778.1	1468900	1472748		minus	type V CRISPR-associated protein Cas12a/Cpf1	cas12a	41356122	protein-coding		WP_012739647.1	1282	EUBELI_RS06870
NC_012778.1	1473049	1474014		plus	Rpn family recombination-promoting nuclease/putative transposase		41356123	protein-coding		WP_012739648.1	321	EUBELI_RS06875
NC_012778.1	1474073	1474945		minus	N-carbamoylputrescine amidase	aguB	41356124	protein-coding		WP_012739649.1	290	EUBELI_RS06880
NC_012778.1	1474947	1476068		minus	agmatine deiminase	aguA	41356125	protein-coding		WP_012739650.1	373	EUBELI_RS06885
NC_012778.1	1476071	1477300		minus	carboxynorspermidine decarboxylase	nspC	41356126	protein-coding		WP_012739651.1	409	EUBELI_RS06890
NC_012778.1	1477316	1478575		minus	saccharopine dehydrogenase family protein		41356127	protein-coding		WP_012739652.1	419	EUBELI_RS06895
NC_012778.1	1478572	1479429		minus	polyamine aminopropyltransferase	speE	41356128	protein-coding		WP_012739653.1	285	EUBELI_RS06900
NC_012778.1	1479477	1480931		minus	aminotransferase class I/II-fold pyridoxal phosphate-dependent enzyme		41356129	protein-coding		WP_012739654.1	484	EUBELI_RS06905
NC_012778.1	1481536	1482600		minus	DUF4422 domain-containing protein		41356130	protein-coding		WP_012739655.1	354	EUBELI_RS06910
NC_012778.1	1482603	1483148		minus	transcription repressor NadR		41356131	protein-coding		WP_012739656.1	181	EUBELI_RS06915
NC_012778.1	1483181	1484041		minus	carboxylating nicotinate-nucleotide diphosphorylase	nadC	41356132	protein-coding		WP_012739657.1	286	EUBELI_RS06920
NC_012778.1	1484064	1485401		minus	L-aspartate oxidase		41356133	protein-coding		WP_012739658.1	445	EUBELI_RS06925
NC_012778.1	1485437	1486342		minus	quinolinate synthase NadA	nadA	41356134	protein-coding		WP_012739659.1	301	EUBELI_RS06930
NC_012778.1	1486599	1486958		minus	ArsR/SmtB family transcription factor		41356135	protein-coding		WP_012739660.1	119	EUBELI_RS06935
NC_012778.1	1486975	1488870		minus	heavy metal translocating P-type ATPase		41356136	protein-coding		WP_012739661.1	631	EUBELI_RS06940
NC_012778.1	1488912	1489130		minus	cation transporter		41356137	protein-coding		WP_012739662.1	72	EUBELI_RS06945
NC_012778.1	1489213	1489839		minus	GDSL-type esterase/lipase family protein		41356138	protein-coding		WP_012739663.1	208	EUBELI_RS06950
NC_012778.1	1490219	1490845		minus	ribonuclease H1 domain-containing protein		41356139	protein-coding		WP_012739664.1	208	EUBELI_RS06955
NC_012778.1	1490865	1492145		minus	homoserine dehydrogenase		41356140	protein-coding		WP_022097763.1	426	EUBELI_RS06960
NC_012778.1	1492208	1492813		minus	HdeD family acid-resistance protein		41356141	protein-coding		WP_022097764.1	201	EUBELI_RS06965
NC_012778.1	1492973	1494070		minus	DUF5692 family protein		41356142	protein-coding		WP_012739667.1	365	EUBELI_RS06970
NC_012778.1	1494160	1494540		minus	hypothetical protein		41356143	protein-coding		WP_041688173.1	126	EUBELI_RS06975
NC_012778.1	1494594	1495925		minus	Na+/H+ antiporter NhaC family protein		41356144	protein-coding		WP_012739669.1	443	EUBELI_RS06980
NC_012778.1	1495934	1497007		minus	peptide chain release factor 1	prfA	41356145	protein-coding		WP_012739670.1	357	EUBELI_RS06985
NC_012778.1	1497046	1497885		minus	peptide chain release factor N(5)-glutamine methyltransferase	prmC	41356146	protein-coding		WP_012739671.1	279	EUBELI_RS06990
NC_012778.1	1497888	1499333		minus	DUF1385 domain-containing protein		87792689	protein-coding		WP_081458317.1	481	EUBELI_RS14885
NC_012778.1	1499418	1499624		minus	50S ribosomal protein L31	rpmE	41356147	protein-coding		WP_012739673.1	68	EUBELI_RS07000
NC_012778.1	1499829	1501265		minus	transcription termination factor Rho	rho	41356148	protein-coding		WP_041688175.1	478	EUBELI_RS07005
NC_012778.1	1501455	1502609		plus	NAD(P)-dependent malic enzyme		41356149	protein-coding		WP_012739676.1	384	EUBELI_RS07010
NC_012778.1	1502612	1503499		plus	TIGR01212 family radical SAM protein		41356150	protein-coding		WP_012739677.1	295	EUBELI_RS07015
NC_012778.1	1503529	1504011		plus	DUF4364 family protein		41356151	protein-coding		WP_278245947.1	160	EUBELI_RS07020
NC_012778.1	1504053	1504688		minus	ribosome biogenesis GTP-binding protein YihA/YsxC	yihA	41356152	protein-coding		WP_012739679.1	211	EUBELI_RS07025
NC_012778.1	1504708	1507062		minus	endopeptidase La	lon	41356153	protein-coding		WP_012739680.1	784	EUBELI_RS07030
NC_012778.1	1507125	1508393		minus	ATP-dependent Clp protease ATP-binding subunit ClpX	clpX	41356154	protein-coding		WP_012739681.1	422	EUBELI_RS07035
NC_012778.1	1508509	1509090		minus	ATP-dependent Clp endopeptidase proteolytic subunit ClpP	clpP	41356155	protein-coding		WP_012739682.1	193	EUBELI_RS07040
NC_012778.1	1509133	1510422		minus	trigger factor	tig	41356156	protein-coding		WP_012739683.1	429	EUBELI_RS07045
NC_012778.1	1510624	1510833		minus	alpha/beta-type small acid-soluble spore protein		41356157	protein-coding		WP_012739684.1	69	EUBELI_RS07050
NC_012778.1	1510967	1512079		minus	D-alanyl-D-alanine carboxypeptidase family protein		41357393	protein-coding		WP_012739685.1	370	EUBELI_RS13635
NC_012778.1	1512100	1512648		minus	DJ-1 family glyoxalase III		41356158	protein-coding		WP_012739686.1	182	EUBELI_RS07060
NC_012778.1	1512829	1513728		plus	DegV family protein		41356159	protein-coding		WP_012739687.1	299	EUBELI_RS07065
NC_012778.1	1513782	1514726		minus	alpha/beta fold hydrolase		41356160	protein-coding		WP_012739688.1	314	EUBELI_RS07070
NC_012778.1	1514739	1515476		minus	leucine-rich repeat domain-containing protein		41356161	protein-coding		WP_041688179.1	245	EUBELI_RS07075
NC_012778.1	1515495	1516055		minus	NUDIX hydrolase		41356162	protein-coding		WP_012739690.1	186	EUBELI_RS07080
NC_012778.1	1516056	1517516		minus	histidine kinase N-terminal 7TM domain-containing diguanylate cyclase		41356163	protein-coding		WP_012739691.1	486	EUBELI_RS07085
NC_012778.1	1517642	1520185		minus	heavy metal translocating P-type ATPase		41356164	protein-coding		WP_012739692.1	847	EUBELI_RS07090
NC_012778.1	1520192	1520569		minus	heavy-metal-associated domain-containing protein		41356165	protein-coding		WP_012739693.1	125	EUBELI_RS07095
NC_012778.1	1520594	1520893		minus	metal-sensing transcriptional repressor		41356166	protein-coding		WP_012739694.1	99	EUBELI_RS07100
NC_012778.1	1521059	1522018		minus	ketopantoate reductase family protein		41356167	protein-coding		WP_041688180.1	319	EUBELI_RS07105
NC_012778.1	1522092	1522916		minus	lysophospholipid acyltransferase family protein		41356168	protein-coding		WP_012739696.1	274	EUBELI_RS07110
NC_012778.1	1522934	1524757		minus	glycosyltransferase family 8 protein		41357394	protein-coding		WP_012739697.1	607	EUBELI_RS13640
NC_012778.1	1524882	1527029		plus	YhgE/Pip domain-containing protein		41356169	protein-coding		WP_012739698.1	715	EUBELI_RS07125
NC_012778.1	1527045	1527395		plus	hypothetical protein		41357395	protein-coding		WP_012739699.1	116	EUBELI_RS13645
NC_012778.1	1527392	1529137		plus	YhgE/Pip domain-containing protein		41356170	protein-coding		WP_012739700.1	581	EUBELI_RS07135
NC_012778.1	1529605	1531275		minus	formate--tetrahydrofolate ligase		41356171	protein-coding		WP_012739702.1	556	EUBELI_RS07140
NC_012778.1	1531821	1533239		plus	alanine/glycine:cation symporter family protein		41356172	protein-coding		WP_012739703.1	472	EUBELI_RS07150
NC_012778.1	1533606	1533827		plus	hypothetical protein		41356173	protein-coding		WP_041688184.1	73	EUBELI_RS07155
NC_012778.1	1534531	1534632		minus	type II toxin-antitoxin system YoeB family toxin		88505209	protein-coding		WP_081458300.1	33	EUBELI_RS14930
NC_012778.1	1534730	1535563		minus	formate/nitrite transporter family protein		41356174	protein-coding		WP_041688186.1	277	EUBELI_RS07160
NC_012778.1	1536044	1536457		minus	ATP synthase F1 subunit epsilon	atpC	41356175	protein-coding		WP_012739706.1	137	EUBELI_RS07165
NC_012778.1	1536482	1537873		minus	F0F1 ATP synthase subunit beta	atpD	41356176	protein-coding		WP_041688187.1	463	EUBELI_RS07170
NC_012778.1	1537894	1538787		minus	ATP synthase F1 subunit gamma	atpG	41356177	protein-coding		WP_012739708.1	297	EUBELI_RS07175
NC_012778.1	1538823	1540328		minus	F0F1 ATP synthase subunit alpha	atpA	41356178	protein-coding		WP_012739709.1	501	EUBELI_RS07180
NC_012778.1	1540325	1540846		minus	ATP synthase F1 subunit delta	atpH	41356179	protein-coding		WP_012739710.1	173	EUBELI_RS07185
NC_012778.1	1540824	1541276		minus	F0F1 ATP synthase subunit B	atpF	41356180	protein-coding		WP_012739711.1	150	EUBELI_RS07190
NC_012778.1	1541329	1541556		minus	ATP synthase F0 subunit C	atpE	41356181	protein-coding		WP_012739712.1	75	EUBELI_RS07195
NC_012778.1	1541603	1542289		minus	F0F1 ATP synthase subunit A		41356182	protein-coding		WP_041688193.1	228	EUBELI_RS07200
NC_012778.1	1542611	1543510		minus	LysR family transcriptional regulator		41356183	protein-coding		WP_012739714.1	299	EUBELI_RS07205
NC_012778.1	1543669	1544367		plus	DUF6198 family protein		41356184	protein-coding		WP_041688689.1	232	EUBELI_RS07210
NC_012778.1	1544373	1545383		minus	RpnC/YadD family protein		71415252	protein-coding		WP_012739716.1	336	EUBELI_RS14635
NC_012778.1	1545811	1546989		minus	iron-containing alcohol dehydrogenase		41356185	protein-coding		WP_012739717.1	392	EUBELI_RS07220
NC_012778.1	1546992	1547573		minus	xanthine phosphoribosyltransferase		41356186	protein-coding		WP_041688693.1	193	EUBELI_RS07225
NC_012778.1	1547665	1548999		minus	MATE family efflux transporter		41356187	protein-coding		WP_012739719.1	444	EUBELI_RS07230
NC_012778.1	1549017	1551305		minus	xanthine dehydrogenase family protein molybdopterin-binding subunit		41356188	protein-coding		WP_012739720.1	762	EUBELI_RS07235
NC_012778.1	1551306	1551773		minus	(2Fe-2S)-binding protein		41356189	protein-coding		WP_012739721.1	155	EUBELI_RS07240
NC_012778.1	1551799	1552593		minus	FAD binding domain-containing protein		41356190	protein-coding		WP_012739722.1	264	EUBELI_RS07245
NC_012778.1	1553233	1554300		plus	ABC transporter substrate-binding protein		41356191	protein-coding		WP_012739725.1	355	EUBELI_RS07250
NC_012778.1	1554314	1555315		plus	FecCD family ABC transporter permease		41356192	protein-coding		WP_012739726.1	333	EUBELI_RS07255
NC_012778.1	1555315	1556112		plus	ABC transporter ATP-binding protein		41356193	protein-coding		WP_012739727.1	265	EUBELI_RS07260
NC_012778.1	1556126	1557262		plus	NTP transferase domain-containing protein		41356194	protein-coding		WP_012739728.1	378	EUBELI_RS07265
NC_012778.1	1557234	1558688		minus	uracil-xanthine permease family protein		41356195	protein-coding		WP_012739729.1	484	EUBELI_RS07270
NC_012778.1	1558758	1559444		minus	response regulator transcription factor		41356196	protein-coding		WP_408606598.1	228	EUBELI_RS07275
NC_012778.1	1559469	1560974		minus	sensor histidine kinase		41356197	protein-coding		WP_041688195.1	501	EUBELI_RS07280
NC_012778.1	1560989	1562098		minus	SGNH/GDSL hydrolase family protein		71415253	protein-coding		WP_012739732.1	369	EUBELI_RS14640
NC_012778.1	1562199	1562942		minus	ATP-binding protein		41356198	protein-coding		WP_041688197.1	247	EUBELI_RS07290
NC_012778.1	1563084	1563734		plus	Crp/Fnr family transcriptional regulator		41356199	protein-coding		WP_012739734.1	216	EUBELI_RS07295
NC_012778.1	1563731	1564189		minus	NUDIX hydrolase		41356200	protein-coding		WP_012739735.1	152	EUBELI_RS07300
NC_012778.1	1564182	1564328		minus	hypothetical protein		44154959	protein-coding		WP_207643828.1	48	EUBELI_RS14360
NC_012778.1	1564392	1565711		minus	sensor histidine kinase		41356201	protein-coding		WP_012739737.1	439	EUBELI_RS07305
NC_012778.1	1565708	1566361		minus	response regulator transcription factor		41356202	protein-coding		WP_012739738.1	217	EUBELI_RS07310
NC_012778.1	1566459	1567835		minus	ABC transporter permease		41356203	protein-coding		WP_012739739.1	458	EUBELI_RS07315
NC_012778.1	1567835	1568491		minus	ABC transporter ATP-binding protein		41356204	protein-coding		WP_041688199.1	218	EUBELI_RS07320
NC_012778.1	1568501	1569775		minus	ABC transporter permease		41356205	protein-coding		WP_041688201.1	424	EUBELI_RS07325
NC_012778.1	1570016	1571227		minus	ABC transporter permease subunit		41356206	protein-coding		WP_012739742.1	403	EUBELI_RS07330
NC_012778.1	1571229	1572104		minus	ABC transporter ATP-binding protein		41356207	protein-coding		WP_012739743.1	291	EUBELI_RS07335
NC_012778.1	1572088	1572849		minus	hypothetical protein		41356208	protein-coding		WP_012739744.1	253	EUBELI_RS07340
NC_012778.1	1572839	1573357		minus	RNA polymerase sigma factor		41356209	protein-coding		WP_012739745.1	172	EUBELI_RS07345
NC_012778.1	1573847	1576291		minus	ABC transporter permease		41356210	protein-coding		WP_012739747.1	814	EUBELI_RS07350
NC_012778.1	1576288	1576962		minus	ABC transporter ATP-binding protein		41356211	protein-coding		WP_041688203.1	224	EUBELI_RS07355
NC_012778.1	1577076	1578341		minus	sensor histidine kinase		41356212	protein-coding		WP_012739749.1	421	EUBELI_RS07360
NC_012778.1	1578317	1579006		minus	response regulator transcription factor		41356213	protein-coding		WP_012739750.1	229	EUBELI_RS07365
NC_012778.1	1579040	1579189		minus	hypothetical protein		44154960	protein-coding		WP_165437539.1	49	EUBELI_RS14365
NC_012778.1	1579564	1580607		minus	virulence RhuM family protein		41356214	protein-coding		WP_012739753.1	347	EUBELI_RS07375
NC_012778.1	1580679	1583213		minus	DUF4268 domain-containing protein		41356215	protein-coding		WP_012739754.1	844	EUBELI_RS07380
NC_012778.1	1583235	1585790		minus	YgjP-like metallopeptidase domain-containing protein		41356216	protein-coding		WP_012739755.1	851	EUBELI_RS07385
NC_012778.1	1585790	1588969		minus	type I restriction endonuclease subunit R		41356217	protein-coding		WP_012739756.1	1059	EUBELI_RS07390
NC_012778.1	1588985	1590235		minus	restriction endonuclease subunit S		41357396	protein-coding		WP_012739757.1	416	EUBELI_RS13655
NC_012778.1	1590229	1592907		minus	type I restriction-modification system subunit M		41356218	protein-coding		WP_012739758.1	892	EUBELI_RS07400
NC_012778.1	1592955	1593149		minus	helix-turn-helix domain-containing protein		41356219	protein-coding		WP_012739759.1	64	EUBELI_RS07405
NC_012778.1	1593618	1594124		plus	sigma-70 family RNA polymerase sigma factor		41356220	protein-coding		WP_041688206.1	168	EUBELI_RS07410
NC_012778.1	1594443	1594772		plus	hypothetical protein		41356221	protein-coding		WP_012739762.1	109	EUBELI_RS07415
NC_012778.1	1594762	1595694		plus	uncharacterized gene		41356222	pseudogene				EUBELI_RS07420
NC_012778.1	1595695	1596267		plus	DUF2815 family protein		41356223	protein-coding		WP_012739766.1	190	EUBELI_RS07425
NC_012778.1	1596282	1596473		plus	hypothetical protein		41356224	protein-coding		WP_041688207.1	63	EUBELI_RS07430
NC_012778.1	1596546	1596723		minus	uncharacterized gene		41357447	pseudogene				EUBELI_RS13930
NC_012778.1	1596737	1597783		minus	ORF6N domain-containing protein		41356225	protein-coding		WP_041688705.1	348	EUBELI_RS07435
NC_012778.1	1597863	1598141		minus	helix-turn-helix domain-containing protein		41356226	protein-coding		WP_012739770.1	92	EUBELI_RS07440
NC_012778.1	1598484	1598756		plus	hypothetical protein		41356227	protein-coding		WP_012739771.1	90	EUBELI_RS07445
NC_012778.1	1598749	1599510		minus	hypothetical protein		41356228	protein-coding		WP_041688209.1	253	EUBELI_RS07450
NC_012778.1	1599844	1600206		minus	hypothetical protein		41356229	protein-coding		WP_041688211.1	120	EUBELI_RS07455
NC_012778.1	1600336	1600815		plus	uncharacterized gene		88505211	pseudogene				EUBELI_RS14940
NC_012778.1	1600882	1601199		plus	hypothetical protein		41356230	protein-coding		WP_012739775.1	105	EUBELI_RS07460
NC_012778.1	1601397	1602038		plus	zinc ribbon domain-containing protein		41356231	protein-coding		WP_228003421.1	213	EUBELI_RS07465
NC_012778.1	1602166	1602384		minus	hypothetical protein		41356232	protein-coding		WP_012739779.1	72	EUBELI_RS07470
NC_012778.1	1602441	1603502		minus	hypothetical protein		41356233	protein-coding		WP_041688213.1	353	EUBELI_RS07475
NC_012778.1	1603533	1604612		minus	DUF4238 domain-containing protein		41356234	protein-coding		WP_012739781.1	359	EUBELI_RS07480
NC_012778.1	1604893	1606284		minus	23S rRNA (uracil(1939)-C(5))-methyltransferase RlmD	rlmD	41356235	protein-coding		WP_041688709.1	463	EUBELI_RS07485
NC_012778.1	1606416	1607477		minus	FUSC family protein		41356236	protein-coding		WP_012739783.1	353	EUBELI_RS07490
NC_012778.1	1607669	1607941		minus	hypothetical protein		41356237	protein-coding		WP_022098403.1	90	EUBELI_RS07495
NC_012778.1	1608008	1610476		minus	ATP-dependent helicase		41356238	protein-coding		WP_012739785.1	822	EUBELI_RS07500
NC_012778.1	1610624	1611580		minus	SPFH domain-containing protein		41356239	protein-coding		WP_012739786.1	318	EUBELI_RS07505
NC_012778.1	1611634	1612317		minus	PspA/IM30 family protein		41356240	protein-coding		WP_041688711.1	227	EUBELI_RS07510
NC_012778.1	1612637	1613278		plus	DUF1836 domain-containing protein		41356241	protein-coding		WP_012739788.1	213	EUBELI_RS07515
NC_012778.1	1613338	1613652		minus	YerC/YecD family TrpR-related protein		41356242	protein-coding		WP_012739789.1	104	EUBELI_RS07520
NC_012778.1	1613735	1616422		minus	ABC transporter ATP-binding protein/permease		41356243	protein-coding		WP_012739790.1	895	EUBELI_RS07525
NC_012778.1	1616857	1618059		plus	cell wall hydrolase		41357397	protein-coding		WP_049777939.1	400	EUBELI_RS13660
NC_012778.1	1618094	1618576		plus	hypothetical protein		41356244	protein-coding		WP_022098409.1	160	EUBELI_RS07535
NC_012778.1	1618573	1620201		minus	glycoside hydrolase family 43 protein		41356245	protein-coding		WP_012739793.1	542	EUBELI_RS07540
NC_012778.1	1620424	1621626		plus	hypothetical protein		41357398	protein-coding		WP_049777941.1	400	EUBELI_RS13665
NC_012778.1	1621668	1622666		minus	hypothetical protein		41356246	protein-coding		WP_041688215.1	332	EUBELI_RS07550
NC_012778.1	1622825	1623349		plus	hypothetical protein		41356247	protein-coding		WP_012739797.1	174	EUBELI_RS07555
NC_012778.1	1623402	1625582		minus	anaerobic ribonucleoside-triphosphate reductase	nrdD	41356248	protein-coding		WP_012739798.1	726	EUBELI_RS07560
NC_012778.1	1625774	1627576		minus	GGDEF domain-containing protein		41356249	protein-coding		WP_012739799.1	600	EUBELI_RS07565
NC_012778.1	1627816	1627977		plus	hypothetical protein		44154961	protein-coding		WP_012739800.1	53	EUBELI_RS14370
NC_012778.1	1628025	1628966		minus	magnesium transporter CorA family protein		41356250	protein-coding		WP_012739801.1	313	EUBELI_RS07570
NC_012778.1	1628950	1629672		minus	helix-turn-helix domain-containing protein		41356251	protein-coding		WP_012739802.1	240	EUBELI_RS07575
NC_012778.1	1629780	1629935		minus	FeoB-associated Cys-rich membrane protein		41357489	protein-coding		WP_012739803.1	51	EUBELI_RS14225
NC_012778.1	1629950	1631047		minus	DUF2974 domain-containing protein		41356252	protein-coding		WP_012739804.1	365	EUBELI_RS07580
NC_012778.1	1631050	1632537		minus	TrkH family potassium uptake protein		41356253	protein-coding		WP_012739805.1	495	EUBELI_RS07585
NC_012778.1	1632558	1633949		minus	Trk system potassium transporter TrkA	trkA	41356254	protein-coding		WP_012739806.1	463	EUBELI_RS07590
NC_012778.1	1633988	1634215		minus	hypothetical protein		41356255	protein-coding		WP_022098424.1	75	EUBELI_RS07595
NC_012778.1	1634407	1634478		plus	tRNA-Gly		41356256	tRNA				EUBELI_RS07600
NC_012778.1	1634596	1635471		minus	hypothetical protein		41356257	protein-coding		WP_012739808.1	291	EUBELI_RS07605
NC_012778.1	1635468	1636022		minus	RNA polymerase sigma factor		41356258	protein-coding		WP_012739809.1	184	EUBELI_RS07610
NC_012778.1	1636173	1637945		minus	oligoendopeptidase F	pepF	41356259	protein-coding		WP_012739811.1	590	EUBELI_RS07615
NC_012778.1	1638041	1638916		minus	DegV family protein		41356260	protein-coding		WP_012739812.1	291	EUBELI_RS07620
NC_012778.1	1639069	1639833		plus	GNAT family N-acetyltransferase		41357399	protein-coding		WP_012739813.1	254	EUBELI_RS13670
NC_012778.1	1639830	1640594		minus	4-hydroxy-tetrahydrodipicolinate reductase	dapB	41356261	protein-coding		WP_041688219.1	254	EUBELI_RS07630
NC_012778.1	1640612	1641496		minus	4-hydroxy-tetrahydrodipicolinate synthase	dapA	41356262	protein-coding		WP_041688721.1	294	EUBELI_RS07635
NC_012778.1	1641907	1642551		minus	single-stranded DNA-binding protein		41356263	protein-coding		WP_012739816.1	214	EUBELI_RS07640
NC_012778.1	1642793	1644622		plus	translational GTPase TypA	typA	41356264	protein-coding		WP_012739817.1	609	EUBELI_RS07645
NC_012778.1	1644645	1644968		plus	helix-turn-helix domain-containing protein		41356265	protein-coding		WP_012739818.1	107	EUBELI_RS07650
NC_012778.1	1645027	1646817		minus	ABC transporter ATP-binding protein		41356266	protein-coding		WP_012739819.1	596	EUBELI_RS07655
NC_012778.1	1646848	1648404		minus	glycoside hydrolase family 28 protein		41356267	protein-coding		WP_012739820.1	518	EUBELI_RS07660
NC_012778.1	1648395	1649285		minus	hypothetical protein		41356268	protein-coding		WP_012739821.1	296	EUBELI_RS07665
NC_012778.1	1649574	1650440		minus	carbohydrate ABC transporter permease		41356269	protein-coding		WP_012739822.1	288	EUBELI_RS07675
NC_012778.1	1650454	1651950		minus	ABC transporter permease subunit		41357400	protein-coding		WP_012739823.1	498	EUBELI_RS13675
NC_012778.1	1652118	1653782		minus	type 2 periplasmic-binding domain-containing protein		41356270	protein-coding		WP_049777945.1	554	EUBELI_RS07685
NC_012778.1	1654120	1654758		minus	YigZ family protein		41356271	protein-coding		WP_012739825.1	212	EUBELI_RS07690
NC_012778.1	1654857	1657550		plus	transglycosylase domain-containing protein		41356272	protein-coding		WP_012739826.1	897	EUBELI_RS07695
NC_012778.1	1657613	1657972		minus	stage V sporulation protein AE	spoVAE	41356273	protein-coding		WP_041688222.1	119	EUBELI_RS07700
NC_012778.1	1657977	1658990		minus	stage V sporulation protein AD		41356274	protein-coding		WP_012739828.1	337	EUBELI_RS07705
NC_012778.1	1659066	1659854		minus	class I SAM-dependent methyltransferase		41356275	protein-coding		WP_049777947.1	262	EUBELI_RS07710
NC_012778.1	1659930	1660421		minus	SpoVA/SpoVAEb family sporulation membrane protein		41356276	protein-coding		WP_012739830.1	163	EUBELI_RS07715
NC_012778.1	1660448	1660855		minus	stage V sporulation protein AB		41356277	protein-coding		WP_012739831.1	135	EUBELI_RS07720
NC_012778.1	1660852	1661454		minus	stage V sporulation protein AA		41356278	protein-coding		WP_041688223.1	200	EUBELI_RS07725
NC_012778.1	1661505	1662236		minus	SigB/SigF/SigG family RNA polymerase sigma factor		41356279	protein-coding		WP_041688731.1	243	EUBELI_RS07730
NC_012778.1	1662255	1662680		minus	anti-sigma F factor	spoIIAB	41356280	protein-coding		WP_012739834.1	141	EUBELI_RS07735
NC_012778.1	1662683	1663099		minus	STAS domain-containing protein		41356281	protein-coding		WP_012739835.1	138	EUBELI_RS07740
NC_012778.1	1663202	1664593		minus	tetratricopeptide repeat protein		41356282	protein-coding		WP_012739836.1	463	EUBELI_RS07745
NC_012778.1	1664609	1664752		minus	hypothetical protein		44154963	protein-coding		WP_012739837.1	47	EUBELI_RS14380
NC_012778.1	1664745	1666028		minus	bifunctional folylpolyglutamate synthase/dihydrofolate synthase		41356283	protein-coding		WP_012739838.1	427	EUBELI_RS07750
NC_012778.1	1666042	1667571		minus	hypothetical protein		41356284	protein-coding		WP_012739839.1	509	EUBELI_RS07755
NC_012778.1	1667599	1668753		minus	hypothetical protein		41356285	protein-coding		WP_012739840.1	384	EUBELI_RS07760
NC_012778.1	1668762	1671479		minus	YfhO family protein		41356286	protein-coding		WP_012739841.1	905	EUBELI_RS07765
NC_012778.1	1671528	1672091		minus	hypothetical protein		41356287	protein-coding		WP_041688224.1	187	EUBELI_RS07770
NC_012778.1	1672241	1673599		minus	NADP-specific glutamate dehydrogenase	gdhA	41356288	protein-coding		WP_012739843.1	452	EUBELI_RS07775
NC_012778.1	1673876	1675486		plus	LCP family protein		41356289	protein-coding		WP_012739844.1	536	EUBELI_RS07780
NC_012778.1	1675549	1676355		minus	Cof-type HAD-IIB family hydrolase		41356290	protein-coding		WP_012739845.1	268	EUBELI_RS07785
NC_012778.1	1676420	1678135		minus	S8 family peptidase		41356291	protein-coding		WP_012739846.1	571	EUBELI_RS07790
NC_012778.1	1678214	1679620		minus	ATP-dependent Clp protease ATP-binding subunit ClpX	clpX	41356292	protein-coding		WP_012739847.1	468	EUBELI_RS07795
NC_012778.1	1679644	1681023		minus	S1C family serine protease		41356293	protein-coding		WP_165437541.1	459	EUBELI_RS07800
NC_012778.1	1681166	1682893		minus	phospho-sugar mutase		41356294	protein-coding		WP_012739849.1	575	EUBELI_RS07805
NC_012778.1	1682921	1683184		minus	HPr family phosphocarrier protein		41356295	protein-coding		WP_022098476.1	87	EUBELI_RS07810
NC_012778.1	1683190	1684491		minus	CdaR family protein		41356296	protein-coding		WP_012739851.1	433	EUBELI_RS07815
NC_012778.1	1684472	1685341		minus	diadenylate cyclase CdaA	cdaA	41356297	protein-coding		WP_012739852.1	289	EUBELI_RS07820
NC_012778.1	1685392	1686444		minus	hypothetical protein		41356298	protein-coding		WP_012739853.1	350	EUBELI_RS07825
NC_012778.1	1686461	1686868		minus	hypothetical protein		41356299	protein-coding		WP_012739854.1	135	EUBELI_RS07830
NC_012778.1	1686922	1687956		minus	Ig-like domain-containing protein		41356300	protein-coding		WP_041688228.1	344	EUBELI_RS07835
NC_012778.1	1688075	1689391		minus	sensor histidine kinase		41356301	protein-coding		WP_012739856.1	438	EUBELI_RS07840
NC_012778.1	1689427	1690095		minus	response regulator transcription factor		41356302	protein-coding		WP_012739857.1	222	EUBELI_RS07845
NC_012778.1	1690112	1691902		minus	Na/Pi cotransporter family protein		41356303	protein-coding		WP_012739858.1	596	EUBELI_RS07850
NC_012778.1	1691994	1694531		minus	ATP-binding protein		41356304	protein-coding		WP_148231345.1	845	EUBELI_RS07855
NC_012778.1	1694559	1695098		minus	bifunctional UDP-sugar hydrolase/5'-nucleotidase		41356305	protein-coding		WP_012739860.1	179	EUBELI_RS07860
NC_012778.1	1695248	1696294		minus	ABC transporter substrate-binding protein		41356306	protein-coding		WP_041688229.1	348	EUBELI_RS07865
NC_012778.1	1696546	1697541		plus	choloylglycine hydrolase	bsh	41356307	protein-coding		WP_012739862.1	331	EUBELI_RS07870
NC_012778.1	1697572	1698699		minus	type II toxin-antitoxin system HipA family toxin		41356308	protein-coding		WP_012739863.1	375	EUBELI_RS07875
NC_012778.1	1698686	1698964		minus	helix-turn-helix domain-containing protein		41356309	protein-coding		WP_012739864.1	92	EUBELI_RS07880
NC_012778.1	1699166	1700644		plus	AAA family ATPase		41356310	protein-coding		WP_041688231.1	492	EUBELI_RS07885
NC_012778.1	1700749	1702458		minus	methyl-accepting chemotaxis protein		41356311	protein-coding		WP_012739866.1	569	EUBELI_RS07890
NC_012778.1	1702569	1703282		minus	hypothetical protein		41356312	protein-coding		WP_012739867.1	237	EUBELI_RS07895
NC_012778.1	1703331	1703525		minus	hypothetical protein		41356313	protein-coding		WP_012739868.1	64	EUBELI_RS07900
NC_012778.1	1703522	1704316		minus	acyl-CoA dehydratase activase		41356314	protein-coding		WP_041688745.1	264	EUBELI_RS07905
NC_012778.1	1704358	1705896		minus	2-hydroxyacyl-CoA dehydratase family protein		41356315	protein-coding		WP_012739870.1	512	EUBELI_RS07910
NC_012778.1	1705899	1707092		minus	2-hydroxyacyl-CoA dehydratase family protein		41356316	protein-coding		WP_012739871.1	397	EUBELI_RS07915
NC_012778.1	1707105	1707869		minus	ATP-binding protein		41356317	protein-coding		WP_012739872.1	254	EUBELI_RS07920
NC_012778.1	1707911	1709008		minus	N-acetylmuramoyl-L-alanine amidase family protein		41356318	protein-coding		WP_012739873.1	365	EUBELI_RS07925
NC_012778.1	1709001	1709192		minus	hypothetical protein		41356319	protein-coding		WP_012739874.1	63	EUBELI_RS07930
NC_012778.1	1709327	1709455		plus	hypothetical protein		97114070	protein-coding		WP_012739875.1	42	EUBELI_RS14975
NC_012778.1	1709523	1710743		minus	hypothetical protein		41356320	protein-coding		WP_041688233.1	406	EUBELI_RS07935
NC_012778.1	1711058	1711684		minus	methylated-DNA--[protein]-cysteine S-methyltransferase		41356321	protein-coding		WP_012739878.1	208	EUBELI_RS07940
NC_012778.1	1711696	1712655		minus	3-hydroxyacyl-CoA dehydrogenase		41356322	protein-coding		WP_041688235.1	319	EUBELI_RS07945
NC_012778.1	1712683	1714740		minus	toll/interleukin-1 receptor domain-containing protein		41356323	protein-coding		WP_041688237.1	685	EUBELI_RS07950
NC_012778.1	1714979	1715389		minus	arsenate reductase ArsC		41356324	protein-coding		WP_012739881.1	136	EUBELI_RS07955
NC_012778.1	1715382	1715789		minus	DUF5714 domain-containing protein		41356325	protein-coding		WP_012739882.1	135	EUBELI_RS07960
NC_012778.1	1715934	1717556		minus	glycoside hydrolase family 43 protein		41356326	protein-coding		WP_012739883.1	540	EUBELI_RS07965
NC_012778.1	1717937	1719313		minus	sensor histidine kinase		41356327	protein-coding		WP_012739884.1	458	EUBELI_RS07970
NC_012778.1	1719301	1719963		minus	response regulator transcription factor		41356328	protein-coding		WP_012739885.1	220	EUBELI_RS07975
NC_012778.1	1719978	1720718		minus	lantibiotic immunity ABC transporter MutG family permease subunit		41356329	protein-coding		WP_005330844.1	246	EUBELI_RS07980
NC_012778.1	1720720	1721451		minus	lantibiotic immunity ABC transporter MutE/EpiE family permease subunit		41356330	protein-coding		WP_004853398.1	243	EUBELI_RS07985
NC_012778.1	1721444	1722157		minus	lantibiotic protection ABC transporter ATP-binding protein		41356331	protein-coding		WP_012739886.1	237	EUBELI_RS07990
NC_012778.1	1722274	1722363		minus	uncharacterized gene		88505212	pseudogene				EUBELI_RS14945
NC_012778.1	1722368	1722529		plus	uncharacterized gene		71415256	pseudogene				EUBELI_RS14655
NC_012778.1	1722613	1722813		plus	helix-turn-helix transcriptional regulator		41356332	protein-coding		WP_041688239.1	66	EUBELI_RS07995
NC_012778.1	1722967	1723107		minus	hypothetical protein		44154964	protein-coding		WP_156327317.1	46	EUBELI_RS14385
NC_012778.1	1723143	1727153		minus	M64 family metallopeptidase		41356333	protein-coding		WP_012739889.1	1336	EUBELI_RS08005
NC_012778.1	1727466	1727681		minus	uncharacterized gene		41356334	pseudogene				EUBELI_RS08010
NC_012778.1	1727755	1729191		minus	uncharacterized gene		41356335	pseudogene				EUBELI_RS08015
NC_012778.1	1729366	1729665		minus	DUF6462 family protein		41356336	protein-coding		WP_012739892.1	99	EUBELI_RS08020
NC_012778.1	1729658	1730131		minus	DUF6462 family protein		41356337	protein-coding		WP_041688241.1	157	EUBELI_RS08025
NC_012778.1	1730141	1730368		minus	DUF6462 family protein		41356338	protein-coding		WP_012739894.1	75	EUBELI_RS08030
NC_012778.1	1730612	1732216		minus	lysine--tRNA ligase	lysS	41356339	protein-coding		WP_012739895.1	534	EUBELI_RS08035
NC_012778.1	1732252	1732728		minus	transcription elongation factor GreA	greA	41356340	protein-coding		WP_012739896.1	158	EUBELI_RS08040
NC_012778.1	1732835	1733800		minus	tRNA dihydrouridine synthase DusB	dusB	41356341	protein-coding		WP_012739897.1	321	EUBELI_RS08045
NC_012778.1	1733803	1734135		minus	DUF6145 family protein		41356342	protein-coding		WP_012739898.1	110	EUBELI_RS08050
NC_012778.1	1734122	1735135		minus	biotin--[acetyl-CoA-carboxylase] ligase		41356343	protein-coding		WP_012739899.1	337	EUBELI_RS08055
NC_012778.1	1735132	1735416		minus	hypothetical protein		41356344	protein-coding		WP_012739900.1	94	EUBELI_RS08060
NC_012778.1	1735700	1736695		minus	ornithine carbamoyltransferase	argF	41356345	protein-coding		WP_012739901.1	331	EUBELI_RS08065
NC_012778.1	1737092	1738093		minus	cell wall hydrolase		41357401	protein-coding		WP_012739902.1	333	EUBELI_RS13680
NC_012778.1	1738296	1739090		minus	TrmH family RNA methyltransferase		41356346	protein-coding		WP_041688243.1	264	EUBELI_RS08075
NC_012778.1	1739116	1740090		minus	6-phosphofructokinase	pfkA	41356347	protein-coding		WP_012739904.1	324	EUBELI_RS08080
NC_012778.1	1740197	1743763		minus	DNA polymerase III subunit alpha		41356348	protein-coding		WP_012739905.1	1188	EUBELI_RS08085
NC_012778.1	1743865	1744635		plus	PilZ domain-containing protein		41356349	protein-coding		WP_012739906.1	256	EUBELI_RS08090
NC_012778.1	1744668	1746779		minus	ATP-dependent zinc metalloprotease FtsH	ftsH	41356350	protein-coding		WP_081458321.1	703	EUBELI_RS08095
NC_012778.1	1747006	1748619		plus	CTP synthase		41356351	protein-coding		WP_041688244.1	537	EUBELI_RS08100
NC_012778.1	1748706	1749095		minus	BlaI/MecI/CopY family transcriptional regulator		41356352	protein-coding		WP_012739909.1	129	EUBELI_RS08105
NC_012778.1	1749193	1749879		minus	4'-phosphopantetheinyl transferase family protein		41357402	protein-coding		WP_049777960.1	228	EUBELI_RS13685
NC_012778.1	1749893	1750474		minus	potassium channel family protein		41356353	protein-coding		WP_012739911.1	193	EUBELI_RS08115
NC_012778.1	1750486	1751535		minus	hypothetical protein		41356354	protein-coding		WP_012739912.1	349	EUBELI_RS08120
NC_012778.1	1751535	1752815		minus	ABC transporter permease		41356355	protein-coding		WP_012739913.1	426	EUBELI_RS08125
NC_012778.1	1752834	1753517		minus	ABC transporter ATP-binding protein		41356356	protein-coding		WP_012739914.1	227	EUBELI_RS08130
NC_012778.1	1753533	1755302		minus	ABC transporter ATP-binding protein		41356357	protein-coding		WP_012739915.1	589	EUBELI_RS08135
NC_012778.1	1755302	1757044		minus	ABC transporter ATP-binding protein		41356358	protein-coding		WP_012739916.1	580	EUBELI_RS08140
NC_012778.1	1757061	1758233		minus	flagellin lysine-N-methylase	fliB	41357403	protein-coding		WP_012739917.1	390	EUBELI_RS13690
NC_012778.1	1758327	1758860		minus	hypothetical protein		41356359	protein-coding		WP_012739918.1	177	EUBELI_RS08150
NC_012778.1	1758913	1759629		minus	hypothetical protein		41356360	protein-coding		WP_012739919.1	238	EUBELI_RS08155
NC_012778.1	1759721	1760722		plus	hypothetical protein		41356361	protein-coding		WP_041688246.1	333	EUBELI_RS08160
NC_012778.1	1761234	1762754		plus	ABC transporter permease subunit		41356362	protein-coding		WP_012739922.1	506	EUBELI_RS08165
NC_012778.1	1762744	1763490		plus	amino acid ABC transporter ATP-binding protein		41356363	protein-coding		WP_012739923.1	248	EUBELI_RS08170
NC_012778.1	1764070	1764819		minus	tRNA pseudouridine(38-40) synthase TruA	truA	41356364	protein-coding		WP_012739924.1	249	EUBELI_RS08175
NC_012778.1	1764920	1766575		minus	RecQ family ATP-dependent DNA helicase		41356365	protein-coding		WP_012739925.1	551	EUBELI_RS08180
NC_012778.1	1766579	1768189		minus	GGDEF domain-containing protein		41356366	protein-coding		WP_012739926.1	536	EUBELI_RS08185
NC_012778.1	1768300	1769349		minus	type IV pilus twitching motility protein PilT		41356367	protein-coding		WP_012739927.1	349	EUBELI_RS08190
NC_012778.1	1769424	1770065		minus	endonuclease III domain-containing protein		41356368	protein-coding		WP_012739928.1	213	EUBELI_RS08195
NC_012778.1	1770069	1771535		minus	sodium-dependent transporter		41356369	protein-coding		WP_012739929.1	488	EUBELI_RS08200
NC_012778.1	1771609	1773309		minus	extracellular solute-binding protein		41356370	protein-coding		WP_012739930.1	566	EUBELI_RS08205
NC_012778.1	1773314	1774162		minus	sugar ABC transporter permease		41356371	protein-coding		WP_012739931.1	282	EUBELI_RS08210
NC_012778.1	1774159	1775496		minus	carbohydrate ABC transporter permease		41356372	protein-coding		WP_012739932.1	445	EUBELI_RS08215
NC_012778.1	1775533	1776786		minus	extracellular solute-binding protein		41356373	protein-coding		WP_012739933.1	417	EUBELI_RS08220
NC_012778.1	1776900	1778657		minus	sensor histidine kinase		41356374	protein-coding		WP_012739934.1	585	EUBELI_RS08225
NC_012778.1	1778654	1780198		minus	response regulator transcription factor		41356375	protein-coding		WP_012739935.1	514	EUBELI_RS08230
NC_012778.1	1780291	1782570		minus	glycogen/starch/alpha-glucan phosphorylase		41356376	protein-coding		WP_148231347.1	759	EUBELI_RS08235
NC_012778.1	1782683	1783558		plus	AraC family transcriptional regulator		41356377	protein-coding		WP_012739937.1	291	EUBELI_RS08240
NC_012778.1	1783747	1784412		minus	DUF4234 domain-containing protein		41356378	protein-coding		WP_012739938.1	221	EUBELI_RS08245
NC_012778.1	1784427	1784852		minus	DUF2752 domain-containing protein		41356379	protein-coding		WP_012739939.1	141	EUBELI_RS08250
NC_012778.1	1784877	1785806		minus	AEC family transporter		41356380	protein-coding		WP_041688253.1	309	EUBELI_RS08255
NC_012778.1	1785903	1786340		minus	MarR family winged helix-turn-helix transcriptional regulator		41356381	protein-coding		WP_012739941.1	145	EUBELI_RS08260
NC_012778.1	1786392	1786817		minus	3-hydroxyacyl-ACP dehydratase FabZ	fabZ	41356382	protein-coding		WP_012739942.1	141	EUBELI_RS08265
NC_012778.1	1786820	1788052		minus	beta-ketoacyl-ACP synthase II	fabF	41356383	protein-coding		WP_012739943.1	410	EUBELI_RS08270
NC_012778.1	1788049	1788792		minus	3-oxoacyl-[acyl-carrier-protein] reductase	fabG	41356384	protein-coding		WP_012739944.1	247	EUBELI_RS08275
NC_012778.1	1788837	1789910		minus	NAD(P)H-dependent flavin oxidoreductase		41356385	protein-coding		WP_012739945.1	357	EUBELI_RS08280
NC_012778.1	1789900	1790829		minus	nitronate monooxygenase		41356386	protein-coding		WP_012739946.1	309	EUBELI_RS08285
NC_012778.1	1790844	1791779		minus	beta-ketoacyl-ACP synthase III		41356387	protein-coding		WP_012739947.1	311	EUBELI_RS08290
NC_012778.1	1791776	1792567		minus	carboxyltransferase subunit alpha	accA	71415257	protein-coding		WP_012739948.1	263	EUBELI_RS14660
NC_012778.1	1792564	1793337		minus	acetyl-CoA carboxylase carboxyltransferase subunit beta		71415258	protein-coding		WP_012739949.1	257	EUBELI_RS14665
NC_012778.1	1793334	1794689		minus	acetyl-CoA carboxylase biotin carboxylase subunit	accC	41356390	protein-coding		WP_041688255.1	451	EUBELI_RS08305
NC_012778.1	1794704	1795156		minus	acetyl-CoA carboxylase biotin carboxyl carrier protein	accB	41356391	protein-coding		WP_012739951.1	150	EUBELI_RS08310
NC_012778.1	1795186	1795416		minus	acyl carrier protein	acpP	41356392	protein-coding		WP_012739952.1	76	EUBELI_RS08315
NC_012778.1	1795527	1796354		minus	DegV family protein		41356393	protein-coding		WP_012739953.1	275	EUBELI_RS08320
NC_012778.1	1796485	1797009		plus	TetR/AcrR family transcriptional regulator		41356394	protein-coding		WP_012739954.1	174	EUBELI_RS08325
NC_012778.1	1797048	1798403		minus	MATE family efflux transporter		41356395	protein-coding		WP_012739955.1	451	EUBELI_RS08330
NC_012778.1	1798429	1799742		minus	SGNH/GDSL hydrolase family protein		71415259	protein-coding		WP_012739956.1	437	EUBELI_RS14670
NC_012778.1	1799992	1800062		minus	tRNA-Gly		41356396	tRNA				EUBELI_RS08340
NC_012778.1	1800244	1801593		plus	MATE family efflux transporter		41356397	protein-coding		WP_012739957.1	449	EUBELI_RS08345
NC_012778.1	1801721	1803259		minus	right-handed parallel beta-helix repeat-containing protein		41356398	protein-coding		WP_041688259.1	512	EUBELI_RS08350
NC_012778.1	1803653	1804273		minus	M15 family metallopeptidase		41356399	protein-coding		WP_012739961.1	206	EUBELI_RS08355
NC_012778.1	1804482	1804850		plus	hypothetical protein		41356400	protein-coding		WP_012739962.1	122	EUBELI_RS08360
NC_012778.1	1804876	1805391		plus	hypothetical protein		41356401	protein-coding		WP_041688261.1	171	EUBELI_RS08365
NC_012778.1	1805407	1806054		plus	hypothetical protein		41356402	protein-coding		WP_012739964.1	215	EUBELI_RS08370
NC_012778.1	1806538	1807827		minus	IS110 family RNA-guided transposase		41356403	protein-coding		WP_012739966.1	429	EUBELI_RS08375
NC_012778.1	1807912	1808148		minus	PF20097 family protein		41356404	protein-coding		WP_012739967.1	78	EUBELI_RS08380
NC_012778.1	1808159	1808578		minus	helix-turn-helix domain-containing protein		41356405	protein-coding		WP_041688263.1	139	EUBELI_RS08385
NC_012778.1	1808718	1811729		minus	AAA domain-containing protein		41356406	protein-coding		WP_012739969.1	1003	EUBELI_RS08390
NC_012778.1	1811930	1813141		plus	dicarboxylate/amino acid:cation symporter		41356407	protein-coding		WP_012739970.1	403	EUBELI_RS08395
NC_012778.1	1813220	1813564		plus	phenylpyruvate tautomerase MIF-related protein		41356408	protein-coding		WP_012739971.1	114	EUBELI_RS08400
NC_012778.1	1813624	1814265		minus	ABC-2 transporter permease		41356409	protein-coding		WP_012739972.1	213	EUBELI_RS08405
NC_012778.1	1814265	1815113		minus	ABC transporter ATP-binding protein		41356410	protein-coding		WP_012739973.1	282	EUBELI_RS08410
NC_012778.1	1815125	1815499		minus	GntR family transcriptional regulator		41356411	protein-coding		WP_022097118.1	124	EUBELI_RS08415
NC_012778.1	1815797	1816246		minus	DUF2726 domain-containing protein		41356412	protein-coding		WP_041688265.1	149	EUBELI_RS08420
NC_012778.1	1816252	1816575		minus	hypothetical protein		41356413	protein-coding		WP_041688267.1	107	EUBELI_RS08425
NC_012778.1	1817036	1817476		minus	hypothetical protein		41356414	protein-coding		WP_041688269.1	146	EUBELI_RS08430
NC_012778.1	1817828	1818748		plus	aldo/keto reductase		41356415	protein-coding		WP_181968746.1	306	EUBELI_RS08435
NC_012778.1	1818934	1819263		plus	hypothetical protein		41356416	protein-coding		WP_242827279.1	109	EUBELI_RS08440
NC_012778.1	1819559	1821973		minus	hypothetical protein		41356417	protein-coding		WP_012739980.1	804	EUBELI_RS08445
NC_012778.1	1822143	1823357		plus	IS256 family transposase		41356418	protein-coding		WP_041687873.1	404	EUBELI_RS08450
NC_012778.1	1823425	1823742		minus	uncharacterized gene		97114071	pseudogene				EUBELI_RS14980
NC_012778.1	1823849	1824544		minus	hypothetical protein		41356419	protein-coding		WP_012739981.1	231	EUBELI_RS08455
NC_012778.1	1824552	1825064		minus	GNAT family N-acetyltransferase		41356420	protein-coding		WP_012739982.1	170	EUBELI_RS08460
NC_012778.1	1825082	1825558		minus	NUDIX hydrolase		41356421	protein-coding		WP_012739983.1	158	EUBELI_RS08465
NC_012778.1	1825612	1826208		minus	HD domain-containing protein		41356422	protein-coding		WP_012739984.1	198	EUBELI_RS08470
NC_012778.1	1826501	1827886		minus	DNA double-strand break repair nuclease NurA		41356423	protein-coding		WP_049777964.1	461	EUBELI_RS08475
NC_012778.1	1827879	1829861		minus	ATP-binding protein		41356424	protein-coding		WP_012739986.1	660	EUBELI_RS08480
NC_012778.1	1829854	1830735		minus	DNA adenine methylase		41356425	protein-coding		WP_012739987.1	293	EUBELI_RS08485
NC_012778.1	1830753	1831667		minus	AlbA family DNA-binding domain-containing protein		41357404	protein-coding		WP_012739988.1	304	EUBELI_RS13700
NC_012778.1	1831676	1832539		minus	type II restriction endonuclease		41356426	protein-coding		WP_012739989.1	287	EUBELI_RS08495
NC_012778.1	1832529	1833332		minus	DNA-methyltransferase		41356427	protein-coding		WP_012739990.1	267	EUBELI_RS08500
NC_012778.1	1833354	1833971		minus	hypothetical protein		41356428	protein-coding		WP_012739991.1	205	EUBELI_RS08505
NC_012778.1	1833984	1834817		minus	DNA adenine methylase		41356429	protein-coding		WP_012739992.1	277	EUBELI_RS08510
NC_012778.1	1834924	1835646		minus	TRM11 family SAM-dependent methyltransferase		41356430	protein-coding		WP_081458306.1	240	EUBELI_RS08515
NC_012778.1	1835794	1836036		plus	helix-turn-helix domain-containing protein		41356431	protein-coding		WP_041688270.1	80	EUBELI_RS08520
NC_012778.1	1836033	1836683		plus	PDDEXK family nuclease		41356432	protein-coding		WP_012739995.1	216	EUBELI_RS08525
NC_012778.1	1836719	1837993		minus	plasmid recombination protein		71415260	protein-coding		WP_012739996.1	424	EUBELI_RS14675
NC_012778.1	1838301	1838678		minus	TnpV protein		41356433	protein-coding		WP_012739997.1	125	EUBELI_RS08535
NC_012778.1	1838709	1839080		minus	plasmid mobilization protein		41356434	protein-coding		WP_012739998.1	123	EUBELI_RS08540
NC_012778.1	1839064	1840158		minus	site-specific integrase		41356435	protein-coding		WP_012739999.1	364	EUBELI_RS08545
NC_012778.1	1840159	1840356		minus	transcriptional regulator		41356436	protein-coding		WP_012740000.1	65	EUBELI_RS08550
NC_012778.1	1840577	1841218		plus	helix-turn-helix domain-containing protein		41356437	protein-coding		WP_012740001.1	213	EUBELI_RS08555
NC_012778.1	1841236	1842066		plus	hypothetical protein		41356438	protein-coding		WP_012740002.1	276	EUBELI_RS08560
NC_012778.1	1842139	1842612		plus	dihydrofolate reductase		41356439	protein-coding		WP_012740003.1	157	EUBELI_RS08565
NC_012778.1	1842742	1843377		plus	barstar family protein		41357405	protein-coding		WP_012740004.1	211	EUBELI_RS13705
NC_012778.1	1843485	1844063		plus	helix-turn-helix domain-containing protein		41356440	protein-coding		WP_041688272.1	192	EUBELI_RS08575
NC_012778.1	1844605	1845159		minus	TIR domain-containing protein		41356441	protein-coding		WP_012740007.1	184	EUBELI_RS08580
NC_012778.1	1845173	1846063		minus	macro domain-containing protein		41356442	protein-coding		WP_012740008.1	296	EUBELI_RS08585
NC_012778.1	1846060	1846869		minus	hypothetical protein		41356443	protein-coding		WP_012740009.1	269	EUBELI_RS08590
NC_012778.1	1847185	1848291		minus	UvrD-helicase domain-containing protein		41356444	protein-coding		WP_012740010.1	368	EUBELI_RS08595
NC_012778.1	1848285	1849922		minus	ATP-dependent nuclease		41356445	protein-coding		WP_041688274.1	545	EUBELI_RS08600
NC_012778.1	1850036	1850473		minus	very short patch repair endonuclease		41356446	protein-coding		WP_012740012.1	145	EUBELI_RS08605
NC_012778.1	1850490	1851710		minus	LlaJI family restriction endonuclease		41356447	protein-coding		WP_041688277.1	406	EUBELI_RS08610
NC_012778.1	1851722	1853605		minus	McrB family protein		71415261	protein-coding		WP_012740014.1	627	EUBELI_RS14680
NC_012778.1	1853605	1855038		minus	DNA cytosine methyltransferase		41356448	protein-coding		WP_012740015.1	477	EUBELI_RS08620
NC_012778.1	1855040	1855975		minus	DNA cytosine methyltransferase		41356449	protein-coding		WP_012740016.1	311	EUBELI_RS08625
NC_012778.1	1855976	1856173		minus	hypothetical protein		41356450	protein-coding		WP_012740017.1	65	EUBELI_RS08630
NC_012778.1	1856313	1857473		plus	HNH endonuclease		41357406	protein-coding		WP_012740018.1	386	EUBELI_RS13715
NC_012778.1	1857516	1859342		minus	relaxase/mobilization nuclease domain-containing protein		41356451	protein-coding		WP_012740019.1	608	EUBELI_RS08640
NC_012778.1	1859321	1859683		minus	plasmid mobilization protein		41356452	protein-coding		WP_012740020.1	120	EUBELI_RS08645
NC_012778.1	1859951	1860205		minus	hypothetical protein		44154965	protein-coding		WP_165437526.1	84	EUBELI_RS14390
NC_012778.1	1860233	1860607		minus	TnpV protein		41356453	protein-coding		WP_012740023.1	124	EUBELI_RS08655
NC_012778.1	1860600	1860941		minus	plasmid mobilization protein		41356454	protein-coding		WP_012740024.1	113	EUBELI_RS08660
NC_012778.1	1861046	1862242		minus	site-specific integrase		41356455	protein-coding		WP_015560979.1	398	EUBELI_RS08665
NC_012778.1	1862335	1862520		minus	MarR family transcriptional regulator		41356456	protein-coding		WP_012740026.1	61	EUBELI_RS08670
NC_012778.1	1862916	1863464		plus	helix-turn-helix domain-containing protein		41356457	protein-coding		WP_012740027.1	182	EUBELI_RS08675
NC_012778.1	1863570	1865144		minus	glutamine-hydrolyzing GMP synthase	guaA	41356458	protein-coding		WP_012740028.1	524	EUBELI_RS08680
NC_012778.1	1865261	1866835		minus	HAD-IA family hydrolase		41357453	protein-coding		WP_165437542.1	524	EUBELI_RS13960
NC_012778.1	1866921	1869791		minus	excinuclease ABC subunit UvrA	uvrA	41356459	protein-coding		WP_049777985.1	956	EUBELI_RS08690
NC_012778.1	1869784	1871784		minus	excinuclease ABC subunit UvrB	uvrB	41356460	protein-coding		WP_041688279.1	666	EUBELI_RS08695
NC_012778.1	1871893	1873185		minus	S41 family peptidase		41356461	protein-coding		WP_012740032.1	430	EUBELI_RS08700
NC_012778.1	1873212	1874423		minus	murein hydrolase activator EnvC family protein		41356462	protein-coding		WP_012740033.1	403	EUBELI_RS08705
NC_012778.1	1874516	1875424		minus	permease-like cell division protein FtsX	ftsX	41356463	protein-coding		WP_012740034.1	302	EUBELI_RS08710
NC_012778.1	1875414	1876100		minus	cell division ATP-binding protein FtsE	ftsE	41356464	protein-coding		WP_012740035.1	228	EUBELI_RS08715
NC_012778.1	1876123	1877214		minus	PucR family transcriptional regulator		41356465	protein-coding		WP_012740036.1	363	EUBELI_RS08720
NC_012778.1	1877350	1878465		minus	ABC transporter ATP-binding protein		41356466	protein-coding		WP_012740037.1	371	EUBELI_RS08725
NC_012778.1	1878752	1878928		plus	YjfB family protein		41357454	protein-coding		WP_012740038.1	58	EUBELI_RS13965
NC_012778.1	1879012	1879965		minus	CPBP family intramembrane glutamic endopeptidase		41356467	protein-coding		WP_012740039.1	317	EUBELI_RS08730
NC_012778.1	1879956	1880333		minus	RidA family protein		41356468	protein-coding		WP_012740040.1	125	EUBELI_RS08735
NC_012778.1	1880416	1881243		minus	CvfB family protein		41356469	protein-coding		WP_041688798.1	275	EUBELI_RS08740
NC_012778.1	1881370	1881442		minus	tRNA-Gln		41356470	tRNA				EUBELI_RS08745
NC_012778.1	1881533	1881943		minus	hypothetical protein		41356471	protein-coding		WP_148231348.1	136	EUBELI_RS08750
NC_012778.1	1882155	1882697		plus	hypothetical protein		41356472	protein-coding		WP_012740043.1	180	EUBELI_RS08755
NC_012778.1	1882821	1883159		plus	P-II family nitrogen regulator		41356473	protein-coding		WP_012740044.1	112	EUBELI_RS08760
NC_012778.1	1883326	1884765		minus	DHHW family protein		41356474	protein-coding		WP_165437543.1	479	EUBELI_RS08765
NC_012778.1	1884805	1886253		minus	MBOAT family O-acyltransferase		41356475	protein-coding		WP_012740046.1	482	EUBELI_RS08770
NC_012778.1	1886256	1886933		minus	YesL family protein		41356476	protein-coding		WP_012740047.1	225	EUBELI_RS08775
NC_012778.1	1887099	1887800		plus	hypothetical protein		41356477	protein-coding		WP_012740048.1	233	EUBELI_RS08780
NC_012778.1	1887803	1888501		minus	GNAT family N-acetyltransferase		41356478	protein-coding		WP_012740049.1	232	EUBELI_RS08785
NC_012778.1	1888630	1889148		plus	peptidylprolyl isomerase		41356479	protein-coding		WP_041688281.1	172	EUBELI_RS08790
NC_012778.1	1889224	1889988		minus	TPM domain-containing protein		41356480	protein-coding		WP_012740051.1	254	EUBELI_RS08795
NC_012778.1	1889985	1891010		minus	hypothetical protein		41356481	protein-coding		WP_012740052.1	341	EUBELI_RS08800
NC_012778.1	1891234	1891578		minus	DUF3899 domain-containing protein		41356482	protein-coding		WP_012740053.1	114	EUBELI_RS08805
NC_012778.1	1891739	1892602		plus	class II fructose-1,6-bisphosphate aldolase	fba	41356483	protein-coding		WP_012740054.1	287	EUBELI_RS08810
NC_012778.1	1892625	1893539		plus	class B sortase		41356484	protein-coding		WP_012740055.1	304	EUBELI_RS08815
NC_012778.1	1893768	1895876		plus	glutamine synthetase III family protein		41356485	protein-coding		WP_012740056.1	702	EUBELI_RS08820
NC_012778.1	1896093	1896578		minus	S-ribosylhomocysteine lyase		41356486	protein-coding		WP_012740057.1	161	EUBELI_RS08825
NC_012778.1	1896578	1897534		minus	NYN domain-containing protein		41356487	protein-coding		WP_012740058.1	318	EUBELI_RS08830
NC_012778.1	1897557	1897739		minus	DUF6472 family protein		41356488	protein-coding		WP_012740059.1	60	EUBELI_RS08835
NC_012778.1	1897742	1898980		minus	ATP-binding protein		41356489	protein-coding		WP_012740060.1	412	EUBELI_RS08840
NC_012778.1	1898961	1899674		minus	P-II family nitrogen regulator		41356490	protein-coding		WP_041688282.1	237	EUBELI_RS08845
NC_012778.1	1899687	1901204		minus	DUF1538 domain-containing protein		41356491	protein-coding		WP_041688804.1	505	EUBELI_RS08850
NC_012778.1	1901399	1901605		minus	helix-turn-helix domain-containing protein		41356492	protein-coding		WP_012740063.1	68	EUBELI_RS08855
NC_012778.1	1901828	1902040		minus	uncharacterized gene		41356493	pseudogene				EUBELI_RS08860
NC_012778.1	1902043	1902843		minus	AraC family transcriptional regulator		41356494	protein-coding		WP_012740065.1	266	EUBELI_RS08865
NC_012778.1	1903107	1904597		minus	UDP-glucose--hexose-1-phosphate uridylyltransferase	galT	41356495	protein-coding		WP_012740066.1	496	EUBELI_RS08870
NC_012778.1	1904625	1905881		minus	galactokinase		41356496	protein-coding		WP_012740067.1	418	EUBELI_RS08875
NC_012778.1	1905987	1907381		minus	MFS transporter		41356497	protein-coding		WP_041688284.1	464	EUBELI_RS08880
NC_012778.1	1907551	1910592		minus	glycoside hydrolase family 2 TIM barrel-domain containing protein		41356498	protein-coding		WP_041688286.1	1013	EUBELI_RS08885
NC_012778.1	1910803	1911669		plus	AraC family transcriptional regulator		41356499	protein-coding		WP_041688288.1	288	EUBELI_RS08890
NC_012778.1	1911939	1913393		minus	23S rRNA (uracil(1939)-C(5))-methyltransferase RlmD	rlmD	41356500	protein-coding		WP_012740071.1	484	EUBELI_RS08895
NC_012778.1	1913383	1914327		minus	3'-5' exoribonuclease YhaM family protein		41356501	protein-coding		WP_012740072.1	314	EUBELI_RS08900
NC_012778.1	1914345	1915589		minus	S1C family serine protease		41356502	protein-coding		WP_012740073.1	414	EUBELI_RS08905
NC_012778.1	1915771	1918134		plus	endonuclease MutS2		41356503	protein-coding		WP_012740074.1	787	EUBELI_RS08910
NC_012778.1	1918156	1918857		plus	response regulator transcription factor		41356504	protein-coding		WP_012740075.1	233	EUBELI_RS08915
NC_012778.1	1918884	1920311		plus	sensor histidine kinase		41356505	protein-coding		WP_012740076.1	475	EUBELI_RS08920
NC_012778.1	1920354	1920851		minus	tRNA (uridine(34)/cytosine(34)/5-carboxymethylaminomethyluridine(34)-2'-O)-methyltransferase TrmL	trmL	41356506	protein-coding		WP_012740077.1	165	EUBELI_RS08925
NC_012778.1	1920866	1921339		minus	chemotaxis protein CheX		41356507	protein-coding		WP_012740078.1	157	EUBELI_RS08930
NC_012778.1	1921354	1922514		minus	pyridoxal phosphate-dependent aminotransferase		41356508	protein-coding		WP_012740079.1	386	EUBELI_RS08935
NC_012778.1	1922511	1922993		minus	Lrp/AsnC family transcriptional regulator		41356509	protein-coding		WP_012740080.1	160	EUBELI_RS08940
NC_012778.1	1923013	1923954		minus	AIR synthase-related protein		41356510	protein-coding		WP_012740081.1	313	EUBELI_RS08945
NC_012778.1	1924036	1924143		minus	synaptobrevin-B		88505213	protein-coding		WP_193359392.1	35	EUBELI_RS14950
NC_012778.1	1924196	1924828		plus	hypothetical protein		41356511	protein-coding		WP_012740083.1	210	EUBELI_RS08950
NC_012778.1	1924841	1925542		minus	3'-5' exonuclease		41356512	protein-coding		WP_012740084.1	233	EUBELI_RS08955
NC_012778.1	1925535	1927331		minus	sensor domain-containing diguanylate cyclase		41356513	protein-coding		WP_012740085.1	598	EUBELI_RS08960
NC_012778.1	1927375	1928085		minus	tRNA (guanosine(37)-N1)-methyltransferase TrmD	trmD	41356514	protein-coding		WP_012740086.1	236	EUBELI_RS08965
NC_012778.1	1928085	1928954		minus	GDSL-type esterase/lipase family protein		41356515	protein-coding		WP_012740087.1	289	EUBELI_RS08970
NC_012778.1	1929036	1931150		minus	glycoside hydrolase family 13 protein		41356516	protein-coding		WP_012740088.1	704	EUBELI_RS08975
NC_012778.1	1931407	1933275		minus	ATP-dependent zinc metalloprotease FtsH	ftsH	41356517	protein-coding		WP_012740089.1	622	EUBELI_RS08980
NC_012778.1	1933293	1933829		minus	hypoxanthine phosphoribosyltransferase	hpt	41356518	protein-coding		WP_012740090.1	178	EUBELI_RS08985
NC_012778.1	1933863	1935323		minus	tRNA lysidine(34) synthetase TilS	tilS	41356519	protein-coding		WP_012740091.1	486	EUBELI_RS08990
NC_012778.1	1935336	1936448		minus	PP2C family protein-serine/threonine phosphatase		41356520	protein-coding		WP_012740092.1	370	EUBELI_RS08995
NC_012778.1	1936574	1936903		minus	FtsB family cell division protein		41356521	protein-coding		WP_012740093.1	109	EUBELI_RS09000
NC_012778.1	1936911	1937348		minus	spore cortex biosynthesis protein YabQ	yabQ	41356522	protein-coding		WP_012740094.1	145	EUBELI_RS09005
NC_012778.1	1937345	1937629		minus	sporulation protein YabP	yabP	41356523	protein-coding		WP_012740095.1	94	EUBELI_RS09010
NC_012778.1	1937704	1937943		minus	RNA-binding S4 domain-containing protein		41356524	protein-coding		WP_012740096.1	79	EUBELI_RS09015
NC_012778.1	1937968	1938510		minus	stage V sporulation T C-terminal domain-containing protein		41356525	protein-coding		WP_012740097.1	180	EUBELI_RS09020
NC_012778.1	1938720	1939712		minus	hypothetical protein		41356526	protein-coding		WP_012740098.1	330	EUBELI_RS09025
NC_012778.1	1939713	1940048		minus	PadR family transcriptional regulator		41356527	protein-coding		WP_012740099.1	111	EUBELI_RS09030
NC_012778.1	1940240	1940743		plus	hypothetical protein		41356528	protein-coding		WP_012740100.1	167	EUBELI_RS09035
NC_012778.1	1940787	1942022		plus	glycoside hydrolase family 28 protein		41356529	protein-coding		WP_012740101.1	411	EUBELI_RS09040
NC_012778.1	1942068	1943807		minus	carbon starvation CstA family protein		41356530	protein-coding		WP_012740102.1	579	EUBELI_RS09045
NC_012778.1	1944752	1946863		plus	methyl-accepting chemotaxis protein		41356531	protein-coding		WP_012740103.1	703	EUBELI_RS09050
NC_012778.1	1946924	1948012		minus	ABC transporter ATP-binding protein		41356532	protein-coding		WP_012740104.1	362	EUBELI_RS09055
NC_012778.1	1948045	1948890		minus	sulfate ABC transporter permease subunit CysW	cysW	41356533	protein-coding		WP_012740105.1	281	EUBELI_RS09060
NC_012778.1	1948905	1949747		minus	sulfate ABC transporter permease subunit CysT	cysT	41356534	protein-coding		WP_041688819.1	280	EUBELI_RS09065
NC_012778.1	1949771	1950004		minus	hypothetical protein		41356535	protein-coding		WP_012740107.1	77	EUBELI_RS09070
NC_012778.1	1950583	1950966		plus	GntR family transcriptional regulator		41356537	protein-coding		WP_012740109.1	127	EUBELI_RS09080
NC_012778.1	1951027	1952430		plus	PH domain-containing protein		41356538	protein-coding		WP_012740110.1	467	EUBELI_RS09085
NC_012778.1	1952490	1954388		minus	AAA family ATPase		41356539	protein-coding		WP_012740111.1	632	EUBELI_RS09090
NC_012778.1	1954774	1955979		plus	cation:proton antiporter		41356540	protein-coding		WP_041688290.1	401	EUBELI_RS09095
NC_012778.1	1956106	1957161		minus	sulfate ABC transporter substrate-binding protein		41356541	protein-coding		WP_012740113.1	351	EUBELI_RS09100
NC_012778.1	1957186	1958775		minus	sulfate adenylyltransferase subunit 1		41356542	protein-coding		WP_081458308.1	529	EUBELI_RS09105
NC_012778.1	1958777	1959676		minus	sulfate adenylyltransferase subunit CysD	cysD	41356543	protein-coding		WP_012740115.1	299	EUBELI_RS09110
NC_012778.1	1959688	1960002		minus	4Fe-4S dicluster domain-containing protein		41356544	protein-coding		WP_012740116.1	104	EUBELI_RS09115
NC_012778.1	1959983	1961686		minus	adenylyl-sulfate reductase subunit alpha		41356545	protein-coding		WP_041688292.1	567	EUBELI_RS09120
NC_012778.1	1962284	1963111		plus	amidohydrolase family protein		41356546	protein-coding		WP_041688294.1	275	EUBELI_RS09125
NC_012778.1	1963265	1963534		minus	DUF1294 domain-containing protein		41356547	protein-coding		WP_012740120.1	89	EUBELI_RS09130
NC_012778.1	1963534	1964016		minus	hypothetical protein		41356548	protein-coding		WP_012740121.1	160	EUBELI_RS09135
NC_012778.1	1964246	1964740		plus	QueT transporter family protein		41356549	protein-coding		WP_012740122.1	164	EUBELI_RS09140
NC_012778.1	1964985	1967126		minus	hypothetical protein		41356550	protein-coding		WP_012740123.1	713	EUBELI_RS09145
NC_012778.1	1967199	1968581		minus	NHL repeat-containing protein		41356551	protein-coding		WP_041688296.1	460	EUBELI_RS09150
NC_012778.1	1968799	1970103		minus	sensor histidine kinase		41356552	protein-coding		WP_012740125.1	434	EUBELI_RS09155
NC_012778.1	1970100	1970786		minus	LytR/AlgR family response regulator transcription factor		41356553	protein-coding		WP_012740126.1	228	EUBELI_RS09160
NC_012778.1	1970811	1971383		minus	indolepyruvate oxidoreductase subunit beta		41356554	protein-coding		WP_012740127.1	190	EUBELI_RS09165
NC_012778.1	1971414	1973159		minus	indolepyruvate ferredoxin oxidoreductase subunit alpha	iorA	41356555	protein-coding		WP_041688298.1	581	EUBELI_RS09170
NC_012778.1	1973186	1974820		minus	class I adenylate-forming enzyme family protein		41356556	protein-coding		WP_041688300.1	544	EUBELI_RS09175
NC_012778.1	1975268	1976503		plus	NAD(P)-dependent oxidoreductase		41356557	protein-coding		WP_012740131.1	411	EUBELI_RS09180
NC_012778.1	1976599	1976826		minus	hypothetical protein		41356558	protein-coding		WP_012740132.1	75	EUBELI_RS09185
NC_012778.1	1976959	1977984		minus	branched-chain amino acid aminotransferase		41356559	protein-coding		WP_012740133.1	341	EUBELI_RS09190
NC_012778.1	1978084	1979064		minus	aldolase catalytic domain-containing protein		41356560	protein-coding		WP_012740134.1	326	EUBELI_RS09195
NC_012778.1	1979191	1982811		minus	transcription-repair coupling factor	mfd	41356561	protein-coding		WP_012740135.1	1206	EUBELI_RS09200
NC_012778.1	1982825	1983385		minus	aminoacyl-tRNA hydrolase	pth	41356562	protein-coding		WP_012740136.1	186	EUBELI_RS09205
NC_012778.1	1983512	1983778		minus	septation regulator SpoVG	spoVG	41356563	protein-coding		WP_012740137.1	88	EUBELI_RS09210
NC_012778.1	1983852	1984967		minus	glucose-1-phosphate adenylyltransferase subunit GlgD	glgD	41356564	protein-coding		WP_012740138.1	371	EUBELI_RS09215
NC_012778.1	1984967	1986238		minus	glucose-1-phosphate adenylyltransferase		41356565	protein-coding		WP_012740139.1	423	EUBELI_RS09220
NC_012778.1	1986447	1987826		plus	UDP-N-acetylmuramate--L-alanine ligase	murC	41356566	protein-coding		WP_012740140.1	459	EUBELI_RS09225
NC_012778.1	1988094	1989209		plus	DnaD domain protein		41356567	protein-coding		WP_012740141.1	371	EUBELI_RS09230
NC_012778.1	1989227	1990225		plus	ATP-binding protein		41356568	protein-coding		WP_012740142.1	332	EUBELI_RS09235
NC_012778.1	1990326	1991510		plus	ribose-phosphate pyrophosphokinase		41356569	protein-coding		WP_012740143.1	394	EUBELI_RS09240
NC_012778.1	1991558	1993780		minus	transglycosylase domain-containing protein		41356570	protein-coding		WP_012740144.1	740	EUBELI_RS09245
NC_012778.1	1993805	1996342		minus	cysteine peptidase family C39 domain-containing protein		41356571	protein-coding		WP_041688302.1	845	EUBELI_RS09250
NC_012778.1	1996344	1997492		minus	class I SAM-dependent methyltransferase		41356572	protein-coding		WP_012740146.1	382	EUBELI_RS09255
NC_012778.1	1997596	1998321		minus	YwmB family TATA-box binding protein		41356573	protein-coding		WP_012740147.1	241	EUBELI_RS09260
NC_012778.1	1998381	1998785		minus	ATP synthase F1 subunit epsilon	atpC	41356574	protein-coding		WP_012740148.1	134	EUBELI_RS09265
NC_012778.1	1998799	2000193		minus	F0F1 ATP synthase subunit beta	atpD	41356575	protein-coding		WP_041688829.1	464	EUBELI_RS09270
NC_012778.1	2000213	2001073		minus	ATP synthase F1 subunit gamma	atpG	41356576	protein-coding		WP_012740150.1	286	EUBELI_RS09275
NC_012778.1	2001100	2002608		minus	F0F1 ATP synthase subunit alpha	atpA	41356577	protein-coding		WP_012740151.1	502	EUBELI_RS09280
NC_012778.1	2002660	2003205		minus	ATP synthase F1 subunit delta	atpH	41356578	protein-coding		WP_012740152.1	181	EUBELI_RS09285
NC_012778.1	2003193	2003747		minus	F0F1 ATP synthase subunit B	atpF	41356579	protein-coding		WP_228003418.1	184	EUBELI_RS09290
NC_012778.1	2003784	2004041		minus	ATP synthase F0 subunit C	atpE	41356580	protein-coding		WP_012740154.1	85	EUBELI_RS09295
NC_012778.1	2004076	2004798		minus	F0F1 ATP synthase subunit A	atpB	41356581	protein-coding		WP_012740155.1	240	EUBELI_RS09300
NC_012778.1	2004799	2005251		minus	hypothetical protein		41356582	protein-coding		WP_012740156.1	150	EUBELI_RS09305
NC_012778.1	2005255	2005563		minus	AtpZ/AtpI family protein		41356583	protein-coding		WP_012740157.1	102	EUBELI_RS09310
NC_012778.1	2005713	2006183		plus	DUF402 domain-containing protein		41356584	protein-coding		WP_012740158.1	156	EUBELI_RS09315
NC_012778.1	2006230	2006709		minus	deoxycytidylate deaminase		41356585	protein-coding		WP_012740159.1	159	EUBELI_RS09320
NC_012778.1	2006713	2007141		minus	ribose 5-phosphate isomerase B	rpiB	41356586	protein-coding		WP_012740160.1	142	EUBELI_RS09325
NC_012778.1	2007141	2007623		minus	arsenate reductase/protein-tyrosine-phosphatase family protein		41356587	protein-coding		WP_081458309.1	160	EUBELI_RS09330
NC_012778.1	2007659	2008714		minus	L-threonylcarbamoyladenylate synthase		41356588	protein-coding		WP_012740162.1	351	EUBELI_RS09335
NC_012778.1	2008736	2009524		minus	N-acetylmuramoyl-L-alanine amidase family protein		41356589	protein-coding		WP_012740163.1	262	EUBELI_RS09340
NC_012778.1	2009586	2011109		minus	glycosyl hydrolase family 18 protein		41356590	protein-coding		WP_012740164.1	507	EUBELI_RS09345
NC_012778.1	2011097	2011273		minus	hypothetical protein		44154966	protein-coding		WP_165437544.1	58	EUBELI_RS14395
NC_012778.1	2011470	2012141		minus	hypothetical protein		41356591	protein-coding		WP_012740166.1	223	EUBELI_RS09350
NC_012778.1	2012059	2013555		minus	serine/threonine protein kinase		41356592	protein-coding		WP_012740167.1	498	EUBELI_RS09355
NC_012778.1	2013746	2014594		plus	adaptor protein MecA		41356593	protein-coding		WP_012740168.1	282	EUBELI_RS09360
NC_012778.1	2014658	2014864		minus	DUF1858 domain-containing protein		41356594	protein-coding		WP_012740169.1	68	EUBELI_RS09365
NC_012778.1	2015123	2015293		plus	DUF362 domain-containing protein		41356595	protein-coding		WP_012740170.1	56	EUBELI_RS09370
NC_012778.1	2015409	2016755		minus	replicative DNA helicase	dnaB	41356596	protein-coding		WP_012740171.1	448	EUBELI_RS09375
NC_012778.1	2016791	2017237		minus	50S ribosomal protein L9	rplI	41356597	protein-coding		WP_012740172.1	148	EUBELI_RS09380
NC_012778.1	2017237	2019300		minus	DHH family phosphoesterase		41356598	protein-coding		WP_041688305.1	687	EUBELI_RS09385
NC_012778.1	2019620	2019883		minus	30S ribosomal protein S18	rpsR	41356599	protein-coding		WP_012740175.1	87	EUBELI_RS09390
NC_012778.1	2019901	2020365		minus	single-stranded DNA-binding protein		41356600	protein-coding		WP_012740176.1	154	EUBELI_RS09395
NC_012778.1	2020432	2020719		minus	30S ribosomal protein S6	rpsF	41356601	protein-coding		WP_012740177.1	95	EUBELI_RS09400
NC_012778.1	2020836	2021033		minus	DUF951 domain-containing protein		41356602	protein-coding		WP_012740178.1	65	EUBELI_RS09405
NC_012778.1	2021057	2021773		minus	NAD-dependent protein deacylase		41356603	protein-coding		WP_012740179.1	238	EUBELI_RS09410
NC_012778.1	2021766	2022350		minus	non-specific protein-tyrosine kinase		41356604	protein-coding		WP_012740180.1	194	EUBELI_RS09415
NC_012778.1	2022375	2023886		minus	YveK family protein		41357407	protein-coding		WP_012740181.1	503	EUBELI_RS13720
NC_012778.1	2023905	2024675		minus	hypothetical protein		41356605	protein-coding		WP_012740182.1	256	EUBELI_RS09425
NC_012778.1	2024724	2025911		minus	glycosyltransferase		41356606	protein-coding		WP_012740183.1	395	EUBELI_RS09430
NC_012778.1	2025982	2026052		minus	tRNA-Cys		41356607	tRNA				EUBELI_RS09435
NC_012778.1	2026067	2026138		minus	tRNA-Glu		41356608	tRNA				EUBELI_RS09440
NC_012778.1	2026182	2026253		minus	tRNA-Asn		41356609	tRNA				EUBELI_RS09445
NC_012778.1	2026440	2029327		minus	23S ribosomal RNA		41356610	rRNA				EUBELI_RS09450
NC_012778.1	2029660	2029777		minus	5S ribosomal RNA	rrf	41356611	rRNA				EUBELI_RS09455
NC_012778.1	2029858	2031388		minus	16S ribosomal RNA		41356612	rRNA				EUBELI_RS09460
NC_012778.1	2031825	2032391		minus	zinc ribbon domain-containing protein		41356613	protein-coding		WP_041688307.1	188	EUBELI_RS09465
NC_012778.1	2032410	2033183		minus	CvpA family protein		41356614	protein-coding		WP_041688308.1	257	EUBELI_RS09470
NC_012778.1	2033198	2034466		minus	DUF5711 family protein		41356615	protein-coding		WP_012740186.1	422	EUBELI_RS09475
NC_012778.1	2034528	2035682		minus	LysM peptidoglycan-binding domain-containing protein		41356616	protein-coding		WP_041688312.1	384	EUBELI_RS09480
NC_012778.1	2035855	2036439		plus	spore protease YyaC	yyaC	41356617	protein-coding		WP_049777966.1	194	EUBELI_RS09485
NC_012778.1	2036375	2037466		minus	hypothetical protein		41356618	protein-coding		WP_148231349.1	363	EUBELI_RS09490
NC_012778.1	2037506	2039794		minus	hydratase		41356619	protein-coding		WP_012740189.1	762	EUBELI_RS09495
NC_012778.1	2039878	2040294		minus	HIT family protein		41356620	protein-coding		WP_012740190.1	138	EUBELI_RS09500
NC_012778.1	2040463	2041197		plus	GHKL domain-containing protein		63285572	protein-coding		WP_207643830.1	244	EUBELI_RS14570
NC_012778.1	2041228	2042220		minus	hypothetical protein		41356621	protein-coding		WP_041688316.1	330	EUBELI_RS09510
NC_012778.1	2042299	2043678		minus	DUF6382 domain-containing protein		41356622	protein-coding		WP_041688318.1	459	EUBELI_RS09515
NC_012778.1	2043692	2044021		minus	hypothetical protein		41356623	protein-coding		WP_012740194.1	109	EUBELI_RS09520
NC_012778.1	2044012	2044440		minus	hypothetical protein		41356624	protein-coding		WP_012740195.1	142	EUBELI_RS09525
NC_012778.1	2044449	2045273		minus	TadE family protein		41356625	protein-coding		WP_012740196.1	274	EUBELI_RS09530
NC_012778.1	2045423	2047528		minus	DUF5702 domain-containing protein		41357408	protein-coding		WP_012740197.1	701	EUBELI_RS13725
NC_012778.1	2047541	2047720		minus	Flp1 family type IVb pilin		41356626	protein-coding		WP_012740198.1	59	EUBELI_RS09540
NC_012778.1	2047751	2049004		minus	hypothetical protein		41356627	protein-coding		WP_012740199.1	417	EUBELI_RS09545
NC_012778.1	2048994	2049701		minus	type II secretion system F family protein		41356628	protein-coding		WP_012740200.1	235	EUBELI_RS09550
NC_012778.1	2049694	2050914		minus	CpaF family protein		41356629	protein-coding		WP_012740201.1	406	EUBELI_RS09555
NC_012778.1	2050914	2051918		minus	P-loop NTPase family protein		41356630	protein-coding		WP_012740202.1	334	EUBELI_RS09560
NC_012778.1	2051943	2052413		minus	A24 family peptidase		41357409	protein-coding		WP_012740203.1	156	EUBELI_RS13730
NC_012778.1	2052525	2052749		plus	YaaL family protein		41356631	protein-coding		WP_012740204.1	74	EUBELI_RS09570
NC_012778.1	2052941	2053948		plus	glycoside hydrolase family 25 protein		41356632	protein-coding		WP_012740205.1	335	EUBELI_RS09575
NC_012778.1	2053945	2054898		minus	NAD(+) diphosphatase	nudC	41356633	protein-coding		WP_012740206.1	317	EUBELI_RS09580
NC_012778.1	2054900	2055847		minus	TIGR03943 family putative permease subunit		41356634	protein-coding		WP_012740207.1	315	EUBELI_RS09585
NC_012778.1	2055929	2057071		minus	GTP-binding protein		41356635	protein-coding		WP_012740208.1	380	EUBELI_RS09590
NC_012778.1	2057187	2058140		minus	DNA-binding protein WhiA	whiA	41356636	protein-coding		WP_012740209.1	317	EUBELI_RS09595
NC_012778.1	2058143	2059021		minus	RNase adapter RapZ	rapZ	41356637	protein-coding		WP_012740210.1	292	EUBELI_RS09600
NC_012778.1	2059082	2060017		minus	UDP-N-acetylmuramate dehydrogenase	murB	41356638	protein-coding		WP_012740211.1	311	EUBELI_RS09605
NC_012778.1	2060039	2060980		minus	ROK family glucokinase		41356639	protein-coding		WP_012740212.1	313	EUBELI_RS09610
NC_012778.1	2060973	2061926		minus	HPr(Ser) kinase/phosphatase	hprK	41356640	protein-coding		WP_012740213.1	317	EUBELI_RS09615
NC_012778.1	2062015	2063853		minus	excinuclease ABC subunit UvrC	uvrC	41356641	protein-coding		WP_012740214.1	612	EUBELI_RS09620
NC_012778.1	2063841	2066036		minus	transglutaminase-like domain-containing protein		41356642	protein-coding		WP_012740215.1	731	EUBELI_RS09625
NC_012778.1	2066104	2067126		minus	DUF58 domain-containing protein		41356643	protein-coding		WP_012740216.1	340	EUBELI_RS09630
NC_012778.1	2067141	2068100		minus	AAA family ATPase		41356644	protein-coding		WP_012740217.1	319	EUBELI_RS09635
NC_012778.1	2068122	2068835		minus	hypothetical protein		41356645	protein-coding		WP_012740218.1	237	EUBELI_RS09640
NC_012778.1	2068828	2069400		minus	RNA polymerase sigma factor		41356646	protein-coding		WP_012740219.1	190	EUBELI_RS09645
NC_012778.1	2069578	2070036		minus	ferritin-like domain-containing protein		41356647	protein-coding		WP_012740220.1	152	EUBELI_RS09650
NC_012778.1	2070112	2071323		minus	iron-containing alcohol dehydrogenase		41356648	protein-coding		WP_022097613.1	403	EUBELI_RS09655
NC_012778.1	2071461	2071895		minus	hypothetical protein		41356649	protein-coding		WP_012740222.1	144	EUBELI_RS09660
NC_012778.1	2071948	2072274		minus	hypothetical protein		41356650	protein-coding		WP_012740223.1	108	EUBELI_RS09665
NC_012778.1	2072284	2074368		minus	hypothetical protein		41356651	protein-coding		WP_012740224.1	694	EUBELI_RS09670
NC_012778.1	2074369	2075523		minus	hypothetical protein		41356652	protein-coding		WP_012740225.1	384	EUBELI_RS09675
NC_012778.1	2075605	2075679		plus	uncharacterized gene		97114072	pseudogene				EUBELI_RS14985
NC_012778.1	2075869	2077857		minus	transketolase	tkt	41356653	protein-coding		WP_012740226.1	662	EUBELI_RS09680
NC_012778.1	2077896	2080682		minus	hypothetical protein		41356654	protein-coding		WP_012740227.1	928	EUBELI_RS09685
NC_012778.1	2080814	2085247		minus	coiled-coil domain-containing protein		41356655	protein-coding		WP_012740228.1	1477	EUBELI_RS09690
NC_012778.1	2085234	2085950		minus	DUF6063 family protein		41356656	protein-coding		WP_012740229.1	238	EUBELI_RS09695
NC_012778.1	2085940	2087457		minus	hypothetical protein		41356657	protein-coding		WP_148231352.1	505	EUBELI_RS09700
NC_012778.1	2087552	2088148		minus	recombination mediator RecR	recR	41356658	protein-coding		WP_012740231.1	198	EUBELI_RS09705
NC_012778.1	2088148	2088498		minus	YbaB/EbfC family nucleoid-associated protein		41356659	protein-coding		WP_012740232.1	116	EUBELI_RS09710
NC_012778.1	2088498	2090135		minus	DNA polymerase III subunit gamma/tau	dnaX	41356660	protein-coding		WP_041688320.1	545	EUBELI_RS09715
NC_012778.1	2090366	2090628		minus	signal recognition particle sRNA large type	ffs	41357456	other				EUBELI_RS13975
NC_012778.1	2091056	2091610		minus	prolyl-tRNA synthetase associated domain-containing protein		41356661	protein-coding		WP_012740235.1	184	EUBELI_RS09720
NC_012778.1	2091646	2092563		minus	ABC transporter ATP-binding protein		41356662	protein-coding		WP_012740236.1	305	EUBELI_RS09725
NC_012778.1	2092874	2093389		plus	tRNA adenosine(34) deaminase TadA	tadA	41356663	protein-coding		WP_278245934.1	171	EUBELI_RS09730
NC_012778.1	2093392	2093931		plus	GNAT family N-acetyltransferase		41356664	protein-coding		WP_041688322.1	179	EUBELI_RS09735
NC_012778.1	2093919	2095043		minus	DUF6128 domain-containing protein		41356665	protein-coding		WP_012740239.1	374	EUBELI_RS09740
NC_012778.1	2095124	2096152		minus	GGDEF domain-containing protein		41356666	protein-coding		WP_012740240.1	342	EUBELI_RS09745
NC_012778.1	2096291	2097172		plus	16S rRNA (adenine(1518)-N(6)/adenine(1519)-N(6))-dimethyltransferase RsmA	rsmA	41356667	protein-coding		WP_012740241.1	293	EUBELI_RS09750
NC_012778.1	2097432	2098238		minus	TatD family hydrolase		41356668	protein-coding		WP_012740242.1	268	EUBELI_RS09755
NC_012778.1	2098244	2100217		minus	methionine--tRNA ligase	metG	41356669	protein-coding		WP_012740243.1	657	EUBELI_RS09760
NC_012778.1	2100407	2102215		plus	DUF885 domain-containing protein		41356670	protein-coding		WP_049777967.1	602	EUBELI_RS09765
NC_012778.1	2102277	2103077		minus	DnaJ domain-containing protein		41356671	protein-coding		WP_012740245.1	266	EUBELI_RS09770
NC_012778.1	2103061	2103927		minus	DUF5685 family protein		41356672	protein-coding		WP_041688324.1	288	EUBELI_RS09775
NC_012778.1	2104022	2104231		minus	hypothetical protein		41356673	protein-coding		WP_041688326.1	69	EUBELI_RS09780
NC_012778.1	2104344	2105036		plus	flagellar filament capping protein FliD	fliD	41356674	protein-coding		WP_041688328.1	230	EUBELI_RS09785
NC_012778.1	2105179	2105382		minus	PTS ascorbate transporter subunit IIC		41356675	protein-coding		WP_012740249.1	67	EUBELI_RS09790
NC_012778.1	2105382	2106434		minus	SPFH domain-containing protein		41356676	protein-coding		WP_012740250.1	350	EUBELI_RS09795
NC_012778.1	2106803	2106875		minus	tRNA-Lys		41356677	tRNA				EUBELI_RS09800
NC_012778.1	2107136	2108434		plus	AI-2E family transporter		41356678	protein-coding		WP_012740251.1	432	EUBELI_RS09805
NC_012778.1	2108436	2108564		minus	hypothetical protein		79984129	protein-coding		WP_265416935.1	42	EUBELI_RS14810
NC_012778.1	2108607	2109251		minus	tRNA (guanosine(46)-N7)-methyltransferase TrmB	trmB	41356679	protein-coding		WP_012740253.1	214	EUBELI_RS09810
NC_012778.1	2109442	2110836		plus	D-alanyl-D-alanine carboxypeptidase family protein		41356680	protein-coding		WP_012740254.1	464	EUBELI_RS09815
NC_012778.1	2110855	2111325		minus	flagellar export chaperone FliS		41356681	protein-coding		WP_012740255.1	156	EUBELI_RS09820
NC_012778.1	2111369	2112916		minus	flagellin N-terminal helical domain-containing protein		41356682	protein-coding		WP_012740256.1	515	EUBELI_RS09825
NC_012778.1	2112985	2115945		minus	DUF6240 domain-containing protein		41356683	protein-coding		WP_012740257.1	986	EUBELI_RS09830
NC_012778.1	2116115	2118046		minus	1,4-alpha-glucan branching protein GlgB	glgB	41356684	protein-coding		WP_049777968.1	643	EUBELI_RS09835
NC_012778.1	2118264	2119229		plus	MraY family glycosyltransferase		41356685	protein-coding		WP_012740259.1	321	EUBELI_RS09840
NC_012778.1	2119277	2120245		minus	3'-5' exonuclease		41356686	protein-coding		WP_041688330.1	322	EUBELI_RS09845
NC_012778.1	2120370	2120684		minus	diguanylate cyclase domain-containing protein		71415262	protein-coding		WP_330360206.1	104	EUBELI_RS14685
NC_012778.1	2120579	2121142		minus	hypothetical protein		71415263	protein-coding		WP_012740262.1	187	EUBELI_RS14690
NC_012778.1	2121539	2123608		minus	methyl-accepting chemotaxis protein		41356687	protein-coding		WP_041688332.1	689	EUBELI_RS09855
NC_012778.1	2123757	2124680		minus	DUF3881 family protein		41356688	protein-coding		WP_012740264.1	307	EUBELI_RS09860
NC_012778.1	2124697	2125785		minus	HD-GYP domain-containing protein		41357410	protein-coding		WP_165437547.1	362	EUBELI_RS13735
NC_012778.1	2125960	2128575		plus	bifunctional acetaldehyde-CoA/alcohol dehydrogenase	adhE	41356689	protein-coding		WP_012740266.1	871	EUBELI_RS09870
NC_012778.1	2128612	2129379		plus	phosphotransferase		41356690	protein-coding		WP_012740267.1	255	EUBELI_RS09875
NC_012778.1	2129526	2130815		minus	serine--tRNA ligase	serS	41356691	protein-coding		WP_012740268.1	429	EUBELI_RS09880
NC_012778.1	2130902	2131459		minus	DUF4446 family protein		41356692	protein-coding		WP_012740269.1	185	EUBELI_RS09885
NC_012778.1	2131513	2132448		minus	ParB/RepB/Spo0J family partition protein		41356693	protein-coding		WP_012740270.1	311	EUBELI_RS09890
NC_012778.1	2132466	2133230		minus	ParA family protein		41356694	protein-coding		WP_041688334.1	254	EUBELI_RS09895
NC_012778.1	2133442	2134086		minus	response regulator		41356695	protein-coding		WP_012740272.1	214	EUBELI_RS09900
NC_012778.1	2134100	2135116		minus	sensor histidine kinase		41357411	protein-coding		WP_012740273.1	338	EUBELI_RS13740
NC_012778.1	2135404	2136345		plus	alpha/beta fold hydrolase		41356696	protein-coding		WP_012740274.1	313	EUBELI_RS09910
NC_012778.1	2136493	2137215		minus	16S rRNA (guanine(527)-N(7))-methyltransferase RsmG	rsmG	41356697	protein-coding		WP_012740275.1	240	EUBELI_RS09915
NC_012778.1	2137236	2139119		minus	tRNA uridine-5-carboxymethylaminomethyl(34) synthesis enzyme MnmG	mnmG	41356698	protein-coding		WP_012740276.1	627	EUBELI_RS09920
NC_012778.1	2139144	2140523		minus	tRNA uridine-5-carboxymethylaminomethyl(34) synthesis GTPase MnmE	mnmE	41356699	protein-coding		WP_012740277.1	459	EUBELI_RS09925
NC_012778.1	2140585	2141493		minus	RNA-binding cell elongation regulator Jag/EloR	jag	41356700	protein-coding		WP_012740278.1	302	EUBELI_RS09930
NC_012778.1	2141507	2142745		minus	YidC/Oxa1 family membrane protein insertase		41356701	protein-coding		WP_165437548.1	412	EUBELI_RS09935
NC_012778.1	2142791	2143072		minus	membrane protein insertion efficiency factor YidD	yidD	41356702	protein-coding		WP_012740280.1	93	EUBELI_RS09940
NC_012778.1	2143086	2143433		minus	ribonuclease P protein component	rnpA	41356703	protein-coding		WP_041688336.1	115	EUBELI_RS09945
NC_012778.1	2143543	2143677		minus	50S ribosomal protein L34	rpmH	41356704	protein-coding		WP_012740282.1	44	EUBELI_RS09950
NC_012780.1	1	525	unnamed	minus	flavodoxin family protein		41356789	protein-coding		WP_008119059.1	174	EUBELI_RS10390
NC_012780.1	804	986	unnamed	minus	hypothetical protein		44154977	protein-coding		WP_012740284.1	60	EUBELI_RS14450
NC_012780.1	1155	1655	unnamed	minus	hypothetical protein		41356791	protein-coding		WP_041688886.1	166	EUBELI_RS10405
NC_012780.1	1695	1841	unnamed	minus	hypothetical protein		44154978	protein-coding		WP_165437552.1	48	EUBELI_RS14455
NC_012780.1	2028	2153	unnamed	minus	DUF4885 domain-containing protein		41357482	protein-coding		WP_242827283.1	41	EUBELI_RS14180
NC_012780.1	2197	2784	unnamed	minus	hypothetical protein		41356792	protein-coding		WP_041689011.1	195	EUBELI_RS10415
NC_012780.1	2911	3165	unnamed	minus	hypothetical protein		41356793	protein-coding		WP_012740289.1	84	EUBELI_RS10420
NC_012780.1	3499	3726	unnamed	minus	uncharacterized gene		71415267	pseudogene				EUBELI_RS14710
NC_012780.1	3885	4490	unnamed	minus	TetR/AcrR family transcriptional regulator		41356794	protein-coding		WP_041688887.1	201	EUBELI_RS10430
NC_012780.1	4519	4872	unnamed	minus	hypothetical protein		41356795	protein-coding		WP_012740292.1	117	EUBELI_RS10435
NC_012780.1	5094	5687	unnamed	minus	sugar O-acetyltransferase		41357459	protein-coding		WP_081458334.1	197	EUBELI_RS13990
NC_012780.1	5765	6121	unnamed	minus	DUF2200 domain-containing protein		41356796	protein-coding		WP_041688889.1	118	EUBELI_RS10445
NC_012780.1	6183	6329	unnamed	minus	uncharacterized gene		97114073	pseudogene				EUBELI_RS14990
NC_012780.1	6395	6985	unnamed	minus	nitroreductase family protein		41356797	protein-coding		WP_012740295.1	196	EUBELI_RS10450
NC_012780.1	7305	7673	unnamed	minus	GNAT family N-acetyltransferase		41356798	protein-coding		WP_012740296.1	122	EUBELI_RS10455
NC_012780.1	7799	8758	unnamed	minus	hypothetical protein		41356799	protein-coding		WP_228003397.1	319	EUBELI_RS10460
NC_012780.1	8875	9390	unnamed	minus	helix-turn-helix domain-containing protein		41356800	protein-coding		WP_041688890.1	171	EUBELI_RS10465
NC_012780.1	9531	9974	unnamed	minus	GNAT family N-acetyltransferase		41356801	protein-coding		WP_012740299.1	147	EUBELI_RS10470
NC_012780.1	10011	10487	unnamed	minus	pyridoxamine 5'-phosphate oxidase family protein		41356802	protein-coding		WP_012740300.1	158	EUBELI_RS10475
NC_012780.1	10652	10942	unnamed	minus	GNAT family acetyltransferase		41356803	protein-coding		WP_012740301.1	96	EUBELI_RS10480
NC_012780.1	11300	11698	unnamed	minus	bacteriohemerythrin		41356804	protein-coding		WP_012740303.1	132	EUBELI_RS10485
NC_012780.1	11812	13050	unnamed	minus	HD-GYP domain-containing protein		41356805	protein-coding		WP_012740304.1	412	EUBELI_RS10490
NC_012780.1	13051	13206	unnamed	minus	rubredoxin		41356806	protein-coding		WP_012740305.1	51	EUBELI_RS10495
NC_012780.1	13297	13533	unnamed	minus	uncharacterized gene		41356807	pseudogene				EUBELI_RS10500
NC_012780.1	13540	14490	unnamed	minus	L-lactate dehydrogenase		41356808	protein-coding		WP_012740307.1	316	EUBELI_RS10505
NC_012780.1	14557	14964	unnamed	minus	Fur family transcriptional regulator		41356809	protein-coding		WP_012740308.1	135	EUBELI_RS10510
NC_012780.1	15093	15842	unnamed	minus	peroxide stress protein YaaA	yaaA	41356810	protein-coding		WP_012740309.1	249	EUBELI_RS10515
NC_012780.1	15842	16297	unnamed	minus	thioredoxin-dependent thiol peroxidase	bcp	41356811	protein-coding		WP_012740310.1	151	EUBELI_RS10520
NC_012780.1	16263	16421	unnamed	minus	peptide deformylase		44154979	protein-coding		WP_012740311.1	52	EUBELI_RS14460
NC_012780.1	16495	17394	unnamed	minus	sensor histidine kinase		41356812	protein-coding		WP_012740312.1	299	EUBELI_RS10525
NC_012780.1	17398	18252	unnamed	minus	ABC transporter permease		41356813	protein-coding		WP_228003400.1	284	EUBELI_RS10530
NC_012780.1	18254	19171	unnamed	minus	ABC transporter ATP-binding protein		41356814	protein-coding		WP_041688891.1	305	EUBELI_RS10535
NC_012780.1	19256	20008	unnamed	minus	response regulator transcription factor		41356815	protein-coding		WP_041688892.1	250	EUBELI_RS10540
NC_012780.1	20384	20515	unnamed	minus	hypothetical protein		79984134	protein-coding		WP_012740316.1	43	EUBELI_RS14835
NC_012780.1	20642	21181	unnamed	plus	S24 family peptidase		41356816	protein-coding		WP_012740317.1	179	EUBELI_RS10545
NC_012780.1	21268	21468	unnamed	plus	helix-turn-helix transcriptional regulator		41356817	protein-coding		WP_004611564.1	66	EUBELI_RS10550
NC_012780.1	21604	21789	unnamed	minus	prolipoprotein diacylglyceryl transferase family protein		41357461	protein-coding		WP_349180463.1	61	EUBELI_RS14000
NC_012780.1	22129	22434	unnamed	minus	hypothetical protein		41356818	protein-coding		WP_041688893.1	101	EUBELI_RS10555
NC_012780.1	22451	23014	unnamed	minus	chromate transporter		41356819	protein-coding		WP_012740321.1	187	EUBELI_RS10560
NC_012780.1	23011	23622	unnamed	minus	chromate transporter		41356820	protein-coding		WP_012740322.1	203	EUBELI_RS10565
NC_012780.1	23715	24617	unnamed	plus	LysR family transcriptional regulator		41356821	protein-coding		WP_012740323.1	300	EUBELI_RS10570
NC_012780.1	24664	24770	unnamed	minus	uncharacterized gene		71415268	pseudogene				EUBELI_RS14715
NC_012780.1	24779	25192	unnamed	plus	helix-turn-helix domain-containing protein		41357415	protein-coding		WP_228003401.1	137	EUBELI_RS13760
NC_012780.1	25467	26420	unnamed	minus	alpha/beta hydrolase		41356822	protein-coding		WP_012740325.1	317	EUBELI_RS10580
NC_012780.1	26423	26818	unnamed	minus	hypothetical protein		41356823	protein-coding		WP_012740326.1	131	EUBELI_RS10585
NC_012780.1	27164	27235	unnamed	minus	hypothetical protein		97114074	protein-coding		WP_408606603.1	23	EUBELI_RS14995
NC_012780.1	27297	27618	unnamed	plus	uncharacterized gene		305205723	pseudogene				EUBELI_RS15010
NC_012780.1	27927	28280	unnamed	minus	uncharacterized gene	thiD	41356825	pseudogene				EUBELI_RS10595
NC_012780.1	28265	28564	unnamed	minus	response regulator		41356826	protein-coding		WP_012740330.1	99	EUBELI_RS10600
NC_012780.1	28603	30048	unnamed	minus	aminoacyl-histidine dipeptidase		41356827	protein-coding		WP_012740331.1	481	EUBELI_RS10605
NC_012780.1	30095	30460	unnamed	minus	PqqD family protein		41356828	protein-coding		WP_012740332.1	121	EUBELI_RS10610
NC_012780.1	30543	32450	unnamed	minus	OPT family oligopeptide transporter		41356829	protein-coding		WP_012740333.1	635	EUBELI_RS10615
NC_012780.1	32709	32975	unnamed	minus	hypothetical protein		41356830	protein-coding		WP_012740334.1	88	EUBELI_RS10620
NC_012780.1	33498	33947	unnamed	plus	helix-turn-helix domain-containing protein		41357416	protein-coding		WP_049777986.1	149	EUBELI_RS13765
NC_012780.1	34382	36640	unnamed	minus	formate C-acetyltransferase	pflB	41356831	protein-coding		WP_012740336.1	752	EUBELI_RS10630
NC_012780.1	36948	37259	unnamed	minus	thioredoxin	trxA	41356832	protein-coding		WP_012740337.1	103	EUBELI_RS10635
NC_012780.1	37288	37668	unnamed	minus	DUF3783 domain-containing protein		41356833	protein-coding		WP_012740338.1	126	EUBELI_RS10640
NC_012780.1	37668	38471	unnamed	minus	putative ABC transporter permease		41356834	protein-coding		WP_041688896.1	267	EUBELI_RS10645
NC_012780.1	38521	38874	unnamed	minus	LytTR family DNA-binding domain-containing protein		41356835	protein-coding		WP_041688897.1	117	EUBELI_RS10650
NC_012780.1	38998	40341	unnamed	minus	dihydroorotase		71415270	protein-coding		WP_049777997.1	447	EUBELI_RS14725
NC_012780.1	40375	41184	unnamed	minus	uncharacterized gene		71415271	pseudogene				EUBELI_RS14730
NC_012780.1	41237	42187	unnamed	minus	DUF3878 family protein		41356836	protein-coding		WP_012740342.1	316	EUBELI_RS10660
NC_012780.1	42224	42985	unnamed	minus	TIGR03915 family putative DNA repair protein		41356837	protein-coding		WP_041689028.1	253	EUBELI_RS10665
NC_012780.1	43027	44466	unnamed	minus	putative DNA modification/repair radical SAM protein		41356838	protein-coding		WP_041688898.1	479	EUBELI_RS10670
NC_012780.1	44569	44904	unnamed	minus	helix-turn-helix domain-containing protein		41356839	protein-coding		WP_012740345.1	111	EUBELI_RS10675
NC_012780.1	44912	45613	unnamed	minus	helix-turn-helix domain-containing protein		41356840	protein-coding		WP_012740346.1	233	EUBELI_RS10680
NC_012780.1	45926	46075	unnamed	plus	AgrD family cyclic lactone autoinducer peptide		41357463	protein-coding		WP_012740347.1	49	EUBELI_RS14020
NC_012780.1	46075	46653	unnamed	plus	accessory gene regulator B family protein		41356841	protein-coding		WP_012740348.1	192	EUBELI_RS10685
NC_012780.1	46676	47989	unnamed	minus	sensor histidine kinase		41356842	protein-coding		WP_012740349.1	437	EUBELI_RS10690
NC_012780.1	47993	48703	unnamed	minus	LytR/AlgR family response regulator transcription factor		41356843	protein-coding		WP_012740350.1	236	EUBELI_RS10695
NC_012780.1	48744	50711	unnamed	minus	hypothetical protein		41356844	protein-coding		WP_012740351.1	655	EUBELI_RS10700
NC_012780.1	50732	51985	unnamed	minus	hypothetical protein		41356845	protein-coding		WP_012740352.1	417	EUBELI_RS10705
NC_012780.1	51994	52692	unnamed	minus	hypothetical protein		41356846	protein-coding		WP_012740353.1	232	EUBELI_RS10710
NC_012780.1	52763	53164	unnamed	minus	hypothetical protein		41356847	protein-coding		WP_012740354.1	133	EUBELI_RS10715
NC_012780.1	53504	55354	unnamed	minus	ABC transporter ATP-binding protein		41356848	protein-coding		WP_012740355.1	616	EUBELI_RS10720
NC_012780.1	55360	57666	unnamed	minus	ABC transporter ATP-binding protein		41356849	protein-coding		WP_041688899.1	768	EUBELI_RS10725
NC_012780.1	57917	58555	unnamed	plus	ECF transporter S component		41356850	protein-coding		WP_012740357.1	212	EUBELI_RS10730
NC_012780.1	58606	59634	unnamed	plus	P1 family peptidase		41356851	protein-coding		WP_012740358.1	342	EUBELI_RS10735
NC_012780.1	59716	61170	unnamed	minus	PTS transporter subunit EIIC		41356852	protein-coding		WP_041688900.1	484	EUBELI_RS10740
NC_012780.1	61242	61721	unnamed	minus	PTS sugar transporter subunit IIA		41356853	protein-coding		WP_012740360.1	159	EUBELI_RS10745
NC_012780.1	61715	62848	unnamed	minus	N-acetylglucosamine-6-phosphate deacetylase	nagA	41356854	protein-coding		WP_012740361.1	377	EUBELI_RS10750
NC_012780.1	62885	63613	unnamed	minus	glucosamine-6-phosphate deaminase	nagB	41356855	protein-coding		WP_012740362.1	242	EUBELI_RS10755
NC_012780.1	63910	64722	unnamed	minus	prolipoprotein diacylglyceryl transferase		41356856	protein-coding		WP_041688901.1	270	EUBELI_RS10760
NC_012780.1	64760	65440	unnamed	minus	YkgJ family cysteine cluster protein		41356857	protein-coding		WP_012740365.1	226	EUBELI_RS10765
NC_012780.1	65630	66637	unnamed	plus	sugar kinase		41356858	protein-coding		WP_012740366.1	335	EUBELI_RS10770
NC_012780.1	66706	67962	unnamed	minus	sensor histidine kinase		41356859	protein-coding		WP_012740367.1	418	EUBELI_RS10775
NC_012780.1	67962	68684	unnamed	minus	LytR/AlgR family response regulator transcription factor		41356860	protein-coding		WP_012740368.1	240	EUBELI_RS10780
NC_012780.1	68689	69252	unnamed	minus	accessory gene regulator B family protein		41356861	protein-coding		WP_012740369.1	187	EUBELI_RS10785
NC_012780.1	69263	69904	unnamed	minus	ATP-binding cassette domain-containing protein		41356862	protein-coding		WP_041688902.1	213	EUBELI_RS10790
NC_012780.1	69920	70747	unnamed	minus	hypothetical protein		41356863	protein-coding		WP_012740371.1	275	EUBELI_RS10795
NC_012780.1	70754	71524	unnamed	minus	hypothetical protein		41356864	protein-coding		WP_012740372.1	256	EUBELI_RS10800
NC_012780.1	71541	72101	unnamed	minus	hypothetical protein		41356865	protein-coding		WP_012740373.1	186	EUBELI_RS10805
NC_012780.1	72111	72926	unnamed	minus	ABC transporter permease		41356866	protein-coding		WP_012740374.1	271	EUBELI_RS10810
NC_012780.1	72923	73615	unnamed	minus	hypothetical protein		41356867	protein-coding		WP_148231384.1	230	EUBELI_RS10815
NC_012780.1	73917	74141	unnamed	minus	cyclic lactone autoinducer peptide		41356868	protein-coding		WP_012740377.1	74	EUBELI_RS10820
NC_012780.1	74415	75536	unnamed	minus	5-methyltetrahydropteroyltriglutamate--homocysteine S-methyltransferase		41356869	protein-coding		WP_012740378.1	373	EUBELI_RS10825
NC_012780.1	75630	76856	unnamed	minus	HD-GYP domain-containing protein		41356870	protein-coding		WP_012740379.1	408	EUBELI_RS10830
NC_012780.1	77448	78089	unnamed	minus	HAD family hydrolase		41356871	protein-coding		WP_012740380.1	213	EUBELI_RS10835
NC_012780.1	78131	78733	unnamed	minus	HD domain-containing protein		41356872	protein-coding		WP_012740381.1	200	EUBELI_RS10840
NC_012780.1	78822	79733	unnamed	minus	AraC family transcriptional regulator		41356873	protein-coding		WP_012740382.1	303	EUBELI_RS10845
NC_012780.1	79807	80388	unnamed	minus	cyclophilin-like fold protein		41356874	protein-coding		WP_012740383.1	193	EUBELI_RS10850
NC_012780.1	80391	80723	unnamed	minus	flavodoxin family protein		41356875	protein-coding		WP_012740384.1	110	EUBELI_RS10855
NC_012780.1	80742	81137	unnamed	minus	arsenate reductase/protein-tyrosine-phosphatase family protein		41356876	protein-coding		WP_012740385.1	131	EUBELI_RS10860
NC_012780.1	81130	81684	unnamed	minus	DUF5714 domain-containing protein		41356877	protein-coding		WP_012740386.1	184	EUBELI_RS10865
NC_012780.1	81727	81999	unnamed	minus	ArsR/SmtB family transcription factor		41356878	protein-coding		WP_012740387.1	90	EUBELI_RS10870
NC_012780.1	82166	82492	unnamed	minus	type II toxin-antitoxin system death-on-curing family toxin		44154981	protein-coding		WP_012740388.1	108	EUBELI_RS14470
NC_012780.1	82505	82966	unnamed	minus	RhuM family protein	rhuM	71415272	protein-coding		WP_012740389.1	153	EUBELI_RS14735
NC_012780.1	83029	83478	unnamed	minus	flavodoxin family protein		41356879	protein-coding		WP_012740390.1	149	EUBELI_RS10880
NC_012780.1	83612	84574	unnamed	minus	Gfo/Idh/MocA family protein		41356880	protein-coding		WP_012740391.1	320	EUBELI_RS10885
NC_012780.1	84779	85246	unnamed	minus	6,7-dimethyl-8-ribityllumazine synthase	ribH	41356881	protein-coding		WP_022097602.1	155	EUBELI_RS10890
NC_012780.1	85279	86481	unnamed	minus	bifunctional 3,4-dihydroxy-2-butanone-4-phosphate synthase/GTP cyclohydrolase II		41356882	protein-coding		WP_012740393.1	400	EUBELI_RS10895
NC_012780.1	86512	87156	unnamed	minus	riboflavin synthase	ribE	41356883	protein-coding		WP_012740394.1	214	EUBELI_RS10900
NC_012780.1	87156	88277	unnamed	minus	bifunctional diaminohydroxyphosphoribosylaminopyrimidine deaminase/5-amino-6-(5-phosphoribosylamino)uracil reductase RibD	ribD	41356884	protein-coding		WP_012740395.1	373	EUBELI_RS10905
NC_012780.1	89274	93446	unnamed	minus	MucBP domain-containing protein		41356885	protein-coding		WP_012740397.1	1390	EUBELI_RS10910
NC_012780.1	93811	94302	unnamed	plus	DUF2798 domain-containing protein		41356886	protein-coding		WP_012740398.1	163	EUBELI_RS10915
NC_012780.1	94411	95625	unnamed	plus	peptidase T	pepT	41356887	protein-coding		WP_012740399.1	404	EUBELI_RS10920
NC_012780.1	95708	97867	unnamed	minus	metallopeptidase domain-containing protein		41356888	protein-coding		WP_012740400.1	719	EUBELI_RS10925
NC_012780.1	97966	98916	unnamed	minus	DNA/RNA non-specific endonuclease		41356889	protein-coding		WP_012740401.1	316	EUBELI_RS10930
NC_012780.1	98927	99334	unnamed	minus	hypothetical protein		41356890	protein-coding		WP_012740402.1	135	EUBELI_RS10935
NC_012780.1	99965	100762	unnamed	minus	GTP pyrophosphokinase		41356891	protein-coding		WP_012740404.1	265	EUBELI_RS10945
NC_012780.1	100790	101389	unnamed	minus	bifunctional phosphoserine phosphatase/homoserine phosphotransferase ThrH	thrH	41356892	protein-coding		WP_012740405.1	199	EUBELI_RS10950
NC_012780.1	101466	102629	unnamed	minus	MalY/PatB family protein		41356893	protein-coding		WP_041689034.1	387	EUBELI_RS10955
NC_012780.1	102659	103504	unnamed	minus	DUF3737 family protein		41356894	protein-coding		WP_041689035.1	281	EUBELI_RS10960
NC_012780.1	103572	104012	unnamed	minus	Fe-S cluster assembly sulfur transfer protein SufU	sufU	41356895	protein-coding		WP_012740408.1	146	EUBELI_RS10965
NC_012780.1	104002	105231	unnamed	minus	aminotransferase class V-fold PLP-dependent enzyme		41356896	protein-coding		WP_012740409.1	409	EUBELI_RS10970
NC_012780.1	105231	106301	unnamed	minus	SufB/SufD family protein		41356897	protein-coding		WP_012740410.1	356	EUBELI_RS10975
NC_012780.1	106326	107732	unnamed	minus	Fe-S cluster assembly protein SufB	sufB	41356898	protein-coding		WP_012740411.1	468	EUBELI_RS10980
NC_012780.1	107753	108493	unnamed	minus	Fe-S cluster assembly ATPase SufC	sufC	41356899	protein-coding		WP_012740412.1	246	EUBELI_RS10985
NC_012780.1	108667	110859	unnamed	minus	putative bifunctional diguanylate cyclase/phosphodiesterase		41357417	protein-coding		WP_012740413.1	730	EUBELI_RS13770
NC_012780.1	111019	112509	unnamed	plus	glycerol kinase GlpK	glpK	41356900	protein-coding		WP_012740414.1	496	EUBELI_RS10995
NC_012780.1	112644	113126	unnamed	minus	preQ(1) synthase	queF	41356901	protein-coding		WP_012740415.1	160	EUBELI_RS11000
NC_012780.1	113142	113825	unnamed	minus	7-cyano-7-deazaguanine synthase QueC	queC	41356902	protein-coding		WP_012740416.1	227	EUBELI_RS11005
NC_012780.1	113838	114410	unnamed	minus	GTP cyclohydrolase I FolE	folE	41356903	protein-coding		WP_041689039.1	190	EUBELI_RS11010
NC_012780.1	114498	115163	unnamed	minus	putative 7-carboxy-7-deazaguanine synthase QueE	queE	41356904	protein-coding		WP_012740418.1	221	EUBELI_RS11015
NC_012780.1	115179	115598	unnamed	minus	6-carboxytetrahydropterin synthase QueD	queD	41356905	protein-coding		WP_012740419.1	139	EUBELI_RS11020
NC_012780.1	116029	116547	unnamed	minus	O-acetyl-ADP-ribose deacetylase		41356906	protein-coding		WP_012740420.1	172	EUBELI_RS11025
NC_012780.1	116568	116741	unnamed	minus	YccF domain-containing protein		41357466	protein-coding		WP_012740421.1	57	EUBELI_RS14045
NC_012780.1	116743	116961	unnamed	minus	hypothetical protein		41356907	protein-coding		WP_012740422.1	72	EUBELI_RS11030
NC_012780.1	117032	117718	unnamed	minus	PAS domain-containing protein		41356908	protein-coding		WP_012740423.1	228	EUBELI_RS11035
NC_012780.1	117732	118124	unnamed	minus	pyridoxamine 5'-phosphate oxidase family protein		41356909	protein-coding		WP_012740424.1	130	EUBELI_RS11040
NC_012780.1	118180	118674	unnamed	minus	hypothetical protein		41356910	protein-coding		WP_148231385.1	164	EUBELI_RS11045
NC_012780.1	118671	119051	unnamed	minus	hypothetical protein		41356911	protein-coding		WP_228003398.1	126	EUBELI_RS11050
NC_012780.1	119391	120083	unnamed	minus	hypothetical protein		41356912	protein-coding		WP_012740428.1	230	EUBELI_RS11055
NC_012780.1	120080	120640	unnamed	minus	RNA polymerase sigma factor		41356913	protein-coding		WP_012740429.1	186	EUBELI_RS11060
NC_012780.1	120951	121355	unnamed	minus	uncharacterized gene	tnpA	41357467	pseudogene				EUBELI_RS14050
NC_012780.1	121497	122081	unnamed	minus	hypothetical protein		41356914	protein-coding		WP_012740432.1	194	EUBELI_RS11070
NC_012780.1	122203	122619	unnamed	minus	hypothetical protein		41356915	protein-coding		WP_012740433.1	138	EUBELI_RS11075
NC_012780.1	122665	122794	unnamed	minus	uncharacterized gene		41357468	pseudogene				EUBELI_RS14055
NC_012780.1	122739	123017	unnamed	minus	class I SAM-dependent methyltransferase		71415273	protein-coding		WP_012740434.1	92	EUBELI_RS14740
NC_012780.1	123227	123838	unnamed	plus	GNAT family N-acetyltransferase		41356916	protein-coding		WP_008119056.1	203	EUBELI_RS11085
NC_012780.1	123878	124501	unnamed	minus	class I SAM-dependent methyltransferase		41356917	protein-coding		WP_012740435.1	207	EUBELI_RS11090
NC_012780.1	124541	125059	unnamed	minus	ClbS/DfsB family four-helix bundle protein		41356918	protein-coding		WP_012740436.1	172	EUBELI_RS11095
NC_012780.1	125096	125620	unnamed	minus	flavodoxin family protein		41356919	protein-coding		WP_008119059.1	174	EUBELI_RS11100
NC_012780.1	125655	126107	unnamed	minus	VOC family protein		41356920	protein-coding		WP_012740437.1	150	EUBELI_RS11105
NC_012780.1	126508	127386	unnamed	minus	AraC family transcriptional regulator		41356921	protein-coding		WP_012740440.1	292	EUBELI_RS11110
NC_012780.1	127750	129069	unnamed	plus	MATE family efflux transporter		41356922	protein-coding		WP_012740441.1	439	EUBELI_RS11115
NC_012780.1	129130	129948	unnamed	minus	aldo/keto reductase		41356923	protein-coding		WP_012740442.1	272	EUBELI_RS11120
NC_012780.1	130199	130897	unnamed	minus	response regulator		41356924	protein-coding		WP_012740443.1	232	EUBELI_RS11125
NC_012780.1	130890	131978	unnamed	minus	sensor histidine kinase		41356925	protein-coding		WP_012740444.1	362	EUBELI_RS11130
NC_012780.1	132015	132194	unnamed	minus	hypothetical protein		41356926	protein-coding		WP_041688905.1	59	EUBELI_RS11135
NC_012780.1	132212	132862	unnamed	minus	potassium channel family protein		41356927	protein-coding		WP_012740446.1	216	EUBELI_RS11140
NC_012780.1	132872	134206	unnamed	minus	TrkH family potassium uptake protein		41356928	protein-coding		WP_041688906.1	444	EUBELI_RS11145
NC_012780.1	134305	135195	unnamed	minus	ABC transporter permease		41356929	protein-coding		WP_012740448.1	296	EUBELI_RS11150
NC_012780.1	135195	136103	unnamed	minus	ABC transporter ATP-binding protein		41356930	protein-coding		WP_041688907.1	302	EUBELI_RS11155
NC_012780.1	136244	137161	unnamed	minus	hypothetical protein		41356931	protein-coding		WP_012740450.1	305	EUBELI_RS11160
NC_012780.1	137186	138700	unnamed	minus	cobyric acid synthase		41356932	protein-coding		WP_012740451.1	504	EUBELI_RS11165
NC_012780.1	138724	139782	unnamed	minus	pyridoxal phosphate-dependent aminotransferase		41356933	protein-coding		WP_012740452.1	352	EUBELI_RS11170
NC_012780.1	139804	140841	unnamed	minus	adenosylcobinamide-phosphate synthase CbiB	cbiB	41356934	protein-coding		WP_012740453.1	345	EUBELI_RS11175
NC_012780.1	140841	141425	unnamed	minus	histidine phosphatase family protein		41356935	protein-coding		WP_012740454.1	194	EUBELI_RS11180
NC_012780.1	141431	141814	unnamed	minus	bifunctional adenosylcobinamide kinase/adenosylcobinamide-phosphate guanylyltransferase		41356936	protein-coding		WP_012740455.1	127	EUBELI_RS11185
NC_012780.1	141834	142604	unnamed	minus	adenosylcobinamide-GDP ribazoletransferase		41356937	protein-coding		WP_012740456.1	256	EUBELI_RS11190
NC_012780.1	142591	143130	unnamed	minus	bifunctional adenosylcobinamide kinase/adenosylcobinamide-phosphate guanylyltransferase		41356938	protein-coding		WP_012740457.1	179	EUBELI_RS11195
NC_012780.1	143124	145565	unnamed	minus	cobyrinate a,c-diamide synthase		41357418	protein-coding		WP_012740458.1	813	EUBELI_RS13775
NC_012780.1	145562	146752	unnamed	minus	bifunctional cobalt-precorrin-7 (C(5))-methyltransferase/cobalt-precorrin-6B (C(15))-methyltransferase		41356939	protein-coding		WP_012740459.1	396	EUBELI_RS11205
NC_012780.1	146774	147565	unnamed	minus	precorrin-6A reductase	cobK	41356940	protein-coding		WP_012740460.1	263	EUBELI_RS11210
NC_012780.1	147562	148281	unnamed	minus	precorrin-3B C(17)-methyltransferase	cobJ	41356941	protein-coding		WP_012740461.1	239	EUBELI_RS11215
NC_012780.1	148297	149349	unnamed	minus	cobalt-precorrin 5A hydrolase		41356942	protein-coding		WP_012740462.1	350	EUBELI_RS11220
NC_012780.1	149346	150092	unnamed	minus	precorrin-4 C(11)-methyltransferase	cobM	41356943	protein-coding		WP_012740463.1	248	EUBELI_RS11225
NC_012780.1	150085	151239	unnamed	minus	cobalt-precorrin-5B (C(1))-methyltransferase CbiD	cbiD	41356944	protein-coding		WP_012740464.1	384	EUBELI_RS11230
NC_012780.1	151233	151865	unnamed	minus	precorrin-8X methylmutase		41356945	protein-coding		WP_012740465.1	210	EUBELI_RS11235
NC_012780.1	151871	153013	unnamed	minus	ABC transporter ATP-binding protein		41356946	protein-coding		WP_012740466.1	380	EUBELI_RS11240
NC_012780.1	153039	154052	unnamed	minus	FecCD family ABC transporter permease		41356947	protein-coding		WP_012740467.1	337	EUBELI_RS11245
NC_012780.1	154141	155319	unnamed	minus	ABC transporter substrate-binding protein		41356948	protein-coding		WP_165437554.1	392	EUBELI_RS11250
NC_012780.1	155659	157191	unnamed	minus	sirohydrochlorin cobaltochelatase		41356949	protein-coding		WP_012740469.1	510	EUBELI_RS11255
NC_012780.1	157207	157464	unnamed	minus	cysteine-rich small domain-containing protein		41356950	protein-coding		WP_012740470.1	85	EUBELI_RS11260
NC_012780.1	157810	158400	unnamed	minus	cytidylate kinase-like family protein		41356951	protein-coding		WP_012740473.1	196	EUBELI_RS11265
NC_012780.1	158414	159781	unnamed	minus	MATE family efflux transporter		41356952	protein-coding		WP_012740474.1	455	EUBELI_RS11270
NC_012780.1	160553	161887	unnamed	minus	MATE family efflux transporter		41356953	protein-coding		WP_012740475.1	444	EUBELI_RS11275
NC_012780.1	161917	162837	unnamed	minus	hypothetical protein		41356954	protein-coding		WP_041688908.1	306	EUBELI_RS11280
NC_012780.1	162855	164024	unnamed	minus	hypothetical protein		41356955	protein-coding		WP_148231386.1	389	EUBELI_RS11285
NC_012780.1	164216	164626	unnamed	minus	HI0074 family nucleotidyltransferase substrate-binding subunit		41356956	protein-coding		WP_012740478.1	136	EUBELI_RS11290
NC_012780.1	164613	164903	unnamed	minus	nucleotidyltransferase family protein		41356957	protein-coding		WP_041688910.1	96	EUBELI_RS11295
NC_012780.1	165457	167208	unnamed	minus	dihydroxy-acid dehydratase	ilvD	41356958	protein-coding		WP_012740480.1	583	EUBELI_RS11300
NC_012780.1	167230	167463	unnamed	minus	HPr family phosphocarrier protein		41356959	protein-coding		WP_021866832.1	77	EUBELI_RS11305
NC_012780.1	167517	168872	unnamed	minus	GntP family permease		41356960	protein-coding		WP_012740482.1	451	EUBELI_RS11310
NC_012780.1	169131	169822	unnamed	plus	uncharacterized gene		41356961	pseudogene				EUBELI_RS11315
NC_012780.1	170063	170680	unnamed	plus	folate family ECF transporter S component		41356962	protein-coding		WP_041688911.1	205	EUBELI_RS11320
NC_012780.1	170848	171393	unnamed	minus	hypothetical protein		41356963	protein-coding		WP_012740486.1	181	EUBELI_RS11325
NC_012780.1	171445	172185	unnamed	minus	Uma2 family endonuclease		41356964	protein-coding		WP_228003390.1	246	EUBELI_RS11330
NC_012780.1	172310	172438	unnamed	plus	uncharacterized gene		79984135	pseudogene				EUBELI_RS14840
NC_012780.1	172462	172656	unnamed	minus	hypothetical protein		41357495	protein-coding		WP_041688912.1	64	EUBELI_RS14255
NC_012780.1	172932	174125	unnamed	minus	esterase/lipase family protein		41356965	protein-coding		WP_012740489.1	397	EUBELI_RS11340
NC_012780.1	174112	175014	unnamed	minus	LysR family transcriptional regulator		41356966	protein-coding		WP_012740490.1	300	EUBELI_RS11345
NC_012780.1	175143	175904	unnamed	plus	DUF4866 domain-containing protein		41356967	protein-coding		WP_041689052.1	253	EUBELI_RS11350
NC_012780.1	175891	177231	unnamed	plus	threonine/serine exporter family protein		41356968	protein-coding		WP_012740492.1	446	EUBELI_RS11355
NC_012780.1	177269	178570	unnamed	plus	adenylosuccinate synthase		41356969	protein-coding		WP_012740493.1	433	EUBELI_RS11360
NC_012780.1	178567	179523	unnamed	plus	aspartate carbamoyltransferase	pyrB	41356970	protein-coding		WP_012740494.1	318	EUBELI_RS11365
NC_012780.1	179599	179992	unnamed	minus	uncharacterized gene		41357496	pseudogene				EUBELI_RS14260
NC_012780.1	179967	180194	unnamed	minus	hypothetical protein		71415275	protein-coding		WP_012740497.1	75	EUBELI_RS14750
NC_012780.1	180170	181735	unnamed	minus	sensor domain-containing diguanylate cyclase		41356971	protein-coding		WP_012740498.1	521	EUBELI_RS11375
NC_012780.1	181860	182675	unnamed	minus	rhamnulose-1-phosphate aldolase	rhaD	41356972	protein-coding		WP_012740499.1	271	EUBELI_RS11380
NC_012780.1	182675	183910	unnamed	minus	L-rhamnose isomerase		41356973	protein-coding		WP_041688914.1	411	EUBELI_RS11385
NC_012780.1	183947	185359	unnamed	minus	rhamnulokinase	rhaB	41356974	protein-coding		WP_012740501.1	470	EUBELI_RS11390
NC_012780.1	185391	185705	unnamed	minus	L-rhamnose mutarotase	rhaM	41356975	protein-coding		WP_012740502.1	104	EUBELI_RS11395
NC_012780.1	185686	186825	unnamed	minus	glycoside hydrolase family 88/105 protein		41356976	protein-coding		WP_022097385.1	379	EUBELI_RS11400
NC_012780.1	186854	188161	unnamed	minus	TRAP transporter large permease		41356977	protein-coding		WP_041688915.1	435	EUBELI_RS11405
NC_012780.1	188198	188662	unnamed	minus	TRAP transporter small permease		41356978	protein-coding		WP_041689054.1	154	EUBELI_RS11410
NC_012780.1	188704	189726	unnamed	minus	TRAP transporter substrate-binding protein DctP	dctP	41356979	protein-coding		WP_012740506.1	340	EUBELI_RS11415
NC_012780.1	189949	190863	unnamed	plus	AraC family transcriptional regulator		41356980	protein-coding		WP_012740507.1	304	EUBELI_RS11420
NC_012780.1	190891	191127	unnamed	minus	hypothetical protein		41356981	protein-coding		WP_012740508.1	78	EUBELI_RS11425
NC_012780.1	191151	192206	unnamed	minus	hypothetical protein		97114075	protein-coding		WP_012740509.1	351	EUBELI_RS15000
NC_012780.1	192203	192772	unnamed	minus	UvrD-helicase domain-containing protein		71415276	protein-coding		WP_012740510.1	189	EUBELI_RS14755
NC_012780.1	193431	194576	unnamed	plus	Fic family protein		41356983	protein-coding		WP_012740511.1	381	EUBELI_RS11440
NC_012780.1	194602	194910	unnamed	minus	hypothetical protein		41356984	protein-coding		WP_012740512.1	102	EUBELI_RS11445
NC_012780.1	195566	195814	unnamed	minus	uncharacterized gene		41356985	pseudogene				EUBELI_RS11450
NC_012780.1	195846	196163	unnamed	minus	P-loop NTPase family protein		41356986	protein-coding		WP_022097868.1	105	EUBELI_RS11455
NC_012780.1	196332	196688	unnamed	minus	CRISPR-associated endonuclease Cas2	cas2	41356987	protein-coding		WP_012740515.1	118	EUBELI_RS11460
NC_012780.1	196941	197753	unnamed	plus	uncharacterized gene		41356988	pseudogene				EUBELI_RS11465
NC_012780.1	197753	199495	unnamed	plus	amino acid ABC transporter ATP-binding/permease protein		41356989	protein-coding		WP_012740517.1	580	EUBELI_RS11470
NC_012780.1	199499	199693	unnamed	plus	iron dependent repressor, metal binding and dimerization domain protein		41357469	protein-coding		WP_118142279.1	64	EUBELI_RS14070
NC_012780.1	199805	200212	unnamed	minus	hypothetical protein		41356990	protein-coding		WP_012740519.1	135	EUBELI_RS11475
NC_012780.1	200341	201096	unnamed	plus	DUF6033 family protein		41356991	protein-coding		WP_171029228.1	251	EUBELI_RS11480
NC_012780.1	201144	201686	unnamed	plus	hypothetical protein		41356992	protein-coding		WP_008116573.1	180	EUBELI_RS11485
NC_012780.1	202099	203313	unnamed	plus	ATP-binding protein		41356993	protein-coding		WP_008116575.1	404	EUBELI_RS11490
NC_012780.1	203392	203586	unnamed	plus	uncharacterized gene		87792691	pseudogene				EUBELI_RS14895
NC_012780.1	204441	204740	unnamed	minus	metalloregulator ArsR/SmtB family transcription factor		41356994	protein-coding		WP_012740521.1	99	EUBELI_RS11495
NC_012780.1	204783	205481	unnamed	minus	ATP-binding cassette domain-containing protein		41356995	protein-coding		WP_012740522.1	232	EUBELI_RS11500
NC_012780.1	205465	206889	unnamed	minus	hypothetical protein		41356996	protein-coding		WP_012740523.1	474	EUBELI_RS11505
NC_012780.1	206905	207231	unnamed	minus	hypothetical protein		41356997	protein-coding		WP_012740524.1	108	EUBELI_RS11510
NC_012780.1	207243	207815	unnamed	minus	SdpI family protein		41356998	protein-coding		WP_012740525.1	190	EUBELI_RS11515
NC_012780.1	207823	208092	unnamed	minus	autorepressor SdpR family transcription factor		41356999	protein-coding		WP_012740527.1	89	EUBELI_RS11520
NC_012780.1	208435	208947	unnamed	minus	nitroreductase family protein		41357000	protein-coding		WP_012740528.1	170	EUBELI_RS11525
NC_012780.1	209021	209170	unnamed	minus	hypothetical protein		44154985	protein-coding		WP_012740529.1	49	EUBELI_RS14490
NC_012780.1	209249	209875	unnamed	minus	hypothetical protein		41357001	protein-coding		WP_012740530.1	208	EUBELI_RS11530
NC_012780.1	209865	211892	unnamed	minus	AAA family ATPase		41357419	protein-coding		WP_012740531.1	675	EUBELI_RS13785
NC_012780.1	211983	212993	unnamed	minus	hypothetical protein		41357002	protein-coding		WP_012740532.1	336	EUBELI_RS11540
NC_012780.1	213013	214050	unnamed	minus	helix-turn-helix transcriptional regulator		41357003	protein-coding		WP_012740533.1	345	EUBELI_RS11545
NC_012780.1	214061	214489	unnamed	minus	ImmA/IrrE family metallo-endopeptidase		41357004	protein-coding		WP_012740534.1	142	EUBELI_RS11550
NC_012780.1	214498	214905	unnamed	minus	helix-turn-helix domain-containing protein		41357005	protein-coding		WP_012740535.1	135	EUBELI_RS11555
NC_012780.1	215076	216197	unnamed	plus	cell division protein FtsZ	ftsZ	41357006	protein-coding		WP_012740536.1	373	EUBELI_RS11560
NC_012780.1	216239	218344	unnamed	minus	ATP-dependent helicase		41357007	protein-coding		WP_041688918.1	701	EUBELI_RS11565
NC_012780.1	218367	218582	unnamed	minus	hypothetical protein		41357008	protein-coding		WP_012740538.1	71	EUBELI_RS11570
NC_012780.1	218675	219220	unnamed	minus	nitroreductase family protein		41357009	protein-coding		WP_012740540.1	181	EUBELI_RS11575
NC_012780.1	219306	219842	unnamed	minus	M48 family metallopeptidase		41357010	protein-coding		WP_012740541.1	178	EUBELI_RS11580
NC_012780.1	219863	220075	unnamed	minus	hypothetical protein		41357011	protein-coding		WP_012740542.1	70	EUBELI_RS11585
NC_012780.1	220068	220544	unnamed	minus	YbaK/EbsC family protein		41357012	protein-coding		WP_041688919.1	158	EUBELI_RS11590
NC_012780.1	220702	220824	unnamed	minus	hypothetical protein		79984136	protein-coding		WP_012740544.1	40	EUBELI_RS14845
NC_012780.1	220867	221307	unnamed	minus	Hsp20/alpha crystallin family protein		41357013	protein-coding		WP_012740545.1	146	EUBELI_RS11595
NC_012780.1	221557	222330	unnamed	minus	arginase family protein		41357014	protein-coding		WP_012740546.1	257	EUBELI_RS11600
NC_012780.1	222353	223342	unnamed	minus	phosphate acyltransferase PlsX	plsX	41357015	protein-coding		WP_012740547.1	329	EUBELI_RS11605
NC_012780.1	223399	224121	unnamed	minus	flavodoxin family protein		41357016	protein-coding		WP_012740548.1	240	EUBELI_RS11610
NC_012780.1	224114	225025	unnamed	minus	acetyl-CoA carboxylase carboxyltransferase subunit alpha		41357017	protein-coding		WP_408606602.1	303	EUBELI_RS11615
NC_012780.1	225059	225829	unnamed	minus	acetyl-CoA carboxylase carboxyl transferase subunit beta		41357018	protein-coding		WP_012740550.1	256	EUBELI_RS11620
NC_012780.1	225832	226761	unnamed	minus	ACP S-malonyltransferase		41357019	protein-coding		WP_041688921.1	309	EUBELI_RS11625
NC_012780.1	226766	227224	unnamed	minus	3-hydroxyacyl-ACP dehydratase FabZ	fabZ	41357020	protein-coding		WP_012740552.1	152	EUBELI_RS11630
NC_012780.1	227221	227952	unnamed	minus	SDR family NAD(P)-dependent oxidoreductase		41357021	protein-coding		WP_012740553.1	243	EUBELI_RS11635
NC_012780.1	228016	230409	unnamed	minus	beta-ketoacyl-[acyl-carrier-protein] synthase family protein		41357022	protein-coding		WP_041688922.1	797	EUBELI_RS11640
NC_012780.1	230866	231141	unnamed	minus	acyl carrier protein		41357023	protein-coding		WP_012740555.1	91	EUBELI_RS11645
NC_012780.1	231366	232256	unnamed	minus	alpha/beta hydrolase		41357420	protein-coding		WP_012740556.1	296	EUBELI_RS13790
NC_012780.1	232274	232834	unnamed	minus	TetR/AcrR family transcriptional regulator C-terminal domain-containing protein		41357024	protein-coding		WP_012740557.1	186	EUBELI_RS11655
NC_012780.1	233033	233641	unnamed	plus	zinc dependent phospholipase C family protein		41357421	protein-coding		WP_148231392.1	202	EUBELI_RS13795
NC_012780.1	233717	235408	unnamed	minus	bifunctional diguanylate cyclase/phosphodiesterase		41357025	protein-coding		WP_012740559.1	563	EUBELI_RS11665
NC_012780.1	235455	237173	unnamed	minus	HAMP domain-containing methyl-accepting chemotaxis protein		41357026	protein-coding		WP_012740560.1	572	EUBELI_RS11670
NC_012780.1	237720	238760	unnamed	minus	metallophosphoesterase		41357027	protein-coding		WP_012740561.1	346	EUBELI_RS11675
NC_012780.1	238809	239963	unnamed	minus	APC family permease		41357028	protein-coding		WP_012740562.1	384	EUBELI_RS11680
NC_012780.1	240115	241329	unnamed	plus	GNAT family N-acetyltransferase		41357029	protein-coding		WP_041688923.1	404	EUBELI_RS11685
NC_012780.1	241413	241829	unnamed	minus	hypothetical protein		41357030	protein-coding		WP_207643835.1	138	EUBELI_RS11690
NC_012780.1	241844	242221	unnamed	minus	hypothetical protein		41357031	protein-coding		WP_012740565.1	125	EUBELI_RS11695
NC_012780.1	242601	242732	unnamed	minus	hypothetical protein		79984137	protein-coding		WP_012740567.1	43	EUBELI_RS14850
NC_012780.1	242722	243231	unnamed	plus	GntR family transcriptional regulator		41357032	protein-coding		WP_012740568.1	169	EUBELI_RS11700
NC_012780.1	243228	244781	unnamed	minus	ABC-F family ATP-binding cassette domain-containing protein		41357033	protein-coding		WP_012740569.1	517	EUBELI_RS11705
NC_012780.1	244854	247940	unnamed	minus	HD domain-containing protein		41357034	protein-coding		WP_012740570.1	1028	EUBELI_RS11710
NC_012780.1	248286	249482	unnamed	minus	hypothetical protein		60809665	protein-coding		WP_012740571.1	398	EUBELI_RS14550
NC_012780.1	249725	251590	unnamed	plus	DUF4012 domain-containing protein		41357035	protein-coding		WP_012740572.1	621	EUBELI_RS11720
NC_012780.1	251894	252913	unnamed	minus	Abi family protein		41357036	protein-coding		WP_041688924.1	339	EUBELI_RS11725
NC_012780.1	253321	253896	unnamed	minus	hypothetical protein		41357037	protein-coding		WP_012740574.1	191	EUBELI_RS11730
NC_012780.1	254028	254498	unnamed	minus	hypothetical protein		41357038	protein-coding		WP_012740575.1	156	EUBELI_RS11735
NC_012780.1	254523	254807	unnamed	minus	STAS-like domain-containing protein		41357039	protein-coding		WP_012740576.1	94	EUBELI_RS11740
NC_012780.1	254804	255979	unnamed	minus	hypothetical protein		41357040	protein-coding		WP_041688925.1	391	EUBELI_RS11745
NC_012780.1	255999	256772	unnamed	minus	hypothetical protein		41357041	protein-coding		WP_012740578.1	257	EUBELI_RS11750
NC_012780.1	256941	257219	unnamed	minus	hypothetical protein		41357042	protein-coding		WP_012740580.1	92	EUBELI_RS11760
NC_012780.1	257713	258294	unnamed	minus	uncharacterized gene	wecB	41357043	pseudogene				EUBELI_RS11765
NC_012780.1	258295	259143	unnamed	minus	SdiA-regulated/phytase-like domain-containing protein		60809666	protein-coding		WP_012740583.1	282	EUBELI_RS14555
NC_012780.1	259136	260560	unnamed	minus	lipopolysaccharide biosynthesis protein		41357044	protein-coding		WP_012740584.1	474	EUBELI_RS11770
NC_012780.1	260568	261677	unnamed	minus	radical SAM protein		41357045	protein-coding		WP_041688926.1	369	EUBELI_RS11775
NC_012780.1	261716	262804	unnamed	minus	polysaccharide pyruvyl transferase family protein		41357046	protein-coding		WP_049777988.1	362	EUBELI_RS11780
NC_012780.1	262818	263807	unnamed	minus	glycosyltransferase family 2 protein		41357047	protein-coding		WP_012740587.1	329	EUBELI_RS11785
NC_012780.1	263834	264937	unnamed	minus	EpsG family protein		41357048	protein-coding		WP_012740588.1	367	EUBELI_RS11790
NC_012780.1	264928	266757	unnamed	minus	HAD family hydrolase		41357049	protein-coding		WP_012740589.1	609	EUBELI_RS11795
NC_012780.1	266798	267643	unnamed	minus	glycosyltransferase family 2 protein		41357050	protein-coding		WP_012740590.1	281	EUBELI_RS11800
NC_012780.1	267656	269743	unnamed	minus	sugar transferase		41357472	protein-coding		WP_012740591.1	695	EUBELI_RS14090
NC_012780.1	269890	270591	unnamed	minus	CpsD/CapB family tyrosine-protein kinase		41357051	protein-coding		WP_012740592.1	233	EUBELI_RS11810
NC_012780.1	270594	271445	unnamed	minus	YveK family protein		41357052	protein-coding		WP_012740593.1	283	EUBELI_RS11815
NC_012780.1	271477	272220	unnamed	minus	CpsB/CapC family capsule biosynthesis tyrosine phosphatase		41357053	protein-coding		WP_012740594.1	247	EUBELI_RS11820
NC_012780.1	272429	272686	unnamed	minus	uncharacterized gene		41357473	pseudogene				EUBELI_RS14095
NC_012780.1	272705	273457	unnamed	minus	lysophospholipid acyltransferase family protein		41357054	protein-coding		WP_228003391.1	250	EUBELI_RS11825
NC_012780.1	273475	274167	unnamed	minus	SGNH/GDSL hydrolase family protein		41357055	protein-coding		WP_012740597.1	230	EUBELI_RS11830
NC_012780.1	274178	274924	unnamed	minus	flavodoxin family protein		41357056	protein-coding		WP_012740598.1	248	EUBELI_RS11835
NC_012780.1	274927	275835	unnamed	minus	patatin-like phospholipase family protein		41357057	protein-coding		WP_012740599.1	302	EUBELI_RS11840
NC_012780.1	275845	276072	unnamed	minus	acyl carrier protein		41357058	protein-coding		WP_012740600.1	75	EUBELI_RS11845
NC_012780.1	276721	278205	unnamed	minus	class I adenylate-forming enzyme family protein		41357059	protein-coding		WP_041688927.1	494	EUBELI_RS11850
NC_012780.1	278656	279273	unnamed	minus	lysophospholipid acyltransferase family protein		41357422	protein-coding		WP_012740604.1	205	EUBELI_RS13805
NC_012780.1	279566	280177	unnamed	plus	TetR/AcrR family transcriptional regulator		41357060	protein-coding		WP_012740605.1	203	EUBELI_RS11860
NC_012780.1	280187	281689	unnamed	plus	hypothetical protein		41357061	protein-coding		WP_012740606.1	500	EUBELI_RS11865
NC_012780.1	281746	283599	unnamed	minus	methyl-accepting chemotaxis protein		41357062	protein-coding		WP_012740607.1	617	EUBELI_RS11870
NC_012780.1	283738	284313	unnamed	minus	DUF5662 family protein		41357063	protein-coding		WP_049777989.1	191	EUBELI_RS11875
NC_012780.1	284336	285505	unnamed	minus	DUF4317 domain-containing protein		41357064	protein-coding		WP_041688928.1	389	EUBELI_RS11880
NC_012780.1	285928	286809	unnamed	minus	L-serine ammonia-lyase, iron-sulfur-dependent, subunit alpha	sdaAA	41357065	protein-coding		WP_041688929.1	293	EUBELI_RS11885
NC_012780.1	286861	287520	unnamed	minus	L-serine ammonia-lyase, iron-sulfur-dependent subunit beta	sdaAB	41357066	protein-coding		WP_012740611.1	219	EUBELI_RS11890
NC_012780.1	287608	288948	unnamed	minus	MATE family efflux transporter		41357067	protein-coding		WP_012740612.1	446	EUBELI_RS11895
NC_012780.1	288951	289277	unnamed	minus	hypothetical protein		41357068	protein-coding		WP_041688930.1	108	EUBELI_RS11900
NC_012780.1	289340	290056	unnamed	minus	acyl-[acyl-carrier-protein] thioesterase		41357069	protein-coding		WP_012740614.1	238	EUBELI_RS11905
NC_012780.1	290562	291389	unnamed	plus	ParA family protein		41357070	protein-coding		WP_012740615.1	275	EUBELI_RS11910
NC_012780.1	291392	292588	unnamed	plus	ParB/RepB/Spo0J family partition protein		41357071	protein-coding		WP_012740616.1	398	EUBELI_RS11915
NC_012780.1	293197	294387	unnamed	minus	hypothetical protein		41357072	protein-coding		WP_012740617.1	396	EUBELI_RS11920
NC_012780.1	295142	296548	unnamed	minus	hypothetical protein		41357073	protein-coding		WP_012740618.1	468	EUBELI_RS11925
NC_012780.1	296774	297709	unnamed	plus	tyrosine-type recombinase/integrase		41357074	protein-coding		WP_012740619.1	311	EUBELI_RS11930
NC_012780.1	297776	298195	unnamed	plus	acyl-CoA thioesterase		41357075	protein-coding		WP_012740620.1	139	EUBELI_RS11935
NC_012780.1	298259	299407	unnamed	minus	lactaldehyde reductase	fucO	41357076	protein-coding		WP_012740621.1	382	EUBELI_RS11940
NC_012780.1	299629	300786	unnamed	plus	FprA family A-type flavoprotein		41357077	protein-coding		WP_012740623.1	385	EUBELI_RS11945
NC_012780.1	300838	303156	unnamed	plus	coiled-coil domain-containing protein		41357078	protein-coding		WP_012740624.1	772	EUBELI_RS11950
NC_012780.1	303199	304599	unnamed	plus	alanine/glycine:cation symporter family protein		41357079	protein-coding		WP_012740625.1	466	EUBELI_RS11955
NC_012780.1	304601	305575	unnamed	plus	asparaginase		41357080	protein-coding		WP_012740626.1	324	EUBELI_RS11960
NC_012780.1	305577	306317	unnamed	plus	DeoR/GlpR family DNA-binding transcription regulator		41357081	protein-coding		WP_012740627.1	246	EUBELI_RS11965
NC_012780.1	306331	308106	unnamed	minus	GGDEF domain-containing protein		41357082	protein-coding		WP_012740628.1	591	EUBELI_RS11970
NC_012780.1	308286	309122	unnamed	plus	Cof-type HAD-IIB family hydrolase		41357083	protein-coding		WP_012740629.1	278	EUBELI_RS11975
NC_012780.1	309197	310855	unnamed	plus	glutamate--tRNA ligase	gltX	41357084	protein-coding		WP_012740630.1	552	EUBELI_RS11980
NC_012780.1	310900	311757	unnamed	plus	NAD(P)/FAD-dependent oxidoreductase		41357085	protein-coding		WP_012740631.1	285	EUBELI_RS11985
NC_012780.1	311779	312282	unnamed	plus	NUDIX hydrolase		41357086	protein-coding		WP_012740632.1	167	EUBELI_RS11990
NC_012780.1	312308	314035	unnamed	plus	ABC transporter ATP-binding protein		41357087	protein-coding		WP_012740633.1	575	EUBELI_RS11995
NC_012780.1	314083	315906	unnamed	plus	ABC transporter ATP-binding protein		41357088	protein-coding		WP_012740634.1	607	EUBELI_RS12000
NC_012780.1	315934	317508	unnamed	plus	cardiolipin synthase	cls	41357089	protein-coding		WP_012740635.1	524	EUBELI_RS12005
NC_012780.1	318060	318932	unnamed	plus	NUDIX hydrolase		44154986	protein-coding		WP_012740636.1	290	EUBELI_RS14495
NC_012780.1	318875	319768	unnamed	minus	DegV family protein		41357090	protein-coding		WP_049777990.1	297	EUBELI_RS12020
NC_012780.1	320012	320644	unnamed	plus	MBL fold metallo-hydrolase		41357091	protein-coding		WP_012740638.1	210	EUBELI_RS12025
NC_012780.1	320772	322109	unnamed	plus	MATE family efflux transporter		41357092	protein-coding		WP_012740639.1	445	EUBELI_RS12030
NC_012780.1	322281	323543	unnamed	plus	thiamine phosphate synthase	thiE	87792692	protein-coding		WP_322576664.1	420	EUBELI_RS14900
NC_012780.1	323553	324620	unnamed	plus	tRNA 2-thiouridine(34) synthase MnmA	mnmA	41357093	protein-coding		WP_012740641.1	355	EUBELI_RS12040
NC_012780.1	324649	325848	unnamed	plus	cysteine desulfurase family protein		41357094	protein-coding		WP_041689112.1	399	EUBELI_RS12045
NC_012780.1	326332	327642	unnamed	plus	O-acetylhomoserine aminocarboxypropyltransferase/cysteine synthase family protein		41357095	protein-coding		WP_012740643.1	436	EUBELI_RS12050
NC_012780.1	327730	329037	unnamed	plus	response regulator		71415279	protein-coding		WP_012740644.1	435	EUBELI_RS14770
NC_012780.1	329084	329314	unnamed	minus	hypothetical protein		41357096	protein-coding		WP_012740645.1	76	EUBELI_RS12060
NC_012780.1	329332	330525	unnamed	minus	sodium/glutamate symporter	gltS	41357097	protein-coding		WP_012740646.1	397	EUBELI_RS12065
NC_012780.1	330572	331531	unnamed	minus	TAXI family TRAP transporter solute-binding subunit		41357098	protein-coding		WP_041688934.1	319	EUBELI_RS12070
NC_012780.1	331536	332705	unnamed	minus	alanine racemase	alr	41357099	protein-coding		WP_012740648.1	389	EUBELI_RS12075
NC_012780.1	332947	333597	unnamed	plus	hypothetical protein		41357100	protein-coding		WP_049777991.1	216	EUBELI_RS12080
NC_012780.1	333622	334293	unnamed	plus	response regulator transcription factor		41357101	protein-coding		WP_012740651.1	223	EUBELI_RS12085
NC_012780.1	334311	335525	unnamed	plus	sensor histidine kinase		41357423	protein-coding		WP_012740652.1	404	EUBELI_RS13810
NC_012780.1	335625	336782	unnamed	plus	rhomboid family intramembrane serine protease		41357102	protein-coding		WP_012740653.1	385	EUBELI_RS12095
NC_012780.1	336795	338318	unnamed	plus	GH25 family lysozyme		41357103	protein-coding		WP_012740654.1	507	EUBELI_RS12100
NC_012780.1	338343	338930	unnamed	plus	ATP-binding cassette domain-containing protein		41357104	protein-coding		WP_012740655.1	195	EUBELI_RS12105
NC_012780.1	338983	340353	unnamed	minus	NAD(P)/FAD-dependent oxidoreductase		41357105	protein-coding		WP_012740656.1	456	EUBELI_RS12110
NC_012780.1	340618	341412	unnamed	minus	hypothetical protein		41357106	protein-coding		WP_041688936.1	264	EUBELI_RS12115
NC_012780.1	341431	342210	unnamed	minus	DUF6033 family protein		41357107	protein-coding		WP_012740658.1	259	EUBELI_RS12120
NC_012780.1	342336	343025	unnamed	minus	TMEM165/GDT1 family protein		41357108	protein-coding		WP_012740659.1	229	EUBELI_RS12125
NC_012780.1	343042	344043	unnamed	minus	calcium/sodium antiporter		41357109	protein-coding		WP_041688937.1	333	EUBELI_RS12130
NC_012780.1	344341	345000	unnamed	minus	hypothetical protein		41357110	protein-coding		WP_012740661.1	219	EUBELI_RS12135
NC_012780.1	345451	346938	unnamed	minus	DUF1846 domain-containing protein		41357111	protein-coding		WP_012740662.1	495	EUBELI_RS12140
NC_012780.1	346974	348263	unnamed	minus	amidohydrolase family protein		41357112	protein-coding		WP_041688938.1	429	EUBELI_RS12145
NC_012780.1	348347	350683	unnamed	minus	ferrous iron transport protein B	feoB	41357113	protein-coding		WP_012740664.1	778	EUBELI_RS12150
NC_012780.1	350836	352002	unnamed	minus	hypothetical protein		41357114	protein-coding		WP_012740665.1	388	EUBELI_RS12155
NC_012780.1	352025	353107	unnamed	minus	phosphodiester glycosidase family protein		41357115	protein-coding		WP_012740666.1	360	EUBELI_RS12160
NC_012780.1	353572	354279	unnamed	minus	EAL domain-containing protein		41357116	protein-coding		WP_012740668.1	235	EUBELI_RS12170
NC_012780.1	354391	355791	unnamed	minus	MocR-like pyridoxine biosynthesis transcription factor PdxR	pdxR	41357117	protein-coding		WP_012740669.1	466	EUBELI_RS12175
NC_012780.1	355886	357229	unnamed	minus	MATE family efflux transporter		41357118	protein-coding		WP_012740670.1	447	EUBELI_RS12180
NC_012780.1	357222	357671	unnamed	minus	MarR family winged helix-turn-helix transcriptional regulator		41357119	protein-coding		WP_012740671.1	149	EUBELI_RS12185
NC_012780.1	358227	360533	unnamed	minus	ABC transporter permease		41357120	protein-coding		WP_041689122.1	768	EUBELI_RS12190
NC_012780.1	360548	361246	unnamed	minus	ABC transporter ATP-binding protein		41357121	protein-coding		WP_012740674.1	232	EUBELI_RS12195
NC_012780.1	361475	361870	unnamed	minus	C-GCAxxG-C-C family protein		41357122	protein-coding		WP_012740675.1	131	EUBELI_RS12200
NC_012780.1	361902	363263	unnamed	minus	MATE family efflux transporter		41357123	protein-coding		WP_012740676.1	453	EUBELI_RS12205
NC_012780.1	363256	363468	unnamed	minus	hypothetical protein		41357124	protein-coding		WP_012740677.1	70	EUBELI_RS12210
NC_012780.1	363472	364839	unnamed	minus	Y-family DNA polymerase		41357125	protein-coding		WP_012740678.1	455	EUBELI_RS12215
NC_012780.1	364915	365391	unnamed	minus	chemotaxis protein CheX		41357126	protein-coding		WP_012740679.1	158	EUBELI_RS12220
NC_012780.1	365426	366379	unnamed	minus	SseB family protein		41357127	protein-coding		WP_012740680.1	317	EUBELI_RS12225
NC_012780.1	366460	367350	unnamed	minus	L-asparaginase family protein		41357128	protein-coding		WP_012740681.1	296	EUBELI_RS12230
NC_012780.1	367399	368799	unnamed	minus	sodium-dependent transporter		41357129	protein-coding		WP_012740682.1	466	EUBELI_RS12235
NC_012780.1	368923	372141	unnamed	minus	carbamoyl-phosphate synthase large subunit	carB	41357130	protein-coding		WP_012740683.1	1072	EUBELI_RS12240
NC_012780.1	372146	373219	unnamed	minus	carbamoyl phosphate synthase small subunit		41357131	protein-coding		WP_012740684.1	357	EUBELI_RS12245
NC_012780.1	373481	374977	unnamed	minus	InlB B-repeat-containing protein		41357132	protein-coding		WP_041688939.1	498	EUBELI_RS12250
NC_012780.1	375130	376557	unnamed	minus	WD40/YVTN/BNR-like repeat-containing protein		41357133	protein-coding		WP_012740686.1	475	EUBELI_RS12255
NC_012780.1	376573	377388	unnamed	minus	hypothetical protein		41357134	protein-coding		WP_012740687.1	271	EUBELI_RS12260
NC_012780.1	377375	378049	unnamed	minus	ATP-binding cassette domain-containing protein		41357135	protein-coding		WP_012740688.1	224	EUBELI_RS12265
NC_012780.1	378208	378855	unnamed	plus	phosphatase PAP2 family protein		41357136	protein-coding		WP_012740689.1	215	EUBELI_RS12270
NC_012780.1	378852	380393	unnamed	minus	phosphonate ABC transporter, permease protein PhnE	phnE	41357424	protein-coding		WP_012740690.1	513	EUBELI_RS13815
NC_012780.1	380377	381129	unnamed	minus	phosphonate ABC transporter ATP-binding protein	phnC	41357137	protein-coding		WP_012740691.1	250	EUBELI_RS12285
NC_012780.1	381163	382212	unnamed	minus	phosphate/phosphite/phosphonate ABC transporter substrate-binding protein		41357138	protein-coding		WP_012740692.1	349	EUBELI_RS12290
NC_012780.1	382212	383174	unnamed	minus	biotin synthase BioB	bioB	41357139	protein-coding		WP_041688940.1	320	EUBELI_RS12295
NC_012780.1	383291	384076	unnamed	minus	PocR ligand-binding domain-containing protein		79984138	protein-coding		WP_012740694.1	261	EUBELI_RS14855
NC_012780.1	384195	385370	unnamed	minus	phosphoribosylaminoimidazolecarboxamide formyltransferase		41357141	protein-coding		WP_012740695.1	391	EUBELI_RS12305
NC_012780.1	385386	386105	unnamed	minus	IMP cyclohydrolase		41357142	protein-coding		WP_012740696.1	239	EUBELI_RS12310
NC_012780.1	386448	387674	unnamed	minus	UTP--glucose-1-phosphate uridylyltransferase		41357143	protein-coding		WP_012740698.1	408	EUBELI_RS12320
NC_012780.1	387736	388878	unnamed	minus	bifunctional chorismate mutase/prephenate dehydratase		41357144	protein-coding		WP_012740699.1	380	EUBELI_RS12325
NC_012780.1	389010	390032	unnamed	plus	DUF5050 domain-containing protein		41357145	protein-coding		WP_012740700.1	340	EUBELI_RS12330
NC_012780.1	390101	391897	unnamed	minus	aspartate--tRNA ligase	aspS	41357146	protein-coding		WP_012740701.1	598	EUBELI_RS12335
NC_012780.1	391928	392566	unnamed	minus	HD domain-containing phosphohydrolase		41357147	protein-coding		WP_012740702.1	212	EUBELI_RS12340
NC_012780.1	392556	393851	unnamed	minus	EAL domain-containing protein		41357148	protein-coding		WP_041688941.1	431	EUBELI_RS12345
NC_012780.1	393934	395373	unnamed	minus	polysaccharide deacetylase family protein		41357149	protein-coding		WP_228003392.1	479	EUBELI_RS12350
NC_012780.1	395480	397129	unnamed	minus	ABC transporter ATP-binding protein		41357150	protein-coding		WP_012740705.1	549	EUBELI_RS12355
NC_012780.1	397119	398870	unnamed	minus	ABC transporter ATP-binding protein		41357151	protein-coding		WP_012740706.1	583	EUBELI_RS12360
NC_012780.1	399001	399426	unnamed	minus	hypothetical protein		41357152	protein-coding		WP_012740707.1	141	EUBELI_RS12365
NC_012780.1	399423	400172	unnamed	minus	zinc ribbon domain-containing protein		41357153	protein-coding		WP_012740708.1	249	EUBELI_RS12370
NC_012780.1	400172	400975	unnamed	minus	zinc ribbon domain-containing protein		41357154	protein-coding		WP_012740709.1	267	EUBELI_RS12375
NC_012780.1	401032	403236	unnamed	minus	hybrid sensor histidine kinase/response regulator		41357155	protein-coding		WP_012740710.1	734	EUBELI_RS12380
NC_012780.1	403226	404017	unnamed	minus	substrate-binding periplasmic protein		41357156	protein-coding		WP_012740711.1	263	EUBELI_RS12385
NC_012780.1	404317	405195	unnamed	plus	pyridoxal 5'-phosphate synthase lyase subunit PdxS	pdxS	41357157	protein-coding		WP_012740712.1	292	EUBELI_RS12390
NC_012780.1	405197	405760	unnamed	plus	pyridoxal 5'-phosphate synthase glutaminase subunit PdxT	pdxT	41357158	protein-coding		WP_012740713.1	187	EUBELI_RS12395
NC_012780.1	405988	406905	unnamed	plus	calcium/sodium antiporter		41357159	protein-coding		WP_012740714.1	305	EUBELI_RS12400
NC_012780.1	406980	407309	unnamed	minus	type II toxin-antitoxin system RelE family toxin		41357160	protein-coding		WP_012740715.1	109	EUBELI_RS12405
NC_012780.1	407306	407629	unnamed	minus	type II toxin-antitoxin system Phd/YefM family antitoxin		41357161	protein-coding		WP_041688947.1	107	EUBELI_RS12410
NC_012780.1	407704	410139	unnamed	minus	6-pyruvoyl-tetrahydropterin synthase-related protein		41357162	protein-coding		WP_041688948.1	811	EUBELI_RS12415
NC_012780.1	410167	410631	unnamed	minus	6-carboxytetrahydropterin synthase		41357163	protein-coding		WP_012740718.1	154	EUBELI_RS12420
NC_012780.1	410663	411745	unnamed	minus	hypothetical protein		41357164	protein-coding		WP_012740719.1	360	EUBELI_RS12425
NC_012780.1	411747	413144	unnamed	minus	TIGR03111 family XrtG-associated glycosyltransferase		41357165	protein-coding		WP_012740720.1	465	EUBELI_RS12430
NC_012780.1	413125	413724	unnamed	minus	exosortase family protein XrtG	xrtG	41357166	protein-coding		WP_012740721.1	199	EUBELI_RS12435
NC_012780.1	413730	415475	unnamed	minus	Firmicu-CTERM sorting domain-containing protein		41357167	protein-coding		WP_012740722.1	581	EUBELI_RS12440
NC_012780.1	415996	416289	unnamed	minus	hypothetical protein		41357168	protein-coding		WP_022098168.1	97	EUBELI_RS12445
NC_012780.1	416389	417300	unnamed	minus	alpha/beta hydrolase		41357169	protein-coding		WP_012740724.1	303	EUBELI_RS12450
NC_012780.1	417297	417854	unnamed	minus	NUDIX hydrolase		41357170	protein-coding		WP_041688950.1	185	EUBELI_RS12455
NC_012780.1	418034	418876	unnamed	minus	zinc ribbon domain-containing protein		41357171	protein-coding		WP_041688951.1	280	EUBELI_RS12460
NC_012780.1	418908	419150	unnamed	minus	zinc-ribbon domain-containing protein		41357172	protein-coding		WP_041688952.1	80	EUBELI_RS12465
NC_012780.1	419210	419395	unnamed	minus	hypothetical protein		41357173	protein-coding		WP_041688953.1	61	EUBELI_RS12470
NC_012780.1	419748	421148	unnamed	minus	AAA family ATPase		41357174	protein-coding		WP_041688954.1	466	EUBELI_RS12475
NC_012780.1	422016	423230	unnamed	plus	IS256 family transposase		41357175	protein-coding		WP_041687873.1	404	EUBELI_RS12485
NC_012780.1	423197	423952	unnamed	minus	hypothetical protein		41357176	protein-coding		WP_012740732.1	251	EUBELI_RS12490
NC_012780.1	423970	425796	unnamed	minus	dynamin family protein		41357177	protein-coding		WP_012740733.1	608	EUBELI_RS12495
NC_012780.1	425820	427004	unnamed	minus	hypothetical protein		41357178	protein-coding		WP_012740734.1	394	EUBELI_RS12500
NC_012780.1	427062	428012	unnamed	minus	helix-turn-helix transcriptional regulator		41357179	protein-coding		WP_041688955.1	316	EUBELI_RS12505
NC_012780.1	428176	428466	unnamed	minus	hypothetical protein		41357180	protein-coding		WP_041688957.1	96	EUBELI_RS12510
NC_012780.1	428721	429041	unnamed	plus	helix-turn-helix domain-containing protein		41357181	protein-coding		WP_041688958.1	106	EUBELI_RS12515
NC_012780.1	429015	429263	unnamed	minus	hypothetical protein		41357182	protein-coding		WP_041688960.1	82	EUBELI_RS12520
NC_012780.1	429456	430631	unnamed	minus	M20 family metallopeptidase		41357183	protein-coding		WP_012740739.1	391	EUBELI_RS12525
NC_012780.1	430653	432044	unnamed	minus	YfcC family protein		41357184	protein-coding		WP_022098173.1	463	EUBELI_RS12530
NC_012780.1	432232	433152	unnamed	plus	LysR family transcriptional regulator		41357185	protein-coding		WP_041688961.1	306	EUBELI_RS12535
NC_012780.1	433209	434123	unnamed	minus	FKBP-type peptidyl-prolyl cis-trans isomerase		41357186	protein-coding		WP_012740742.1	304	EUBELI_RS12540
NC_012780.1	434192	434395	unnamed	minus	hypothetical protein		41357187	protein-coding		WP_012740743.1	67	EUBELI_RS12545
NC_012780.1	434418	434639	unnamed	minus	Lar family restriction alleviation protein		41357188	protein-coding		WP_012740744.1	73	EUBELI_RS12550
NC_012780.1	434740	436617	unnamed	minus	fructose-bisphosphatase class III		41357189	protein-coding		WP_012740745.1	625	EUBELI_RS12555
NC_012780.1	437059	438939	unnamed	minus	cytidine/deoxycytidylate deaminase family protein		41357190	protein-coding		WP_012740747.1	626	EUBELI_RS12560
NC_012780.1	439303	439674	unnamed	minus	ASCH domain-containing protein		41357191	protein-coding		WP_012740748.1	123	EUBELI_RS12565
NC_012780.1	439751	440800	unnamed	minus	hypothetical protein		41357192	protein-coding		WP_012740749.1	349	EUBELI_RS12570
NC_012780.1	441044	441907	unnamed	minus	hypothetical protein		41357425	protein-coding		WP_012740750.1	287	EUBELI_RS13820
NC_012780.1	442594	443088	unnamed	minus	mannose-6-phosphate isomerase		41357193	protein-coding		WP_012740751.1	164	EUBELI_RS12580
NC_012780.1	443147	443278	unnamed	minus	hypothetical protein		79984139	protein-coding		WP_265416931.1	43	EUBELI_RS14860
NC_012780.1	443675	445240	unnamed	minus	BCCT family transporter		41357194	protein-coding		WP_012740754.1	521	EUBELI_RS12590
NC_012780.1	445241	445960	unnamed	minus	NTP transferase domain-containing protein		41357195	protein-coding		WP_012740755.1	239	EUBELI_RS12595
NC_012780.1	445961	447730	unnamed	minus	NTP transferase domain-containing protein		41357196	protein-coding		WP_012740756.1	589	EUBELI_RS12600
NC_012780.1	447737	448021	unnamed	minus	hypothetical protein		41357197	protein-coding		WP_012740757.1	94	EUBELI_RS12605
NC_012780.1	448204	449619	unnamed	minus	coproporphyrinogen dehydrogenase HemZ	hemZ	41357198	protein-coding		WP_012740758.1	471	EUBELI_RS12610
NC_012780.1	449769	450392	unnamed	minus	MBL fold metallo-hydrolase		41357199	protein-coding		WP_012740759.1	207	EUBELI_RS12615
NC_012780.1	450409	452709	unnamed	minus	RelA/SpoT family protein		41357200	protein-coding		WP_193359397.1	766	EUBELI_RS12620
NC_012780.1	452766	453626	unnamed	minus	sugar phosphate isomerase/epimerase family protein		41357201	protein-coding		WP_012740761.1	286	EUBELI_RS12625
NC_012780.1	453837	456206	unnamed	minus	beta-L-arabinofuranosidase domain-containing protein		41357202	protein-coding		WP_012740763.1	789	EUBELI_RS12630
NC_012780.1	456381	456902	unnamed	plus	anaerobic ribonucleoside-triphosphate reductase activating protein	nrdG	41357203	protein-coding		WP_012740765.1	173	EUBELI_RS12635
NC_012780.1	456924	457367	unnamed	plus	dUTP diphosphatase	dut	41357204	protein-coding		WP_012740766.1	147	EUBELI_RS12640
NC_012780.1	457433	458485	unnamed	minus	trigger factor		41357205	protein-coding		WP_041688962.1	350	EUBELI_RS12645
NC_012780.1	458698	459054	unnamed	minus	50S ribosomal protein L20	rplT	41357206	protein-coding		WP_012740768.1	118	EUBELI_RS12650
NC_012780.1	459111	459308	unnamed	minus	50S ribosomal protein L35	rpmI	41357207	protein-coding		WP_012740769.1	65	EUBELI_RS12655
NC_012780.1	459348	459842	unnamed	minus	translation initiation factor IF-3	infC	41357208	protein-coding		WP_012740770.1	164	EUBELI_RS12660
NC_012780.1	460156	461025	unnamed	plus	DegV family protein		41357209	protein-coding		WP_012740771.1	289	EUBELI_RS12665
NC_012780.1	461044	461418	unnamed	minus	response regulator		41357210	protein-coding		WP_119211080.1	124	EUBELI_RS12670
NC_012780.1	461442	463271	unnamed	minus	hypothetical protein		41357211	protein-coding		WP_012740773.1	609	EUBELI_RS12675
NC_012780.1	463275	464330	unnamed	minus	adenosine deaminase	add	41357212	protein-coding		WP_207643834.1	351	EUBELI_RS12680
NC_012780.1	464549	464911	unnamed	plus	metal-dependent transcriptional regulator		41357213	protein-coding		WP_012740775.1	120	EUBELI_RS12685
NC_012780.1	464991	465923	unnamed	minus	CAP domain-containing protein		41357426	protein-coding		WP_049777994.1	310	EUBELI_RS13825
NC_012780.1	466145	466492	unnamed	plus	helix-turn-helix domain-containing protein		41357214	protein-coding		WP_012740777.1	115	EUBELI_RS12695
NC_012780.1	466544	467305	unnamed	minus	pyruvate formate-lyase-activating protein	pflA	41357215	protein-coding		WP_041688963.1	253	EUBELI_RS12700
NC_012780.1	467490	469121	unnamed	minus	helicase-related protein		41357216	protein-coding		WP_012740779.1	543	EUBELI_RS12705
NC_012780.1	469217	470992	unnamed	minus	threonine--tRNA ligase	thrS	41357217	protein-coding		WP_012740780.1	591	EUBELI_RS12710
NC_012780.1	471541	472977	unnamed	plus	methyl-accepting chemotaxis protein		41357218	protein-coding		WP_041688964.1	478	EUBELI_RS12720
NC_012780.1	473087	474181	unnamed	minus	PTS transporter subunit IIC		41357219	protein-coding		WP_041688965.1	364	EUBELI_RS12725
NC_012780.1	474332	474478	unnamed	minus	uncharacterized gene		41357476	pseudogene				EUBELI_RS15005
NC_012780.1	474736	475146	unnamed	minus	peptide deformylase		41357220	protein-coding		WP_012740785.1	136	EUBELI_RS12730
NC_012780.1	475498	477123	unnamed	minus	phosphoenolpyruvate--protein phosphotransferase	ptsP	41357221	protein-coding		WP_012740786.1	541	EUBELI_RS12735
NC_012780.1	477140	477397	unnamed	minus	HPr family phosphocarrier protein		41357222	protein-coding		WP_012740787.1	85	EUBELI_RS12740
NC_012780.1	477416	479320	unnamed	minus	PTS fructose transporter subunit IIABC		41357223	protein-coding		WP_012740788.1	634	EUBELI_RS12745
NC_012780.1	479342	480262	unnamed	minus	1-phosphofructokinase	pfkB	41357224	protein-coding		WP_012740789.1	306	EUBELI_RS12750
NC_012780.1	480519	481118	unnamed	minus	ECF transporter S component		41357225	protein-coding		WP_012740790.1	199	EUBELI_RS12755
NC_012780.1	481149	481625	unnamed	minus	hypothetical protein		41357226	protein-coding		WP_012740791.1	158	EUBELI_RS12760
NC_012780.1	481735	482628	unnamed	minus	DNA/RNA non-specific endonuclease		41357227	protein-coding		WP_012740792.1	297	EUBELI_RS12765
NC_012780.1	482625	483554	unnamed	minus	DMT family transporter		41357228	protein-coding		WP_012740793.1	309	EUBELI_RS12770
NC_012780.1	483547	485100	unnamed	minus	Na+/H+ antiporter NhaC family protein		41357229	protein-coding		WP_012740794.1	517	EUBELI_RS12775
NC_012780.1	485133	487793	unnamed	minus	AAA family ATPase		41357230	protein-coding		WP_012740795.1	886	EUBELI_RS12780
NC_012780.1	487793	488914	unnamed	minus	metallophosphoesterase family protein		41357231	protein-coding		WP_012740796.1	373	EUBELI_RS12785
NC_012780.1	488945	490321	unnamed	minus	M56 family metallopeptidase		41357232	protein-coding		WP_012740797.1	458	EUBELI_RS12790
NC_012780.1	490475	491452	unnamed	plus	aldose epimerase family protein		41357233	protein-coding		WP_012740798.1	325	EUBELI_RS12795
NC_012780.1	491537	492439	unnamed	minus	carbohydrate ABC transporter permease		41357234	protein-coding		WP_012740799.1	300	EUBELI_RS12800
NC_012780.1	492441	493391	unnamed	minus	carbohydrate ABC transporter permease		41357235	protein-coding		WP_022097899.1	316	EUBELI_RS12805
NC_012780.1	493480	494835	unnamed	minus	ABC transporter substrate-binding protein		41357236	protein-coding		WP_012740801.1	451	EUBELI_RS12810
NC_012780.1	494868	495866	unnamed	minus	LacI family DNA-binding transcriptional regulator		41357237	protein-coding		WP_041688966.1	332	EUBELI_RS12815
NC_012780.1	496141	498594	unnamed	plus	GH36-type glycosyl hydrolase domain-containing protein		41357238	protein-coding		WP_012740803.1	817	EUBELI_RS12820
NC_012780.1	498618	500003	unnamed	plus	GH1 family beta-glucosidase		41357239	protein-coding		WP_012740804.1	461	EUBELI_RS12825
NC_012780.1	500330	502189	unnamed	minus	ATP-dependent nuclease		41357240	protein-coding		WP_012740805.1	619	EUBELI_RS12830
NC_012780.1	502155	504071	unnamed	minus	DUF975 family protein		41357241	protein-coding		WP_012740806.1	638	EUBELI_RS12835
NC_012780.1	504088	504399	unnamed	minus	hypothetical protein		41357242	protein-coding		WP_012740807.1	103	EUBELI_RS12840
NC_012780.1	504402	504824	unnamed	minus	hypothetical protein		41357243	protein-coding		WP_041688969.1	140	EUBELI_RS12845
NC_012780.1	505017	505415	unnamed	plus	hypothetical protein		41357501	protein-coding		WP_012740810.1	132	EUBELI_RS14285
NC_012780.1	505508	505651	unnamed	plus	hypothetical protein		44154989	protein-coding		WP_022097890.1	47	EUBELI_RS14510
NC_012780.1	505674	505802	unnamed	plus	hypothetical protein		79984140	protein-coding		WP_265416932.1	42	EUBELI_RS14865
NC_012780.1	505860	506855	unnamed	minus	J domain-containing protein		41357427	protein-coding		WP_012740813.1	331	EUBELI_RS13830
NC_012780.1	507020	507373	unnamed	plus	GntR family transcriptional regulator		41357244	protein-coding		WP_041688971.1	117	EUBELI_RS12860
NC_012780.1	507393	508082	unnamed	plus	ABC transporter ATP-binding protein		41357245	protein-coding		WP_041688972.1	229	EUBELI_RS12865
NC_012780.1	508098	508862	unnamed	plus	hypothetical protein		41357246	protein-coding		WP_012740816.1	254	EUBELI_RS12870
NC_012780.1	509189	509905	unnamed	minus	DUF6198 family protein		41357247	protein-coding		WP_012740817.1	238	EUBELI_RS12875
NC_012780.1	509889	510335	unnamed	minus	MarR family winged helix-turn-helix transcriptional regulator		41357248	protein-coding		WP_012740818.1	148	EUBELI_RS12880
NC_012780.1	510352	512199	unnamed	minus	ABC transporter ATP-binding protein		41357249	protein-coding		WP_012740819.1	615	EUBELI_RS12885
NC_012780.1	512199	513926	unnamed	minus	ABC transporter ATP-binding protein		41357250	protein-coding		WP_228003395.1	575	EUBELI_RS12890
NC_012780.1	514004	515329	unnamed	minus	MATE family efflux transporter		41357251	protein-coding		WP_012740821.1	441	EUBELI_RS12895
NC_012780.1	515405	518299	unnamed	minus	ABC transporter permease family protein		41357252	protein-coding		WP_041688974.1	964	EUBELI_RS12900
NC_012780.1	518331	518999	unnamed	minus	ABC transporter ATP-binding protein		41357253	protein-coding		WP_041688975.1	222	EUBELI_RS12905
NC_012780.1	519028	521883	unnamed	minus	ABC transporter permease		41357254	protein-coding		WP_012740824.1	951	EUBELI_RS12910
NC_012780.1	521949	522629	unnamed	minus	response regulator transcription factor		41357255	protein-coding		WP_041688977.1	226	EUBELI_RS12915
NC_012780.1	522686	523861	unnamed	minus	sensor histidine kinase		41357256	protein-coding		WP_012740826.1	391	EUBELI_RS12920
NC_012780.1	523906	525036	unnamed	minus	YibE/F family protein		41357257	protein-coding		WP_012740827.1	376	EUBELI_RS12925
NC_012780.1	525024	527129	unnamed	minus	purple acid phosphatase family protein		41357258	protein-coding		WP_041688979.1	701	EUBELI_RS12930
NC_012780.1	527307	528659	unnamed	minus	aspartate aminotransferase family protein		41357259	protein-coding		WP_041688981.1	450	EUBELI_RS12935
NC_012780.1	528808	530328	unnamed	minus	extracellular solute-binding protein		41357260	protein-coding		WP_012740831.1	506	EUBELI_RS12940
NC_012780.1	530321	531130	unnamed	minus	ABC transporter permease		41357261	protein-coding		WP_012740832.1	269	EUBELI_RS12945
NC_012780.1	531130	531915	unnamed	minus	ABC transporter permease		41357262	protein-coding		WP_012740833.1	261	EUBELI_RS12950
NC_012780.1	531928	533370	unnamed	minus	polyamine ABC transporter ATP-binding protein	potA	41357263	protein-coding		WP_012740834.1	480	EUBELI_RS12955
NC_012780.1	533523	533867	unnamed	minus	HEAT repeat domain-containing protein		41357264	protein-coding		WP_119220123.1	114	EUBELI_RS12960
NC_012780.1	533976	534863	unnamed	plus	LysR family transcriptional regulator		41357265	protein-coding		WP_012740836.1	295	EUBELI_RS12965
NC_012780.1	534860	536290	unnamed	minus	sensor domain-containing diguanylate cyclase		41357266	protein-coding		WP_022098909.1	476	EUBELI_RS12970
NC_012780.1	536430	536774	unnamed	minus	Hpt domain-containing protein		41357267	protein-coding		WP_012740838.1	114	EUBELI_RS12975
NC_012780.1	537414	538736	unnamed	plus	sodium-dependent transporter		41357268	protein-coding		WP_012740840.1	440	EUBELI_RS12980
NC_012780.1	538850	540241	unnamed	minus	MocR-like pyridoxine biosynthesis transcription factor PdxR	pdxR	41357269	protein-coding		WP_041688983.1	463	EUBELI_RS12985
NC_012780.1	540395	541183	unnamed	plus	SDR family oxidoreductase		41357270	protein-coding		WP_012740842.1	262	EUBELI_RS12990
NC_012780.1	541202	541534	unnamed	plus	nuclear transport factor 2 family protein		41357271	protein-coding		WP_012740843.1	110	EUBELI_RS12995
NC_012780.1	542117	542254	unnamed	minus	uncharacterized gene		41357477	pseudogene				EUBELI_RS14150
NC_012780.1	542367	542828	unnamed	minus	NUDIX hydrolase		41357272	protein-coding		WP_012740846.1	153	EUBELI_RS13000
NC_012780.1	542866	543816	unnamed	minus	N-acetylmuramoyl-L-alanine amidase		41357273	protein-coding		WP_012740847.1	316	EUBELI_RS13005
NC_012780.1	543821	546304	unnamed	minus	glycosyl hydrolase family 95 catalytic domain-containing protein		41357274	protein-coding		WP_012740848.1	827	EUBELI_RS13010
NC_012780.1	546321	546722	unnamed	minus	hypothetical protein		44154990	protein-coding		WP_012740849.1	133	EUBELI_RS14515
NC_012780.1	547000	549177	unnamed	plus	sodium-translocating pyrophosphatase		41357275	protein-coding		WP_012740850.1	725	EUBELI_RS13020
NC_012780.1	549243	550037	unnamed	minus	AAC(3) family N-acetyltransferase		41357276	protein-coding		WP_012740851.1	264	EUBELI_RS13025
NC_012780.1	550159	551112	unnamed	plus	M15 family metallopeptidase		41357428	protein-coding		WP_012740852.1	317	EUBELI_RS13835
NC_012780.1	551148	554000	unnamed	minus	ABC transporter permease		41357277	protein-coding		WP_012740853.1	950	EUBELI_RS13035
NC_012780.1	553997	554683	unnamed	minus	ABC transporter ATP-binding protein		41357278	protein-coding		WP_012740854.1	228	EUBELI_RS13040
NC_012780.1	554744	555907	unnamed	minus	sensor histidine kinase		41357279	protein-coding		WP_012740855.1	387	EUBELI_RS13045
NC_012780.1	555926	556597	unnamed	minus	response regulator transcription factor		41357280	protein-coding		WP_012740856.1	223	EUBELI_RS13050
NC_012780.1	556594	556953	unnamed	minus	hypothetical protein		41357281	protein-coding		WP_041688985.1	119	EUBELI_RS13055
NC_012780.1	556959	558569	unnamed	minus	cellulase family glycosylhydrolase		41357282	protein-coding		WP_012740858.1	536	EUBELI_RS13060
NC_012780.1	558655	560001	unnamed	minus	citrate/2-methylcitrate synthase		41357283	protein-coding		WP_041689145.1	448	EUBELI_RS13065
NC_012780.1	560043	561407	unnamed	minus	MATE family efflux transporter		41357284	protein-coding		WP_041688986.1	454	EUBELI_RS13070
NC_012780.1	561615	563450	unnamed	minus	beta-glucuronidase	uidA	41357285	protein-coding		WP_012740861.1	611	EUBELI_RS13075
NC_012780.1	563485	564885	unnamed	minus	MFS transporter		41357286	protein-coding		WP_012740862.1	466	EUBELI_RS13080
NC_012780.1	565238	566449	unnamed	plus	helix-turn-helix domain-containing protein		41357287	protein-coding		WP_012740863.1	403	EUBELI_RS13085
NC_012780.1	566503	567165	unnamed	minus	GntR family transcriptional regulator		41357288	protein-coding		WP_012740864.1	220	EUBELI_RS13090
NC_012780.1	567211	568818	unnamed	minus	mannitol dehydrogenase family protein		41357289	protein-coding		WP_041688988.1	535	EUBELI_RS13095
NC_012780.1	568858	569925	unnamed	minus	mannonate dehydratase	uxuA	41357290	protein-coding		WP_041688990.1	355	EUBELI_RS13100
NC_012780.1	570062	571276	unnamed	minus	VanZ family protein		41357291	protein-coding		WP_012740867.1	404	EUBELI_RS13105
NC_012780.1	571280	572464	unnamed	minus	pyridoxal phosphate-dependent aminotransferase		41357292	protein-coding		WP_012740868.1	394	EUBELI_RS13110
NC_012780.1	572513	573187	unnamed	minus	PBECR4 domain-containing protein		41357293	protein-coding		WP_012740869.1	224	EUBELI_RS13115
NC_012780.1	573726	574145	unnamed	minus	hypothetical protein		41357294	protein-coding		WP_012740871.1	139	EUBELI_RS13120
NC_012780.1	574138	574725	unnamed	minus	HD domain-containing protein		41357295	protein-coding		WP_012740872.1	195	EUBELI_RS13125
NC_012780.1	574760	575062	unnamed	minus	Dabb family protein		41357296	protein-coding		WP_012740873.1	100	EUBELI_RS13130
NC_012780.1	575075	575884	unnamed	minus	HipA domain-containing protein		41357297	protein-coding		WP_041688992.1	269	EUBELI_RS13135
NC_012780.1	575902	576438	unnamed	minus	helix-turn-helix domain-containing protein		41357298	protein-coding		WP_012740875.1	178	EUBELI_RS13140
NC_012780.1	576643	577926	unnamed	minus	O-acetylhomoserine aminocarboxypropyltransferase/cysteine synthase family protein		41357299	protein-coding		WP_041688994.1	427	EUBELI_RS13145
NC_012780.1	578099	579499	unnamed	plus	MATE family efflux transporter		41357300	protein-coding		WP_012740877.1	466	EUBELI_RS13150
NC_012780.1	579559	579753	unnamed	plus	hypothetical protein		41357301	protein-coding		WP_012740878.1	64	EUBELI_RS13155
NC_012780.1	579783	580256	unnamed	plus	GGDEF domain-containing protein		41357302	protein-coding		WP_081458333.1	157	EUBELI_RS13160
NC_012780.1	581096	581665	unnamed	minus	ECF transporter S component		41357303	protein-coding		WP_012740880.1	189	EUBELI_RS13165
NC_012780.1	581888	582202	unnamed	minus	type II toxin-antitoxin system RelE/ParE family toxin		41357304	protein-coding		WP_012740881.1	104	EUBELI_RS13170
NC_012780.1	582192	582485	unnamed	minus	type II toxin-antitoxin system RelB/DinJ family antitoxin		41357305	protein-coding		WP_041688996.1	97	EUBELI_RS13175
NC_012780.1	582629	582913	unnamed	plus	hypothetical protein		41357306	protein-coding		WP_012740883.1	94	EUBELI_RS13180
NC_012780.1	582933	584075	unnamed	minus	Gfo/Idh/MocA family protein		41357307	protein-coding		WP_012740884.1	380	EUBELI_RS13185
NC_012780.1	584099	585178	unnamed	minus	Gfo/Idh/MocA family protein		41357308	protein-coding		WP_012740885.1	359	EUBELI_RS13190
NC_012780.1	585168	585791	unnamed	minus	MBL fold metallo-hydrolase		41357309	protein-coding		WP_012740886.1	207	EUBELI_RS13195
NC_012780.1	585795	586355	unnamed	minus	carbonic anhydrase		41357310	protein-coding		WP_012740887.1	186	EUBELI_RS13200
NC_012780.1	586397	587263	unnamed	minus	deoxyribonuclease IV		41357311	protein-coding		WP_012740888.1	288	EUBELI_RS13205
NC_012780.1	587536	588594	unnamed	plus	GGDEF domain-containing protein		41357312	protein-coding		WP_012740889.1	352	EUBELI_RS13210
NC_012780.1	588736	589443	unnamed	plus	AzlC family ABC transporter permease		41357313	protein-coding		WP_022098841.1	235	EUBELI_RS13215
NC_012780.1	589461	589772	unnamed	plus	AzlD domain-containing protein		41357314	protein-coding		WP_012740891.1	103	EUBELI_RS13220
NC_012780.1	589800	590516	unnamed	minus	phosphatase		41357315	protein-coding		WP_012740892.1	238	EUBELI_RS13225
NC_012780.1	590519	591124	unnamed	minus	cytidylate kinase-like family protein		41357316	protein-coding		WP_022098838.1	201	EUBELI_RS13230
NC_012780.1	591163	592521	unnamed	minus	ArsB/NhaD family transporter		41357317	protein-coding		WP_012740894.1	452	EUBELI_RS13235
NC_012780.1	592721	593185	unnamed	minus	YhcH/YjgK/YiaL family protein		41357318	protein-coding		WP_012740895.1	154	EUBELI_RS13240
NC_012780.1	593345	594160	unnamed	minus	5-deoxy-glucuronate isomerase	iolB	41357319	protein-coding		WP_012740896.1	271	EUBELI_RS13245
NC_012780.1	594231	594959	unnamed	minus	tRNA 2-thiocytidine(32) synthetase TtcA		41357320	protein-coding		WP_012740897.1	242	EUBELI_RS13250
NC_012780.1	595045	595563	unnamed	minus	hypothetical protein		41357321	protein-coding		WP_012740898.1	172	EUBELI_RS13255
NC_012780.1	595818	596726	unnamed	minus	radical SAM mobile pair protein B		41357322	protein-coding		WP_012740900.1	302	EUBELI_RS13260
NC_012780.1	596714	597403	unnamed	minus	radical SAM mobile pair protein A		41357323	protein-coding		WP_012740901.1	229	EUBELI_RS13265
NC_012780.1	597400	597837	unnamed	minus	radical SAM mobile pair system MarR family transcriptional regulator		41357324	protein-coding		WP_012740902.1	145	EUBELI_RS13270
NC_012780.1	597953	598429	unnamed	minus	pyridoxamine 5'-phosphate oxidase family protein		41357325	protein-coding		WP_041689150.1	158	EUBELI_RS13275
NC_012780.1	598533	598841	unnamed	minus	hypothetical protein		41357326	protein-coding		WP_012740904.1	102	EUBELI_RS13280
NC_012780.1	598969	599409	unnamed	minus	XRE family transcriptional regulator		41357327	protein-coding		WP_228003396.1	146	EUBELI_RS13285
NC_012780.1	599507	599716	unnamed	minus	NUDIX hydrolase		71415282	protein-coding		WP_012740906.1	69	EUBELI_RS14785
NC_012780.1	599729	600241	unnamed	minus	O-acetyl-ADP-ribose deacetylase		41357328	protein-coding		WP_012740907.1	170	EUBELI_RS13295
NC_012780.1	600234	600833	unnamed	minus	hypothetical protein		41357329	protein-coding		WP_012740908.1	199	EUBELI_RS13300
NC_012780.1	601458	601901	unnamed	minus	flavodoxin family protein		41357330	protein-coding		WP_012740909.1	147	EUBELI_RS13305
NC_012780.1	601898	602146	unnamed	minus	hypothetical protein		41357331	protein-coding		WP_012740910.1	82	EUBELI_RS13310
NC_012780.1	602191	602727	unnamed	minus	RNA 2'-phosphotransferase		41357332	protein-coding		WP_012740911.1	178	EUBELI_RS13315
NC_012780.1	602802	603326	unnamed	minus	GNAT family N-acetyltransferase		41357333	protein-coding		WP_012740912.1	174	EUBELI_RS13320
NC_012780.1	603349	603690	unnamed	minus	arsenate reductase family protein		41357334	protein-coding		WP_041689001.1	113	EUBELI_RS13325
NC_012780.1	603712	604176	unnamed	minus	YaiI/YqxD family protein		41357335	protein-coding		WP_012740914.1	154	EUBELI_RS13330
NC_012780.1	604230	604562	unnamed	minus	HNH endonuclease		41357336	protein-coding		WP_012740915.1	110	EUBELI_RS13335
NC_012780.1	604561	604992	unnamed	plus	S24 family peptidase		41357337	protein-coding		WP_012740916.1	143	EUBELI_RS13340
NC_012780.1	605080	605280	unnamed	plus	helix-turn-helix transcriptional regulator		41357338	protein-coding		WP_041689003.1	66	EUBELI_RS13345
NC_012780.1	605420	605644	unnamed	minus	hypothetical protein		41357339	protein-coding		WP_012740918.1	74	EUBELI_RS13350
NC_012780.1	605666	607378	unnamed	minus	methyl-accepting chemotaxis protein		41357340	protein-coding		WP_012740919.1	570	EUBELI_RS13355
NC_012780.1	607488	608702	unnamed	minus	IS256 family transposase		41357341	protein-coding		WP_041687873.1	404	EUBELI_RS13360
NC_012780.1	609118	610932	unnamed	minus	ATP-dependent zinc metalloprotease FtsH	ftsH	41357342	protein-coding		WP_012740920.1	604	EUBELI_RS13365
NC_012780.1	610983	611972	unnamed	minus	choloylglycine hydrolase	bsh	41357343	protein-coding		WP_008396540.1	329	EUBELI_RS13370
NC_012780.1	612337	612909	unnamed	minus	CDP-alcohol phosphatidyltransferase family protein		41357344	protein-coding		WP_012740922.1	190	EUBELI_RS13375
NC_012780.1	612899	613963	unnamed	minus	FUSC family protein		41357345	protein-coding		WP_012740923.1	354	EUBELI_RS13380
NC_012780.1	613995	615038	unnamed	minus	HAMP domain-containing sensor histidine kinase		41357346	protein-coding		WP_012740924.1	347	EUBELI_RS13385
NC_012780.1	615038	615748	unnamed	minus	response regulator transcription factor		41357347	protein-coding		WP_012740925.1	236	EUBELI_RS13390
NC_012780.1	615727	617160	unnamed	minus	phospholipase D family protein		41357348	protein-coding		WP_012740926.1	477	EUBELI_RS13395
NC_012780.1	617336	617761	unnamed	minus	MarR family winged helix-turn-helix transcriptional regulator		41357349	protein-coding		WP_006858455.1	141	EUBELI_RS13400
NC_012780.1	617763	619127	unnamed	minus	citrate/2-methylcitrate synthase		41357350	protein-coding		WP_012740927.1	454	EUBELI_RS13405
NC_012780.1	619376	620935	unnamed	minus	cardiolipin synthase	cls	41357351	protein-coding		WP_012740928.1	519	EUBELI_RS13410
NC_012780.1	620971	621651	unnamed	minus	GTP pyrophosphokinase		41357352	protein-coding		WP_012740929.1	226	EUBELI_RS13415
NC_012780.1	621690	621824	unnamed	minus	uncharacterized gene		87792693	pseudogene				EUBELI_RS14905
NC_012780.1	621827	622537	unnamed	plus	transposase		41357353	protein-coding		WP_012740930.1	236	EUBELI_RS13420
NC_012780.1	622711	622857	unnamed	minus	hypothetical protein		44154991	protein-coding		WP_012740931.1	48	EUBELI_RS14520
NC_012780.1	623148	623273	unnamed	minus	uncharacterized gene		41357354	pseudogene				EUBELI_RS13425
NC_012780.1	623476	625248	unnamed	minus	FtsX-like permease family protein		41357355	protein-coding		WP_012740933.1	590	EUBELI_RS13430
NC_012780.1	625235	625996	unnamed	minus	ABC transporter ATP-binding protein		41357356	protein-coding		WP_012740934.1	253	EUBELI_RS13435
NC_012780.1	626044	626385	unnamed	minus	hypothetical protein		41357357	protein-coding		WP_012740935.1	113	EUBELI_RS13440
NC_012780.1	626432	626629	unnamed	minus	nucleic acid-binding protein		41357358	protein-coding		WP_041689007.1	65	EUBELI_RS13445
NC_012782.1	1	1719	unnamed	minus	recombinase family protein		41356705	protein-coding		WP_012744421.1	572	EUBELI_RS09960
NC_012782.1	1956	2849	unnamed	minus	CHAP and LysM peptidoglycan-binding domain-containing protein		79984130	protein-coding		WP_012744422.1	297	EUBELI_RS14815
NC_012782.1	2924	3187	unnamed	minus	phage holin family protein		41356707	protein-coding		WP_012744423.1	87	EUBELI_RS09970
NC_012782.1	3266	3574	unnamed	minus	DUF7365 family protein		41356708	protein-coding		WP_242827281.1	102	EUBELI_RS09975
NC_012782.1	3637	3822	unnamed	minus	CD1375 family protein		79984131	protein-coding		WP_012744425.1	61	EUBELI_RS14820
NC_012782.1	3815	3925	unnamed	minus	CD1375 family protein		79984132	protein-coding		WP_015517587.1	36	EUBELI_RS14825
NC_012782.1	3943	4236	unnamed	minus	hypothetical protein		41356709	protein-coding		WP_012744426.1	97	EUBELI_RS09980
NC_012782.1	4184	5434	unnamed	minus	RNA-directed DNA polymerase		41356710	protein-coding		WP_041688877.1	416	EUBELI_RS09985
NC_012782.1	5940	7745	unnamed	minus	phage tail-collar fiber domain-containing protein		41356711	protein-coding		WP_012744428.1	601	EUBELI_RS09990
NC_012782.1	7765	8646	unnamed	minus	putative phage tail protein		41356712	protein-coding		WP_012744429.1	293	EUBELI_RS09995
NC_012782.1	8630	9694	unnamed	minus	baseplate J/gp47 family protein		41356713	protein-coding		WP_012744430.1	354	EUBELI_RS10000
NC_012782.1	9687	10103	unnamed	minus	DUF2634 domain-containing protein		41356714	protein-coding		WP_012744431.1	138	EUBELI_RS10005
NC_012782.1	10104	10520	unnamed	minus	DUF2577 domain-containing protein		41356715	protein-coding		WP_012744432.1	138	EUBELI_RS10010
NC_012782.1	10522	11475	unnamed	minus	XkdQ/YqbQ family protein		41356716	protein-coding		WP_041688878.1	317	EUBELI_RS10015
NC_012782.1	11489	12115	unnamed	minus	LysM peptidoglycan-binding domain-containing protein		41356717	protein-coding		WP_012744434.1	208	EUBELI_RS10020
NC_012782.1	12134	15304	unnamed	minus	hypothetical protein		41356718	protein-coding		WP_012744435.1	1056	EUBELI_RS10025
NC_012782.1	15519	15998	unnamed	minus	phage tail assembly chaperone		41356720	protein-coding		WP_012744437.1	159	EUBELI_RS10035
NC_012782.1	16078	16512	unnamed	minus	phage tail tube protein		41356721	protein-coding		WP_012744438.1	144	EUBELI_RS10040
NC_012782.1	16527	17630	unnamed	minus	phage tail sheath subtilisin-like domain-containing protein		41356722	protein-coding		WP_012744439.1	367	EUBELI_RS10045
NC_012782.1	17644	18120	unnamed	minus	phage tail terminator family protein		41356723	protein-coding		WP_012744440.1	158	EUBELI_RS10050
NC_012782.1	18117	18593	unnamed	minus	HK97 gp10 family phage protein		41356724	protein-coding		WP_012744441.1	158	EUBELI_RS10055
NC_012782.1	18593	18940	unnamed	minus	hypothetical protein		41356725	protein-coding		WP_012744442.1	115	EUBELI_RS10060
NC_012782.1	18944	19342	unnamed	minus	phage head-tail connector protein		41356726	protein-coding		WP_012744443.1	132	EUBELI_RS10065
NC_012782.1	19356	19661	unnamed	minus	hypothetical protein		41356727	protein-coding		WP_012744444.1	101	EUBELI_RS10070
NC_012782.1	19686	20600	unnamed	minus	DUF5309 domain-containing protein		41356728	protein-coding		WP_012744445.1	304	EUBELI_RS10075
NC_012782.1	20645	21313	unnamed	minus	hypothetical protein		41356729	protein-coding		WP_012744446.1	222	EUBELI_RS10080
NC_012782.1	21524	21730	unnamed	minus	hypothetical protein		41356730	protein-coding		WP_012744447.1	68	EUBELI_RS10085
NC_012782.1	21730	23709	unnamed	minus	minor capsid protein		41356731	protein-coding		WP_012744448.1	659	EUBELI_RS10090
NC_012782.1	23744	25303	unnamed	minus	phage portal protein		41356732	protein-coding		WP_012744449.1	519	EUBELI_RS10095
NC_012782.1	25364	26854	unnamed	minus	phage terminase large subunit	terL	41356733	protein-coding		WP_012744450.1	496	EUBELI_RS10100
NC_012782.1	26905	27093	unnamed	minus	hypothetical protein		41356734	protein-coding		WP_012744451.1	62	EUBELI_RS10105
NC_012782.1	27087	27251	unnamed	minus	hypothetical protein		44154968	protein-coding		WP_012744452.1	54	EUBELI_RS14405
NC_012782.1	27244	27792	unnamed	minus	hypothetical protein		41357413	protein-coding		WP_012744453.1	182	EUBELI_RS13750
NC_012782.1	27792	27923	unnamed	minus	hypothetical protein		79984133	protein-coding		WP_012744454.1	43	EUBELI_RS14830
NC_012782.1	27984	28628	unnamed	minus	FAD-dependent thymidylate synthase	thyX	41356735	protein-coding		WP_012744455.1	214	EUBELI_RS10115
NC_012782.1	28641	29144	unnamed	minus	DUF3310 domain-containing protein		41356736	protein-coding		WP_012744456.1	167	EUBELI_RS10120
NC_012782.1	29300	29770	unnamed	minus	hypothetical protein		41356737	protein-coding		WP_012744457.1	156	EUBELI_RS10125
NC_012782.1	30069	30404	unnamed	minus	hypothetical protein		41356738	protein-coding		WP_012744458.1	111	EUBELI_RS10130
NC_012782.1	30380	30967	unnamed	minus	ParB N-terminal domain-containing protein		41356739	protein-coding		WP_012744459.1	195	EUBELI_RS10135
NC_012782.1	31060	31299	unnamed	minus	hypothetical protein		41356740	protein-coding		WP_012744460.1	79	EUBELI_RS10140
NC_012782.1	31292	31543	unnamed	minus	hypothetical protein		41356741	protein-coding		WP_012744461.1	83	EUBELI_RS10145
NC_012782.1	31544	31948	unnamed	minus	hypothetical protein		41356742	protein-coding		WP_148231377.1	134	EUBELI_RS10150
NC_012782.1	31893	32129	unnamed	minus	hypothetical protein		41356743	protein-coding		WP_012744463.1	78	EUBELI_RS10155
NC_012782.1	32198	32968	unnamed	minus	transglycosylase SLT domain-containing protein		41356744	protein-coding		WP_012744464.1	256	EUBELI_RS10160
NC_012782.1	32949	33263	unnamed	minus	hypothetical protein		41356745	protein-coding		WP_012744465.1	104	EUBELI_RS10165
NC_012782.1	33378	34703	unnamed	minus	DUF7666 domain-containing protein		41356746	protein-coding		WP_012744466.1	441	EUBELI_RS10170
NC_012782.1	34796	35113	unnamed	minus	nucleoside triphosphate pyrophosphohydrolase family protein		41356747	protein-coding		WP_041688882.1	105	EUBELI_RS10175
NC_012782.1	35115	35561	unnamed	minus	hypothetical protein		41356748	protein-coding		WP_012744468.1	148	EUBELI_RS10180
NC_012782.1	35551	35781	unnamed	minus	hypothetical protein		41356749	protein-coding		WP_012744469.1	76	EUBELI_RS10185
NC_012782.1	35782	35952	unnamed	minus	hypothetical protein		44154969	protein-coding		WP_012744470.1	56	EUBELI_RS14410
NC_012782.1	35952	36317	unnamed	minus	hypothetical protein		41356750	protein-coding		WP_012744471.1	121	EUBELI_RS10190
NC_012782.1	36304	36489	unnamed	minus	hypothetical protein		41356751	protein-coding		WP_012744472.1	61	EUBELI_RS10195
NC_012782.1	36486	36719	unnamed	minus	hypothetical protein		41356752	protein-coding		WP_012744473.1	77	EUBELI_RS10200
NC_012782.1	36824	36997	unnamed	minus	hypothetical protein		44154970	protein-coding		WP_012744474.1	57	EUBELI_RS14415
NC_012782.1	37007	37174	unnamed	minus	hypothetical protein		44154971	protein-coding		WP_012744475.1	55	EUBELI_RS14420
NC_012782.1	37184	37384	unnamed	minus	hypothetical protein		41356753	protein-coding		WP_012744476.1	66	EUBELI_RS10205
NC_012782.1	37397	37966	unnamed	minus	hypothetical protein		41356754	protein-coding		WP_012744477.1	189	EUBELI_RS10210
NC_012782.1	38010	38450	unnamed	minus	hypothetical protein		41356755	protein-coding		WP_012744478.1	146	EUBELI_RS10215
NC_012782.1	38460	38669	unnamed	minus	HTH domain-containing protein		41356756	protein-coding		WP_012744479.1	69	EUBELI_RS10220
NC_012782.1	38716	39555	unnamed	minus	nucleoside triphosphate pyrophosphohydrolase family protein		41356757	protein-coding		WP_012744480.1	279	EUBELI_RS10225
NC_012782.1	39558	39713	unnamed	minus	hypothetical protein		44154972	protein-coding		WP_012744481.1	51	EUBELI_RS14425
NC_012782.1	39737	40291	unnamed	minus	hypothetical protein		71415266	protein-coding		WP_012744482.1	184	EUBELI_RS14705
NC_012782.1	40433	40642	unnamed	minus	helix-turn-helix domain-containing protein		41356759	protein-coding		WP_012744483.1	69	EUBELI_RS10235
NC_012782.1	40639	41649	unnamed	minus	P-loop NTPase family protein		41356760	protein-coding		WP_012744484.1	336	EUBELI_RS10240
NC_012782.1	41633	42058	unnamed	minus	nucleoside triphosphate pyrophosphohydrolase family protein		41357414	protein-coding		WP_148231378.1	141	EUBELI_RS13755
NC_012782.1	42060	42200	unnamed	minus	hypothetical protein		44154973	protein-coding		WP_165437549.1	46	EUBELI_RS14430
NC_012782.1	42200	42445	unnamed	minus	hypothetical protein		41356761	protein-coding		WP_012744486.1	81	EUBELI_RS10250
NC_012782.1	42426	42668	unnamed	minus	sporulation transcriptional regulator SpoIIID		41356762	protein-coding		WP_012744487.1	80	EUBELI_RS10255
NC_012782.1	42673	43224	unnamed	minus	hypothetical protein		41356763	protein-coding		WP_012744488.1	183	EUBELI_RS10260
NC_012782.1	43208	43393	unnamed	minus	hypothetical protein		41356764	protein-coding		WP_012744489.1	61	EUBELI_RS10265
NC_012782.1	43390	43863	unnamed	minus	Holliday junction resolvase RecU		41356765	protein-coding		WP_012744490.1	157	EUBELI_RS10270
NC_012782.1	43853	44911	unnamed	minus	CRISPR-associated protein Cas4		41356766	protein-coding		WP_012744491.1	352	EUBELI_RS10275
NC_012782.1	44911	45060	unnamed	minus	hypothetical protein		44154974	protein-coding		WP_012744492.1	49	EUBELI_RS14435
NC_012782.1	45159	45710	unnamed	minus	MT-A70 family methyltransferase		41356767	protein-coding		WP_179965438.1	183	EUBELI_RS10280
NC_012782.1	45778	46170	unnamed	minus	DUF4406 domain-containing protein		41356768	protein-coding		WP_012744494.1	130	EUBELI_RS10285
NC_012782.1	46167	46325	unnamed	minus	hypothetical protein		44154975	protein-coding		WP_012744495.1	52	EUBELI_RS14440
NC_012782.1	46315	46551	unnamed	minus	hypothetical protein		41356769	protein-coding		WP_012744496.1	78	EUBELI_RS10290
NC_012782.1	46566	46874	unnamed	minus	LysM peptidoglycan-binding domain-containing protein		41356770	protein-coding		WP_012744497.1	102	EUBELI_RS10295
NC_012782.1	46861	47292	unnamed	minus	helix-turn-helix domain-containing protein		41356771	protein-coding		WP_012744498.1	143	EUBELI_RS10300
NC_012782.1	47298	49472	unnamed	minus	DNA polymerase		41356772	protein-coding		WP_012744499.1	724	EUBELI_RS10305
NC_012782.1	49680	50312	unnamed	minus	hypothetical protein		41356773	protein-coding		WP_012744500.1	210	EUBELI_RS10310
NC_012782.1	50356	50514	unnamed	minus	hypothetical protein		44154976	protein-coding		WP_015517536.1	52	EUBELI_RS14445
NC_012782.1	50572	51180	unnamed	minus	sigma factor		41356774	protein-coding		WP_012744502.1	202	EUBELI_RS10315
NC_012782.1	51195	52220	unnamed	minus	toprim domain-containing protein		41356775	protein-coding		WP_012744503.1	341	EUBELI_RS10320
NC_012782.1	52217	52603	unnamed	minus	hypothetical protein		41356776	protein-coding		WP_012744504.1	128	EUBELI_RS10325
NC_012782.1	52863	53240	unnamed	plus	helix-turn-helix domain-containing protein		41356777	protein-coding		WP_012744505.1	125	EUBELI_RS10330
NC_012782.1	53286	53726	unnamed	minus	helix-turn-helix domain-containing protein		41356778	protein-coding		WP_012744506.1	146	EUBELI_RS10335
NC_012782.1	53746	54009	unnamed	minus	helix-turn-helix transcriptional regulator		41356779	protein-coding		WP_012744507.1	87	EUBELI_RS10340
NC_012782.1	54009	54476	unnamed	minus	Rha family transcriptional regulator		41356780	protein-coding		WP_041688879.1	155	EUBELI_RS10345
NC_012782.1	54549	54770	unnamed	minus	hypothetical protein		41356781	protein-coding		WP_012744509.1	73	EUBELI_RS10350
NC_012782.1	54760	56106	unnamed	minus	DnaB-like helicase C-terminal domain-containing protein		41356782	protein-coding		WP_012744510.1	448	EUBELI_RS10355
NC_012782.1	56099	56770	unnamed	minus	AFG1/ZapE family ATPase	zapE	41356783	protein-coding		WP_012744511.1	223	EUBELI_RS10360
NC_012782.1	56851	57612	unnamed	minus	helix-turn-helix domain-containing protein		41356784	protein-coding		WP_012744512.1	253	EUBELI_RS10365
NC_012782.1	57664	57876	unnamed	minus	hypothetical protein		41356785	protein-coding		WP_012744513.1	70	EUBELI_RS10370
NC_012782.1	57996	58304	unnamed	minus	hypothetical protein		41356786	protein-coding		WP_012744515.1	102	EUBELI_RS10375
NC_012782.1	58429	58656	unnamed	minus	MerR family transcriptional regulator		41356787	protein-coding		WP_012744516.1	75	EUBELI_RS10380
NC_012782.1	58697	60376	unnamed	minus	DEAD/DEAH box helicase		41356788	protein-coding		WP_012744517.1	559	EUBELI_RS10385
