Accession	Begin	End	Chromosome	Orientation	Name	Symbol	Gene ID	Gene Type	Transcripts accession	Protein accession	Protein length	Locus tag
NZ_CP042284.1	757	1008	pPDS2-1	plus	hypothetical protein		93521495	protein-coding		WP_004295507.1	83	FQN59_RS00010
NZ_CP042284.1	1005	1280	pPDS2-1	plus	type II toxin-antitoxin system YoeB family toxin		93521496	protein-coding		WP_004327436.1	91	FQN59_RS00015
NZ_CP042284.1	1291	1488	pPDS2-1	plus	hypothetical protein		93521497	protein-coding		WP_004295503.1	65	FQN59_RS00020
NZ_CP042284.1	1681	1980	pPDS2-1	plus	mobilization protein MbpA	mbpA	93525965	protein-coding		WP_004327437.1	99	FQN59_RS22710
NZ_CP042284.1	1977	2771	pPDS2-1	plus	mobilization protein MbpB	mbpB	93521498	protein-coding		WP_007560590.1	264	FQN59_RS00025
NZ_CP042284.1	2728	3180	pPDS2-1	plus	mobilization protein MbpC	mbpC	93521499	protein-coding		WP_004295511.1	150	FQN59_RS00030
NZ_CP042284.1	3200	3430	pPDS2-1	plus	hypothetical protein		93521500	protein-coding		WP_004295510.1	76	FQN59_RS00035
NZ_CP042284.1	3467	344	pPDS2-1	minus	replication initiation protein		93521494	protein-coding		WP_004295509.1	341	FQN59_RS00005
NZ_CP042285.1	445	993		plus	UpxY family transcription antiterminator		93521501	protein-coding		WP_151921227.1	182	FQN59_RS00040
NZ_CP042285.1	1177	1839		plus	hypothetical protein		93525920	protein-coding		WP_249222491.1	220	FQN59_RS22415
NZ_CP042285.1	1895	2332		plus	BT0820 family HAD-type phosphatase		93521502	protein-coding		WP_211737988.1	145	FQN59_RS00050
NZ_CP042285.1	2389	3930		plus	lipopolysaccharide biosynthesis protein		93521503	protein-coding		WP_211737990.1	513	FQN59_RS00055
NZ_CP042285.1	3927	5129		plus	Coenzyme F420 hydrogenase/dehydrogenase, beta subunit C-terminal domain		93521504	protein-coding		WP_211737991.1	400	FQN59_RS00060
NZ_CP042285.1	5126	6274		plus	polysaccharide pyruvyl transferase family protein		93521505	protein-coding		WP_211737993.1	382	FQN59_RS00065
NZ_CP042285.1	6267	7220		plus	glycosyltransferase family 2 protein		93521506	protein-coding		WP_211737995.1	317	FQN59_RS00070
NZ_CP042285.1	7213	8274		plus	acyltransferase family protein		93521507	protein-coding		WP_211737997.1	353	FQN59_RS00075
NZ_CP042285.1	8267	9385		plus	hypothetical protein		93521508	protein-coding		WP_211738000.1	372	FQN59_RS00080
NZ_CP042285.1	9399	10550		plus	UDP-galactopyranose mutase	glf	93521509	protein-coding		WP_211738002.1	383	FQN59_RS00085
NZ_CP042285.1	10543	11577		plus	hypothetical protein		93521510	protein-coding		WP_211738004.1	344	FQN59_RS00090
NZ_CP042285.1	11581	12657		plus	glycosyltransferase family 2 protein		93521511	protein-coding		WP_211738006.1	358	FQN59_RS00095
NZ_CP042285.1	12632	13648		plus	glycosyltransferase family 2 protein		93521512	protein-coding		WP_211738008.1	338	FQN59_RS00100
NZ_CP042285.1	13648	14955		plus	hypothetical protein		93521513	protein-coding		WP_211738010.1	435	FQN59_RS00105
NZ_CP042285.1	14965	15891		plus	capsular polysaccharide synthesis protein		93521514	protein-coding		WP_211738012.1	308	FQN59_RS00110
NZ_CP042285.1	15900	16757		plus	beta-1,6-N-acetylglucosaminyltransferase		93521515	protein-coding		WP_211738014.1	285	FQN59_RS00115
NZ_CP042285.1	16824	17963		plus	glycosyltransferase family 4 protein		93521516	protein-coding		WP_211738016.1	379	FQN59_RS00120
NZ_CP042285.1	17960	19201		plus	glycosyltransferase		93521517	protein-coding		WP_211738018.1	413	FQN59_RS00125
NZ_CP042285.1	19244	20380		plus	glycosyltransferase		93521518	protein-coding		WP_211738019.1	378	FQN59_RS00130
NZ_CP042285.1	20380	21015		plus	sugar transferase		93521519	protein-coding		WP_249222560.1	211	FQN59_RS00135
NZ_CP042285.1	21022	21330		plus	PqqD family protein		93521520	protein-coding		WP_211738021.1	102	FQN59_RS00140
NZ_CP042285.1	21392	22495		plus	nucleotidyltransferase domain-containing protein		93521521	protein-coding		WP_249222492.1	367	FQN59_RS00145
NZ_CP042285.1	22492	23394		plus	phosphoenolpyruvate carboxykinase		93521522	protein-coding		WP_211738022.1	300	FQN59_RS00150
NZ_CP042285.1	23391	24179		plus	polysaccharide biosynthesis/export family protein		93521523	protein-coding		WP_211738023.1	262	FQN59_RS00155
NZ_CP042285.1	24199	26550		plus	GumC family protein		93521524	protein-coding		WP_211738025.1	783	FQN59_RS00160
NZ_CP042285.1	26579	26758		plus	hypothetical protein		93521525	protein-coding		WP_211738027.1	59	FQN59_RS00165
NZ_CP042285.1	26777	30034		plus	DUF4906 domain-containing protein		93521526	protein-coding		WP_211738029.1	1085	FQN59_RS00170
NZ_CP042285.1	30056	32203		plus	hypothetical protein		93521527	protein-coding		WP_211738031.1	715	FQN59_RS00175
NZ_CP042285.1	32241	34838		plus	CotH kinase family protein		93521528	protein-coding		WP_211738033.1	865	FQN59_RS00180
NZ_CP042285.1	34893	36101		plus	OmpA family protein		93521529	protein-coding		WP_211738035.1	402	FQN59_RS00185
NZ_CP042285.1	36638	37120		plus	S24/S26 family peptidase		93521530	protein-coding		WP_211738037.1	160	FQN59_RS00190
NZ_CP042285.1	37129	38820		plus	ABC transporter ATP-binding protein		93521531	protein-coding		WP_211738039.1	563	FQN59_RS00195
NZ_CP042285.1	38804	40276		plus	helix-turn-helix domain-containing protein		93521532	protein-coding		WP_249222493.1	490	FQN59_RS00200
NZ_CP042285.1	40350	41690		plus	sugar phosphate nucleotidyltransferase		93521533	protein-coding		WP_211738041.1	446	FQN59_RS00205
NZ_CP042285.1	41717	42100		plus	hypothetical protein		93521534	protein-coding		WP_130085247.1	127	FQN59_RS00210
NZ_CP042285.1	42643	43032		minus	uncharacterized gene		93521535	pseudogene				FQN59_RS00215
NZ_CP042285.1	43041	43406		minus	BlaI/MecI/CopY family transcriptional regulator		93521536	protein-coding		WP_005857360.1	121	FQN59_RS00220
NZ_CP042285.1	43567	44022		minus	hypothetical protein		93521537	protein-coding		WP_005857362.1	151	FQN59_RS00225
NZ_CP042285.1	44077	45897		minus	V-type ATP synthase subunit I		93521538	protein-coding		WP_057319466.1	606	FQN59_RS00230
NZ_CP042285.1	45894	46517		minus	V-type ATP synthase subunit D		93521539	protein-coding		WP_005857366.1	207	FQN59_RS00235
NZ_CP042285.1	46529	47845		minus	V-type ATP synthase subunit B		93521540	protein-coding		WP_057319468.1	438	FQN59_RS00240
NZ_CP042285.1	47853	49610		minus	V-type ATP synthase subunit A		93521541	protein-coding		WP_008772320.1	585	FQN59_RS00245
NZ_CP042285.1	49614	50492		minus	DUF2764 domain-containing protein		93521542	protein-coding		WP_005862767.1	292	FQN59_RS00250
NZ_CP042285.1	50494	51084		minus	hypothetical protein		93521543	protein-coding		WP_005857375.1	196	FQN59_RS00255
NZ_CP042285.1	51281	51787		plus	GNAT family N-acetyltransferase		93521544	protein-coding		WP_005862768.1	168	FQN59_RS00260
NZ_CP042285.1	51839	51991		minus	hypothetical protein		93521545	protein-coding		WP_005857379.1	50	FQN59_RS00265
NZ_CP042285.1	52025	52939		minus	uncharacterized gene		93521546	pseudogene				FQN59_RS00270
NZ_CP042285.1	52972	54198		minus	MFS transporter		93521547	protein-coding		WP_211738043.1	408	FQN59_RS00275
NZ_CP042285.1	54421	55860		plus	glutamate decarboxylase		93521548	protein-coding		WP_005857385.1	479	FQN59_RS00280
NZ_CP042285.1	55936	56901		plus	glutaminase A	glsA	93521549	protein-coding		WP_005857387.1	321	FQN59_RS00285
NZ_CP042285.1	57012	57995		minus	lytic transglycosylase domain-containing protein		93521550	protein-coding		WP_005857389.1	327	FQN59_RS00290
NZ_CP042285.1	57970	59313		minus	gliding motility-associated C-terminal domain-containing protein		93521551	protein-coding		WP_211738045.1	447	FQN59_RS00295
NZ_CP042285.1	59418	61226		plus	LysM peptidoglycan-binding domain-containing protein		93521552	protein-coding		WP_121961373.1	602	FQN59_RS00300
NZ_CP042285.1	61232	61909		plus	porin family protein		93521553	protein-coding		WP_416389585.1	225	FQN59_RS00305
NZ_CP042285.1	62518	63147		plus	uridine kinase	udk	93521554	protein-coding		WP_005857397.1	209	FQN59_RS00310
NZ_CP042285.1	63104	64453		minus	cobyrinate a,c-diamide synthase		93521555	protein-coding		WP_211738047.1	449	FQN59_RS00315
NZ_CP042285.1	64594	66000		plus	phosphatase PAP2 family protein		93521556	protein-coding		WP_211738050.1	468	FQN59_RS00320
NZ_CP042285.1	66010	66831		minus	3-methyl-2-oxobutanoate hydroxymethyltransferase	panB	93521557	protein-coding		WP_005857401.1	273	FQN59_RS00325
NZ_CP042285.1	66877	67323		minus	cold-shock protein		93521558	protein-coding		WP_005857403.1	148	FQN59_RS00330
NZ_CP042285.1	67569	68147		plus	3'-5' exonuclease		93521559	protein-coding		WP_005857406.1	192	FQN59_RS00335
NZ_CP042285.1	68225	69217		plus	N-acetylmuramoyl-L-alanine amidase		93521560	protein-coding		WP_044546801.1	330	FQN59_RS00340
NZ_CP042285.1	69398	70084		plus	response regulator transcription factor		93521561	protein-coding		WP_005862778.1	228	FQN59_RS00345
NZ_CP042285.1	70099	71868		plus	sensor histidine kinase		93521562	protein-coding		WP_022191968.1	589	FQN59_RS00350
NZ_CP042285.1	71949	74018		plus	sensor histidine kinase		93521563	protein-coding		WP_121962098.1	689	FQN59_RS00355
NZ_CP042285.1	74013	74777		minus	LytR/AlgR family response regulator transcription factor		93521564	protein-coding		WP_009017290.1	254	FQN59_RS00360
NZ_CP042285.1	74774	75835		minus	sensor histidine kinase		93521565	protein-coding		WP_005857415.1	353	FQN59_RS00365
NZ_CP042285.1	75832	76758		minus	efflux RND transporter periplasmic adaptor subunit		93521566	protein-coding		WP_048928420.1	308	FQN59_RS00370
NZ_CP042285.1	76777	81087		minus	CusA/CzcA family heavy metal efflux RND transporter		93521567	protein-coding		WP_211738052.1	1436	FQN59_RS00375
NZ_CP042285.1	81302	82195		minus	4-hydroxy-tetrahydrodipicolinate synthase	dapA	93521568	protein-coding		WP_005857419.1	297	FQN59_RS00380
NZ_CP042285.1	82248	82769		minus	DUF6913 domain-containing protein		93521569	protein-coding		WP_005857421.1	173	FQN59_RS00385
NZ_CP042285.1	82770	84764		minus	NAD-dependent DNA ligase LigA	ligA	93521570	protein-coding		WP_005857423.1	664	FQN59_RS00390
NZ_CP042285.1	84766	85749		minus	PCMD domain-containing protein		93521571	protein-coding		WP_008772341.1	327	FQN59_RS00395
NZ_CP042285.1	85786	86889		minus	sulfotransferase family protein		93521572	protein-coding		WP_022191973.1	367	FQN59_RS00400
NZ_CP042285.1	86893	88335		minus	sulfate adenylyltransferase subunit CysN	cysN	93521573	protein-coding		WP_005857430.1	480	FQN59_RS00405
NZ_CP042285.1	88348	89256		minus	sulfate adenylyltransferase subunit CysD	cysD	93521574	protein-coding		WP_005857432.1	302	FQN59_RS00410
NZ_CP042285.1	89265	89876		minus	adenylyl-sulfate kinase	cysC	93521575	protein-coding		WP_005862790.1	203	FQN59_RS00415
NZ_CP042285.1	89864	91417		minus	SLC13 family permease		93521576	protein-coding		WP_211738054.1	517	FQN59_RS00420
NZ_CP042285.1	91664	92473		minus	3'(2'),5'-bisphosphate nucleotidase CysQ	cysQ	93521577	protein-coding		WP_036612678.1	269	FQN59_RS00425
NZ_CP042285.1	92526	93821		minus	TolC family protein		93521578	protein-coding		WP_211738056.1	431	FQN59_RS00430
NZ_CP042285.1	93864	96944		minus	efflux RND transporter permease subunit		93521579	protein-coding		WP_211738058.1	1026	FQN59_RS00435
NZ_CP042285.1	96941	97972		minus	efflux RND transporter periplasmic adaptor subunit		93521580	protein-coding		WP_008779760.1	343	FQN59_RS00440
NZ_CP042285.1	98118	98996		plus	helix-turn-helix domain-containing protein		93521581	protein-coding		WP_122379986.1	292	FQN59_RS00445
NZ_CP042285.1	99030	99935		minus	glycyl-radical enzyme activating protein		93521582	protein-coding		WP_211738060.1	301	FQN59_RS00450
NZ_CP042285.1	99939	102371		minus	trans-4-hydroxy-L-proline dehydratase	hypD	93521583	protein-coding		WP_211738062.1	810	FQN59_RS00455
NZ_CP042285.1	102717	105164		plus	ABC transporter permease		93521584	protein-coding		WP_211738064.1	815	FQN59_RS00460
NZ_CP042285.1	105239	106786		minus	D-xylose transporter XylE	xylE	93521585	protein-coding		WP_211738066.1	515	FQN59_RS00465
NZ_CP042285.1	106883	108211		minus	xylose isomerase	xylA	93521586	protein-coding		WP_211738068.1	442	FQN59_RS00470
NZ_CP042285.1	108247	109731		minus	xylulokinase		93521587	protein-coding		WP_008779753.1	494	FQN59_RS00475
NZ_CP042285.1	109744	110484		minus	NUDIX hydrolase		93521588	protein-coding		WP_005862814.1	246	FQN59_RS00480
NZ_CP042285.1	110725	112545		plus	TrkH family potassium uptake protein		93521589	protein-coding		WP_005857461.1	606	FQN59_RS00485
NZ_CP042285.1	112558	113244		plus	potassium channel family protein		93521590	protein-coding		WP_008772362.1	228	FQN59_RS00490
NZ_CP042285.1	113314	114195		minus	aldose 1-epimerase family protein		93521591	protein-coding		WP_211738070.1	293	FQN59_RS00495
NZ_CP042285.1	114199	114978		minus	hypothetical protein		93521592	protein-coding		WP_211738072.1	259	FQN59_RS00500
NZ_CP042285.1	115215	116147		plus	DUF362 domain-containing protein		93521593	protein-coding		WP_211738074.1	310	FQN59_RS00505
NZ_CP042285.1	116154	117752		plus	4Fe-4S dicluster domain-containing protein		93521594	protein-coding		WP_211738077.1	532	FQN59_RS00510
NZ_CP042285.1	117789	118919		plus	tRNA guanosine(34) transglycosylase Tgt	tgt	93521595	protein-coding		WP_005857473.1	376	FQN59_RS00515
NZ_CP042285.1	118932	120017		plus	LptF/LptG family permease		93521596	protein-coding		WP_005857475.1	361	FQN59_RS00520
NZ_CP042285.1	120109	121113		minus	DUF4925 domain-containing protein		93521597	protein-coding		WP_122297265.1	334	FQN59_RS00525
NZ_CP042285.1	121277	121666		plus	putative quinol monooxygenase		93521598	protein-coding		WP_048928253.1	129	FQN59_RS00530
NZ_CP042285.1	121740	123065		minus	PhoH family protein		93521599	protein-coding		WP_005857480.1	441	FQN59_RS00535
NZ_CP042285.1	123233	123844		plus	MarC family protein		93521600	protein-coding		WP_005857556.1	203	FQN59_RS00540
NZ_CP042285.1	123921	126287		minus	outer membrane beta-barrel family protein		93521601	protein-coding		WP_048928251.1	788	FQN59_RS00545
NZ_CP042285.1	126471	126551		plus	uncharacterized gene		93525977	pseudogene				FQN59_RS22770
NZ_CP042285.1	126847	127728		plus	helix-turn-helix domain-containing protein		93521602	protein-coding		WP_005862871.1	293	FQN59_RS00550
NZ_CP042285.1	127824	130205		plus	hybrid sensor histidine kinase/response regulator		93521603	protein-coding		WP_121960740.1	793	FQN59_RS00555
NZ_CP042285.1	130289	131809		plus	sensor histidine kinase		93521604	protein-coding		WP_008779740.1	506	FQN59_RS00560
NZ_CP042285.1	131834	132517		plus	response regulator transcription factor		93521605	protein-coding		WP_005862877.1	227	FQN59_RS00565
NZ_CP042285.1	132507	132764		minus	TIGR03905 family TSCPD domain-containing protein		93521606	protein-coding		WP_005862879.1	85	FQN59_RS00570
NZ_CP042285.1	132848	134164		plus	bifunctional folylpolyglutamate synthase/dihydrofolate synthase		93521607	protein-coding		WP_122377451.1	438	FQN59_RS00575
NZ_CP042285.1	134188	135603		plus	MFS transporter		93521608	protein-coding		WP_005862883.1	471	FQN59_RS00580
NZ_CP042285.1	136459	136845		plus	helix-turn-helix domain-containing protein		93521609	protein-coding		WP_005857583.1	128	FQN59_RS00585
NZ_CP042285.1	137478	138731		plus	DIP1984 family protein		93525978	protein-coding		WP_306439183.1	417	FQN59_RS22775
NZ_CP042285.1	139119	139934		plus	4-(cytidine 5'-diphospho)-2-C-methyl-D-erythritol kinase	ispE	93521610	protein-coding		WP_048928247.1	271	FQN59_RS00595
NZ_CP042285.1	139931	140512		plus	class I SAM-dependent methyltransferase		93521611	protein-coding		WP_048928246.1	193	FQN59_RS00600
NZ_CP042285.1	140524	143016		plus	S9 family peptidase		93521612	protein-coding		WP_121960743.1	830	FQN59_RS00605
NZ_CP042285.1	143215	143604		plus	putative quinol monooxygenase		93521613	protein-coding		WP_211738078.1	129	FQN59_RS00610
NZ_CP042285.1	143689	144690		minus	malate dehydrogenase		93521614	protein-coding		WP_005862899.1	333	FQN59_RS00615
NZ_CP042285.1	144845	146695		plus	YgiQ family radical SAM protein		93521615	protein-coding		WP_121960744.1	616	FQN59_RS00620
NZ_CP042285.1	146822	147202		minus	RidA family protein		93521616	protein-coding		WP_005862903.1	126	FQN59_RS00625
NZ_CP042285.1	147230	147976		minus	23S rRNA (guanosine(2251)-2'-O)-methyltransferase RlmB	rlmB	93521617	protein-coding		WP_036628747.1	248	FQN59_RS00630
NZ_CP042285.1	148026	148616		minus	thymidine kinase		93521618	protein-coding		WP_005857603.1	196	FQN59_RS00635
NZ_CP042285.1	148900	149940		plus	efflux RND transporter periplasmic adaptor subunit		93521619	protein-coding		WP_008772386.1	346	FQN59_RS00640
NZ_CP042285.1	149946	152987		plus	efflux RND transporter permease subunit		93521620	protein-coding		WP_211738079.1	1013	FQN59_RS00645
NZ_CP042285.1	152997	154307		plus	TolC family protein		93521621	protein-coding		WP_211738081.1	436	FQN59_RS00650
NZ_CP042285.1	154311	155351		plus	sensor histidine kinase		93521622	protein-coding		WP_057326448.1	346	FQN59_RS00655
NZ_CP042285.1	155344	156123		plus	LytR/AlgR family response regulator transcription factor		93521623	protein-coding		WP_044544953.1	259	FQN59_RS00660
NZ_CP042285.1	156120	156638		minus	hypothetical protein		93521624	protein-coding		WP_232285140.1	172	FQN59_RS00665
NZ_CP042285.1	156828	158492		minus	DNA repair protein RecN	recN	93521625	protein-coding		WP_005857617.1	554	FQN59_RS00670
NZ_CP042285.1	158500	159411		minus	DUF4835 family protein		93521626	protein-coding		WP_008772391.1	303	FQN59_RS00675
NZ_CP042285.1	159408	160613		minus	bifunctional phosphopantothenoylcysteine decarboxylase/phosphopantothenate--cysteine ligase CoaBC	coaBC	93521627	protein-coding		WP_121960846.1	401	FQN59_RS00680
NZ_CP042285.1	160663	161814		minus	iron-containing alcohol dehydrogenase		93521628	protein-coding		WP_211738083.1	383	FQN59_RS00685
NZ_CP042285.1	161819	162589		minus	3'-5' exonuclease		93521629	protein-coding		WP_005857624.1	256	FQN59_RS00690
NZ_CP042285.1	162600	163724		minus	DNA polymerase III subunit beta	dnaN	93521630	protein-coding		WP_005857626.1	374	FQN59_RS00695
NZ_CP042285.1	163944	164096		minus	DUF4295 domain-containing protein		93521631	protein-coding		WP_005638125.1	50	FQN59_RS00700
NZ_CP042285.1	164113	164301		minus	50S ribosomal protein L33	rpmG	93521632	protein-coding		WP_005857628.1	62	FQN59_RS00705
NZ_CP042285.1	164321	164560		minus	50S ribosomal protein L28	rpmB	93521633	protein-coding		WP_005857630.1	79	FQN59_RS00710
NZ_CP042285.1	164795	165397		plus	nitroreductase family protein		93521634	protein-coding		WP_036615787.1	200	FQN59_RS00715
NZ_CP042285.1	165412	166761		plus	dihydrolipoyl dehydrogenase	lpdA	93521635	protein-coding		WP_122297278.1	449	FQN59_RS00720
NZ_CP042285.1	166790	167533		plus	lipoate--protein ligase family protein		93521636	protein-coding		WP_122268214.1	247	FQN59_RS00725
NZ_CP042285.1	167638	168972		plus	dihydrolipoamide acetyltransferase family protein		93521637	protein-coding		WP_036630459.1	444	FQN59_RS00730
NZ_CP042285.1	168996	171029		plus	alpha-ketoacid dehydrogenase subunit alpha/beta		93521638	protein-coding		WP_005862955.1	677	FQN59_RS00735
NZ_CP042285.1	171063	171566		plus	flavodoxin		93521639	protein-coding		WP_005857641.1	167	FQN59_RS00740
NZ_CP042285.1	171891	172331		plus	MarR family winged helix-turn-helix transcriptional regulator		93521640	protein-coding		WP_211738085.1	146	FQN59_RS00745
NZ_CP042285.1	172312	173631		plus	TolC family protein		93521641	protein-coding		WP_048928238.1	439	FQN59_RS00750
NZ_CP042285.1	173647	174717		plus	HlyD family secretion protein		93521642	protein-coding		WP_196009710.1	356	FQN59_RS00755
NZ_CP042285.1	174714	176318		plus	MFS transporter		93521643	protein-coding		WP_211738087.1	534	FQN59_RS00760
NZ_CP042285.1	176483	178537		plus	molecular chaperone HtpG	htpG	93521644	protein-coding		WP_008779719.1	684	FQN59_RS00765
NZ_CP042285.1	178595	178918		minus	thioredoxin family protein		93521645	protein-coding		WP_005862963.1	107	FQN59_RS00770
NZ_CP042285.1	179031	181349		plus	patatin-like phospholipase family protein		93521646	protein-coding		WP_008772403.1	772	FQN59_RS00775
NZ_CP042285.1	181426	181502		plus	tRNA-Arg		93521647	tRNA				FQN59_RS00780
NZ_CP042285.1	181530	181603		plus	tRNA-Arg		93521648	tRNA				FQN59_RS00785
NZ_CP042285.1	181632	181705		plus	tRNA-Arg		93521649	tRNA				FQN59_RS00790
NZ_CP042285.1	181845	183305		plus	ammonia-forming cytochrome c nitrite reductase	nrfA	93521650	protein-coding		WP_005862965.1	486	FQN59_RS00795
NZ_CP042285.1	183302	185617		minus	sensor histidine kinase		93521651	protein-coding		WP_211738089.1	771	FQN59_RS00800
NZ_CP042285.1	185718	186179		plus	hypothetical protein		93521652	protein-coding		WP_008772406.1	153	FQN59_RS00805
NZ_CP042285.1	186277	187548		plus	phosphoglycerate kinase		93521653	protein-coding		WP_005862970.1	423	FQN59_RS00810
NZ_CP042285.1	187639	189636		minus	type I pullulanase	pulA	93521654	protein-coding		WP_211738091.1	665	FQN59_RS00815
NZ_CP042285.1	189766	191283		minus	replicative DNA helicase	dnaB	93521655	protein-coding		WP_008772408.1	505	FQN59_RS00820
NZ_CP042285.1	191374	192561		plus	immunoglobulin-like domain-containing protein		93521656	protein-coding		WP_211738093.1	395	FQN59_RS00825
NZ_CP042285.1	192887	193813		plus	magnesium transporter CorA family protein		93521657	protein-coding		WP_211738095.1	308	FQN59_RS00830
NZ_CP042285.1	193907	196150		minus	GH92 family glycosyl hydrolase		93521658	protein-coding		WP_005862979.1	747	FQN59_RS00835
NZ_CP042285.1	196191	198368		minus	glycoside hydrolase family 20 protein		93521659	protein-coding		WP_005862981.1	725	FQN59_RS00840
NZ_CP042285.1	198496	198741		minus	RNA recognition motif domain-containing protein		93521660	protein-coding		WP_005862983.1	81	FQN59_RS00845
NZ_CP042285.1	199346	199690		minus	50S ribosomal protein L20	rplT	93521661	protein-coding		WP_005857682.1	114	FQN59_RS00850
NZ_CP042285.1	199797	199994		minus	50S ribosomal protein L35	rpmI	93521662	protein-coding		WP_005857684.1	65	FQN59_RS00855
NZ_CP042285.1	200050	200676		minus	translation initiation factor IF-3	infC	93521663	protein-coding		WP_005862985.1	208	FQN59_RS00860
NZ_CP042285.1	200717	202666		minus	threonine--tRNA ligase	thrS	93521664	protein-coding		WP_005862987.1	649	FQN59_RS00865
NZ_CP042285.1	202757	204880		minus	tetratricopeptide repeat protein		93521665	protein-coding		WP_036650911.1	707	FQN59_RS00870
NZ_CP042285.1	204922	205254		minus	acetyl-CoA carboxylase biotin carboxyl carrier protein subunit		93521666	protein-coding		WP_005862991.1	110	FQN59_RS00875
NZ_CP042285.1	205267	206814		minus	acyl-CoA carboxylase subunit beta		93521667	protein-coding		WP_005857693.1	515	FQN59_RS00880
NZ_CP042285.1	206835	207392		minus	peptide deformylase	def	93521668	protein-coding		WP_211738097.1	185	FQN59_RS00885
NZ_CP042285.1	207396	207818		minus	Holliday junction resolvase RuvX	ruvX	93521669	protein-coding		WP_008772415.1	140	FQN59_RS00890
NZ_CP042285.1	207888	209285		minus	undecaprenyl-phosphate glucose phosphotransferase		93521670	protein-coding		WP_211738099.1	465	FQN59_RS00895
NZ_CP042285.1	209383	210528		minus	OmpA family protein		93521671	protein-coding		WP_122144217.1	381	FQN59_RS00900
NZ_CP042285.1	210636	211787		minus	GDP-mannose 4,6-dehydratase	gmd	93521672	protein-coding		WP_005862995.1	383	FQN59_RS00905
NZ_CP042285.1	211813	212889		minus	GDP-L-fucose synthase family protein		93521673	protein-coding		WP_121772607.1	358	FQN59_RS00910
NZ_CP042285.1	212915	213790		minus	glucose-1-phosphate thymidylyltransferase RfbA	rfbA	93521674	protein-coding		WP_005863000.1	291	FQN59_RS00915
NZ_CP042285.1	213879	214403		minus	nucleoside 2-deoxyribosyltransferase domain-containing protein		93521675	protein-coding		WP_005857710.1	174	FQN59_RS00920
NZ_CP042285.1	214653	215354		minus	6-phosphogluconolactonase	pgl	93521676	protein-coding		WP_196008767.1	233	FQN59_RS00925
NZ_CP042285.1	215359	216825		minus	glucose-6-phosphate dehydrogenase	zwf	93521677	protein-coding		WP_005857714.1	488	FQN59_RS00930
NZ_CP042285.1	216830	218290		minus	decarboxylating NADP(+)-dependent phosphogluconate dehydrogenase	gnd	93521678	protein-coding		WP_005863005.1	486	FQN59_RS00935
NZ_CP042285.1	218301	219680		minus	FAD-dependent oxidoreductase		93521679	protein-coding		WP_008772423.1	459	FQN59_RS00940
NZ_CP042285.1	220057	220974		plus	DUF2156 domain-containing protein		93521680	protein-coding		WP_008772425.1	305	FQN59_RS00945
NZ_CP042285.1	220978	221940		plus	GNAT family N-acetyltransferase		93521681	protein-coding		WP_211738101.1	320	FQN59_RS00950
NZ_CP042285.1	222008	224251		minus	LruC domain-containing protein		93521682	protein-coding		WP_121961210.1	747	FQN59_RS00955
NZ_CP042285.1	225175	226494		minus	sigma-54-dependent transcriptional regulator		93521683	protein-coding		WP_121962061.1	439	FQN59_RS00960
NZ_CP042285.1	226545	227717		minus	DUF418 domain-containing protein		93521684	protein-coding		WP_211738103.1	390	FQN59_RS00965
NZ_CP042285.1	228088	230574		minus	ATP-binding protein		93521685	protein-coding		WP_211738105.1	828	FQN59_RS00970
NZ_CP042285.1	230592	232311		minus	uncharacterized gene		93521686	pseudogene				FQN59_RS00975
NZ_CP042285.1	232448	234124		minus	alanine/glycine:cation symporter family protein		93521687	protein-coding		WP_197735326.1	558	FQN59_RS00980
NZ_CP042285.1	234274	234615		minus	hypothetical protein		93521688	protein-coding		WP_044544864.1	113	FQN59_RS00985
NZ_CP042285.1	234735	235733		minus	glycoside hydrolase family 130 protein		93521689	protein-coding		WP_005857736.1	332	FQN59_RS00990
NZ_CP042285.1	235753	237072		minus	MFS transporter		93521690	protein-coding		WP_057319652.1	439	FQN59_RS00995
NZ_CP042285.1	237125	238009		minus	hypothetical protein		93521691	protein-coding		WP_008772435.1	294	FQN59_RS01000
NZ_CP042285.1	238157	239029		minus	3-hydroxy-5-phosphonooxypentane-2,4-dione thiolase	lsrF	93521692	protein-coding		WP_022192624.1	290	FQN59_RS01005
NZ_CP042285.1	239099	239713		minus	DAK2 domain-containing protein		93521693	protein-coding		WP_008772437.1	204	FQN59_RS01010
NZ_CP042285.1	239723	240739		minus	dihydroxyacetone kinase subunit DhaK		93521694	protein-coding		WP_008772438.1	338	FQN59_RS01015
NZ_CP042285.1	240781	241095		minus	hypothetical protein		93521695	protein-coding		WP_005857750.1	104	FQN59_RS01020
NZ_CP042285.1	241114	243561		minus	cytochrome c biogenesis protein CcsA	ccsA	93521696	protein-coding		WP_022192621.1	815	FQN59_RS01025
NZ_CP042285.1	243678	247664		minus	SUMF1/EgtB/PvdO family nonheme iron enzyme		93521697	protein-coding		WP_249222496.1	1328	FQN59_RS01030
NZ_CP042285.1	247775	248533		minus	hypothetical protein		93521698	protein-coding		WP_008779695.1	252	FQN59_RS01035
NZ_CP042285.1	248568	249662		minus	endoribonuclease L-PSP superfamily		93521699	protein-coding		WP_008779694.1	364	FQN59_RS01040
NZ_CP042285.1	249674	251449		minus	YncE family protein		93521700	protein-coding		WP_057326471.1	591	FQN59_RS01045
NZ_CP042285.1	251467	252264		minus	IclR family transcriptional regulator		93521701	protein-coding		WP_211738109.1	265	FQN59_RS01050
NZ_CP042285.1	252430	252918		minus	Dps family protein		93521702	protein-coding		WP_008772444.1	162	FQN59_RS01055
NZ_CP042285.1	253073	253756		minus	outer membrane beta-barrel protein		93521703	protein-coding		WP_034531327.1	227	FQN59_RS01060
NZ_CP042285.1	253892	254380		minus	Dps family protein		93521704	protein-coding		WP_005863058.1	162	FQN59_RS01065
NZ_CP042285.1	254862	258224		plus	transcription-repair coupling factor	mfd	93521705	protein-coding		WP_211738952.1	1120	FQN59_RS01070
NZ_CP042285.1	258252	260153		plus	AMP-dependent synthetase/ligase		93521706	protein-coding		WP_121961204.1	633	FQN59_RS01075
NZ_CP042285.1	260178	260333		plus	hypothetical protein		93521707	protein-coding		WP_162613644.1	51	FQN59_RS01080
NZ_CP042285.1	260722	261549		plus	DUF6261 family protein		93521708	protein-coding		WP_122144204.1	275	FQN59_RS01085
NZ_CP042285.1	261729	264317		plus	DUF5686 and carboxypeptidase-like regulatory domain-containing protein		93521709	protein-coding		WP_211738112.1	862	FQN59_RS01090
NZ_CP042285.1	264374	265669		plus	Na+/H+ antiporter NhaC family protein		93521710	protein-coding		WP_195603060.1	431	FQN59_RS01095
NZ_CP042285.1	265726	265968		plus	hypothetical protein		93521711	protein-coding		WP_211738114.1	80	FQN59_RS01100
NZ_CP042285.1	266234	267202		minus	hypothetical protein		93521712	protein-coding		WP_122378559.1	322	FQN59_RS01105
NZ_CP042285.1	267209	267751		minus	ferredoxin domain-containing protein		93521713	protein-coding		WP_005863072.1	180	FQN59_RS01110
NZ_CP042285.1	267823	269937		minus	KamA family radical SAM protein		93521714	protein-coding		WP_009017227.1	704	FQN59_RS01115
NZ_CP042285.1	270061	270456		minus	response regulator		93521715	protein-coding		WP_005863076.1	131	FQN59_RS01120
NZ_CP042285.1	270588	272471		minus	TonB-dependent receptor plug domain-containing protein		93521716	protein-coding		WP_211738116.1	627	FQN59_RS01125
NZ_CP042285.1	272564	272965		minus	nickel-responsive transcriptional regulator NikR	nikR	93521717	protein-coding		WP_005857797.1	133	FQN59_RS01130
NZ_CP042285.1	273055	274650		minus	SusD/RagB family nutrient-binding outer membrane lipoprotein		93521718	protein-coding		WP_211738118.1	531	FQN59_RS01135
NZ_CP042285.1	274655	277960		minus	SusC/RagA family TonB-linked outer membrane protein		93521719	protein-coding		WP_158532514.1	1101	FQN59_RS01140
NZ_CP042285.1	278133	279797		minus	SusD/RagB family nutrient-binding outer membrane lipoprotein		93521720	protein-coding		WP_005863085.1	554	FQN59_RS01145
NZ_CP042285.1	279827	283009		minus	SusC/RagA family TonB-linked outer membrane protein		93521721	protein-coding		WP_249222497.1	1060	FQN59_RS01150
NZ_CP042285.1	283175	284194		minus	FecR family protein		93521722	protein-coding		WP_005863089.1	339	FQN59_RS01155
NZ_CP042285.1	284355	284723		plus	DUF488 domain-containing protein		93521723	protein-coding		WP_121772484.1	122	FQN59_RS01160
NZ_CP042285.1	284738	285484		plus	2,3-diphosphoglycerate-dependent phosphoglycerate mutase	gpmA	93521724	protein-coding		WP_048928687.1	248	FQN59_RS01165
NZ_CP042285.1	285551	286123		plus	RNA polymerase sigma-70 factor		93521725	protein-coding		WP_057326480.1	190	FQN59_RS01170
NZ_CP042285.1	286174	287109		minus	sugar phosphate isomerase/epimerase family protein		93521726	protein-coding		WP_005857832.1	311	FQN59_RS01175
NZ_CP042285.1	287229	288662		minus	aspartate ammonia-lyase		93521727	protein-coding		WP_005863095.1	477	FQN59_RS01180
NZ_CP042285.1	289114	290298		plus	tryptophan synthase subunit beta	trpB	93521728	protein-coding		WP_195600289.1	394	FQN59_RS01185
NZ_CP042285.1	290295	291698		plus	anthranilate synthase component I family protein		93521729	protein-coding		WP_211738120.1	467	FQN59_RS01190
NZ_CP042285.1	291821	292387		plus	anthranilate synthase component II		93521730	protein-coding		WP_048928685.1	188	FQN59_RS01195
NZ_CP042285.1	292557	293555		plus	anthranilate phosphoribosyltransferase	trpD	93521731	protein-coding		WP_048928684.1	332	FQN59_RS01200
NZ_CP042285.1	293569	294363		plus	indole-3-glycerol phosphate synthase TrpC	trpC	93521732	protein-coding		WP_048928683.1	264	FQN59_RS01205
NZ_CP042285.1	294360	295073		plus	phosphoribosylanthranilate isomerase		93521733	protein-coding		WP_044544558.1	237	FQN59_RS01210
NZ_CP042285.1	295099	295872		plus	tryptophan synthase subunit alpha	trpA	93521734	protein-coding		WP_057329589.1	257	FQN59_RS01215
NZ_CP042285.1	295915	297057		plus	iron-containing alcohol dehydrogenase		93521735	protein-coding		WP_048928681.1	380	FQN59_RS01220
NZ_CP042285.1	297116	297694		minus	LutC/YkgG family protein		93521736	protein-coding		WP_009017215.1	192	FQN59_RS01225
NZ_CP042285.1	297694	299061		minus	lactate utilization protein B		93521737	protein-coding		WP_211738122.1	455	FQN59_RS01230
NZ_CP042285.1	299058	299798		minus	(Fe-S)-binding protein		93521738	protein-coding		WP_158533055.1	246	FQN59_RS01235
NZ_CP042285.1	299858	300439		minus	Crp/Fnr family transcriptional regulator		93521739	protein-coding		WP_005857857.1	193	FQN59_RS01240
NZ_CP042285.1	300512	303739		minus	carbamoyl-phosphate synthase (glutamine-hydrolyzing) large subunit	carB	93521740	protein-coding		WP_005857859.1	1075	FQN59_RS01245
NZ_CP042285.1	303858	305039		minus	glutamine-hydrolyzing carbamoyl-phosphate synthase small subunit	carA	93521741	protein-coding		WP_005857861.1	393	FQN59_RS01250
NZ_CP042285.1	305036	306922		minus	amidophosphoribosyltransferase		93521742	protein-coding		WP_005857863.1	628	FQN59_RS01255
NZ_CP042285.1	307273	308433		plus	ATP-binding protein		93521743	protein-coding		WP_005857865.1	386	FQN59_RS01260
NZ_CP042285.1	308550	309605		minus	mannose-1-phosphate guanylyltransferase		93521744	protein-coding		WP_005857867.1	351	FQN59_RS01265
NZ_CP042285.1	309640	310392		minus	glycosyltransferase family 2 protein		93521745	protein-coding		WP_005857869.1	250	FQN59_RS01270
NZ_CP042285.1	310472	311413		minus	GDP-L-fucose synthase family protein		93521746	protein-coding		WP_005857870.1	313	FQN59_RS01275
NZ_CP042285.1	311415	312509		minus	GDP-mannose 4,6-dehydratase	gmd	93521747	protein-coding		WP_005857872.1	364	FQN59_RS01280
NZ_CP042285.1	312565	313464		minus	alpha-1,2-fucosyltransferase		93521748	protein-coding		WP_036628956.1	299	FQN59_RS01285
NZ_CP042285.1	313510	314574		minus	glycosyltransferase		93521749	protein-coding		WP_005857876.1	354	FQN59_RS01290
NZ_CP042285.1	314636	315205		minus	SIS domain-containing protein		93521750	protein-coding		WP_005857878.1	189	FQN59_RS01295
NZ_CP042285.1	315207	316196		minus	GHMP kinase		93521751	protein-coding		WP_005857880.1	329	FQN59_RS01300
NZ_CP042285.1	316211	317461		minus	HAD-IIIA family hydrolase		93521752	protein-coding		WP_005857883.1	416	FQN59_RS01305
NZ_CP042285.1	317458	318393		minus	NAD-dependent epimerase/dehydratase family protein		93521753	protein-coding		WP_005857885.1	311	FQN59_RS01310
NZ_CP042285.1	318390	319373		minus	glycosyltransferase		93521754	protein-coding		WP_005857887.1	327	FQN59_RS01315
NZ_CP042285.1	319418	320614		minus	O-antigen ligase family protein		93521755	protein-coding		WP_005857890.1	398	FQN59_RS01320
NZ_CP042285.1	320741	321526		minus	glycosyltransferase family 32 protein		93521756	protein-coding		WP_005857892.1	261	FQN59_RS01325
NZ_CP042285.1	321534	322685		minus	non-hydrolyzing UDP-N-acetylglucosamine 2-epimerase	wecB	93521757	protein-coding		WP_211738124.1	383	FQN59_RS01330
NZ_CP042285.1	322717	323031		minus	serine O-acetyltransferase		93521758	protein-coding		WP_198285346.1	104	FQN59_RS01335
NZ_CP042285.1	323280	324455		minus	Coenzyme F420 hydrogenase/dehydrogenase, beta subunit C-terminal domain		93521759	protein-coding		WP_005857901.1	391	FQN59_RS01340
NZ_CP042285.1	324457	325572		minus	polysaccharide pyruvyl transferase family protein		93521760	protein-coding		WP_005857903.1	371	FQN59_RS01345
NZ_CP042285.1	325565	327109		minus	lipopolysaccharide biosynthesis protein		93521761	protein-coding		WP_036628973.1	514	FQN59_RS01350
NZ_CP042285.1	327277	327768		minus	hypothetical protein		93521762	protein-coding		WP_005857907.1	163	FQN59_RS01355
NZ_CP042285.1	327786	327923		plus	hypothetical protein		93521763	protein-coding		WP_154396230.1	45	FQN59_RS01360
NZ_CP042285.1	327952	328521		plus	BT4734/BF3469 family protein		93521764	protein-coding		WP_122297693.1	189	FQN59_RS01365
NZ_CP042285.1	328583	330388		plus	DUF3987 domain-containing protein		93521765	protein-coding		WP_211738126.1	601	FQN59_RS01370
NZ_CP042285.1	330507	330713		plus	DUF4248 domain-containing protein		93521766	protein-coding		WP_005857913.1	68	FQN59_RS01375
NZ_CP042285.1	331019	331480		plus	HU family DNA-binding protein		93521767	protein-coding		WP_005857348.1	153	FQN59_RS01380
NZ_CP042285.1	331733	331828		plus	smalltalk protein		93521768	protein-coding		WP_005855736.1	31	FQN59_RS01385
NZ_CP042285.1	331861	332307		plus	N-acetylmuramoyl-L-alanine amidase		93521769	protein-coding		WP_008772489.1	148	FQN59_RS01390
NZ_CP042285.1	332357	333496		minus	MraY family glycosyltransferase		93521770	protein-coding		WP_009017186.1	379	FQN59_RS01395
NZ_CP042285.1	333511	335976		minus	GumC family protein		93521771	protein-coding		WP_009017185.1	821	FQN59_RS01400
NZ_CP042285.1	336014	336811		minus	polysaccharide biosynthesis/export family protein		93521772	protein-coding		WP_211738128.1	265	FQN59_RS01405
NZ_CP042285.1	336859	337287		minus	BT0820 family HAD-type phosphatase		93521773	protein-coding		WP_057317744.1	142	FQN59_RS01410
NZ_CP042285.1	337461	337865		minus	hypothetical protein		93521774	protein-coding		WP_005857929.1	134	FQN59_RS01415
NZ_CP042285.1	337871	338983		minus	transcription termination/antitermination protein NusG	nusG	93521775	protein-coding		WP_211737957.1	370	FQN59_RS01420
NZ_CP042285.1	339512	340444		minus	tyrosine-type recombinase/integrase		93521776	protein-coding		WP_005857932.1	310	FQN59_RS01425
NZ_CP042285.1	340562	342721		minus	M3 family metallopeptidase		93521777	protein-coding		WP_005866465.1	719	FQN59_RS01430
NZ_CP042285.1	342772	344892		minus	M3 family metallopeptidase		93521778	protein-coding		WP_122297414.1	706	FQN59_RS01435
NZ_CP042285.1	345057	345236		minus	hypothetical protein		93521779	protein-coding		WP_122297413.1	59	FQN59_RS01440
NZ_CP042285.1	345345	346292		plus	NAD(P)H-dependent flavin oxidoreductase		93521780	protein-coding		WP_005857940.1	315	FQN59_RS01445
NZ_CP042285.1	346359	347543		minus	TolC family protein		93521781	protein-coding		WP_211738130.1	394	FQN59_RS01450
NZ_CP042285.1	347549	350632		minus	efflux RND transporter permease subunit		93521782	protein-coding		WP_122297412.1	1027	FQN59_RS01455
NZ_CP042285.1	350648	351877		minus	efflux RND transporter periplasmic adaptor subunit		93521783	protein-coding		WP_036650882.1	409	FQN59_RS01460
NZ_CP042285.1	351956	352360		minus	DUF6769 family protein		93521784	protein-coding		WP_005857949.1	134	FQN59_RS01465
NZ_CP042285.1	352431	352850		plus	hypothetical protein		93521785	protein-coding		WP_211738133.1	139	FQN59_RS01470
NZ_CP042285.1	352907	353677		minus	sulfide-dependent adenosine diphosphate thiazole synthase		93521786	protein-coding		WP_005857953.1	256	FQN59_RS01475
NZ_CP042285.1	353927	354451		minus	IbrB-like domain-containing protein		93521787	protein-coding		WP_005857955.1	174	FQN59_RS01480
NZ_CP042285.1	354435	355736		minus	DUF3440 domain-containing protein		93521788	protein-coding		WP_005866446.1	433	FQN59_RS01485
NZ_CP042285.1	355733	356137		minus	hypothetical protein		93521789	protein-coding		WP_130882080.1	134	FQN59_RS01490
NZ_CP042285.1	356223	356576		minus	glycoside hydrolase family 3 C-terminal domain-containing protein		93525921	protein-coding		WP_229038788.1	117	FQN59_RS22420
NZ_CP042285.1	356776	357384		minus	hypothetical protein		93525922	protein-coding		WP_232044498.1	202	FQN59_RS22425
NZ_CP042285.1	357443	358090		minus	AAA family ATPase		93521790	protein-coding		WP_005866440.1	215	FQN59_RS01510
NZ_CP042285.1	358236	360776		plus	hybrid sensor histidine kinase/response regulator		93521791	protein-coding		WP_005866438.1	846	FQN59_RS01515
NZ_CP042285.1	360815	363091		minus	GH92 family glycosyl hydrolase		93521792	protein-coding		WP_211738135.1	758	FQN59_RS01520
NZ_CP042285.1	363179	365449		minus	GH92 family glycosyl hydrolase		93521793	protein-coding		WP_211738137.1	756	FQN59_RS01525
NZ_CP042285.1	365459	367813		minus	GH92 family glycosyl hydrolase		93521794	protein-coding		WP_005866432.1	784	FQN59_RS01530
NZ_CP042285.1	368172	371318		plus	SusC/RagA family TonB-linked outer membrane protein		93521795	protein-coding		WP_122380305.1	1048	FQN59_RS01535
NZ_CP042285.1	371346	372920		plus	RagB/SusD family nutrient uptake outer membrane protein		93521796	protein-coding		WP_005866428.1	524	FQN59_RS01540
NZ_CP042285.1	374233	375894		minus	ATP-dependent helicase		93521797	protein-coding		WP_211738139.1	553	FQN59_RS01545
NZ_CP042285.1	375879	377924		minus	AAA family ATPase		93521798	protein-coding		WP_211738142.1	681	FQN59_RS01550
NZ_CP042285.1	378751	378966		plus	hypothetical protein		93521799	protein-coding		WP_211738144.1	71	FQN59_RS01555
NZ_CP042285.1	378978	379199		plus	hypothetical protein		93521800	protein-coding		WP_211738146.1	73	FQN59_RS01560
NZ_CP042285.1	379212	379622		plus	PcfK-like family protein		93521801	protein-coding		WP_211738148.1	136	FQN59_RS01565
NZ_CP042285.1	379625	380908		plus	PcfJ domain-containing protein		93521802	protein-coding		WP_211738150.1	427	FQN59_RS01570
NZ_CP042285.1	380933	381190		plus	hypothetical protein		93521803	protein-coding		WP_211738152.1	85	FQN59_RS01575
NZ_CP042285.1	381211	381444		plus	DUF3873 domain-containing protein		93521804	protein-coding		WP_211738154.1	77	FQN59_RS01580
NZ_CP042285.1	381441	381689		plus	DUF6956 domain-containing protein		93521805	protein-coding		WP_211738157.1	82	FQN59_RS01585
NZ_CP042285.1	381743	382051		plus	hypothetical protein		93521806	protein-coding		WP_211738159.1	102	FQN59_RS01590
NZ_CP042285.1	382183	383292		minus	DUF4238 domain-containing protein		93521807	protein-coding		WP_211738161.1	369	FQN59_RS01595
NZ_CP042285.1	383379	383906		minus	glycoside hydrolase family protein		93521808	protein-coding		WP_211738163.1	175	FQN59_RS01600
NZ_CP042285.1	383903	384403		minus	DUF3872 domain-containing protein		93521809	protein-coding		WP_211738166.1	166	FQN59_RS01605
NZ_CP042285.1	384422	385300		minus	toprim domain-containing protein		93521810	protein-coding		WP_211738168.1	292	FQN59_RS01610
NZ_CP042285.1	385309	385884		minus	conjugal transfer protein TraO		93521811	protein-coding		WP_211738171.1	191	FQN59_RS01615
NZ_CP042285.1	385887	386873		minus	conjugative transposon protein TraN	traN	93521812	protein-coding		WP_211738172.1	328	FQN59_RS01620
NZ_CP042285.1	386942	388297		minus	conjugative transposon protein TraM	traM	93521813	protein-coding		WP_211738174.1	451	FQN59_RS01625
NZ_CP042285.1	388278	388586		minus	TraL conjugative transposon family protein		93521814	protein-coding		WP_211738176.1	102	FQN59_RS01630
NZ_CP042285.1	388592	389215		minus	conjugative transposon protein TraK	traK	93521815	protein-coding		WP_211738178.1	207	FQN59_RS01635
NZ_CP042285.1	389247	390251		minus	conjugative transposon protein TraJ	traJ	93521816	protein-coding		WP_004291518.1	334	FQN59_RS01640
NZ_CP042285.1	390255	390884		minus	DUF4141 domain-containing protein		93521817	protein-coding		WP_004308927.1	209	FQN59_RS01645
NZ_CP042285.1	390911	391294		minus	DUF3876 domain-containing protein		93521818	protein-coding		WP_007656461.1	127	FQN59_RS01650
NZ_CP042285.1	391552	393375		minus	reverse transcriptase/maturase family protein		93521819	protein-coding		WP_005680466.1	607	FQN59_RS01655
NZ_CP042285.1	393944	395542		minus	uncharacterized gene		93521820	pseudogene				FQN59_RS01660
NZ_CP042285.1	395544	397679		minus	uncharacterized gene		93521821	pseudogene				FQN59_RS01665
NZ_CP042285.1	397676	398008		minus	DUF4133 domain-containing protein		93521822	protein-coding		WP_004291514.1	110	FQN59_RS01670
NZ_CP042285.1	398019	398330		minus	DUF4134 domain-containing protein		93521823	protein-coding		WP_004311205.1	103	FQN59_RS01675
NZ_CP042285.1	398532	399272		minus	hypothetical protein		93521824	protein-coding		WP_005643920.1	246	FQN59_RS01680
NZ_CP042285.1	399269	399658		minus	DUF3408 domain-containing protein		93521825	protein-coding		WP_287647342.1	129	FQN59_RS01685
NZ_CP042285.1	399655	400104		minus	DUF3408 domain-containing protein		93521826	protein-coding		WP_004311202.1	149	FQN59_RS01690
NZ_CP042285.1	400110	400865		minus	ParA family protein		93521827	protein-coding		WP_005643916.1	251	FQN59_RS01695
NZ_CP042285.1	401012	401227		plus	hypothetical protein		301046715	protein-coding		WP_036657560.1	71	FQN59_RS22900
NZ_CP042285.1	401549	401974		plus	conjugal transfer protein MobA	mobA	93521828	protein-coding		WP_005944180.1	141	FQN59_RS01700
NZ_CP042285.1	401953	403203		plus	conjugal transfer protein MobB	mobB	93521829	protein-coding		WP_008645598.1	416	FQN59_RS01705
NZ_CP042285.1	403236	405245		plus	conjugal transfer protein MobC	mobC	93521830	protein-coding		WP_008645597.1	669	FQN59_RS01710
NZ_CP042285.1	405359	407353		minus	ATP-binding protein		93521831	protein-coding		WP_008645594.1	664	FQN59_RS01715
NZ_CP042285.1	407356	408813		minus	ATP-binding protein		93521832	protein-coding		WP_008645592.1	485	FQN59_RS01720
NZ_CP042285.1	408963	409580		minus	RteC domain-containing protein		93521833	protein-coding		WP_008645591.1	205	FQN59_RS01725
NZ_CP042285.1	409791	410204		minus	dihydrofolate reductase family protein		93521834	protein-coding		WP_008655868.1	137	FQN59_RS01730
NZ_CP042285.1	410484	411806		minus	sigma-54-dependent transcriptional regulator		93521835	protein-coding		WP_008645588.1	440	FQN59_RS01735
NZ_CP042285.1	411799	414117		minus	hybrid sensor histidine kinase/response regulator		93521836	protein-coding		WP_008645587.1	772	FQN59_RS01740
NZ_CP042285.1	414117	416042		minus	tetracycline resistance ribosomal protection protein	tet	93521837	protein-coding		WP_008645586.1	641	FQN59_RS01745
NZ_CP042285.1	416329	417124		minus	uncharacterized gene	erm(F)	93521838	pseudogene				FQN59_RS01750
NZ_CP042285.1	417164	418144		plus	IS982-like element IS1187 family transposase		93521839	protein-coding		WP_032536584.1	326	FQN59_RS01755
NZ_CP042285.1	418619	419476		minus	GNAT family N-acetyltransferase		93521840	protein-coding		WP_007366527.1	285	FQN59_RS01760
NZ_CP042285.1	419488	419865		minus	nuclear transport factor 2 family protein		93521841	protein-coding		WP_007366528.1	125	FQN59_RS01765
NZ_CP042285.1	419984	420262		plus	uncharacterized gene		93521842	pseudogene				FQN59_RS01770
NZ_CP042285.1	420449	426289		minus	N-6 DNA methylase		93521843	protein-coding		WP_211738181.1	1946	FQN59_RS01775
NZ_CP042285.1	426279	426866		minus	DUF1896 domain-containing protein		93521844	protein-coding		WP_346345296.1	195	FQN59_RS01780
NZ_CP042285.1	426894	428984		minus	type IA DNA topoisomerase		93521845	protein-coding		WP_008645574.1	696	FQN59_RS01785
NZ_CP042285.1	429044	430621		minus	DUF4099 domain-containing protein		93521846	protein-coding		WP_008645573.1	525	FQN59_RS01790
NZ_CP042285.1	430641	430991		minus	helix-turn-helix domain-containing protein		93521847	protein-coding		WP_008655857.1	116	FQN59_RS01795
NZ_CP042285.1	430995	431387		minus	helix-turn-helix domain-containing protein		93521848	protein-coding		WP_008655856.1	130	FQN59_RS01800
NZ_CP042285.1	431638	431931		plus	helix-turn-helix domain-containing protein		93521849	protein-coding		WP_032535412.1	97	FQN59_RS01805
NZ_CP042285.1	431971	432276		plus	helix-turn-helix domain-containing protein		93521850	protein-coding		WP_008645571.1	101	FQN59_RS01810
NZ_CP042285.1	432356	432718		minus	hypothetical protein		93521851	protein-coding		WP_008645570.1	120	FQN59_RS01815
NZ_CP042285.1	432730	433965		minus	site-specific integrase		93521852	protein-coding		WP_008645569.1	411	FQN59_RS01820
NZ_CP042285.1	434316	435230		plus	endonuclease/exonuclease/phosphatase family protein		93521853	protein-coding		WP_005854855.1	304	FQN59_RS01825
NZ_CP042285.1	435263	436744		plus	Gfo/Idh/MocA family oxidoreductase		93521854	protein-coding		WP_008773369.1	493	FQN59_RS01830
NZ_CP042285.1	436747	437562		plus	sugar phosphate isomerase/epimerase family protein		93521855	protein-coding		WP_044544664.1	271	FQN59_RS01835
NZ_CP042285.1	437700	440171		minus	endopeptidase La	lon	93521856	protein-coding		WP_022192022.1	823	FQN59_RS01840
NZ_CP042285.1	440260	440973		plus	tRNA1(Val) (adenine(37)-N6)-methyltransferase		93521857	protein-coding		WP_211738183.1	237	FQN59_RS01845
NZ_CP042285.1	440958	441929		minus	diacylglycerol/lipid kinase family protein		93521858	protein-coding		WP_005854843.1	323	FQN59_RS01850
NZ_CP042285.1	442128	443315		plus	serine palmitoyltransferase	spt	93521859	protein-coding		WP_005854840.1	395	FQN59_RS01855
NZ_CP042285.1	443490	445004		plus	PSP1 domain-containing protein		93521860	protein-coding		WP_010183701.1	504	FQN59_RS01860
NZ_CP042285.1	444925	445497		plus	gliding motility lipoprotein GldH		93521861	protein-coding		WP_029257204.1	190	FQN59_RS01865
NZ_CP042285.1	445457	446902		minus	rod shape-determining protein RodA	rodA	93521862	protein-coding		WP_005854836.1	481	FQN59_RS01870
NZ_CP042285.1	446892	448760		minus	penicillin-binding protein 2	mrdA	93521863	protein-coding		WP_009275823.1	622	FQN59_RS01875
NZ_CP042285.1	448750	449268		minus	rod shape-determining protein MreD	mreD	93521864	protein-coding		WP_005864903.1	172	FQN59_RS01880
NZ_CP042285.1	449261	450115		minus	rod shape-determining protein MreC	mreC	93521865	protein-coding		WP_005864901.1	284	FQN59_RS01885
NZ_CP042285.1	450218	451237		minus	rod shape-determining protein		93521866	protein-coding		WP_005854830.1	339	FQN59_RS01890
NZ_CP042285.1	451249	452772		minus	bifunctional phosphoribosylaminoimidazolecarboxamide formyltransferase/IMP cyclohydrolase	purH	93521867	protein-coding		WP_005854829.1	507	FQN59_RS01895
NZ_CP042285.1	453845	454588		minus	acyltransferase family protein		93521868	protein-coding		WP_005864898.1	247	FQN59_RS01900
NZ_CP042285.1	455203	455553		minus	HepT-like ribonuclease domain-containing protein		93521869	protein-coding		WP_005864896.1	116	FQN59_RS01905
NZ_CP042285.1	455546	455842		minus	nucleotidyltransferase family protein		93521870	protein-coding		WP_005854828.1	98	FQN59_RS01910
NZ_CP042285.1	456039	456533		plus	uncharacterized gene		93521871	pseudogene				FQN59_RS01915
NZ_CP042285.1	456694	458310		plus	ABC-F family ATP-binding cassette domain-containing protein		93521872	protein-coding		WP_005854824.1	538	FQN59_RS01920
NZ_CP042285.1	458307	460175		plus	LTA synthase family protein		93521873	protein-coding		WP_211738185.1	622	FQN59_RS01925
NZ_CP042285.1	460239	461777		minus	ribonuclease Y	rny	93521874	protein-coding		WP_005854819.1	512	FQN59_RS01930
NZ_CP042285.1	461885	462175		minus	cell division protein ZapA		93521875	protein-coding		WP_005864888.1	96	FQN59_RS01935
NZ_CP042285.1	462181	462474		minus	hypothetical protein		93521876	protein-coding		WP_005864886.1	97	FQN59_RS01940
NZ_CP042285.1	462625	462825		minus	winged helix-turn-helix domain-containing protein		93521877	protein-coding		WP_005854813.1	66	FQN59_RS01945
NZ_CP042285.1	462948	463637		minus	B3/B4 domain-containing protein		93521878	protein-coding		WP_005854811.1	229	FQN59_RS01950
NZ_CP042285.1	463665	464492		minus	peptidoglycan editing factor PgeF	pgeF	93521879	protein-coding		WP_121773339.1	275	FQN59_RS01955
NZ_CP042285.1	464464	465624		minus	GTPase ObgE	obgE	93521880	protein-coding		WP_005854807.1	386	FQN59_RS01960
NZ_CP042285.1	465640	466212		minus	adenylate kinase		93521881	protein-coding		WP_005854805.1	190	FQN59_RS01965
NZ_CP042285.1	466249	466785		minus	hypoxanthine phosphoribosyltransferase	hpt	93521882	protein-coding		WP_010183721.1	178	FQN59_RS01970
NZ_CP042285.1	466909	468420		plus	bifunctional ADP-dependent NAD(P)H-hydrate dehydratase/NAD(P)H-hydrate epimerase		93521883	protein-coding		WP_005854801.1	503	FQN59_RS01975
NZ_CP042285.1	468959	470227		plus	3-keto-disaccharide hydrolase		93521884	protein-coding		WP_048927652.1	422	FQN59_RS01980
NZ_CP042285.1	470257	471771		plus	Gfo/Idh/MocA family oxidoreductase		93521885	protein-coding		WP_122368854.1	504	FQN59_RS01985
NZ_CP042285.1	471793	472647		plus	sugar phosphate isomerase/epimerase family protein		93521886	protein-coding		WP_036612947.1	284	FQN59_RS01990
NZ_CP042285.1	472745	473035		plus	RNA polymerase sigma factor		93521887	protein-coding		WP_211738187.1	96	FQN59_RS01995
NZ_CP042285.1	473152	474021		minus	FecR family protein		93521888	protein-coding		WP_172514201.1	289	FQN59_RS02000
NZ_CP042285.1	474104	474361		minus	sigma-70 family RNA polymerase sigma factor		93521889	protein-coding		WP_008773389.1	85	FQN59_RS02005
NZ_CP042285.1	474443	477844		plus	TonB-dependent receptor		93521890	protein-coding		WP_034531963.1	1133	FQN59_RS02010
NZ_CP042285.1	477862	479508		plus	RagB/SusD family nutrient uptake outer membrane protein		93521891	protein-coding		WP_211738189.1	548	FQN59_RS02015
NZ_CP042285.1	479597	480337		plus	endonuclease/exonuclease/phosphatase family protein		93521892	protein-coding		WP_036651545.1	246	FQN59_RS02020
NZ_CP042285.1	480498	481565		plus	DUF4831 family protein		93521893	protein-coding		WP_048927648.1	355	FQN59_RS02025
NZ_CP042285.1	481592	483247		plus	peptide MFS transporter		93521894	protein-coding		WP_195320214.1	551	FQN59_RS02030
NZ_CP042285.1	483279	483743		plus	hypothetical protein		93521895	protein-coding		WP_195283977.1	154	FQN59_RS02035
NZ_CP042285.1	483750	484733		plus	biotin synthase BioB	bioB	93521896	protein-coding		WP_211738191.1	327	FQN59_RS02040
NZ_CP042285.1	484730	486010		plus	adenosylmethionine--8-amino-7-oxononanoate transaminase	bioA	93521897	protein-coding		WP_211738193.1	426	FQN59_RS02045
NZ_CP042285.1	486041	487204		plus	8-amino-7-oxononanoate synthase		93521898	protein-coding		WP_211738195.1	387	FQN59_RS02050
NZ_CP042285.1	487249	487914		plus	DUF452 family protein		93521899	protein-coding		WP_211738197.1	221	FQN59_RS02055
NZ_CP042285.1	487905	488666		plus	malonyl-ACP O-methyltransferase BioC	bioC	93521900	protein-coding		WP_211738957.1	253	FQN59_RS02060
NZ_CP042285.1	488886	489566		plus	dethiobiotin synthase	bioD	93521901	protein-coding		WP_122297554.1	226	FQN59_RS02065
NZ_CP042285.1	489574	489966		minus	YkvA family protein		93521902	protein-coding		WP_005854762.1	130	FQN59_RS02070
NZ_CP042285.1	490204	493290		plus	SusC/RagA family TonB-linked outer membrane protein		93521903	protein-coding		WP_211738199.1	1028	FQN59_RS02075
NZ_CP042285.1	493324	494811		plus	RagB/SusD family nutrient uptake outer membrane protein		93521904	protein-coding		WP_122368846.1	495	FQN59_RS02080
NZ_CP042285.1	494866	495447		minus	DUF417 family protein		93521905	protein-coding		WP_005864846.1	193	FQN59_RS02085
NZ_CP042285.1	495541	496377		minus	helix-turn-helix domain-containing protein		93521906	protein-coding		WP_211738201.1	278	FQN59_RS02090
NZ_CP042285.1	496497	496967		minus	thioredoxin	trxA	93521907	protein-coding		WP_196007228.1	156	FQN59_RS02095
NZ_CP042285.1	497186	498091		minus	outer membrane beta-barrel protein		93521908	protein-coding		WP_005864838.1	301	FQN59_RS02100
NZ_CP042285.1	498113	498577		minus	hypothetical protein		93521909	protein-coding		WP_211738204.1	154	FQN59_RS02105
NZ_CP042285.1	498591	499136		minus	hypothetical protein		93521910	protein-coding		WP_005864833.1	181	FQN59_RS02110
NZ_CP042285.1	499127	499678		minus	RNA polymerase sigma factor		93521911	protein-coding		WP_081024228.1	183	FQN59_RS02115
NZ_CP042285.1	499748	500200		plus	PepSY-like domain-containing protein		93521912	protein-coding		WP_121961817.1	150	FQN59_RS02120
NZ_CP042285.1	500278	500958		plus	response regulator transcription factor		93521913	protein-coding		WP_121961818.1	226	FQN59_RS02125
NZ_CP042285.1	500961	502232		plus	sensor histidine kinase		93521914	protein-coding		WP_008780170.1	423	FQN59_RS02130
NZ_CP042285.1	502300	502743		plus	PepSY-like domain-containing protein		93521915	protein-coding		WP_005864826.1	147	FQN59_RS02135
NZ_CP042285.1	502793	503635		plus	PepSY-like domain-containing protein		93521916	protein-coding		WP_005864824.1	280	FQN59_RS02140
NZ_CP042285.1	503745	504374		minus	DUF3256 family protein		93521917	protein-coding		WP_005864822.1	209	FQN59_RS02145
NZ_CP042285.1	504386	505282		minus	DMT family transporter		93521918	protein-coding		WP_005854727.1	298	FQN59_RS02150
NZ_CP042285.1	505286	506044		minus	tRNA pseudouridine(38-40) synthase TruA	truA	93521919	protein-coding		WP_005854725.1	252	FQN59_RS02155
NZ_CP042285.1	506175	507773		plus	aspartate:alanine exchanger family transporter		93521920	protein-coding		WP_005864815.1	532	FQN59_RS02160
NZ_CP042285.1	507801	509768		plus	alpha-L-arabinofuranosidase C-terminal domain-containing protein		93521921	protein-coding		WP_211738206.1	655	FQN59_RS02165
NZ_CP042285.1	509790	510152		plus	MmcQ/YjbR family DNA-binding protein		93521922	protein-coding		WP_005854719.1	120	FQN59_RS02170
NZ_CP042285.1	510245	512389		plus	HRDC domain-containing protein		93521923	protein-coding		WP_211738208.1	714	FQN59_RS02175
NZ_CP042285.1	512360	513727		minus	MFS transporter		93521924	protein-coding		WP_121961823.1	455	FQN59_RS02180
NZ_CP042285.1	513734	514357		minus	DUF4923 family protein		93521925	protein-coding		WP_008773416.1	207	FQN59_RS02185
NZ_CP042285.1	514447	516453		plus	hypothetical protein		93521926	protein-coding		WP_005864803.1	668	FQN59_RS02190
NZ_CP042285.1	516524	517522		minus	class II fructose-bisphosphate aldolase		93521927	protein-coding		WP_005854709.1	332	FQN59_RS02195
NZ_CP042285.1	517746	518000		plus	type B 50S ribosomal protein L31		93521928	protein-coding		WP_005854707.1	84	FQN59_RS02200
NZ_CP042285.1	518090	519187		plus	phosphotransferase enzyme family protein		93521929	protein-coding		WP_005854705.1	365	FQN59_RS02205
NZ_CP042285.1	519253	519645		minus	Dabb family protein		93521930	protein-coding		WP_122382515.1	130	FQN59_RS02210
NZ_CP042285.1	519959	521260		minus	sensor histidine kinase		93521931	protein-coding		WP_211738210.1	433	FQN59_RS02215
NZ_CP042285.1	521273	522643		minus	sigma-54-dependent transcriptional regulator		93521932	protein-coding		WP_211738212.1	456	FQN59_RS02220
NZ_CP042285.1	522653	524137		minus	TolC family protein		93521933	protein-coding		WP_048927625.1	494	FQN59_RS02225
NZ_CP042285.1	524263	524967		minus	LytR/AlgR family response regulator transcription factor		93521934	protein-coding		WP_057326949.1	234	FQN59_RS02230
NZ_CP042285.1	524969	526009		minus	sensor histidine kinase		93521935	protein-coding		WP_122144335.1	346	FQN59_RS02235
NZ_CP042285.1	526228	526605		plus	diacylglycerol kinase family protein		93521936	protein-coding		WP_005854690.1	125	FQN59_RS02240
NZ_CP042285.1	526610	527167		plus	phosphatase PAP2 family protein		93521937	protein-coding		WP_008773430.1	185	FQN59_RS02245
NZ_CP042285.1	527266	528528		minus	ABC transporter permease		93521938	protein-coding		WP_195320280.1	420	FQN59_RS02250
NZ_CP042285.1	528572	529861		minus	ABC transporter permease		93521939	protein-coding		WP_146334094.1	429	FQN59_RS02255
NZ_CP042285.1	529937	531235		minus	ABC transporter permease		93521940	protein-coding		WP_146334093.1	432	FQN59_RS02260
NZ_CP042285.1	531253	532572		minus	ABC transporter permease		93521941	protein-coding		WP_146334092.1	439	FQN59_RS02265
NZ_CP042285.1	532649	533917		minus	ABC transporter permease		93521942	protein-coding		WP_211738214.1	422	FQN59_RS02270
NZ_CP042285.1	533927	535228		minus	ABC transporter permease		93521943	protein-coding		WP_005864774.1	433	FQN59_RS02275
NZ_CP042285.1	535370	535705		plus	DNA-binding domain-containing protein		93521944	protein-coding		WP_005864772.1	111	FQN59_RS02280
NZ_CP042285.1	535827	536492		minus	ABC transporter ATP-binding protein		93521945	protein-coding		WP_005854666.1	221	FQN59_RS02285
NZ_CP042285.1	536720	537991		minus	ABC transporter permease		93521946	protein-coding		WP_005864766.1	423	FQN59_RS02290
NZ_CP042285.1	537996	539258		minus	ABC transporter permease		93521947	protein-coding		WP_005864764.1	420	FQN59_RS02295
NZ_CP042285.1	539457	539735		minus	hypothetical protein		93521948	protein-coding		WP_005864762.1	92	FQN59_RS02300
NZ_CP042285.1	539797	540078		minus	hypothetical protein		93521949	protein-coding		WP_005854659.1	93	FQN59_RS02305
NZ_CP042285.1	540129	541397		minus	ABC transporter permease		93521950	protein-coding		WP_005864757.1	422	FQN59_RS02310
NZ_CP042285.1	541460	542731		minus	ABC transporter permease		93521951	protein-coding		WP_005864755.1	423	FQN59_RS02315
NZ_CP042285.1	542762	544015		minus	ABC transporter permease		93521952	protein-coding		WP_005864752.1	417	FQN59_RS02320
NZ_CP042285.1	544041	545312		minus	ABC transporter permease		93521953	protein-coding		WP_005864750.1	423	FQN59_RS02325
NZ_CP042285.1	545316	546560		minus	efflux RND transporter periplasmic adaptor subunit		93521954	protein-coding		WP_005864748.1	414	FQN59_RS02330
NZ_CP042285.1	546744	547586		plus	PepSY-like domain-containing protein		93521955	protein-coding		WP_005864747.1	280	FQN59_RS02335
NZ_CP042285.1	547681	550185		minus	beta-galactosidase GalB	galB	93521956	protein-coding		WP_121961154.1	834	FQN59_RS02340
NZ_CP042285.1	550273	551583		plus	anaerobic C4-dicarboxylate transporter family protein		93521957	protein-coding		WP_008773446.1	436	FQN59_RS02345
NZ_CP042285.1	551654	552013		minus	thioredoxin domain-containing protein		93521958	protein-coding		WP_005854641.1	119	FQN59_RS02350
NZ_CP042285.1	552111	553310		plus	threonine ammonia-lyase	ilvA	93521959	protein-coding		WP_008773447.1	399	FQN59_RS02355
NZ_CP042285.1	553473	553757		minus	winged helix-turn-helix domain-containing protein		93521960	protein-coding		WP_005864739.1	94	FQN59_RS02360
NZ_CP042285.1	553742	554371		minus	hypothetical protein		93521961	protein-coding		WP_036613131.1	209	FQN59_RS02365
NZ_CP042285.1	554390	556768		minus	outer membrane beta-barrel protein		93521962	protein-coding		WP_048927620.1	792	FQN59_RS02370
NZ_CP042285.1	556773	557144		minus	DUF2141 domain-containing protein		93521963	protein-coding		WP_008773449.1	123	FQN59_RS02375
NZ_CP042285.1	557479	558006		plus	O-acetyl-ADP-ribose deacetylase		93521964	protein-coding		WP_005864731.1	175	FQN59_RS02380
NZ_CP042285.1	557987	558646		minus	DUF5715 family protein		93521965	protein-coding		WP_008773450.1	219	FQN59_RS02385
NZ_CP042285.1	558873	559865		plus	PhoH family protein		93521966	protein-coding		WP_005854625.1	330	FQN59_RS02390
NZ_CP042285.1	559877	560827		plus	phosphoribosylaminoimidazolesuccinocarboxamide synthase		93521967	protein-coding		WP_048927619.1	316	FQN59_RS02395
NZ_CP042285.1	560838	561581		plus	bifunctional demethylmenaquinone methyltransferase/2-methoxy-6-polyprenyl-1,4-benzoquinol methylase UbiE	ubiE	93521968	protein-coding		WP_008773451.1	247	FQN59_RS02400
NZ_CP042285.1	561596	562339		plus	shikimate dehydrogenase family protein		93521969	protein-coding		WP_005854619.1	247	FQN59_RS02405
NZ_CP042285.1	562427	563044		minus	4'-phosphopantetheinyl transferase family protein		93521970	protein-coding		WP_211738216.1	205	FQN59_RS02410
NZ_CP042285.1	563046	563627		minus	gliding motility protein GldD		93521971	protein-coding		WP_121772326.1	193	FQN59_RS02415
NZ_CP042285.1	563634	564986		minus	gliding motility-associated protein GldE	gldE	93521972	protein-coding		WP_008773452.1	450	FQN59_RS02420
NZ_CP042285.1	565012	565521		minus	single-stranded DNA-binding protein		93521973	protein-coding		WP_005864715.1	169	FQN59_RS02425
NZ_CP042285.1	565570	566649		minus	A/G-specific adenine glycosylase	mutY	93521974	protein-coding		WP_005864713.1	359	FQN59_RS02430
NZ_CP042285.1	566839	567111		plus	HU family DNA-binding protein		93521975	protein-coding		WP_005854607.1	90	FQN59_RS02435
NZ_CP042285.1	567336	568913		plus	Rne/Rng family ribonuclease		93521976	protein-coding		WP_005854603.1	525	FQN59_RS02440
NZ_CP042285.1	569115	571046		plus	molecular chaperone DnaK	dnaK	93521977	protein-coding		WP_057329031.1	643	FQN59_RS02445
NZ_CP042285.1	571254	573170		plus	sensor histidine kinase		93521978	protein-coding		WP_211738218.1	638	FQN59_RS02450
NZ_CP042285.1	573264	575570		plus	sensor histidine kinase		93521979	protein-coding		WP_057317145.1	768	FQN59_RS02455
NZ_CP042285.1	575573	576823		minus	MFS transporter		93521980	protein-coding		WP_005864650.1	416	FQN59_RS02460
NZ_CP042285.1	576844	577629		minus	amidohydrolase		93521981	protein-coding		WP_008773477.1	261	FQN59_RS02465
NZ_CP042285.1	577765	578313		minus	1-acyl-sn-glycerol-3-phosphate acyltransferase		93521982	protein-coding		WP_008773478.1	182	FQN59_RS02470
NZ_CP042285.1	578316	578606		minus	hypothetical protein		93521983	protein-coding		WP_005854588.1	96	FQN59_RS02475
NZ_CP042285.1	578855	579835		plus	IS30-like element IS4351 family transposase		93521984	protein-coding		WP_005794072.1	326	FQN59_RS02480
NZ_CP042285.1	579893	581551		plus	glycosyltransferase		93521985	protein-coding		WP_057326934.1	552	FQN59_RS02485
NZ_CP042285.1	581625	584195		plus	alpha-glucan family phosphorylase	glgP	93521986	protein-coding		WP_057326935.1	856	FQN59_RS02490
NZ_CP042285.1	584408	585790		minus	OmpP1/FadL family transporter		93521987	protein-coding		WP_005864631.1	460	FQN59_RS02495
NZ_CP042285.1	586138	587307		plus	esterase		93521988	protein-coding		WP_211738220.1	389	FQN59_RS02500
NZ_CP042285.1	587321	588199		plus	AraC family transcriptional regulator		93521989	protein-coding		WP_048927600.1	292	FQN59_RS02505
NZ_CP042285.1	588283	588747		plus	YybH family protein		93521990	protein-coding		WP_005864625.1	154	FQN59_RS02510
NZ_CP042285.1	588791	589780		plus	fimbrillin family protein		93521991	protein-coding		WP_211738222.1	329	FQN59_RS02515
NZ_CP042285.1	589868	590695		plus	DNA-formamidopyrimidine glycosylase family protein		93521992	protein-coding		WP_048927597.1	275	FQN59_RS02520
NZ_CP042285.1	591344	591417		minus	tRNA-Asp		93521993	tRNA				FQN59_RS02525
NZ_CP042285.1	591451	591524		minus	tRNA-Asp		93521994	tRNA				FQN59_RS02530
NZ_CP042285.1	591793	592383		plus	imidazole glycerol phosphate synthase subunit HisH	hisH	93521995	protein-coding		WP_008780097.1	196	FQN59_RS02535
NZ_CP042285.1	592380	593099		plus	1-(5-phosphoribosyl)-5-[(5-phosphoribosylamino)methylideneamino]imidazole-4-carboxamide isomerase	hisA	93521996	protein-coding		WP_005854558.1	239	FQN59_RS02540
NZ_CP042285.1	593117	593872		plus	imidazole glycerol phosphate synthase subunit HisF	hisF	93521997	protein-coding		WP_005854556.1	251	FQN59_RS02545
NZ_CP042285.1	593889	594485		plus	bifunctional phosphoribosyl-AMP cyclohydrolase/phosphoribosyl-ATP diphosphatase HisIE	hisIE	93521998	protein-coding		WP_005854554.1	198	FQN59_RS02550
NZ_CP042285.1	594494	595171		plus	cell division ATP-binding protein FtsE		93521999	protein-coding		WP_005854551.1	225	FQN59_RS02555
NZ_CP042285.1	595238	596554		plus	aspartate kinase		93522000	protein-coding		WP_005854548.1	438	FQN59_RS02560
NZ_CP042285.1	596617	597777		plus	diaminopimelate decarboxylase	lysA	93522001	protein-coding		WP_005854546.1	386	FQN59_RS02565
NZ_CP042285.1	597912	599072		plus	glycosyltransferase		93522002	protein-coding		WP_211738224.1	386	FQN59_RS02570
NZ_CP042285.1	600140	600955		plus	hypothetical protein		93522003	protein-coding		WP_005864462.1	271	FQN59_RS02575
NZ_CP042285.1	600963	601943		plus	Ig-like domain-containing protein		93522004	protein-coding		WP_005864460.1	326	FQN59_RS02580
NZ_CP042285.1	602021	602428		plus	transposase		93522005	protein-coding		WP_122268703.1	135	FQN59_RS02585
NZ_CP042285.1	602461	603288		plus	IS3 family transposase		93522006	protein-coding		WP_232306318.1	275	FQN59_RS02590
NZ_CP042285.1	603681	605414		plus	ATP-binding protein		93522007	protein-coding		WP_044546318.1	577	FQN59_RS02595
NZ_CP042285.1	605470	606741		plus	hypothetical protein		93522008	protein-coding		WP_070103051.1	423	FQN59_RS02600
NZ_CP042285.1	606809	607339		minus	very short patch repair endonuclease		93522009	protein-coding		WP_044547028.1	176	FQN59_RS02605
NZ_CP042285.1	607382	608626		minus	ABC transporter permease		93522010	protein-coding		WP_005864454.1	414	FQN59_RS02610
NZ_CP042285.1	608627	609826		minus	pyridoxal phosphate-dependent aminotransferase		93522011	protein-coding		WP_005854538.1	399	FQN59_RS02615
NZ_CP042285.1	609878	610777		minus	YitT family protein		93522012	protein-coding		WP_005864449.1	299	FQN59_RS02620
NZ_CP042285.1	610919	611311		minus	hypothetical protein		93522013	protein-coding		WP_005854532.1	130	FQN59_RS02625
NZ_CP042285.1	611386	611769		minus	hypothetical protein		93522014	protein-coding		WP_005854530.1	127	FQN59_RS02630
NZ_CP042285.1	612226	612609		minus	hypothetical protein		93522015	protein-coding		WP_008773491.1	127	FQN59_RS02635
NZ_CP042285.1	612754	613929		minus	MFS transporter		93522016	protein-coding		WP_146374969.1	391	FQN59_RS02640
NZ_CP042285.1	613943	615826		minus	ABC-F family ATP-binding cassette domain-containing protein		93522017	protein-coding		WP_211738226.1	627	FQN59_RS02645
NZ_CP042285.1	615926	616588		plus	uracil-DNA glycosylase	ung	93522018	protein-coding		WP_087343209.1	220	FQN59_RS02650
NZ_CP042285.1	616616	617161		plus	DUF169 domain-containing protein		93522019	protein-coding		WP_146374966.1	181	FQN59_RS02655
NZ_CP042285.1	617151	617462		plus	MGMT family protein		93522020	protein-coding		WP_005864435.1	103	FQN59_RS02660
NZ_CP042285.1	617515	618573		minus	alpha/beta hydrolase		93522021	protein-coding		WP_122368891.1	352	FQN59_RS02665
NZ_CP042285.1	618585	619736		minus	cupin domain-containing carboxymuconolactone decarboxylase family protein		93522022	protein-coding		WP_211738228.1	383	FQN59_RS02670
NZ_CP042285.1	619749	620201		minus	nuclear transport factor 2 family protein		93522023	protein-coding		WP_070104343.1	150	FQN59_RS02675
NZ_CP042285.1	620382	621191		minus	AraC family transcriptional regulator		93522024	protein-coding		WP_211738230.1	269	FQN59_RS02680
NZ_CP042285.1	621228	622262		minus	alpha/beta hydrolase		93522025	protein-coding		WP_211738232.1	344	FQN59_RS02685
NZ_CP042285.1	622443	623468		plus	aldo/keto reductase		93522026	protein-coding		WP_211738234.1	341	FQN59_RS02690
NZ_CP042285.1	623528	624610		plus	peptide-methionine (R)-S-oxide reductase MsrB	msrB	93522027	protein-coding		WP_121961871.1	360	FQN59_RS02695
NZ_CP042285.1	624749	625558		plus	helix-turn-helix domain-containing protein		93522028	protein-coding		WP_211738235.1	269	FQN59_RS02700
NZ_CP042285.1	625669	626106		plus	uncharacterized gene		93525923	pseudogene				FQN59_RS22430
NZ_CP042285.1	626122	626538		plus	pyridoxamine 5'-phosphate oxidase family protein		93525924	protein-coding		WP_249222548.1	138	FQN59_RS22435
NZ_CP042285.1	626655	627512		minus	AraC family transcriptional regulator		93522029	protein-coding		WP_211738239.1	285	FQN59_RS02710
NZ_CP042285.1	627660	628310		plus	pentapeptide repeat-containing protein		93522030	protein-coding		WP_008780073.1	216	FQN59_RS02715
NZ_CP042285.1	628307	628567		minus	GNAT family N-acetyltransferase		93522031	protein-coding		WP_008780072.1	86	FQN59_RS02720
NZ_CP042285.1	628571	631810		minus	hypothetical protein		93522032	protein-coding		WP_211738241.1	1079	FQN59_RS02725
NZ_CP042285.1	631942	632946		minus	sugar phosphate isomerase/epimerase family protein		93522033	protein-coding		WP_211738243.1	334	FQN59_RS02730
NZ_CP042285.1	632970	634418		minus	Gfo/Idh/MocA family protein		93522034	protein-coding		WP_011966672.1	482	FQN59_RS02735
NZ_CP042285.1	634569	635351		minus	porin family protein		93522035	protein-coding		WP_005864412.1	260	FQN59_RS02740
NZ_CP042285.1	635365	636459		minus	PCMD domain-containing protein		93522036	protein-coding		WP_009275752.1	364	FQN59_RS02745
NZ_CP042285.1	636942	637667		plus	hypothetical protein		93522037	protein-coding		WP_057329056.1	241	FQN59_RS02750
NZ_CP042285.1	637671	638054		plus	hypothetical protein		93522038	protein-coding		WP_036613227.1	127	FQN59_RS02755
NZ_CP042285.1	638087	639376		plus	T9SS type A sorting domain-containing protein		93522039	protein-coding		WP_211738245.1	429	FQN59_RS02760
NZ_CP042285.1	639652	640965		plus	Gfo/Idh/MocA family protein		93522040	protein-coding		WP_211738247.1	437	FQN59_RS02765
NZ_CP042285.1	641014	642534		minus	DUF4301 family protein		93522041	protein-coding		WP_005854486.1	506	FQN59_RS02770
NZ_CP042285.1	642711	644924		plus	RelA/SpoT family protein		93522042	protein-coding		WP_057317132.1	737	FQN59_RS02775
NZ_CP042285.1	645052	646482		minus	CCA tRNA nucleotidyltransferase		93522043	protein-coding		WP_211738249.1	476	FQN59_RS02780
NZ_CP042285.1	646571	647395		plus	hypothetical protein		93522044	protein-coding		WP_005864407.1	274	FQN59_RS02785
NZ_CP042285.1	647503	650157		minus	DUF6383 domain-containing protein		93522045	protein-coding		WP_211738251.1	884	FQN59_RS02790
NZ_CP042285.1	650424	650753		minus	hypothetical protein		93522046	protein-coding		WP_005864403.1	109	FQN59_RS02795
NZ_CP042285.1	651238	652083		minus	mechanosensitive ion channel family protein		93522047	protein-coding		WP_005854480.1	281	FQN59_RS02800
NZ_CP042285.1	652242	653063		plus	tetratricopeptide repeat protein		93522048	protein-coding		WP_008780061.1	273	FQN59_RS02805
NZ_CP042285.1	653196	654257		minus	3-isopropylmalate dehydrogenase	leuB	93522049	protein-coding		WP_036613247.1	353	FQN59_RS02810
NZ_CP042285.1	654273	654716		minus	methylglyoxal synthase		93522050	protein-coding		WP_005854477.1	147	FQN59_RS02815
NZ_CP042285.1	654737	656251		minus	alpha-isopropylmalate synthase regulatory domain-containing protein		93522051	protein-coding		WP_008778605.1	504	FQN59_RS02820
NZ_CP042285.1	656254	656841		minus	3-isopropylmalate dehydratase small subunit	leuD	93522052	protein-coding		WP_005854475.1	195	FQN59_RS02825
NZ_CP042285.1	656868	658265		minus	3-isopropylmalate dehydratase large subunit	leuC	93522053	protein-coding		WP_005864399.1	465	FQN59_RS02830
NZ_CP042285.1	658280	659782		minus	2-isopropylmalate synthase		93522054	protein-coding		WP_005864398.1	500	FQN59_RS02835
NZ_CP042285.1	660212	663724		minus	InlB B-repeat-containing protein		93522055	protein-coding		WP_211738253.1	1170	FQN59_RS02840
NZ_CP042285.1	663728	668254		minus	T9SS type A sorting domain-containing protein		93522056	protein-coding		WP_211738256.1	1508	FQN59_RS02845
NZ_CP042285.1	668894	669130		plus	hypothetical protein		93522057	protein-coding		WP_211738258.1	78	FQN59_RS02850
NZ_CP042285.1	669097	669438		plus	type II toxin-antitoxin system RelE/ParE family toxin		93522058	protein-coding		WP_044546937.1	113	FQN59_RS02855
NZ_CP042285.1	669558	669791		plus	hypothetical protein		93522059	protein-coding		WP_121962828.1	77	FQN59_RS02860
NZ_CP042285.1	669761	670102		plus	type II toxin-antitoxin system RelE/ParE family toxin		93522060	protein-coding		WP_211738260.1	113	FQN59_RS02865
NZ_CP042285.1	670180	671223		minus	ketol-acid reductoisomerase	ilvC	93522061	protein-coding		WP_005864389.1	347	FQN59_RS02870
NZ_CP042285.1	671273	671998		minus	acyl-[acyl-carrier-protein] thioesterase		93522062	protein-coding		WP_005864388.1	241	FQN59_RS02875
NZ_CP042285.1	672005	672559		minus	acetolactate synthase small subunit	ilvN	93522063	protein-coding		WP_008780057.1	184	FQN59_RS02880
NZ_CP042285.1	672575	674278		minus	biosynthetic-type acetolactate synthase large subunit	ilvB	93522064	protein-coding		WP_211738262.1	567	FQN59_RS02885
NZ_CP042285.1	674312	676147		minus	dihydroxy-acid dehydratase	ilvD	93522065	protein-coding		WP_005864376.1	611	FQN59_RS02890
NZ_CP042285.1	677269	678444		plus	MalY/PatB family protein		93522066	protein-coding		WP_211738264.1	391	FQN59_RS02895
NZ_CP042285.1	678493	679068		plus	FKBP-type peptidyl-prolyl cis-trans isomerase		93522067	protein-coding		WP_005854436.1	191	FQN59_RS02900
NZ_CP042285.1	679172	680248		plus	chorismate synthase	aroC	93522068	protein-coding		WP_022192777.1	358	FQN59_RS02905
NZ_CP042285.1	680270	680581		plus	DMT family transporter		93522069	protein-coding		WP_249222549.1	103	FQN59_RS02910
NZ_CP042285.1	680688	681161		minus	23S rRNA (pseudouridine(1915)-N(3))-methyltransferase RlmH	rlmH	93522070	protein-coding		WP_211738266.1	157	FQN59_RS02915
NZ_CP042285.1	681250	681621		plus	DUF4783 domain-containing protein		93522071	protein-coding		WP_008780051.1	123	FQN59_RS02920
NZ_CP042285.1	681625	682464		plus	carboxylating nicotinate-nucleotide diphosphorylase	nadC	93522072	protein-coding		WP_005854425.1	279	FQN59_RS02925
NZ_CP042285.1	682655	684091		plus	aldehyde dehydrogenase	aldA	93522073	protein-coding		WP_211738268.1	478	FQN59_RS02930
NZ_CP042285.1	684137	685897		minus	DNA polymerase III subunit gamma/tau		93522074	protein-coding		WP_211738270.1	586	FQN59_RS02935
NZ_CP042285.1	685967	686272		plus	FtsB family cell division protein		93522075	protein-coding		WP_005854418.1	101	FQN59_RS02940
NZ_CP042285.1	686273	686596		plus	hypothetical protein		93522076	protein-coding		WP_036613279.1	107	FQN59_RS02945
NZ_CP042285.1	686771	687376		minus	OmpH family outer membrane protein		93522077	protein-coding		WP_005854413.1	201	FQN59_RS02950
NZ_CP042285.1	687402	687620		minus	hypothetical protein		93522078	protein-coding		WP_005854411.1	72	FQN59_RS02955
NZ_CP042285.1	687768	689225		plus	aminoacyl-histidine dipeptidase		93522079	protein-coding		WP_048927567.1	485	FQN59_RS02960
NZ_CP042285.1	689376	690863		plus	hypothetical protein		93522080	protein-coding		WP_005864361.1	495	FQN59_RS02965
NZ_CP042285.1	690903	691937		plus	endonuclease/exonuclease/phosphatase family protein		93522081	protein-coding		WP_044545015.1	344	FQN59_RS02970
NZ_CP042285.1	692004	693692		plus	M23 family metallopeptidase		93522082	protein-coding		WP_048927565.1	562	FQN59_RS02975
NZ_CP042285.1	693827	695575		plus	phospho-sugar mutase		93522083	protein-coding		WP_008780043.1	582	FQN59_RS02980
NZ_CP042285.1	695638	696114		minus	cytidine deaminase	cdd	93522084	protein-coding		WP_005864357.1	158	FQN59_RS02985
NZ_CP042285.1	696240	696869		plus	uncharacterized gene		93522085	pseudogene				FQN59_RS02990
NZ_CP042285.1	696879	697859		minus	IS30-like element IS4351 family transposase		93522086	protein-coding		WP_005794072.1	326	FQN59_RS02995
NZ_CP042285.1	698028	698129		plus	uncharacterized gene		93525925	pseudogene				FQN59_RS22440
NZ_CP042285.1	698203	699111		plus	glucosaminidase domain-containing protein		93522087	protein-coding		WP_005864355.1	302	FQN59_RS03000
NZ_CP042285.1	699158	700324		plus	AIR synthase related protein		93522088	protein-coding		WP_048927564.1	388	FQN59_RS03005
NZ_CP042285.1	700334	701443		plus	peptide chain release factor 1	prfA	93522089	protein-coding		WP_048927563.1	369	FQN59_RS03010
NZ_CP042285.1	701476	702318		plus	orotidine-5'-phosphate decarboxylase	pyrF	93522090	protein-coding		WP_211738273.1	280	FQN59_RS03015
NZ_CP042285.1	702408	703451		plus	UDP-3-O-(3-hydroxymyristoyl)glucosamine N-acyltransferase	lpxD	93522091	protein-coding		WP_005864351.1	347	FQN59_RS03020
NZ_CP042285.1	703458	704843		plus	bifunctional UDP-3-O-[3-hydroxymyristoyl] N-acetylglucosamine deacetylase/3-hydroxyacyl-ACP dehydratase		93522092	protein-coding		WP_005864349.1	461	FQN59_RS03025
NZ_CP042285.1	704861	705646		plus	acyl-ACP--UDP-N-acetylglucosamine O-acyltransferase	lpxA	93522093	protein-coding		WP_211738274.1	261	FQN59_RS03030
NZ_CP042285.1	705746	705871		minus	hypothetical protein		301046716	protein-coding		WP_008773553.1	41	FQN59_RS22905
NZ_CP042285.1	706110	706670		plus	IS1096 element passenger TnpR family protein		93522095	protein-coding		WP_005854369.1	186	FQN59_RS03040
NZ_CP042285.1	706670	707569		plus	tRNA (adenosine(37)-N6)-dimethylallyltransferase MiaA	miaA	93522096	protein-coding		WP_211738276.1	299	FQN59_RS03045
NZ_CP042285.1	707697	708068		minus	DMT family protein		93522097	protein-coding		WP_005854365.1	123	FQN59_RS03050
NZ_CP042285.1	708070	708816		minus	tRNA 2-thiocytidine biosynthesis TtcA family protein		93522098	protein-coding		WP_211738279.1	248	FQN59_RS03055
NZ_CP042285.1	708930	710378		plus	tetratricopeptide repeat protein		93522099	protein-coding		WP_211738281.1	482	FQN59_RS03060
NZ_CP042285.1	710387	710875		plus	NfeD family protein		93522100	protein-coding		WP_009275728.1	162	FQN59_RS03065
NZ_CP042285.1	710886	711878		plus	flotillin-like protein FloA	floA	93522101	protein-coding		WP_008780036.1	330	FQN59_RS03070
NZ_CP042285.1	711969	712838		plus	nucleoside phosphorylase		93522102	protein-coding		WP_009275727.1	289	FQN59_RS03075
NZ_CP042285.1	712852	713556		plus	ribose 5-phosphate isomerase A	rpiA	93522103	protein-coding		WP_211738284.1	234	FQN59_RS03080
NZ_CP042285.1	713546	714292		minus	nitroreductase family protein		93522104	protein-coding		WP_011966699.1	248	FQN59_RS03085
NZ_CP042285.1	714314	715498		minus	ATP-binding protein		93522105	protein-coding		WP_005854357.1	394	FQN59_RS03090
NZ_CP042285.1	715576	716694		plus	DUF362 domain-containing protein		93522106	protein-coding		WP_121963139.1	372	FQN59_RS03095
NZ_CP042285.1	716703	718088		plus	tRNA uridine-5-carboxymethylaminomethyl(34) synthesis GTPase MnmE	mnmE	93522107	protein-coding		WP_211738286.1	461	FQN59_RS03100
NZ_CP042285.1	718356	719267		plus	helix-turn-helix domain-containing protein		93522108	protein-coding		WP_005859021.1	303	FQN59_RS03105
NZ_CP042285.1	719352	720458		plus	site-specific integrase		93522109	protein-coding		WP_005859027.1	368	FQN59_RS03110
NZ_CP042285.1	720468	720833		plus	hypothetical protein		93522110	protein-coding		WP_005859029.1	121	FQN59_RS03115
NZ_CP042285.1	721098	721973		plus	hypothetical protein		93522111	protein-coding		WP_005859030.1	291	FQN59_RS03120
NZ_CP042285.1	722004	722861		minus	reverse transcriptase family protein		93522112	protein-coding		WP_005859032.1	285	FQN59_RS03125
NZ_CP042285.1	722886	723101		minus	hypothetical protein		93522113	protein-coding		WP_005859034.1	71	FQN59_RS03130
NZ_CP042285.1	723568	723933		plus	helix-turn-helix domain-containing protein		93522114	protein-coding		WP_005859036.1	121	FQN59_RS03135
NZ_CP042285.1	723945	725321		plus	DUF3987 domain-containing protein		93522115	protein-coding		WP_005859037.1	458	FQN59_RS03140
NZ_CP042285.1	725400	726479		plus	DUF6371 domain-containing protein		93522116	protein-coding		WP_005859039.1	359	FQN59_RS03145
NZ_CP042285.1	726618	726926		plus	MobC family plasmid mobilization relaxosome protein		93522117	protein-coding		WP_004316509.1	102	FQN59_RS03150
NZ_CP042285.1	726916	727857		plus	relaxase/mobilization nuclease domain-containing protein		93522118	protein-coding		WP_005859041.1	313	FQN59_RS03155
NZ_CP042285.1	727892	728290		plus	hypothetical protein		93522119	protein-coding		WP_005859043.1	132	FQN59_RS03160
NZ_CP042285.1	728365	729111		plus	restriction endonuclease subunit S		93522120	protein-coding		WP_005859045.1	248	FQN59_RS03165
NZ_CP042285.1	729228	729632		plus	hypothetical protein		93525926	protein-coding		WP_005859047.1	134	FQN59_RS22445
NZ_CP042285.1	729586	730443		plus	transposase		93522121	protein-coding		WP_227154503.1	285	FQN59_RS03170
NZ_CP042285.1	730634	731611		minus	hypothetical protein		93522122	protein-coding		WP_249222502.1	325	FQN59_RS03175
NZ_CP042285.1	731629	732000		minus	hypothetical protein		93525927	protein-coding		WP_249222503.1	123	FQN59_RS22450
NZ_CP042285.1	732268	732673		plus	uncharacterized gene		93522123	pseudogene				FQN59_RS03180
NZ_CP042285.1	732706	733698		plus	site-specific tyrosine recombinase/integron integrase	xerA	93522124	protein-coding		WP_005859054.1	330	FQN59_RS03185
NZ_CP042285.1	733750	734982		plus	restriction endonuclease subunit S		93522125	protein-coding		WP_005859056.1	410	FQN59_RS03190
NZ_CP042285.1	734903	735511		minus	restriction endonuclease subunit S		93522126	protein-coding		WP_005859058.1	202	FQN59_RS03195
NZ_CP042285.1	735522	735953		minus	hypothetical protein		93522127	protein-coding		WP_005859071.1	143	FQN59_RS03200
NZ_CP042285.1	735990	736415		minus	hypothetical protein		93522128	protein-coding		WP_005859074.1	141	FQN59_RS03205
NZ_CP042285.1	736428	737429		minus	virulence RhuM family protein		93522129	protein-coding		WP_005859076.1	333	FQN59_RS03210
NZ_CP042285.1	737422	739098		minus	HsdM family class I SAM-dependent methyltransferase		93522130	protein-coding		WP_005859077.1	558	FQN59_RS03215
NZ_CP042285.1	739101	742265		minus	type I restriction endonuclease		93522131	protein-coding		WP_005859079.1	1054	FQN59_RS03220
NZ_CP042285.1	742272	742475		minus	helix-turn-helix domain-containing protein		93522132	protein-coding		WP_005859081.1	67	FQN59_RS03225
NZ_CP042285.1	742669	743496		plus	GIY-YIG nuclease family protein		93522133	protein-coding		WP_008779797.1	275	FQN59_RS03230
NZ_CP042285.1	743588	744100		plus	DUF6155 family protein		93522134	protein-coding		WP_005859085.1	170	FQN59_RS03235
NZ_CP042285.1	744202	744477		minus	hypothetical protein		93522135	protein-coding		WP_005859087.1	91	FQN59_RS03240
NZ_CP042285.1	745360	746238		plus	helix-turn-helix domain-containing protein		93522136	protein-coding		WP_211738288.1	292	FQN59_RS03245
NZ_CP042285.1	746356	746529		plus	uncharacterized gene		93522137	pseudogene				FQN59_RS03250
NZ_CP042285.1	746590	747963		minus	ATP-binding protein		93522138	protein-coding		WP_008778614.1	457	FQN59_RS03255
NZ_CP042285.1	748082	748402		minus	helix-turn-helix domain-containing protein		93522139	protein-coding		WP_036617556.1	106	FQN59_RS03260
NZ_CP042285.1	748787	749365		minus	metallophosphoesterase		93522140	protein-coding		WP_211738290.1	192	FQN59_RS03265
NZ_CP042285.1	750095	750280		minus	hypothetical protein		93525980	protein-coding		WP_333559166.1	61	FQN59_RS22785
NZ_CP042285.1	750340	751320		minus	IS30-like element IS4351 family transposase		93522141	protein-coding		WP_005794072.1	326	FQN59_RS03270
NZ_CP042285.1	751756	752364		plus	type 1 glutamine amidotransferase family protein		93522142	protein-coding		WP_211738292.1	202	FQN59_RS03275
NZ_CP042285.1	752550	754625		minus	BT4734/BF3469 family protein		93522143	protein-coding		WP_211738294.1	691	FQN59_RS03280
NZ_CP042285.1	755075	755827		minus	IS3 family transposase		93522144	protein-coding		WP_249222504.1	250	FQN59_RS03285
NZ_CP042285.1	756024	756383		minus	hypothetical protein		93522145	protein-coding		WP_211738297.1	119	FQN59_RS03290
NZ_CP042285.1	756452	756892		minus	DUF6078 family protein		93522146	protein-coding		WP_008773634.1	146	FQN59_RS03295
NZ_CP042285.1	757255	760230		plus	type I restriction endonuclease subunit R		93522147	protein-coding		WP_083434111.1	991	FQN59_RS03300
NZ_CP042285.1	760235	761416		plus	restriction endonuclease subunit S		93522148	protein-coding		WP_195284138.1	393	FQN59_RS03305
NZ_CP042285.1	761413	762525		plus	AAA family ATPase		93522149	protein-coding		WP_195284139.1	370	FQN59_RS03310
NZ_CP042285.1	762530	764179		plus	type I restriction-modification system subunit M		93522150	protein-coding		WP_048927553.1	549	FQN59_RS03315
NZ_CP042285.1	764210	765037		plus	GIY-YIG nuclease family protein		93522151	protein-coding		WP_008780018.1	275	FQN59_RS03320
NZ_CP042285.1	765134	766249		plus	Fic family protein		93522152	protein-coding		WP_048927552.1	371	FQN59_RS03325
NZ_CP042285.1	766271	767164		plus	HEPN domain-containing protein		93522153	protein-coding		WP_008780016.1	297	FQN59_RS03330
NZ_CP042285.1	767207	768247		minus	alcohol dehydrogenase		93522154	protein-coding		WP_048927551.1	346	FQN59_RS03335
NZ_CP042285.1	768421	768963		plus	flavodoxin		93522155	protein-coding		WP_057329309.1	180	FQN59_RS03340
NZ_CP042285.1	768970	769530		plus	flavin reductase family protein		93522156	protein-coding		WP_087342633.1	186	FQN59_RS03345
NZ_CP042285.1	769604	770899		minus	TIGR01777 family oxidoreductase		93522157	protein-coding		WP_211738299.1	431	FQN59_RS03350
NZ_CP042285.1	770985	771812		plus	SDR family NAD(P)-dependent oxidoreductase		93522158	protein-coding		WP_195284141.1	275	FQN59_RS03355
NZ_CP042285.1	771827	772384		plus	GNAT family N-acetyltransferase		93522159	protein-coding		WP_195284142.1	185	FQN59_RS03360
NZ_CP042285.1	772381	772926		plus	GNAT family N-acetyltransferase		93522160	protein-coding		WP_005864267.1	181	FQN59_RS03365
NZ_CP042285.1	772934	773371		plus	uncharacterized gene		93525981	pseudogene				FQN59_RS22790
NZ_CP042285.1	773351	773794		plus	GNAT family N-acetyltransferase		93525982	protein-coding		WP_306439182.1	147	FQN59_RS22795
NZ_CP042285.1	774061	778623		plus	type II CRISPR RNA-guided endonuclease Cas9	cas9	93522161	protein-coding		WP_211738301.1	1520	FQN59_RS03375
NZ_CP042285.1	778634	779569		plus	type II CRISPR-associated endonuclease Cas1	cas1	93522162	protein-coding		WP_005864261.1	311	FQN59_RS03380
NZ_CP042285.1	779575	779907		plus	CRISPR-associated endonuclease Cas2	cas2	93522163	protein-coding		WP_005864259.1	110	FQN59_RS03385
NZ_CP042285.1	780876	781388		plus	hypothetical protein		93522164	protein-coding		WP_057319350.1	170	FQN59_RS03390
NZ_CP042285.1	781392	782933		plus	family 43 glycosylhydrolase		93522165	protein-coding		WP_122144606.1	513	FQN59_RS03395
NZ_CP042285.1	782933	784579		plus	RluA family pseudouridine synthase		93522166	protein-coding		WP_211738303.1	548	FQN59_RS03400
NZ_CP042285.1	784547	784750		minus	hypothetical protein		93522167	protein-coding		WP_121961764.1	67	FQN59_RS03405
NZ_CP042285.1	784719	786092		minus	MATE family efflux transporter		93522168	protein-coding		WP_121960949.1	457	FQN59_RS03410
NZ_CP042285.1	786307	788583		minus	GH92 family glycosyl hydrolase		93522169	protein-coding		WP_211738304.1	758	FQN59_RS03415
NZ_CP042285.1	788670	789263		minus	acyltransferase		93522170	protein-coding		WP_122145486.1	197	FQN59_RS03420
NZ_CP042285.1	789274	789978		minus	SAM-dependent methyltransferase		93522171	protein-coding		WP_005854278.1	234	FQN59_RS03425
NZ_CP042285.1	790032	791429		plus	methyltransferase RsmF C-terminal domain-like protein		93522172	protein-coding		WP_121961763.1	465	FQN59_RS03430
NZ_CP042285.1	791546	792550		minus	DUF4837 family protein		93522173	protein-coding		WP_211738306.1	334	FQN59_RS03435
NZ_CP042285.1	792748	793431		minus	hypothetical protein		93522174	protein-coding		WP_005864237.1	227	FQN59_RS03440
NZ_CP042285.1	793437	795515		minus	RNA degradosome polyphosphate kinase		93522175	protein-coding		WP_211738308.1	692	FQN59_RS03445
NZ_CP042285.1	795574	796074		plus	metallophosphoesterase family protein		93522176	protein-coding		WP_005864233.1	166	FQN59_RS03450
NZ_CP042285.1	796080	797198		minus	hypothetical protein		93522177	protein-coding		WP_121960954.1	372	FQN59_RS03455
NZ_CP042285.1	797261	798106		minus	lipoyl synthase	lipA	93522178	protein-coding		WP_005864229.1	281	FQN59_RS03460
NZ_CP042285.1	798110	800284		minus	S9 family peptidase		93522179	protein-coding		WP_121960955.1	724	FQN59_RS03465
NZ_CP042285.1	800365	801291		plus	TIGR01212 family radical SAM protein		93522180	protein-coding		WP_158532239.1	308	FQN59_RS03470
NZ_CP042285.1	801277	801771		minus	DUF4251 domain-containing protein		93522181	protein-coding		WP_211738311.1	164	FQN59_RS03475
NZ_CP042285.1	801886	802860		minus	alpha/beta hydrolase family protein		93522182	protein-coding		WP_211738313.1	324	FQN59_RS03480
NZ_CP042285.1	802880	803215		minus	DUF6565 domain-containing protein		93522183	protein-coding		WP_008773659.1	111	FQN59_RS03485
NZ_CP042285.1	803587	804822		plus	site-specific integrase		93522184	protein-coding		WP_211738315.1	411	FQN59_RS03490
NZ_CP042285.1	804838	805197		plus	hypothetical protein		93522185	protein-coding		WP_014298122.1	119	FQN59_RS03495
NZ_CP042285.1	805246	805548		minus	helix-turn-helix domain-containing protein		93522186	protein-coding		WP_014298123.1	100	FQN59_RS03500
NZ_CP042285.1	805586	805864		minus	helix-turn-helix domain-containing protein		93522187	protein-coding		WP_014298124.1	92	FQN59_RS03505
NZ_CP042285.1	806088	806441		plus	helix-turn-helix domain-containing protein		93522188	protein-coding		WP_014298125.1	117	FQN59_RS03510
NZ_CP042285.1	806425	806745		plus	helix-turn-helix domain-containing protein		93522189	protein-coding		WP_211738317.1	106	FQN59_RS03515
NZ_CP042285.1	806825	812311		minus	N-6 DNA methylase		93522190	protein-coding		WP_211738319.1	1828	FQN59_RS03520
NZ_CP042285.1	812298	812729		minus	DUF1896 family protein		93522191	protein-coding		WP_014298128.1	143	FQN59_RS03525
NZ_CP042285.1	812869	814998		minus	type IA DNA topoisomerase		93522192	protein-coding		WP_211738322.1	709	FQN59_RS03530
NZ_CP042285.1	815033	816427		minus	DUF3945 domain-containing protein		93522193	protein-coding		WP_211738324.1	464	FQN59_RS03535
NZ_CP042285.1	816686	817306		plus	uncharacterized gene		93522194	pseudogene				FQN59_RS03540
NZ_CP042285.1	817635	818171		plus	hypothetical protein		93522195	protein-coding		WP_041161330.1	178	FQN59_RS03545
NZ_CP042285.1	818271	820613		plus	TonB-dependent receptor		93522196	protein-coding		WP_211738328.1	780	FQN59_RS03550
NZ_CP042285.1	820647	821885		plus	DUF5074 domain-containing protein		93522197	protein-coding		WP_211738330.1	412	FQN59_RS03555
NZ_CP042285.1	822020	822583		plus	methyltransferase family protein		93522198	protein-coding		WP_211738332.1	187	FQN59_RS03560
NZ_CP042285.1	822592	824340		plus	ABC transporter ATP-binding protein		93522199	protein-coding		WP_211738334.1	582	FQN59_RS03565
NZ_CP042285.1	824363	826144		plus	ABC transporter ATP-binding protein		93522200	protein-coding		WP_211738335.1	593	FQN59_RS03570
NZ_CP042285.1	826173	826460		plus	ribosome biogenesis protein		93522201	protein-coding		WP_144011110.1	95	FQN59_RS03575
NZ_CP042285.1	826453	826773		plus	RteC domain-containing protein		93522202	protein-coding		WP_050809236.1	106	FQN59_RS03580
NZ_CP042285.1	827224	827574		plus	Type 1 glutamine amidotransferase-like domain-containing protein		301046717	protein-coding		WP_211738336.1	116	FQN59_RS22910
NZ_CP042285.1	827531	827758		plus	Type 1 glutamine amidotransferase-like domain-containing protein		93525966	protein-coding		WP_057319935.1	75	FQN59_RS22715
NZ_CP042285.1	827841	828380		plus	ClbS/DfsB family four-helix bundle protein		93522203	protein-coding		WP_007898728.1	179	FQN59_RS03595
NZ_CP042285.1	828891	829307		minus	hypothetical protein		93522204	protein-coding		WP_014298139.1	138	FQN59_RS03600
NZ_CP042285.1	829304	830599		minus	C10 family peptidase		93522205	protein-coding		WP_014298140.1	431	FQN59_RS03605
NZ_CP042285.1	830721	831242		minus	hypothetical protein		93522206	protein-coding		WP_057319933.1	173	FQN59_RS03610
NZ_CP042285.1	831344	832882		minus	sigma-70 family RNA polymerase sigma factor		93522207	protein-coding		WP_235290450.1	512	FQN59_RS03615
NZ_CP042285.1	833168	833614		minus	hypothetical protein		93525928	protein-coding		WP_014298143.1	148	FQN59_RS22455
NZ_CP042285.1	833687	835702		minus	conjugal transfer protein MobC	mobC	93522208	protein-coding		WP_211738337.1	671	FQN59_RS03625
NZ_CP042285.1	835717	836946		minus	conjugal transfer protein MobB	mobB	93522209	protein-coding		WP_211738338.1	409	FQN59_RS03630
NZ_CP042285.1	836931	837344		minus	conjugal transfer protein MobA	mobA	93522210	protein-coding		WP_211738339.1	137	FQN59_RS03635
NZ_CP042285.1	838113	838895		plus	ParA family protein		93522211	protein-coding		WP_014298148.1	260	FQN59_RS03640
NZ_CP042285.1	838879	839307		plus	DUF3408 domain-containing protein		93522212	protein-coding		WP_014298149.1	142	FQN59_RS03645
NZ_CP042285.1	839309	839683		plus	DUF3408 domain-containing protein		93522213	protein-coding		WP_014298150.1	124	FQN59_RS03650
NZ_CP042285.1	839680	840273		plus	hypothetical protein		93522214	protein-coding		WP_211738340.1	197	FQN59_RS03655
NZ_CP042285.1	840303	841043		plus	ParA family protein		93522215	protein-coding		WP_211738341.1	246	FQN59_RS03660
NZ_CP042285.1	841031	841621		plus	conjugal transfer protein		93522216	protein-coding		WP_211738342.1	196	FQN59_RS03665
NZ_CP042285.1	841795	842094		plus	DUF4134 domain-containing protein		93522217	protein-coding		WP_004332848.1	99	FQN59_RS03670
NZ_CP042285.1	842099	842479		plus	DUF4133 domain-containing protein		93522218	protein-coding		WP_014298154.1	126	FQN59_RS03675
NZ_CP042285.1	842476	844962		plus	TraG family conjugative transposon ATPase		93522219	protein-coding		WP_014298155.1	828	FQN59_RS03680
NZ_CP042285.1	844995	845624		plus	DUF4141 domain-containing protein		93522220	protein-coding		WP_211738345.1	209	FQN59_RS03685
NZ_CP042285.1	845627	846718		plus	conjugative transposon protein TraJ	traJ	93522221	protein-coding		WP_014298157.1	363	FQN59_RS03690
NZ_CP042285.1	846725	847348		plus	conjugative transposon protein TraK	traK	93522222	protein-coding		WP_117959046.1	207	FQN59_RS03695
NZ_CP042285.1	847345	847677		plus	TraL conjugative transposon family protein		93522223	protein-coding		WP_211738347.1	110	FQN59_RS03700
NZ_CP042285.1	847628	848992		plus	conjugative transposon protein TraM	traM	93522224	protein-coding		WP_211738349.1	454	FQN59_RS03705
NZ_CP042285.1	849031	849951		plus	conjugative transposon protein TraN	traN	93522225	protein-coding		WP_057319929.1	306	FQN59_RS03710
NZ_CP042285.1	849953	850537		plus	conjugal transfer protein TraO		93522226	protein-coding		WP_211738351.1	194	FQN59_RS03715
NZ_CP042285.1	850537	851415		plus	toprim domain-containing protein		93522227	protein-coding		WP_211738354.1	292	FQN59_RS03720
NZ_CP042285.1	851412	851873		plus	DUF3872 domain-containing protein		93522228	protein-coding		WP_014298164.1	153	FQN59_RS03725
NZ_CP042285.1	851857	852372		plus	lysozyme		93522229	protein-coding		WP_014298165.1	171	FQN59_RS03730
NZ_CP042285.1	852638	853093		plus	uncharacterized gene		93522230	pseudogene				FQN59_RS03735
NZ_CP042285.1	853182	853484		plus	cupin domain-containing protein		93522231	protein-coding		WP_022430057.1	100	FQN59_RS03740
NZ_CP042285.1	853489	855042		plus	DUF438 domain-containing protein		93522232	protein-coding		WP_117959049.1	517	FQN59_RS03745
NZ_CP042285.1	855234	855464		minus	hypothetical protein		93522233	protein-coding		WP_014298168.1	76	FQN59_RS03750
NZ_CP042285.1	855469	855723		minus	hypothetical protein		93522234	protein-coding		WP_014298169.1	84	FQN59_RS03755
NZ_CP042285.1	855750	857030		minus	PcfJ domain-containing protein		93522235	protein-coding		WP_014298170.1	426	FQN59_RS03760
NZ_CP042285.1	857048	857578		minus	antirestriction protein ArdA		93522236	protein-coding		WP_014298171.1	176	FQN59_RS03765
NZ_CP042285.1	857601	858017		minus	PcfK-like family protein		93522237	protein-coding		WP_014298172.1	138	FQN59_RS03770
NZ_CP042285.1	858030	858248		minus	hypothetical protein		93522238	protein-coding		WP_014298173.1	72	FQN59_RS03775
NZ_CP042285.1	858261	858470		minus	hypothetical protein		93525983	protein-coding		WP_195349790.1	69	FQN59_RS22800
NZ_CP042285.1	859216	861894		plus	calcium-translocating P-type ATPase, PMCA-type		93522239	protein-coding		WP_211738356.1	892	FQN59_RS03780
NZ_CP042285.1	862150	863112		minus	IS3 family transposase		93522240	protein-coding		WP_229055235.1	320	FQN59_RS03785
NZ_CP042285.1	863139	863516		minus	transposase		93522241	protein-coding		WP_005863417.1	125	FQN59_RS03790
NZ_CP042285.1	864120	866234		minus	outer membrane beta-barrel family protein		93522242	protein-coding		WP_008773662.1	704	FQN59_RS03795
NZ_CP042285.1	866457	866969		minus	FKBP-type peptidyl-prolyl cis-trans isomerase		93522243	protein-coding		WP_211738358.1	170	FQN59_RS03800
NZ_CP042285.1	867099	869333		plus	S9 family peptidase		93522244	protein-coding		WP_211738359.1	744	FQN59_RS03805
NZ_CP042285.1	869349	871208		plus	mechanosensitive ion channel family protein		93522245	protein-coding		WP_087342521.1	619	FQN59_RS03810
NZ_CP042285.1	871309	871917		plus	hypothetical protein		93522246	protein-coding		WP_057328206.1	202	FQN59_RS03815
NZ_CP042285.1	872023	873240		minus	aminopeptidase C		93522247	protein-coding		WP_121961757.1	405	FQN59_RS03820
NZ_CP042285.1	873395	874198		plus	pyrroline-5-carboxylate reductase	proC	93522248	protein-coding		WP_005867255.1	267	FQN59_RS03825
NZ_CP042285.1	874261	875448		minus	proline dehydrogenase family protein		93522249	protein-coding		WP_211738361.1	395	FQN59_RS03830
NZ_CP042285.1	875539	877170		minus	L-glutamate gamma-semialdehyde dehydrogenase	pruA	93522250	protein-coding		WP_211738364.1	543	FQN59_RS03835
NZ_CP042285.1	877387	877575		plus	ferredoxin		93522251	protein-coding		WP_005854237.1	62	FQN59_RS03840
NZ_CP042285.1	877729	878382		plus	DUF1349 domain-containing protein		93522252	protein-coding		WP_005854236.1	217	FQN59_RS03845
NZ_CP042285.1	878566	879120		plus	helix-turn-helix domain-containing protein		93522253	protein-coding		WP_005854235.1	184	FQN59_RS03850
NZ_CP042285.1	879133	880788		plus	AMP-binding protein		93522254	protein-coding		WP_009018023.1	551	FQN59_RS03855
NZ_CP042285.1	880804	881877		plus	glutamate 5-kinase	proB	93522255	protein-coding		WP_211738366.1	357	FQN59_RS03860
NZ_CP042285.1	881883	883130		plus	glutamate-5-semialdehyde dehydrogenase		93522256	protein-coding		WP_211738368.1	415	FQN59_RS03865
NZ_CP042285.1	883181	884656		plus	sensor histidine kinase		93522257	protein-coding		WP_057319337.1	491	FQN59_RS03870
NZ_CP042285.1	884736	885698		plus	N-acetylornithine carbamoyltransferase		93522258	protein-coding		WP_005854226.1	320	FQN59_RS03875
NZ_CP042285.1	885898	886212		minus	DUF3467 domain-containing protein		93522259	protein-coding		WP_005854225.1	104	FQN59_RS03880
NZ_CP042285.1	886575	887459		minus	AraC family transcriptional regulator		93522260	protein-coding		WP_005854224.1	294	FQN59_RS03885
NZ_CP042285.1	887475	888338		minus	endonuclease/exonuclease/phosphatase family protein		93522261	protein-coding		WP_008773675.1	287	FQN59_RS03890
NZ_CP042285.1	888499	892794		minus	DNA-directed RNA polymerase subunit beta'	rpoC	93522262	protein-coding		WP_005867246.1	1431	FQN59_RS03895
NZ_CP042285.1	892871	896683		minus	DNA-directed RNA polymerase subunit beta	rpoB	93522263	protein-coding		WP_005854221.1	1270	FQN59_RS03900
NZ_CP042285.1	896791	897168		minus	50S ribosomal protein L7/L12	rplL	93522264	protein-coding		WP_005854220.1	125	FQN59_RS03905
NZ_CP042285.1	897219	897749		minus	50S ribosomal protein L10	rplJ	93522265	protein-coding		WP_057328200.1	176	FQN59_RS03910
NZ_CP042285.1	897764	898462		minus	50S ribosomal protein L1	rplA	93522266	protein-coding		WP_005854218.1	232	FQN59_RS03915
NZ_CP042285.1	898478	898921		minus	50S ribosomal protein L11	rplK	93522267	protein-coding		WP_005867244.1	147	FQN59_RS03920
NZ_CP042285.1	898989	899531		minus	transcription termination/antitermination protein NusG	nusG	93522268	protein-coding		WP_005854213.1	180	FQN59_RS03925
NZ_CP042285.1	899543	899737		minus	preprotein translocase subunit SecE	secE	93522269	protein-coding		WP_005854211.1	64	FQN59_RS03930
NZ_CP042285.1	899756	899828		minus	tRNA-Trp		93522270	tRNA				FQN59_RS03935
NZ_CP042285.1	899881	901068		minus	elongation factor Tu	tuf	93522271	protein-coding		WP_048927526.1	395	FQN59_RS03940
NZ_CP042285.1	901118	901189		minus	tRNA-Thr		93522272	tRNA				FQN59_RS03945
NZ_CP042285.1	901200	901272		minus	tRNA-Gly		93522273	tRNA				FQN59_RS03950
NZ_CP042285.1	901317	901399		minus	tRNA-Tyr		93522274	tRNA				FQN59_RS03955
NZ_CP042285.1	901419	901492		minus	tRNA-Thr		93522275	tRNA				FQN59_RS03960
NZ_CP042285.1	901586	901885		minus	ribosome hibernation-promoting factor, HPF/YfiA family	hpf	93522276	protein-coding		WP_008778704.1	99	FQN59_RS03965
NZ_CP042285.1	901875	902783		minus	tyrosine-type recombinase/integrase		93522277	protein-coding		WP_121961750.1	302	FQN59_RS03970
NZ_CP042285.1	902857	903048		minus	30S ribosomal protein S21	rpsU	93522278	protein-coding		WP_005854174.1	63	FQN59_RS03975
NZ_CP042285.1	903133	904170		minus	S-methyl-5-thioribose-1-phosphate isomerase	mtnA	93522279	protein-coding		WP_122114761.1	345	FQN59_RS03980
NZ_CP042285.1	904185	905042		minus	hypothetical protein		93522280	protein-coding		WP_008773678.1	285	FQN59_RS03985
NZ_CP042285.1	905444	906079		plus	HU family DNA-binding protein		93522281	protein-coding		WP_048927694.1	211	FQN59_RS03990
NZ_CP042285.1	906124	907911		plus	aminopeptidase P family protein		93522282	protein-coding		WP_158532229.1	595	FQN59_RS03995
NZ_CP042285.1	907922	908437		plus	gamma carbonic anhydrase family protein		93522283	protein-coding		WP_005854163.1	171	FQN59_RS04000
NZ_CP042285.1	908595	909788		plus	serine hydrolase domain-containing protein		93522284	protein-coding		WP_170106364.1	397	FQN59_RS04005
NZ_CP042285.1	909825	910943		plus	carbohydrate-binding family 9-like protein		93522285	protein-coding		WP_211738371.1	372	FQN59_RS04010
NZ_CP042285.1	910971	912374		plus	C1 family peptidase		93522286	protein-coding		WP_048927520.1	467	FQN59_RS04015
NZ_CP042285.1	912509	913744		minus	3-deoxy-D-manno-octulosonic acid transferase		93522287	protein-coding		WP_008773682.1	411	FQN59_RS04020
NZ_CP042285.1	913747	915264		minus	glutamate--tRNA ligase	gltX	93522288	protein-coding		WP_005867230.1	505	FQN59_RS04025
NZ_CP042285.1	915360	917399		plus	HD family phosphohydrolase		93522289	protein-coding		WP_048927518.1	679	FQN59_RS04030
NZ_CP042285.1	917506	918015		minus	low molecular weight protein-tyrosine-phosphatase		93522290	protein-coding		WP_172618161.1	169	FQN59_RS04035
NZ_CP042285.1	918050	920512		minus	replication restart helicase PriA	priA	93522291	protein-coding		WP_008773690.1	820	FQN59_RS04040
NZ_CP042285.1	920600	921208		minus	porin family protein		93522292	protein-coding		WP_005867222.1	202	FQN59_RS04045
NZ_CP042285.1	921723	922577		minus	type II pantothenate kinase	coaW	93522293	protein-coding		WP_008773692.1	284	FQN59_RS04050
NZ_CP042285.1	922707	924854		minus	methylmalonyl-CoA mutase	scpA	93522294	protein-coding		WP_048927515.1	715	FQN59_RS04055
NZ_CP042285.1	924867	926726		minus	methylmalonyl-CoA mutase small subunit	mutA	93522295	protein-coding		WP_048927514.1	619	FQN59_RS04060
NZ_CP042285.1	926998	927069		plus	tRNA-Glu		93522296	tRNA				FQN59_RS04065
NZ_CP042285.1	927164	928657		plus	NAD-dependent epimerase/dehydratase family protein		93522297	protein-coding		WP_005867216.1	497	FQN59_RS04070
NZ_CP042285.1	928784	928999		plus	winged helix-turn-helix domain-containing protein		93522298	protein-coding		WP_005854120.1	71	FQN59_RS04075
NZ_CP042285.1	929105	929953		plus	sugar phosphate isomerase/epimerase family protein		93522299	protein-coding		WP_008778708.1	282	FQN59_RS04080
NZ_CP042285.1	930041	931237		minus	ectonucleotide pyrophosphatase/phosphodiesterase		93522300	protein-coding		WP_233563990.1	398	FQN59_RS04085
NZ_CP042285.1	931404	934667		plus	TonB-dependent receptor plug domain-containing protein		93522301	protein-coding		WP_122369574.1	1087	FQN59_RS04090
NZ_CP042285.1	934869	936065		minus	M12 family metallopeptidase		93522302	protein-coding		WP_158593851.1	398	FQN59_RS04095
NZ_CP042285.1	936653	936925		plus	uncharacterized gene		93522303	pseudogene				FQN59_RS04100
NZ_CP042285.1	936986	938989		minus	tetratricopeptide repeat protein		93522304	protein-coding		WP_005867205.1	667	FQN59_RS04105
NZ_CP042285.1	939125	940075		plus	SPFH domain-containing protein		93522305	protein-coding		WP_057326318.1	316	FQN59_RS04110
NZ_CP042285.1	940104	940304		plus	Arc family DNA-binding protein		93522306	protein-coding		WP_005854106.1	66	FQN59_RS04115
NZ_CP042285.1	940338	941381		minus	SPOR domain-containing protein		93522307	protein-coding		WP_005867201.1	347	FQN59_RS04120
NZ_CP042285.1	941472	943004		minus	SusD/RagB family nutrient-binding outer membrane lipoprotein		93522308	protein-coding		WP_057326317.1	510	FQN59_RS04125
NZ_CP042285.1	943016	946393		minus	SusC/RagA family TonB-linked outer membrane protein		93522309	protein-coding		WP_057326342.1	1125	FQN59_RS04130
NZ_CP042285.1	946528	947607		minus	FecR family protein		93522310	protein-coding		WP_029257215.1	359	FQN59_RS04135
NZ_CP042285.1	947829	948410		minus	RNA polymerase sigma factor		93522311	protein-coding		WP_224201700.1	193	FQN59_RS04140
NZ_CP042285.1	948518	949876		minus	sulfatase family protein		93522312	protein-coding		WP_211738373.1	452	FQN59_RS04145
NZ_CP042285.1	949903	951282		minus	sulfatase family protein		93522313	protein-coding		WP_122369566.1	459	FQN59_RS04150
NZ_CP042285.1	951295	952701		minus	sulfatase family protein		93522314	protein-coding		WP_154395150.1	468	FQN59_RS04155
NZ_CP042285.1	952725	954284		minus	RagB/SusD family nutrient uptake outer membrane protein		93522315	protein-coding		WP_009017992.1	519	FQN59_RS04160
NZ_CP042285.1	954289	957666		minus	TonB-dependent receptor		93522316	protein-coding		WP_122145366.1	1125	FQN59_RS04165
NZ_CP042285.1	957880	958869		minus	FecR family protein		93522317	protein-coding		WP_005854084.1	329	FQN59_RS04170
NZ_CP042285.1	958905	959498		minus	RNA polymerase sigma factor		93522318	protein-coding		WP_005854082.1	197	FQN59_RS04175
NZ_CP042285.1	959508	960152		minus	HD domain-containing protein		93522319	protein-coding		WP_009017989.1	214	FQN59_RS04180
NZ_CP042285.1	960381	961520		plus	AAA family ATPase		93522320	protein-coding		WP_011966820.1	379	FQN59_RS04185
NZ_CP042285.1	961821	962582		minus	LytR/AlgR family response regulator transcription factor		93522321	protein-coding		WP_022191757.1	253	FQN59_RS04190
NZ_CP042285.1	962805	963806		plus	alpha/beta hydrolase		93522322	protein-coding		WP_022191758.1	333	FQN59_RS04195
NZ_CP042285.1	963866	965353		plus	capsule assembly Wzi family protein		93522323	protein-coding		WP_009017986.1	495	FQN59_RS04200
NZ_CP042285.1	965363	966100		minus	lysophospholipid acyltransferase family protein		93522324	protein-coding		WP_005854069.1	245	FQN59_RS04205
NZ_CP042285.1	966238	966408		plus	hypothetical protein		93522325	protein-coding		WP_005854067.1	56	FQN59_RS04210
NZ_CP042285.1	966472	967500		minus	pyridoxal phosphate-dependent aminotransferase		93522326	protein-coding		WP_005867163.1	342	FQN59_RS04215
NZ_CP042285.1	967548	970547		minus	glycoside hydrolase family 3 N-terminal domain-containing protein		93522327	protein-coding		WP_121961005.1	999	FQN59_RS04220
NZ_CP042285.1	970662	973298		plus	TonB-dependent receptor domain-containing protein		93522328	protein-coding		WP_005854042.1	878	FQN59_RS04225
NZ_CP042285.1	973304	974320		plus	DUF4249 domain-containing protein		93522329	protein-coding		WP_005854041.1	338	FQN59_RS04230
NZ_CP042285.1	974458	974805		plus	50S ribosomal protein L19	rplS	93522330	protein-coding		WP_005854040.1	115	FQN59_RS04235
NZ_CP042285.1	974991	976595		minus	InlB B-repeat-containing protein		93522331	protein-coding		WP_229103457.1	534	FQN59_RS04240
NZ_CP042285.1	976601	980833		minus	leucine-rich repeat domain-containing protein		93522332	protein-coding		WP_048927499.1	1410	FQN59_RS04245
NZ_CP042285.1	981587	982318		minus	DUF3990 domain-containing protein		93522333	protein-coding		WP_008773742.1	243	FQN59_RS04250
NZ_CP042285.1	982312	982590		minus	DUF3791 domain-containing protein		93522334	protein-coding		WP_005867148.1	92	FQN59_RS04255
NZ_CP042285.1	982736	984805		minus	outer membrane beta-barrel protein		93522335	protein-coding		WP_129984471.1	689	FQN59_RS04260
NZ_CP042285.1	985062	986618		minus	LuxR family transcriptional regulator		93522336	protein-coding		WP_238696780.1	518	FQN59_RS04265
NZ_CP042285.1	986736	987917		plus	sensor histidine kinase		93522337	protein-coding		WP_005867144.1	393	FQN59_RS04270
NZ_CP042285.1	987914	988675		plus	LytR/AlgR family response regulator transcription factor		93522338	protein-coding		WP_036618389.1	253	FQN59_RS04275
NZ_CP042285.1	988799	989236		plus	LytR/AlgR family response regulator transcription factor		93522339	protein-coding		WP_211738375.1	145	FQN59_RS04280
NZ_CP042285.1	989326	990531		minus	hypothetical protein		93522340	protein-coding		WP_146375941.1	401	FQN59_RS04285
NZ_CP042285.1	990518	991834		minus	DUF4270 family protein		93522341	protein-coding		WP_211738377.1	438	FQN59_RS04290
NZ_CP042285.1	992106	993107		plus	Kelch repeat-containing protein		93522342	protein-coding		WP_008773751.1	333	FQN59_RS04295
NZ_CP042285.1	993094	993447		plus	DUF4907 domain-containing protein		93522343	protein-coding		WP_008778715.1	117	FQN59_RS04300
NZ_CP042285.1	993510	994793		minus	phosphopyruvate hydratase	eno	93522344	protein-coding		WP_211738380.1	427	FQN59_RS04305
NZ_CP042285.1	994974	995459		minus	50S ribosomal protein L17	rplQ	93522345	protein-coding		WP_211738382.1	161	FQN59_RS04310
NZ_CP042285.1	995467	996459		minus	DNA-directed RNA polymerase subunit alpha		93522346	protein-coding		WP_005867125.1	330	FQN59_RS04315
NZ_CP042285.1	996472	997077		minus	30S ribosomal protein S4	rpsD	93522347	protein-coding		WP_005867123.1	201	FQN59_RS04320
NZ_CP042285.1	997201	997590		minus	30S ribosomal protein S11	rpsK	93522348	protein-coding		WP_005634781.1	129	FQN59_RS04325
NZ_CP042285.1	997602	997982		minus	30S ribosomal protein S13	rpsM	93522349	protein-coding		WP_005854010.1	126	FQN59_RS04330
NZ_CP042285.1	998018	998134		minus	type B 50S ribosomal protein L36	ykgO	93522350	protein-coding		WP_005645768.1	38	FQN59_RS04335
NZ_CP042285.1	998148	998366		minus	translation initiation factor IF-1	infA	93522351	protein-coding		WP_005854007.1	72	FQN59_RS04340
NZ_CP042285.1	998377	999162		minus	type I methionyl aminopeptidase	map	93522352	protein-coding		WP_005867121.1	261	FQN59_RS04345
NZ_CP042285.1	999167	1000507		minus	preprotein translocase subunit SecY	secY	93522353	protein-coding		WP_005854004.1	446	FQN59_RS04350
NZ_CP042285.1	1000511	1000957		minus	50S ribosomal protein L15	rplO	93522354	protein-coding		WP_005853999.1	148	FQN59_RS04355
NZ_CP042285.1	1000987	1001163		minus	50S ribosomal protein L30	rpmD	93522355	protein-coding		WP_005853996.1	58	FQN59_RS04360
NZ_CP042285.1	1001181	1001699		minus	30S ribosomal protein S5	rpsE	93522356	protein-coding		WP_008773758.1	172	FQN59_RS04365
NZ_CP042285.1	1001699	1002043		minus	50S ribosomal protein L18	rplR	93522357	protein-coding		WP_005853992.1	114	FQN59_RS04370
NZ_CP042285.1	1002065	1002616		minus	50S ribosomal protein L6	rplF	93522358	protein-coding		WP_005853990.1	183	FQN59_RS04375
NZ_CP042285.1	1002633	1003028		minus	30S ribosomal protein S8	rpsH	93522359	protein-coding		WP_005634758.1	131	FQN59_RS04380
NZ_CP042285.1	1003087	1003356		minus	30S ribosomal protein S14	rpsN	93522360	protein-coding		WP_005853988.1	89	FQN59_RS04385
NZ_CP042285.1	1003363	1003920		minus	50S ribosomal protein L5	rplE	93522361	protein-coding		WP_005853986.1	185	FQN59_RS04390
NZ_CP042285.1	1003920	1004240		minus	50S ribosomal protein L24	rplX	93522362	protein-coding		WP_005853984.1	106	FQN59_RS04395
NZ_CP042285.1	1004260	1004625		minus	50S ribosomal protein L14	rplN	93522363	protein-coding		WP_005853982.1	121	FQN59_RS04400
NZ_CP042285.1	1004627	1004884		minus	30S ribosomal protein S17	rpsQ	93522364	protein-coding		WP_008773759.1	85	FQN59_RS04405
NZ_CP042285.1	1004894	1005091		minus	50S ribosomal protein L29	rpmC	93522365	protein-coding		WP_005853979.1	65	FQN59_RS04410
NZ_CP042285.1	1005097	1005531		minus	50S ribosomal protein L16	rplP	93522366	protein-coding		WP_005853976.1	144	FQN59_RS04415
NZ_CP042285.1	1005552	1006286		minus	30S ribosomal protein S3	rpsC	93522367	protein-coding		WP_005853974.1	244	FQN59_RS04420
NZ_CP042285.1	1006294	1006704		minus	50S ribosomal protein L22	rplV	93522368	protein-coding		WP_005853972.1	136	FQN59_RS04425
NZ_CP042285.1	1006757	1007026		minus	30S ribosomal protein S19	rpsS	93522369	protein-coding		WP_005634738.1	89	FQN59_RS04430
NZ_CP042285.1	1007047	1007871		minus	50S ribosomal protein L2	rplB	93522370	protein-coding		WP_005853970.1	274	FQN59_RS04435
NZ_CP042285.1	1007880	1008173		minus	50S ribosomal protein L23	rplW	93522371	protein-coding		WP_005853968.1	97	FQN59_RS04440
NZ_CP042285.1	1008185	1008814		minus	50S ribosomal protein L4	rplD	93522372	protein-coding		WP_005853966.1	209	FQN59_RS04445
NZ_CP042285.1	1008814	1009431		minus	50S ribosomal protein L3	rplC	93522373	protein-coding		WP_005853963.1	205	FQN59_RS04450
NZ_CP042285.1	1009451	1009756		minus	30S ribosomal protein S10	rpsJ	93522374	protein-coding		WP_005853961.1	101	FQN59_RS04455
NZ_CP042285.1	1009779	1011905		minus	elongation factor G	fusA	93522375	protein-coding		WP_009017971.1	708	FQN59_RS04460
NZ_CP042285.1	1011928	1012404		minus	30S ribosomal protein S7	rpsG	93522376	protein-coding		WP_005853957.1	158	FQN59_RS04465
NZ_CP042285.1	1012558	1012968		minus	30S ribosomal protein S12	rpsL	93522377	protein-coding		WP_005853956.1	136	FQN59_RS04470
NZ_CP042285.1	1013292	1013888		minus	HU family DNA-binding protein		93522378	protein-coding		WP_057328144.1	198	FQN59_RS04475
NZ_CP042285.1	1014203	1014757		plus	hypothetical protein		93525929	protein-coding		WP_005867113.1	184	FQN59_RS22460
NZ_CP042285.1	1014745	1015032		plus	virulence-associated E family protein		93525930	protein-coding		WP_249222506.1	95	FQN59_RS22465
NZ_CP042285.1	1015072	1015305		plus	DUF3874 domain-containing protein		93525931	protein-coding		WP_227154224.1	77	FQN59_RS22470
NZ_CP042285.1	1015357	1017204		minus	DNA mismatch repair endonuclease MutL	mutL	93522379	protein-coding		WP_005867111.1	615	FQN59_RS04485
NZ_CP042285.1	1017204	1017506		minus	hypothetical protein		93522380	protein-coding		WP_211738384.1	100	FQN59_RS04490
NZ_CP042285.1	1017536	1019137		minus	OstA-like protein		93522381	protein-coding		WP_005867109.1	533	FQN59_RS04495
NZ_CP042285.1	1019134	1020498		minus	peptidylprolyl isomerase		93522382	protein-coding		WP_009017967.1	454	FQN59_RS04500
NZ_CP042285.1	1020524	1021378		minus	hypothetical protein		93522383	protein-coding		WP_005867108.1	284	FQN59_RS04505
NZ_CP042285.1	1021392	1022978		minus	peptidylprolyl isomerase		93522384	protein-coding		WP_057326857.1	528	FQN59_RS04510
NZ_CP042285.1	1023087	1024562		minus	IMP dehydrogenase	guaB	93522385	protein-coding		WP_005853938.1	491	FQN59_RS04515
NZ_CP042285.1	1024777	1026957		minus	DNA helicase RecQ	recQ	93522386	protein-coding		WP_005853936.1	726	FQN59_RS04520
NZ_CP042285.1	1026990	1028222		minus	ATP-dependent Clp protease ATP-binding subunit ClpX	clpX	93522387	protein-coding		WP_005867105.1	410	FQN59_RS04525
NZ_CP042285.1	1028244	1028906		minus	ATP-dependent Clp endopeptidase proteolytic subunit ClpP	clpP	93522388	protein-coding		WP_005853931.1	220	FQN59_RS04530
NZ_CP042285.1	1029096	1030448		minus	trigger factor	tig	93522389	protein-coding		WP_005853929.1	450	FQN59_RS04535
NZ_CP042285.1	1030592	1031479		plus	CPBP family intramembrane glutamic endopeptidase		93522390	protein-coding		WP_211738387.1	295	FQN59_RS04540
NZ_CP042285.1	1031474	1032226		minus	LPS export ABC transporter ATP-binding protein	lptB	93522391	protein-coding		WP_005853924.1	250	FQN59_RS04545
NZ_CP042285.1	1032311	1033426		minus	glycoside hydrolase family 43 protein		93522392	protein-coding		WP_005867100.1	371	FQN59_RS04550
NZ_CP042285.1	1033602	1034348		plus	MlaE family ABC transporter permease		93522393	protein-coding		WP_008773770.1	248	FQN59_RS04555
NZ_CP042285.1	1034351	1035121		plus	ABC transporter ATP-binding protein		93522394	protein-coding		WP_005853918.1	256	FQN59_RS04560
NZ_CP042285.1	1035236	1036522		minus	methionine adenosyltransferase	metK	93522395	protein-coding		WP_005867099.1	428	FQN59_RS04565
NZ_CP042285.1	1036711	1036905		minus	hypothetical protein		93522396	protein-coding		WP_008778718.1	64	FQN59_RS04570
NZ_CP042285.1	1036936	1037394		minus	2-amino-4-hydroxy-6-hydroxymethyldihydropteridine diphosphokinase	folK	93522397	protein-coding		WP_005867096.1	152	FQN59_RS04575
NZ_CP042285.1	1037405	1038454		minus	tRNA preQ1(34) S-adenosylmethionine ribosyltransferase-isomerase QueA	queA	93522398	protein-coding		WP_005853911.1	349	FQN59_RS04580
NZ_CP042285.1	1038467	1039174		minus	tRNA pseudouridine(55) synthase TruB	truB	93522399	protein-coding		WP_005867095.1	235	FQN59_RS04585
NZ_CP042285.1	1039178	1039978		minus	undecaprenyl-diphosphate phosphatase		93522400	protein-coding		WP_005867094.1	266	FQN59_RS04590
NZ_CP042285.1	1039975	1040214		minus	DUF3098 domain-containing protein		93522401	protein-coding		WP_005853907.1	79	FQN59_RS04595
NZ_CP042285.1	1040242	1041120		minus	cell division protein FtsX		93522402	protein-coding		WP_005853905.1	292	FQN59_RS04600
NZ_CP042285.1	1041370	1046715		minus	Ig-like domain-containing protein		93522403	protein-coding		WP_211738389.1	1781	FQN59_RS04605
NZ_CP042285.1	1046736	1050359		minus	DUF1565 domain-containing protein		93522404	protein-coding		WP_249222507.1	1207	FQN59_RS04610
NZ_CP042285.1	1051095	1051472		plus	transposase		93522405	protein-coding		WP_005863417.1	125	FQN59_RS04615
NZ_CP042285.1	1051499	1052461		plus	IS3 family transposase		93522406	protein-coding		WP_229055235.1	320	FQN59_RS04620
NZ_CP042285.1	1053019	1053657		minus	nucleotidyl transferase AbiEii/AbiGii toxin family protein		93522407	protein-coding		WP_009017957.1	212	FQN59_RS04625
NZ_CP042285.1	1053654	1053986		minus	hypothetical protein		93522408	protein-coding		WP_009017956.1	110	FQN59_RS04630
NZ_CP042285.1	1054134	1055507		minus	tRNA (N6-isopentenyl adenosine(37)-C2)-methylthiotransferase MiaB	miaB	93522409	protein-coding		WP_211738391.1	457	FQN59_RS04635
NZ_CP042285.1	1055768	1056226		plus	hypothetical protein		93522410	protein-coding		WP_008773783.1	152	FQN59_RS04640
NZ_CP042285.1	1056328	1057824		plus	acetyl-CoA hydrolase/transferase family protein		93522411	protein-coding		WP_005867081.1	498	FQN59_RS04645
NZ_CP042285.1	1057916	1058158		plus	DUF6722 family protein		93522412	protein-coding		WP_008778724.1	80	FQN59_RS04650
NZ_CP042285.1	1058431	1059618		plus	phosphate ABC transporter permease subunit PstC	pstC	93522413	protein-coding		WP_121961093.1	395	FQN59_RS04655
NZ_CP042285.1	1059627	1060514		plus	phosphate ABC transporter permease PstA	pstA	93522414	protein-coding		WP_005867077.1	295	FQN59_RS04660
NZ_CP042285.1	1060530	1061282		plus	phosphate ABC transporter ATP-binding protein PstB	pstB	93522415	protein-coding		WP_005867076.1	250	FQN59_RS04665
NZ_CP042285.1	1061314	1061988		plus	phosphate signaling complex protein PhoU	phoU	93522416	protein-coding		WP_005853873.1	224	FQN59_RS04670
NZ_CP042285.1	1062029	1063249		plus	OprO/OprP family phosphate-selective porin		93522417	protein-coding		WP_009275551.1	406	FQN59_RS04675
NZ_CP042285.1	1063310	1065739		minus	glycoside hydrolase family 95 protein		93522418	protein-coding		WP_211738393.1	809	FQN59_RS04680
NZ_CP042285.1	1065822	1067669		minus	ABC transporter ATP-binding protein		93522419	protein-coding		WP_211738395.1	615	FQN59_RS04685
NZ_CP042285.1	1067799	1068641		plus	radical SAM-associated putative lipoprotein		93522420	protein-coding		WP_211738397.1	280	FQN59_RS04690
NZ_CP042285.1	1068645	1069115		plus	radical SAM-associated putative lipoprotein		93522421	protein-coding		WP_005867071.1	156	FQN59_RS04695
NZ_CP042285.1	1069119	1070195		plus	TIGR04133 family radical SAM/SPASM protein		93522422	protein-coding		WP_211738399.1	358	FQN59_RS04700
NZ_CP042285.1	1070253	1072028		plus	DUF4091 domain-containing protein		93522423	protein-coding		WP_008778726.1	591	FQN59_RS04705
NZ_CP042285.1	1072205	1074556		plus	glycoside hydrolase family 3 C-terminal domain-containing protein		93522424	protein-coding		WP_211738401.1	783	FQN59_RS04710
NZ_CP042285.1	1074617	1075210		minus	hypothetical protein		93522425	protein-coding		WP_146375960.1	197	FQN59_RS04715
NZ_CP042285.1	1075395	1075691		plus	DUF2442 domain-containing protein		93522426	protein-coding		WP_005867066.1	98	FQN59_RS04720
NZ_CP042285.1	1075774	1077426		minus	Ig-like domain-containing protein		93522427	protein-coding		WP_005867063.1	550	FQN59_RS04725
NZ_CP042285.1	1077828	1077959		minus	hypothetical protein		93525967	protein-coding		WP_270620819.1	43	FQN59_RS22720
NZ_CP042285.1	1078048	1078899		plus	DUF6261 family protein		93522428	protein-coding		WP_122144967.1	283	FQN59_RS04730
NZ_CP042285.1	1079014	1079223		plus	hypothetical protein		93522429	protein-coding		WP_008773800.1	69	FQN59_RS04735
NZ_CP042285.1	1079220	1079495		plus	type II toxin-antitoxin system YafQ family toxin		93522430	protein-coding		WP_211738403.1	91	FQN59_RS04740
NZ_CP042285.1	1079548	1080861		minus	ribosome biogenesis GTPase Der	der	93522431	protein-coding		WP_044545262.1	437	FQN59_RS04745
NZ_CP042285.1	1080886	1081776		minus	GTPase Era	era	93522432	protein-coding		WP_008773803.1	296	FQN59_RS04750
NZ_CP042285.1	1081760	1082764		minus	beta-ketoacyl-ACP synthase III		93522433	protein-coding		WP_211738405.1	334	FQN59_RS04755
NZ_CP042285.1	1082868	1083053		minus	50S ribosomal protein L32	rpmF	93522434	protein-coding		WP_005634607.1	61	FQN59_RS04760
NZ_CP042285.1	1083066	1083656		minus	YceD family protein		93522435	protein-coding		WP_005867041.1	196	FQN59_RS04765
NZ_CP042285.1	1083745	1084902		minus	sensor histidine kinase		93522436	protein-coding		WP_057326855.1	385	FQN59_RS04770
NZ_CP042285.1	1085163	1085273		minus	5S ribosomal RNA	rrf	93522437	rRNA				FQN59_RS04775
NZ_CP042285.1	1085357	1088234		minus	23S ribosomal RNA		93522438	rRNA				FQN59_RS04780
NZ_CP042285.1	1088340	1088413		minus	tRNA-Ala		93522439	tRNA				FQN59_RS04785
NZ_CP042285.1	1088424	1088497		minus	tRNA-Ile		93522440	tRNA				FQN59_RS04790
NZ_CP042285.1	1088647	1090171		minus	16S ribosomal RNA		93522441	rRNA				FQN59_RS04795
NZ_CP042285.1	1091055	1091591		plus	DUF4255 domain-containing protein		93522442	protein-coding		WP_022191828.1	178	FQN59_RS04800
NZ_CP042285.1	1091682	1092437		plus	hypothetical protein		93522443	protein-coding		WP_158532589.1	251	FQN59_RS04805
NZ_CP042285.1	1092457	1093965		plus	phage tail sheath family protein		93522444	protein-coding		WP_005867035.1	502	FQN59_RS04810
NZ_CP042285.1	1094003	1094455		plus	phage tail protein		93522445	protein-coding		WP_005861441.1	150	FQN59_RS04815
NZ_CP042285.1	1094455	1094958		plus	phage tail protein		93522446	protein-coding		WP_005861439.1	167	FQN59_RS04820
NZ_CP042285.1	1095120	1095776		plus	hypothetical protein		93522447	protein-coding		WP_005867031.1	218	FQN59_RS04825
NZ_CP042285.1	1095776	1097539		plus	type VI secretion system tip protein VgrG	vgrG	93522448	protein-coding		WP_249222508.1	587	FQN59_RS04830
NZ_CP042285.1	1097552	1097956		plus	GPW/gp25 family protein		93522449	protein-coding		WP_005867028.1	134	FQN59_RS04835
NZ_CP042285.1	1097953	1101324		plus	hypothetical protein		93522450	protein-coding		WP_211738407.1	1123	FQN59_RS04840
NZ_CP042285.1	1101337	1102077		plus	hypothetical protein		93522451	protein-coding		WP_005861427.1	246	FQN59_RS04845
NZ_CP042285.1	1102080	1103798		plus	hypothetical protein		93522452	protein-coding		WP_048927985.1	572	FQN59_RS04850
NZ_CP042285.1	1103809	1105932		plus	hypothetical protein		93522453	protein-coding		WP_211738409.1	707	FQN59_RS04855
NZ_CP042285.1	1105934	1107241		minus	ATP-binding protein		93522454	protein-coding		WP_211738411.1	435	FQN59_RS04860
NZ_CP042285.1	1107238	1107825		minus	DUF4157 domain-containing protein		93522455	protein-coding		WP_005867018.1	195	FQN59_RS04865
NZ_CP042285.1	1107847	1110975		minus	contractile injection system tape measure protein		93522456	protein-coding		WP_211738413.1	1042	FQN59_RS04870
NZ_CP042285.1	1111386	1112678		plus	3-keto-disaccharide hydrolase		93522457	protein-coding		WP_008773813.1	430	FQN59_RS04875
NZ_CP042285.1	1112783	1115599		plus	NPCBM/NEW2 domain-containing protein		93522458	protein-coding		WP_211738415.1	938	FQN59_RS04880
NZ_CP042285.1	1115657	1116040		minus	hypothetical protein		93522459	protein-coding		WP_087343728.1	127	FQN59_RS04885
NZ_CP042285.1	1116162	1117340		minus	glycoside hydrolase family 172 protein		93522460	protein-coding		WP_008780730.1	392	FQN59_RS04890
NZ_CP042285.1	1117374	1118789		minus	glycoside hydrolase family 140 protein		93522461	protein-coding		WP_146376025.1	471	FQN59_RS04895
NZ_CP042285.1	1118807	1120147		minus	glycoside hydrolase family 28 protein		93522462	protein-coding		WP_146376024.1	446	FQN59_RS04900
NZ_CP042285.1	1120259	1121848		minus	RagB/SusD family nutrient uptake outer membrane protein		93522463	protein-coding		WP_211738418.1	529	FQN59_RS04905
NZ_CP042285.1	1121861	1125037		minus	TonB-dependent receptor		93522464	protein-coding		WP_249222509.1	1058	FQN59_RS04910
NZ_CP042285.1	1125319	1126329		minus	FecR family protein		93522465	protein-coding		WP_009018300.1	336	FQN59_RS04915
NZ_CP042285.1	1126398	1126970		minus	RNA polymerase sigma factor		93522466	protein-coding		WP_008773822.1	190	FQN59_RS04920
NZ_CP042285.1	1127117	1128628		minus	Gfo/Idh/MocA family oxidoreductase		93522467	protein-coding		WP_009018301.1	503	FQN59_RS04925
NZ_CP042285.1	1128642	1129313		minus	3-keto-disaccharide hydrolase		93522468	protein-coding		WP_009018302.1	223	FQN59_RS04930
NZ_CP042285.1	1129330	1131018		minus	RagB/SusD family nutrient uptake outer membrane protein		93522469	protein-coding		WP_211738422.1	562	FQN59_RS04935
NZ_CP042285.1	1131036	1134296		minus	SusC/RagA family TonB-linked outer membrane protein		93522470	protein-coding		WP_211738424.1	1086	FQN59_RS04940
NZ_CP042285.1	1134481	1135539		minus	FecR family protein		93522471	protein-coding		WP_211738426.1	352	FQN59_RS04945
NZ_CP042285.1	1135811	1136362		plus	RNA polymerase sigma-70 factor		93522472	protein-coding		WP_008773829.1	183	FQN59_RS04950
NZ_CP042285.1	1136493	1139312		plus	TonB-dependent receptor		93522473	protein-coding		WP_211738428.1	939	FQN59_RS04955
NZ_CP042285.1	1139577	1141136		plus	sensor histidine kinase		93522474	protein-coding		WP_005861390.1	519	FQN59_RS04960
NZ_CP042285.1	1141139	1141870		plus	response regulator transcription factor		93522475	protein-coding		WP_005861388.1	243	FQN59_RS04965
NZ_CP042285.1	1141924	1143333		minus	carbon starvation CstA family protein		93522476	protein-coding		WP_211738430.1	469	FQN59_RS04970
NZ_CP042285.1	1143449	1143898		minus	GatB/YqeY domain-containing protein		93522477	protein-coding		WP_005861384.1	149	FQN59_RS04975
NZ_CP042285.1	1143918	1145282		minus	cell division protein FtsZ	ftsZ	93522478	protein-coding		WP_044545492.1	454	FQN59_RS04980
NZ_CP042285.1	1145316	1146674		minus	cell division protein FtsA	ftsA	93522479	protein-coding		WP_122145186.1	452	FQN59_RS04985
NZ_CP042285.1	1146680	1147408		minus	cell division protein FtsQ/DivIB		93522480	protein-coding		WP_005866972.1	242	FQN59_RS04990
NZ_CP042285.1	1147405	1148793		minus	UDP-N-acetylmuramate--L-alanine ligase	murC	93522481	protein-coding		WP_211738432.1	462	FQN59_RS04995
NZ_CP042285.1	1148799	1149905		minus	undecaprenyldiphospho-muramoylpentapeptide beta-N-acetylglucosaminyltransferase	murG	93522482	protein-coding		WP_008773833.1	368	FQN59_RS05000
NZ_CP042285.1	1149902	1151209		minus	FtsW/RodA/SpoVE family cell cycle protein		93522483	protein-coding		WP_005866970.1	435	FQN59_RS05005
NZ_CP042285.1	1151221	1152558		minus	UDP-N-acetylmuramoyl-L-alanine--D-glutamate ligase	murD	93522484	protein-coding		WP_008773835.1	445	FQN59_RS05010
NZ_CP042285.1	1152562	1153821		minus	phospho-N-acetylmuramoyl-pentapeptide-transferase	mraY	93522485	protein-coding		WP_005861367.1	419	FQN59_RS05015
NZ_CP042285.1	1153835	1155295		minus	UDP-N-acetylmuramoyl-L-alanyl-D-glutamate--2,6-diaminopimelate ligase		93522486	protein-coding		WP_009018313.1	486	FQN59_RS05020
NZ_CP042285.1	1155298	1157493		minus	penicillin-binding protein		93522487	protein-coding		WP_039848975.1	731	FQN59_RS05025
NZ_CP042285.1	1157512	1157865		minus	FtsL-like putative cell division protein		93522488	protein-coding		WP_005861360.1	117	FQN59_RS05030
NZ_CP042285.1	1157878	1158795		minus	16S rRNA (cytosine(1402)-N(4))-methyltransferase RsmH	rsmH	93522489	protein-coding		WP_129984525.1	305	FQN59_RS05035
NZ_CP042285.1	1159272	1160096		plus	1-acyl-sn-glycerol-3-phosphate acyltransferase		93522490	protein-coding		WP_009276480.1	274	FQN59_RS05040
NZ_CP042285.1	1160109	1161083		plus	GNAT family N-acetyltransferase		93522491	protein-coding		WP_005866962.1	324	FQN59_RS05045
NZ_CP042285.1	1161188	1161919		minus	YjbH domain-containing protein		93522492	protein-coding		WP_048927964.1	243	FQN59_RS05050
NZ_CP042285.1	1161984	1164251		minus	carboxypeptidase-like regulatory domain-containing protein		93522493	protein-coding		WP_122268308.1	755	FQN59_RS05055
NZ_CP042285.1	1164263	1165513		minus	hypothetical protein		93522494	protein-coding		WP_416339359.1	416	FQN59_RS05060
NZ_CP042285.1	1166101	1167537		plus	cardiolipin synthase	cls	93522495	protein-coding		WP_005866953.1	478	FQN59_RS05065
NZ_CP042285.1	1167509	1168066		minus	RsmD family RNA methyltransferase		93522496	protein-coding		WP_005861342.1	185	FQN59_RS05070
NZ_CP042285.1	1168057	1168881		minus	DUF3822 family protein		93522497	protein-coding		WP_008773842.1	274	FQN59_RS05075
NZ_CP042285.1	1168894	1169529		minus	hypothetical protein		93522498	protein-coding		WP_005861338.1	211	FQN59_RS05080
NZ_CP042285.1	1169623	1171038		plus	ATP-dependent DNA helicase		93522499	protein-coding		WP_122268502.1	471	FQN59_RS05085
NZ_CP042285.1	1171148	1171843		plus	hypothetical protein		93522500	protein-coding		WP_211738436.1	231	FQN59_RS05090
NZ_CP042285.1	1171853	1172557		plus	16S rRNA (cytidine(1402)-2'-O)-methyltransferase	rsmI	93522501	protein-coding		WP_005861332.1	234	FQN59_RS05095
NZ_CP042285.1	1172577	1173449		plus	hypothetical protein		93522502	protein-coding		WP_005861330.1	290	FQN59_RS05100
NZ_CP042285.1	1173449	1174141		plus	YjjG family noncanonical pyrimidine nucleotidase		93522503	protein-coding		WP_005866942.1	230	FQN59_RS05105
NZ_CP042285.1	1174273	1175280		minus	FAD:protein FMN transferase		93522504	protein-coding		WP_005866940.1	335	FQN59_RS05110
NZ_CP042285.1	1175282	1176862		minus	peptide chain release factor 3		93522505	protein-coding		WP_005866938.1	526	FQN59_RS05115
NZ_CP042285.1	1176892	1177755		minus	dTDP-4-dehydrorhamnose reductase	rfbD	93522506	protein-coding		WP_005866936.1	287	FQN59_RS05120
NZ_CP042285.1	1177770	1178318		minus	DUF4924 family protein		93522507	protein-coding		WP_005861320.1	182	FQN59_RS05125
NZ_CP042285.1	1178315	1179241		minus	Mur ligase family protein		93522508	protein-coding		WP_005861318.1	308	FQN59_RS05130
NZ_CP042285.1	1179305	1180774		minus	TolB family protein		93522509	protein-coding		WP_121961105.1	489	FQN59_RS05135
NZ_CP042285.1	1180771	1182546		minus	DUF6057 family protein		93522510	protein-coding		WP_121961104.1	591	FQN59_RS05140
NZ_CP042285.1	1182562	1184130		minus	ATP-binding protein		93522511	protein-coding		WP_121961103.1	522	FQN59_RS05145
NZ_CP042285.1	1184482	1186188		minus	RagB/SusD family nutrient uptake outer membrane protein		93522512	protein-coding		WP_005866928.1	568	FQN59_RS05150
NZ_CP042285.1	1186205	1189267		minus	SusC/RagA family TonB-linked outer membrane protein		93522513	protein-coding		WP_005866926.1	1020	FQN59_RS05155
NZ_CP042285.1	1189641	1190492		plus	MBL fold metallo-hydrolase		93522514	protein-coding		WP_005866924.1	283	FQN59_RS05160
NZ_CP042285.1	1190788	1193112		plus	glycoside hydrolase family 20 protein		93522515	protein-coding		WP_211738438.1	774	FQN59_RS05165
NZ_CP042285.1	1193125	1195608		plus	S9 family peptidase		93522516	protein-coding		WP_005866920.1	827	FQN59_RS05170
NZ_CP042285.1	1196154	1199270		plus	SusC/RagA family TonB-linked outer membrane protein		93522517	protein-coding		WP_005866918.1	1038	FQN59_RS05175
NZ_CP042285.1	1199320	1200912		plus	RagB/SusD family nutrient uptake outer membrane protein		93522518	protein-coding		WP_005866917.1	530	FQN59_RS05180
NZ_CP042285.1	1201091	1204780		plus	phosphoribosylformylglycinamidine synthase	purL	93522519	protein-coding		WP_005866914.1	1229	FQN59_RS05185
NZ_CP042285.1	1205048	1205698		plus	hypothetical protein		93522520	protein-coding		WP_005866912.1	216	FQN59_RS05190
NZ_CP042285.1	1205868	1209038		plus	TonB-dependent receptor		93522521	protein-coding		WP_211738440.1	1056	FQN59_RS05195
NZ_CP042285.1	1209076	1210494		plus	calcineurin-like phosphoesterase C-terminal domain-containing protein		93522522	protein-coding		WP_172514231.1	472	FQN59_RS05200
NZ_CP042285.1	1210734	1212005		plus	ATP-binding protein		93522523	protein-coding		WP_122378451.1	423	FQN59_RS05205
NZ_CP042285.1	1212765	1215803		minus	DUF6383 domain-containing protein		93522524	protein-coding		WP_211738442.1	1012	FQN59_RS05210
NZ_CP042285.1	1216491	1216565		minus	tRNA-Pro		93522525	tRNA				FQN59_RS05215
NZ_CP042285.1	1216602	1217663		minus	3-dehydroquinate synthase	aroB	93522526	protein-coding		WP_005861282.1	353	FQN59_RS05220
NZ_CP042285.1	1217818	1220439		minus	alanine--tRNA ligase	alaS	93522527	protein-coding		WP_009018344.1	873	FQN59_RS05225
NZ_CP042285.1	1220538	1221521		plus	M23 family metallopeptidase		93522528	protein-coding		WP_005861279.1	327	FQN59_RS05230
NZ_CP042285.1	1221536	1221892		plus	MerR family transcriptional regulator		93522529	protein-coding		WP_005861277.1	118	FQN59_RS05235
NZ_CP042285.1	1221972	1222373		plus	DUF3127 domain-containing protein		93522530	protein-coding		WP_005866893.1	133	FQN59_RS05240
NZ_CP042285.1	1222380	1223330		plus	calcium/sodium antiporter		93522531	protein-coding		WP_005866891.1	316	FQN59_RS05245
NZ_CP042285.1	1223376	1225661		minus	RelA/SpoT family protein		93522532	protein-coding		WP_211738444.1	761	FQN59_RS05250
NZ_CP042285.1	1225780	1226745		minus	radical SAM protein		93522533	protein-coding		WP_005866887.1	321	FQN59_RS05255
NZ_CP042285.1	1226865	1227977		minus	GTP-binding protein		93522534	protein-coding		WP_211738446.1	370	FQN59_RS05260
NZ_CP042285.1	1228004	1228816		minus	MIP/aquaporin family protein		93522535	protein-coding		WP_005866878.1	270	FQN59_RS05265
NZ_CP042285.1	1229112	1229447		minus	ArsR/SmtB family transcription factor		93522536	protein-coding		WP_005866876.1	111	FQN59_RS05270
NZ_CP042285.1	1229559	1230020		minus	Lrp/AsnC family transcriptional regulator		93522537	protein-coding		WP_005866874.1	153	FQN59_RS05275
NZ_CP042285.1	1230206	1231492		plus	O-acetylhomoserine aminocarboxypropyltransferase/cysteine synthase family protein		93522538	protein-coding		WP_005866872.1	428	FQN59_RS05280
NZ_CP042285.1	1231671	1232942		minus	PQQ-binding-like beta-propeller repeat protein		93522539	protein-coding		WP_005866869.1	423	FQN59_RS05285
NZ_CP042285.1	1232971	1234260		minus	PQQ-binding-like beta-propeller repeat protein		93522540	protein-coding		WP_227804669.1	429	FQN59_RS05290
NZ_CP042285.1	1234293	1235564		minus	PQQ-binding-like beta-propeller repeat protein		93522541	protein-coding		WP_211738448.1	423	FQN59_RS05295
NZ_CP042285.1	1235576	1236838		minus	glycosyltransferase family 4 protein		93522542	protein-coding		WP_211738450.1	420	FQN59_RS05300
NZ_CP042285.1	1236853	1239975		minus	FtsX-like permease family protein		93522543	protein-coding		WP_211738452.1	1040	FQN59_RS05305
NZ_CP042285.1	1239972	1240643		minus	ABC transporter ATP-binding protein		93522544	protein-coding		WP_005866856.1	223	FQN59_RS05310
NZ_CP042285.1	1240661	1241809		minus	PQQ-binding-like beta-propeller repeat protein		93522545	protein-coding		WP_211738454.1	382	FQN59_RS05315
NZ_CP042285.1	1241825	1242793		minus	2Fe-2S iron-sulfur cluster-binding protein		93522546	protein-coding		WP_211738456.1	322	FQN59_RS05320
NZ_CP042285.1	1242798	1245140		minus	NAD(P)H-dependent oxidoreductase subunit E		93522547	protein-coding		WP_249222510.1	780	FQN59_RS05325
NZ_CP042285.1	1245190	1246986		minus	PQQ-like beta-propeller repeat protein		93522548	protein-coding		WP_005866849.1	598	FQN59_RS05330
NZ_CP042285.1	1246983	1248266		minus	4Fe-4S binding protein		93522549	protein-coding		WP_158532564.1	427	FQN59_RS05335
NZ_CP042285.1	1248271	1248846		minus	ferredoxin		93522550	protein-coding		WP_195283964.1	191	FQN59_RS05340
NZ_CP042285.1	1248855	1249898		minus	hypothetical protein		93522551	protein-coding		WP_005866843.1	347	FQN59_RS05345
NZ_CP042285.1	1249938	1251359		minus	PQQ-binding-like beta-propeller repeat protein		93522552	protein-coding		WP_122144743.1	473	FQN59_RS05350
NZ_CP042285.1	1251368	1253086		minus	prenyltransferase/squalene oxidase repeat-containing protein		93522553	protein-coding		WP_211738460.1	572	FQN59_RS05355
NZ_CP042285.1	1253083	1253955		minus	hypothetical protein		93522554	protein-coding		WP_122144741.1	290	FQN59_RS05360
NZ_CP042285.1	1253969	1255525		minus	polyprenyl synthetase family protein		93522555	protein-coding		WP_122144740.1	518	FQN59_RS05365
NZ_CP042285.1	1255539	1256756		minus	radical SAM protein		93522556	protein-coding		WP_057326017.1	405	FQN59_RS05370
NZ_CP042285.1	1256753	1257478		minus	ferredoxin		93522557	protein-coding		WP_036615196.1	241	FQN59_RS05375
NZ_CP042285.1	1257642	1258040		minus	hypothetical protein		93522558	protein-coding		WP_005866829.1	132	FQN59_RS05380
NZ_CP042285.1	1258353	1259108		minus	LytR/AlgR family response regulator transcription factor		93522559	protein-coding		WP_005866826.1	251	FQN59_RS05385
NZ_CP042285.1	1259115	1260173		minus	sensor histidine kinase		93522560	protein-coding		WP_211738463.1	352	FQN59_RS05390
NZ_CP042285.1	1260242	1261777		minus	lytic transglycosylase domain-containing protein		93522561	protein-coding		WP_048927948.1	511	FQN59_RS05395
NZ_CP042285.1	1261783	1262493		minus	DUF5683 domain-containing protein		93522562	protein-coding		WP_005866821.1	236	FQN59_RS05400
NZ_CP042285.1	1262490	1263377		minus	ParB/RepB/Spo0J family partition protein		93522563	protein-coding		WP_008773872.1	295	FQN59_RS05405
NZ_CP042285.1	1263365	1264144		minus	ParA family protein		93522564	protein-coding		WP_005861254.1	259	FQN59_RS05410
NZ_CP042285.1	1265461	1268784		minus	DUF6383 domain-containing protein		93522565	protein-coding		WP_211738465.1	1107	FQN59_RS05415
NZ_CP042285.1	1269184	1269936		minus	biotin--[acetyl-CoA-carboxylase] ligase		93522566	protein-coding		WP_211738466.1	250	FQN59_RS05420
NZ_CP042285.1	1269923	1270282		minus	MmcQ/YjbR family DNA-binding protein		93522567	protein-coding		WP_005866809.1	119	FQN59_RS05425
NZ_CP042285.1	1270295	1270660		minus	YraN family protein		93522568	protein-coding		WP_008773876.1	121	FQN59_RS05430
NZ_CP042285.1	1270730	1270957		plus	hypothetical protein		93522569	protein-coding		WP_005866807.1	75	FQN59_RS05435
NZ_CP042285.1	1270954	1271394		plus	nucleoside deaminase		93522570	protein-coding		WP_008780688.1	146	FQN59_RS05440
NZ_CP042285.1	1271398	1271676		minus	DUF4834 family protein		93522571	protein-coding		WP_008773877.1	92	FQN59_RS05445
NZ_CP042285.1	1271733	1272434		minus	CDP-alcohol phosphatidyltransferase family protein		93522572	protein-coding		WP_048927943.1	233	FQN59_RS05450
NZ_CP042285.1	1272431	1273093		minus	phosphatidylserine decarboxylase family protein		93522573	protein-coding		WP_005861238.1	220	FQN59_RS05455
NZ_CP042285.1	1273166	1276333		minus	UvrD-helicase domain-containing protein		93522574	protein-coding		WP_211738468.1	1055	FQN59_RS05460
NZ_CP042285.1	1276346	1276690		minus	translation initiation factor		93522575	protein-coding		WP_005866798.1	114	FQN59_RS05465
NZ_CP042285.1	1276858	1278237		minus	C10 family peptidase		93522576	protein-coding		WP_196008874.1	459	FQN59_RS05470
NZ_CP042285.1	1278695	1279477		plus	DUF6261 family protein		93522577	protein-coding		WP_005866789.1	260	FQN59_RS05475
NZ_CP042285.1	1279642	1281951		plus	sensor histidine kinase		93522578	protein-coding		WP_008778467.1	769	FQN59_RS05480
NZ_CP042285.1	1281920	1282405		minus	2-C-methyl-D-erythritol 2,4-cyclodiphosphate synthase	ispF	93522579	protein-coding		WP_195472802.1	161	FQN59_RS05485
NZ_CP042285.1	1282412	1283608		minus	type IX secretion system outer membrane channel protein PorV	porV	93522580	protein-coding		WP_057326022.1	398	FQN59_RS05490
NZ_CP042285.1	1283700	1287113		minus	type IX secretion system sortase PorU	porU	93522581	protein-coding		WP_211738470.1	1137	FQN59_RS05495
NZ_CP042285.1	1287110	1287724		minus	fumarylacetoacetate hydrolase family protein		93522582	protein-coding		WP_005861219.1	204	FQN59_RS05500
NZ_CP042285.1	1287728	1288378		minus	redox-sensing transcriptional repressor Rex		93522583	protein-coding		WP_005861218.1	216	FQN59_RS05505
NZ_CP042285.1	1288716	1289555		plus	BRO-N domain-containing protein		93522584	protein-coding		WP_211738473.1	279	FQN59_RS05510
NZ_CP042285.1	1289794	1293168		minus	DUF6383 domain-containing protein		93522585	protein-coding		WP_211738475.1	1124	FQN59_RS05515
NZ_CP042285.1	1294153	1295607		minus	aminoacyl-histidine dipeptidase		93522586	protein-coding		WP_011966905.1	484	FQN59_RS05520
NZ_CP042285.1	1295658	1296671		minus	lysylphosphatidylglycerol synthase transmembrane domain-containing protein		93522587	protein-coding		WP_009276449.1	337	FQN59_RS05525
NZ_CP042285.1	1296767	1297567		plus	16S rRNA (adenine(1518)-N(6)/adenine(1519)-N(6))-dimethyltransferase RsmA	rsmA	93522588	protein-coding		WP_005861207.1	266	FQN59_RS05530
NZ_CP042285.1	1297583	1298929		plus	magnesium transporter	mgtE	93522589	protein-coding		WP_005861206.1	448	FQN59_RS05535
NZ_CP042285.1	1299041	1299379		plus	CidA/LrgA family protein		93522590	protein-coding		WP_005861203.1	112	FQN59_RS05540
NZ_CP042285.1	1299383	1300087		plus	LrgB family protein		93522591	protein-coding		WP_005861201.1	234	FQN59_RS05545
NZ_CP042285.1	1300188	1300754		plus	elongation factor P	efp	93522592	protein-coding		WP_121737042.1	188	FQN59_RS05550
NZ_CP042285.1	1300840	1301547		plus	RadC family protein	radC	93522593	protein-coding		WP_005866762.1	235	FQN59_RS05555
NZ_CP042285.1	1301619	1301936		plus	metal-sulfur cluster assembly factor		93522594	protein-coding		WP_005861198.1	105	FQN59_RS05560
NZ_CP042285.1	1301933	1302712		plus	UDP-2,3-diacylglucosamine diphosphatase		93522595	protein-coding		WP_005861197.1	259	FQN59_RS05565
NZ_CP042285.1	1302760	1303578		minus	PstS family phosphate ABC transporter substrate-binding protein		93522596	protein-coding		WP_005861193.1	272	FQN59_RS05570
NZ_CP042285.1	1303664	1304950		minus	hypothetical protein		93522597	protein-coding		WP_121962002.1	428	FQN59_RS05575
NZ_CP042285.1	1305206	1306276		plus	NAD(P)H-dependent flavin oxidoreductase		93522598	protein-coding		WP_005861189.1	356	FQN59_RS05580
NZ_CP042285.1	1306337	1307785		minus	DUF3868 domain-containing protein		93522599	protein-coding		WP_211738477.1	482	FQN59_RS05585
NZ_CP042285.1	1307804	1308370		minus	DUF3575 domain-containing protein		93522600	protein-coding		WP_005861186.1	188	FQN59_RS05590
NZ_CP042285.1	1308542	1309153		minus	response regulator transcription factor		93522601	protein-coding		WP_005861184.1	203	FQN59_RS05595
NZ_CP042285.1	1309164	1309853		minus	hemerythrin domain-containing protein		93522602	protein-coding		WP_010185248.1	229	FQN59_RS05600
NZ_CP042285.1	1309936	1311090		minus	Rid family hydrolase		93522603	protein-coding		WP_211738480.1	384	FQN59_RS05605
NZ_CP042285.1	1311102	1311809		minus	hypothetical protein		93522604	protein-coding		WP_211738482.1	235	FQN59_RS05610
NZ_CP042285.1	1311819	1313054		minus	porin		93522605	protein-coding		WP_146375710.1	411	FQN59_RS05615
NZ_CP042285.1	1313077	1314483		minus	di-heme oxidoredictase family protein		93522606	protein-coding		WP_005866749.1	468	FQN59_RS05620
NZ_CP042285.1	1314501	1315712		minus	imelysin family protein		93522607	protein-coding		WP_036652038.1	403	FQN59_RS05625
NZ_CP042285.1	1315743	1317056		minus	porin		93522608	protein-coding		WP_005861166.1	437	FQN59_RS05630
NZ_CP042285.1	1317386	1317646		plus	type II toxin-antitoxin system HicA family toxin		93522609	protein-coding		WP_005866745.1	86	FQN59_RS05635
NZ_CP042285.1	1317658	1317999		plus	type II toxin-antitoxin system HicB family antitoxin		93522610	protein-coding		WP_005866743.1	113	FQN59_RS05640
NZ_CP042285.1	1318331	1319236		minus	transcriptional regulator		93522611	protein-coding		WP_008773899.1	301	FQN59_RS05645
NZ_CP042285.1	1319252	1319521		minus	hypothetical protein		93522612	protein-coding		WP_005861164.1	89	FQN59_RS05650
NZ_CP042285.1	1320218	1320491		minus	uncharacterized gene		93525984	pseudogene				FQN59_RS22805
NZ_CP042285.1	1320500	1320664		minus	uncharacterized gene		93522613	pseudogene				FQN59_RS05660
NZ_CP042285.1	1321032	1322579		plus	sulfatase family protein		93522614	protein-coding		WP_170105881.1	515	FQN59_RS05665
NZ_CP042285.1	1322579	1324141		plus	arylsulfatase		93522615	protein-coding		WP_211738484.1	520	FQN59_RS05670
NZ_CP042285.1	1324245	1324904		plus	LysE family translocator		93522616	protein-coding		WP_005861153.1	219	FQN59_RS05675
NZ_CP042285.1	1324906	1325547		plus	carbohydrate-binding family 9-like protein		93522617	protein-coding		WP_211738486.1	213	FQN59_RS05680
NZ_CP042285.1	1325603	1326010		minus	DUF6249 domain-containing protein		93522618	protein-coding		WP_022192544.1	135	FQN59_RS05685
NZ_CP042285.1	1326160	1326717		plus	RNA polymerase sigma factor		93522619	protein-coding		WP_041525678.1	185	FQN59_RS05690
NZ_CP042285.1	1326710	1327066		plus	hypothetical protein		93522620	protein-coding		WP_005861145.1	118	FQN59_RS05695
NZ_CP042285.1	1327011	1329156		minus	uncharacterized gene		93525985	pseudogene				FQN59_RS22810
NZ_CP042285.1	1329153	1330445		minus	tetratricopeptide repeat-containing sensor histidine kinase		93522621	protein-coding		WP_211738489.1	430	FQN59_RS05705
NZ_CP042285.1	1330522	1330962		minus	hypothetical protein		93522622	protein-coding		WP_227742499.1	146	FQN59_RS05710
NZ_CP042285.1	1331093	1332883		plus	30S ribosomal protein S1	rpsA	93522623	protein-coding		WP_005861137.1	596	FQN59_RS05715
NZ_CP042285.1	1332966	1333208		minus	hypothetical protein		93522624	protein-coding		WP_005861135.1	80	FQN59_RS05720
NZ_CP042285.1	1333387	1334034		plus	HAD family hydrolase		93522625	protein-coding		WP_036631611.1	215	FQN59_RS05725
NZ_CP042285.1	1334380	1335300		plus	AraC family transcriptional regulator		93522626	protein-coding		WP_005861131.1	306	FQN59_RS05730
NZ_CP042285.1	1335297	1335572		plus	HU family DNA-binding protein		93522627	protein-coding		WP_195472701.1	91	FQN59_RS05735
NZ_CP042285.1	1335653	1336747		minus	sugar phosphate isomerase/epimerase family protein		93522628	protein-coding		WP_121962105.1	364	FQN59_RS05740
NZ_CP042285.1	1337247	1339937		minus	LamG-like jellyroll fold domain-containing protein		93522629	protein-coding		WP_211738491.1	896	FQN59_RS05745
NZ_CP042285.1	1340009	1340533		plus	GNAT family N-acetyltransferase		93522630	protein-coding		WP_121961257.1	174	FQN59_RS05750
NZ_CP042285.1	1340608	1341090		minus	hypothetical protein		93522631	protein-coding		WP_005861117.1	160	FQN59_RS05755
NZ_CP042285.1	1341097	1341792		minus	histidine phosphatase family protein		93522632	protein-coding		WP_008773916.1	231	FQN59_RS05760
NZ_CP042285.1	1341768	1342436		minus	AAA family ATPase		93522633	protein-coding		WP_034527662.1	222	FQN59_RS05765
NZ_CP042285.1	1342414	1343235		minus	3-deoxy-manno-octulosonate cytidylyltransferase family protein		93522634	protein-coding		WP_129984394.1	273	FQN59_RS05770
NZ_CP042285.1	1343247	1344506		minus	sialidase family protein		93522635	protein-coding		WP_008780660.1	419	FQN59_RS05775
NZ_CP042285.1	1344730	1348185		minus	DUF6383 domain-containing protein		93522636	protein-coding		WP_211738493.1	1151	FQN59_RS05780
NZ_CP042285.1	1349228	1350157		plus	Rpn family recombination-promoting nuclease/putative transposase		93522637	protein-coding		WP_211738495.1	309	FQN59_RS05785
NZ_CP042285.1	1350283	1351050		plus	5'/3'-nucleotidase SurE	surE	93522638	protein-coding		WP_011966925.1	255	FQN59_RS05790
NZ_CP042285.1	1351061	1352194		plus	lipid-A-disaccharide synthase	lpxB	93522639	protein-coding		WP_048927917.1	377	FQN59_RS05795
NZ_CP042285.1	1352289	1353050		plus	NigD-like protein		93522640	protein-coding		WP_048927916.1	253	FQN59_RS05800
NZ_CP042285.1	1353183	1353713		plus	RNA polymerase sigma factor		93522641	protein-coding		WP_022192943.1	176	FQN59_RS05805
NZ_CP042285.1	1353716	1354252		plus	hypothetical protein		93522642	protein-coding		WP_009018380.1	178	FQN59_RS05810
NZ_CP042285.1	1354278	1355363		plus	hypothetical protein		93522643	protein-coding		WP_211738497.1	361	FQN59_RS05815
NZ_CP042285.1	1355409	1355786		minus	hypothetical protein		93522644	protein-coding		WP_226769929.1	125	FQN59_RS05820
NZ_CP042285.1	1355789	1356352		minus	RNA polymerase sigma factor		93522645	protein-coding		WP_008773926.1	187	FQN59_RS05825
NZ_CP042285.1	1356363	1356770		minus	DUF6249 domain-containing protein		93522646	protein-coding		WP_005861087.1	135	FQN59_RS05830
NZ_CP042285.1	1356948	1358606		minus	Gfo/Idh/MocA family protein		93522647	protein-coding		WP_005861085.1	552	FQN59_RS05835
NZ_CP042285.1	1358612	1359118		minus	DoxX family membrane protein		93522648	protein-coding		WP_005861083.1	168	FQN59_RS05840
NZ_CP042285.1	1359236	1360090		minus	3-keto-disaccharide hydrolase		93522649	protein-coding		WP_005861081.1	284	FQN59_RS05845
NZ_CP042285.1	1360113	1361603		minus	Gfo/Idh/MocA family protein		93522650	protein-coding		WP_036615329.1	496	FQN59_RS05850
NZ_CP042285.1	1361895	1362122		plus	DUF4492 domain-containing protein		93522651	protein-coding		WP_005861078.1	75	FQN59_RS05855
NZ_CP042285.1	1362136	1363692		plus	cytochrome ubiquinol oxidase subunit I		93522652	protein-coding		WP_057326036.1	518	FQN59_RS05860
NZ_CP042285.1	1363733	1364884		plus	cytochrome d ubiquinol oxidase subunit II		93522653	protein-coding		WP_005861074.1	383	FQN59_RS05865
NZ_CP042285.1	1365008	1366603		minus	M28 family peptidase		93522654	protein-coding		WP_005866675.1	531	FQN59_RS05870
NZ_CP042285.1	1366928	1367842		plus	ribonuclease Z		93522655	protein-coding		WP_005866674.1	304	FQN59_RS05875
NZ_CP042285.1	1367929	1368249		plus	T9SS type A sorting domain-containing protein		93522656	protein-coding		WP_005861068.1	106	FQN59_RS05880
NZ_CP042285.1	1368466	1371741		minus	DUF6383 domain-containing protein		93522657	protein-coding		WP_005866671.1	1091	FQN59_RS05885
NZ_CP042285.1	1373116	1374021		plus	Rpn family recombination-promoting nuclease/putative transposase		93522658	protein-coding		WP_211738499.1	301	FQN59_RS05890
NZ_CP042285.1	1374115	1374696		minus	DUF3109 family protein		93522659	protein-coding		WP_005861059.1	193	FQN59_RS05895
NZ_CP042285.1	1374713	1376236		minus	2,3-bisphosphoglycerate-independent phosphoglycerate mutase	gpmI	93522660	protein-coding		WP_008780648.1	507	FQN59_RS05900
NZ_CP042285.1	1376343	1377041		plus	M48 family metallopeptidase		93522661	protein-coding		WP_211738501.1	232	FQN59_RS05905
NZ_CP042285.1	1377092	1379806		minus	TonB-dependent receptor		93522662	protein-coding		WP_005866658.1	904	FQN59_RS05910
NZ_CP042285.1	1379907	1387325		minus	cell surface protein SprA	sprA	93522663	protein-coding		WP_005866656.1	2472	FQN59_RS05915
NZ_CP042285.1	1387376	1387966		minus	Holliday junction branch migration protein RuvA	ruvA	93522664	protein-coding		WP_211738503.1	196	FQN59_RS05920
NZ_CP042285.1	1388031	1388918		minus	SMP-30/gluconolactonase/LRE family protein		93522665	protein-coding		WP_170105893.1	295	FQN59_RS05925
NZ_CP042285.1	1388930	1390384		minus	TrkH family potassium uptake protein		93522666	protein-coding		WP_005861045.1	484	FQN59_RS05930
NZ_CP042285.1	1390394	1391731		minus	Trk system potassium transporter TrkA	trkA	93522667	protein-coding		WP_005861043.1	445	FQN59_RS05935
NZ_CP042285.1	1391752	1393650		minus	1-deoxy-D-xylulose-5-phosphate synthase	dxs	93522668	protein-coding		WP_008773943.1	632	FQN59_RS05940
NZ_CP042285.1	1394269	1394634		minus	DUF3244 domain-containing protein		93522669	protein-coding		WP_048927899.1	121	FQN59_RS05945
NZ_CP042285.1	1394723	1396453		minus	tetratricopeptide repeat protein		93522670	protein-coding		WP_196009704.1	576	FQN59_RS05950
NZ_CP042285.1	1396680	1397465		minus	inositol monophosphatase family protein		93522671	protein-coding		WP_121773568.1	261	FQN59_RS05955
NZ_CP042285.1	1397643	1398317		plus	TonB-dependent receptor		93522672	protein-coding		WP_008780639.1	224	FQN59_RS05960
NZ_CP042285.1	1398347	1402957		plus	translocation/assembly module TamB domain-containing protein		93522673	protein-coding		WP_211738505.1	1536	FQN59_RS05965
NZ_CP042285.1	1402954	1405407		plus	BamA/TamA family outer membrane protein		93522674	protein-coding		WP_005866633.1	817	FQN59_RS05970
NZ_CP042285.1	1405537	1406808		plus	hypothetical protein		93522675	protein-coding		WP_044544947.1	423	FQN59_RS05975
NZ_CP042285.1	1406914	1407810		minus	arginase	rocF	93522676	protein-coding		WP_005861034.1	298	FQN59_RS05980
NZ_CP042285.1	1407814	1409022		minus	ornithine--oxo-acid transaminase	rocD	93522677	protein-coding		WP_044544513.1	402	FQN59_RS05985
NZ_CP042285.1	1409212	1411341		minus	InlB B-repeat-containing protein		93522678	protein-coding		WP_044544514.1	709	FQN59_RS05990
NZ_CP042285.1	1411343	1415509		minus	hypothetical protein		93522679	protein-coding		WP_211738507.1	1388	FQN59_RS05995
NZ_CP042285.1	1415547	1416359		minus	DUF6261 family protein		93522680	protein-coding		WP_122368916.1	270	FQN59_RS06000
NZ_CP042285.1	1416421	1416633		plus	hypothetical protein		93522681	protein-coding		WP_147423677.1	70	FQN59_RS06005
NZ_CP042285.1	1416630	1418780		minus	MAC/perforin domain-containing protein		93522682	protein-coding		WP_211738509.1	716	FQN59_RS06010
NZ_CP042285.1	1418848	1419321		minus	helix-turn-helix transcriptional regulator		93522683	protein-coding		WP_211738511.1	157	FQN59_RS06015
NZ_CP042285.1	1419618	1421297		plus	tetratricopeptide repeat protein		93522684	protein-coding		WP_048927888.1	559	FQN59_RS06020
NZ_CP042285.1	1421404	1422567		minus	1-acyl-sn-glycerol-3-phosphate acyltransferase		93522685	protein-coding		WP_005866611.1	387	FQN59_RS06025
NZ_CP042285.1	1422574	1423566		minus	D-alanine--D-alanine ligase		93522686	protein-coding		WP_022191919.1	330	FQN59_RS06030
NZ_CP042285.1	1423569	1424648		minus	RluA family pseudouridine synthase		93522687	protein-coding		WP_008780635.1	359	FQN59_RS06035
NZ_CP042285.1	1424653	1425279		minus	PASTA domain-containing protein		93522688	protein-coding		WP_122268569.1	208	FQN59_RS06040
NZ_CP042285.1	1425430	1425582		minus	50S ribosomal protein L34	rpmH	93522689	protein-coding		WP_005633099.1	50	FQN59_RS06045
NZ_CP042285.1	1425925	1427823		minus	hypothetical protein		93522690	protein-coding		WP_211738963.1	632	FQN59_RS06050
NZ_CP042285.1	1427844	1429877		minus	fimbrial protein		93522691	protein-coding		WP_211738513.1	677	FQN59_RS06055
NZ_CP042285.1	1429910	1431013		minus	hypothetical protein		93522692	protein-coding		WP_211738516.1	367	FQN59_RS06060
NZ_CP042285.1	1431540	1432427		plus	Rpn family recombination-promoting nuclease/putative transposase		93522693	protein-coding		WP_211738518.1	295	FQN59_RS06065
NZ_CP042285.1	1432451	1433416		minus	tetratricopeptide repeat protein		93522694	protein-coding		WP_121773613.1	321	FQN59_RS06070
NZ_CP042285.1	1433728	1434024		plus	OadG family protein		93522695	protein-coding		WP_008773957.1	98	FQN59_RS06075
NZ_CP042285.1	1434043	1435968		plus	biotin/lipoyl-containing protein		93522696	protein-coding		WP_005861011.1	641	FQN59_RS06080
NZ_CP042285.1	1435968	1437203		plus	sodium ion-translocating decarboxylase subunit beta		93522697	protein-coding		WP_005866596.1	411	FQN59_RS06085
NZ_CP042285.1	1437420	1439273		plus	DUF349 domain-containing protein		93522698	protein-coding		WP_008780630.1	617	FQN59_RS06090
NZ_CP042285.1	1439337	1440545		plus	hypothetical protein		93522699	protein-coding		WP_211738519.1	402	FQN59_RS06095
NZ_CP042285.1	1440611	1441804		plus	esterase		93522700	protein-coding		WP_005866590.1	397	FQN59_RS06100
NZ_CP042285.1	1441854	1442489		minus	outer membrane beta-barrel protein		93522701	protein-coding		WP_211738522.1	211	FQN59_RS06105
NZ_CP042285.1	1442560	1443255		minus	LytR/AlgR family response regulator transcription factor		93522702	protein-coding		WP_005866589.1	231	FQN59_RS06110
NZ_CP042285.1	1443252	1444310		minus	sensor histidine kinase		93522703	protein-coding		WP_057319263.1	352	FQN59_RS06115
NZ_CP042285.1	1444331	1446490		minus	outer membrane beta-barrel protein		93522704	protein-coding		WP_211738523.1	719	FQN59_RS06120
NZ_CP042285.1	1446585	1447841		minus	serpin family protein		93522705	protein-coding		WP_211738526.1	418	FQN59_RS06125
NZ_CP042285.1	1448556	1448726		plus	uncharacterized gene		301046718	pseudogene				FQN59_RS22915
NZ_CP042285.1	1448786	1448986		plus	hypothetical protein		93522706	protein-coding		WP_034532133.1	66	FQN59_RS06130
NZ_CP042285.1	1448990	1449261		plus	uncharacterized gene		93522707	pseudogene				FQN59_RS06135
NZ_CP042285.1	1449258	1450517		minus	serpin family protein		93522708	protein-coding		WP_122268010.1	419	FQN59_RS06140
NZ_CP042285.1	1450697	1451287		minus	GTP cyclohydrolase I FolE	folE	93522709	protein-coding		WP_009018420.1	196	FQN59_RS06145
NZ_CP042285.1	1451293	1451799		minus	hypothetical protein		93522710	protein-coding		WP_005860984.1	168	FQN59_RS06150
NZ_CP042285.1	1451870	1452625		minus	triose-phosphate isomerase	tpiA	93522711	protein-coding		WP_005866575.1	251	FQN59_RS06155
NZ_CP042285.1	1452662	1453945		minus	BT_3928 family protein		93522712	protein-coding		WP_211738527.1	427	FQN59_RS06160
NZ_CP042285.1	1453951	1454496		minus	DUF1599 domain-containing protein		93522713	protein-coding		WP_146376309.1	181	FQN59_RS06165
NZ_CP042285.1	1454655	1455905		minus	M23 family metallopeptidase		93522714	protein-coding		WP_048927874.1	416	FQN59_RS06170
NZ_CP042285.1	1456116	1458212		minus	ATP-dependent DNA helicase RecG	recG	93522715	protein-coding		WP_008773973.1	698	FQN59_RS06175
NZ_CP042285.1	1458235	1458933		minus	2-C-methyl-D-erythritol 4-phosphate cytidylyltransferase		93522716	protein-coding		WP_211738529.1	232	FQN59_RS06180
NZ_CP042285.1	1458933	1459130		minus	exodeoxyribonuclease VII small subunit	xseB	93522717	protein-coding		WP_005860969.1	65	FQN59_RS06185
NZ_CP042285.1	1459170	1460504		minus	exodeoxyribonuclease VII large subunit	xseA	93522718	protein-coding		WP_121960971.1	444	FQN59_RS06190
NZ_CP042285.1	1460485	1461867		minus	S8 family serine peptidase		93522719	protein-coding		WP_008773976.1	460	FQN59_RS06195
NZ_CP042285.1	1461969	1462436		minus	Lrp/AsnC family transcriptional regulator		93522720	protein-coding		WP_005860962.1	155	FQN59_RS06200
NZ_CP042285.1	1462621	1463331		minus	FKBP-type peptidyl-prolyl cis-trans isomerase		93522721	protein-coding		WP_005860960.1	236	FQN59_RS06205
NZ_CP042285.1	1463352	1463939		minus	FKBP-type peptidyl-prolyl cis-trans isomerase		93522722	protein-coding		WP_005866557.1	195	FQN59_RS06210
NZ_CP042285.1	1464101	1464790		plus	SIR2 family NAD-dependent protein deacylase		93522723	protein-coding		WP_005866555.1	229	FQN59_RS06215
NZ_CP042285.1	1465034	1468768		minus	DUF6383 domain-containing protein		93522724	protein-coding		WP_211738531.1	1244	FQN59_RS06220
NZ_CP042285.1	1469738	1470982		minus	DNA methyltransferase		93522725	protein-coding		WP_005866545.1	414	FQN59_RS06225
NZ_CP042285.1	1471087	1471380		plus	helix-turn-helix transcriptional regulator		93522726	protein-coding		WP_005860945.1	97	FQN59_RS06230
NZ_CP042285.1	1471370	1472116		plus	MvaI/BcnI restriction endonuclease family protein		93522727	protein-coding		WP_005860943.1	248	FQN59_RS06235
NZ_CP042285.1	1472193	1473152		minus	PCMD domain-containing protein		93522728	protein-coding		WP_121962151.1	319	FQN59_RS06240
NZ_CP042285.1	1473285	1474727		plus	Na+/H+ antiporter NhaC family protein		93522729	protein-coding		WP_036611664.1	480	FQN59_RS06245
NZ_CP042285.1	1474811	1476277		plus	Na+/H+ antiporter NhaC	nhaC	93522730	protein-coding		WP_036611667.1	488	FQN59_RS06250
NZ_CP042285.1	1476246	1477418		plus	dicarboxylate/amino acid:cation symporter		93522731	protein-coding		WP_005866537.1	390	FQN59_RS06255
NZ_CP042285.1	1477419	1477964		minus	3'-5' exonuclease		93522732	protein-coding		WP_009276400.1	181	FQN59_RS06260
NZ_CP042285.1	1478049	1481282		minus	S41 family peptidase		93522733	protein-coding		WP_211738533.1	1077	FQN59_RS06265
NZ_CP042285.1	1481742	1482026		plus	LysO family transporter		93522734	protein-coding		WP_172718840.1	94	FQN59_RS06270
NZ_CP042285.1	1482016	1482639		plus	lysine exporter LysO family protein		93522735	protein-coding		WP_048927869.1	207	FQN59_RS06275
NZ_CP042285.1	1482873	1486322		minus	DUF6383 domain-containing protein		93522736	protein-coding		WP_211738535.1	1149	FQN59_RS06280
NZ_CP042285.1	1487131	1488018		plus	Rpn family recombination-promoting nuclease/putative transposase		93522737	protein-coding		WP_005860923.1	295	FQN59_RS06285
NZ_CP042285.1	1488108	1490174		minus	histidine kinase		93522738	protein-coding		WP_211738537.1	688	FQN59_RS06290
NZ_CP042285.1	1490268	1493498		plus	S41 family peptidase		93522739	protein-coding		WP_211738539.1	1076	FQN59_RS06295
NZ_CP042285.1	1493738	1494364		minus	lysine exporter LysO family protein		93522740	protein-coding		WP_005866516.1	208	FQN59_RS06300
NZ_CP042285.1	1494361	1494639		minus	LysO family transporter		93522741	protein-coding		WP_008773990.1	92	FQN59_RS06305
NZ_CP042285.1	1494694	1495356		minus	hypothetical protein		93522742	protein-coding		WP_044546139.1	220	FQN59_RS06310
NZ_CP042285.1	1495375	1495632		minus	RNA polymerase sigma factor		93522743	protein-coding		WP_044546140.1	85	FQN59_RS06315
NZ_CP042285.1	1495772	1498030		plus	GH92 family glycosyl hydrolase		93522744	protein-coding		WP_211738541.1	752	FQN59_RS06320
NZ_CP042285.1	1498125	1498445		plus	YbjQ family protein		93522745	protein-coding		WP_005860908.1	106	FQN59_RS06325
NZ_CP042285.1	1498454	1499137		plus	DinB family protein		93522746	protein-coding		WP_122144486.1	227	FQN59_RS06330
NZ_CP042285.1	1499203	1499313		minus	5S ribosomal RNA	rrf	93522747	rRNA				FQN59_RS06335
NZ_CP042285.1	1499397	1502273		minus	23S ribosomal RNA		93522748	rRNA				FQN59_RS06340
NZ_CP042285.1	1502379	1502452		minus	tRNA-Ala		93522749	tRNA				FQN59_RS06345
NZ_CP042285.1	1502463	1502536		minus	tRNA-Ile		93522750	tRNA				FQN59_RS06350
NZ_CP042285.1	1502687	1504211		minus	16S ribosomal RNA		93522751	rRNA				FQN59_RS06355
NZ_CP042285.1	1504982	1507042		plus	alpha-L-fucosidase		93522752	protein-coding		WP_008781091.1	686	FQN59_RS06360
NZ_CP042285.1	1507128	1509959		minus	ATP-binding protein		93522753	protein-coding		WP_009018669.1	943	FQN59_RS06365
NZ_CP042285.1	1510231	1511205		minus	sugar phosphate isomerase/epimerase family protein		93522754	protein-coding		WP_008781089.1	324	FQN59_RS06370
NZ_CP042285.1	1511223	1512905		minus	carboxylesterase/lipase family protein		93522755	protein-coding		WP_122383192.1	560	FQN59_RS06375
NZ_CP042285.1	1512919	1514490		minus	RagB/SusD family nutrient uptake outer membrane protein		93522756	protein-coding		WP_211738544.1	523	FQN59_RS06380
NZ_CP042285.1	1514515	1517478		minus	SusC/RagA family TonB-linked outer membrane protein		93522757	protein-coding		WP_211738546.1	987	FQN59_RS06385
NZ_CP042285.1	1517621	1518961		minus	Gfo/Idh/MocA family oxidoreductase		93522758	protein-coding		WP_048928747.1	446	FQN59_RS06390
NZ_CP042285.1	1518988	1519755		minus	3-keto-disaccharide hydrolase		93522759	protein-coding		WP_005860843.1	255	FQN59_RS06395
NZ_CP042285.1	1519921	1521009		minus	Gfo/Idh/MocA family protein		93522760	protein-coding		WP_048928746.1	362	FQN59_RS06400
NZ_CP042285.1	1521267	1525214		plus	hybrid sensor histidine kinase/response regulator transcription factor		93522761	protein-coding		WP_211738965.1	1315	FQN59_RS06405
NZ_CP042285.1	1525219	1526061		minus	LytR/AlgR family response regulator transcription factor		93522762	protein-coding		WP_005860837.1	280	FQN59_RS06410
NZ_CP042285.1	1526241	1527386		plus	DUF6051 family protein		93522763	protein-coding		WP_022192278.1	381	FQN59_RS06415
NZ_CP042285.1	1527496	1527569		minus	tRNA-Ile		93522764	tRNA				FQN59_RS06420
NZ_CP042285.1	1527647	1528772		minus	peptide chain release factor 2	prfB	93522765	protein-coding		WP_121963098.1	374	FQN59_RS06425
NZ_CP042285.1	1528835	1530640		minus	AMP-dependent synthetase/ligase		93522766	protein-coding		WP_008781083.1	601	FQN59_RS06430
NZ_CP042285.1	1530828	1531154		plus	PadR family transcriptional regulator		93522767	protein-coding		WP_005860828.1	108	FQN59_RS06435
NZ_CP042285.1	1531167	1532279		plus	PspC domain-containing protein		93522768	protein-coding		WP_044546543.1	370	FQN59_RS06440
NZ_CP042285.1	1532521	1532916		minus	HIT family protein		93522769	protein-coding		WP_005860824.1	131	FQN59_RS06445
NZ_CP042285.1	1532931	1533401		minus	transcription elongation factor GreA	greA	93522770	protein-coding		WP_005860822.1	156	FQN59_RS06450
NZ_CP042285.1	1533599	1534756		minus	TlpA disulfide reductase family protein		93522771	protein-coding		WP_044546627.1	385	FQN59_RS06455
NZ_CP042285.1	1534960	1537209		plus	polyribonucleotide nucleotidyltransferase	pnp	93522772	protein-coding		WP_122383206.1	749	FQN59_RS06460
NZ_CP042285.1	1538300	1539280		minus	IS30-like element IS4351 family transposase		93522773	protein-coding		WP_005794072.1	326	FQN59_RS06465
NZ_CP042285.1	1539430	1540110		minus	hypothetical protein		93522774	protein-coding		WP_211738547.1	226	FQN59_RS06470
NZ_CP042285.1	1540130	1540510		minus	hypothetical protein		93522775	protein-coding		WP_057326721.1	126	FQN59_RS06475
NZ_CP042285.1	1540521	1541792		minus	C10 family peptidase		93522776	protein-coding		WP_057326722.1	423	FQN59_RS06480
NZ_CP042285.1	1541919	1542254		minus	hypothetical protein		93522777	protein-coding		WP_211738549.1	111	FQN59_RS06485
NZ_CP042285.1	1542193	1543962		minus	tetratricopeptide repeat protein		93522778	protein-coding		WP_211738551.1	589	FQN59_RS06490
NZ_CP042285.1	1544207	1545406		plus	ATP-binding protein		93522779	protein-coding		WP_172514241.1	399	FQN59_RS06495
NZ_CP042285.1	1545497	1547125		minus	fumarate hydratase		93522780	protein-coding		WP_211738553.1	542	FQN59_RS06500
NZ_CP042285.1	1547251	1549500		plus	trypsin-like peptidase domain-containing protein		93522781	protein-coding		WP_211738555.1	749	FQN59_RS06505
NZ_CP042285.1	1549766	1551457		plus	hypothetical protein		93522782	protein-coding		WP_087345405.1	563	FQN59_RS06510
NZ_CP042285.1	1551666	1553414		plus	LruC domain-containing protein		93522783	protein-coding		WP_211738557.1	582	FQN59_RS06515
NZ_CP042285.1	1553517	1555313		minus	translational GTPase TypA	typA	93522784	protein-coding		WP_005864133.1	598	FQN59_RS06520
NZ_CP042285.1	1555484	1555753		plus	30S ribosomal protein S15	rpsO	93522785	protein-coding		WP_005864132.1	89	FQN59_RS06525
NZ_CP042285.1	1555913	1556494		plus	helix-turn-helix domain-containing protein		93522786	protein-coding		WP_036613898.1	193	FQN59_RS06530
NZ_CP042285.1	1556507	1558156		plus	AMP-binding protein		93522787	protein-coding		WP_005864131.1	549	FQN59_RS06535
NZ_CP042285.1	1558250	1559068		plus	helix-turn-helix domain-containing protein		93522788	protein-coding		WP_009018689.1	272	FQN59_RS06540
NZ_CP042285.1	1559181	1559936		plus	SDR family oxidoreductase		93522789	protein-coding		WP_211738558.1	251	FQN59_RS06545
NZ_CP042285.1	1560168	1561586		plus	adenosylhomocysteinase	ahcY	93522790	protein-coding		WP_011966979.1	472	FQN59_RS06550
NZ_CP042285.1	1561689	1562816		plus	glycosyltransferase		93522791	protein-coding		WP_211738559.1	375	FQN59_RS06555
NZ_CP042285.1	1562860	1565364		minus	YfhO family protein		93522792	protein-coding		WP_211738560.1	834	FQN59_RS06560
NZ_CP042285.1	1565388	1566149		minus	glycosyltransferase family 2 protein		93522793	protein-coding		WP_211738967.1	253	FQN59_RS06565
NZ_CP042285.1	1566162	1568024		minus	RNA-binding domain-containing protein		93522794	protein-coding		WP_211738561.1	620	FQN59_RS06570
NZ_CP042285.1	1568123	1569385		minus	glycosyltransferase family 4 protein		93522795	protein-coding		WP_211738562.1	420	FQN59_RS06575
NZ_CP042285.1	1569478	1570266		minus	glycosyl transferase		93522796	protein-coding		WP_135958945.1	262	FQN59_RS06580
NZ_CP042285.1	1570266	1571129		minus	glycosyltransferase		93522797	protein-coding		WP_135958944.1	287	FQN59_RS06585
NZ_CP042285.1	1571132	1572259		minus	glycosyltransferase family 4 protein		93522798	protein-coding		WP_211738563.1	375	FQN59_RS06590
NZ_CP042285.1	1572256	1573173		minus	glycosyltransferase family 2 protein		93522799	protein-coding		WP_195603853.1	305	FQN59_RS06595
NZ_CP042285.1	1573170	1574207		minus	hypothetical protein		93522800	protein-coding		WP_008774354.1	345	FQN59_RS06600
NZ_CP042285.1	1574204	1575289		minus	UDP-galactopyranose mutase	glf	93522801	protein-coding		WP_008774353.1	361	FQN59_RS06605
NZ_CP042285.1	1575294	1576739		minus	lipopolysaccharide biosynthesis protein		93522802	protein-coding		WP_008774352.1	481	FQN59_RS06610
NZ_CP042285.1	1577079	1578104		minus	Gfo/Idh/MocA family protein		93522803	protein-coding		WP_036618974.1	341	FQN59_RS06615
NZ_CP042285.1	1578277	1578732		plus	uncharacterized gene		93525932	pseudogene				FQN59_RS22490
NZ_CP042285.1	1578895	1579227		plus	acyltransferase		93525933	protein-coding		WP_333559018.1	110	FQN59_RS22495
NZ_CP042285.1	1579246	1581789		plus	hypothetical protein		93522804	protein-coding		WP_211738566.1	847	FQN59_RS06625
NZ_CP042285.1	1581778	1582911		minus	DegT/DnrJ/EryC1/StrS family aminotransferase		93522805	protein-coding		WP_211738969.1	377	FQN59_RS06630
NZ_CP042285.1	1583007	1585046		minus	methionine--tRNA ligase	metG	93522806	protein-coding		WP_211738567.1	679	FQN59_RS06635
NZ_CP042285.1	1585205	1585342		plus	DUF6722 family protein		301046719	protein-coding		WP_413641263.1	45	FQN59_RS22920
NZ_CP042285.1	1586107	1586796		minus	DUF4493 domain-containing protein		93522807	protein-coding		WP_211738568.1	229	FQN59_RS06640
NZ_CP042285.1	1586809	1588896		minus	DUF4493 domain-containing protein		93522808	protein-coding		WP_211738569.1	695	FQN59_RS06645
NZ_CP042285.1	1588901	1590607		minus	PCMD domain-containing protein		93522809	protein-coding		WP_211738570.1	568	FQN59_RS06650
NZ_CP042285.1	1590614	1591363		minus	hypothetical protein		93522810	protein-coding		WP_005860749.1	249	FQN59_RS06655
NZ_CP042285.1	1591523	1593322		minus	DUF4493 domain-containing protein		93522811	protein-coding		WP_211738571.1	599	FQN59_RS06660
NZ_CP042285.1	1593324	1594610		minus	DUF4493 domain-containing protein		93522812	protein-coding		WP_211738572.1	428	FQN59_RS06665
NZ_CP042285.1	1594644	1595426		minus	DUF4493 domain-containing protein		93522813	protein-coding		WP_211738573.1	260	FQN59_RS06670
NZ_CP042285.1	1596389	1597237		plus	helix-turn-helix domain-containing protein		93522814	protein-coding		WP_211738574.1	282	FQN59_RS06675
NZ_CP042285.1	1597341	1597547		minus	DUF6722 family protein		93522815	protein-coding		WP_211738575.1	68	FQN59_RS06680
NZ_CP042285.1	1597598	1599136		minus	YifB family Mg chelatase-like AAA ATPase		93522816	protein-coding		WP_121961149.1	512	FQN59_RS06685
NZ_CP042285.1	1599197	1600297		minus	TlpA disulfide reductase family protein		93522817	protein-coding		WP_036633470.1	366	FQN59_RS06690
NZ_CP042285.1	1600487	1602094		minus	phosphoenolpyruvate carboxykinase (ATP)	pckA	93522818	protein-coding		WP_005860732.1	535	FQN59_RS06695
NZ_CP042285.1	1602509	1603525		minus	2-oxoacid:ferredoxin oxidoreductase subunit beta		93522819	protein-coding		WP_005864059.1	338	FQN59_RS06700
NZ_CP042285.1	1603529	1605382		minus	2-oxoacid:acceptor oxidoreductase subunit alpha		93522820	protein-coding		WP_211738576.1	617	FQN59_RS06705
NZ_CP042285.1	1605471	1606682		minus	alanine dehydrogenase		93522821	protein-coding		WP_005860726.1	403	FQN59_RS06710
NZ_CP042285.1	1606686	1607207		minus	shikimate kinase		93522822	protein-coding		WP_005864057.1	173	FQN59_RS06715
NZ_CP042285.1	1607289	1609349		minus	hypothetical protein		93522823	protein-coding		WP_211738577.1	686	FQN59_RS06720
NZ_CP042285.1	1609455	1610636		plus	glycosyltransferase family 87 protein		93522824	protein-coding		WP_008778798.1	393	FQN59_RS06725
NZ_CP042285.1	1610642	1611358		plus	glycosyltransferase family 2 protein		93522825	protein-coding		WP_005864051.1	238	FQN59_RS06730
NZ_CP042285.1	1611368	1612165		plus	polysaccharide deacetylase family protein		93522826	protein-coding		WP_005864049.1	265	FQN59_RS06735
NZ_CP042285.1	1612152	1612787		plus	viroplasmin family protein		93522827	protein-coding		WP_005864047.1	211	FQN59_RS06740
NZ_CP042285.1	1612844	1613977		plus	glycosyltransferase family 4 protein		93522828	protein-coding		WP_005864045.1	377	FQN59_RS06745
NZ_CP042285.1	1614001	1615065		plus	glycosyltransferase		93522829	protein-coding		WP_005864043.1	354	FQN59_RS06750
NZ_CP042285.1	1615079	1615942		minus	hypothetical protein		93522830	protein-coding		WP_005864041.1	287	FQN59_RS06755
NZ_CP042285.1	1615949	1616683		minus	lipopolysaccharide kinase InaA family protein		93522831	protein-coding		WP_211738578.1	244	FQN59_RS06760
NZ_CP042285.1	1616667	1617722		minus	glycosyltransferase family 9 protein		93522832	protein-coding		WP_122144714.1	351	FQN59_RS06765
NZ_CP042285.1	1617722	1618327		minus	DUF4254 domain-containing protein		93522833	protein-coding		WP_087345485.1	201	FQN59_RS06770
NZ_CP042285.1	1618412	1619095		minus	response regulator transcription factor		93522834	protein-coding		WP_005860708.1	227	FQN59_RS06775
NZ_CP042285.1	1619092	1620507		minus	sensor histidine kinase		93522835	protein-coding		WP_122145725.1	471	FQN59_RS06780
NZ_CP042285.1	1620668	1621546		plus	GLPGLI family protein		93522836	protein-coding		WP_211738579.1	292	FQN59_RS06785
NZ_CP042285.1	1621543	1624068		plus	carboxypeptidase-like regulatory domain-containing protein		93522837	protein-coding		WP_211738580.1	841	FQN59_RS06790
NZ_CP042285.1	1624140	1625339		plus	MFS transporter		93522838	protein-coding		WP_158532925.1	399	FQN59_RS06795
NZ_CP042285.1	1625655	1626764		plus	4-phosphoerythronate dehydrogenase PdxB	pdxB	93522839	protein-coding		WP_211738581.1	369	FQN59_RS06800
NZ_CP042285.1	1626778	1627338		minus	phosphoribosylglycinamide formyltransferase		93522840	protein-coding		WP_005860699.1	186	FQN59_RS06805
NZ_CP042285.1	1627493	1627729		plus	acyl carrier protein		93522841	protein-coding		WP_005639879.1	78	FQN59_RS06810
NZ_CP042285.1	1627751	1629016		plus	beta-ketoacyl-ACP synthase II	fabF	93522842	protein-coding		WP_005860697.1	421	FQN59_RS06815
NZ_CP042285.1	1629018	1629860		plus	ribonuclease III	rnc	93522843	protein-coding		WP_005864026.1	280	FQN59_RS06820
NZ_CP042285.1	1629942	1632535		plus	uncharacterized gene		93522844	pseudogene				FQN59_RS06825
NZ_CP042285.1	1632600	1633613		minus	ATP-dependent 6-phosphofructokinase		93522845	protein-coding		WP_005864022.1	337	FQN59_RS06830
NZ_CP042285.1	1633694	1635211		plus	GH3 auxin-responsive promoter family protein		93522846	protein-coding		WP_211738582.1	505	FQN59_RS06835
NZ_CP042285.1	1635241	1636026		minus	phosphatase PAP2 family protein		93522847	protein-coding		WP_211738583.1	261	FQN59_RS06840
NZ_CP042285.1	1636016	1637854		minus	right-handed parallel beta-helix repeat-containing protein		93522848	protein-coding		WP_211738584.1	612	FQN59_RS06845
NZ_CP042285.1	1638034	1638411		plus	transposase		93522849	protein-coding		WP_005863417.1	125	FQN59_RS06850
NZ_CP042285.1	1638438	1639400		plus	IS3 family transposase		93522850	protein-coding		WP_229055235.1	320	FQN59_RS06855
NZ_CP042285.1	1639654	1640922		minus	sensor histidine kinase		93522851	protein-coding		WP_211738585.1	422	FQN59_RS06860
NZ_CP042285.1	1640919	1642286		minus	sigma-54-dependent transcriptional regulator		93522852	protein-coding		WP_008778028.1	455	FQN59_RS06865
NZ_CP042285.1	1642482	1644848		plus	ABC transporter permease		93522853	protein-coding		WP_005864009.1	788	FQN59_RS06870
NZ_CP042285.1	1644939	1646414		plus	cysteine--tRNA ligase	cysS	93522854	protein-coding		WP_005864007.1	491	FQN59_RS06875
NZ_CP042285.1	1646440	1646847		plus	PaaI family thioesterase		93522855	protein-coding		WP_005864005.1	135	FQN59_RS06880
NZ_CP042285.1	1647142	1648008		minus	DUF3108 domain-containing protein		93522856	protein-coding		WP_005860674.1	288	FQN59_RS06885
NZ_CP042285.1	1647950	1649863		minus	Ig-like domain-containing protein		93522857	protein-coding		WP_005864003.1	637	FQN59_RS06890
NZ_CP042285.1	1650267	1650518		plus	hypothetical protein		93522858	protein-coding		WP_005864002.1	83	FQN59_RS06895
NZ_CP042285.1	1650493	1650876		plus	hypothetical protein		93522859	protein-coding		WP_005864000.1	127	FQN59_RS06900
NZ_CP042285.1	1650860	1652140		minus	DUF2851 family protein		93522860	protein-coding		WP_005863998.1	426	FQN59_RS06905
NZ_CP042285.1	1652664	1653050		plus	hypothetical protein		93522861	protein-coding		WP_009126113.1	128	FQN59_RS06910
NZ_CP042285.1	1653212	1653427		plus	hypothetical protein		93522862	protein-coding		WP_004291535.1	71	FQN59_RS06915
NZ_CP042285.1	1653439	1653660		plus	hypothetical protein		93522863	protein-coding		WP_004291534.1	73	FQN59_RS06920
NZ_CP042285.1	1653674	1654090		plus	PcfK-like family protein		93522864	protein-coding		WP_004291533.1	138	FQN59_RS06925
NZ_CP042285.1	1654087	1655418		plus	PcfJ domain-containing protein		93522865	protein-coding		WP_004291532.1	443	FQN59_RS06930
NZ_CP042285.1	1655443	1655700		plus	hypothetical protein		93522866	protein-coding		WP_004291531.1	85	FQN59_RS06935
NZ_CP042285.1	1655720	1655953		plus	DUF3873 domain-containing protein		93522867	protein-coding		WP_004304291.1	77	FQN59_RS06940
NZ_CP042285.1	1655950	1656195		plus	DUF6956 domain-containing protein		93522868	protein-coding		WP_004291529.1	81	FQN59_RS06945
NZ_CP042285.1	1656249	1656557		plus	hypothetical protein		93522869	protein-coding		WP_004304290.1	102	FQN59_RS06950
NZ_CP042285.1	1656591	1656980		minus	hypothetical protein		93525987	protein-coding		WP_004291527.1	129	FQN59_RS22820
NZ_CP042285.1	1657045	1657572		minus	glycoside hydrolase family protein		93522870	protein-coding		WP_004291526.1	175	FQN59_RS06965
NZ_CP042285.1	1657569	1658072		minus	DUF3872 domain-containing protein		93522871	protein-coding		WP_004291525.1	167	FQN59_RS06970
NZ_CP042285.1	1658069	1658971		minus	toprim domain-containing protein		93522872	protein-coding		WP_004291524.1	300	FQN59_RS06975
NZ_CP042285.1	1658979	1659554		minus	conjugal transfer protein TraO		93522873	protein-coding		WP_004291523.1	191	FQN59_RS06980
NZ_CP042285.1	1659557	1660543		minus	conjugative transposon protein TraN	traN	93522874	protein-coding		WP_004291522.1	328	FQN59_RS06985
NZ_CP042285.1	1660578	1661930		minus	conjugative transposon protein TraM	traM	93522875	protein-coding		WP_004291521.1	450	FQN59_RS06990
NZ_CP042285.1	1661911	1662198		minus	TraL conjugative transposon family protein		93522876	protein-coding		WP_018697145.1	95	FQN59_RS06995
NZ_CP042285.1	1662226	1662849		minus	conjugative transposon protein TraK	traK	93522877	protein-coding		WP_004291519.1	207	FQN59_RS07000
NZ_CP042285.1	1662881	1663885		minus	conjugative transposon protein TraJ	traJ	93522878	protein-coding		WP_004291518.1	334	FQN59_RS07005
NZ_CP042285.1	1663889	1664518		minus	DUF4141 domain-containing protein		93522879	protein-coding		WP_004304283.1	209	FQN59_RS07010
NZ_CP042285.1	1664542	1664922		minus	DUF3876 domain-containing protein		93522880	protein-coding		WP_004291516.1	126	FQN59_RS07015
NZ_CP042285.1	1664963	1667467		minus	TraG family conjugative transposon ATPase		93522881	protein-coding		WP_004291515.1	834	FQN59_RS07020
NZ_CP042285.1	1667464	1667796		minus	DUF4133 domain-containing protein		93522882	protein-coding		WP_004291514.1	110	FQN59_RS07025
NZ_CP042285.1	1667807	1668124		minus	DUF4134 domain-containing protein		93522883	protein-coding		WP_002560983.1	105	FQN59_RS07030
NZ_CP042285.1	1668326	1669054		minus	hypothetical protein		93522884	protein-coding		WP_004304280.1	242	FQN59_RS07035
NZ_CP042285.1	1669071	1669424		minus	DUF3408 domain-containing protein		93522885	protein-coding		WP_004291505.1	117	FQN59_RS07040
NZ_CP042285.1	1669427	1669867		minus	DUF3408 domain-containing protein		93522886	protein-coding		WP_004291503.1	146	FQN59_RS07045
NZ_CP042285.1	1669870	1670796		minus	ParA family protein		93522887	protein-coding		WP_005783105.1	308	FQN59_RS07050
NZ_CP042285.1	1670795	1670959		plus	hypothetical protein		93525934	protein-coding		WP_196029218.1	54	FQN59_RS22500
NZ_CP042285.1	1671341	1671769		plus	conjugal transfer protein MobA	mobA	93522888	protein-coding		WP_004291488.1	142	FQN59_RS07055
NZ_CP042285.1	1671748	1672995		plus	conjugal transfer protein MobB	mobB	93522889	protein-coding		WP_004291483.1	415	FQN59_RS07060
NZ_CP042285.1	1673026	1675044		plus	conjugal transfer protein MobC	mobC	93522890	protein-coding		WP_004291482.1	672	FQN59_RS07065
NZ_CP042285.1	1675176	1678430		minus	P-loop NTPase fold protein		93522891	protein-coding		WP_004291481.1	1084	FQN59_RS07070
NZ_CP042285.1	1678447	1679577		minus	ATP-binding protein		93522892	protein-coding		WP_004291480.1	376	FQN59_RS07075
NZ_CP042285.1	1679879	1680484		minus	RteC domain-containing protein		93522893	protein-coding		WP_004304269.1	201	FQN59_RS07080
NZ_CP042285.1	1680723	1681145		minus	dihydrofolate reductase family protein		93522894	protein-coding		WP_004291474.1	140	FQN59_RS07085
NZ_CP042285.1	1681425	1682747		minus	sigma-54-dependent transcriptional regulator		93522895	protein-coding		WP_004291471.1	440	FQN59_RS07090
NZ_CP042285.1	1682740	1685058		minus	hybrid sensor histidine kinase/response regulator		93522896	protein-coding		WP_004291467.1	772	FQN59_RS07095
NZ_CP042285.1	1685058	1686983		minus	tetracycline resistance ribosomal protection protein Tet(Q)	tet(Q)	93522897	protein-coding		WP_004291466.1	641	FQN59_RS07100
NZ_CP042285.1	1687641	1693457		minus	N-6 DNA methylase		93522898	protein-coding		WP_004291462.1	1938	FQN59_RS07105
NZ_CP042285.1	1693447	1693899		minus	DUF1896 domain-containing protein		93522899	protein-coding		WP_004304266.1	150	FQN59_RS07110
NZ_CP042285.1	1694062	1696149		minus	type IA DNA topoisomerase	topB	93522900	protein-coding		WP_004291456.1	695	FQN59_RS07115
NZ_CP042285.1	1696210	1697781		minus	DUF3945 domain-containing protein		93522901	protein-coding		WP_004291455.1	523	FQN59_RS07120
NZ_CP042285.1	1697802	1698152		minus	helix-turn-helix domain-containing protein		93522902	protein-coding		WP_004291454.1	116	FQN59_RS07125
NZ_CP042285.1	1698156	1698581		minus	helix-turn-helix domain-containing protein		93522903	protein-coding		WP_004291432.1	141	FQN59_RS07130
NZ_CP042285.1	1698720	1699019		plus	helix-turn-helix domain-containing protein		93522904	protein-coding		WP_004291426.1	99	FQN59_RS07135
NZ_CP042285.1	1699051	1699356		plus	helix-turn-helix domain-containing protein		93522905	protein-coding		WP_004291424.1	101	FQN59_RS07140
NZ_CP042285.1	1699434	1699796		minus	hypothetical protein		93522906	protein-coding		WP_004291423.1	120	FQN59_RS07145
NZ_CP042285.1	1699808	1701043		minus	site-specific integrase		93522907	protein-coding		WP_004291422.1	411	FQN59_RS07150
NZ_CP042285.1	1701393	1702109		plus	4-hydroxy-tetrahydrodipicolinate reductase	dapB	93522908	protein-coding		WP_005863996.1	238	FQN59_RS07155
NZ_CP042285.1	1702126	1703523		plus	S26 family signal peptidase		93522909	protein-coding		WP_005863994.1	465	FQN59_RS07160
NZ_CP042285.1	1703543	1704403		plus	signal peptidase I	lepB	93522910	protein-coding		WP_005863992.1	286	FQN59_RS07165
NZ_CP042285.1	1704405	1705034		plus	WbqC family protein		93522911	protein-coding		WP_005863989.1	209	FQN59_RS07170
NZ_CP042285.1	1705018	1706103		minus	2-aminoethylphosphonate--pyruvate transaminase	phnW	93522912	protein-coding		WP_005863987.1	361	FQN59_RS07175
NZ_CP042285.1	1706135	1706923		minus	phosphonoacetaldehyde hydrolase	phnX	93522913	protein-coding		WP_005863985.1	262	FQN59_RS07180
NZ_CP042285.1	1706958	1708301		minus	DUF5690 family protein		93522914	protein-coding		WP_008774290.1	447	FQN59_RS07185
NZ_CP042285.1	1708498	1709370		plus	hypothetical protein		93522915	protein-coding		WP_009276618.1	290	FQN59_RS07190
NZ_CP042285.1	1709427	1711682		minus	inorganic phosphate transporter		93522916	protein-coding		WP_044545184.1	751	FQN59_RS07195
NZ_CP042285.1	1711940	1712479		plus	RNA polymerase sigma-70 factor		93522917	protein-coding		WP_005860644.1	179	FQN59_RS07200
NZ_CP042285.1	1712587	1712697		minus	5S ribosomal RNA	rrf	93522918	rRNA				FQN59_RS07205
NZ_CP042285.1	1712781	1715657		minus	23S ribosomal RNA		93522919	rRNA				FQN59_RS07210
NZ_CP042285.1	1715763	1715836		minus	tRNA-Ala		93522920	tRNA				FQN59_RS07215
NZ_CP042285.1	1715847	1715920		minus	tRNA-Ile		93522921	tRNA				FQN59_RS07220
NZ_CP042285.1	1716071	1717595		minus	16S ribosomal RNA		93522922	rRNA				FQN59_RS07225
NZ_CP042285.1	1718200	1718424		plus	hypothetical protein		93522923	protein-coding		WP_005865070.1	74	FQN59_RS07230
NZ_CP042285.1	1718672	1718983		minus	transposase		93522924	protein-coding		WP_229100401.1	103	FQN59_RS07235
NZ_CP042285.1	1719482	1720597		minus	AAA family ATPase		93522925	protein-coding		WP_005863959.1	371	FQN59_RS07240
NZ_CP042285.1	1720792	1721226		plus	HU family DNA-binding protein		93522926	protein-coding		WP_121962607.1	144	FQN59_RS07245
NZ_CP042285.1	1721223	1721693		plus	N-acetylmuramoyl-L-alanine amidase		93522927	protein-coding		WP_121962608.1	156	FQN59_RS07250
NZ_CP042285.1	1721764	1722738		plus	FecR family protein		93522928	protein-coding		WP_005863952.1	324	FQN59_RS07255
NZ_CP042285.1	1723001	1726144		plus	SusC/RagA family TonB-linked outer membrane protein		93522929	protein-coding		WP_249222515.1	1047	FQN59_RS07260
NZ_CP042285.1	1726164	1727732		plus	RagB/SusD family nutrient uptake outer membrane protein		93522930	protein-coding		WP_005863947.1	522	FQN59_RS07265
NZ_CP042285.1	1727805	1729349		plus	Gfo/Idh/MocA family protein		93522931	protein-coding		WP_057327059.1	514	FQN59_RS07270
NZ_CP042285.1	1729448	1730254		plus	3-keto-disaccharide hydrolase		93522932	protein-coding		WP_005863943.1	268	FQN59_RS07275
NZ_CP042285.1	1730261	1730983		plus	galactosamine-6-phosphate isomerase		93522933	protein-coding		WP_005860625.1	240	FQN59_RS07280
NZ_CP042285.1	1730999	1731925		plus	ROK family protein		93522934	protein-coding		WP_005863941.1	308	FQN59_RS07285
NZ_CP042285.1	1731937	1733208		plus	MFS transporter		93522935	protein-coding		WP_211738587.1	423	FQN59_RS07290
NZ_CP042285.1	1733243	1735225		plus	glycoside hydrolase family 97 protein		93522936	protein-coding		WP_211738588.1	660	FQN59_RS07295
NZ_CP042285.1	1735406	1736122		plus	tRNA threonylcarbamoyladenosine dehydratase		93522937	protein-coding		WP_005863934.1	238	FQN59_RS07300
NZ_CP042285.1	1736119	1736778		plus	ABC transporter ATP-binding protein		93522938	protein-coding		WP_005863932.1	219	FQN59_RS07305
NZ_CP042285.1	1736772	1742606		minus	hypothetical protein		93522939	protein-coding		WP_211738589.1	1944	FQN59_RS07310
NZ_CP042285.1	1742644	1744280		minus	uncharacterized gene		93525988	pseudogene				FQN59_RS22825
NZ_CP042285.1	1744305	1745414		minus	FimB/Mfa2 family fimbrial subunit		93522940	protein-coding		WP_048926885.1	369	FQN59_RS07320
NZ_CP042285.1	1745582	1747690		minus	Mfa1 family fimbria major subunit		93522941	protein-coding		WP_211738592.1	702	FQN59_RS07325
NZ_CP042285.1	1747754	1749223		minus	DUF3868 domain-containing protein		93522942	protein-coding		WP_211738594.1	489	FQN59_RS07330
NZ_CP042285.1	1749243	1749833		minus	DUF3575 domain-containing protein		93522943	protein-coding		WP_008778867.1	196	FQN59_RS07335
NZ_CP042285.1	1750444	1751403		minus	tyrosine-type recombinase/integrase		93522944	protein-coding		WP_122368749.1	319	FQN59_RS07340
NZ_CP042285.1	1751522	1752886		plus	sodium-dependent transporter		93522945	protein-coding		WP_122368750.1	454	FQN59_RS07345
NZ_CP042285.1	1752964	1753692		plus	ComEA family DNA-binding protein		93522946	protein-coding		WP_141806926.1	242	FQN59_RS07350
NZ_CP042285.1	1753728	1754492		plus	AAA family ATPase		93522947	protein-coding		WP_008773277.1	254	FQN59_RS07355
NZ_CP042285.1	1754495	1755001		minus	flavin reductase family protein		93522948	protein-coding		WP_008778870.1	168	FQN59_RS07360
NZ_CP042285.1	1755041	1757368		minus	TonB-dependent receptor		93522949	protein-coding		WP_008778659.1	775	FQN59_RS07365
NZ_CP042285.1	1757544	1758944		plus	alanine/glycine:cation symporter family protein		93522950	protein-coding		WP_057327057.1	466	FQN59_RS07370
NZ_CP042285.1	1758965	1760173		plus	acyloxyacyl hydrolase		93522951	protein-coding		WP_211738597.1	402	FQN59_RS07375
NZ_CP042285.1	1760176	1761396		minus	M16 family metallopeptidase		93522952	protein-coding		WP_211738599.1	406	FQN59_RS07380
NZ_CP042285.1	1761571	1763139		plus	ATP-binding protein		93522953	protein-coding		WP_048926897.1	522	FQN59_RS07385
NZ_CP042285.1	1763144	1764790		plus	M20/M25/M40 family metallo-hydrolase		93522954	protein-coding		WP_048926898.1	548	FQN59_RS07390
NZ_CP042285.1	1764885	1765496		plus	SIS domain-containing protein		93522955	protein-coding		WP_005860581.1	203	FQN59_RS07395
NZ_CP042285.1	1765515	1766444		plus	carbohydrate kinase family protein		93522956	protein-coding		WP_005860579.1	309	FQN59_RS07400
NZ_CP042285.1	1766518	1767573		plus	tyrosine-protein phosphatase		93522957	protein-coding		WP_005863891.1	351	FQN59_RS07405
NZ_CP042285.1	1767697	1769460		plus	DEAD/DEAH box helicase		93522958	protein-coding		WP_211738971.1	587	FQN59_RS07410
NZ_CP042285.1	1769581	1770621		plus	alpha/beta hydrolase family protein		93522959	protein-coding		WP_122145560.1	346	FQN59_RS07415
NZ_CP042285.1	1770649	1772259		plus	dipeptidase		93522960	protein-coding		WP_121772798.1	536	FQN59_RS07420
NZ_CP042285.1	1772333	1773502		plus	aminopeptidase C		93522961	protein-coding		WP_211738601.1	389	FQN59_RS07425
NZ_CP042285.1	1773642	1775774		minus	S46 family peptidase		93522962	protein-coding		WP_349200191.1	710	FQN59_RS07430
NZ_CP042285.1	1775804	1777162		minus	TIGR00341 family protein		93522963	protein-coding		WP_121772800.1	452	FQN59_RS07435
NZ_CP042285.1	1777295	1779382		plus	sensor histidine kinase		93522964	protein-coding		WP_211738605.1	695	FQN59_RS07440
NZ_CP042285.1	1779379	1780875		minus	lipopolysaccharide biosynthesis protein		93522965	protein-coding		WP_211738606.1	498	FQN59_RS07445
NZ_CP042285.1	1780887	1781912		minus	Holliday junction branch migration DNA helicase RuvB	ruvB	93522966	protein-coding		WP_008778665.1	341	FQN59_RS07450
NZ_CP042285.1	1782041	1783216		plus	6-bladed beta-propeller		93522967	protein-coding		WP_005863873.1	391	FQN59_RS07455
NZ_CP042285.1	1783499	1785067		plus	ATP-binding protein		93522968	protein-coding		WP_211738607.1	522	FQN59_RS07460
NZ_CP042285.1	1785412	1786314		minus	IS3 family transposase		93522969	protein-coding		WP_121961876.1	300	FQN59_RS07465
NZ_CP042285.1	1786272	1786679		minus	transposase		93522970	protein-coding		WP_122268703.1	135	FQN59_RS07470
NZ_CP042285.1	1787000	1788727		plus	tetratricopeptide repeat protein		93522971	protein-coding		WP_211738608.1	575	FQN59_RS07475
NZ_CP042285.1	1788832	1789197		plus	DUF3244 domain-containing protein		93522972	protein-coding		WP_008773255.1	121	FQN59_RS07480
NZ_CP042285.1	1789420	1789638		plus	DUF3244 domain-containing protein		93522973	protein-coding		WP_080707584.1	72	FQN59_RS07485
NZ_CP042285.1	1789644	1790351		plus	glycosyltransferase family 32 protein		93522974	protein-coding		WP_095231433.1	235	FQN59_RS07490
NZ_CP042285.1	1790360	1790878		plus	hypothetical protein		93522975	protein-coding		WP_249222516.1	172	FQN59_RS07495
NZ_CP042285.1	1790889	1792712		plus	hypothetical protein		93522976	protein-coding		WP_121962632.1	607	FQN59_RS07500
NZ_CP042285.1	1792738	1793100		plus	LytTR family DNA-binding domain-containing protein		93522977	protein-coding		WP_034531889.1	120	FQN59_RS07505
NZ_CP042285.1	1793216	1793395		plus	TIGR04149 family rSAM-modified RiPP		93522978	protein-coding		WP_080707583.1	59	FQN59_RS07510
NZ_CP042285.1	1793515	1794954		plus	radical SAM peptide maturase		93522979	protein-coding		WP_211738610.1	479	FQN59_RS07515
NZ_CP042285.1	1794960	1796111		plus	TIGR04150 pseudo-rSAM protein		93522980	protein-coding		WP_008773248.1	383	FQN59_RS07520
NZ_CP042285.1	1796136	1797299		plus	6-bladed beta-propeller		93522981	protein-coding		WP_211738612.1	387	FQN59_RS07525
NZ_CP042285.1	1797312	1798184		plus	lanthionine synthetase LanC family protein		93522982	protein-coding		WP_050758721.1	290	FQN59_RS07530
NZ_CP042285.1	1798197	1799423		plus	TIGR04157 family glycosyltransferase		93522983	protein-coding		WP_122380290.1	408	FQN59_RS07535
NZ_CP042285.1	1799423	1801495		plus	TIGR04157 family glycosyltransferase		93522984	protein-coding		WP_081033169.1	690	FQN59_RS07540
NZ_CP042285.1	1801506	1802933		plus	Gfo/Idh/MocA family protein		93522985	protein-coding		WP_008773243.1	475	FQN59_RS07545
NZ_CP042285.1	1803479	1804672		plus	6-bladed beta-propeller		93522986	protein-coding		WP_158532672.1	397	FQN59_RS07550
NZ_CP042285.1	1804674	1805819		plus	6-bladed beta-propeller		93522987	protein-coding		WP_057317666.1	381	FQN59_RS07555
NZ_CP042285.1	1805856	1808051		plus	peptidase domain-containing ABC transporter		93522988	protein-coding		WP_211738614.1	731	FQN59_RS07560
NZ_CP042285.1	1808073	1809368		plus	HlyD family secretion protein		93522989	protein-coding		WP_211738616.1	431	FQN59_RS07565
NZ_CP042285.1	1809569	1810777		plus	ROK family transcriptional regulator		93522990	protein-coding		WP_005860500.1	402	FQN59_RS07570
NZ_CP042285.1	1810919	1811836		plus	dihydrodipicolinate synthase family protein		93522991	protein-coding		WP_211738618.1	305	FQN59_RS07575
NZ_CP042285.1	1811840	1813042		plus	AGE family epimerase/isomerase		93522992	protein-coding		WP_211738620.1	400	FQN59_RS07580
NZ_CP042285.1	1813145	1814395		plus	MFS transporter		93522993	protein-coding		WP_005860494.1	416	FQN59_RS07585
NZ_CP042285.1	1814443	1817718		plus	SusC/RagA family TonB-linked outer membrane protein		93522994	protein-coding		WP_122115116.1	1091	FQN59_RS07590
NZ_CP042285.1	1817744	1819309		plus	SusD family outer membrane lipoprotein NanU	nanU	93522995	protein-coding		WP_005863837.1	521	FQN59_RS07595
NZ_CP042285.1	1819447	1821069		plus	sialidase family protein		93522996	protein-coding		WP_005863836.1	540	FQN59_RS07600
NZ_CP042285.1	1821081	1823099		plus	family 20 glycosylhydrolase		93522997	protein-coding		WP_211738642.1	672	FQN59_RS07605
NZ_CP042285.1	1823121	1825196		plus	GDSL-type esterase/lipase family protein		93522998	protein-coding		WP_122380686.1	691	FQN59_RS07610
NZ_CP042285.1	1825200	1826390		plus	cyclically-permuted mutarotase family protein		93522999	protein-coding		WP_057319879.1	396	FQN59_RS07615
NZ_CP042285.1	1827181	1827378		plus	hypothetical protein		93523000	protein-coding		WP_249222517.1	65	FQN59_RS07620
NZ_CP042285.1	1827387	1828217		minus	MBL fold metallo-hydrolase		93523001	protein-coding		WP_211738646.1	276	FQN59_RS07625
NZ_CP042285.1	1828279	1828881		minus	TIGR00730 family Rossman fold protein		93523002	protein-coding		WP_211738648.1	200	FQN59_RS07630
NZ_CP042285.1	1828888	1829634		minus	TIGR02757 family protein		93523003	protein-coding		WP_005863824.1	248	FQN59_RS07635
NZ_CP042285.1	1829636	1830343		minus	DNA alkylation repair protein		93523004	protein-coding		WP_048926921.1	235	FQN59_RS07640
NZ_CP042285.1	1830340	1831299		minus	2-hydroxyacid dehydrogenase family protein		93523005	protein-coding		WP_122382880.1	319	FQN59_RS07645
NZ_CP042285.1	1831384	1832613		plus	nucleoside recognition domain-containing protein		93523006	protein-coding		WP_005863819.1	409	FQN59_RS07650
NZ_CP042285.1	1832704	1833132		plus	rRNA maturation RNase YbeY	ybeY	93523007	protein-coding		WP_009016521.1	142	FQN59_RS07655
NZ_CP042285.1	1833186	1833992		plus	uncharacterized gene		93523008	pseudogene				FQN59_RS07660
NZ_CP042285.1	1834013	1834186		plus	hypothetical protein		93523009	protein-coding		WP_186761497.1	57	FQN59_RS07665
NZ_CP042285.1	1834159	1834797		minus	porin family protein		93523010	protein-coding		WP_146334516.1	212	FQN59_RS07670
NZ_CP042285.1	1834943	1836091		minus	metallophosphoesterase		93523011	protein-coding		WP_211738650.1	382	FQN59_RS07675
NZ_CP042285.1	1836210	1838087		plus	tRNA uridine-5-carboxymethylaminomethyl(34) synthesis enzyme MnmG	mnmG	93523012	protein-coding		WP_005863809.1	625	FQN59_RS07680
NZ_CP042285.1	1838132	1839769		plus	adenine deaminase	ade	93523013	protein-coding		WP_211738652.1	545	FQN59_RS07685
NZ_CP042285.1	1839766	1841601		plus	excinuclease ABC subunit UvrC	uvrC	93523014	protein-coding		WP_005863805.1	611	FQN59_RS07690
NZ_CP042285.1	1841629	1842081		plus	D-aminoacyl-tRNA deacylase	dtd	93523015	protein-coding		WP_005860440.1	150	FQN59_RS07695
NZ_CP042285.1	1842084	1842416		plus	nucleotide pyrophosphohydrolase		93523016	protein-coding		WP_005860438.1	110	FQN59_RS07700
NZ_CP042285.1	1842421	1843359		plus	deoxyribose-phosphate aldolase	deoC	93523017	protein-coding		WP_009275485.1	312	FQN59_RS07705
NZ_CP042285.1	1843551	1844525		minus	polyprenyl synthetase family protein		93523018	protein-coding		WP_008773223.1	324	FQN59_RS07710
NZ_CP042285.1	1844627	1847392		plus	DNA polymerase I	polA	93523019	protein-coding		WP_211738654.1	921	FQN59_RS07715
NZ_CP042285.1	1847575	1849482		minus	C10 family peptidase		93523020	protein-coding		WP_249222518.1	635	FQN59_RS07720
NZ_CP042285.1	1849699	1850778		plus	acyltransferase family protein		93523021	protein-coding		WP_211738658.1	359	FQN59_RS07725
NZ_CP042285.1	1850882	1851985		plus	redox-regulated ATPase YchF	ychF	93523022	protein-coding		WP_005863784.1	367	FQN59_RS07730
NZ_CP042285.1	1852081	1852995		plus	TolB family protein		93523023	protein-coding		WP_008773214.1	304	FQN59_RS07735
NZ_CP042285.1	1852987	1854132		minus	AraC family transcriptional regulator		93523024	protein-coding		WP_211738660.1	381	FQN59_RS07740
NZ_CP042285.1	1854337	1854759		plus	fimbrillin family protein		93525935	protein-coding		WP_249222519.1	140	FQN59_RS22515
NZ_CP042285.1	1854752	1855306		plus	fimbrillin family protein		93525936	protein-coding		WP_249222520.1	184	FQN59_RS22520
NZ_CP042285.1	1855809	1856756		plus	fimbrillin family protein		93523025	protein-coding		WP_121962048.1	315	FQN59_RS07750
NZ_CP042285.1	1856883	1857338		plus	DUF4252 domain-containing protein		93523026	protein-coding		WP_029257165.1	151	FQN59_RS07755
NZ_CP042285.1	1857350	1857862		plus	RNA polymerase sigma factor		93523027	protein-coding		WP_005860415.1	170	FQN59_RS07760
NZ_CP042285.1	1857855	1858247		plus	hypothetical protein		93523028	protein-coding		WP_211738662.1	130	FQN59_RS07765
NZ_CP042285.1	1858240	1858716		plus	DUF4252 domain-containing protein		93523029	protein-coding		WP_146375808.1	158	FQN59_RS07770
NZ_CP042285.1	1858793	1859959		plus	6-bladed beta-propeller		93523030	protein-coding		WP_211738664.1	388	FQN59_RS07775
NZ_CP042285.1	1859995	1862580		minus	DNA mismatch repair protein MutS	mutS	93523031	protein-coding		WP_172724878.1	861	FQN59_RS07780
NZ_CP042285.1	1862666	1863322		minus	fructose-6-phosphate aldolase	fsa	93523032	protein-coding		WP_005860406.1	218	FQN59_RS07785
NZ_CP042285.1	1863518	1864789		minus	DNA cytosine methyltransferase		93523033	protein-coding		WP_394811575.1	423	FQN59_RS07790
NZ_CP042285.1	1865126	1865752		minus	hypothetical protein		93523034	protein-coding		WP_005860400.1	208	FQN59_RS07795
NZ_CP042285.1	1865759	1866832		minus	DUF4848 domain-containing protein		93523035	protein-coding		WP_211738667.1	357	FQN59_RS07800
NZ_CP042285.1	1866853	1867224		minus	DUF3244 domain-containing protein		93523036	protein-coding		WP_008778928.1	123	FQN59_RS07805
NZ_CP042285.1	1867412	1868416		minus	hypothetical protein		93523037	protein-coding		WP_249222522.1	334	FQN59_RS07810
NZ_CP042285.1	1868515	1869960		plus	IS4-like element ISBf8 family transposase		93523038	protein-coding		WP_005642186.1	481	FQN59_RS07815
NZ_CP042285.1	1870062	1870796		minus	hypothetical protein		93523039	protein-coding		WP_249222523.1	244	FQN59_RS07820
NZ_CP042285.1	1871203	1871766		plus	ORF6N domain-containing protein		93523040	protein-coding		WP_121772828.1	187	FQN59_RS07825
NZ_CP042285.1	1871791	1872348		plus	ORF6N domain-containing protein		93523041	protein-coding		WP_087345191.1	185	FQN59_RS07830
NZ_CP042285.1	1872438	1875278		plus	leucine--tRNA ligase	leuS	93523042	protein-coding		WP_211738669.1	946	FQN59_RS07835
NZ_CP042285.1	1875275	1876153		plus	YitT family protein		93523043	protein-coding		WP_005860386.1	292	FQN59_RS07840
NZ_CP042285.1	1876241	1876822		plus	non-canonical purine NTP diphosphatase		93523044	protein-coding		WP_005860384.1	193	FQN59_RS07845
NZ_CP042285.1	1876824	1879154		plus	two-component regulator propeller domain-containing protein		93523045	protein-coding		WP_121960726.1	776	FQN59_RS07850
NZ_CP042285.1	1879159	1880211		plus	acyltransferase family protein		93523046	protein-coding		WP_048926945.1	350	FQN59_RS07855
NZ_CP042285.1	1880195	1881154		minus	hypothetical protein		93523047	protein-coding		WP_227154513.1	319	FQN59_RS07860
NZ_CP042285.1	1881190	1882632		minus	MBOAT family O-acyltransferase		93523048	protein-coding		WP_211738672.1	480	FQN59_RS07865
NZ_CP042285.1	1882653	1885073		minus	TonB-dependent receptor		93523049	protein-coding		WP_211738674.1	806	FQN59_RS07870
NZ_CP042285.1	1885655	1886641		minus	quinolinate synthase NadA	nadA	93523050	protein-coding		WP_036615066.1	328	FQN59_RS07875
NZ_CP042285.1	1887337	1887867		plus	RNA methyltransferase		93523051	protein-coding		WP_005860365.1	176	FQN59_RS07880
NZ_CP042285.1	1887859	1888464		minus	DUF4294 domain-containing protein		93523052	protein-coding		WP_008778681.1	201	FQN59_RS07885
NZ_CP042285.1	1888584	1889411		plus	DNA damage-inducible protein D	dinD	93523053	protein-coding		WP_005860360.1	275	FQN59_RS07890
NZ_CP042285.1	1889433	1890242		plus	hypothetical protein		93523054	protein-coding		WP_211738676.1	269	FQN59_RS07895
NZ_CP042285.1	1890256	1892316		plus	ComEA family DNA-binding protein		93523055	protein-coding		WP_211738678.1	686	FQN59_RS07900
NZ_CP042285.1	1892350	1893129		plus	radical SAM protein		93523056	protein-coding		WP_172514247.1	259	FQN59_RS07905
NZ_CP042285.1	1893162	1896785		plus	glycosyl hydrolase 2 galactose-binding domain-containing protein		93523057	protein-coding		WP_211738680.1	1207	FQN59_RS07910
NZ_CP042285.1	1896894	1897781		plus	LytR/AlgR family response regulator transcription factor		93523058	protein-coding		WP_057327037.1	295	FQN59_RS07915
NZ_CP042285.1	1897926	1900229		plus	outer membrane beta-barrel protein		93523059	protein-coding		WP_057327036.1	767	FQN59_RS07920
NZ_CP042285.1	1900307	1901413		minus	acyltransferase family protein		93523060	protein-coding		WP_048926951.1	368	FQN59_RS07925
NZ_CP042285.1	1901735	1902430		plus	hypothetical protein		93523061	protein-coding		WP_233554215.1	231	FQN59_RS07930
NZ_CP042285.1	1902427	1903299		plus	C10 family peptidase		93523062	protein-coding		WP_146376323.1	290	FQN59_RS07935
NZ_CP042285.1	1903296	1903712		plus	hypothetical protein		93523063	protein-coding		WP_122382890.1	138	FQN59_RS07940
NZ_CP042285.1	1904246	1904428		plus	hypothetical protein		301046720	protein-coding		WP_233554217.1	60	FQN59_RS22925
NZ_CP042285.1	1904464	1904685		plus	DUF5025 domain-containing protein		301046721	protein-coding		WP_233554218.1	73	FQN59_RS22930
NZ_CP042285.1	1904752	1905162		plus	hypothetical protein		93523064	protein-coding		WP_122382891.1	136	FQN59_RS07950
NZ_CP042285.1	1905278	1905733		plus	hypothetical protein		93523065	protein-coding		WP_122382892.1	151	FQN59_RS07955
NZ_CP042285.1	1905738	1906292		plus	DUF5025 domain-containing protein		93523066	protein-coding		WP_122382893.1	184	FQN59_RS07960
NZ_CP042285.1	1906467	1906625		plus	hypothetical protein		93523067	protein-coding		WP_172681050.1	52	FQN59_RS07965
NZ_CP042285.1	1906730	1908175		plus	PA14 domain-containing protein		93523068	protein-coding		WP_005863716.1	481	FQN59_RS07970
NZ_CP042285.1	1908229	1909908		minus	SulP family inorganic anion transporter		93523069	protein-coding		WP_005860327.1	559	FQN59_RS07975
NZ_CP042285.1	1910198	1910776		plus	rubrerythrin	rbr	93523070	protein-coding		WP_008777696.1	192	FQN59_RS07980
NZ_CP042285.1	1910852	1912423		minus	L-aspartate oxidase	nadB	93523071	protein-coding		WP_057327032.1	523	FQN59_RS07985
NZ_CP042285.1	1912577	1915765		minus	SusC/RagA family TonB-linked outer membrane protein		93523072	protein-coding		WP_249222524.1	1062	FQN59_RS07990
NZ_CP042285.1	1915782	1917530		minus	RagB/SusD family nutrient uptake outer membrane protein		93523073	protein-coding		WP_211738682.1	582	FQN59_RS07995
NZ_CP042285.1	1917527	1918528		minus	FecR family protein		93523074	protein-coding		WP_008778948.1	333	FQN59_RS08000
NZ_CP042285.1	1918552	1919163		minus	RNA polymerase sigma-70 factor		93523075	protein-coding		WP_008778949.1	203	FQN59_RS08005
NZ_CP042285.1	1919377	1922391		plus	SusC/RagA family TonB-linked outer membrane protein		93523076	protein-coding		WP_005863703.1	1004	FQN59_RS08010
NZ_CP042285.1	1922408	1924075		plus	RagB/SusD family nutrient uptake outer membrane protein		93523077	protein-coding		WP_036616454.1	555	FQN59_RS08015
NZ_CP042285.1	1924120	1925496		minus	MATE family efflux transporter		93523078	protein-coding		WP_211738685.1	458	FQN59_RS08020
NZ_CP042285.1	1926057	1927826		plus	tetratricopeptide repeat protein		93523079	protein-coding		WP_211738687.1	589	FQN59_RS08025
NZ_CP042285.1	1927961	1928899		plus	glycosyltransferase		93523080	protein-coding		WP_211738689.1	312	FQN59_RS08030
NZ_CP042285.1	1929077	1930114		plus	tail fiber domain-containing protein		93523081	protein-coding		WP_224201869.1	345	FQN59_RS08035
NZ_CP042285.1	1930162	1930548		plus	hypothetical protein		93523082	protein-coding		WP_008778959.1	128	FQN59_RS08040
NZ_CP042285.1	1930577	1936723		plus	RHS repeat-associated core domain-containing protein		93523083	protein-coding		WP_249222525.1	2048	FQN59_RS08045
NZ_CP042285.1	1936850	1937260		plus	hypothetical protein		93523084	protein-coding		WP_121737493.1	136	FQN59_RS08050
NZ_CP042285.1	1937377	1937739		plus	hypothetical protein		93523085	protein-coding		WP_008781475.1	120	FQN59_RS08055
NZ_CP042285.1	1937733	1938068		plus	IS66 family insertion sequence element accessory protein TnpB	tnpB	93523086	protein-coding		WP_008782597.1	111	FQN59_RS08060
NZ_CP042285.1	1938141	1939934		plus	IS66 family transposase	tnpC	93523087	protein-coding		WP_032951975.1	597	FQN59_RS08065
NZ_CP042285.1	1940736	1941419		plus	hypothetical protein		93523088	protein-coding		WP_121960720.1	227	FQN59_RS08070
NZ_CP042285.1	1941813	1942436		plus	ribonuclease domain-containing protein		93523089	protein-coding		WP_249222526.1	207	FQN59_RS08075
NZ_CP042285.1	1942506	1942883		plus	barstar family protein		93523090	protein-coding		WP_160217508.1	125	FQN59_RS08080
NZ_CP042285.1	1942979	1943314		plus	hypothetical protein		93523091	protein-coding		WP_249222527.1	111	FQN59_RS08085
NZ_CP042285.1	1943473	1943787		plus	macro domain-containing protein		93523092	protein-coding		WP_249222528.1	104	FQN59_RS08090
NZ_CP042285.1	1943868	1944491		plus	ribonuclease domain-containing protein		93523093	protein-coding		WP_229103534.1	207	FQN59_RS08095
NZ_CP042285.1	1944552	1944941		plus	barstar family protein		93523094	protein-coding		WP_121960719.1	129	FQN59_RS08100
NZ_CP042285.1	1945520	1947097		plus	PQQ-binding-like beta-propeller repeat protein		93523095	protein-coding		WP_211738691.1	525	FQN59_RS08105
NZ_CP042285.1	1947282	1947986		plus	hypothetical protein		93523096	protein-coding		WP_005860303.1	234	FQN59_RS08110
NZ_CP042285.1	1948137	1948541		plus	PH domain-containing protein		93523097	protein-coding		WP_009016772.1	134	FQN59_RS08115
NZ_CP042285.1	1948552	1949898		plus	dihydrolipoyl dehydrogenase	lpdA	93523098	protein-coding		WP_005860301.1	448	FQN59_RS08120
NZ_CP042285.1	1949935	1950660		plus	DUF4271 domain-containing protein		93523099	protein-coding		WP_008773164.1	241	FQN59_RS08125
NZ_CP042285.1	1950657	1951412		plus	uroporphyrinogen-III synthase		93523100	protein-coding		WP_029257164.1	251	FQN59_RS08130
NZ_CP042285.1	1951412	1951798		plus	ribonuclease P protein component	rnpA	93523101	protein-coding		WP_009016771.1	128	FQN59_RS08135
NZ_CP042285.1	1951798	1952019		plus	membrane protein insertion efficiency factor YidD	yidD	93523102	protein-coding		WP_005863660.1	73	FQN59_RS08140
NZ_CP042285.1	1952003	1952674		plus	TatD family hydrolase		93523103	protein-coding		WP_039848529.1	223	FQN59_RS08145
NZ_CP042285.1	1952778	1954070		plus	tyrosine--tRNA ligase	tyrS	93523104	protein-coding		WP_008778966.1	430	FQN59_RS08150
NZ_CP042285.1	1954405	1954974		plus	RNA polymerase sigma-70 factor		93523105	protein-coding		WP_010182615.1	189	FQN59_RS08155
NZ_CP042285.1	1954978	1955955		plus	FecR family protein		93523106	protein-coding		WP_121956120.1	325	FQN59_RS08160
NZ_CP042285.1	1955970	1957832		plus	GH116 family glycosyl hydrolase		93523107	protein-coding		WP_211738693.1	620	FQN59_RS08165
NZ_CP042285.1	1958003	1961191		plus	TonB-dependent receptor		93523108	protein-coding		WP_146376098.1	1062	FQN59_RS08170
NZ_CP042285.1	1961216	1962736		plus	RagB/SusD family nutrient uptake outer membrane protein		93523109	protein-coding		WP_211738695.1	506	FQN59_RS08175
NZ_CP042285.1	1962874	1963704		plus	glycoside hydrolase family 16 protein		93523110	protein-coding		WP_009275446.1	276	FQN59_RS08180
NZ_CP042285.1	1963796	1966654		plus	triple tyrosine motif-containing protein		93523111	protein-coding		WP_211738975.1	952	FQN59_RS08185
NZ_CP042285.1	1966989	1970030		plus	SusC/RagA family TonB-linked outer membrane protein		93523112	protein-coding		WP_048926963.1	1013	FQN59_RS08190
NZ_CP042285.1	1970055	1971551		plus	RagB/SusD family nutrient uptake outer membrane protein		93523113	protein-coding		WP_005860289.1	498	FQN59_RS08195
NZ_CP042285.1	1971666	1973831		plus	glucoamylase family protein		93523114	protein-coding		WP_211738697.1	721	FQN59_RS08200
NZ_CP042285.1	1973972	1976128		plus	family 43 glycosylhydrolase		93523115	protein-coding		WP_211738699.1	718	FQN59_RS08205
NZ_CP042285.1	1976138	1977532		plus	glucoamylase family protein		93523116	protein-coding		WP_010182603.1	464	FQN59_RS08210
NZ_CP042285.1	1977545	1979800		plus	beta-glucosidase BglX	bglX	93523117	protein-coding		WP_211738701.1	751	FQN59_RS08215
NZ_CP042285.1	1979815	1982091		plus	beta-glucosidase BglX	bglX	93523118	protein-coding		WP_211738703.1	758	FQN59_RS08220
NZ_CP042285.1	1982110	1983903		plus	family 43 glycosylhydrolase		93523119	protein-coding		WP_057319847.1	597	FQN59_RS08225
NZ_CP042285.1	1984175	1984972		plus	prolyl oligopeptidase family serine peptidase		93523120	protein-coding		WP_122114996.1	265	FQN59_RS08230
NZ_CP042285.1	1985266	1985721		plus	hypothetical protein		93523121	protein-coding		WP_005860275.1	151	FQN59_RS08235
NZ_CP042285.1	1986421	1987323		plus	YitT family protein		93523122	protein-coding		WP_005860273.1	300	FQN59_RS08240
NZ_CP042285.1	1987363	1990185		minus	M16 family metallopeptidase		93523123	protein-coding		WP_122382731.1	940	FQN59_RS08245
NZ_CP042285.1	1990318	1990542		minus	(4Fe-4S)-binding protein		93523124	protein-coding		WP_057317236.1	74	FQN59_RS08250
NZ_CP042285.1	1990561	1990860		minus	GNAT family N-acetyltransferase		93523125	protein-coding		WP_036614495.1	99	FQN59_RS08255
NZ_CP042285.1	1991056	1994313		plus	DUF2723 domain-containing protein		93523126	protein-coding		WP_121960715.1	1085	FQN59_RS08260
NZ_CP042285.1	1994320	1994931		plus	polysaccharide deacetylase family protein		93523127	protein-coding		WP_005860262.1	203	FQN59_RS08265
NZ_CP042285.1	1994931	1995848		plus	tRNA epoxyqueuosine(34) reductase QueG	queG	93523128	protein-coding		WP_008778979.1	305	FQN59_RS08270
NZ_CP042285.1	1995855	1997144		plus	S28 family serine protease		93523129	protein-coding		WP_008778980.1	429	FQN59_RS08275
NZ_CP042285.1	1997284	1998102		plus	FkbM family methyltransferase		93523130	protein-coding		WP_227154383.1	272	FQN59_RS08280
NZ_CP042285.1	1998173	1999057		plus	metal ABC transporter solute-binding protein, Zn/Mn family		93523131	protein-coding		WP_121960713.1	294	FQN59_RS08285
NZ_CP042285.1	1999041	1999802		plus	metal ABC transporter ATP-binding protein		93523132	protein-coding		WP_048926974.1	253	FQN59_RS08290
NZ_CP042285.1	1999830	2000036		plus	hypothetical protein		93523133	protein-coding		WP_005860253.1	68	FQN59_RS08295
NZ_CP042285.1	2000033	2001049		plus	NAD-dependent epimerase/dehydratase family protein		93523134	protein-coding		WP_005863616.1	338	FQN59_RS08300
NZ_CP042285.1	2001053	2001853		minus	head GIN domain-containing protein		93523135	protein-coding		WP_005863614.1	266	FQN59_RS08305
NZ_CP042285.1	2001850	2002638		minus	head GIN domain-containing protein		93523136	protein-coding		WP_211738705.1	262	FQN59_RS08310
NZ_CP042285.1	2002789	2003613		minus	head GIN domain-containing protein		93523137	protein-coding		WP_005863610.1	274	FQN59_RS08315
NZ_CP042285.1	2003634	2004443		minus	head GIN domain-containing protein		93523138	protein-coding		WP_005863609.1	269	FQN59_RS08320
NZ_CP042285.1	2004556	2005035		plus	pyridoxamine 5'-phosphate oxidase family protein		93523139	protein-coding		WP_005860241.1	159	FQN59_RS08325
NZ_CP042285.1	2005049	2006257		plus	hypothetical protein		93523140	protein-coding		WP_211738707.1	402	FQN59_RS08330
NZ_CP042285.1	2006727	2007863		plus	6-bladed beta-propeller		93523141	protein-coding		WP_057317246.1	378	FQN59_RS08335
NZ_CP042285.1	2007860	2008855		plus	hypothetical protein		93523142	protein-coding		WP_008778988.1	331	FQN59_RS08340
NZ_CP042285.1	2009032	2009931		plus	serine O-acetyltransferase		93523143	protein-coding		WP_005860231.1	299	FQN59_RS08345
NZ_CP042285.1	2010062	2011612		plus	THUMP domain-containing class I SAM-dependent RNA methyltransferase		93523144	protein-coding		WP_005863595.1	516	FQN59_RS08350
NZ_CP042285.1	2011593	2013794		plus	S9 family peptidase		93523145	protein-coding		WP_211738709.1	733	FQN59_RS08355
NZ_CP042285.1	2013830	2015101		plus	phosphoribosylamine--glycine ligase	purD	93523146	protein-coding		WP_008773120.1	423	FQN59_RS08360
NZ_CP042285.1	2015126	2017708		plus	family 78 glycoside hydrolase catalytic domain		93523147	protein-coding		WP_249222530.1	860	FQN59_RS08365
NZ_CP042285.1	2018388	2019404		plus	hypothetical protein		93523148	protein-coding		WP_005860222.1	338	FQN59_RS08370
NZ_CP042285.1	2019389	2019838		plus	YqaA family protein		93523149	protein-coding		WP_005863579.1	149	FQN59_RS08375
NZ_CP042285.1	2019935	2021209		minus	lipopolysaccharide biosynthesis protein		93523150	protein-coding		WP_211738713.1	424	FQN59_RS08380
NZ_CP042285.1	2021213	2022268		minus	M20 family metallo-hydrolase		93523151	protein-coding		WP_057317251.1	351	FQN59_RS08385
NZ_CP042285.1	2022270	2023190		minus	riboflavin biosynthesis protein RibF	ribF	93523152	protein-coding		WP_121960709.1	306	FQN59_RS08390
NZ_CP042285.1	2023394	2027473		plus	hybrid sensor histidine kinase/response regulator transcription factor		93523153	protein-coding		WP_211738977.1	1359	FQN59_RS08395
NZ_CP042285.1	2027704	2030550		plus	TIM-barrel domain-containing protein		93523154	protein-coding		WP_211738715.1	948	FQN59_RS08400
NZ_CP042285.1	2030658	2033186		plus	sugar-binding domain-containing protein		93523155	protein-coding		WP_211738717.1	842	FQN59_RS08405
NZ_CP042285.1	2033209	2034993		plus	glycoside hydrolase family 3 C-terminal domain-containing protein		93523156	protein-coding		WP_249222532.1	594	FQN59_RS08410
NZ_CP042285.1	2035159	2035407		plus	fibronectin type III-like domain-contianing protein		93525937	protein-coding		WP_249222533.1	82	FQN59_RS22535
NZ_CP042285.1	2035556	2036506		plus	Dyp-type peroxidase		93523157	protein-coding		WP_005860205.1	316	FQN59_RS08415
NZ_CP042285.1	2037560	2038465		plus	hypothetical protein		93523158	protein-coding		WP_005863563.1	301	FQN59_RS08420
NZ_CP042285.1	2038712	2039278		plus	RNA polymerase sigma factor		93523159	protein-coding		WP_005863561.1	188	FQN59_RS08425
NZ_CP042285.1	2039381	2040241		plus	DUF1573 domain-containing protein		93523160	protein-coding		WP_057317256.1	286	FQN59_RS08430
NZ_CP042285.1	2040449	2040667		plus	NVEALA domain-containing protein		93523161	protein-coding		WP_157257407.1	72	FQN59_RS08435
NZ_CP042285.1	2040788	2041945		plus	DUF4221 family protein		93523162	protein-coding		WP_083434090.1	385	FQN59_RS08440
NZ_CP042285.1	2041929	2043017		plus	BF3164 family lipoprotein		93523163	protein-coding		WP_249222534.1	362	FQN59_RS08445
NZ_CP042285.1	2043036	2045069		plus	transglutaminase domain-containing protein		93523164	protein-coding		WP_005863552.1	677	FQN59_RS08450
NZ_CP042285.1	2045145	2046149		plus	FecR family protein		93523165	protein-coding		WP_008779004.1	334	FQN59_RS08455
NZ_CP042285.1	2046374	2049937		plus	SusC/RagA family TonB-linked outer membrane protein		93523166	protein-coding		WP_057326784.1	1187	FQN59_RS08460
NZ_CP042285.1	2049958	2051787		plus	RagB/SusD family nutrient uptake outer membrane protein		93523167	protein-coding		WP_005863546.1	609	FQN59_RS08465
NZ_CP042285.1	2051801	2052643		plus	endonuclease/exonuclease/phosphatase family protein		93523168	protein-coding		WP_005863544.1	280	FQN59_RS08470
NZ_CP042285.1	2052681	2053598		plus	endonuclease/exonuclease/phosphatase family protein		93523169	protein-coding		WP_005863542.1	305	FQN59_RS08475
NZ_CP042285.1	2053673	2055055		minus	restriction endonuclease		93523170	protein-coding		WP_211738719.1	460	FQN59_RS08480
NZ_CP042285.1	2055493	2056035		plus	RNA polymerase sigma factor		93523171	protein-coding		WP_005863538.1	180	FQN59_RS08485
NZ_CP042285.1	2056111	2057094		plus	FecR family protein		93523172	protein-coding		WP_005863536.1	327	FQN59_RS08490
NZ_CP042285.1	2057237	2060677		plus	TonB-dependent receptor		93523173	protein-coding		WP_005863534.1	1146	FQN59_RS08495
NZ_CP042285.1	2060696	2062360		plus	RagB/SusD family nutrient uptake outer membrane protein		93523174	protein-coding		WP_009275411.1	554	FQN59_RS08500
NZ_CP042285.1	2062624	2064306		plus	hypothetical protein		93523175	protein-coding		WP_211738722.1	560	FQN59_RS08505
NZ_CP042285.1	2064293	2065726		plus	DUF3863 domain-containing protein		93523176	protein-coding		WP_211738724.1	477	FQN59_RS08510
NZ_CP042285.1	2065734	2067566		plus	glycoside hydrolase family 2 protein		93523177	protein-coding		WP_211738726.1	610	FQN59_RS08515
NZ_CP042285.1	2067666	2068811		plus	glycerate kinase		93523178	protein-coding		WP_211738728.1	381	FQN59_RS08520
NZ_CP042285.1	2068824	2070071		plus	GntP family permease		93523179	protein-coding		WP_211738979.1	415	FQN59_RS08525
NZ_CP042285.1	2070253	2070908		minus	uncharacterized gene		93523180	pseudogene				FQN59_RS08530
NZ_CP042285.1	2071288	2071986		plus	uncharacterized gene		93523181	pseudogene				FQN59_RS08535
NZ_CP042285.1	2072187	2074388		plus	GH92 family glycosyl hydrolase		93523182	protein-coding		WP_008779022.1	733	FQN59_RS08540
NZ_CP042285.1	2074517	2076259		plus	ATP-binding protein		93523183	protein-coding		WP_005863511.1	580	FQN59_RS08545
NZ_CP042285.1	2076322	2077269		plus	tyrosine-type recombinase/integrase		93523184	protein-coding		WP_005860121.1	315	FQN59_RS08550
NZ_CP042285.1	2077629	2078393		plus	DNA-binding domain-containing protein		93523185	protein-coding		WP_211738730.1	254	FQN59_RS08555
NZ_CP042285.1	2078575	2083545		plus	C10 family peptidase		93523186	protein-coding		WP_211738731.1	1656	FQN59_RS08560
NZ_CP042285.1	2083663	2086347		plus	family 78 glycoside hydrolase catalytic domain		93523187	protein-coding		WP_211738732.1	894	FQN59_RS08565
NZ_CP042285.1	2086405	2088723		plus	GH92 family glycosyl hydrolase		93523188	protein-coding		WP_211738733.1	772	FQN59_RS08570
NZ_CP042285.1	2088796	2089617		plus	alpha/beta hydrolase		93523189	protein-coding		WP_128577490.1	273	FQN59_RS08575
NZ_CP042285.1	2090166	2091401		plus	3-phosphoshikimate 1-carboxyvinyltransferase		93523190	protein-coding		WP_009275210.1	411	FQN59_RS08580
NZ_CP042285.1	2091437	2091856		plus	hypothetical protein		93523191	protein-coding		WP_005860099.1	139	FQN59_RS08585
NZ_CP042285.1	2091874	2092677		plus	metal ABC transporter permease		93523192	protein-coding		WP_005860097.1	267	FQN59_RS08590
NZ_CP042285.1	2092685	2096245		plus	tetratricopeptide repeat protein		93523193	protein-coding		WP_196009015.1	1186	FQN59_RS08595
NZ_CP042285.1	2096262	2097275		minus	AI-2E family transporter		93523194	protein-coding		WP_005863489.1	337	FQN59_RS08600
NZ_CP042285.1	2097332	2098507		minus	N-acetylglucosamine-6-phosphate deacetylase	nagA	93523195	protein-coding		WP_005863488.1	391	FQN59_RS08605
NZ_CP042285.1	2098519	2099901		minus	S41 family peptidase		93523196	protein-coding		WP_005863487.1	460	FQN59_RS08610
NZ_CP042285.1	2099978	2101663		minus	Na/Pi cotransporter family protein		93523197	protein-coding		WP_005863486.1	561	FQN59_RS08615
NZ_CP042285.1	2101747	2103414		plus	nucleoside kinase		93523198	protein-coding		WP_008773059.1	555	FQN59_RS08620
NZ_CP042285.1	2103548	2105116		plus	ATP-binding protein		93523199	protein-coding		WP_005863484.1	522	FQN59_RS08625
NZ_CP042285.1	2105436	2106338		minus	IS3 family transposase		93523200	protein-coding		WP_121961876.1	300	FQN59_RS08630
NZ_CP042285.1	2106296	2106703		minus	transposase		93523201	protein-coding		WP_122268703.1	135	FQN59_RS08635
NZ_CP042285.1	2107025	2108836		plus	tetratricopeptide repeat protein		93523202	protein-coding		WP_211738734.1	603	FQN59_RS08640
NZ_CP042285.1	2109007	2109369		plus	DUF3244 domain-containing protein		93523203	protein-coding		WP_005863481.1	120	FQN59_RS08645
NZ_CP042285.1	2109514	2110320		plus	response regulator transcription factor		93523204	protein-coding		WP_005863480.1	268	FQN59_RS08650
NZ_CP042285.1	2110633	2110773		plus	TIGR04149 family rSAM-modified RiPP		93523205	protein-coding		WP_005863479.1	46	FQN59_RS08655
NZ_CP042285.1	2110860	2112302		plus	radical SAM peptide maturase		93523206	protein-coding		WP_211738735.1	480	FQN59_RS08660
NZ_CP042285.1	2112308	2113462		plus	TIGR04150 pseudo-rSAM protein		93523207	protein-coding		WP_211738737.1	384	FQN59_RS08665
NZ_CP042285.1	2113513	2114724		plus	6-bladed beta-propeller		93523208	protein-coding		WP_211738739.1	403	FQN59_RS08670
NZ_CP042285.1	2114721	2115407		plus	hypothetical protein		93523209	protein-coding		WP_211738741.1	228	FQN59_RS08675
NZ_CP042285.1	2115437	2116687		plus	TIGR04157 family glycosyltransferase		93523210	protein-coding		WP_211738743.1	416	FQN59_RS08680
NZ_CP042285.1	2116691	2118040		plus	glycosyltransferase		93523211	protein-coding		WP_211738745.1	449	FQN59_RS08685
NZ_CP042285.1	2118040	2120235		plus	peptidase domain-containing ABC transporter		93523212	protein-coding		WP_211738746.1	731	FQN59_RS08690
NZ_CP042285.1	2120288	2121583		plus	HlyD family secretion protein		93523213	protein-coding		WP_211738747.1	431	FQN59_RS08695
NZ_CP042285.1	2121726	2123183		plus	RNA polymerase factor sigma-54	rpoN	93523214	protein-coding		WP_005860047.1	485	FQN59_RS08700
NZ_CP042285.1	2123190	2123810		plus	hypothetical protein		93523215	protein-coding		WP_005863464.1	206	FQN59_RS08705
NZ_CP042285.1	2123827	2124207		plus	glycine cleavage system protein GcvH	gcvH	93523216	protein-coding		WP_005863462.1	126	FQN59_RS08710
NZ_CP042285.1	2124210	2124716		plus	5-(carboxyamino)imidazole ribonucleotide mutase	purE	93523217	protein-coding		WP_005860041.1	168	FQN59_RS08715
NZ_CP042285.1	2124823	2126658		plus	4-hydroxy-3-methylbut-2-en-1-yl diphosphate synthase		93523218	protein-coding		WP_005863460.1	611	FQN59_RS08720
NZ_CP042285.1	2126708	2127001		plus	hypothetical protein		93523219	protein-coding		WP_005863458.1	97	FQN59_RS08725
NZ_CP042285.1	2126992	2127312		plus	type II toxin-antitoxin system RelE/ParE family toxin		93523220	protein-coding		WP_005863457.1	106	FQN59_RS08730
NZ_CP042285.1	2127316	2127750		plus	dUTP diphosphatase	dut	93523221	protein-coding		WP_005860037.1	144	FQN59_RS08735
NZ_CP042285.1	2127779	2129497		plus	tetratricopeptide repeat protein		93523222	protein-coding		WP_005863454.1	572	FQN59_RS08740
NZ_CP042285.1	2129494	2130339		plus	DUF4292 domain-containing protein		93523223	protein-coding		WP_211738748.1	281	FQN59_RS08745
NZ_CP042285.1	2130346	2131665		plus	murein hydrolase activator EnvC family protein		93523224	protein-coding		WP_211738749.1	439	FQN59_RS08750
NZ_CP042285.1	2131784	2132638		minus	phosphatidylinositol-specific phospholipase C/glycerophosphodiester phosphodiesterase family protein		93523225	protein-coding		WP_211738750.1	284	FQN59_RS08755
NZ_CP042285.1	2132720	2134348		minus	MGH1-like glycoside hydrolase domain-containing protein		93523226	protein-coding		WP_121773296.1	542	FQN59_RS08760
NZ_CP042285.1	2134576	2135724		minus	alkaline phosphatase		93523227	protein-coding		WP_196007328.1	382	FQN59_RS08765
NZ_CP042285.1	2135746	2138619		minus	GH92 family glycosyl hydrolase		93523228	protein-coding		WP_211738751.1	957	FQN59_RS08770
NZ_CP042285.1	2138780	2140411		minus	RagB/SusD family nutrient uptake outer membrane protein		93523229	protein-coding		WP_005863444.1	543	FQN59_RS08775
NZ_CP042285.1	2140453	2143701		minus	SusC/RagA family TonB-linked outer membrane protein		93523230	protein-coding		WP_005863443.1	1082	FQN59_RS08780
NZ_CP042285.1	2143895	2144875		plus	IS30-like element IS4351 family transposase		93523231	protein-coding		WP_005794072.1	326	FQN59_RS08785
NZ_CP042285.1	2145045	2146448		minus	glucuronate isomerase	uxaC	93523232	protein-coding		WP_211738753.1	467	FQN59_RS08790
NZ_CP042285.1	2146445	2147119		minus	bifunctional 4-hydroxy-2-oxoglutarate aldolase/2-dehydro-3-deoxy-phosphogluconate aldolase		93523233	protein-coding		WP_211738755.1	224	FQN59_RS08795
NZ_CP042285.1	2147156	2148199		minus	sugar kinase		93523234	protein-coding		WP_048927014.1	347	FQN59_RS08800
NZ_CP042285.1	2148282	2149850		minus	ATP-binding protein		93523235	protein-coding		WP_022192377.1	522	FQN59_RS08805
NZ_CP042285.1	2150150	2151139		minus	tRNA dihydrouridine synthase DusB	dusB	93523236	protein-coding		WP_211738756.1	329	FQN59_RS08810
NZ_CP042285.1	2151419	2152678		plus	peptidase U32 family protein		93523237	protein-coding		WP_172618166.1	419	FQN59_RS08815
NZ_CP042285.1	2152678	2153091		plus	acyl-CoA thioesterase		93523238	protein-coding		WP_048927016.1	137	FQN59_RS08820
NZ_CP042285.1	2153092	2154210		plus	DNA-processing protein DprA	dprA	93523239	protein-coding		WP_048927017.1	372	FQN59_RS08825
NZ_CP042285.1	2154539	2154620		minus	tRNA-Leu		93523240	tRNA				FQN59_RS08830
NZ_CP042285.1	2154693	2155709		minus	S41 family peptidase		93523241	protein-coding		WP_048927018.1	338	FQN59_RS08835
NZ_CP042285.1	2155721	2156590		minus	DUF3316 domain-containing protein		93523242	protein-coding		WP_022192372.1	289	FQN59_RS08840
NZ_CP042285.1	2156594	2159329		minus	DNA gyrase/topoisomerase IV subunit A		93523243	protein-coding		WP_048927019.1	911	FQN59_RS08845
NZ_CP042285.1	2159397	2159774		minus	HepT-like ribonuclease domain-containing protein		93523244	protein-coding		WP_048927020.1	125	FQN59_RS08850
NZ_CP042285.1	2159758	2160051		minus	nucleotidyltransferase family protein		93523245	protein-coding		WP_048927214.1	97	FQN59_RS08855
NZ_CP042285.1	2160209	2160976		plus	porin family protein		93523246	protein-coding		WP_005863419.1	255	FQN59_RS08860
NZ_CP042285.1	2161098	2161898		plus	hypothetical protein		93525938	protein-coding		WP_227154496.1	266	FQN59_RS22540
NZ_CP042285.1	2162596	2164032		minus	Gfo/Idh/MocA family oxidoreductase		93523247	protein-coding		WP_005863413.1	478	FQN59_RS08870
NZ_CP042285.1	2164240	2165784		plus	glycine--tRNA ligase		93523248	protein-coding		WP_005863410.1	514	FQN59_RS08875
NZ_CP042285.1	2165789	2166313		plus	FKBP-type peptidyl-prolyl cis-trans isomerase		93523249	protein-coding		WP_008773016.1	174	FQN59_RS08880
NZ_CP042285.1	2166654	2167448		minus	LytR/AlgR family response regulator transcription factor		93523250	protein-coding		WP_087344704.1	264	FQN59_RS08885
NZ_CP042285.1	2167456	2168223		minus	LiaF transmembrane domain-containing protein		93523251	protein-coding		WP_034531861.1	255	FQN59_RS08890
NZ_CP042285.1	2168463	2171600		plus	uncharacterized gene		301046722	pseudogene				FQN59_RS22935
NZ_CP042285.1	2171806	2173038		minus	glycosyltransferase		93523252	protein-coding		WP_211738758.1	410	FQN59_RS08900
NZ_CP042285.1	2173072	2174283		minus	radical SAM protein		93523253	protein-coding		WP_211738760.1	403	FQN59_RS08905
NZ_CP042285.1	2174706	2175461		minus	succinate dehydrogenase/fumarate reductase iron-sulfur subunit		93523254	protein-coding		WP_005859980.1	251	FQN59_RS08910
NZ_CP042285.1	2175492	2177435		minus	fumarate reductase/succinate dehydrogenase flavoprotein subunit		93523255	protein-coding		WP_005859978.1	647	FQN59_RS08915
NZ_CP042285.1	2177484	2178176		minus	succinate dehydrogenase cytochrome b subunit		93523256	protein-coding		WP_005859976.1	230	FQN59_RS08920
NZ_CP042285.1	2178362	2179777		plus	tetratricopeptide repeat protein		93523257	protein-coding		WP_039848558.1	471	FQN59_RS08925
NZ_CP042285.1	2179887	2181110		plus	6-bladed beta-propeller		93523258	protein-coding		WP_211738762.1	407	FQN59_RS08930
NZ_CP042285.1	2181521	2182012		plus	energy transducer TonB		93523259	protein-coding		WP_211738764.1	163	FQN59_RS08935
NZ_CP042285.1	2182128	2182490		plus	BlaI/MecI/CopY family transcriptional regulator		93523260	protein-coding		WP_005859967.1	120	FQN59_RS08940
NZ_CP042285.1	2182508	2184331		plus	TonB family protein		93523261	protein-coding		WP_211738767.1	607	FQN59_RS08945
NZ_CP042285.1	2184388	2186250		plus	tetratricopeptide repeat protein		93523262	protein-coding		WP_196006557.1	620	FQN59_RS08950
NZ_CP042285.1	2186283	2187440		plus	6-bladed beta-propeller		93523263	protein-coding		WP_048927027.1	385	FQN59_RS08955
NZ_CP042285.1	2187886	2190090		plus	patatin-like phospholipase family protein		93523264	protein-coding		WP_211738769.1	734	FQN59_RS08960
NZ_CP042285.1	2190128	2190799		plus	DUF2461 domain-containing protein		93523265	protein-coding		WP_005863382.1	223	FQN59_RS08965
NZ_CP042285.1	2190811	2191959		minus	BPL-N domain-containing protein		93523266	protein-coding		WP_005863380.1	382	FQN59_RS08970
NZ_CP042285.1	2191981	2193180		minus	LruC domain-containing protein		93523267	protein-coding		WP_211738771.1	399	FQN59_RS08975
NZ_CP042285.1	2193513	2193923		plus	DUF3836 domain-containing protein		93523268	protein-coding		WP_005859949.1	136	FQN59_RS08980
NZ_CP042285.1	2194001	2195362		minus	TrpB-like pyridoxal phosphate-dependent enzyme		93523269	protein-coding		WP_057328439.1	453	FQN59_RS08985
NZ_CP042285.1	2195522	2196751		plus	DcaP family trimeric outer membrane transporter		93523270	protein-coding		WP_005859945.1	409	FQN59_RS08990
NZ_CP042285.1	2196774	2197994		plus	DcaP family trimeric outer membrane transporter		93523271	protein-coding		WP_057326164.1	406	FQN59_RS08995
NZ_CP042285.1	2198091	2199101		minus	aspartate-semialdehyde dehydrogenase		93523272	protein-coding		WP_005859941.1	336	FQN59_RS09000
NZ_CP042285.1	2199256	2201628		plus	lamin tail domain-containing protein		93523273	protein-coding		WP_211738773.1	790	FQN59_RS09005
NZ_CP042285.1	2201662	2201940		plus	hypothetical protein		93523274	protein-coding		WP_087344737.1	92	FQN59_RS09010
NZ_CP042285.1	2202043	2203173		minus	clostripain-related cysteine peptidase		93523275	protein-coding		WP_211738775.1	376	FQN59_RS09015
NZ_CP042285.1	2203403	2204452		minus	PDDEXK nuclease domain-containing protein		93523276	protein-coding		WP_197735325.1	349	FQN59_RS09020
NZ_CP042285.1	2204721	2205281		plus	DUF3575 domain-containing protein		93523277	protein-coding		WP_005863367.1	186	FQN59_RS09025
NZ_CP042285.1	2205294	2205800		plus	DUF3868 domain-containing protein		93523278	protein-coding		WP_121956061.1	168	FQN59_RS09030
NZ_CP042285.1	2205938	2206486		minus	hypothetical protein		93523279	protein-coding		WP_122378418.1	182	FQN59_RS09035
NZ_CP042285.1	2206486	2207481		minus	AAA family ATPase		93523280	protein-coding		WP_211738777.1	331	FQN59_RS09040
NZ_CP042285.1	2207713	2208003		plus	hypothetical protein		301046723	protein-coding		WP_413641098.1	96	FQN59_RS22940
NZ_CP042285.1	2208638	2209390		minus	IS3 family transposase		93523282	protein-coding		WP_249222504.1	250	FQN59_RS09050
NZ_CP042285.1	2209587	2209946		minus	hypothetical protein		93523283	protein-coding		WP_211738297.1	119	FQN59_RS09055
NZ_CP042285.1	2210397	2211365		minus	fimbrillin family protein		93523284	protein-coding		WP_087344766.1	322	FQN59_RS09060
NZ_CP042285.1	2211410	2212321		minus	DUF5119 domain-containing protein		93523285	protein-coding		WP_121961174.1	303	FQN59_RS09065
NZ_CP042285.1	2212454	2213308		minus	helix-turn-helix transcriptional regulator		93523286	protein-coding		WP_211738779.1	284	FQN59_RS09070
NZ_CP042285.1	2213321	2214850		minus	glycoside hydrolase family 10 protein		93523287	protein-coding		WP_121961172.1	509	FQN59_RS09075
NZ_CP042285.1	2215057	2217840		plus	excinuclease ABC subunit UvrA	uvrA	93523288	protein-coding		WP_005859908.1	927	FQN59_RS09080
NZ_CP042285.1	2217931	2219562		minus	RagB/SusD family nutrient uptake outer membrane protein		93523289	protein-coding		WP_005863343.1	543	FQN59_RS09085
NZ_CP042285.1	2219588	2222776		minus	SusC/RagA family TonB-linked outer membrane protein		93523290	protein-coding		WP_005863341.1	1062	FQN59_RS09090
NZ_CP042285.1	2223213	2223431		minus	hypothetical protein		93523291	protein-coding		WP_005863339.1	72	FQN59_RS09095
NZ_CP042285.1	2223481	2225283		minus	T9SS type A sorting domain-containing protein		93523292	protein-coding		WP_211738782.1	600	FQN59_RS09100
NZ_CP042285.1	2225357	2226568		plus	GTPase HflX	hflX	93523293	protein-coding		WP_005859898.1	403	FQN59_RS09105
NZ_CP042285.1	2226590	2228578		plus	DUF4954 family protein		93523294	protein-coding		WP_211738784.1	662	FQN59_RS09110
NZ_CP042285.1	2228584	2229465		plus	AraC family transcriptional regulator		93523295	protein-coding		WP_005863332.1	293	FQN59_RS09115
NZ_CP042285.1	2229563	2230120		plus	glucose-6-phosphate isomerase		93523296	protein-coding		WP_211738786.1	185	FQN59_RS09120
NZ_CP042285.1	2230124	2231083		plus	ROK family protein		93523297	protein-coding		WP_009016585.1	319	FQN59_RS09125
NZ_CP042285.1	2231064	2231852		plus	glucose-6-phosphate isomerase family protein		93523298	protein-coding		WP_211738788.1	262	FQN59_RS09130
NZ_CP042285.1	2231885	2233321		plus	sugar porter family MFS transporter		93523299	protein-coding		WP_211738790.1	478	FQN59_RS09135
NZ_CP042285.1	2233323	2234582		plus	cellulase-like family protein		93523300	protein-coding		WP_121962429.1	419	FQN59_RS09140
NZ_CP042285.1	2234717	2236900		plus	glycoside hydrolase family 2 protein		93523301	protein-coding		WP_249222539.1	727	FQN59_RS09145
NZ_CP042285.1	2237108	2239660		plus	SusC/RagA family TonB-linked outer membrane protein		93523302	protein-coding		WP_249222540.1	850	FQN59_RS09150
NZ_CP042285.1	2239542	2240306		plus	hypothetical protein		93525941	protein-coding		WP_249222541.1	254	FQN59_RS22555
NZ_CP042285.1	2240324	2241829		plus	RagB/SusD family nutrient uptake outer membrane protein		93523303	protein-coding		WP_005863316.1	501	FQN59_RS09155
NZ_CP042285.1	2242162	2243118		plus	Rpn family recombination-promoting nuclease/putative transposase		93523304	protein-coding		WP_034531679.1	318	FQN59_RS09160
NZ_CP042285.1	2243157	2244062		minus	site-specific tyrosine recombinase XerD	xerD	93523305	protein-coding		WP_005859891.1	301	FQN59_RS09165
NZ_CP042285.1	2244164	2244580		plus	type II 3-dehydroquinate dehydratase	aroQ	93523306	protein-coding		WP_048927048.1	138	FQN59_RS09170
NZ_CP042285.1	2244641	2246098		plus	pyruvate kinase	pyk	93523307	protein-coding		WP_005859887.1	485	FQN59_RS09175
NZ_CP042285.1	2246104	2246739		plus	O-methyltransferase		93523308	protein-coding		WP_005859885.1	211	FQN59_RS09180
NZ_CP042285.1	2246752	2247087		plus	30S ribosome-binding factor RbfA	rbfA	93523309	protein-coding		WP_048927049.1	111	FQN59_RS09185
NZ_CP042285.1	2247099	2248328		plus	FtsX-like permease family protein		93523310	protein-coding		WP_008778805.1	409	FQN59_RS09190
NZ_CP042285.1	2248373	2249455		minus	mannose-1-phosphate guanylyltransferase		93523311	protein-coding		WP_009016577.1	360	FQN59_RS09195
NZ_CP042285.1	2249652	2249735		plus	tRNA-Leu		93523312	tRNA				FQN59_RS09200
NZ_CP042285.1	2250008	2250622		plus	uncharacterized gene		93523313	pseudogene				FQN59_RS09205
NZ_CP042285.1	2250634	2251434		plus	GNAT family N-acetyltransferase		93523314	protein-coding		WP_011967264.1	266	FQN59_RS09210
NZ_CP042285.1	2251496	2252512		minus	PDDEXK nuclease domain-containing protein		93523315	protein-coding		WP_211738793.1	338	FQN59_RS09215
NZ_CP042285.1	2252586	2253170		minus	uncharacterized gene		93523316	pseudogene				FQN59_RS09220
NZ_CP042285.1	2254986	2258042		plus	DUF6383 domain-containing protein		93523317	protein-coding		WP_048927051.1	1018	FQN59_RS09230
NZ_CP042285.1	2258387	2259535		plus	acyltransferase family protein		93523318	protein-coding		WP_008777734.1	382	FQN59_RS09235
NZ_CP042285.1	2259604	2259864		minus	DUF6582 domain-containing protein		93523319	protein-coding		WP_005859868.1	86	FQN59_RS09240
NZ_CP042285.1	2260060	2260686		minus	chloramphenicol acetyltransferase		93523320	protein-coding		WP_008779104.1	208	FQN59_RS09245
NZ_CP042285.1	2260683	2261192		minus	GNAT family N-acetyltransferase		93523321	protein-coding		WP_008772942.1	169	FQN59_RS09250
NZ_CP042285.1	2261288	2262244		plus	nitrilase family protein		93523322	protein-coding		WP_121772097.1	318	FQN59_RS09255
NZ_CP042285.1	2262246	2263433		plus	DUF418 domain-containing protein		93523323	protein-coding		WP_005863273.1	395	FQN59_RS09260
NZ_CP042285.1	2263497	2264033		minus	GNAT family N-acetyltransferase		93523324	protein-coding		WP_211738797.1	178	FQN59_RS09265
NZ_CP042285.1	2264083	2265177		minus	gliding motility protein GldN	gldN	93523325	protein-coding		WP_005863269.1	364	FQN59_RS09270
NZ_CP042285.1	2265188	2266756		minus	gliding motility protein GldM	gldM	93523326	protein-coding		WP_005859860.1	522	FQN59_RS09275
NZ_CP042285.1	2266763	2267854		minus	gliding motility protein GldL	gldL	93523327	protein-coding		WP_008777735.1	363	FQN59_RS09280
NZ_CP042285.1	2267906	2269333		minus	SUMF1/EgtB/PvdO family nonheme iron enzyme		93523328	protein-coding		WP_005863265.1	475	FQN59_RS09285
NZ_CP042285.1	2269337	2270284		minus	PorP/SprF family type IX secretion system membrane protein		93523329	protein-coding		WP_008777736.1	315	FQN59_RS09290
NZ_CP042285.1	2270432	2270653		minus	DUF2795 domain-containing protein		93523330	protein-coding		WP_005633363.1	73	FQN59_RS09295
NZ_CP042285.1	2270725	2271288		minus	cob(I)yrinic acid a,c-diamide adenosyltransferase		93523331	protein-coding		WP_005859850.1	187	FQN59_RS09300
NZ_CP042285.1	2271308	2272099		minus	O-methyltransferase		93523332	protein-coding		WP_005863261.1	263	FQN59_RS09305
NZ_CP042285.1	2272299	2273642		minus	TolC family protein		93523333	protein-coding		WP_036618744.1	447	FQN59_RS09310
NZ_CP042285.1	2273653	2276685		minus	efflux RND transporter permease subunit		93523334	protein-coding		WP_057326127.1	1010	FQN59_RS09315
NZ_CP042285.1	2276697	2277797		minus	efflux RND transporter periplasmic adaptor subunit		93523335	protein-coding		WP_034530110.1	366	FQN59_RS09320
NZ_CP042285.1	2278796	2282386		plus	DUF6383 domain-containing protein		93523336	protein-coding		WP_211738799.1	1196	FQN59_RS09325
NZ_CP042285.1	2282623	2284071		plus	sodium:solute symporter family protein		93523337	protein-coding		WP_122143845.1	482	FQN59_RS09330
NZ_CP042285.1	2284046	2284498		plus	hypothetical protein		93523338	protein-coding		WP_005863247.1	150	FQN59_RS09335
NZ_CP042285.1	2284482	2285228		plus	tRNA-dependent cyclodipeptide synthase		93523339	protein-coding		WP_122143846.1	248	FQN59_RS09340
NZ_CP042285.1	2285285	2287945		minus	transglutaminase domain-containing protein		93523340	protein-coding		WP_232054473.1	886	FQN59_RS09345
NZ_CP042285.1	2288166	2289665		plus	potassium/proton antiporter		93523341	protein-coding		WP_005863241.1	499	FQN59_RS09350
NZ_CP042285.1	2289737	2291779		minus	beta-L-arabinofuranosidase domain-containing protein		93523342	protein-coding		WP_005863239.1	680	FQN59_RS09355
NZ_CP042285.1	2291796	2293652		minus	glycoside hydrolase family 127 protein		93523343	protein-coding		WP_122380216.1	618	FQN59_RS09360
NZ_CP042285.1	2293715	2295343		minus	RagB/SusD family nutrient uptake outer membrane protein		93523344	protein-coding		WP_005863235.1	542	FQN59_RS09365
NZ_CP042285.1	2295357	2298566		minus	TonB-dependent receptor		93523345	protein-coding		WP_211738801.1	1069	FQN59_RS09370
NZ_CP042285.1	2298807	2299736		minus	FecR family protein		93523346	protein-coding		WP_008772924.1	309	FQN59_RS09375
NZ_CP042285.1	2299811	2300356		minus	RNA polymerase sigma-70 factor		93523347	protein-coding		WP_005867296.1	181	FQN59_RS09380
NZ_CP042285.1	2300649	2302994		minus	amylo-alpha-1,6-glucosidase		93523348	protein-coding		WP_122143852.1	781	FQN59_RS09385
NZ_CP042285.1	2303058	2304815		minus	RagB/SusD family nutrient uptake outer membrane protein		93523349	protein-coding		WP_158532704.1	585	FQN59_RS09390
NZ_CP042285.1	2304835	2308050		minus	TonB-dependent receptor		93523350	protein-coding		WP_232299930.1	1071	FQN59_RS09395
NZ_CP042285.1	2308385	2309314		minus	FecR family protein		93523351	protein-coding		WP_009275289.1	309	FQN59_RS09400
NZ_CP042285.1	2309389	2309934		minus	RNA polymerase sigma-70 factor		93523352	protein-coding		WP_009016548.1	181	FQN59_RS09405
NZ_CP042285.1	2310798	2312348		plus	PglZ domain-containing protein		93523353	protein-coding		WP_005867323.1	516	FQN59_RS09410
NZ_CP042285.1	2312406	2312741		plus	nucleotidyltransferase family protein		93523354	protein-coding		WP_036617276.1	111	FQN59_RS09415
NZ_CP042285.1	2312710	2313048		plus	HepT-like ribonuclease domain-containing protein		93523355	protein-coding		WP_036617273.1	112	FQN59_RS09420
NZ_CP042285.1	2313059	2313478		plus	tRNA (adenosine(37)-N6)-threonylcarbamoyltransferase complex ATPase subunit type 1 TsaE	tsaE	93523356	protein-coding		WP_048927062.1	139	FQN59_RS09425
NZ_CP042285.1	2313483	2313695		plus	immunity 17 family protein		93523357	protein-coding		WP_005859813.1	70	FQN59_RS09430
NZ_CP042285.1	2313799	2315985		minus	ribonuclease R	rnr	93523358	protein-coding		WP_121960685.1	728	FQN59_RS09435
NZ_CP042285.1	2316124	2317032		minus	SMP-30/gluconolactonase/LRE family protein		93523359	protein-coding		WP_005859808.1	302	FQN59_RS09440
NZ_CP042285.1	2317171	2318298		plus	hypothetical protein		93523360	protein-coding		WP_005859806.1	375	FQN59_RS09445
NZ_CP042285.1	2318304	2320169		plus	DNA topoisomerase IV subunit B		93523361	protein-coding		WP_005859805.1	621	FQN59_RS09450
NZ_CP042285.1	2320156	2320629		plus	pantetheine-phosphate adenylyltransferase	coaD	93523362	protein-coding		WP_005859804.1	157	FQN59_RS09455
NZ_CP042285.1	2320653	2322242		plus	S41 family peptidase		93523363	protein-coding		WP_036630834.1	529	FQN59_RS09460
NZ_CP042285.1	2322264	2322791		plus	chromate transporter		93523364	protein-coding		WP_005859800.1	175	FQN59_RS09465
NZ_CP042285.1	2322793	2323344		plus	chromate transporter		93523365	protein-coding		WP_022192757.1	183	FQN59_RS09470
NZ_CP042285.1	2323467	2324783		plus	TolC family protein		93523366	protein-coding		WP_211738803.1	438	FQN59_RS09475
NZ_CP042285.1	2324900	2326126		plus	efflux RND transporter periplasmic adaptor subunit		93523367	protein-coding		WP_005867336.1	408	FQN59_RS09480
NZ_CP042285.1	2326135	2326875		plus	ABC transporter ATP-binding protein		93523368	protein-coding		WP_005867337.1	246	FQN59_RS09485
NZ_CP042285.1	2326913	2328133		plus	ABC transporter permease		93523369	protein-coding		WP_009275295.1	406	FQN59_RS09490
NZ_CP042285.1	2328217	2329284		plus	sensor histidine kinase		93523370	protein-coding		WP_122377471.1	355	FQN59_RS09495
NZ_CP042285.1	2329281	2330036		plus	LytR/AlgR family response regulator transcription factor		93523371	protein-coding		WP_211738805.1	251	FQN59_RS09500
NZ_CP042285.1	2330044	2331501		minus	D-alanyl-D-alanine carboxypeptidase/D-alanyl-D-alanine endopeptidase	dacB	93523372	protein-coding		WP_211738807.1	485	FQN59_RS09505
NZ_CP042285.1	2331560	2332717		plus	AI-2E family transporter		93523373	protein-coding		WP_005867343.1	385	FQN59_RS09510
NZ_CP042285.1	2332787	2332859		plus	tRNA-Lys		93523374	tRNA				FQN59_RS09515
NZ_CP042285.1	2333102	2334322		plus	site-specific integrase		93523375	protein-coding		WP_211738809.1	406	FQN59_RS09520
NZ_CP042285.1	2334607	2334900		minus	helix-turn-helix domain-containing protein		93523376	protein-coding		WP_004293696.1	97	FQN59_RS09525
NZ_CP042285.1	2334954	2335247		minus	DUF3876 domain-containing protein		93523377	protein-coding		WP_211738811.1	97	FQN59_RS09530
NZ_CP042285.1	2335234	2335548		minus	helix-turn-helix domain-containing protein		93523378	protein-coding		WP_036610024.1	104	FQN59_RS09535
NZ_CP042285.1	2335776	2336540		plus	LuxR C-terminal-related transcriptional regulator		93523379	protein-coding		WP_211738813.1	254	FQN59_RS09540
NZ_CP042285.1	2336541	2337134		minus	phosphoglycerate mutase family protein		93523380	protein-coding		WP_211738815.1	197	FQN59_RS09545
NZ_CP042285.1	2337261	2339312		plus	HelD family protein		93523381	protein-coding		WP_211738817.1	683	FQN59_RS09550
NZ_CP042285.1	2339672	2340286		plus	TetR/AcrR family transcriptional regulator		93523382	protein-coding		WP_211738819.1	204	FQN59_RS09555
NZ_CP042285.1	2340276	2341232		plus	Acg family FMN-binding oxidoreductase		93523383	protein-coding		WP_211738821.1	318	FQN59_RS09560
NZ_CP042285.1	2341300	2342022		plus	hypothetical protein		93523384	protein-coding		WP_211738823.1	240	FQN59_RS09565
NZ_CP042285.1	2342019	2342543		plus	hypothetical protein		93523385	protein-coding		WP_211738825.1	174	FQN59_RS09570
NZ_CP042285.1	2342867	2344159		plus	MATE family efflux transporter		93523386	protein-coding		WP_211738827.1	430	FQN59_RS09575
NZ_CP042285.1	2344173	2344814		plus	CatB-related O-acetyltransferase		93523387	protein-coding		WP_211738829.1	213	FQN59_RS09580
NZ_CP042285.1	2345080	2345313		plus	hypothetical protein		93523388	protein-coding		WP_211738831.1	77	FQN59_RS09585
NZ_CP042285.1	2345288	2345710		plus	hypothetical protein		93523389	protein-coding		WP_211738833.1	140	FQN59_RS09590
NZ_CP042285.1	2345873	2346205		plus	helix-turn-helix domain-containing protein		93523390	protein-coding		WP_005679707.1	110	FQN59_RS09595
NZ_CP042285.1	2346490	2347074		plus	BfmA/BtgA family mobilization protein		93523391	protein-coding		WP_211738835.1	194	FQN59_RS09600
NZ_CP042285.1	2347079	2347993		plus	DUF5712 family protein		93523392	protein-coding		WP_211738837.1	304	FQN59_RS09605
NZ_CP042285.1	2348202	2349740		plus	restriction endonuclease		93523393	protein-coding		WP_211738839.1	512	FQN59_RS09610
NZ_CP042285.1	2349758	2350177		minus	very short patch repair endonuclease		93523394	protein-coding		WP_211738841.1	139	FQN59_RS09615
NZ_CP042285.1	2350314	2351396		plus	DNA cytosine methyltransferase		93523395	protein-coding		WP_211738843.1	360	FQN59_RS09620
NZ_CP042285.1	2351365	2353311		plus	BbrUII/HgiDII family restriction enzyme		93523396	protein-coding		WP_211738844.1	648	FQN59_RS09625
NZ_CP042285.1	2353801	2354634		minus	class I SAM-dependent methyltransferase		93523397	protein-coding		WP_057326145.1	277	FQN59_RS09630
NZ_CP042285.1	2354736	2355740		plus	AraC family transcriptional regulator		93523398	protein-coding		WP_211738845.1	334	FQN59_RS09635
NZ_CP042285.1	2355757	2358045		minus	outer membrane beta-barrel protein		93523399	protein-coding		WP_211738846.1	762	FQN59_RS09640
NZ_CP042285.1	2358227	2359465		plus	MFS transporter		93523400	protein-coding		WP_211738847.1	412	FQN59_RS09645
NZ_CP042285.1	2359529	2360425		minus	PfkB family carbohydrate kinase		93523401	protein-coding		WP_036614664.1	298	FQN59_RS09650
NZ_CP042285.1	2361098	2363995		plus	DUF6383 domain-containing protein		93523402	protein-coding		WP_249222542.1	965	FQN59_RS09655
NZ_CP042285.1	2364274	2366460		plus	DUF2339 domain-containing protein		93523403	protein-coding		WP_211738848.1	728	FQN59_RS09660
NZ_CP042285.1	2366455	2367738		minus	UDP-N-acetylmuramoyl-tripeptide--D-alanyl-D-alanine ligase		93523404	protein-coding		WP_005859772.1	427	FQN59_RS09665
NZ_CP042285.1	2367868	2368707		plus	dihydropteroate synthase	folP	93523405	protein-coding		WP_211738849.1	279	FQN59_RS09670
NZ_CP042285.1	2368742	2369527		plus	diadenylate cyclase CdaA	cdaA	93523406	protein-coding		WP_008779131.1	261	FQN59_RS09675
NZ_CP042285.1	2369655	2370668		plus	phosphate acetyltransferase	pta	93523407	protein-coding		WP_005867355.1	337	FQN59_RS09680
NZ_CP042285.1	2370694	2371896		plus	acetate/propionate family kinase		93523408	protein-coding		WP_036614670.1	400	FQN59_RS09685
NZ_CP042285.1	2372049	2372342		plus	nucleotidyltransferase family protein		93523409	protein-coding		WP_005867359.1	97	FQN59_RS09690
NZ_CP042285.1	2372335	2372706		plus	HepT-like ribonuclease domain-containing protein		93523410	protein-coding		WP_005867361.1	123	FQN59_RS09695
NZ_CP042285.1	2372749	2373459		plus	UMP kinase	pyrH	93523411	protein-coding		WP_005867363.1	236	FQN59_RS09700
NZ_CP042285.1	2373570	2376233		plus	hybrid sensor histidine kinase/response regulator transcription factor		93523412	protein-coding		WP_211738851.1	887	FQN59_RS09705
NZ_CP042285.1	2376362	2378170		plus	DUF4980 domain-containing protein		93523413	protein-coding		WP_211738853.1	602	FQN59_RS09710
NZ_CP042285.1	2378189	2379061		plus	carbohydrate kinase family protein		93523414	protein-coding		WP_121961585.1	290	FQN59_RS09715
NZ_CP042285.1	2379065	2380231		plus	MFS transporter		93523415	protein-coding		WP_211738855.1	388	FQN59_RS09720
NZ_CP042285.1	2380497	2381060		plus	ribosome recycling factor	frr	93523416	protein-coding		WP_211738857.1	187	FQN59_RS09725
NZ_CP042285.1	2381156	2382088		plus	ribosome small subunit-dependent GTPase A	rsgA	93523417	protein-coding		WP_005867373.1	310	FQN59_RS09730
NZ_CP042285.1	2382104	2383429		minus	dGTP triphosphohydrolase	dgt	93523418	protein-coding		WP_211738859.1	441	FQN59_RS09735
NZ_CP042285.1	2384052	2387087		plus	SusC/RagA family TonB-linked outer membrane protein		93523419	protein-coding		WP_048927092.1	1011	FQN59_RS09740
NZ_CP042285.1	2387106	2388758		plus	SusD/RagB family nutrient-binding outer membrane lipoprotein		93523420	protein-coding		WP_036614774.1	550	FQN59_RS09745
NZ_CP042285.1	2388872	2391505		plus	glycoside hydrolase family 2 protein		93523421	protein-coding		WP_211738861.1	877	FQN59_RS09750
NZ_CP042285.1	2391484	2392086		minus	L-threonylcarbamoyladenylate synthase		93523422	protein-coding		WP_008779135.1	200	FQN59_RS09755
NZ_CP042285.1	2392088	2392945		minus	enoyl-ACP reductase FabI		93523423	protein-coding		WP_008779136.1	285	FQN59_RS09760
NZ_CP042285.1	2393081	2395546		minus	bifunctional UDP-N-acetylmuramoyl-tripeptide:D-alanyl-D-alanine ligase/alanine racemase		93523424	protein-coding		WP_122380195.1	821	FQN59_RS09765
NZ_CP042285.1	2395551	2396537		minus	GSCFA domain-containing protein		93523425	protein-coding		WP_008779137.1	328	FQN59_RS09770
NZ_CP042285.1	2396776	2397573		minus	basic secretory family protein		93523426	protein-coding		WP_009016816.1	265	FQN59_RS09775
NZ_CP042285.1	2397604	2399940		minus	GH92 family glycosyl hydrolase		93523427	protein-coding		WP_211738864.1	778	FQN59_RS09780
NZ_CP042285.1	2400122	2401717		minus	RagB/SusD family nutrient uptake outer membrane protein		93523428	protein-coding		WP_005859723.1	531	FQN59_RS09785
NZ_CP042285.1	2401747	2404809		minus	SusC/RagA family TonB-linked outer membrane protein		93523429	protein-coding		WP_036614798.1	1020	FQN59_RS09790
NZ_CP042285.1	2405012	2409052		minus	hybrid sensor histidine kinase/response regulator transcription factor		93523430	protein-coding		WP_416339353.1	1346	FQN59_RS09795
NZ_CP042285.1	2409209	2411512		plus	ATP-binding protein		93523431	protein-coding		WP_211738866.1	767	FQN59_RS09800
NZ_CP042285.1	2411683	2413923		plus	formate C-acetyltransferase	pflB	93523432	protein-coding		WP_211738868.1	746	FQN59_RS09805
NZ_CP042285.1	2413924	2414658		plus	pyruvate formate-lyase-activating protein	pflA	93523433	protein-coding		WP_005867396.1	244	FQN59_RS09810
NZ_CP042285.1	2414845	2415435		plus	Crp/Fnr family transcriptional regulator		93523434	protein-coding		WP_008777750.1	196	FQN59_RS09815
NZ_CP042285.1	2415543	2416823		plus	phosphopyruvate hydratase	eno	93523435	protein-coding		WP_005867398.1	426	FQN59_RS09820
NZ_CP042285.1	2417044	2417610		plus	alkyl hydroperoxide reductase subunit C	ahpC	93523436	protein-coding		WP_005867400.1	188	FQN59_RS09825
NZ_CP042285.1	2417630	2419183		plus	alkyl hydroperoxide reductase subunit F	ahpF	93523437	protein-coding		WP_057326154.1	517	FQN59_RS09830
NZ_CP042285.1	2419268	2419618		plus	hypothetical protein		93523438	protein-coding		WP_005867403.1	116	FQN59_RS09835
NZ_CP042285.1	2419665	2421974		plus	TonB-dependent receptor		93523439	protein-coding		WP_211738870.1	769	FQN59_RS09840
NZ_CP042285.1	2422148	2423140		minus	sugar phosphate isomerase/epimerase family protein		93523440	protein-coding		WP_005859698.1	330	FQN59_RS09845
NZ_CP042285.1	2423428	2425809		plus	TonB-dependent receptor		93523441	protein-coding		WP_211738872.1	793	FQN59_RS09850
NZ_CP042285.1	2425873	2427288		plus	DUF4374 domain-containing protein		93523442	protein-coding		WP_044545610.1	471	FQN59_RS09855
NZ_CP042285.1	2427298	2428128		plus	alpha/beta hydrolase		93523443	protein-coding		WP_057326155.1	276	FQN59_RS09860
NZ_CP042285.1	2428125	2429228		plus	PepSY-associated TM helix domain-containing protein		93523444	protein-coding		WP_057326156.1	367	FQN59_RS09865
NZ_CP042285.1	2429343	2429852		minus	flavodoxin FldA	fldA	93523445	protein-coding		WP_005859688.1	169	FQN59_RS09870
NZ_CP042285.1	2430434	2432101		plus	Ig-like domain-containing protein		93523446	protein-coding		WP_229040457.1	555	FQN59_RS09875
NZ_CP042285.1	2432119	2436207		plus	DUF5074 domain-containing protein		93523447	protein-coding		WP_195319839.1	1362	FQN59_RS09880
NZ_CP042285.1	2436356	2437399		plus	PHP domain-containing protein		93523448	protein-coding		WP_044546544.1	347	FQN59_RS09885
NZ_CP042285.1	2438142	2439809		plus	Ig-like domain-containing protein		93523449	protein-coding		WP_211738874.1	555	FQN59_RS09890
NZ_CP042285.1	2439824	2444728		plus	DUF5074 domain-containing protein		93523450	protein-coding		WP_211738875.1	1634	FQN59_RS09895
NZ_CP042285.1	2444761	2446044		plus	Ig-like domain-containing protein		93523451	protein-coding		WP_227154235.1	427	FQN59_RS09900
NZ_CP042285.1	2446391	2446948		plus	DUF2284 domain-containing protein		93523452	protein-coding		WP_009016835.1	185	FQN59_RS09905
NZ_CP042285.1	2447035	2448753		minus	ATP-binding protein		93523453	protein-coding		WP_009016836.1	572	FQN59_RS09910
NZ_CP042285.1	2448828	2449928		minus	PepSY-associated TM helix domain-containing protein		93523454	protein-coding		WP_044544887.1	366	FQN59_RS09915
NZ_CP042285.1	2449943	2452282		minus	TonB-dependent siderophore receptor		93523455	protein-coding		WP_211738876.1	779	FQN59_RS09920
NZ_CP042285.1	2452670	2454007		minus	threonine/serine ThrE exporter family protein		93523456	protein-coding		WP_044544886.1	445	FQN59_RS09925
NZ_CP042285.1	2454278	2456134		minus	DUF5074 domain-containing protein		93523457	protein-coding		WP_044544885.1	618	FQN59_RS09930
NZ_CP042285.1	2456131	2457411		minus	hypothetical protein		93523458	protein-coding		WP_044544884.1	426	FQN59_RS09935
NZ_CP042285.1	2457421	2458575		minus	YncE family protein		93523459	protein-coding		WP_039848533.1	384	FQN59_RS09940
NZ_CP042285.1	2458572	2460587		minus	TonB-dependent receptor		93523460	protein-coding		WP_044544883.1	671	FQN59_RS09945
NZ_CP042285.1	2460890	2461390		minus	anaerobic ribonucleoside-triphosphate reductase activating protein	nrdG	93523461	protein-coding		WP_005859652.1	166	FQN59_RS09950
NZ_CP042285.1	2461424	2463631		minus	anaerobic ribonucleoside triphosphate reductase		93523462	protein-coding		WP_211738877.1	735	FQN59_RS09955
NZ_CP042285.1	2464144	2466327		plus	TonB-dependent receptor		93523463	protein-coding		WP_211738878.1	727	FQN59_RS09960
NZ_CP042285.1	2466361	2467290		plus	sirohydrochlorin cobaltochelatase		93523464	protein-coding		WP_122268322.1	309	FQN59_RS09965
NZ_CP042285.1	2467364	2468461		minus	sirohydrochlorin cobaltochelatase		93523465	protein-coding		WP_211738879.1	365	FQN59_RS09970
NZ_CP042285.1	2468484	2470547		minus	uncharacterized gene		93523466	pseudogene				FQN59_RS09975
NZ_CP042285.1	2471019	2471816		minus	DnaJ domain-containing protein		93523467	protein-coding		WP_005867440.1	265	FQN59_RS09980
NZ_CP042285.1	2471922	2472407		minus	hypothetical protein		93523468	protein-coding		WP_048927107.1	161	FQN59_RS09985
NZ_CP042285.1	2472410	2473066		minus	RagB/SusD family nutrient uptake outer membrane protein		93523469	protein-coding		WP_211738881.1	218	FQN59_RS09990
NZ_CP042285.1	2473091	2474050		minus	hypothetical protein		93523470	protein-coding		WP_211738883.1	319	FQN59_RS09995
NZ_CP042285.1	2474447	2474620		minus	uncharacterized gene		93525991	pseudogene				FQN59_RS22840
NZ_CP042285.1	2475384	2476895		plus	acetyl-CoA carboxylase biotin carboxylase subunit	accC	93523471	protein-coding		WP_008777846.1	503	FQN59_RS10000
NZ_CP042285.1	2476908	2477432		plus	biotin/lipoyl-containing protein		93523472	protein-coding		WP_005859628.1	174	FQN59_RS10005
NZ_CP042285.1	2477425	2478957		plus	acyl-CoA carboxylase subunit beta		93523473	protein-coding		WP_005859626.1	510	FQN59_RS10010
NZ_CP042285.1	2479616	2481298		plus	putative transporter		93523474	protein-coding		WP_211738885.1	560	FQN59_RS10015
NZ_CP042285.1	2481651	2483654		plus	TonB-dependent receptor plug domain-containing protein		93523475	protein-coding		WP_034526476.1	667	FQN59_RS10020
NZ_CP042285.1	2483675	2485039		plus	DUF5074 domain-containing protein		93523476	protein-coding		WP_005859612.1	454	FQN59_RS10025
NZ_CP042285.1	2485039	2486157		plus	ABC transporter substrate-binding protein		93523477	protein-coding		WP_005867452.1	372	FQN59_RS10030
NZ_CP042285.1	2486221	2488992		plus	FAD-binding and (Fe-S)-binding domain-containing protein		93523478	protein-coding		WP_211738887.1	923	FQN59_RS10035
NZ_CP042285.1	2489093	2490469		minus	NAD(P)/FAD-dependent oxidoreductase		93523479	protein-coding		WP_008772856.1	458	FQN59_RS10040
NZ_CP042285.1	2490672	2492732		minus	transcriptional regulator		93523480	protein-coding		WP_211738889.1	686	FQN59_RS10045
NZ_CP042285.1	2492810	2496028		minus	carbamoyl-phosphate synthase (glutamine-hydrolyzing) large subunit	carB	93523481	protein-coding		WP_005867460.1	1072	FQN59_RS10050
NZ_CP042285.1	2496345	2498063		plus	ATP-binding protein		93523482	protein-coding		WP_048927111.1	572	FQN59_RS10055
NZ_CP042285.1	2498257	2498691		minus	DUF6078 family protein		93523483	protein-coding		WP_199486262.1	144	FQN59_RS10060
NZ_CP042285.1	2499358	2499789		plus	hypothetical protein		93523484	protein-coding		WP_211738891.1	143	FQN59_RS10065
NZ_CP042285.1	2499904	2501004		plus	DUF4249 domain-containing protein		93523485	protein-coding		WP_211738893.1	366	FQN59_RS10070
NZ_CP042285.1	2501025	2501750		plus	hypothetical protein		93525942	protein-coding		WP_249222544.1	241	FQN59_RS22560
NZ_CP042285.1	2501750	2504488		plus	TonB-dependent receptor		93523486	protein-coding		WP_211738895.1	912	FQN59_RS10080
NZ_CP042285.1	2504500	2506188		plus	hypothetical protein		93523487	protein-coding		WP_147331035.1	562	FQN59_RS10085
NZ_CP042285.1	2506261	2507607		minus	hypothetical protein		93523488	protein-coding		WP_121961557.1	448	FQN59_RS10090
NZ_CP042285.1	2507660	2510890		minus	efflux RND transporter permease subunit		93523489	protein-coding		WP_121961556.1	1076	FQN59_RS10095
NZ_CP042285.1	2510880	2512373		minus	TolC family protein		93523490	protein-coding		WP_005867468.1	497	FQN59_RS10100
NZ_CP042285.1	2512370	2515435		minus	efflux RND transporter permease subunit		93523491	protein-coding		WP_057326219.1	1021	FQN59_RS10105
NZ_CP042285.1	2515463	2516530		minus	efflux RND transporter periplasmic adaptor subunit		93523492	protein-coding		WP_008772846.1	355	FQN59_RS10110
NZ_CP042285.1	2516631	2518439		minus	O-antigen ligase family protein		93523493	protein-coding		WP_009016859.1	602	FQN59_RS10115
NZ_CP042285.1	2518442	2519851		minus	transglutaminase domain-containing protein		93523494	protein-coding		WP_044545980.1	469	FQN59_RS10120
NZ_CP042285.1	2519858	2520718		minus	signal peptidase I	lepB	93523495	protein-coding		WP_057319078.1	286	FQN59_RS10125
NZ_CP042285.1	2520814	2521866		minus	BF3164 family lipoprotein		93523496	protein-coding		WP_005859567.1	350	FQN59_RS10130
NZ_CP042285.1	2522054	2522284		minus	NVEALA domain-containing protein		93523497	protein-coding		WP_005859565.1	76	FQN59_RS10135
NZ_CP042285.1	2522491	2523345		minus	DUF1573 domain-containing protein		93523498	protein-coding		WP_005859563.1	284	FQN59_RS10140
NZ_CP042285.1	2523358	2524407		minus	TolB-like 6-bladed beta-propeller domain-containing protein		93523499	protein-coding		WP_005867481.1	349	FQN59_RS10145
NZ_CP042285.1	2524416	2524634		minus	NVEALA domain-containing protein		93523500	protein-coding		WP_005867482.1	72	FQN59_RS10150
NZ_CP042285.1	2524827	2525834		plus	winged helix-turn-helix domain-containing protein		93523501	protein-coding		WP_224201987.1	335	FQN59_RS10155
NZ_CP042285.1	2526764	2527936		plus	ATP-binding protein		93523502	protein-coding		WP_005859561.1	390	FQN59_RS10160
NZ_CP042285.1	2527944	2529206		minus	DUF4933 domain-containing protein		93523503	protein-coding		WP_009275353.1	420	FQN59_RS10165
NZ_CP042285.1	2529336	2530277		minus	DMT family transporter		93523504	protein-coding		WP_048927115.1	313	FQN59_RS10170
NZ_CP042285.1	2530377	2530679		plus	PAAR domain-containing protein		93523505	protein-coding		WP_005859557.1	100	FQN59_RS10175
NZ_CP042285.1	2530762	2531814		plus	tryptophan--tRNA ligase	trpS	93523506	protein-coding		WP_005859555.1	350	FQN59_RS10180
NZ_CP042285.1	2531964	2532476		plus	RNA polymerase sigma-70 factor		93523507	protein-coding		WP_005859552.1	170	FQN59_RS10185
NZ_CP042285.1	2532565	2533374		plus	porin family protein		93523508	protein-coding		WP_005867490.1	269	FQN59_RS10190
NZ_CP042285.1	2533576	2534421		plus	FecR family protein		93523509	protein-coding		WP_048927116.1	281	FQN59_RS10195
NZ_CP042285.1	2534435	2537098		plus	TonB-dependent receptor		93523510	protein-coding		WP_211738897.1	887	FQN59_RS10200
NZ_CP042285.1	2537102	2538124		plus	DUF4249 domain-containing protein		93523511	protein-coding		WP_211738899.1	340	FQN59_RS10205
NZ_CP042285.1	2538265	2539601		plus	uncharacterized gene		93523512	pseudogene				FQN59_RS10210
NZ_CP042285.1	2539554	2540372		minus	hypothetical protein		93523513	protein-coding		WP_211738902.1	272	FQN59_RS10215
NZ_CP042285.1	2540474	2540896		plus	uncharacterized gene		93523514	pseudogene				FQN59_RS10220
NZ_CP042285.1	2540932	2541903		minus	ISAon1 family transposase		93523515	protein-coding		WP_416921281.1	323	FQN59_RS10225
NZ_CP042285.1	2541911	2542273		minus	ISAon1 family transposase N-terminal region protein		93523516	protein-coding		WP_044546025.1	120	FQN59_RS10230
NZ_CP042285.1	2542359	2542493		plus	uncharacterized gene		93525943	pseudogene				FQN59_RS22565
NZ_CP042285.1	2542480	2543862		plus	porin family protein		93523517	protein-coding		WP_211738985.1	460	FQN59_RS10235
NZ_CP042285.1	2543883	2545145		plus	LVIVD repeat-containing protein		93523518	protein-coding		WP_211738904.1	420	FQN59_RS10240
NZ_CP042285.1	2545430	2548699		plus	SusC/RagA family TonB-linked outer membrane protein		93523519	protein-coding		WP_211738906.1	1089	FQN59_RS10245
NZ_CP042285.1	2548712	2550319		plus	RagB/SusD family nutrient uptake outer membrane protein		93523520	protein-coding		WP_211738908.1	535	FQN59_RS10250
NZ_CP042285.1	2550335	2552917		plus	M14 family metallopeptidase		93523521	protein-coding		WP_211738910.1	860	FQN59_RS10255
NZ_CP042285.1	2552955	2553653		plus	hypothetical protein		93523522	protein-coding		WP_249222546.1	232	FQN59_RS10260
NZ_CP042285.1	2553676	2556039		minus	ABC transporter permease		93523523	protein-coding		WP_211738914.1	787	FQN59_RS10265
NZ_CP042285.1	2556198	2556773		plus	response regulator		93523524	protein-coding		WP_005867508.1	191	FQN59_RS10270
NZ_CP042285.1	2556792	2557769		plus	ATP-binding protein		93523525	protein-coding		WP_005867510.1	325	FQN59_RS10275
NZ_CP042285.1	2557766	2558098		minus	type II toxin-antitoxin system PemK/MazF family toxin		93523526	protein-coding		WP_008772819.1	110	FQN59_RS10280
NZ_CP042285.1	2558414	2561113		minus	S9 family peptidase		93523527	protein-coding		WP_211738916.1	899	FQN59_RS10285
NZ_CP042285.1	2561935	2565099		plus	DUF6383 domain-containing protein		93523528	protein-coding		WP_129984453.1	1054	FQN59_RS10290
NZ_CP042285.1	2565362	2565913		minus	NERD domain-containing protein		93523529	protein-coding		WP_172514264.1	183	FQN59_RS10295
NZ_CP042285.1	2565906	2566943		minus	AAA family ATPase		93523530	protein-coding		WP_005867516.1	345	FQN59_RS10300
NZ_CP042285.1	2567178	2569574		minus	TonB-dependent receptor		93523531	protein-coding		WP_211738918.1	798	FQN59_RS10305
NZ_CP042285.1	2569737	2573846		plus	hybrid sensor histidine kinase/response regulator transcription factor		93523532	protein-coding		WP_211738920.1	1369	FQN59_RS10310
NZ_CP042285.1	2573785	2576172		minus	ABC transporter permease		93523533	protein-coding		WP_211738922.1	795	FQN59_RS10315
NZ_CP042285.1	2576386	2577159		plus	NAD(+) diphosphatase	nudC	93523534	protein-coding		WP_009016882.1	257	FQN59_RS10320
NZ_CP042285.1	2577130	2577735		minus	DUF4858 domain-containing protein		93523535	protein-coding		WP_008772812.1	201	FQN59_RS10325
NZ_CP042285.1	2577952	2579316		plus	sigma-54-dependent transcriptional regulator		93523536	protein-coding		WP_009275379.1	454	FQN59_RS10330
NZ_CP042285.1	2579313	2580320		plus	sensor histidine kinase		93523537	protein-coding		WP_211738924.1	335	FQN59_RS10335
NZ_CP042285.1	2580315	2582963		minus	ATP-binding protein		93523538	protein-coding		WP_009275380.1	882	FQN59_RS10340
NZ_CP042285.1	2583096	2585489		minus	TonB-dependent receptor		93523539	protein-coding		WP_158532441.1	797	FQN59_RS10345
NZ_CP042285.1	2585560	2586222		plus	tRNA (5-methylaminomethyl-2-thiouridine)(34)-methyltransferase MnmD	mnmD	93523540	protein-coding		WP_249222547.1	220	FQN59_RS10350
NZ_CP042285.1	2586283	2586600		minus	thioredoxin	trxA	93523541	protein-coding		WP_009016887.1	105	FQN59_RS10355
NZ_CP042285.1	2586688	2590491		minus	DNA polymerase III subunit alpha	dnaE	93523542	protein-coding		WP_008772806.1	1267	FQN59_RS10360
NZ_CP042285.1	2591081	2591713		plus	porin family protein		93523543	protein-coding		WP_008777864.1	210	FQN59_RS10365
NZ_CP042285.1	2591717	2591947		plus	DUF3791 domain-containing protein		93523544	protein-coding		WP_121772024.1	76	FQN59_RS10370
NZ_CP042285.1	2591941	2592462		plus	DUF3990 domain-containing protein		93523545	protein-coding		WP_181987506.1	173	FQN59_RS10375
NZ_CP042285.1	2592476	2592667		plus	DUF3791 domain-containing protein		93523546	protein-coding		WP_229033138.1	63	FQN59_RS10380
NZ_CP042285.1	2592848	2593303		plus	50S ribosomal protein L13	rplM	93523547	protein-coding		WP_005859486.1	151	FQN59_RS10385
NZ_CP042285.1	2593309	2593695		plus	30S ribosomal protein S9	rpsI	93523548	protein-coding		WP_005859484.1	128	FQN59_RS10390
NZ_CP042285.1	2593836	2594672		plus	30S ribosomal protein S2	rpsB	93523549	protein-coding		WP_005859482.1	278	FQN59_RS10395
NZ_CP042285.1	2594817	2595806		plus	translation elongation factor Ts	tsf	93523550	protein-coding		WP_005867537.1	329	FQN59_RS10400
NZ_CP042285.1	2595962	2597155		minus	pyridoxal phosphate-dependent aminotransferase		93523551	protein-coding		WP_048927137.1	397	FQN59_RS10405
NZ_CP042285.1	2597237	2598454		minus	bifunctional 3,4-dihydroxy-2-butanone-4-phosphate synthase/GTP cyclohydrolase II		93523552	protein-coding		WP_005859476.1	405	FQN59_RS10410
NZ_CP042285.1	2598457	2600403		minus	LptF/LptG family permease		93523553	protein-coding		WP_048927139.1	648	FQN59_RS10415
NZ_CP042285.1	2600506	2600889		minus	START-like domain-containing protein		93523554	protein-coding		WP_005859472.1	127	FQN59_RS10420
NZ_CP042285.1	2601093	2601166		plus	tRNA-Met		93523555	tRNA				FQN59_RS10425
NZ_CP042285.1	2601882	2602814		minus	FimB/Mfa2 family fimbrial subunit		93523556	protein-coding		WP_211738928.1	310	FQN59_RS10430
NZ_CP042285.1	2603378	2605279		plus	hybrid sensor histidine kinase/response regulator transcription factor		93523557	protein-coding		WP_008777866.1	633	FQN59_RS10435
NZ_CP042285.1	2605621	2607018		plus	fimbrial protein		93523558	protein-coding		WP_229033071.1	465	FQN59_RS10440
NZ_CP042285.1	2607876	2609207		minus	fimbrial protein		93523559	protein-coding		WP_211738930.1	443	FQN59_RS10445
NZ_CP042285.1	2609368	2609730		plus	PD-(D/E)XK nuclease family transposase		93523560	protein-coding		WP_122143914.1	120	FQN59_RS10450
NZ_CP042285.1	2609834	2610004		minus	uncharacterized gene		93525944	pseudogene				FQN59_RS22570
NZ_CP042285.1	2610295	2611524		plus	site-specific integrase		93523561	protein-coding		WP_008670537.1	409	FQN59_RS10460
NZ_CP042285.1	2611552	2612763		plus	site-specific integrase		93523562	protein-coding		WP_008782100.1	403	FQN59_RS10465
NZ_CP042285.1	2612828	2613121		minus	helix-turn-helix domain-containing protein		93523563	protein-coding		WP_005859453.1	97	FQN59_RS10470
NZ_CP042285.1	2613134	2613337		minus	helix-turn-helix domain-containing protein		93523564	protein-coding		WP_009016895.1	67	FQN59_RS10475
NZ_CP042285.1	2613725	2613937		minus	hypothetical protein		93523565	protein-coding		WP_005825814.1	70	FQN59_RS10480
NZ_CP042285.1	2615271	2615807		minus	methylglyoxal synthase		93523566	protein-coding		WP_005654459.1	178	FQN59_RS10485
NZ_CP042285.1	2615860	2616669		minus	arginase family protein		93523567	protein-coding		WP_005825802.1	269	FQN59_RS10490
NZ_CP042285.1	2616686	2619244		minus	alpha-glucan family phosphorylase	glgP	93523568	protein-coding		WP_211738932.1	852	FQN59_RS10495
NZ_CP042285.1	2619272	2621518		minus	cation:proton antiporter		93523569	protein-coding		WP_005825801.1	748	FQN59_RS10500
NZ_CP042285.1	2621532	2622518		minus	6-phosphofructokinase	pfkA	93523570	protein-coding		WP_005825800.1	328	FQN59_RS10505
NZ_CP042285.1	2622541	2623038		minus	RNA polymerase sigma factor		93523571	protein-coding		WP_005825799.1	165	FQN59_RS10510
NZ_CP042285.1	2623140	2623568		minus	Hsp20/alpha crystallin family protein		93523572	protein-coding		WP_005825798.1	142	FQN59_RS10515
NZ_CP042285.1	2623644	2624393		minus	2,3-diphosphoglycerate-dependent phosphoglycerate mutase	gpmA	93523573	protein-coding		WP_211738934.1	249	FQN59_RS10520
NZ_CP042285.1	2624407	2625456		minus	class I fructose-bisphosphate aldolase		93523574	protein-coding		WP_005825795.1	349	FQN59_RS10525
NZ_CP042285.1	2625485	2625967		minus	ferritin		93523575	protein-coding		WP_009276872.1	160	FQN59_RS10530
NZ_CP042285.1	2626018	2626665		minus	MarC family protein		93523576	protein-coding		WP_005851956.1	215	FQN59_RS10535
NZ_CP042285.1	2626768	2627196		minus	ferritin-like domain-containing protein		93523577	protein-coding		WP_005851954.1	142	FQN59_RS10540
NZ_CP042285.1	2627381	2627590		minus	hypothetical protein		93525993	protein-coding		WP_005654431.1	69	FQN59_RS22850
NZ_CP042285.1	2628385	2628660		plus	hypothetical protein		93523578	protein-coding		WP_151881457.1	91	FQN59_RS10545
NZ_CP042285.1	2628802	2630255		minus	uncharacterized gene		93523579	pseudogene				FQN59_RS10550
NZ_CP042285.1	2630446	2630751		minus	hypothetical protein		93523580	protein-coding		WP_005859437.1	101	FQN59_RS10555
NZ_CP042285.1	2631062	2631298		minus	hypothetical protein		301046724	protein-coding		WP_010185707.1	78	FQN59_RS22945
NZ_CP042285.1	2631400	2632017		minus	FAD:protein FMN transferase		93523581	protein-coding		WP_005825771.1	205	FQN59_RS10565
NZ_CP042285.1	2632099	2632290		minus	uncharacterized gene		93525945	pseudogene				FQN59_RS22580
NZ_CP042285.1	2632288	2632461		plus	hypothetical protein		93523582	protein-coding		WP_005859435.1	57	FQN59_RS10570
NZ_CP042285.1	2632958	2633959		minus	site-specific integrase		93523583	protein-coding		WP_211738936.1	333	FQN59_RS10575
NZ_CP042285.1	2634092	2635420		plus	ATP-binding protein		93523584	protein-coding		WP_211738937.1	442	FQN59_RS10580
NZ_CP042285.1	2635646	2636905		plus	fimbrial protein		93523585	protein-coding		WP_211738938.1	419	FQN59_RS10585
NZ_CP042285.1	2636948	2637859		plus	FimB/Mfa2 family fimbrial subunit		93523586	protein-coding		WP_009275395.1	303	FQN59_RS10590
NZ_CP042285.1	2637901	2639028		plus	fimbrial protein		93523587	protein-coding		WP_005867562.1	375	FQN59_RS10595
NZ_CP042285.1	2639083	2640588		plus	fimbrial protein		93523588	protein-coding		WP_211738939.1	501	FQN59_RS10600
NZ_CP042285.1	2640844	2641935		plus	hypothetical protein		93523589	protein-coding		WP_005867565.1	363	FQN59_RS10605
NZ_CP042285.1	2641957	2643483		plus	hypothetical protein		93523590	protein-coding		WP_005867566.1	508	FQN59_RS10610
NZ_CP042285.1	2643501	2645975		plus	DUF4906 domain-containing protein		93523591	protein-coding		WP_211738940.1	824	FQN59_RS10615
NZ_CP042285.1	2646580	2646681		plus	uncharacterized gene		301046725	pseudogene				FQN59_RS22950
NZ_CP042285.1	2647026	2647313		plus	HU family DNA-binding protein		93523592	protein-coding		WP_122297496.1	95	FQN59_RS10620
NZ_CP042285.1	2647356	2647913		plus	DUF3575 domain-containing protein		93523593	protein-coding		WP_005859412.1	185	FQN59_RS10625
NZ_CP042285.1	2647922	2649406		plus	DUF3868 domain-containing protein		93523594	protein-coding		WP_005867573.1	494	FQN59_RS10630
NZ_CP042285.1	2649458	2649838		plus	hypothetical protein		93523595	protein-coding		WP_005867576.1	126	FQN59_RS10635
NZ_CP042285.1	2649919	2650578		minus	thiamine diphosphokinase		93523596	protein-coding		WP_195392890.1	219	FQN59_RS10640
NZ_CP042285.1	2650596	2651183		minus	nicotinamide riboside transporter PnuC	pnuC	93523597	protein-coding		WP_005859404.1	195	FQN59_RS10645
NZ_CP042285.1	2651204	2653402		minus	TonB-dependent receptor		93523598	protein-coding		WP_121955997.1	732	FQN59_RS10650
NZ_CP042285.1	2653793	2654260		plus	ribosome assembly cofactor RimP	rimP	93523599	protein-coding		WP_005859398.1	155	FQN59_RS10655
NZ_CP042285.1	2654265	2655530		plus	transcription termination factor NusA	nusA	93523600	protein-coding		WP_005867586.1	421	FQN59_RS10660
NZ_CP042285.1	2655551	2658472		plus	translation initiation factor IF-2	infB	93523601	protein-coding		WP_008772780.1	973	FQN59_RS10665
NZ_CP042285.1	2658475	2658966		plus	CvpA family protein		93523602	protein-coding		WP_005859392.1	163	FQN59_RS10670
NZ_CP042285.1	2658997	2660442		plus	Fe-S cluster assembly protein SufB	sufB	93523603	protein-coding		WP_005859390.1	481	FQN59_RS10675
NZ_CP042285.1	2660485	2661240		plus	Fe-S cluster assembly ATPase SufC	sufC	93523604	protein-coding		WP_005859388.1	251	FQN59_RS10680
NZ_CP042285.1	2661233	2662585		plus	Fe-S cluster assembly protein SufD	sufD	93523605	protein-coding		WP_211738941.1	450	FQN59_RS10685
NZ_CP042285.1	2662698	2663534		plus	GNAT family N-acetyltransferase		93523606	protein-coding		WP_211738943.1	278	FQN59_RS10690
NZ_CP042285.1	2663637	2665484		minus	glycoside hydrolase family 13 protein		93523607	protein-coding		WP_122380404.1	615	FQN59_RS10695
NZ_CP042285.1	2665658	2668825		plus	TIM-barrel domain-containing protein		93523608	protein-coding		WP_211738945.1	1055	FQN59_RS10700
NZ_CP042285.1	2668850	2670265		plus	arylsulfatase		93523609	protein-coding		WP_005867593.1	471	FQN59_RS10705
NZ_CP042285.1	2670397	2671611		plus	aminotransferase class V-fold PLP-dependent enzyme		93523610	protein-coding		WP_005867594.1	404	FQN59_RS10710
NZ_CP042285.1	2671614	2672015		plus	VanZ family protein		93523611	protein-coding		WP_008777889.1	133	FQN59_RS10715
NZ_CP042285.1	2672142	2672741		plus	ribonuclease HII		93523612	protein-coding		WP_005859375.1	199	FQN59_RS10720
NZ_CP042285.1	2672859	2673284		minus	SufE family protein		93523613	protein-coding		WP_005867596.1	141	FQN59_RS10725
NZ_CP042285.1	2673297	2674286		minus	M20 family metallopeptidase		93523614	protein-coding		WP_044545406.1	329	FQN59_RS10730
NZ_CP042285.1	2674300	2676150		minus	gamma-glutamyl-gamma-aminobutyrate hydrolase family protein		93523615	protein-coding		WP_211736894.1	616	FQN59_RS10735
NZ_CP042285.1	2676173	2677957		minus	gamma-glutamyl-gamma-aminobutyrate hydrolase family protein		93523616	protein-coding		WP_211736896.1	594	FQN59_RS10740
NZ_CP042285.1	2677950	2679905		minus	DNA topoisomerase (ATP-hydrolyzing) subunit B	gyrB	93523617	protein-coding		WP_005867602.1	651	FQN59_RS10745
NZ_CP042285.1	2680078	2680152		minus	tRNA-Glu		93523618	tRNA				FQN59_RS10750
NZ_CP042285.1	2680221	2680475		minus	30S ribosomal protein S20	rpsT	93523619	protein-coding		WP_005859369.1	84	FQN59_RS10755
NZ_CP042285.1	2680517	2680588		minus	tRNA-Glu		93523620	tRNA				FQN59_RS10760
NZ_CP042285.1	2680705	2681109		minus	DUF2721 domain-containing protein		93523621	protein-coding		WP_005867604.1	134	FQN59_RS10765
NZ_CP042285.1	2681187	2681912		plus	DNA repair protein RecO	recO	93523622	protein-coding		WP_034530164.1	241	FQN59_RS10770
NZ_CP042285.1	2682100	2682171		plus	tRNA-Arg		93523623	tRNA				FQN59_RS10775
NZ_CP042285.1	2682369	2683670		plus	site-specific integrase		93523624	protein-coding		WP_122103703.1	433	FQN59_RS10780
NZ_CP042285.1	2683683	2684969		plus	hypothetical protein		93523625	protein-coding		WP_211736898.1	428	FQN59_RS10785
NZ_CP042285.1	2685050	2685340		plus	helix-turn-helix domain-containing protein		93523626	protein-coding		WP_122114628.1	96	FQN59_RS10790
NZ_CP042285.1	2685333	2686346		plus	phage/plasmid replication protein		93523627	protein-coding		WP_211736900.1	337	FQN59_RS10795
NZ_CP042285.1	2686607	2686903		plus	nucleotidyltransferase family protein		93523628	protein-coding		WP_005865085.1	98	FQN59_RS10800
NZ_CP042285.1	2686887	2687228		plus	HepT-like ribonuclease domain-containing protein		93523629	protein-coding		WP_044548218.1	113	FQN59_RS10805
NZ_CP042285.1	2687869	2688693		plus	hypothetical protein		93523630	protein-coding		WP_249222443.1	274	FQN59_RS10810
NZ_CP042285.1	2688757	2690814		plus	site-specific DNA-methyltransferase		93523631	protein-coding		WP_211738990.1	685	FQN59_RS10815
NZ_CP042285.1	2690829	2693717		plus	DEAD/DEAH box helicase family protein		93523632	protein-coding		WP_211736902.1	962	FQN59_RS10820
NZ_CP042285.1	2693872	2694174		plus	hypothetical protein		93523633	protein-coding		WP_011967089.1	100	FQN59_RS10825
NZ_CP042285.1	2694193	2694339		plus	hypothetical protein		93523634	protein-coding		WP_172606910.1	48	FQN59_RS10830
NZ_CP042285.1	2694541	2695104		plus	hypothetical protein		301046726	protein-coding		WP_428846729.1	187	FQN59_RS22955
NZ_CP042285.1	2695101	2695244		plus	hypothetical protein		93523635	protein-coding		WP_211736904.1	47	FQN59_RS10835
NZ_CP042285.1	2695632	2696045		minus	hypothetical protein		93523636	protein-coding		WP_005867608.1	137	FQN59_RS10840
NZ_CP042285.1	2696143	2696556		plus	ATP-binding protein		93523637	protein-coding		WP_005859341.1	137	FQN59_RS10845
NZ_CP042285.1	2696568	2696879		plus	STAS domain-containing protein		93523638	protein-coding		WP_005859339.1	103	FQN59_RS10850
NZ_CP042285.1	2696937	2697896		minus	hypothetical protein		93523639	protein-coding		WP_005867611.1	319	FQN59_RS10855
NZ_CP042285.1	2698052	2699206		plus	Gfo/Idh/MocA family protein		93523640	protein-coding		WP_005867614.1	384	FQN59_RS10860
NZ_CP042285.1	2699220	2700212		plus	sugar phosphate isomerase/epimerase family protein		93523641	protein-coding		WP_005859333.1	330	FQN59_RS10865
NZ_CP042285.1	2700245	2701246		plus	metallophosphoesterase family protein		93523642	protein-coding		WP_005867616.1	333	FQN59_RS10870
NZ_CP042285.1	2701350	2702246		plus	diaminopimelate dehydrogenase		93523643	protein-coding		WP_005867618.1	298	FQN59_RS10875
NZ_CP042285.1	2702342	2703175		plus	prolipoprotein diacylglyceryl transferase	lgt	93523644	protein-coding		WP_005859327.1	277	FQN59_RS10880
NZ_CP042285.1	2703238	2704449		plus	FprA family A-type flavoprotein		93523645	protein-coding		WP_005867620.1	403	FQN59_RS10885
NZ_CP042285.1	2704492	2705304		plus	glucosamine-6-phosphate deaminase	nagB	93523646	protein-coding		WP_005859323.1	270	FQN59_RS10890
NZ_CP042285.1	2705532	2707949		minus	alpha/beta hydrolase family protein		93523647	protein-coding		WP_005867623.1	805	FQN59_RS10895
NZ_CP042285.1	2708037	2709557		minus	RagB/SusD family nutrient uptake outer membrane protein		93523648	protein-coding		WP_005859319.1	506	FQN59_RS10900
NZ_CP042285.1	2709588	2712803		minus	SusC/RagA family TonB-linked outer membrane protein		93523649	protein-coding		WP_005867625.1	1071	FQN59_RS10905
NZ_CP042285.1	2713221	2714579		minus	TolC family protein		93523650	protein-coding		WP_034531600.1	452	FQN59_RS10910
NZ_CP042285.1	2714592	2715713		minus	efflux RND transporter periplasmic adaptor subunit		93523651	protein-coding		WP_005867627.1	373	FQN59_RS10915
NZ_CP042285.1	2715747	2717006		minus	ABC transporter permease		93523652	protein-coding		WP_048927175.1	419	FQN59_RS10920
NZ_CP042285.1	2717027	2718301		minus	ABC transporter permease		93523653	protein-coding		WP_005867632.1	424	FQN59_RS10925
NZ_CP042285.1	2718294	2718977		minus	ABC transporter ATP-binding protein		93523654	protein-coding		WP_005867634.1	227	FQN59_RS10930
NZ_CP042285.1	2719409	2720590		plus	formate-dependent phosphoribosylglycinamide formyltransferase	purT	93523655	protein-coding		WP_048927176.1	393	FQN59_RS10935
NZ_CP042285.1	2720945	2722423		minus	TolB family protein		93523656	protein-coding		WP_057326183.1	492	FQN59_RS10940
NZ_CP042285.1	2722431	2724203		minus	DUF6057 family protein		93523657	protein-coding		WP_048927178.1	590	FQN59_RS10945
NZ_CP042285.1	2724240	2725709		minus	TolB family protein		93523658	protein-coding		WP_048927179.1	489	FQN59_RS10950
NZ_CP042285.1	2725719	2727458		minus	DUF6057 family protein		93523659	protein-coding		WP_048927180.1	579	FQN59_RS10955
NZ_CP042285.1	2727612	2729465		minus	RagB/SusD family nutrient uptake outer membrane protein		93523660	protein-coding		WP_036650646.1	617	FQN59_RS10960
NZ_CP042285.1	2729513	2732917		minus	SusC/RagA family TonB-linked outer membrane protein		93523661	protein-coding		WP_211736906.1	1134	FQN59_RS10965
NZ_CP042285.1	2733476	2736856		plus	SusC/RagA family TonB-linked outer membrane protein		93523662	protein-coding		WP_211736908.1	1126	FQN59_RS10970
NZ_CP042285.1	2736901	2738748		plus	RagB/SusD family nutrient uptake outer membrane protein		93523663	protein-coding		WP_057326179.1	615	FQN59_RS10975
NZ_CP042285.1	2738874	2739596		plus	MBL fold metallo-hydrolase		93523664	protein-coding		WP_057326178.1	240	FQN59_RS10980
NZ_CP042285.1	2739645	2740022		plus	VOC family protein		93523665	protein-coding		WP_005867648.1	125	FQN59_RS10985
NZ_CP042285.1	2740191	2741177		plus	ROK family protein		93523666	protein-coding		WP_005867650.1	328	FQN59_RS10990
NZ_CP042285.1	2741281	2741802		plus	NUDIX domain-containing protein		93523667	protein-coding		WP_005867651.1	173	FQN59_RS10995
NZ_CP042285.1	2741899	2744898		plus	tetratricopeptide repeat protein		93523668	protein-coding		WP_048927185.1	999	FQN59_RS11000
NZ_CP042285.1	2744908	2746716		plus	TonB-dependent receptor		93523669	protein-coding		WP_121960640.1	602	FQN59_RS11005
NZ_CP042285.1	2746734	2747834		plus	sensor histidine kinase		93523670	protein-coding		WP_057326177.1	366	FQN59_RS11010
NZ_CP042285.1	2747850	2748980		plus	sensor histidine kinase		93523671	protein-coding		WP_008779247.1	376	FQN59_RS11015
NZ_CP042285.1	2748983	2749834		plus	sensor histidine kinase		93523672	protein-coding		WP_005867658.1	283	FQN59_RS11020
NZ_CP042285.1	2749846	2751009		plus	PP2C family protein-serine/threonine phosphatase		93523673	protein-coding		WP_005859268.1	387	FQN59_RS11025
NZ_CP042285.1	2751407	2751670		minus	tetratricopeptide repeat protein		93523674	protein-coding		WP_005859264.1	87	FQN59_RS11030
NZ_CP042285.1	2751832	2754180		plus	type I DNA topoisomerase	topA	93523675	protein-coding		WP_008772731.1	782	FQN59_RS11035
NZ_CP042285.1	2754258	2755136		minus	VIT1/CCC1 transporter family protein		93523676	protein-coding		WP_005867660.1	292	FQN59_RS11040
NZ_CP042285.1	2755146	2756939		minus	arginine--tRNA ligase	argS	93523677	protein-coding		WP_005867661.1	597	FQN59_RS11045
NZ_CP042285.1	2757042	2757314		minus	HU family DNA-binding protein		93523678	protein-coding		WP_005859256.1	90	FQN59_RS11050
NZ_CP042285.1	2757501	2758223		plus	rhomboid family intramembrane serine protease		93523679	protein-coding		WP_005859254.1	240	FQN59_RS11055
NZ_CP042285.1	2758204	2759082		plus	rhomboid family intramembrane serine protease		93523680	protein-coding		WP_012056087.1	292	FQN59_RS11060
NZ_CP042285.1	2759092	2760189		plus	endonuclease/exonuclease/phosphatase family protein		93523681	protein-coding		WP_009276208.1	365	FQN59_RS11065
NZ_CP042285.1	2760200	2760754		minus	DUF4468 domain-containing protein		93523682	protein-coding		WP_005859247.1	184	FQN59_RS11070
NZ_CP042285.1	2760775	2761749		minus	DUF4468 domain-containing protein		93523683	protein-coding		WP_211736910.1	324	FQN59_RS11075
NZ_CP042285.1	2761922	2764921		plus	protein translocase subunit SecDF	secDF	93523684	protein-coding		WP_005859243.1	999	FQN59_RS11080
NZ_CP042285.1	2765020	2765952		plus	tyrosine-type recombinase/integrase		93523685	protein-coding		WP_005859241.1	310	FQN59_RS11085
NZ_CP042285.1	2766456	2767553		plus	transcriptional regulator		93523686	protein-coding		WP_211736912.1	365	FQN59_RS11090
NZ_CP042285.1	2767567	2767956		plus	hypothetical protein		93523687	protein-coding		WP_048927193.1	129	FQN59_RS11095
NZ_CP042285.1	2767953	2768363		minus	N-acetylmuramoyl-L-alanine amidase		93523688	protein-coding		WP_211736915.1	136	FQN59_RS11100
NZ_CP042285.1	2768536	2769024		minus	hypothetical protein		93523689	protein-coding		WP_005859232.1	162	FQN59_RS11105
NZ_CP042285.1	2769157	2769588		plus	hypothetical protein		93523690	protein-coding		WP_005859229.1	143	FQN59_RS11110
NZ_CP042285.1	2769720	2769956		plus	hypothetical protein		93523691	protein-coding		WP_036617756.1	78	FQN59_RS11115
NZ_CP042285.1	2769953	2771887		plus	polysaccharide biosynthesis protein		93523692	protein-coding		WP_122382464.1	644	FQN59_RS11120
NZ_CP042285.1	2772306	2772788		plus	uncharacterized gene		93523693	pseudogene				FQN59_RS11125
NZ_CP042285.1	2772981	2774321		plus	UDP binding domain-containing protein		93523694	protein-coding		WP_283093129.1	446	FQN59_RS11130
NZ_CP042285.1	2774325	2775392		plus	NAD-dependent epimerase/dehydratase family protein		93523695	protein-coding		WP_005867683.1	355	FQN59_RS11135
NZ_CP042285.1	2775539	2776732		plus	GDP-L-fucose synthase family protein		93523696	protein-coding		WP_005867684.1	397	FQN59_RS11140
NZ_CP042285.1	2776763	2777875		plus	GDP-mannose 4,6-dehydratase	gmd	93523697	protein-coding		WP_005867685.1	370	FQN59_RS11145
NZ_CP042285.1	2778387	2779901		plus	lipid II flippase MurJ		93523698	protein-coding		WP_122369004.1	504	FQN59_RS11150
NZ_CP042285.1	2780474	2781295		plus	hypothetical protein		93523699	protein-coding		WP_249222444.1	273	FQN59_RS11155
NZ_CP042285.1	2781328	2781909		plus	maltose acetyltransferase		93523700	protein-coding		WP_122369006.1	193	FQN59_RS11160
NZ_CP042285.1	2781923	2782954		plus	glycosyltransferase		93523701	protein-coding		WP_122369007.1	343	FQN59_RS11165
NZ_CP042285.1	2782958	2783863		plus	alpha-1,2-fucosyltransferase		93523702	protein-coding		WP_005867692.1	301	FQN59_RS11170
NZ_CP042285.1	2783868	2784755		plus	hypothetical protein		93523703	protein-coding		WP_233554130.1	295	FQN59_RS11175
NZ_CP042285.1	2784769	2785413		plus	hypothetical protein		93523704	protein-coding		WP_122382463.1	214	FQN59_RS11180
NZ_CP042285.1	2785447	2785671		plus	acyl carrier protein		93523705	protein-coding		WP_005867792.1	74	FQN59_RS11185
NZ_CP042285.1	2785677	2786423		plus	SDR family NAD(P)-dependent oxidoreductase		93523706	protein-coding		WP_122382462.1	248	FQN59_RS11190
NZ_CP042285.1	2786436	2787482		plus	3-oxoacyl-ACP synthase III family protein		93523707	protein-coding		WP_122382461.1	348	FQN59_RS11195
NZ_CP042285.1	2787489	2787710		plus	acyl carrier protein		93523708	protein-coding		WP_005867797.1	73	FQN59_RS11200
NZ_CP042285.1	2787716	2788933		plus	ANL family adenylate-forming protein		93523709	protein-coding		WP_005867799.1	405	FQN59_RS11205
NZ_CP042285.1	2788930	2789658		plus	SDR family NAD(P)-dependent oxidoreductase		93523710	protein-coding		WP_122382460.1	242	FQN59_RS11210
NZ_CP042285.1	2789889	2790482		plus	sugar transferase		93523711	protein-coding		WP_005867802.1	197	FQN59_RS11215
NZ_CP042285.1	2790513	2791832		plus	DegT/DnrJ/EryC1/StrS family aminotransferase		93523712	protein-coding		WP_005867804.1	439	FQN59_RS11220
NZ_CP042285.1	2791928	2792605		plus	uncharacterized gene		93523713	pseudogene				FQN59_RS11225
NZ_CP042285.1	2792950	2793984		plus	Fic family protein		93523714	protein-coding		WP_121961604.1	344	FQN59_RS11230
NZ_CP042285.1	2794220	2796223		plus	urocanate hydratase		93523715	protein-coding		WP_196008625.1	667	FQN59_RS11235
NZ_CP042285.1	2796220	2797125		plus	glutamate formimidoyltransferase	ftcD	93523716	protein-coding		WP_211736917.1	301	FQN59_RS11240
NZ_CP042285.1	2797129	2798379		plus	imidazolonepropionase	hutI	93523717	protein-coding		WP_005859151.1	416	FQN59_RS11245
NZ_CP042285.1	2798415	2799038		plus	cyclodeaminase/cyclohydrolase family protein		93523718	protein-coding		WP_008779294.1	207	FQN59_RS11250
NZ_CP042285.1	2799042	2800538		plus	histidine ammonia-lyase	hutH	93523719	protein-coding		WP_057327372.1	498	FQN59_RS11255
NZ_CP042285.1	2800638	2801792		plus	acyltransferase		93523720	protein-coding		WP_211736919.1	384	FQN59_RS11260
NZ_CP042285.1	2801910	2803019		minus	Mrp/NBP35 family ATP-binding protein		93523721	protein-coding		WP_005859141.1	369	FQN59_RS11265
NZ_CP042285.1	2803047	2803805		minus	tRNA (guanosine(46)-N7)-methyltransferase TrmB	trmB	93523722	protein-coding		WP_211736922.1	252	FQN59_RS11270
NZ_CP042285.1	2803951	2805849		plus	glycosyltransferase 87 family protein		93523723	protein-coding		WP_122380355.1	632	FQN59_RS11275
NZ_CP042285.1	2805952	2806025		minus	tRNA-Asn		93523724	tRNA				FQN59_RS11280
NZ_CP042285.1	2806069	2806142		minus	tRNA-Asn		93523725	tRNA				FQN59_RS11285
NZ_CP042285.1	2806174	2806247		minus	tRNA-Asn		93523726	tRNA				FQN59_RS11290
NZ_CP042285.1	2806358	2807335		plus	adenosine kinase		93523727	protein-coding		WP_044546014.1	325	FQN59_RS11295
NZ_CP042285.1	2807384	2809090		plus	S41 family peptidase		93523728	protein-coding		WP_044546013.1	568	FQN59_RS11300
NZ_CP042285.1	2809161	2810339		minus	metallophosphoesterase		93523729	protein-coding		WP_211736924.1	392	FQN59_RS11305
NZ_CP042285.1	2810342	2811436		minus	metallophosphoesterase		93523730	protein-coding		WP_211736925.1	364	FQN59_RS11310
NZ_CP042285.1	2811821	2812132		minus	winged helix-turn-helix domain-containing protein		301046727	protein-coding		WP_416339360.1	103	FQN59_RS22960
NZ_CP042285.1	2812288	2812542		plus	uncharacterized gene		93523731	pseudogene				FQN59_RS11320
NZ_CP042285.1	2812732	2813373		minus	SagB/ThcOx family dehydrogenase		93523732	protein-coding		WP_211736928.1	213	FQN59_RS11325
NZ_CP042285.1	2813548	2816007		plus	outer membrane beta-barrel family protein		93523733	protein-coding		WP_211736930.1	819	FQN59_RS11330
NZ_CP042285.1	2816211	2818685		plus	outer membrane beta-barrel family protein		93523734	protein-coding		WP_211736932.1	824	FQN59_RS11335
NZ_CP042285.1	2818842	2820596		plus	DUF6057 family protein		93523735	protein-coding		WP_211736934.1	584	FQN59_RS11340
NZ_CP042285.1	2820599	2822107		plus	TolB family protein		93523736	protein-coding		WP_211736936.1	502	FQN59_RS11345
NZ_CP042285.1	2822146	2824146		plus	fructose-1,6-bisphosphatase		93523737	protein-coding		WP_008772677.1	666	FQN59_RS11350
NZ_CP042285.1	2824439	2824849		minus	hypothetical protein		93523738	protein-coding		WP_005867839.1	136	FQN59_RS11355
NZ_CP042285.1	2824924	2826480		minus	RagB/SusD family nutrient uptake outer membrane protein		93523739	protein-coding		WP_005867840.1	518	FQN59_RS11360
NZ_CP042285.1	2826499	2829360		minus	SusC/RagA family TonB-linked outer membrane protein		93523740	protein-coding		WP_080707547.1	953	FQN59_RS11365
NZ_CP042285.1	2829642	2832644		plus	SusC/RagA family TonB-linked outer membrane protein		93523741	protein-coding		WP_008777904.1	1000	FQN59_RS11370
NZ_CP042285.1	2832662	2834236		plus	RagB/SusD family nutrient uptake outer membrane protein		93523742	protein-coding		WP_048928124.1	524	FQN59_RS11375
NZ_CP042285.1	2834781	2836028		plus	uncharacterized gene		93523743	pseudogene				FQN59_RS11380
NZ_CP042285.1	2836077	2837111		plus	iron ABC transporter permease		93523744	protein-coding		WP_048928125.1	344	FQN59_RS11385
NZ_CP042285.1	2837117	2838121		plus	ABC transporter ATP-binding protein		93523745	protein-coding		WP_048928126.1	334	FQN59_RS11390
NZ_CP042285.1	2838136	2839482		plus	MATE family efflux transporter		93523746	protein-coding		WP_048928127.1	448	FQN59_RS11395
NZ_CP042285.1	2839567	2840160		plus	DUF4251 domain-containing protein		93523747	protein-coding		WP_005859017.1	197	FQN59_RS11400
NZ_CP042285.1	2840273	2840659		plus	co-chaperone GroES		93523748	protein-coding		WP_005859009.1	128	FQN59_RS11405
NZ_CP042285.1	2840751	2841548		plus	sulfide/dihydroorotate dehydrogenase-like FAD/NAD-binding protein		93523749	protein-coding		WP_005867880.1	265	FQN59_RS11410
NZ_CP042285.1	2841569	2843038		plus	NADPH-dependent glutamate synthase	gltA	93523750	protein-coding		WP_211736938.1	489	FQN59_RS11415
NZ_CP042285.1	2843132	2843515		minus	DUF3037 domain-containing protein		93523751	protein-coding		WP_005859003.1	127	FQN59_RS11420
NZ_CP042285.1	2843493	2844275		minus	HipA family kinase		93523752	protein-coding		WP_005859001.1	260	FQN59_RS11425
NZ_CP042285.1	2844368	2844440		minus	tRNA-Gly		93523753	tRNA				FQN59_RS11430
NZ_CP042285.1	2844456	2844540		minus	tRNA-Leu		93523754	tRNA				FQN59_RS11435
NZ_CP042285.1	2844564	2844636		minus	tRNA-Gly		93523755	tRNA				FQN59_RS11440
NZ_CP042285.1	2844710	2845171		minus	Rieske (2Fe-2S) protein		93523756	protein-coding		WP_044545206.1	153	FQN59_RS11445
NZ_CP042285.1	2845164	2846504		minus	argininosuccinate lyase	argH	93523757	protein-coding		WP_005867884.1	446	FQN59_RS11450
NZ_CP042285.1	2846518	2846931		minus	polyketide cyclase		93523758	protein-coding		WP_005858994.1	137	FQN59_RS11455
NZ_CP042285.1	2846954	2847589		minus	orotate phosphoribosyltransferase	pyrE	93523759	protein-coding		WP_008772664.1	211	FQN59_RS11460
NZ_CP042285.1	2847676	2848365		minus	ComF family protein		93523760	protein-coding		WP_087346620.1	229	FQN59_RS11465
NZ_CP042285.1	2848346	2848846		minus	regulatory protein RecX		93523761	protein-coding		WP_195319006.1	166	FQN59_RS11470
NZ_CP042285.1	2848843	2849802		minus	N5-glutamine methyltransferase family protein		93523762	protein-coding		WP_211736940.1	319	FQN59_RS11475
NZ_CP042285.1	2849859	2850938		plus	bifunctional diaminohydroxyphosphoribosylaminopyrimidine deaminase/5-amino-6-(5-phosphoribosylamino)uracil reductase RibD	ribD	93523763	protein-coding		WP_211736942.1	359	FQN59_RS11480
NZ_CP042285.1	2851058	2852434		plus	DUF6242 domain-containing protein		93523764	protein-coding		WP_022193244.1	458	FQN59_RS11485
NZ_CP042285.1	2852516	2853220		plus	DUF6089 family protein		93523765	protein-coding		WP_008772658.1	234	FQN59_RS11490
NZ_CP042285.1	2853232	2853975		plus	isoprenyl transferase		93523766	protein-coding		WP_005858978.1	247	FQN59_RS11495
NZ_CP042285.1	2853990	2856680		plus	outer membrane protein assembly factor BamA	bamA	93523767	protein-coding		WP_196009849.1	896	FQN59_RS11500
NZ_CP042285.1	2856853	2857368		plus	OmpH family outer membrane protein		93523768	protein-coding		WP_005858974.1	171	FQN59_RS11505
NZ_CP042285.1	2857443	2857937		plus	OmpH family outer membrane protein		93523769	protein-coding		WP_005858972.1	164	FQN59_RS11510
NZ_CP042285.1	2858028	2858858		plus	glutamate racemase	murI	93523770	protein-coding		WP_005867900.1	276	FQN59_RS11515
NZ_CP042285.1	2859170	2859538		minus	YccF domain-containing protein		93523771	protein-coding		WP_005867901.1	122	FQN59_RS11520
NZ_CP042285.1	2859542	2860858		minus	M23 family metallopeptidase		93523772	protein-coding		WP_229100376.1	438	FQN59_RS11525
NZ_CP042285.1	2860985	2862355		plus	MATE family efflux transporter		93523773	protein-coding		WP_044545557.1	456	FQN59_RS11530
NZ_CP042285.1	2862439	2862864		plus	META domain-containing protein		93523774	protein-coding		WP_005858961.1	141	FQN59_RS11535
NZ_CP042285.1	2862864	2863313		plus	META domain-containing protein		93523775	protein-coding		WP_005858959.1	149	FQN59_RS11540
NZ_CP042285.1	2863363	2865420		minus	TonB-dependent receptor plug domain-containing protein		93523776	protein-coding		WP_211736946.1	685	FQN59_RS11545
NZ_CP042285.1	2865427	2866620		minus	exo-beta-N-acetylmuramidase NamZ family protein		93523777	protein-coding		WP_122369033.1	397	FQN59_RS11550
NZ_CP042285.1	2866716	2869130		plus	S9 family peptidase		93523778	protein-coding		WP_211736948.1	804	FQN59_RS11555
NZ_CP042285.1	2869190	2869732		plus	HDIG domain-containing metalloprotein		93523779	protein-coding		WP_005867908.1	180	FQN59_RS11560
NZ_CP042285.1	2869798	2872542		plus	putative LPS assembly protein LptD		93523780	protein-coding		WP_005867909.1	914	FQN59_RS11565
NZ_CP042285.1	2872613	2873284		minus	uracil-DNA glycosylase		93523781	protein-coding		WP_005867913.1	223	FQN59_RS11570
NZ_CP042285.1	2873306	2874343		minus	aspartate--ammonia ligase	asnA	93523782	protein-coding		WP_022193225.1	345	FQN59_RS11575
NZ_CP042285.1	2874540	2874613		plus	tRNA-Arg		93523783	tRNA				FQN59_RS11580
NZ_CP042285.1	2874762	2875202		plus	DoxX family protein		93523784	protein-coding		WP_005867918.1	146	FQN59_RS11585
NZ_CP042285.1	2875272	2875346		minus	tRNA-Val		93523785	tRNA				FQN59_RS11590
NZ_CP042285.1	2875380	2875454		minus	tRNA-Val		93523786	tRNA				FQN59_RS11595
NZ_CP042285.1	2875488	2875562		minus	tRNA-Val		93523787	tRNA				FQN59_RS11600
NZ_CP042285.1	2875798	2877141		plus	adenylosuccinate lyase	purB	93523788	protein-coding		WP_211736950.1	447	FQN59_RS11605
NZ_CP042285.1	2877201	2878682		plus	pseudouridine synthase		93523789	protein-coding		WP_211736952.1	493	FQN59_RS11610
NZ_CP042285.1	2878698	2880104		plus	asparagine--tRNA ligase	asnS	93523790	protein-coding		WP_008772638.1	468	FQN59_RS11615
NZ_CP042285.1	2880188	2880658		minus	Lrp/AsnC family transcriptional regulator		93523791	protein-coding		WP_005858930.1	156	FQN59_RS11620
NZ_CP042285.1	2880803	2881351		plus	GNAT family N-acetyltransferase		93523792	protein-coding		WP_036618215.1	182	FQN59_RS11625
NZ_CP042285.1	2881404	2881874		minus	ExbD/TolR family protein		93523793	protein-coding		WP_005858926.1	156	FQN59_RS11630
NZ_CP042285.1	2881874	2882464		minus	ExbD/TolR family protein		93523794	protein-coding		WP_005858924.1	196	FQN59_RS11635
NZ_CP042285.1	2882497	2882970		minus	hypothetical protein		93523795	protein-coding		WP_005858922.1	157	FQN59_RS11640
NZ_CP042285.1	2882980	2883723		minus	MotA/TolQ/ExbB proton channel family protein		93523796	protein-coding		WP_211736954.1	247	FQN59_RS11645
NZ_CP042285.1	2883804	2883891		minus	tRNA-Ser		93523797	tRNA				FQN59_RS11650
NZ_CP042285.1	2884039	2884824		minus	TatD family hydrolase		93523798	protein-coding		WP_008772635.1	261	FQN59_RS11655
NZ_CP042285.1	2884828	2885802		minus	polyprenyl synthetase family protein		93523799	protein-coding		WP_211736956.1	324	FQN59_RS11660
NZ_CP042285.1	2885884	2886576		minus	energy transducer TonB		93523800	protein-coding		WP_211736958.1	230	FQN59_RS11665
NZ_CP042285.1	2886784	2887794		plus	type IX secretion system protein PorQ	porQ	93523801	protein-coding		WP_008772632.1	336	FQN59_RS11670
NZ_CP042285.1	2887815	2888504		plus	(d)CMP kinase	cmk	93523802	protein-coding		WP_008779352.1	229	FQN59_RS11675
NZ_CP042285.1	2888689	2889561		plus	4-hydroxy-3-methylbut-2-enyl diphosphate reductase		93523803	protein-coding		WP_005867938.1	290	FQN59_RS11680
NZ_CP042285.1	2889659	2890639		plus	6-phosphofructokinase	pfkA	93523804	protein-coding		WP_211736960.1	326	FQN59_RS11685
NZ_CP042285.1	2890721	2892472		plus	DUF6057 family protein		93523805	protein-coding		WP_211736962.1	583	FQN59_RS11690
NZ_CP042285.1	2892476	2893948		plus	TolB family protein		93523806	protein-coding		WP_211736964.1	490	FQN59_RS11695
NZ_CP042285.1	2893992	2895089		minus	methylmalonyl Co-A mutase-associated GTPase MeaB	meaB	93523807	protein-coding		WP_005867941.1	365	FQN59_RS11700
NZ_CP042285.1	2895102	2896211		minus	DUF1573 domain-containing protein		93523808	protein-coding		WP_005867942.1	369	FQN59_RS11705
NZ_CP042285.1	2896239	2896616		minus	DUF1573 domain-containing protein		93523809	protein-coding		WP_005858893.1	125	FQN59_RS11710
NZ_CP042285.1	2896809	2902490		minus	alpha-2-macroglobulin family protein		93523810	protein-coding		WP_211736966.1	1893	FQN59_RS11715
NZ_CP042285.1	2902578	2903075		minus	dihydrofolate reductase		93523811	protein-coding		WP_057326591.1	165	FQN59_RS11720
NZ_CP042285.1	2903151	2903945		minus	thymidylate synthase		93523812	protein-coding		WP_005858887.1	264	FQN59_RS11725
NZ_CP042285.1	2904339	2905487		plus	aldose epimerase family protein		93523813	protein-coding		WP_156682695.1	382	FQN59_RS11730
NZ_CP042285.1	2906028	2906396		plus	hypothetical protein		93523814	protein-coding		WP_036618242.1	122	FQN59_RS11735
NZ_CP042285.1	2906388	2908364		minus	OmpA family protein		93523815	protein-coding		WP_211736968.1	658	FQN59_RS11740
NZ_CP042285.1	2908425	2909639		minus	S-adenosylmethionine:tRNA ribosyltransferase-isomerase		93523816	protein-coding		WP_211736970.1	404	FQN59_RS11745
NZ_CP042285.1	2909764	2910846		plus	DUF2027 domain-containing protein		93523817	protein-coding		WP_005868468.1	360	FQN59_RS11750
NZ_CP042285.1	2910836	2911309		plus	CYTH domain-containing protein		93523818	protein-coding		WP_005858868.1	157	FQN59_RS11755
NZ_CP042285.1	2911306	2913465		plus	S46 family peptidase		93523819	protein-coding		WP_211736972.1	719	FQN59_RS11760
NZ_CP042285.1	2913627	2913794		minus	hypothetical protein		93523820	protein-coding		WP_005858864.1	55	FQN59_RS11765
NZ_CP042285.1	2913787	2914386		minus	zeta toxin family protein		93523821	protein-coding		WP_005858862.1	199	FQN59_RS11770
NZ_CP042285.1	2914504	2915631		minus	radical SAM family heme chaperone HemW	hemW	93523822	protein-coding		WP_211736974.1	375	FQN59_RS11775
NZ_CP042285.1	2915822	2917978		plus	elongation factor G		93523823	protein-coding		WP_005858833.1	718	FQN59_RS11780
NZ_CP042285.1	2918138	2918908		plus	UDP-2,3-diacylglucosamine diphosphatase		93523824	protein-coding		WP_005868472.1	256	FQN59_RS11785
NZ_CP042285.1	2918905	2920059		plus	glycosyltransferase family protein		93523825	protein-coding		WP_005868473.1	384	FQN59_RS11790
NZ_CP042285.1	2920185	2921465		minus	O-acetylhomoserine aminocarboxypropyltransferase/cysteine synthase family protein		93523826	protein-coding		WP_211736976.1	426	FQN59_RS11795
NZ_CP042285.1	2921536	2922864		minus	MATE family efflux transporter		93523827	protein-coding		WP_005868477.1	442	FQN59_RS11800
NZ_CP042285.1	2922939	2923826		plus	TIM barrel protein		93523828	protein-coding		WP_229100369.1	295	FQN59_RS11805
NZ_CP042285.1	2923934	2926126		minus	glutamine synthetase III		93523829	protein-coding		WP_048928163.1	730	FQN59_RS11810
NZ_CP042285.1	2926272	2928476		minus	sodium-translocating pyrophosphatase		93523830	protein-coding		WP_005868481.1	734	FQN59_RS11815
NZ_CP042285.1	2928642	2929478		plus	patatin-like phospholipase family protein		93523831	protein-coding		WP_005868483.1	278	FQN59_RS11820
NZ_CP042285.1	2929538	2931241		plus	alpha-amylase family glycosyl hydrolase		93523832	protein-coding		WP_008777935.1	567	FQN59_RS11825
NZ_CP042285.1	2931403	2931576		minus	uncharacterized gene		93523833	pseudogene				FQN59_RS11830
NZ_CP042285.1	2931630	2932277		minus	DedA family protein		93523834	protein-coding		WP_211736978.1	215	FQN59_RS11835
NZ_CP042285.1	2932976	2933917		plus	ribose-phosphate pyrophosphokinase		93523835	protein-coding		WP_008772599.1	313	FQN59_RS11840
NZ_CP042285.1	2933998	2935074		minus	tRNA 2-thiouridine(34) synthase MnmA	mnmA	93523836	protein-coding		WP_005868490.1	358	FQN59_RS11845
NZ_CP042285.1	2935245	2937305		plus	dipeptidyl-peptidase 3 family protein		93523837	protein-coding		WP_211736981.1	686	FQN59_RS11850
NZ_CP042285.1	2937309	2938004		plus	DNA alkylation repair protein		93523838	protein-coding		WP_121961439.1	231	FQN59_RS11855
NZ_CP042285.1	2938060	2938521		plus	Fur family transcriptional regulator		93523839	protein-coding		WP_211736983.1	153	FQN59_RS11860
NZ_CP042285.1	2938555	2939826		plus	adenylosuccinate synthase		93523840	protein-coding		WP_005858796.1	423	FQN59_RS11865
NZ_CP042285.1	2939947	2940633		plus	zinc metallopeptidase		93523841	protein-coding		WP_005868492.1	228	FQN59_RS11870
NZ_CP042285.1	2940809	2942164		plus	histidine--tRNA ligase	hisS	93523842	protein-coding		WP_022193202.1	451	FQN59_RS11875
NZ_CP042285.1	2942299	2943729		plus	glycoside hydrolase family 30 protein		93523843	protein-coding		WP_211736986.1	476	FQN59_RS11880
NZ_CP042285.1	2943918	2944187		plus	co-chaperone GroES		93523844	protein-coding		WP_005858788.1	89	FQN59_RS11885
NZ_CP042285.1	2944229	2945869		plus	chaperonin GroEL	groL	93523845	protein-coding		WP_005858786.1	546	FQN59_RS11890
NZ_CP042285.1	2946013	2946096		plus	tRNA-Leu		93523846	tRNA				FQN59_RS11895
NZ_CP042285.1	2946115	2946666		plus	RNA polymerase sigma factor		93523847	protein-coding		WP_121961437.1	183	FQN59_RS11900
NZ_CP042285.1	2946714	2947106		plus	hypothetical protein		93523848	protein-coding		WP_211736988.1	130	FQN59_RS11905
NZ_CP042285.1	2947153	2947626		plus	hypothetical protein		93523849	protein-coding		WP_005858783.1	157	FQN59_RS11910
NZ_CP042285.1	2947737	2948522		minus	nucleoside triphosphate pyrophosphohydrolase	mazG	93523850	protein-coding		WP_005858781.1	261	FQN59_RS11915
NZ_CP042285.1	2948593	2950680		minus	protein-disulfide reductase DsbD family protein		93523851	protein-coding		WP_211736990.1	695	FQN59_RS11920
NZ_CP042285.1	2950702	2951616		minus	RluA family pseudouridine synthase		93523852	protein-coding		WP_121773313.1	304	FQN59_RS11925
NZ_CP042285.1	2951984	2954605		plus	valine--tRNA ligase		93523853	protein-coding		WP_005868508.1	873	FQN59_RS11930
NZ_CP042285.1	2954864	2956777		plus	sensor histidine kinase		93523854	protein-coding		WP_249222445.1	637	FQN59_RS11935
NZ_CP042285.1	2956802	2958658		plus	sensor histidine kinase		93525947	protein-coding		WP_249222446.1	618	FQN59_RS22590
NZ_CP042285.1	2958732	2959583		plus	sugar phosphate isomerase/epimerase family protein		93523855	protein-coding		WP_008772587.1	283	FQN59_RS11950
NZ_CP042285.1	2959622	2960656		plus	DUF6340 family protein		93523856	protein-coding		WP_005868521.1	344	FQN59_RS11955
NZ_CP042285.1	2960719	2961180		plus	hypothetical protein		93523857	protein-coding		WP_211736994.1	153	FQN59_RS11960
NZ_CP042285.1	2961220	2961292		plus	tRNA-Thr		93523858	tRNA				FQN59_RS11965
NZ_CP042285.1	2961388	2961681		plus	nucleotidyltransferase family protein		93523859	protein-coding		WP_005868525.1	97	FQN59_RS11970
NZ_CP042285.1	2962064	2962288		minus	helix-turn-helix transcriptional regulator		301046728	protein-coding		WP_229033086.1	74	FQN59_RS22965
NZ_CP042285.1	2962708	2963445		plus	acyltransferase		93523860	protein-coding		WP_005868529.1	245	FQN59_RS11980
NZ_CP042285.1	2963680	2963952		plus	GNAT family N-acetyltransferase		301046729	protein-coding		WP_350457271.1	90	FQN59_RS22970
NZ_CP042285.1	2964137	2964532		minus	type II toxin-antitoxin system HicB family antitoxin		93523861	protein-coding		WP_087880463.1	131	FQN59_RS11990
NZ_CP042285.1	2964627	2964809		minus	type II toxin-antitoxin system HicA family toxin		93523862	protein-coding		WP_087346030.1	60	FQN59_RS11995
NZ_CP042285.1	2965127	2966109		minus	uncharacterized gene		93523863	pseudogene				FQN59_RS12000
NZ_CP042285.1	2966102	2966443		minus	ISAon1 family transposase N-terminal region protein		93523864	protein-coding		WP_122143977.1	113	FQN59_RS12005
NZ_CP042285.1	2966533	2967003		plus	hypothetical protein		93523865	protein-coding		WP_087346038.1	156	FQN59_RS12010
NZ_CP042285.1	2967399	2967542		plus	DUF2589 domain-containing protein		93523866	protein-coding		WP_241149234.1	47	FQN59_RS12015
NZ_CP042285.1	2967567	2969234		plus	hypothetical protein		93523867	protein-coding		WP_211736996.1	555	FQN59_RS12020
NZ_CP042285.1	2969384	2969457		minus	tRNA-Ala		93523868	tRNA				FQN59_RS12025
NZ_CP042285.1	2969542	2969856		plus	DUF4286 family protein		93523869	protein-coding		WP_005868538.1	104	FQN59_RS12030
NZ_CP042285.1	2969853	2970410		plus	crossover junction endodeoxyribonuclease RuvC	ruvC	93523870	protein-coding		WP_211736998.1	185	FQN59_RS12035
NZ_CP042285.1	2970509	2971843		minus	NADP-specific glutamate dehydrogenase	gdhA	93523871	protein-coding		WP_005868539.1	444	FQN59_RS12040
NZ_CP042285.1	2972039	2974993		plus	PEP/pyruvate-binding domain-containing protein		93523872	protein-coding		WP_041525632.1	984	FQN59_RS12045
NZ_CP042285.1	2975074	2976105		minus	endonuclease/exonuclease/phosphatase family protein		93523873	protein-coding		WP_122143976.1	343	FQN59_RS12050
NZ_CP042285.1	2976121	2976858		minus	nucleotidyltransferase family protein		93523874	protein-coding		WP_122143975.1	245	FQN59_RS12055
NZ_CP042285.1	2976855	2978285		minus	RapZ C-terminal domain-containing protein		93523875	protein-coding		WP_005868544.1	476	FQN59_RS12060
NZ_CP042285.1	2978474	2979808		minus	NADP-specific glutamate dehydrogenase		93523876	protein-coding		WP_005858752.1	444	FQN59_RS12065
NZ_CP042285.1	2979974	2980156		minus	hypothetical protein		93523877	protein-coding		WP_005858749.1	60	FQN59_RS12070
NZ_CP042285.1	2980170	2980559		minus	DUF2007 domain-containing protein		93523878	protein-coding		WP_005858748.1	129	FQN59_RS12075
NZ_CP042285.1	2980646	2981578		plus	tyrosine-type recombinase/integrase		93523879	protein-coding		WP_008772578.1	310	FQN59_RS12080
NZ_CP042285.1	2982085	2983149		plus	transcription termination/antitermination protein NusG	nusG	93523880	protein-coding		WP_009017042.1	354	FQN59_RS12085
NZ_CP042285.1	2983161	2983541		plus	hypothetical protein		93523881	protein-coding		WP_211737000.1	126	FQN59_RS12090
NZ_CP042285.1	2983558	2985498		plus	polysaccharide biosynthesis protein		93523882	protein-coding		WP_121773128.1	646	FQN59_RS12095
NZ_CP042285.1	2985472	2985579		minus	smalltalk protein		93523883	protein-coding		WP_022193190.1	35	FQN59_RS12100
NZ_CP042285.1	2985651	2986142		minus	DsbA family protein		93523884	protein-coding		WP_005868556.1	163	FQN59_RS12105
NZ_CP042285.1	2986263	2986688		minus	D-Ala-D-Ala carboxypeptidase family metallohydrolase		93523885	protein-coding		WP_005858741.1	141	FQN59_RS12110
NZ_CP042285.1	2986790	2986984		minus	DUF4248 domain-containing protein		93523886	protein-coding		WP_005868558.1	64	FQN59_RS12115
NZ_CP042285.1	2987070	2988860		minus	DUF3987 domain-containing protein		93523887	protein-coding		WP_122246334.1	596	FQN59_RS12120
NZ_CP042285.1	2988857	2989399		minus	BT4734/BF3469 family protein		93523888	protein-coding		WP_008779381.1	180	FQN59_RS12125
NZ_CP042285.1	2989509	2989709		plus	hypothetical protein		93523889	protein-coding		WP_005868570.1	66	FQN59_RS12130
NZ_CP042285.1	2989857	2991428		plus	ATP-binding protein		93523890	protein-coding		WP_211737002.1	523	FQN59_RS12135
NZ_CP042285.1	2991667	2991828		plus	hypothetical protein		93525995	protein-coding		WP_334257881.1	53	FQN59_RS22860
NZ_CP042285.1	2992127	2993728		plus	cytidylyltransferase domain-containing protein		93523891	protein-coding		WP_009017046.1	533	FQN59_RS12140
NZ_CP042285.1	2993749	2994783		plus	N-acetylneuraminate synthase family protein		93523892	protein-coding		WP_122380453.1	344	FQN59_RS12145
NZ_CP042285.1	2995028	2996803		plus	hypothetical protein		93523893	protein-coding		WP_122380452.1	591	FQN59_RS12150
NZ_CP042285.1	2996813	2998264		plus	lipopolysaccharide biosynthesis protein		93523894	protein-coding		WP_211737005.1	483	FQN59_RS12155
NZ_CP042285.1	2998523	2999398		plus	hypothetical protein		93523895	protein-coding		WP_211737007.1	291	FQN59_RS12160
NZ_CP042285.1	2999395	3000324		plus	hypothetical protein		93523896	protein-coding		WP_057316752.1	309	FQN59_RS12165
NZ_CP042285.1	3000343	3001218		plus	glycosyltransferase family 2 protein		93523897	protein-coding		WP_211737009.1	291	FQN59_RS12170
NZ_CP042285.1	3001229	3002194		plus	hypothetical protein		93523898	protein-coding		WP_009017053.1	321	FQN59_RS12175
NZ_CP042285.1	3002223	3002444		plus	phosphopantetheine-binding protein		93523899	protein-coding		WP_009017054.1	73	FQN59_RS12180
NZ_CP042285.1	3002451	3003668		plus	ANL family adenylate-forming protein		93523900	protein-coding		WP_211737011.1	405	FQN59_RS12185
NZ_CP042285.1	3003665	3004387		plus	SDR family oxidoreductase		93523901	protein-coding		WP_009017056.1	240	FQN59_RS12190
NZ_CP042285.1	3004389	3005066		plus	PIG-L deacetylase family protein		93523902	protein-coding		WP_009017057.1	225	FQN59_RS12195
NZ_CP042285.1	3005071	3005715		plus	sugar transferase		93523903	protein-coding		WP_009017058.1	214	FQN59_RS12200
NZ_CP042285.1	3005705	3006565		plus	NAD-dependent epimerase/dehydratase family protein		93523904	protein-coding		WP_009017059.1	286	FQN59_RS12205
NZ_CP042285.1	3006569	3006979		plus	WbuC family cupin fold metalloprotein		93523905	protein-coding		WP_009017060.1	136	FQN59_RS12210
NZ_CP042285.1	3007042	3007176		plus	hypothetical protein		93525968	protein-coding		WP_255223108.1	44	FQN59_RS22725
NZ_CP042285.1	3007386	3008360		plus	PD-(D/E)XK nuclease family transposase		93523906	protein-coding		WP_211737013.1	324	FQN59_RS12215
NZ_CP042285.1	3008466	3010790		minus	TonB-dependent receptor		93523907	protein-coding		WP_211737015.1	774	FQN59_RS12220
NZ_CP042285.1	3010897	3011478		minus	helix-turn-helix transcriptional regulator		93523908	protein-coding		WP_005868594.1	193	FQN59_RS12225
NZ_CP042285.1	3011488	3012174		minus	LuxR family transcriptional regulator		93523909	protein-coding		WP_005858717.1	228	FQN59_RS12230
NZ_CP042285.1	3012200	3013138		minus	sugar phosphate isomerase/epimerase family protein		93523910	protein-coding		WP_022193172.1	312	FQN59_RS12235
NZ_CP042285.1	3013151	3014533		minus	Gfo/Idh/MocA family oxidoreductase		93523911	protein-coding		WP_005858713.1	460	FQN59_RS12240
NZ_CP042285.1	3014552	3016126		minus	SUMF1/EgtB/PvdO family nonheme iron enzyme		93523912	protein-coding		WP_005858711.1	524	FQN59_RS12245
NZ_CP042285.1	3016330	3016402		minus	tRNA-Trp		93523913	tRNA				FQN59_RS12250
NZ_CP042285.1	3016538	3017143		plus	RNA polymerase sigma-70 factor		93523914	protein-coding		WP_005858709.1	201	FQN59_RS12255
NZ_CP042285.1	3017149	3017763		minus	HAD-IA family hydrolase		93523915	protein-coding		WP_249222447.1	204	FQN59_RS12260
NZ_CP042285.1	3017888	3018250		plus	ISAon1 family transposase N-terminal region protein		93523916	protein-coding		WP_044546025.1	120	FQN59_RS12265
NZ_CP042285.1	3018258	3019229		plus	ISAon1 family transposase		93523917	protein-coding		WP_416921281.1	323	FQN59_RS12270
NZ_CP042285.1	3019359	3019432		minus	tRNA-Pro		93523918	tRNA				FQN59_RS12275
NZ_CP042285.1	3019640	3019715		plus	tRNA-Phe		93523919	tRNA				FQN59_RS12280
NZ_CP042285.1	3020189	3021424		plus	site-specific integrase		93523920	protein-coding		WP_211737017.1	411	FQN59_RS12285
NZ_CP042285.1	3021506	3021688		minus	hypothetical protein		93523921	protein-coding		WP_229038421.1	60	FQN59_RS12290
NZ_CP042285.1	3021724	3021999		plus	hypothetical protein		93523922	protein-coding		WP_007838828.1	91	FQN59_RS12295
NZ_CP042285.1	3022020	3023147		plus	hypothetical protein		93523923	protein-coding		WP_211737019.1	375	FQN59_RS12300
NZ_CP042285.1	3023151	3024044		plus	hypothetical protein		93523924	protein-coding		WP_211737021.1	297	FQN59_RS12305
NZ_CP042285.1	3024120	3024485		plus	hypothetical protein		93523925	protein-coding		WP_249222448.1	121	FQN59_RS12310
NZ_CP042285.1	3024482	3025462		plus	hypothetical protein		93523926	protein-coding		WP_211737025.1	326	FQN59_RS12315
NZ_CP042285.1	3025505	3025984		plus	hypothetical protein		93523927	protein-coding		WP_211737027.1	159	FQN59_RS12320
NZ_CP042285.1	3026080	3026370		plus	DUF4120 family protein		93523928	protein-coding		WP_211737029.1	96	FQN59_RS12325
NZ_CP042285.1	3026655	3026933		plus	hypothetical protein		93523929	protein-coding		WP_005802666.1	92	FQN59_RS12335
NZ_CP042285.1	3026920	3027726		plus	DUF4121 family protein		93523930	protein-coding		WP_211737032.1	268	FQN59_RS12340
NZ_CP042285.1	3027728	3028486		plus	N-6 DNA methylase		93523931	protein-coding		WP_007838813.1	252	FQN59_RS12345
NZ_CP042285.1	3028499	3029734		plus	hypothetical protein		93523932	protein-coding		WP_005858677.1	411	FQN59_RS12350
NZ_CP042285.1	3029747	3030628		plus	hypothetical protein		93523933	protein-coding		WP_211737034.1	293	FQN59_RS12355
NZ_CP042285.1	3030655	3031809		plus	hypothetical protein		93523934	protein-coding		WP_134771226.1	384	FQN59_RS12360
NZ_CP042285.1	3031929	3032783		plus	hypothetical protein		93523935	protein-coding		WP_134771343.1	284	FQN59_RS12365
NZ_CP042285.1	3033344	3033820		minus	hypothetical protein		93523936	protein-coding		WP_134771224.1	158	FQN59_RS12370
NZ_CP042285.1	3033832	3034722		minus	TIGR02594 family protein		93523937	protein-coding		WP_204888307.1	296	FQN59_RS12375
NZ_CP042285.1	3034723	3035445		minus	type VI secretion system tube protein TssD	tssD	93523938	protein-coding		WP_227201949.1	240	FQN59_RS12380
NZ_CP042285.1	3035665	3036144		minus	glycoside hydrolase family protein		93523939	protein-coding		WP_134771222.1	159	FQN59_RS12385
NZ_CP042285.1	3036141	3036599		minus	DUF3872 domain-containing protein		93523940	protein-coding		WP_005802648.1	152	FQN59_RS12390
NZ_CP042285.1	3036620	3037207		minus	conjugal transfer protein TraO		93523941	protein-coding		WP_134771220.1	195	FQN59_RS12395
NZ_CP042285.1	3037204	3038118		minus	conjugative transposon protein TraN	traN	93523942	protein-coding		WP_029327294.1	304	FQN59_RS12400
NZ_CP042285.1	3038169	3039476		minus	conjugative transposon protein TraM	traM	93523943	protein-coding		WP_134771341.1	435	FQN59_RS12405
NZ_CP042285.1	3039427	3039729		minus	hypothetical protein		93523944	protein-coding		WP_134771219.1	100	FQN59_RS12410
NZ_CP042285.1	3039726	3040349		minus	conjugative transposon protein TraK	traK	93523945	protein-coding		WP_004288760.1	207	FQN59_RS12415
NZ_CP042285.1	3040472	3041485		minus	conjugative transposon protein TraJ	traJ	93523946	protein-coding		WP_005802642.1	337	FQN59_RS12420
NZ_CP042285.1	3041488	3042117		minus	DUF4141 domain-containing protein		93523947	protein-coding		WP_004288758.1	209	FQN59_RS12425
NZ_CP042285.1	3042114	3042470		minus	DUF3876 domain-containing protein		93523948	protein-coding		WP_036632189.1	118	FQN59_RS12430
NZ_CP042285.1	3042479	3045004		minus	TraG family conjugative transposon ATPase		93523949	protein-coding		WP_117893807.1	841	FQN59_RS12435
NZ_CP042285.1	3045001	3045330		minus	DUF4133 domain-containing protein		93523950	protein-coding		WP_211737036.1	109	FQN59_RS12440
NZ_CP042285.1	3045336	3045632		minus	DUF4134 domain-containing protein		93523951	protein-coding		WP_017142017.1	98	FQN59_RS12445
NZ_CP042285.1	3046192	3047202		plus	hypothetical protein		93523952	protein-coding		WP_036632171.1	336	FQN59_RS12450
NZ_CP042285.1	3047235	3048374		plus	AbiH family protein		93523953	protein-coding		WP_211737038.1	379	FQN59_RS12455
NZ_CP042285.1	3048830	3049495		minus	DUF4122 domain-containing protein		93523954	protein-coding		WP_005802631.1	221	FQN59_RS12460
NZ_CP042285.1	3049483	3049932		minus	DUF3408 domain-containing protein		93523955	protein-coding		WP_134771218.1	149	FQN59_RS12465
NZ_CP042285.1	3049941	3050735		minus	ParA family protein		93523956	protein-coding		WP_005802628.1	264	FQN59_RS12470
NZ_CP042285.1	3051455	3051877		plus	conjugal transfer protein MobA	mobA	93523957	protein-coding		WP_117589807.1	140	FQN59_RS12475
NZ_CP042285.1	3051862	3053109		plus	conjugal transfer protein MobB	mobB	93523958	protein-coding		WP_211737040.1	415	FQN59_RS12480
NZ_CP042285.1	3053146	3055176		plus	conjugal transfer protein MobC	mobC	93523959	protein-coding		WP_004288741.1	676	FQN59_RS12485
NZ_CP042285.1	3055282	3055650		minus	hypothetical protein		93523960	protein-coding		WP_117601207.1	122	FQN59_RS12490
NZ_CP042285.1	3055657	3056466		minus	translation initiation factor 2		93523961	protein-coding		WP_227201881.1	269	FQN59_RS12495
NZ_CP042285.1	3056558	3057319		minus	hypothetical protein		93523962	protein-coding		WP_117601206.1	253	FQN59_RS12500
NZ_CP042285.1	3057328	3057876		minus	T6SS effector amidase Tae4 family protein		93523963	protein-coding		WP_117589938.1	182	FQN59_RS12505
NZ_CP042285.1	3057878	3058630		minus	type VI secretion system tube protein TssD	tssD	93523964	protein-coding		WP_146265087.1	250	FQN59_RS12510
NZ_CP042285.1	3058655	3061147		minus	type VI secretion system protein TssR domain-containing protein	tssR	93523965	protein-coding		WP_196069166.1	830	FQN59_RS12515
NZ_CP042285.1	3061151	3062059		minus	PKD domain-containing protein		93523966	protein-coding		WP_004288733.1	302	FQN59_RS12520
NZ_CP042285.1	3062061	3062573		minus	type VI secretion system transmembrane protein TssO		93523967	protein-coding		WP_004288732.1	170	FQN59_RS12525
NZ_CP042285.1	3062585	3063088		minus	type VI secretion system TssO		93523968	protein-coding		WP_004288731.1	167	FQN59_RS12530
NZ_CP042285.1	3063108	3064070		minus	type VI secretion system baseplate subunit TssG		93523969	protein-coding		WP_146265085.1	320	FQN59_RS12535
NZ_CP042285.1	3064091	3065251		minus	hypothetical protein		93523970	protein-coding		WP_211737042.1	386	FQN59_RS12540
NZ_CP042285.1	3065263	3066141		minus	TssN family type VI secretion system protein		93523971	protein-coding		WP_146265083.1	292	FQN59_RS12545
NZ_CP042285.1	3066153	3067997		minus	type VI secretion system baseplate subunit TssF		93523972	protein-coding		WP_146265082.1	614	FQN59_RS12550
NZ_CP042285.1	3068005	3068469		minus	GPW/gp25 family protein		93523973	protein-coding		WP_007832768.1	154	FQN59_RS12555
NZ_CP042285.1	3068460	3068900		minus	type VI secretion system tube protein TssD	tssD	93523974	protein-coding		WP_185150550.1	146	FQN59_RS12560
NZ_CP042285.1	3068903	3069301		minus	type VI secretion system tube protein TssD	tssD	93523975	protein-coding		WP_007832771.1	132	FQN59_RS12565
NZ_CP042285.1	3069316	3069609		minus	hypothetical protein		93523976	protein-coding		WP_007832772.1	97	FQN59_RS12570
NZ_CP042285.1	3070017	3071102		minus	hypothetical protein		93523977	protein-coding		WP_211737044.1	361	FQN59_RS12575
NZ_CP042285.1	3071115	3071528		minus	type VI secretion system tube protein TssD	tssD	93523978	protein-coding		WP_007832775.1	137	FQN59_RS12580
NZ_CP042285.1	3071542	3071964		minus	type VI secretion system tube protein TssD	tssD	93523979	protein-coding		WP_004288719.1	140	FQN59_RS12585
NZ_CP042285.1	3071976	3074453		minus	ATP-dependent Clp protease ATP-binding subunit		93523980	protein-coding		WP_185150549.1	825	FQN59_RS12590
NZ_CP042285.1	3074701	3075681		minus	IS30-like element IS4351 family transposase		93523981	protein-coding		WP_005794072.1	326	FQN59_RS12595
NZ_CP042285.1	3075877	3076275		plus	type VI secretion system tube protein TssD	tssD	93523982	protein-coding		WP_004288717.1	132	FQN59_RS12600
NZ_CP042285.1	3076393	3078201		plus	type VI secretion system Vgr family protein		93523983	protein-coding		WP_146265079.1	602	FQN59_RS12605
NZ_CP042285.1	3078213	3079571		plus	hypothetical protein		93523984	protein-coding		WP_005858595.1	452	FQN59_RS12610
NZ_CP042285.1	3079617	3080090		plus	hypothetical protein		93523985	protein-coding		WP_005802596.1	157	FQN59_RS12615
NZ_CP042285.1	3080087	3081463		plus	DUF5458 family protein		93523986	protein-coding		WP_004288713.1	458	FQN59_RS12620
NZ_CP042285.1	3081545	3085909		plus	DUF6531 domain-containing protein		93523987	protein-coding		WP_211737046.1	1454	FQN59_RS12625
NZ_CP042285.1	3085935	3086627		plus	Imm43 family immunity protein		93523988	protein-coding		WP_146265077.1	230	FQN59_RS12630
NZ_CP042285.1	3086998	3087858		minus	hypothetical protein		93523989	protein-coding		WP_146265076.1	286	FQN59_RS12635
NZ_CP042285.1	3087865	3088926		minus	AAA family ATPase		93523990	protein-coding		WP_146265075.1	353	FQN59_RS12640
NZ_CP042285.1	3088920	3090050		minus	DUF262 domain-containing protein		93523991	protein-coding		WP_146265074.1	376	FQN59_RS12645
NZ_CP042285.1	3090253	3094617		plus	DUF6531 domain-containing protein		93523992	protein-coding		WP_211737049.1	1454	FQN59_RS12650
NZ_CP042285.1	3094651	3095271		plus	hypothetical protein		93523993	protein-coding		WP_005858575.1	206	FQN59_RS12655
NZ_CP042285.1	3095414	3096334		plus	hypothetical protein		93523994	protein-coding		WP_034530215.1	306	FQN59_RS12660
NZ_CP042285.1	3096359	3098632		plus	hypothetical protein		93523995	protein-coding		WP_211737051.1	757	FQN59_RS12665
NZ_CP042285.1	3098817	3100049		plus	AAA family ATPase		93523996	protein-coding		WP_146265071.1	410	FQN59_RS12670
NZ_CP042285.1	3100046	3100549		plus	hypothetical protein		93523997	protein-coding		WP_005858567.1	167	FQN59_RS12675
NZ_CP042285.1	3100656	3101636		plus	pseudohemocyanin		93523998	protein-coding		WP_146265070.1	326	FQN59_RS12680
NZ_CP042285.1	3102130	3102750		plus	TetR/AcrR family transcriptional regulator		93523999	protein-coding		WP_005858563.1	206	FQN59_RS12685
NZ_CP042285.1	3102755	3103894		plus	StlD/DarB family beta-ketosynthase		93524000	protein-coding		WP_008778018.1	379	FQN59_RS12690
NZ_CP042285.1	3103998	3104360		plus	hypothetical protein		93524001	protein-coding		WP_008781475.1	120	FQN59_RS12695
NZ_CP042285.1	3104354	3104689		plus	IS66 family insertion sequence element accessory protein TnpB	tnpB	93524002	protein-coding		WP_008782597.1	111	FQN59_RS12700
NZ_CP042285.1	3104762	3106555		plus	IS66 family transposase	tnpC	93524003	protein-coding		WP_032951975.1	597	FQN59_RS12705
NZ_CP042285.1	3106852	3107376		plus	TetR/AcrR family transcriptional regulator		93524004	protein-coding		WP_146265096.1	174	FQN59_RS12710
NZ_CP042285.1	3107573	3109912		plus	hybrid sensor histidine kinase/response regulator		93524005	protein-coding		WP_211737053.1	779	FQN59_RS12715
NZ_CP042285.1	3109893	3111212		plus	sigma-54-dependent transcriptional regulator		93524006	protein-coding		WP_211737055.1	439	FQN59_RS12720
NZ_CP042285.1	3111827	3113665		plus	DUF3945 domain-containing protein		93524007	protein-coding		WP_005802575.1	612	FQN59_RS12725
NZ_CP042285.1	3113719	3113994		plus	DUF4099 domain-containing protein		93524008	protein-coding		WP_004288697.1	91	FQN59_RS12730
NZ_CP042285.1	3114067	3115839		plus	DNA topoisomerase		93524009	protein-coding		WP_044269192.1	590	FQN59_RS12735
NZ_CP042285.1	3116136	3116348		plus	hypothetical protein		93524010	protein-coding		WP_005858548.1	70	FQN59_RS12740
NZ_CP042285.1	3116367	3116576		plus	hypothetical protein		93524011	protein-coding		WP_005858546.1	69	FQN59_RS12745
NZ_CP042285.1	3116596	3117570		plus	PRTRC system protein E		93524012	protein-coding		WP_036631737.1	324	FQN59_RS12750
NZ_CP042285.1	3117592	3117813		plus	PRTRC system protein C		93524013	protein-coding		WP_211737058.1	73	FQN59_RS12755
NZ_CP042285.1	3117850	3118959		plus	hypothetical protein		93524014	protein-coding		WP_211477570.1	369	FQN59_RS12760
NZ_CP042285.1	3118970	3119671		plus	prokaryotic E2 ligase family D protein		93524015	protein-coding		WP_008778645.1	233	FQN59_RS12765
NZ_CP042285.1	3119668	3120459		plus	PRTRC system ThiF family protein		93524016	protein-coding		WP_211477571.1	263	FQN59_RS12770
NZ_CP042285.1	3120543	3121247		minus	NYN domain-containing protein		93524017	protein-coding		WP_211737059.1	234	FQN59_RS12775
NZ_CP042285.1	3121304	3122023		minus	NYN domain-containing protein		93524018	protein-coding		WP_211737061.1	239	FQN59_RS12780
NZ_CP042285.1	3122080	3122373		minus	helix-turn-helix domain-containing protein		93524019	protein-coding		WP_005864565.1	97	FQN59_RS12785
NZ_CP042285.1	3122610	3123446		minus	phosphoribosyltransferase		93524020	protein-coding		WP_211737063.1	278	FQN59_RS12790
NZ_CP042285.1	3123654	3123947		plus	helix-turn-helix domain-containing protein		93524021	protein-coding		WP_211737065.1	97	FQN59_RS12795
NZ_CP042285.1	3123944	3124246		plus	helix-turn-helix domain-containing protein		93524022	protein-coding		WP_005942654.1	100	FQN59_RS12800
NZ_CP042285.1	3124309	3124668		minus	hypothetical protein		93524023	protein-coding		WP_211737067.1	119	FQN59_RS12805
NZ_CP042285.1	3124732	3125511		plus	DUF4121 family protein		93524024	protein-coding		WP_211737070.1	259	FQN59_RS12810
NZ_CP042285.1	3125611	3126474		minus	toprim domain-containing protein		93524025	protein-coding		WP_211737072.1	287	FQN59_RS12815
NZ_CP042285.1	3126611	3127570		minus	tyrosine-type recombinase/integrase		93524026	protein-coding		WP_211737075.1	319	FQN59_RS12820
NZ_CP042285.1	3127676	3128422		plus	class I SAM-dependent DNA methyltransferase		93524027	protein-coding		WP_211737077.1	248	FQN59_RS12825
NZ_CP042285.1	3128419	3129417		plus	ATP-grasp domain-containing protein		93524028	protein-coding		WP_211737079.1	332	FQN59_RS12830
NZ_CP042285.1	3129424	3130998		minus	hypothetical protein		93524029	protein-coding		WP_211737081.1	524	FQN59_RS12835
NZ_CP042285.1	3131177	3132157		plus	IS30-like element IS4351 family transposase		93524030	protein-coding		WP_005794072.1	326	FQN59_RS12840
NZ_CP042285.1	3132160	3133065		minus	ATP-binding protein		93524031	protein-coding		WP_211737083.1	301	FQN59_RS12845
NZ_CP042285.1	3133263	3133922		minus	hypothetical protein		93525948	protein-coding		WP_249222451.1	219	FQN59_RS22600
NZ_CP042285.1	3133998	3135122		minus	hypothetical protein		93524032	protein-coding		WP_211737085.1	374	FQN59_RS12855
NZ_CP042285.1	3135145	3135705		minus	hypothetical protein		93524033	protein-coding		WP_054350042.1	186	FQN59_RS12860
NZ_CP042285.1	3136050	3137090		plus	ISAs1 family transposase		93524034	protein-coding		WP_249222452.1	346	FQN59_RS12865
NZ_CP042285.1	3137537	3137992		minus	transposase		93525949	protein-coding		WP_249222453.1	151	FQN59_RS22605
NZ_CP042285.1	3138371	3142699		plus	hypothetical protein		93524035	protein-coding		WP_211737087.1	1442	FQN59_RS12875
NZ_CP042285.1	3143596	3144816		plus	site-specific integrase		93524036	protein-coding		WP_211737089.1	406	FQN59_RS12880
NZ_CP042285.1	3144866	3145885		plus	ParA family protein		93524037	protein-coding		WP_211737091.1	339	FQN59_RS12885
NZ_CP042285.1	3146032	3146328		minus	helix-turn-helix domain-containing protein		93524038	protein-coding		WP_211737094.1	98	FQN59_RS12890
NZ_CP042285.1	3146333	3146620		minus	helix-turn-helix domain-containing protein		93524039	protein-coding		WP_008772561.1	95	FQN59_RS12895
NZ_CP042285.1	3146960	3147268		plus	helix-turn-helix domain-containing protein		93524040	protein-coding		WP_008772560.1	102	FQN59_RS12900
NZ_CP042285.1	3147249	3148481		plus	VapE domain-containing protein		93524041	protein-coding		WP_211737096.1	410	FQN59_RS12905
NZ_CP042285.1	3148816	3149790		plus	toprim domain-containing protein		93524042	protein-coding		WP_211737098.1	324	FQN59_RS12910
NZ_CP042285.1	3149938	3150321		plus	MobC family plasmid mobilization relaxosome protein		93524043	protein-coding		WP_042985792.1	127	FQN59_RS12915
NZ_CP042285.1	3150287	3151210		plus	relaxase/mobilization nuclease domain-containing protein		93524044	protein-coding		WP_211737101.1	307	FQN59_RS12920
NZ_CP042285.1	3151215	3151940		plus	hypothetical protein		93524045	protein-coding		WP_211737103.1	241	FQN59_RS12925
NZ_CP042285.1	3151983	3152315		minus	helix-turn-helix domain-containing protein		93524046	protein-coding		WP_211737105.1	110	FQN59_RS12930
NZ_CP042285.1	3152446	3152841		minus	RteC domain-containing protein		93524047	protein-coding		WP_211738998.1	131	FQN59_RS12935
NZ_CP042285.1	3152819	3153058		minus	hypothetical protein		93524048	protein-coding		WP_100738405.1	79	FQN59_RS12940
NZ_CP042285.1	3153137	3153295		minus	hypothetical protein		93525950	protein-coding		WP_249222454.1	52	FQN59_RS22610
NZ_CP042285.1	3153304	3153828		minus	type 1 glutamine amidotransferase domain-containing protein		93524049	protein-coding		WP_249222455.1	174	FQN59_RS12945
NZ_CP042285.1	3153837	3154346		minus	nitroreductase family protein		93524050	protein-coding		WP_042985800.1	169	FQN59_RS12950
NZ_CP042285.1	3154448	3155284		plus	AraC family transcriptional regulator		93524051	protein-coding		WP_016661727.1	278	FQN59_RS12955
NZ_CP042285.1	3155341	3156726		plus	AlbA family DNA-binding domain-containing protein		93524052	protein-coding		WP_211737108.1	461	FQN59_RS12960
NZ_CP042285.1	3156736	3157380		plus	hypothetical protein		93524053	protein-coding		WP_211737110.1	214	FQN59_RS12965
NZ_CP042285.1	3157609	3158481		minus	DMT family transporter		93524054	protein-coding		WP_211737112.1	290	FQN59_RS12970
NZ_CP042285.1	3158645	3159118		plus	Lrp/AsnC family transcriptional regulator		93524055	protein-coding		WP_005858424.1	157	FQN59_RS12975
NZ_CP042285.1	3159220	3160026		plus	AraC family transcriptional regulator		93524056	protein-coding		WP_005858426.1	268	FQN59_RS12980
NZ_CP042285.1	3160125	3160487		plus	VOC family protein		93524057	protein-coding		WP_005868660.1	120	FQN59_RS12985
NZ_CP042285.1	3160523	3161257		plus	class I SAM-dependent methyltransferase		93524058	protein-coding		WP_008772540.1	244	FQN59_RS12990
NZ_CP042285.1	3161335	3162009		plus	7-cyano-7-deazaguanine synthase QueC	queC	93524059	protein-coding		WP_005858432.1	224	FQN59_RS12995
NZ_CP042285.1	3162020	3162484		plus	preQ(1) synthase	queF	93524060	protein-coding		WP_005868655.1	154	FQN59_RS13000
NZ_CP042285.1	3162572	3163369		plus	3-keto-disaccharide hydrolase		93524061	protein-coding		WP_211737114.1	265	FQN59_RS13005
NZ_CP042285.1	3163694	3164656		minus	IS3 family transposase		93524062	protein-coding		WP_229055235.1	320	FQN59_RS13010
NZ_CP042285.1	3164683	3165060		minus	transposase		93524063	protein-coding		WP_005863417.1	125	FQN59_RS13015
NZ_CP042285.1	3165163	3165927		minus	TIGR03915 family putative DNA repair protein		93524064	protein-coding		WP_005868651.1	254	FQN59_RS13020
NZ_CP042285.1	3165954	3167213		minus	putative DNA modification/repair radical SAM protein		93524065	protein-coding		WP_005868650.1	419	FQN59_RS13025
NZ_CP042285.1	3167506	3167841		plus	RNA polymerase sigma factor		93525951	protein-coding		WP_249222456.1	111	FQN59_RS22615
NZ_CP042285.1	3167845	3168078		plus	RNA polymerase sigma factor		93525952	protein-coding		WP_270620840.1	77	FQN59_RS22620
NZ_CP042285.1	3168421	3169323		minus	IS3 family transposase		93524066	protein-coding		WP_121961876.1	300	FQN59_RS13035
NZ_CP042285.1	3169281	3169688		minus	transposase		93524067	protein-coding		WP_141806872.1	135	FQN59_RS13040
NZ_CP042285.1	3169847	3170692		plus	FecR family protein		93524068	protein-coding		WP_057326901.1	281	FQN59_RS13045
NZ_CP042285.1	3170942	3174247		plus	TonB-dependent receptor		93524069	protein-coding		WP_048928188.1	1101	FQN59_RS13050
NZ_CP042285.1	3174266	3175753		plus	RagB/SusD family nutrient uptake outer membrane protein		93524070	protein-coding		WP_005868646.1	495	FQN59_RS13055
NZ_CP042285.1	3175802	3177349		plus	sulfatase family protein		93524071	protein-coding		WP_005868645.1	515	FQN59_RS13060
NZ_CP042285.1	3177509	3178981		plus	sulfatase family protein		93524072	protein-coding		WP_229036767.1	490	FQN59_RS13065
NZ_CP042285.1	3179029	3180624		plus	sulfatase family protein		93524073	protein-coding		WP_122380440.1	531	FQN59_RS13070
NZ_CP042285.1	3180705	3181655		plus	glycerophosphodiester phosphodiesterase family protein		93524074	protein-coding		WP_005868641.1	316	FQN59_RS13075
NZ_CP042285.1	3181674	3183176		plus	glutamine synthetase family protein		93524075	protein-coding		WP_044546068.1	500	FQN59_RS13080
NZ_CP042285.1	3183681	3184709		plus	uncharacterized gene		93524076	pseudogene				FQN59_RS13085
NZ_CP042285.1	3184702	3185280		minus	uncharacterized gene		93524077	pseudogene				FQN59_RS13090
NZ_CP042285.1	3185462	3187249		minus	glycoside hydrolase family 15 protein		93524078	protein-coding		WP_048928189.1	595	FQN59_RS13095
NZ_CP042285.1	3187255	3189516		minus	bifunctional alpha,alpha-trehalose-phosphate synthase (UDP-forming)/trehalose-phosphatase		93524079	protein-coding		WP_121961336.1	753	FQN59_RS13100
NZ_CP042285.1	3190218	3190691		plus	hypothetical protein		93524080	protein-coding		WP_036632619.1	157	FQN59_RS13105
NZ_CP042285.1	3190733	3190918		plus	helix-turn-helix domain-containing protein		93524081	protein-coding		WP_005858469.1	61	FQN59_RS13110
NZ_CP042285.1	3191290	3191370		plus	potassium-transporting ATPase subunit F		301046730	protein-coding		WP_080504992.1	26	FQN59_RS22975
NZ_CP042285.1	3191398	3193107		plus	potassium-transporting ATPase subunit KdpA	kdpA	93524082	protein-coding		WP_005858471.1	569	FQN59_RS13120
NZ_CP042285.1	3193124	3195163		plus	potassium-transporting ATPase subunit KdpB	kdpB	93524083	protein-coding		WP_005858473.1	679	FQN59_RS13125
NZ_CP042285.1	3195244	3195825		plus	K(+)-transporting ATPase subunit C		93524084	protein-coding		WP_122370205.1	193	FQN59_RS13130
NZ_CP042285.1	3195858	3196628		plus	hypothetical protein		93524085	protein-coding		WP_005868608.1	256	FQN59_RS13135
NZ_CP042285.1	3196642	3197763		plus	sensor protein KdpD		93524086	protein-coding		WP_005868607.1	373	FQN59_RS13140
NZ_CP042285.1	3197774	3199492		plus	sensor histidine kinase		93524087	protein-coding		WP_005868605.1	572	FQN59_RS13145
NZ_CP042285.1	3199521	3200867		plus	aspartate kinase		93524088	protein-coding		WP_005858483.1	448	FQN59_RS13150
NZ_CP042285.1	3201217	3201363		plus	ATP-binding protein		93525969	protein-coding		WP_034530618.1	48	FQN59_RS22730
NZ_CP042285.1	3201390	3201638		plus	ATP-binding protein		93525970	protein-coding		WP_005868601.1	82	FQN59_RS22735
NZ_CP042285.1	3201792	3202006		minus	uncharacterized gene		93525996	pseudogene				FQN59_RS22865
NZ_CP042285.1	3202583	3203401		plus	AraC family transcriptional regulator		93524089	protein-coding		WP_122297761.1	272	FQN59_RS13165
NZ_CP042285.1	3203412	3204368		plus	ketopantoate reductase family protein		93524090	protein-coding		WP_211737116.1	318	FQN59_RS13170
NZ_CP042285.1	3204438	3204665		plus	hypothetical protein		93524091	protein-coding		WP_029257134.1	75	FQN59_RS13175
NZ_CP042285.1	3204820	3205089		plus	hypothetical protein		93524092	protein-coding		WP_211737118.1	89	FQN59_RS13180
NZ_CP042285.1	3205237	3205587		plus	helix-turn-helix domain-containing protein		93524093	protein-coding		WP_211737120.1	116	FQN59_RS13185
NZ_CP042285.1	3205842	3206426		plus	BfmA/BtgA family mobilization protein		93524094	protein-coding		WP_211737122.1	194	FQN59_RS13190
NZ_CP042285.1	3206431	3207351		plus	DUF5712 family protein		93524095	protein-coding		WP_211737124.1	306	FQN59_RS13195
NZ_CP042285.1	3207348	3207752		plus	GNAT family N-acetyltransferase		93524096	protein-coding		WP_211737126.1	134	FQN59_RS13200
NZ_CP042285.1	3208142	3208315		minus	uncharacterized gene		93524097	pseudogene				FQN59_RS13205
NZ_CP042285.1	3208637	3209869		plus	site-specific integrase		93524098	protein-coding		WP_211737128.1	410	FQN59_RS13210
NZ_CP042285.1	3209896	3211218		plus	site-specific integrase		93524099	protein-coding		WP_211737130.1	440	FQN59_RS13215
NZ_CP042285.1	3211258	3211557		minus	hypothetical protein		93524100	protein-coding		WP_044301351.1	99	FQN59_RS13220
NZ_CP042285.1	3211846	3212139		minus	helix-turn-helix domain-containing protein		93524101	protein-coding		WP_211737132.1	97	FQN59_RS13225
NZ_CP042285.1	3212199	3212501		minus	DUF3876 domain-containing protein		93524102	protein-coding		WP_118410405.1	100	FQN59_RS13230
NZ_CP042285.1	3212512	3212817		minus	helix-turn-helix domain-containing protein		93524103	protein-coding		WP_158533008.1	101	FQN59_RS13235
NZ_CP042285.1	3212814	3213101		minus	DUF3408 domain-containing protein		93524104	protein-coding		WP_211737134.1	95	FQN59_RS13240
NZ_CP042285.1	3213592	3214041		plus	conjugal transfer protein MobA	mobA	93524105	protein-coding		WP_102409377.1	149	FQN59_RS13245
NZ_CP042285.1	3214108	3214431		minus	helix-turn-helix domain-containing protein		93524106	protein-coding		WP_196039741.1	107	FQN59_RS13250
NZ_CP042285.1	3214561	3214947		minus	RteC domain-containing protein		93524107	protein-coding		WP_211737136.1	128	FQN59_RS13255
NZ_CP042285.1	3214931	3215173		minus	hypothetical protein		93524108	protein-coding		WP_211737138.1	80	FQN59_RS13260
NZ_CP042285.1	3215202	3215447		minus	hypothetical protein		93524109	protein-coding		WP_211737139.1	81	FQN59_RS13265
NZ_CP042285.1	3215459	3217750		minus	outer membrane beta-barrel family protein		93524110	protein-coding		WP_211737141.1	763	FQN59_RS13270
NZ_CP042285.1	3217780	3218319		minus	hypothetical protein		93524111	protein-coding		WP_211737142.1	179	FQN59_RS13275
NZ_CP042285.1	3218412	3218750		minus	hypothetical protein		93524112	protein-coding		WP_211737144.1	112	FQN59_RS13280
NZ_CP042285.1	3218792	3219220		minus	hypothetical protein		93524113	protein-coding		WP_211737146.1	142	FQN59_RS13285
NZ_CP042285.1	3219337	3220110		minus	hypothetical protein		93524114	protein-coding		WP_211737148.1	257	FQN59_RS13290
NZ_CP042285.1	3220362	3220934		minus	Crp/Fnr family transcriptional regulator		93524115	protein-coding		WP_211737150.1	190	FQN59_RS13295
NZ_CP042285.1	3220952	3221524		minus	Crp/Fnr family transcriptional regulator		93524116	protein-coding		WP_211737152.1	190	FQN59_RS13300
NZ_CP042285.1	3221707	3222825		minus	site-specific integrase		93524117	protein-coding		WP_249222552.1	372	FQN59_RS13305
NZ_CP042285.1	3223073	3223145		minus	tRNA-Phe		93524118	tRNA				FQN59_RS13310
NZ_CP042285.1	3223361	3224479		plus	DUF4852 domain-containing protein		93524119	protein-coding		WP_211737154.1	372	FQN59_RS13315
NZ_CP042285.1	3224556	3225584		minus	thiamine-phosphate kinase	thiL	93524120	protein-coding		WP_005858417.1	342	FQN59_RS13320
NZ_CP042285.1	3225592	3226701		minus	tetraacyldisaccharide 4'-kinase	lpxK	93524121	protein-coding		WP_048928196.1	369	FQN59_RS13325
NZ_CP042285.1	3226712	3228460		minus	signal peptide peptidase SppA	sppA	93524122	protein-coding		WP_211738999.1	582	FQN59_RS13330
NZ_CP042285.1	3228491	3229441		minus	DUF4922 domain-containing protein		93524123	protein-coding		WP_211737156.1	316	FQN59_RS13335
NZ_CP042285.1	3229438	3230898		minus	glycosyltransferase family 2 protein		93524124	protein-coding		WP_211737157.1	486	FQN59_RS13340
NZ_CP042285.1	3230895	3233831		minus	xanthan lyase		93524125	protein-coding		WP_211737158.1	978	FQN59_RS13345
NZ_CP042285.1	3233951	3234061		plus	uncharacterized gene		93525997	pseudogene				FQN59_RS22870
NZ_CP042285.1	3235083	3236607		plus	16S ribosomal RNA		93524126	rRNA				FQN59_RS13355
NZ_CP042285.1	3236779	3236852		plus	tRNA-Ile		93524127	tRNA				FQN59_RS13360
NZ_CP042285.1	3236863	3236936		plus	tRNA-Ala		93524128	tRNA				FQN59_RS13365
NZ_CP042285.1	3237042	3239919		plus	23S ribosomal RNA		93524129	rRNA				FQN59_RS13370
NZ_CP042285.1	3240003	3240113		plus	5S ribosomal RNA	rrf	93524130	rRNA				FQN59_RS13375
NZ_CP042285.1	3240226	3240759		minus	alpha-ribazole phosphatase	cobC	93524131	protein-coding		WP_005855050.1	177	FQN59_RS13380
NZ_CP042285.1	3240762	3241511		minus	adenosylcobinamide-GDP ribazoletransferase		93524132	protein-coding		WP_048928354.1	249	FQN59_RS13385
NZ_CP042285.1	3241513	3242553		minus	nicotinate-nucleotide--dimethylbenzimidazole phosphoribosyltransferase	cobT	93524133	protein-coding		WP_008774498.1	346	FQN59_RS13390
NZ_CP042285.1	3242584	3243099		minus	bifunctional adenosylcobinamide kinase/adenosylcobinamide-phosphate guanylyltransferase		93524134	protein-coding		WP_008774497.1	171	FQN59_RS13395
NZ_CP042285.1	3243092	3243661		minus	S4 domain-containing protein		93524135	protein-coding		WP_009276779.1	189	FQN59_RS13400
NZ_CP042285.1	3243672	3244631		minus	adenosylcobinamide-phosphate synthase CbiB	cbiB	93524136	protein-coding		WP_122382857.1	319	FQN59_RS13405
NZ_CP042285.1	3245012	3245563		plus	RNA polymerase sigma-70 factor		93524137	protein-coding		WP_211737159.1	183	FQN59_RS13410
NZ_CP042285.1	3245625	3246605		plus	FecR family protein		93524138	protein-coding		WP_048928353.1	326	FQN59_RS13415
NZ_CP042285.1	3246902	3250192		plus	TonB-dependent receptor		93524139	protein-coding		WP_211737160.1	1096	FQN59_RS13420
NZ_CP042285.1	3250203	3251975		plus	RagB/SusD family nutrient uptake outer membrane protein		93524140	protein-coding		WP_057319974.1	590	FQN59_RS13425
NZ_CP042285.1	3251979	3253703		plus	FAD-dependent oxidoreductase		93524141	protein-coding		WP_211737161.1	574	FQN59_RS13430
NZ_CP042285.1	3253990	3254346		plus	30S ribosomal protein S6	rpsF	93524142	protein-coding		WP_005865478.1	118	FQN59_RS13435
NZ_CP042285.1	3254349	3254618		plus	30S ribosomal protein S18	rpsR	93524143	protein-coding		WP_005637107.1	89	FQN59_RS13440
NZ_CP042285.1	3254640	3255086		plus	50S ribosomal protein L9	rplI	93524144	protein-coding		WP_005855078.1	148	FQN59_RS13445
NZ_CP042285.1	3255222	3256385		plus	N-acetylmuramoyl-L-alanine amidase family protein		93524145	protein-coding		WP_048928349.1	387	FQN59_RS13450
NZ_CP042285.1	3256423	3257307		plus	MlaD family protein		93524146	protein-coding		WP_005855082.1	294	FQN59_RS13455
NZ_CP042285.1	3257674	3259071		plus	chromosomal replication initiator protein DnaA	dnaA	93524147	protein-coding		WP_008774487.1	465	FQN59_RS13460
NZ_CP042285.1	3259329	3261869		plus	adenosylcobalamin-dependent ribonucleoside-diphosphate reductase		93524148	protein-coding		WP_005855085.1	846	FQN59_RS13465
NZ_CP042285.1	3261893	3264580		plus	4-alpha-glucanotransferase		93524149	protein-coding		WP_211737162.1	895	FQN59_RS13470
NZ_CP042285.1	3264620	3264991		minus	bactofilin family protein		93524150	protein-coding		WP_005855088.1	123	FQN59_RS13475
NZ_CP042285.1	3265083	3265451		plus	dihydroneopterin aldolase	folB	93524151	protein-coding		WP_005855090.1	122	FQN59_RS13480
NZ_CP042285.1	3265529	3266965		plus	monomeric [FeFe] hydrogenase		93524152	protein-coding		WP_005855092.1	478	FQN59_RS13485
NZ_CP042285.1	3266971	3268218		plus	PNGase F N-terminal domain-containing protein		93524153	protein-coding		WP_121961114.1	415	FQN59_RS13490
NZ_CP042285.1	3268313	3268957		plus	MarC family protein		93524154	protein-coding		WP_005865493.1	214	FQN59_RS13495
NZ_CP042285.1	3269384	3269785		minus	uncharacterized gene		93524155	pseudogene				FQN59_RS13500
NZ_CP042285.1	3269970	3273905		plus	hybrid sensor histidine kinase/response regulator transcription factor		93524156	protein-coding		WP_211737163.1	1311	FQN59_RS13505
NZ_CP042285.1	3274109	3275332		plus	tyrosine-type recombinase/integrase		93524157	protein-coding		WP_005865498.1	407	FQN59_RS13510
NZ_CP042285.1	3275828	3276367		plus	UpxY family transcription antiterminator		93524158	protein-coding		WP_005865503.1	179	FQN59_RS13515
NZ_CP042285.1	3276364	3277500		plus	MraY family glycosyltransferase		93524159	protein-coding		WP_005865505.1	378	FQN59_RS13520
NZ_CP042285.1	3277600	3278325		plus	tyrosine-protein phosphatase		93524160	protein-coding		WP_005865508.1	241	FQN59_RS13525
NZ_CP042285.1	3278326	3278841		minus	N-acetylmuramoyl-L-alanine amidase		93524161	protein-coding		WP_005865510.1	171	FQN59_RS13530
NZ_CP042285.1	3278854	3278964		minus	smalltalk protein		93524162	protein-coding		WP_005865512.1	36	FQN59_RS13535
NZ_CP042285.1	3279008	3279481		minus	HU family DNA-binding protein		93524163	protein-coding		WP_005865514.1	157	FQN59_RS13540
NZ_CP042285.1	3279717	3279977		minus	DUF4248 domain-containing protein		93524164	protein-coding		WP_009018605.1	86	FQN59_RS13545
NZ_CP042285.1	3280100	3280909		plus	hypothetical protein		93524165	protein-coding		WP_211737165.1	269	FQN59_RS13550
NZ_CP042285.1	3281067	3282302		plus	glycosyltransferase family 4 protein		93524166	protein-coding		WP_005865520.1	411	FQN59_RS13555
NZ_CP042285.1	3282364	3283161		plus	WecB/TagA/CpsF family glycosyltransferase		93524167	protein-coding		WP_005865522.1	265	FQN59_RS13560
NZ_CP042285.1	3283185	3283988		plus	polysaccharide biosynthesis/export family protein		93524168	protein-coding		WP_005865524.1	267	FQN59_RS13565
NZ_CP042285.1	3283999	3286425		plus	GumC family protein		93524169	protein-coding		WP_009018606.1	808	FQN59_RS13570
NZ_CP042285.1	3286581	3288068		plus	MATE family efflux transporter		93524170	protein-coding		WP_227157556.1	495	FQN59_RS13575
NZ_CP042285.1	3288065	3289270		plus	EpsG family protein		93524171	protein-coding		WP_048928345.1	401	FQN59_RS13580
NZ_CP042285.1	3289286	3290350		plus	acyltransferase family protein		93524172	protein-coding		WP_005865532.1	354	FQN59_RS13585
NZ_CP042285.1	3290347	3291342		plus	glycosyltransferase family 2 protein		93524173	protein-coding		WP_005865534.1	331	FQN59_RS13590
NZ_CP042285.1	3291401	3292339		plus	hypothetical protein		93524174	protein-coding		WP_227154285.1	312	FQN59_RS13595
NZ_CP042285.1	3292367	3293128		plus	acyltransferase		93524175	protein-coding		WP_227154287.1	253	FQN59_RS13600
NZ_CP042285.1	3293205	3294311		plus	glycosyltransferase		93524176	protein-coding		WP_122144782.1	368	FQN59_RS13605
NZ_CP042285.1	3294313	3295146		plus	glycosyltransferase family 2 protein		93524177	protein-coding		WP_005865542.1	277	FQN59_RS13610
NZ_CP042285.1	3295134	3295994		plus	hypothetical protein		93524178	protein-coding		WP_227154289.1	286	FQN59_RS13615
NZ_CP042285.1	3296004	3297317		plus	UDP-glucose dehydrogenase family protein		93524179	protein-coding		WP_048928343.1	437	FQN59_RS13620
NZ_CP042285.1	3297314	3298423		plus	glycosyltransferase		93524180	protein-coding		WP_005865548.1	369	FQN59_RS13625
NZ_CP042285.1	3298420	3299004		plus	DapH/DapD/GlmU-related protein		93524181	protein-coding		WP_009018610.1	194	FQN59_RS13630
NZ_CP042285.1	3299100	3300191		plus	GDP-mannose 4,6-dehydratase	gmd	93524182	protein-coding		WP_211737167.1	363	FQN59_RS13635
NZ_CP042285.1	3300191	3301273		plus	GDP-L-fucose synthase family protein		93524183	protein-coding		WP_008778095.1	360	FQN59_RS13640
NZ_CP042285.1	3301362	3302570		plus	AAA family ATPase		93524184	protein-coding		WP_005865557.1	402	FQN59_RS13645
NZ_CP042285.1	3302582	3303154		plus	RloB family protein		93524185	protein-coding		WP_005865560.1	190	FQN59_RS13650
NZ_CP042285.1	3303238	3304263		minus	glycosyltransferase family 2 protein		93524186	protein-coding		WP_122382841.1	341	FQN59_RS13655
NZ_CP042285.1	3304260	3305150		minus	lysophospholipid acyltransferase family protein		93524187	protein-coding		WP_036611728.1	296	FQN59_RS13660
NZ_CP042285.1	3305152	3306486		minus	tRNA (N(6)-L-threonylcarbamoyladenosine(37)-C(2))-methylthiotransferase MtaB	mtaB	93524188	protein-coding		WP_211737169.1	444	FQN59_RS13665
NZ_CP042285.1	3306818	3307885		minus	6-bladed beta-propeller		93524189	protein-coding		WP_005865567.1	355	FQN59_RS13670
NZ_CP042285.1	3307971	3309686		minus	family 20 glycosylhydrolase		93524190	protein-coding		WP_005865569.1	571	FQN59_RS13675
NZ_CP042285.1	3309769	3311433		plus	AMP-binding protein		93524191	protein-coding		WP_005855185.1	554	FQN59_RS13680
NZ_CP042285.1	3311599	3311814		plus	PG1828 family lipoprotein		93524192	protein-coding		WP_005855187.1	71	FQN59_RS13685
NZ_CP042285.1	3311896	3314001		plus	outer membrane beta-barrel family protein		93524193	protein-coding		WP_005865572.1	701	FQN59_RS13690
NZ_CP042285.1	3313996	3315306		minus	NAD(P)/FAD-dependent oxidoreductase		93524194	protein-coding		WP_005865574.1	436	FQN59_RS13695
NZ_CP042285.1	3315613	3317058		plus	IS4-like element ISBf8 family transposase		93524195	protein-coding		WP_005642186.1	481	FQN59_RS13700
NZ_CP042285.1	3317421	3318266		minus	helix-turn-helix domain-containing protein		93524196	protein-coding		WP_008774465.1	281	FQN59_RS13705
NZ_CP042285.1	3318618	3320039		minus	sialate O-acetylesterase		93524197	protein-coding		WP_211737171.1	473	FQN59_RS13710
NZ_CP042285.1	3320121	3321320		minus	AGE family epimerase/isomerase		93524198	protein-coding		WP_057329236.1	399	FQN59_RS13715
NZ_CP042285.1	3321313	3322704		minus	MFS transporter		93524199	protein-coding		WP_211737173.1	463	FQN59_RS13720
NZ_CP042285.1	3322723	3323895		minus	glycoside hydrolase family 130 protein		93524200	protein-coding		WP_008774461.1	390	FQN59_RS13725
NZ_CP042285.1	3323996	3325102		minus	glycoside hydrolase family 26 protein		93524201	protein-coding		WP_057326805.1	368	FQN59_RS13730
NZ_CP042285.1	3325188	3326654		minus	TolB family protein		93524202	protein-coding		WP_057326806.1	488	FQN59_RS13735
NZ_CP042285.1	3326661	3328430		minus	DUF6057 family protein		93524203	protein-coding		WP_057326807.1	589	FQN59_RS13740
NZ_CP042285.1	3328438	3329910		minus	TolB family protein		93524204	protein-coding		WP_048928331.1	490	FQN59_RS13745
NZ_CP042285.1	3329907	3331472		minus	DUF6057 family protein		93524205	protein-coding		WP_048928330.1	521	FQN59_RS13750
NZ_CP042285.1	3331456	3332058		minus	DUF4369 domain-containing protein		93524206	protein-coding		WP_048928329.1	200	FQN59_RS13755
NZ_CP042285.1	3332243	3333370		minus	aspartate aminotransferase family protein		93524207	protein-coding		WP_146375898.1	375	FQN59_RS13760
NZ_CP042285.1	3333385	3334353		minus	N-acetyl-gamma-glutamyl-phosphate reductase	argC	93524208	protein-coding		WP_005855221.1	322	FQN59_RS13765
NZ_CP042285.1	3334350	3335549		minus	argininosuccinate synthase		93524209	protein-coding		WP_005865601.1	399	FQN59_RS13770
NZ_CP042285.1	3335588	3336181		minus	GNAT family N-acetyltransferase		93524210	protein-coding		WP_005865603.1	197	FQN59_RS13775
NZ_CP042285.1	3336210	3336650		minus	arginine repressor		93524211	protein-coding		WP_005855227.1	146	FQN59_RS13780
NZ_CP042285.1	3337032	3337823		plus	M48 family metallopeptidase		93524212	protein-coding		WP_009276803.1	263	FQN59_RS13785
NZ_CP042285.1	3337869	3339677		minus	MutS family DNA mismatch repair protein		93524213	protein-coding		WP_057326811.1	602	FQN59_RS13790
NZ_CP042285.1	3339832	3340665		plus	phospholipase A		93524214	protein-coding		WP_005855233.1	277	FQN59_RS13795
NZ_CP042285.1	3340807	3342351		plus	acyl-CoA carboxylase subunit beta		93524215	protein-coding		WP_005855235.1	514	FQN59_RS13800
NZ_CP042285.1	3342364	3343875		plus	acetyl-CoA carboxylase biotin carboxylase subunit	accC	93524216	protein-coding		WP_005855237.1	503	FQN59_RS13805
NZ_CP042285.1	3343893	3344417		plus	biotin/lipoyl-containing protein		93524217	protein-coding		WP_036611924.1	174	FQN59_RS13810
NZ_CP042285.1	3344586	3346013		plus	sodium:proton antiporter NhaD	nhaD	93524218	protein-coding		WP_121961111.1	475	FQN59_RS13815
NZ_CP042285.1	3346022	3346876		plus	ATPase		93524219	protein-coding		WP_211737175.1	284	FQN59_RS13820
NZ_CP042285.1	3346880	3347710		plus	N-acetylmuramic acid 6-phosphate etherase	murQ	93524220	protein-coding		WP_005855245.1	276	FQN59_RS13825
NZ_CP042285.1	3347754	3348416		plus	MgtC/SapB family protein		93524221	protein-coding		WP_005855247.1	220	FQN59_RS13830
NZ_CP042285.1	3348480	3349121		plus	hypothetical protein		93524222	protein-coding		WP_211737177.1	213	FQN59_RS13835
NZ_CP042285.1	3349118	3349693		plus	uracil-DNA glycosylase family protein		93524223	protein-coding		WP_005855251.1	191	FQN59_RS13840
NZ_CP042285.1	3350734	3351105		minus	hypothetical protein		93524224	protein-coding		WP_211737180.1	123	FQN59_RS13845
NZ_CP042285.1	3351118	3351966		minus	hypothetical protein		93524225	protein-coding		WP_211737182.1	282	FQN59_RS13850
NZ_CP042285.1	3351994	3353772		minus	RagB/SusD family nutrient uptake outer membrane protein		93524226	protein-coding		WP_005855257.1	592	FQN59_RS13855
NZ_CP042285.1	3353785	3357018		minus	SusC/RagA family TonB-linked outer membrane protein		93524227	protein-coding		WP_211737184.1	1077	FQN59_RS13860
NZ_CP042285.1	3357383	3358261		minus	AraC family transcriptional regulator		93524228	protein-coding		WP_008780999.1	292	FQN59_RS13865
NZ_CP042285.1	3358296	3360494		minus	alpha-galactosidase		93524229	protein-coding		WP_211737186.1	732	FQN59_RS13870
NZ_CP042285.1	3360565	3362058		minus	IMP dehydrogenase		93524230	protein-coding		WP_005855263.1	497	FQN59_RS13875
NZ_CP042285.1	3362219	3362932		plus	pirin family protein		93524231	protein-coding		WP_008774439.1	237	FQN59_RS13880
NZ_CP042285.1	3363008	3364300		minus	M64 family metallopeptidase		93524232	protein-coding		WP_211737188.1	430	FQN59_RS13885
NZ_CP042285.1	3364410	3364892		plus	pyridoxamine 5'-phosphate oxidase family protein		93524233	protein-coding		WP_005865637.1	160	FQN59_RS13890
NZ_CP042285.1	3364927	3365559		minus	peroxiredoxin		93524234	protein-coding		WP_008774437.1	210	FQN59_RS13895
NZ_CP042285.1	3365732	3367600		plus	PAS domain-containing sensor histidine kinase		93524235	protein-coding		WP_008781004.1	622	FQN59_RS13900
NZ_CP042285.1	3367771	3368997		plus	quaternary amine ABC transporter ATP-binding protein		93524236	protein-coding		WP_008781005.1	408	FQN59_RS13905
NZ_CP042285.1	3368994	3369827		plus	ABC transporter permease		93524237	protein-coding		WP_005865644.1	277	FQN59_RS13910
NZ_CP042285.1	3369856	3370749		plus	glycine betaine ABC transporter substrate-binding protein		93524238	protein-coding		WP_005855279.1	297	FQN59_RS13915
NZ_CP042285.1	3370736	3371515		plus	SGNH/GDSL hydrolase family protein		93524239	protein-coding		WP_008781006.1	259	FQN59_RS13920
NZ_CP042285.1	3371598	3372080		minus	ferritin		93524240	protein-coding		WP_121962499.1	160	FQN59_RS13925
NZ_CP042285.1	3372168	3372596		minus	Hsp20/alpha crystallin family protein		93524241	protein-coding		WP_005855288.1	142	FQN59_RS13930
NZ_CP042285.1	3372945	3374408		plus	DUF4153 domain-containing protein		93524242	protein-coding		WP_211737191.1	487	FQN59_RS13935
NZ_CP042285.1	3374415	3375041		plus	NUDIX hydrolase		93524243	protein-coding		WP_034532374.1	208	FQN59_RS13940
NZ_CP042285.1	3375085	3375435		plus	L-rhamnose mutarotase		93524244	protein-coding		WP_005865653.1	116	FQN59_RS13945
NZ_CP042285.1	3375444	3376667		plus	sugar MFS transporter		93524245	protein-coding		WP_195301306.1	407	FQN59_RS13950
NZ_CP042285.1	3376821	3377369		plus	hypothetical protein		93524246	protein-coding		WP_146375915.1	182	FQN59_RS13955
NZ_CP042285.1	3377371	3377922		plus	MshD		93524247	protein-coding		WP_196010176.1	183	FQN59_RS13960
NZ_CP042285.1	3377984	3378817		minus	OmpA family protein		93524248	protein-coding		WP_011965889.1	277	FQN59_RS13965
NZ_CP042285.1	3378919	3379509		plus	cytochrome c nitrite reductase small subunit	nrfH	93524249	protein-coding		WP_196010177.1	196	FQN59_RS13970
NZ_CP042285.1	3379622	3381067		plus	IS4-like element ISBf8 family transposase		93524250	protein-coding		WP_005642186.1	481	FQN59_RS13975
NZ_CP042285.1	3381198	3382682		plus	ammonia-forming cytochrome c nitrite reductase	nrfA	93524251	protein-coding		WP_196005900.1	494	FQN59_RS13980
NZ_CP042285.1	3382685	3383875		plus	cytochrome c biogenesis protein ResB		93524252	protein-coding		WP_211737193.1	396	FQN59_RS13985
NZ_CP042285.1	3383877	3384671		plus	cytochrome c biogenesis protein CcsA	ccsA	93524253	protein-coding		WP_211737195.1	264	FQN59_RS13990
NZ_CP042285.1	3384688	3385980		plus	alginate export family protein		93524254	protein-coding		WP_211737197.1	430	FQN59_RS13995
NZ_CP042285.1	3386040	3386705		plus	Crp/Fnr family transcriptional regulator		93524255	protein-coding		WP_005865675.1	221	FQN59_RS14000
NZ_CP042285.1	3386764	3388104		plus	sigma-54-dependent transcriptional regulator		93524256	protein-coding		WP_211737199.1	446	FQN59_RS14005
NZ_CP042285.1	3388233	3389948		plus	sensor histidine kinase		93524257	protein-coding		WP_122370090.1	571	FQN59_RS14010
NZ_CP042285.1	3389969	3390805		minus	head GIN domain-containing protein		93524258	protein-coding		WP_211737202.1	278	FQN59_RS14015
NZ_CP042285.1	3390948	3391169		minus	hypothetical protein		93524259	protein-coding		WP_005855327.1	73	FQN59_RS14020
NZ_CP042285.1	3391245	3391667		minus	large-conductance mechanosensitive channel protein MscL	mscL	93524260	protein-coding		WP_005855329.1	140	FQN59_RS14025
NZ_CP042285.1	3391749	3392291		minus	lipocalin family protein		93524261	protein-coding		WP_005855331.1	180	FQN59_RS14030
NZ_CP042285.1	3392669	3393601		plus	tyrosine-type recombinase/integrase		93524262	protein-coding		WP_211737204.1	310	FQN59_RS14035
NZ_CP042285.1	3394109	3395227		plus	transcription termination/antitermination protein NusG	nusG	93524263	protein-coding		WP_211737206.1	372	FQN59_RS14040
NZ_CP042285.1	3395279	3395659		plus	hypothetical protein		93524264	protein-coding		WP_158533096.1	126	FQN59_RS14045
NZ_CP042285.1	3396047	3397864		plus	Coenzyme F420 hydrogenase/dehydrogenase, beta subunit C-terminal domain		93524265	protein-coding		WP_158533095.1	605	FQN59_RS14050
NZ_CP042285.1	3397883	3398116		plus	acyl carrier protein		93524266	protein-coding		WP_005859218.1	77	FQN59_RS14055
NZ_CP042285.1	3398113	3399090		plus	3-oxoacyl-ACP synthase III family protein		93524267	protein-coding		WP_158533093.1	325	FQN59_RS14060
NZ_CP042285.1	3399136	3400656		plus	amino acid adenylation domain-containing protein		93524268	protein-coding		WP_227154296.1	506	FQN59_RS14065
NZ_CP042285.1	3400649	3401455		plus	GNAT family N-acetyltransferase		93524269	protein-coding		WP_158533092.1	268	FQN59_RS14070
NZ_CP042285.1	3401493	3401726		plus	hypothetical protein		93524270	protein-coding		WP_008779271.1	77	FQN59_RS14075
NZ_CP042285.1	3401768	3403309		plus	hypothetical protein		93524271	protein-coding		WP_158533091.1	513	FQN59_RS14080
NZ_CP042285.1	3403339	3404244		plus	hypothetical protein		93524272	protein-coding		WP_005859204.1	301	FQN59_RS14085
NZ_CP042285.1	3404247	3405080		plus	SDR family NAD(P)-dependent oxidoreductase		93524273	protein-coding		WP_158533090.1	277	FQN59_RS14090
NZ_CP042285.1	3405235	3406092		plus	acyltransferase family protein		93524274	protein-coding		WP_211737209.1	285	FQN59_RS14095
NZ_CP042285.1	3406164	3407315		plus	polysaccharide pyruvyl transferase family protein		93524275	protein-coding		WP_158533087.1	383	FQN59_RS14100
NZ_CP042285.1	3407683	3408711		plus	EpsG family protein		93524276	protein-coding		WP_192922605.1	342	FQN59_RS14105
NZ_CP042285.1	3408720	3409835		plus	glycosyltransferase		93524277	protein-coding		WP_158533085.1	371	FQN59_RS14110
NZ_CP042285.1	3409832	3410017		plus	hypothetical protein		93524278	protein-coding		WP_211737211.1	61	FQN59_RS14115
NZ_CP042285.1	3410119	3411564		minus	IS4-like element ISBf8 family transposase		93524279	protein-coding		WP_005642186.1	481	FQN59_RS14120
NZ_CP042285.1	3412082	3413482		plus	hypothetical protein		93524280	protein-coding		WP_211737213.1	466	FQN59_RS14125
NZ_CP042285.1	3413473	3413703		plus	acyl carrier protein		93524281	protein-coding		WP_057325855.1	76	FQN59_RS14130
NZ_CP042285.1	3413703	3414755		plus	3-oxoacyl-ACP synthase III family protein		93524282	protein-coding		WP_192922604.1	350	FQN59_RS14135
NZ_CP042285.1	3414762	3415511		plus	SDR family NAD(P)-dependent oxidoreductase		93524283	protein-coding		WP_121773479.1	249	FQN59_RS14140
NZ_CP042285.1	3415515	3416573		plus	3-oxoacyl-ACP synthase III family protein		93524284	protein-coding		WP_192922603.1	352	FQN59_RS14145
NZ_CP042285.1	3416575	3418161		plus	HAD-IIIC family phosphatase		93524285	protein-coding		WP_158533083.1	528	FQN59_RS14150
NZ_CP042285.1	3418166	3418384		plus	acyl carrier protein		93524286	protein-coding		WP_009018662.1	72	FQN59_RS14155
NZ_CP042285.1	3418386	3419360		plus	hypothetical protein		93524287	protein-coding		WP_009018663.1	324	FQN59_RS14160
NZ_CP042285.1	3419367	3420221		plus	polysaccharide deacetylase family protein		93524288	protein-coding		WP_158533082.1	284	FQN59_RS14165
NZ_CP042285.1	3420243	3421226		plus	NAD-dependent epimerase/dehydratase family protein		93524289	protein-coding		WP_211737215.1	327	FQN59_RS14170
NZ_CP042285.1	3421233	3422234		plus	MraY family glycosyltransferase		93524290	protein-coding		WP_158533080.1	333	FQN59_RS14175
NZ_CP042285.1	3422352	3424262		plus	polysaccharide biosynthesis protein		93524291	protein-coding		WP_211737217.1	636	FQN59_RS14180
NZ_CP042285.1	3424585	3425067		plus	hypothetical protein		93524292	protein-coding		WP_008777799.1	160	FQN59_RS14185
NZ_CP042285.1	3425268	3425711		plus	HU family DNA-binding protein		93524293	protein-coding		WP_005865728.1	147	FQN59_RS14190
NZ_CP042285.1	3425701	3425895		plus	hypothetical protein		93524294	protein-coding		WP_008777801.1	64	FQN59_RS14195
NZ_CP042285.1	3425910	3426326		plus	D-Ala-D-Ala carboxypeptidase family metallohydrolase		93524295	protein-coding		WP_005865732.1	138	FQN59_RS14200
NZ_CP042285.1	3426821	3428346		plus	16S ribosomal RNA		93524296	rRNA				FQN59_RS14205
NZ_CP042285.1	3428388	3428461		plus	tRNA-Ile		93524297	tRNA				FQN59_RS14210
NZ_CP042285.1	3428472	3428545		plus	tRNA-Ala		93524298	tRNA				FQN59_RS14215
NZ_CP042285.1	3428651	3431382		plus	23S ribosomal RNA		93524299	rRNA				FQN59_RS14220
NZ_CP042285.1	3431466	3431576		plus	5S ribosomal RNA	rrf	93524300	rRNA				FQN59_RS14225
NZ_CP042285.1	3431718	3432623		plus	hypothetical protein		93524301	protein-coding		WP_005861467.1	301	FQN59_RS14230
NZ_CP042285.1	3432626	3433219		plus	Crp/Fnr family transcriptional regulator		93524302	protein-coding		WP_036616817.1	197	FQN59_RS14235
NZ_CP042285.1	3433331	3434716		plus	TolC family protein		93524303	protein-coding		WP_008774144.1	461	FQN59_RS14240
NZ_CP042285.1	3434747	3435760		plus	HlyD family secretion protein		93524304	protein-coding		WP_005865742.1	337	FQN59_RS14245
NZ_CP042285.1	3435757	3436935		plus	ABC transporter permease		93524305	protein-coding		WP_022192864.1	392	FQN59_RS14250
NZ_CP042285.1	3436948	3438204		plus	ABC transporter permease		93524306	protein-coding		WP_211737219.1	418	FQN59_RS14255
NZ_CP042285.1	3438282	3439670		minus	DUF1080 domain-containing protein		93524307	protein-coding		WP_048927998.1	462	FQN59_RS14260
NZ_CP042285.1	3439826	3440728		plus	sugar phosphate isomerase/epimerase family protein		93524308	protein-coding		WP_005865752.1	300	FQN59_RS14265
NZ_CP042285.1	3440793	3441548		minus	HAD family hydrolase		93524309	protein-coding		WP_005865754.1	251	FQN59_RS14270
NZ_CP042285.1	3442135	3442410		plus	HU family DNA-binding protein		93524310	protein-coding		WP_008774141.1	91	FQN59_RS14275
NZ_CP042285.1	3442482	3443825		minus	glucose-6-phosphate isomerase		93524311	protein-coding		WP_022192868.1	447	FQN59_RS14280
NZ_CP042285.1	3443834	3444829		minus	NAD(P)H-dependent glycerol-3-phosphate dehydrogenase		93524312	protein-coding		WP_005861487.1	331	FQN59_RS14285
NZ_CP042285.1	3444842	3446572		minus	lysine--tRNA ligase	lysS	93524313	protein-coding		WP_008778031.1	576	FQN59_RS14290
NZ_CP042285.1	3446760	3447566		minus	galactosyltransferase-related protein		93524314	protein-coding		WP_022192870.1	268	FQN59_RS14295
NZ_CP042285.1	3447557	3448600		minus	hypothetical protein		93524315	protein-coding		WP_048928002.1	347	FQN59_RS14300
NZ_CP042285.1	3448606	3450153		minus	vitamin K epoxide reductase family protein		93524316	protein-coding		WP_048928003.1	515	FQN59_RS14305
NZ_CP042285.1	3450173	3451165		minus	6-bladed beta-propeller		93524317	protein-coding		WP_232044490.1	330	FQN59_RS14310
NZ_CP042285.1	3451369	3451581		minus	hypothetical protein		93524318	protein-coding		WP_005865774.1	70	FQN59_RS14315
NZ_CP042285.1	3452152	3452559		plus	transposase		93524319	protein-coding		WP_122268703.1	135	FQN59_RS14320
NZ_CP042285.1	3452592	3453419		plus	IS3 family transposase		93524320	protein-coding		WP_232306318.1	275	FQN59_RS14325
NZ_CP042285.1	3453760	3454335		minus	nicotinate (nicotinamide) nucleotide adenylyltransferase	nadD	93524321	protein-coding		WP_022192874.1	191	FQN59_RS14330
NZ_CP042285.1	3454347	3454526		minus	hypothetical protein		93524322	protein-coding		WP_022192875.1	59	FQN59_RS14335
NZ_CP042285.1	3454530	3455096		minus	guanylate kinase	gmk	93524323	protein-coding		WP_005861508.1	188	FQN59_RS14340
NZ_CP042285.1	3455111	3455983		minus	YicC/YloC family endoribonuclease		93524324	protein-coding		WP_211737221.1	290	FQN59_RS14345
NZ_CP042285.1	3456173	3456889		plus	tRNA (adenosine(37)-N6)-threonylcarbamoyltransferase complex dimerization subunit type 1 TsaB	tsaB	93524325	protein-coding		WP_022192877.1	238	FQN59_RS14350
NZ_CP042285.1	3456958	3457104		plus	hypothetical protein		93524326	protein-coding		WP_005861514.1	48	FQN59_RS14355
NZ_CP042285.1	3457172	3458332		minus	sodium ion-translocating decarboxylase subunit beta		93524327	protein-coding		WP_005861516.1	386	FQN59_RS14360
NZ_CP042285.1	3458337	3458768		minus	biotin/lipoyl-containing protein		93524328	protein-coding		WP_005865787.1	143	FQN59_RS14365
NZ_CP042285.1	3458790	3459677		minus	OadG family transporter subunit		93524329	protein-coding		WP_005865789.1	295	FQN59_RS14370
NZ_CP042285.1	3459699	3461252		minus	acyl-CoA carboxylase subunit beta		93524330	protein-coding		WP_005861522.1	517	FQN59_RS14375
NZ_CP042285.1	3461289	3461699		minus	methylmalonyl-CoA epimerase	mce	93524331	protein-coding		WP_005861524.1	136	FQN59_RS14380
NZ_CP042285.1	3461828	3464239		minus	TonB-dependent receptor		93524332	protein-coding		WP_211737223.1	803	FQN59_RS14385
NZ_CP042285.1	3464361	3464921		plus	nitroreductase family protein		93524333	protein-coding		WP_005861528.1	186	FQN59_RS14390
NZ_CP042285.1	3464918	3465685		plus	Rossmann-like and DUF2520 domain-containing protein		93524334	protein-coding		WP_122368718.1	255	FQN59_RS14395
NZ_CP042285.1	3465678	3466199		plus	KdsC family phosphatase		93524335	protein-coding		WP_005865795.1	173	FQN59_RS14400
NZ_CP042285.1	3466237	3466818		plus	Maf-like protein		93524336	protein-coding		WP_008774130.1	193	FQN59_RS14405
NZ_CP042285.1	3466821	3467198		minus	hypothetical protein		93524337	protein-coding		WP_005865798.1	125	FQN59_RS14410
NZ_CP042285.1	3467207	3468238		minus	FAD:protein FMN transferase		93524338	protein-coding		WP_008778034.1	343	FQN59_RS14415
NZ_CP042285.1	3468261	3469985		minus	dihydroxy-acid dehydratase	ilvD	93524339	protein-coding		WP_211737224.1	574	FQN59_RS14420
NZ_CP042285.1	3470030	3470596		minus	manganese efflux pump MntP family protein		93524340	protein-coding		WP_008774127.1	188	FQN59_RS14425
NZ_CP042285.1	3470598	3471119		minus	nitroreductase family protein		93524341	protein-coding		WP_005865806.1	173	FQN59_RS14430
NZ_CP042285.1	3471116	3472066		minus	glycosyltransferase family 2 protein		93524342	protein-coding		WP_005865808.1	316	FQN59_RS14435
NZ_CP042285.1	3472088	3472618		minus	DUF4199 domain-containing protein		93524343	protein-coding		WP_008774125.1	176	FQN59_RS14440
NZ_CP042285.1	3472745	3472818		minus	tRNA-Thr		93524344	tRNA				FQN59_RS14445
NZ_CP042285.1	3473162	3474208		minus	DUF2776 domain-containing protein		93524345	protein-coding		WP_057327072.1	348	FQN59_RS14450
NZ_CP042285.1	3474245	3475072		plus	type III pantothenate kinase		93524346	protein-coding		WP_122368715.1	275	FQN59_RS14455
NZ_CP042285.1	3475059	3476339		plus	membrane protein		93524347	protein-coding		WP_005865814.1	426	FQN59_RS14460
NZ_CP042285.1	3476425	3477789		plus	tetratricopeptide repeat protein		93524348	protein-coding		WP_005865816.1	454	FQN59_RS14465
NZ_CP042285.1	3477792	3478457		plus	LPS export ABC transporter periplasmic protein LptC	lptC	93524349	protein-coding		WP_146375663.1	221	FQN59_RS14470
NZ_CP042285.1	3478459	3479712		plus	hemolysin family protein		93524350	protein-coding		WP_005865821.1	417	FQN59_RS14475
NZ_CP042285.1	3479809	3481944		plus	SurA N-terminal domain-containing protein		93524351	protein-coding		WP_005861564.1	711	FQN59_RS14480
NZ_CP042285.1	3482081	3483112		plus	23S rRNA (adenine(2503)-C(2))-methyltransferase RlmN	rlmN	93524352	protein-coding		WP_057327073.1	343	FQN59_RS14485
NZ_CP042285.1	3483129	3484166		plus	DUF4837 family protein		93524353	protein-coding		WP_005865825.1	345	FQN59_RS14490
NZ_CP042285.1	3484183	3485292		plus	4-hydroxythreonine-4-phosphate dehydrogenase PdxA	pdxA	93524354	protein-coding		WP_005865827.1	369	FQN59_RS14495
NZ_CP042285.1	3485461	3485928		plus	adenylyltransferase/cytidyltransferase family protein		93524355	protein-coding		WP_005861572.1	155	FQN59_RS14500
NZ_CP042285.1	3485940	3486668		plus	SDR family NAD(P)-dependent oxidoreductase		93524356	protein-coding		WP_005865829.1	242	FQN59_RS14505
NZ_CP042285.1	3486676	3487563		plus	CDP-alcohol phosphatidyltransferase family protein		93524357	protein-coding		WP_005861576.1	295	FQN59_RS14510
NZ_CP042285.1	3487567	3488394		plus	lysophospholipid acyltransferase family protein		93524358	protein-coding		WP_005861578.1	275	FQN59_RS14515
NZ_CP042285.1	3488499	3489689		plus	sigma-54 interaction domain-containing protein		93524359	protein-coding		WP_416339354.1	396	FQN59_RS14520
NZ_CP042285.1	3489694	3490230		plus	LptE family protein		93524360	protein-coding		WP_005861582.1	178	FQN59_RS14525
NZ_CP042285.1	3490232	3490999		plus	hypothetical protein		93524361	protein-coding		WP_057329098.1	255	FQN59_RS14530
NZ_CP042285.1	3491007	3491387		plus	preprotein translocase subunit SecG	secG	93524362	protein-coding		WP_211737228.1	126	FQN59_RS14535
NZ_CP042285.1	3491681	3492001		plus	DUF4491 family protein		93524363	protein-coding		WP_008774116.1	106	FQN59_RS14540
NZ_CP042285.1	3492053	3492253		plus	hypothetical protein		93524364	protein-coding		WP_005861590.1	66	FQN59_RS14545
NZ_CP042285.1	3492263	3492595		minus	hypothetical protein		93524365	protein-coding		WP_008774115.1	110	FQN59_RS14550
NZ_CP042285.1	3492709	3492781		minus	tRNA-Gly		93524366	tRNA				FQN59_RS14555
NZ_CP042285.1	3492842	3492924		minus	tRNA-Tyr		93524367	tRNA				FQN59_RS14560
NZ_CP042285.1	3492979	3493461		minus	6,7-dimethyl-8-ribityllumazine synthase	ribH	93524368	protein-coding		WP_008774114.1	160	FQN59_RS14565
NZ_CP042285.1	3493538	3494221		minus	tetratricopeptide repeat protein		93524369	protein-coding		WP_009276541.1	227	FQN59_RS14570
NZ_CP042285.1	3494370	3495467		plus	DNA replication/repair protein RecF	recF	93524370	protein-coding		WP_005861599.1	365	FQN59_RS14575
NZ_CP042285.1	3495470	3495763		plus	DUF721 domain-containing protein		93524371	protein-coding		WP_005865842.1	97	FQN59_RS14580
NZ_CP042285.1	3495873	3496388		minus	5-formyltetrahydrofolate cyclo-ligase		93524372	protein-coding		WP_229033110.1	171	FQN59_RS14585
NZ_CP042285.1	3496333	3498066		minus	S41 family peptidase		93524373	protein-coding		WP_005865846.1	577	FQN59_RS14590
NZ_CP042285.1	3498080	3498514		minus	deoxycytidylate deaminase		93524374	protein-coding		WP_008778036.1	144	FQN59_RS14595
NZ_CP042285.1	3498595	3500694		minus	M3 family metallopeptidase		93524375	protein-coding		WP_008780785.1	699	FQN59_RS14600
NZ_CP042285.1	3501101	3503035		plus	glycogen debranching enzyme N-terminal domain-containing protein		93524376	protein-coding		WP_211737230.1	644	FQN59_RS14605
NZ_CP042285.1	3503050	3504318		plus	glycosyltransferase		93524377	protein-coding		WP_211737233.1	422	FQN59_RS14610
NZ_CP042285.1	3504354	3505646		plus	glycoside hydrolase family 57 protein		93524378	protein-coding		WP_005861616.1	430	FQN59_RS14615
NZ_CP042285.1	3505786	3507162		minus	DUF4270 domain-containing protein		93524379	protein-coding		WP_211737235.1	458	FQN59_RS14620
NZ_CP042285.1	3507174	3507998		minus	glycogen/starch synthase		93524380	protein-coding		WP_005861620.1	274	FQN59_RS14625
NZ_CP042285.1	3508099	3508938		plus	pantoate--beta-alanine ligase	panC	93524381	protein-coding		WP_057319955.1	279	FQN59_RS14630
NZ_CP042285.1	3508952	3509302		plus	aspartate 1-decarboxylase	panD	93524382	protein-coding		WP_005861624.1	116	FQN59_RS14635
NZ_CP042285.1	3509401	3510723		plus	MATE family efflux transporter		93524383	protein-coding		WP_057327083.1	440	FQN59_RS14640
NZ_CP042285.1	3510867	3511304		plus	Fur family transcriptional regulator		93524384	protein-coding		WP_008774104.1	145	FQN59_RS14645
NZ_CP042285.1	3511385	3513295		plus	heavy metal translocating P-type ATPase		93524385	protein-coding		WP_005865862.1	636	FQN59_RS14650
NZ_CP042285.1	3513397	3514734		plus	signal recognition particle protein	ffh	93524386	protein-coding		WP_005861632.1	445	FQN59_RS14655
NZ_CP042285.1	3514757	3515653		plus	bifunctional methylenetetrahydrofolate dehydrogenase/methenyltetrahydrofolate cyclohydrolase FolD	folD	93524387	protein-coding		WP_005865864.1	298	FQN59_RS14660
NZ_CP042285.1	3515752	3515825		plus	tRNA-His		93524388	tRNA				FQN59_RS14665
NZ_CP042285.1	3515918	3515991		plus	tRNA-His		93524389	tRNA				FQN59_RS14670
NZ_CP042285.1	3516134	3517681		minus	M28 family metallopeptidase		93524390	protein-coding		WP_121961628.1	515	FQN59_RS14675
NZ_CP042285.1	3517812	3518171		plus	hypothetical protein		93524391	protein-coding		WP_057326366.1	119	FQN59_RS14680
NZ_CP042285.1	3518220	3519329		plus	efflux RND transporter periplasmic adaptor subunit		93524392	protein-coding		WP_211737237.1	369	FQN59_RS14685
NZ_CP042285.1	3519336	3522449		plus	efflux RND transporter permease subunit		93524393	protein-coding		WP_005865870.1	1037	FQN59_RS14690
NZ_CP042285.1	3522478	3523752		plus	TolC family protein		93524394	protein-coding		WP_211737239.1	424	FQN59_RS14695
NZ_CP042285.1	3523927	3524190		minus	hypothetical protein		93524395	protein-coding		WP_008774097.1	87	FQN59_RS14700
NZ_CP042285.1	3524279	3525055		plus	EFR1 family ferrodoxin		93524396	protein-coding		WP_008774096.1	258	FQN59_RS14705
NZ_CP042285.1	3525076	3526059		plus	TlpA disulfide reductase family protein		93524397	protein-coding		WP_211737241.1	327	FQN59_RS14710
NZ_CP042285.1	3526161	3529499		minus	glycoside hydrolase family 2 TIM barrel-domain containing protein		93524398	protein-coding		WP_211737243.1	1112	FQN59_RS14715
NZ_CP042285.1	3529618	3530172		minus	DUF3332 domain-containing protein		93524399	protein-coding		WP_211737246.1	184	FQN59_RS14720
NZ_CP042285.1	3530693	3533782		plus	SusC/RagA family TonB-linked outer membrane protein		93524400	protein-coding		WP_121961634.1	1029	FQN59_RS14725
NZ_CP042285.1	3533813	3535420		plus	RagB/SusD family nutrient uptake outer membrane protein		93524401	protein-coding		WP_048928022.1	535	FQN59_RS14730
NZ_CP042285.1	3535544	3536509		plus	alpha/beta hydrolase		93524402	protein-coding		WP_211737248.1	321	FQN59_RS14735
NZ_CP042285.1	3536548	3538497		plus	ABC-F family ATP-binding cassette domain-containing protein		93524403	protein-coding		WP_057326374.1	649	FQN59_RS14740
NZ_CP042285.1	3539082	3540248		plus	N-acetylglucosamine-6-phosphate deacetylase	nagA	93524404	protein-coding		WP_008774091.1	388	FQN59_RS14745
NZ_CP042285.1	3540261	3541427		plus	N-acetylglucosamine-6-phosphate deacetylase	nagA	93524405	protein-coding		WP_195474193.1	388	FQN59_RS14750
NZ_CP042285.1	3541611	3543596		plus	glucosamine-6-phosphate deaminase		93524406	protein-coding		WP_146375649.1	661	FQN59_RS14755
NZ_CP042285.1	3543754	3544320		plus	RNA polymerase sigma-70 factor		93524407	protein-coding		WP_195474195.1	188	FQN59_RS14760
NZ_CP042285.1	3544386	3545426		plus	FecR family protein		93524408	protein-coding		WP_211737250.1	346	FQN59_RS14765
NZ_CP042285.1	3545673	3547820		plus	SusC/RagA family TonB-linked outer membrane protein		93525971	protein-coding		WP_270620464.1	715	FQN59_RS22740
NZ_CP042285.1	3547813	3548928		plus	TonB-dependent receptor domain-containing protein		93525972	protein-coding		WP_270620462.1	371	FQN59_RS22745
NZ_CP042285.1	3548962	3550476		plus	RagB/SusD family nutrient uptake outer membrane protein		93524409	protein-coding		WP_211737252.1	504	FQN59_RS14775
NZ_CP042285.1	3550640	3552025		plus	SGNH/GDSL hydrolase family protein		93524410	protein-coding		WP_249222459.1	461	FQN59_RS14780
NZ_CP042285.1	3552093	3554663		plus	glycoside hydrolase family 38 C-terminal domain-containing protein		93524411	protein-coding		WP_211737256.1	856	FQN59_RS14785
NZ_CP042285.1	3554776	3555726		plus	transporter		93524412	protein-coding		WP_211737259.1	316	FQN59_RS14790
NZ_CP042285.1	3555817	3557097		plus	DUF2262 domain-containing protein		93524413	protein-coding		WP_211737261.1	426	FQN59_RS14795
NZ_CP042285.1	3557143	3557646		minus	methylated-DNA--[protein]-cysteine S-methyltransferase		93524414	protein-coding		WP_008780811.1	167	FQN59_RS14800
NZ_CP042285.1	3557804	3558286		plus	ferritin		93524415	protein-coding		WP_005861772.1	160	FQN59_RS14805
NZ_CP042285.1	3558448	3558888		plus	DUF695 domain-containing protein		93524416	protein-coding		WP_211737263.1	146	FQN59_RS14810
NZ_CP042285.1	3558986	3559591		minus	hypothetical protein		93524417	protein-coding		WP_211737265.1	201	FQN59_RS14815
NZ_CP042285.1	3559581	3560720		minus	6-bladed beta-propeller		93524418	protein-coding		WP_211737267.1	379	FQN59_RS14820
NZ_CP042285.1	3560725	3560973		minus	hypothetical protein		93524419	protein-coding		WP_211737270.1	82	FQN59_RS14825
NZ_CP042285.1	3561089	3562405		minus	threonine synthase	thrC	93524420	protein-coding		WP_211737272.1	438	FQN59_RS14830
NZ_CP042285.1	3562409	3563617		minus	cofactor-independent phosphoglycerate mutase		93524421	protein-coding		WP_005861778.1	402	FQN59_RS14835
NZ_CP042285.1	3563620	3566061		minus	bifunctional aspartate kinase/homoserine dehydrogenase I	thrA	93524422	protein-coding		WP_005861780.1	813	FQN59_RS14840
NZ_CP042285.1	3566344	3567309		minus	DMT family transporter		93524423	protein-coding		WP_022192903.1	321	FQN59_RS14845
NZ_CP042285.1	3567466	3568329		minus	F0F1 ATP synthase subunit gamma		93524424	protein-coding		WP_122380995.1	287	FQN59_RS14850
NZ_CP042285.1	3568317	3569894		minus	F0F1 ATP synthase subunit alpha	atpA	93524425	protein-coding		WP_005861786.1	525	FQN59_RS14855
NZ_CP042285.1	3569907	3570449		minus	F0F1 ATP synthase subunit delta		93524426	protein-coding		WP_005865923.1	180	FQN59_RS14860
NZ_CP042285.1	3570453	3570953		minus	F0F1 ATP synthase subunit B	atpF	93524427	protein-coding		WP_005861790.1	166	FQN59_RS14865
NZ_CP042285.1	3570968	3571222		minus	ATP synthase F0 subunit C	atpE	93524428	protein-coding		WP_005861792.1	84	FQN59_RS14870
NZ_CP042285.1	3571285	3572334		minus	F0F1 ATP synthase subunit A	atpB	93524429	protein-coding		WP_008774074.1	349	FQN59_RS14875
NZ_CP042285.1	3572312	3572743		minus	hypothetical protein		93524430	protein-coding		WP_008774073.1	143	FQN59_RS14880
NZ_CP042285.1	3572756	3572989		minus	ATP synthase F1 subunit epsilon	atpC	93524431	protein-coding		WP_005861798.1	77	FQN59_RS14885
NZ_CP042285.1	3572995	3574512		minus	F0F1 ATP synthase subunit beta	atpD	93524432	protein-coding		WP_048928034.1	505	FQN59_RS14890
NZ_CP042285.1	3574890	3575621		plus	copper homeostasis protein CutC		93524433	protein-coding		WP_211737274.1	243	FQN59_RS14895
NZ_CP042285.1	3575789	3576169		plus	hypothetical protein		93524434	protein-coding		WP_048928036.1	126	FQN59_RS14900
NZ_CP042285.1	3576259	3577422		plus	efflux RND transporter periplasmic adaptor subunit		93524435	protein-coding		WP_211737276.1	387	FQN59_RS14905
NZ_CP042285.1	3577428	3580586		plus	efflux RND transporter permease subunit		93524436	protein-coding		WP_211737279.1	1052	FQN59_RS14910
NZ_CP042285.1	3580576	3582018		plus	efflux transporter outer membrane subunit		93524437	protein-coding		WP_005865938.1	480	FQN59_RS14915
NZ_CP042285.1	3582427	3585069		plus	DUF5916 domain-containing protein		93524438	protein-coding		WP_122368689.1	880	FQN59_RS14920
NZ_CP042285.1	3585944	3589045		plus	SusC/RagA family TonB-linked outer membrane protein		93524439	protein-coding		WP_232299928.1	1033	FQN59_RS14925
NZ_CP042285.1	3589063	3590862		plus	RagB/SusD family nutrient uptake outer membrane protein		93524440	protein-coding		WP_005865951.1	599	FQN59_RS14930
NZ_CP042285.1	3590895	3591791		plus	sugar phosphate isomerase/epimerase family protein		93524441	protein-coding		WP_005865953.1	298	FQN59_RS14935
NZ_CP042285.1	3591975	3592169		plus	PspC domain-containing protein		93524442	protein-coding		WP_005865954.1	64	FQN59_RS14940
NZ_CP042285.1	3592173	3594194		plus	excinuclease ABC subunit UvrB	uvrB	93524443	protein-coding		WP_211737281.1	673	FQN59_RS14945
NZ_CP042285.1	3594198	3595070		plus	N-acetylmuramoyl-L-alanine amidase-like domain-containing protein		93524444	protein-coding		WP_211737283.1	290	FQN59_RS14950
NZ_CP042285.1	3595064	3597268		minus	DUF5686 family protein		93524445	protein-coding		WP_211737285.1	734	FQN59_RS14955
NZ_CP042285.1	3597482	3598132		plus	Crp/Fnr family transcriptional regulator		93524446	protein-coding		WP_369799702.1	216	FQN59_RS14960
NZ_CP042285.1	3598195	3598998		minus	3-deoxy-8-phosphooctulonate synthase	kdsA	93524447	protein-coding		WP_044545592.1	267	FQN59_RS14965
NZ_CP042285.1	3598995	3599918		minus	tRNA (adenosine(37)-N6)-dimethylallyltransferase MiaA	miaA	93524448	protein-coding		WP_005861832.1	307	FQN59_RS14970
NZ_CP042285.1	3599988	3600989		minus	type I glyceraldehyde-3-phosphate dehydrogenase	gap	93524449	protein-coding		WP_005861834.1	333	FQN59_RS14975
NZ_CP042285.1	3601176	3601550		minus	hypothetical protein		93524450	protein-coding		WP_005865964.1	124	FQN59_RS14980
NZ_CP042285.1	3601510	3601917		minus	phage holin family protein		93524451	protein-coding		WP_005861838.1	135	FQN59_RS14985
NZ_CP042285.1	3601925	3602146		minus	YtxH domain-containing protein		93524452	protein-coding		WP_005861840.1	73	FQN59_RS14990
NZ_CP042285.1	3602236	3603087		minus	50S ribosomal protein L11 methyltransferase	prmA	93524453	protein-coding		WP_122114949.1	283	FQN59_RS14995
NZ_CP042285.1	3603166	3603612		minus	N-acetylmuramoyl-L-alanine amidase		93524454	protein-coding		WP_022192914.1	148	FQN59_RS15000
NZ_CP042285.1	3603930	3604028		minus	smalltalk protein		93524455	protein-coding		WP_005861849.1	32	FQN59_RS15005
NZ_CP042285.1	3604304	3604801		minus	HU family DNA-binding protein		93524456	protein-coding		WP_005865971.1	165	FQN59_RS15010
NZ_CP042285.1	3605029	3605268		plus	DUF4248 domain-containing protein		93524457	protein-coding		WP_009276579.1	79	FQN59_RS15015
NZ_CP042285.1	3605502	3607307		minus	DUF3987 domain-containing protein		93524458	protein-coding		WP_211737287.1	601	FQN59_RS15020
NZ_CP042285.1	3607335	3607967		minus	BT4734/BF3469 family protein		93524459	protein-coding		WP_211737289.1	210	FQN59_RS15025
NZ_CP042285.1	3608110	3609042		plus	tyrosine-type recombinase/integrase		93524460	protein-coding		WP_044545355.1	310	FQN59_RS15030
NZ_CP042285.1	3609559	3610680		plus	transcriptional regulator		93524461	protein-coding		WP_211737292.1	373	FQN59_RS15035
NZ_CP042285.1	3610734	3611135		plus	hypothetical protein		93524462	protein-coding		WP_211737294.1	133	FQN59_RS15040
NZ_CP042285.1	3611150	3611287		plus	hypothetical protein		93524463	protein-coding		WP_005861865.1	45	FQN59_RS15045
NZ_CP042285.1	3611290	3611433		plus	hypothetical protein		93524464	protein-coding		WP_191215918.1	47	FQN59_RS15050
NZ_CP042285.1	3611451	3612599		plus	MraY family glycosyltransferase		93524465	protein-coding		WP_122368681.1	382	FQN59_RS15055
NZ_CP042285.1	3612878	3614323		plus	flippase		93524466	protein-coding		WP_211737296.1	481	FQN59_RS15060
NZ_CP042285.1	3614324	3615457		plus	UDP-galactopyranose mutase	glf	93524467	protein-coding		WP_008774042.1	377	FQN59_RS15065
NZ_CP042285.1	3615464	3616411		plus	glycosyltransferase		93524468	protein-coding		WP_008774041.1	315	FQN59_RS15070
NZ_CP042285.1	3616520	3617707		plus	Coenzyme F420 hydrogenase/dehydrogenase, beta subunit C-terminal domain		93524469	protein-coding		WP_008774040.1	395	FQN59_RS15075
NZ_CP042285.1	3617695	3618813		plus	polysaccharide pyruvyl transferase family protein		93524470	protein-coding		WP_034532238.1	372	FQN59_RS15080
NZ_CP042285.1	3618817	3619974		plus	EpsG family protein		93524471	protein-coding		WP_008774038.1	385	FQN59_RS15085
NZ_CP042285.1	3619985	3621115		plus	glycosyltransferase family 4 protein		93524472	protein-coding		WP_008774037.1	376	FQN59_RS15090
NZ_CP042285.1	3621118	3622227		plus	glycosyltransferase family 4 protein		93524473	protein-coding		WP_211737298.1	369	FQN59_RS15095
NZ_CP042285.1	3622248	3623339		plus	glycosyltransferase family 4 protein		93524474	protein-coding		WP_255202292.1	363	FQN59_RS15100
NZ_CP042285.1	3623400	3624521		plus	DUF1972 domain-containing protein		93524475	protein-coding		WP_122368679.1	373	FQN59_RS15105
NZ_CP042285.1	3624584	3625711		minus	type II toxin-antitoxin system HipA family toxin		93524476	protein-coding		WP_122368678.1	375	FQN59_RS15110
NZ_CP042285.1	3625711	3626046		minus	helix-turn-helix domain-containing protein		93524477	protein-coding		WP_122368677.1	111	FQN59_RS15115
NZ_CP042285.1	3626228	3626518		plus	nucleotidyltransferase domain-containing protein		93524478	protein-coding		WP_036617544.1	96	FQN59_RS15120
NZ_CP042285.1	3626515	3626988		plus	hypothetical protein		93524479	protein-coding		WP_036617507.1	157	FQN59_RS15125
NZ_CP042285.1	3627129	3627446		plus	50S ribosomal protein L21	rplU	93524480	protein-coding		WP_005861907.1	105	FQN59_RS15130
NZ_CP042285.1	3627469	3627735		plus	50S ribosomal protein L27	rpmA	93524481	protein-coding		WP_005861909.1	88	FQN59_RS15135
NZ_CP042285.1	3627892	3629298		plus	amidophosphoribosyltransferase		93524482	protein-coding		WP_121772754.1	468	FQN59_RS15140
NZ_CP042285.1	3629418	3630638		plus	peptidase T	pepT	93524483	protein-coding		WP_211737300.1	406	FQN59_RS15145
NZ_CP042285.1	3630652	3631737		plus	glycine cleavage system aminomethyltransferase GcvT	gcvT	93524484	protein-coding		WP_057326408.1	361	FQN59_RS15150
NZ_CP042285.1	3631821	3632408		minus	DUF4251 domain-containing protein		93524485	protein-coding		WP_005861917.1	195	FQN59_RS15155
NZ_CP042285.1	3632575	3633588		plus	Gfo/Idh/MocA family protein		93524486	protein-coding		WP_005861919.1	337	FQN59_RS15160
NZ_CP042285.1	3633743	3634930		plus	hypothetical protein		93524487	protein-coding		WP_122368676.1	395	FQN59_RS15165
NZ_CP042285.1	3635016	3635585		plus	condensin complex protein MksE		93524488	protein-coding		WP_005866029.1	189	FQN59_RS15170
NZ_CP042285.1	3635569	3639198		plus	ATP-binding protein		93524489	protein-coding		WP_211737302.1	1209	FQN59_RS15175
NZ_CP042285.1	3639344	3641266		minus	NAD(+) synthase		93524490	protein-coding		WP_122378842.1	640	FQN59_RS15180
NZ_CP042285.1	3641279	3641602		minus	type II toxin-antitoxin system RelE/ParE family toxin		93524491	protein-coding		WP_008774025.1	107	FQN59_RS15185
NZ_CP042285.1	3641581	3641847		minus	hypothetical protein		93524492	protein-coding		WP_005866038.1	88	FQN59_RS15190
NZ_CP042285.1	3641985	3644171		minus	glutamine synthetase III		93524493	protein-coding		WP_211737304.1	728	FQN59_RS15195
NZ_CP042285.1	3644208	3645437		minus	LL-diaminopimelate aminotransferase		93524494	protein-coding		WP_005866042.1	409	FQN59_RS15200
NZ_CP042285.1	3645494	3646303		minus	diaminopimelate epimerase	dapF	93524495	protein-coding		WP_005866043.1	269	FQN59_RS15205
NZ_CP042285.1	3647058	3648791		minus	DUF6383 domain-containing protein		93524496	protein-coding		WP_005866045.1	577	FQN59_RS15210
NZ_CP042285.1	3648914	3650578		minus	asparagine synthase B	asnB	93524497	protein-coding		WP_211737306.1	554	FQN59_RS15215
NZ_CP042285.1	3650605	3652029		minus	glutamate synthase subunit beta		93524498	protein-coding		WP_009276606.1	474	FQN59_RS15220
NZ_CP042285.1	3652055	3656572		minus	glutamate synthase large subunit	gltB	93524499	protein-coding		WP_211737308.1	1505	FQN59_RS15225
NZ_CP042285.1	3656876	3658147		minus	DUF3843 family protein		93524500	protein-coding		WP_158532940.1	423	FQN59_RS15230
NZ_CP042285.1	3658344	3661139		plus	TonB-dependent receptor		93524501	protein-coding		WP_158532939.1	931	FQN59_RS15235
NZ_CP042285.1	3661176	3662537		plus	hypothetical protein		93524502	protein-coding		WP_005866058.1	453	FQN59_RS15240
NZ_CP042285.1	3662640	3663110		plus	toxin-antitoxin system YwqK family antitoxin		93524503	protein-coding		WP_005866059.1	156	FQN59_RS15245
NZ_CP042285.1	3663289	3663717		minus	RNA-binding S4 domain-containing protein		93524504	protein-coding		WP_005866061.1	142	FQN59_RS15250
NZ_CP042285.1	3663739	3664302		minus	aminoacyl-tRNA hydrolase	pth	93524505	protein-coding		WP_211737310.1	187	FQN59_RS15255
NZ_CP042285.1	3664388	3664972		minus	50S ribosomal protein L25/general stress protein Ctc		93524506	protein-coding		WP_005861962.1	194	FQN59_RS15260
NZ_CP042285.1	3665109	3665900		minus	SDR family NAD(P)-dependent oxidoreductase		93524507	protein-coding		WP_048928071.1	263	FQN59_RS15265
NZ_CP042285.1	3665900	3667123		minus	NADH:flavin oxidoreductase		93524508	protein-coding		WP_005861966.1	407	FQN59_RS15270
NZ_CP042285.1	3667160	3667453		minus	PG0541 family transporter-associated protein		93524509	protein-coding		WP_008774011.1	97	FQN59_RS15275
NZ_CP042285.1	3667624	3670743		minus	efflux RND transporter permease subunit		93524510	protein-coding		WP_048928072.1	1039	FQN59_RS15280
NZ_CP042285.1	3670750	3671775		minus	efflux RND transporter periplasmic adaptor subunit		93524511	protein-coding		WP_008774010.1	341	FQN59_RS15285
NZ_CP042285.1	3671822	3673213		minus	TolC family protein		93524512	protein-coding		WP_008778062.1	463	FQN59_RS15290
NZ_CP042285.1	3673361	3674806		plus	IS4-like element ISBf8 family transposase		93524513	protein-coding		WP_005642186.1	481	FQN59_RS15295
NZ_CP042285.1	3674926	3675528		minus	TetR/AcrR family transcriptional regulator		93524514	protein-coding		WP_005866074.1	200	FQN59_RS15300
NZ_CP042285.1	3675840	3676745		plus	helix-turn-helix domain-containing protein		93524515	protein-coding		WP_005861981.1	301	FQN59_RS15305
NZ_CP042285.1	3676740	3677276		minus	HdeD family acid-resistance protein		93524516	protein-coding		WP_005866076.1	178	FQN59_RS15310
NZ_CP042285.1	3677460	3678548		plus	acyltransferase		93524517	protein-coding		WP_005861985.1	362	FQN59_RS15315
NZ_CP042285.1	3678662	3679681		plus	L,D-transpeptidase		93524518	protein-coding		WP_005866078.1	339	FQN59_RS15320
NZ_CP042285.1	3679716	3680456		plus	murein L,D-transpeptidase catalytic domain family protein		93524519	protein-coding		WP_005866080.1	246	FQN59_RS15325
NZ_CP042285.1	3680516	3680590		plus	tRNA-Pro		93524520	tRNA				FQN59_RS15330
NZ_CP042285.1	3681097	3682431		plus	TolC family protein		93524521	protein-coding		WP_005866082.1	444	FQN59_RS15335
NZ_CP042285.1	3682479	3683729		plus	efflux RND transporter periplasmic adaptor subunit		93524522	protein-coding		WP_005861993.1	416	FQN59_RS15340
NZ_CP042285.1	3683742	3686117		plus	ABC transporter permease		93524523	protein-coding		WP_211737312.1	791	FQN59_RS15345
NZ_CP042285.1	3686156	3688483		plus	ABC transporter permease		93524524	protein-coding		WP_211737314.1	775	FQN59_RS15350
NZ_CP042285.1	3688505	3690862		plus	ABC transporter permease		93524525	protein-coding		WP_196007239.1	785	FQN59_RS15355
NZ_CP042285.1	3690873	3691874		minus	linear amide C-N hydrolase		93524526	protein-coding		WP_369799703.1	333	FQN59_RS15360
NZ_CP042285.1	3692251	3692853		plus	riboflavin synthase		93524527	protein-coding		WP_005862004.1	200	FQN59_RS15365
NZ_CP042285.1	3693055	3693969		plus	DnaJ C-terminal domain-containing protein		93524528	protein-coding		WP_008773998.1	304	FQN59_RS15370
NZ_CP042285.1	3693983	3694300		plus	chaperone modulator CbpM		93524529	protein-coding		WP_036612315.1	105	FQN59_RS15375
NZ_CP042285.1	3694447	3694518		plus	tRNA-Met		93524530	tRNA				FQN59_RS15380
NZ_CP042285.1	3694616	3695971		minus	MATE family efflux transporter		93524531	protein-coding		WP_008778066.1	451	FQN59_RS15385
NZ_CP042285.1	3695997	3697367		minus	YihY/virulence factor BrkB family protein		93524532	protein-coding		WP_036612322.1	456	FQN59_RS15390
NZ_CP042285.1	3697397	3697751		minus	RNase P RNA component class A	rnpB	93524533	RNase_P_RNA				FQN59_RS15395
NZ_CP042285.1	3698158	3699681		plus	Do family serine endopeptidase		93524534	protein-coding		WP_005866098.1	507	FQN59_RS15400
NZ_CP042285.1	3699821	3700681		plus	sigma-70 family RNA polymerase sigma factor		93524535	protein-coding		WP_005641668.1	286	FQN59_RS15405
NZ_CP042285.1	3700790	3702262		plus	glycoside hydrolase family 125 protein		93524536	protein-coding		WP_211737317.1	490	FQN59_RS15410
NZ_CP042285.1	3702380	3703957		plus	sulfatase family protein		93524537	protein-coding		WP_211737319.1	525	FQN59_RS15415
NZ_CP042285.1	3704853	3706377		plus	16S ribosomal RNA		93524538	rRNA				FQN59_RS15420
NZ_CP042285.1	3706549	3706622		plus	tRNA-Ile		93524539	tRNA				FQN59_RS15425
NZ_CP042285.1	3706633	3706706		plus	tRNA-Ala		93524540	tRNA				FQN59_RS15430
NZ_CP042285.1	3706812	3709689		plus	23S ribosomal RNA		93524541	rRNA				FQN59_RS15435
NZ_CP042285.1	3709773	3709883		plus	5S ribosomal RNA	rrf	93524542	rRNA				FQN59_RS15440
NZ_CP042285.1	3709981	3710799		plus	alpha/beta hydrolase		93524543	protein-coding		WP_211737321.1	272	FQN59_RS15445
NZ_CP042285.1	3710827	3712272		plus	glycoside hydrolase family 30 protein		93524544	protein-coding		WP_008779458.1	481	FQN59_RS15450
NZ_CP042285.1	3712435	3714060		minus	efflux RND transporter periplasmic adaptor subunit		93524545	protein-coding		WP_122144177.1	541	FQN59_RS15455
NZ_CP042285.1	3714065	3715531		minus	TolC family protein		93524546	protein-coding		WP_232284059.1	488	FQN59_RS15460
NZ_CP042285.1	3715551	3719297		minus	efflux RND transporter permease subunit		93524547	protein-coding		WP_211737323.1	1248	FQN59_RS15465
NZ_CP042285.1	3719536	3719922		minus	HYC_CC_PP family protein		93524548	protein-coding		WP_041525575.1	128	FQN59_RS15470
NZ_CP042285.1	3720066	3721349		plus	DcaP family trimeric outer membrane transporter		93524549	protein-coding		WP_121962585.1	427	FQN59_RS15475
NZ_CP042285.1	3721431	3723002		minus	ClC family H(+)/Cl(-) exchange transporter		93524550	protein-coding		WP_005866120.1	523	FQN59_RS15480
NZ_CP042285.1	3723184	3724182		minus	hypothetical protein		93524551	protein-coding		WP_008778107.1	332	FQN59_RS15485
NZ_CP042285.1	3724291	3725613		plus	MATE family efflux transporter		93524552	protein-coding		WP_121962587.1	440	FQN59_RS15490
NZ_CP042285.1	3725618	3726742		minus	ATP-binding protein		93524553	protein-coding		WP_122369338.1	374	FQN59_RS15495
NZ_CP042285.1	3726997	3727950		minus	methylenetetrahydrofolate reductase [NAD(P)H]	metF	93524554	protein-coding		WP_057318663.1	317	FQN59_RS15500
NZ_CP042285.1	3728491	3729510		plus	branched-chain amino acid aminotransferase		93524555	protein-coding		WP_005858291.1	339	FQN59_RS15505
NZ_CP042285.1	3729691	3730869		plus	ATP-binding protein		93524556	protein-coding		WP_008774157.1	392	FQN59_RS15510
NZ_CP042285.1	3730908	3734459		plus	pyruvate:ferredoxin (flavodoxin) oxidoreductase	nifJ	93524557	protein-coding		WP_211737325.1	1183	FQN59_RS15515
NZ_CP042285.1	3734766	3735935		minus	porin		93524558	protein-coding		WP_122369336.1	389	FQN59_RS15520
NZ_CP042285.1	3736083	3737117		minus	aldo/keto reductase		93524559	protein-coding		WP_211737327.1	344	FQN59_RS15525
NZ_CP042285.1	3737214	3737990		plus	Cof-type HAD-IIB family hydrolase		93524560	protein-coding		WP_008778109.1	258	FQN59_RS15530
NZ_CP042285.1	3738025	3738567		plus	beta-class carbonic anhydrase		93524561	protein-coding		WP_005858279.1	180	FQN59_RS15535
NZ_CP042285.1	3738753	3738914		plus	hypothetical protein		93524562	protein-coding		WP_005858277.1	53	FQN59_RS15540
NZ_CP042285.1	3739149	3740153		plus	M28 family metallopeptidase		93524563	protein-coding		WP_122144167.1	334	FQN59_RS15545
NZ_CP042285.1	3740680	3743850		plus	SusC/RagA family TonB-linked outer membrane protein		93524564	protein-coding		WP_005866145.1	1056	FQN59_RS15550
NZ_CP042285.1	3743871	3745802		plus	SusD/RagB family nutrient-binding outer membrane lipoprotein		93524565	protein-coding		WP_121962590.1	643	FQN59_RS15555
NZ_CP042285.1	3746208	3749375		plus	SusC/RagA family TonB-linked outer membrane protein		93524566	protein-coding		WP_044545809.1	1055	FQN59_RS15560
NZ_CP042285.1	3749417	3751336		plus	SusD/RagB family nutrient-binding outer membrane lipoprotein		93524567	protein-coding		WP_211737329.1	639	FQN59_RS15565
NZ_CP042285.1	3751459	3752607		plus	DUF362 domain-containing protein		93524568	protein-coding		WP_211737331.1	382	FQN59_RS15570
NZ_CP042285.1	3752604	3753368		plus	DUF6599 family protein		93524569	protein-coding		WP_005866156.1	254	FQN59_RS15575
NZ_CP042285.1	3753379	3754185		minus	alpha/beta hydrolase		93524570	protein-coding		WP_044545812.1	268	FQN59_RS15580
NZ_CP042285.1	3754354	3755235		minus	ACP S-malonyltransferase	fabD	93524571	protein-coding		WP_005866160.1	293	FQN59_RS15585
NZ_CP042285.1	3755375	3755569		plus	Sec-independent protein translocase subunit TatA/TatB		93524572	protein-coding		WP_005858259.1	64	FQN59_RS15590
NZ_CP042285.1	3755576	3756403		plus	twin-arginine translocase subunit TatC	tatC	93524573	protein-coding		WP_005866162.1	275	FQN59_RS15595
NZ_CP042285.1	3756482	3757333		minus	aldo/keto reductase		93524574	protein-coding		WP_048928369.1	283	FQN59_RS15600
NZ_CP042285.1	3757497	3758312		plus	helix-turn-helix domain-containing protein		93524575	protein-coding		WP_005866166.1	271	FQN59_RS15605
NZ_CP042285.1	3758309	3759184		minus	arginase family protein		93524576	protein-coding		WP_057325959.1	291	FQN59_RS15610
NZ_CP042285.1	3759303	3761609		plus	GH92 family glycosyl hydrolase		93524577	protein-coding		WP_416339356.1	768	FQN59_RS15615
NZ_CP042285.1	3761670	3761804		minus	hypothetical protein		93525973	protein-coding		WP_005858250.1	44	FQN59_RS22750
NZ_CP042285.1	3761938	3762936		plus	isoaspartyl peptidase/L-asparaginase family protein		93524578	protein-coding		WP_211737335.1	332	FQN59_RS15620
NZ_CP042285.1	3762970	3764340		plus	DNA repair protein RadA	radA	93524579	protein-coding		WP_005858247.1	456	FQN59_RS15625
NZ_CP042285.1	3764354	3765958		plus	NAD(P)/FAD-dependent oxidoreductase		93524580	protein-coding		WP_008774174.1	534	FQN59_RS15630
NZ_CP042285.1	3765976	3767097		plus	glycoside hydrolase family 43 protein		93524581	protein-coding		WP_009274810.1	373	FQN59_RS15635
NZ_CP042285.1	3767091	3767480		minus	hypothetical protein		93524582	protein-coding		WP_005866180.1	129	FQN59_RS15640
NZ_CP042285.1	3767493	3768302		minus	peptidylprolyl isomerase		93524583	protein-coding		WP_211737337.1	269	FQN59_RS15645
NZ_CP042285.1	3768411	3770087		plus	putative transporter		93524584	protein-coding		WP_008778112.1	558	FQN59_RS15650
NZ_CP042285.1	3770332	3771189		plus	ROK family protein		93524585	protein-coding		WP_211739000.1	285	FQN59_RS15655
NZ_CP042285.1	3771230	3772141		plus	ThuA domain-containing protein		93524586	protein-coding		WP_211737339.1	303	FQN59_RS15660
NZ_CP042285.1	3772239	3774155		minus	RecQ family ATP-dependent DNA helicase		93524587	protein-coding		WP_211737341.1	638	FQN59_RS15665
NZ_CP042285.1	3774165	3775889		minus	single-stranded-DNA-specific exonuclease RecJ	recJ	93524588	protein-coding		WP_005866190.1	574	FQN59_RS15670
NZ_CP042285.1	3776113	3776673		plus	L-threonylcarbamoyladenylate synthase		93524589	protein-coding		WP_008774182.1	186	FQN59_RS15675
NZ_CP042285.1	3776676	3778076		plus	sugar transferase		93524590	protein-coding		WP_008774183.1	466	FQN59_RS15680
NZ_CP042285.1	3778078	3779862		plus	chloride channel protein		93524591	protein-coding		WP_005858223.1	594	FQN59_RS15685
NZ_CP042285.1	3779893	3780867		plus	methionyl-tRNA formyltransferase	fmt	93524592	protein-coding		WP_005866196.1	324	FQN59_RS15690
NZ_CP042285.1	3780867	3781241		plus	YbaN family protein		93524593	protein-coding		WP_005866200.1	124	FQN59_RS15695
NZ_CP042285.1	3781313	3782779		minus	catalase		93524594	protein-coding		WP_005858216.1	488	FQN59_RS15700
NZ_CP042285.1	3783767	3784168		plus	FKBP-type peptidyl-prolyl cis-trans isomerase		93524595	protein-coding		WP_211737343.1	133	FQN59_RS15705
NZ_CP042285.1	3784277	3787414		minus	efflux RND transporter permease subunit		93524596	protein-coding		WP_211737345.1	1045	FQN59_RS15710
NZ_CP042285.1	3787422	3788537		minus	efflux RND transporter periplasmic adaptor subunit		93524597	protein-coding		WP_048928373.1	371	FQN59_RS15715
NZ_CP042285.1	3788607	3790013		minus	efflux transporter outer membrane subunit		93524598	protein-coding		WP_005866210.1	468	FQN59_RS15720
NZ_CP042285.1	3790109	3790588		plus	DUF456 domain-containing protein		93524599	protein-coding		WP_008779527.1	159	FQN59_RS15725
NZ_CP042285.1	3790613	3791506		plus	D-isomer specific 2-hydroxyacid dehydrogenase family protein		93524600	protein-coding		WP_005866216.1	297	FQN59_RS15730
NZ_CP042285.1	3791644	3793929		minus	NADP-dependent malic enzyme		93524601	protein-coding		WP_009017113.1	761	FQN59_RS15735
NZ_CP042285.1	3794142	3794588		plus	DNA-binding protein		93524602	protein-coding		WP_196009270.1	148	FQN59_RS15740
NZ_CP042285.1	3794704	3794904		minus	hypothetical protein		93524603	protein-coding		WP_036610415.1	66	FQN59_RS15745
NZ_CP042285.1	3794983	3796233		plus	exonuclease SbcCD subunit D		93524604	protein-coding		WP_211737347.1	416	FQN59_RS15750
NZ_CP042285.1	3796230	3799211		plus	AAA family ATPase		93524605	protein-coding		WP_211737349.1	993	FQN59_RS15755
NZ_CP042285.1	3799214	3799798		minus	nitroreductase family protein		93524606	protein-coding		WP_005866231.1	194	FQN59_RS15760
NZ_CP042285.1	3799829	3802117		minus	cation:proton antiporter		93524607	protein-coding		WP_121962602.1	762	FQN59_RS15765
NZ_CP042285.1	3802216	3804234		plus	alpha amylase C-terminal domain-containing protein		93524608	protein-coding		WP_158532877.1	672	FQN59_RS15770
NZ_CP042285.1	3804257	3805234		plus	type I phosphomannose isomerase catalytic subunit		93524609	protein-coding		WP_005866237.1	325	FQN59_RS15775
NZ_CP042285.1	3805290	3805862		minus	DNA-3-methyladenine glycosylase I		93524610	protein-coding		WP_036610691.1	190	FQN59_RS15780
NZ_CP042285.1	3805865	3806812		minus	ketopantoate reductase family protein		93524611	protein-coding		WP_158532876.1	315	FQN59_RS15785
NZ_CP042285.1	3806862	3807719		minus	pyridoxamine kinase		93524612	protein-coding		WP_005866243.1	285	FQN59_RS15790
NZ_CP042285.1	3807775	3809421		minus	hydroxylamine reductase	hcp	93524613	protein-coding		WP_122144143.1	548	FQN59_RS15795
NZ_CP042285.1	3809536	3810180		plus	Crp/Fnr family transcriptional regulator		93524614	protein-coding		WP_122297378.1	214	FQN59_RS15800
NZ_CP042285.1	3810268	3811227		plus	hypothetical protein		93524615	protein-coding		WP_034532310.1	319	FQN59_RS15805
NZ_CP042285.1	3811465	3812424		plus	hypothetical protein		93524616	protein-coding		WP_122297379.1	319	FQN59_RS15810
NZ_CP042285.1	3812763	3815549		plus	hypothetical protein		93524617	protein-coding		WP_122297380.1	928	FQN59_RS15815
NZ_CP042285.1	3815546	3817354		plus	DUF4906 domain-containing protein		93524618	protein-coding		WP_192922596.1	602	FQN59_RS15820
NZ_CP042285.1	3817416	3819092		plus	Mfa1 family fimbria major subunit		93524619	protein-coding		WP_008778117.1	558	FQN59_RS15825
NZ_CP042285.1	3819209	3820189		plus	FimB/Mfa2 family fimbrial subunit		93524620	protein-coding		WP_048927773.1	326	FQN59_RS15830
NZ_CP042285.1	3820197	3820787		minus	Crp/Fnr family transcriptional regulator		93524621	protein-coding		WP_009274915.1	196	FQN59_RS15835
NZ_CP042285.1	3820784	3822133		minus	MATE family efflux transporter		93524622	protein-coding		WP_211737351.1	449	FQN59_RS15840
NZ_CP042285.1	3822292	3823167		plus	DMT family transporter		93524623	protein-coding		WP_005858170.1	291	FQN59_RS15845
NZ_CP042285.1	3823248	3823335		minus	tRNA-Ser		93524624	tRNA				FQN59_RS15850
NZ_CP042285.1	3824815	3825387		plus	Crp/Fnr family transcriptional regulator		93524625	protein-coding		WP_211737353.1	190	FQN59_RS15855
NZ_CP042285.1	3825487	3825927		plus	GNAT family N-acetyltransferase		93524626	protein-coding		WP_211737355.1	146	FQN59_RS15860
NZ_CP042285.1	3826077	3827057		plus	IS30-like element IS4351 family transposase		93524627	protein-coding		WP_005794072.1	326	FQN59_RS15865
NZ_CP042285.1	3827099	3827512		plus	hypothetical protein		93524628	protein-coding		WP_004294812.1	137	FQN59_RS15870
NZ_CP042285.1	3827529	3827933		plus	SecDF P1 head subdomain-containing protein		93524629	protein-coding		WP_004308741.1	134	FQN59_RS15875
NZ_CP042285.1	3827953	3828795		plus	RteC domain-containing protein		93524630	protein-coding		WP_004308742.1	280	FQN59_RS15880
NZ_CP042285.1	3829004	3829363		plus	helix-turn-helix domain-containing protein		93524631	protein-coding		WP_004294815.1	119	FQN59_RS15885
NZ_CP042285.1	3829326	3831398		plus	bifunctional DNA primase/helicase		93524632	protein-coding		WP_005680387.1	690	FQN59_RS15890
NZ_CP042285.1	3831795	3832313		plus	dihydrofolate reductase family protein		93524633	protein-coding		WP_004308744.1	172	FQN59_RS15895
NZ_CP042285.1	3832410	3834497		minus	type IA DNA topoisomerase		93524634	protein-coding		WP_004308745.1	695	FQN59_RS15900
NZ_CP042285.1	3834524	3835828		minus	DUF4099 domain-containing protein		93524635	protein-coding		WP_005680386.1	434	FQN59_RS15905
NZ_CP042285.1	3836046	3837083		plus	PDDEXK nuclease domain-containing protein		93524636	protein-coding		WP_004308747.1	345	FQN59_RS15910
NZ_CP042285.1	3837145	3839154		minus	conjugal transfer protein MobC	mobC	93524637	protein-coding		WP_004308748.1	669	FQN59_RS15915
NZ_CP042285.1	3839173	3840444		minus	conjugal transfer protein MobB	mobB	93524638	protein-coding		WP_004308749.1	423	FQN59_RS15920
NZ_CP042285.1	3840429	3840851		minus	conjugal transfer protein MobA	mobA	93524639	protein-coding		WP_004308750.1	140	FQN59_RS15925
NZ_CP042285.1	3841421	3842206		plus	ParA family protein		93524640	protein-coding		WP_149949048.1	261	FQN59_RS15930
NZ_CP042285.1	3842208	3842609		plus	DUF3408 domain-containing protein		93524641	protein-coding		WP_008648474.1	133	FQN59_RS15935
NZ_CP042285.1	3842612	3843274		plus	hypothetical protein		93524642	protein-coding		WP_149886796.1	220	FQN59_RS15940
NZ_CP042285.1	3843445	3843741		plus	DUF4134 domain-containing protein		93524643	protein-coding		WP_004308755.1	98	FQN59_RS15945
NZ_CP042285.1	3843752	3844114		plus	DUF4133 domain-containing protein		93524644	protein-coding		WP_149886795.1	120	FQN59_RS15950
NZ_CP042285.1	3844111	3846624		plus	TraG family conjugative transposon ATPase		93524645	protein-coding		WP_149949018.1	837	FQN59_RS15955
NZ_CP042285.1	3846636	3846986		plus	DUF3876 domain-containing protein		93524646	protein-coding		WP_004326111.1	116	FQN59_RS15960
NZ_CP042285.1	3846986	3847612		plus	DUF4141 domain-containing protein		93524647	protein-coding		WP_008648479.1	208	FQN59_RS15965
NZ_CP042285.1	3847632	3848627		plus	conjugative transposon protein TraJ	traJ	93524648	protein-coding		WP_007845741.1	331	FQN59_RS15970
NZ_CP042285.1	3848648	3849271		plus	conjugative transposon protein TraK	traK	93524649	protein-coding		WP_004308760.1	207	FQN59_RS15975
NZ_CP042285.1	3849276	3849572		plus	TraL conjugative transposon family protein		93524650	protein-coding		WP_130061744.1	98	FQN59_RS15980
NZ_CP042285.1	3849550	3850866		plus	conjugative transposon protein TraM	traM	93524651	protein-coding		WP_055170715.1	438	FQN59_RS15985
NZ_CP042285.1	3850907	3851842		plus	conjugative transposon protein TraN	traN	93524652	protein-coding		WP_149949017.1	311	FQN59_RS15990
NZ_CP042285.1	3851845	3852426		plus	conjugal transfer protein TraO		93524653	protein-coding		WP_123617445.1	193	FQN59_RS15995
NZ_CP042285.1	3852430	3853320		plus	DNA cytosine methyltransferase		93524654	protein-coding		WP_011202370.1	296	FQN59_RS16000
NZ_CP042285.1	3853336	3853794		plus	DUF3872 domain-containing protein		93524655	protein-coding		WP_011202369.1	152	FQN59_RS16005
NZ_CP042285.1	3853807	3854127		plus	hypothetical protein		93524656	protein-coding		WP_123617443.1	106	FQN59_RS16010
NZ_CP042285.1	3854331	3854813		minus	DUF7258 domain-containing protein		93524657	protein-coding		WP_123617442.1	160	FQN59_RS16015
NZ_CP042285.1	3854825	3855046		minus	DUF3873 domain-containing protein		93524658	protein-coding		WP_005924228.1	73	FQN59_RS16020
NZ_CP042285.1	3855124	3855657		minus	antirestriction protein ArdA		93524659	protein-coding		WP_004327304.1	177	FQN59_RS16025
NZ_CP042285.1	3856290	3856820		minus	ORF6N domain-containing protein		93524660	protein-coding		WP_123617441.1	176	FQN59_RS16030
NZ_CP042285.1	3856905	3858134		minus	site-specific integrase		93524661	protein-coding		WP_008648492.1	409	FQN59_RS16035
NZ_CP042285.1	3858408	3858492		minus	tRNA-Ser		93524662	tRNA				FQN59_RS16040
NZ_CP042285.1	3858685	3859158		plus	thioredoxin	trxA	93524663	protein-coding		WP_005858169.1	157	FQN59_RS16045
NZ_CP042285.1	3859243	3859575		plus	CGGC domain-containing protein		93524664	protein-coding		WP_005866270.1	110	FQN59_RS16050
NZ_CP042285.1	3859658	3860206		minus	30S ribosomal protein S16		93524665	protein-coding		WP_005858168.1	182	FQN59_RS16055
NZ_CP042285.1	3860552	3862189		plus	ABC-F family ATP-binding cassette domain-containing protein		93524666	protein-coding		WP_005858166.1	545	FQN59_RS16060
NZ_CP042285.1	3862186	3863667		minus	DUF3943 domain-containing protein		93524667	protein-coding		WP_005858165.1	493	FQN59_RS16065
NZ_CP042285.1	3863840	3864451		plus	trimeric intracellular cation channel family protein		93524668	protein-coding		WP_005858164.1	203	FQN59_RS16070
NZ_CP042285.1	3864474	3865538		plus	asparaginase		93524669	protein-coding		WP_005858163.1	354	FQN59_RS16075
NZ_CP042285.1	3865588	3866391		plus	MBL fold metallo-hydrolase		93524670	protein-coding		WP_005858162.1	267	FQN59_RS16080
NZ_CP042285.1	3866508	3866580		plus	tRNA-Lys		93524671	tRNA				FQN59_RS16085
NZ_CP042285.1	3866600	3866672		plus	tRNA-Lys		93524672	tRNA				FQN59_RS16090
NZ_CP042285.1	3866688	3866772		plus	tRNA-Ser		93524673	tRNA				FQN59_RS16095
NZ_CP042285.1	3866887	3867882		plus	Acg family FMN-binding oxidoreductase		93524674	protein-coding		WP_044544614.1	331	FQN59_RS16100
NZ_CP042285.1	3867886	3869952		minus	cation:proton antiporter		93524675	protein-coding		WP_195283748.1	688	FQN59_RS16105
NZ_CP042285.1	3870240	3871529		plus	hypothetical protein		93524676	protein-coding		WP_005866279.1	429	FQN59_RS16110
NZ_CP042285.1	3871560	3873170		plus	OmpP1/FadL family transporter		93524677	protein-coding		WP_005866281.1	536	FQN59_RS16115
NZ_CP042285.1	3873376	3873969		plus	RNA polymerase sigma factor		93524678	protein-coding		WP_008774229.1	197	FQN59_RS16120
NZ_CP042285.1	3874045	3874218		plus	hypothetical protein		93524679	protein-coding		WP_211737358.1	57	FQN59_RS16125
NZ_CP042285.1	3874297	3874947		plus	ribulose-phosphate 3-epimerase	rpe	93524680	protein-coding		WP_008774230.1	216	FQN59_RS16130
NZ_CP042285.1	3874981	3876267		plus	ComEC/Rec2 family competence protein		93524681	protein-coding		WP_211737360.1	428	FQN59_RS16135
NZ_CP042285.1	3876305	3877354		plus	DHH family phosphoesterase		93524682	protein-coding		WP_005866290.1	349	FQN59_RS16140
NZ_CP042285.1	3877407	3877979		plus	DUF4827 domain-containing protein		93524683	protein-coding		WP_048927791.1	190	FQN59_RS16145
NZ_CP042285.1	3877976	3879364		plus	phosphoglucosamine mutase	glmM	93524684	protein-coding		WP_008774233.1	462	FQN59_RS16150
NZ_CP042285.1	3879478	3881133		plus	DUF6377 domain-containing protein		93524685	protein-coding		WP_211737362.1	551	FQN59_RS16155
NZ_CP042285.1	3881283	3882641		plus	DUF1080 domain-containing protein		93524686	protein-coding		WP_249222460.1	452	FQN59_RS16160
NZ_CP042285.1	3882659	3883150		minus	NUDIX hydrolase		93524687	protein-coding		WP_211737364.1	163	FQN59_RS16165
NZ_CP042285.1	3883154	3885253		minus	DNA topoisomerase 3		93524688	protein-coding		WP_034527038.1	699	FQN59_RS16170
NZ_CP042285.1	3885442	3886020		plus	RNA polymerase sigma-70 factor		93524689	protein-coding		WP_211737366.1	192	FQN59_RS16175
NZ_CP042285.1	3886035	3887837		minus	DUF5107 domain-containing protein		93524690	protein-coding		WP_211737368.1	600	FQN59_RS16180
NZ_CP042285.1	3887861	3889684		minus	DUF4091 domain-containing protein		93524691	protein-coding		WP_122297390.1	607	FQN59_RS16185
NZ_CP042285.1	3889808	3891454		minus	RagB/SusD family nutrient uptake outer membrane protein		93524692	protein-coding		WP_044544964.1	548	FQN59_RS16190
NZ_CP042285.1	3891482	3894889		minus	TonB-dependent receptor		93524693	protein-coding		WP_211737370.1	1135	FQN59_RS16195
NZ_CP042285.1	3895080	3896093		minus	FecR family protein		93524694	protein-coding		WP_211737373.1	337	FQN59_RS16200
NZ_CP042285.1	3896204	3896746		plus	RNA polymerase sigma-70 factor		93524695	protein-coding		WP_005866315.1	180	FQN59_RS16205
NZ_CP042285.1	3896803	3897423		minus	HU family DNA-binding protein		93524696	protein-coding		WP_005866317.1	206	FQN59_RS16210
NZ_CP042285.1	3897858	3898829		plus	FecR family protein		93524697	protein-coding		WP_211737374.1	323	FQN59_RS16215
NZ_CP042285.1	3899002	3902376		plus	TonB-dependent receptor		93524698	protein-coding		WP_249222462.1	1124	FQN59_RS16220
NZ_CP042285.1	3902395	3903900		plus	RagB/SusD family nutrient uptake outer membrane protein		93524699	protein-coding		WP_211737376.1	501	FQN59_RS16225
NZ_CP042285.1	3903929	3905248		plus	sulfatase family protein		93524700	protein-coding		WP_211737377.1	439	FQN59_RS16230
NZ_CP042285.1	3905355	3906785		plus	sulfatase family protein		93524701	protein-coding		WP_005866329.1	476	FQN59_RS16235
NZ_CP042285.1	3906782	3908356		plus	sulfatase family protein		93524702	protein-coding		WP_211737378.1	524	FQN59_RS16240
NZ_CP042285.1	3908573	3908728		plus	hypothetical protein		93524703	protein-coding		WP_227805375.1	51	FQN59_RS16245
NZ_CP042285.1	3908754	3909845		minus	glycoside hydrolase family 76 protein		93524704	protein-coding		WP_211737379.1	363	FQN59_RS16250
NZ_CP042285.1	3909980	3910915		plus	alkaline phosphatase		93524705	protein-coding		WP_122382824.1	311	FQN59_RS16255
NZ_CP042285.1	3910927	3911847		plus	endonuclease/exonuclease/phosphatase family protein		93524706	protein-coding		WP_005858105.1	306	FQN59_RS16260
NZ_CP042285.1	3911954	3913531		plus	carboxylase		93524707	protein-coding		WP_196009175.1	525	FQN59_RS16265
NZ_CP042285.1	3913674	3914105		minus	ribose 5-phosphate isomerase B	rpiB	93524708	protein-coding		WP_196009176.1	143	FQN59_RS16270
NZ_CP042285.1	3914108	3916138		minus	transketolase family protein		93524709	protein-coding		WP_008779606.1	676	FQN59_RS16275
NZ_CP042285.1	3916319	3917011		minus	NUDIX hydrolase		93524710	protein-coding		WP_036610602.1	230	FQN59_RS16280
NZ_CP042285.1	3917032	3918177		minus	galactokinase	galK	93524711	protein-coding		WP_122369297.1	381	FQN59_RS16285
NZ_CP042285.1	3918285	3919559		minus	MFS transporter		93524712	protein-coding		WP_005866353.1	424	FQN59_RS16290
NZ_CP042285.1	3919605	3920681		minus	aldose epimerase family protein		93524713	protein-coding		WP_211737380.1	358	FQN59_RS16295
NZ_CP042285.1	3920907	3923366		plus	hypothetical protein		93524714	protein-coding		WP_211737381.1	819	FQN59_RS16300
NZ_CP042285.1	3923581	3923817		minus	hypothetical protein		93524715	protein-coding		WP_154396500.1	78	FQN59_RS16305
NZ_CP042285.1	3924107	3926455		plus	ABC transporter permease		93524716	protein-coding		WP_122115088.1	782	FQN59_RS16310
NZ_CP042285.1	3926668	3927198		minus	DJ-1/PfpI family protein		93524717	protein-coding		WP_022191891.1	176	FQN59_RS16315
NZ_CP042285.1	3927365	3927718		plus	winged helix-turn-helix transcriptional regulator		93524718	protein-coding		WP_005858079.1	117	FQN59_RS16320
NZ_CP042285.1	3928177	3929100		plus	ribokinase	rbsK	93524719	protein-coding		WP_211737382.1	307	FQN59_RS16325
NZ_CP042285.1	3929122	3930678		plus	ADP-ribosylglycohydrolase family protein		93524720	protein-coding		WP_211737383.1	518	FQN59_RS16330
NZ_CP042285.1	3930691	3931707		plus	nucleoside hydrolase		93524721	protein-coding		WP_195474048.1	338	FQN59_RS16335
NZ_CP042285.1	3931714	3932715		plus	GRP family sugar transporter		93524722	protein-coding		WP_008774266.1	333	FQN59_RS16340
NZ_CP042285.1	3932805	3933554		plus	hypothetical protein		93524723	protein-coding		WP_005866375.1	249	FQN59_RS16345
NZ_CP042285.1	3933541	3933921		plus	GtrA family protein		93524724	protein-coding		WP_005858065.1	126	FQN59_RS16350
NZ_CP042285.1	3933927	3934859		plus	glycosyltransferase family 2 protein		93524725	protein-coding		WP_005866377.1	310	FQN59_RS16355
NZ_CP042285.1	3935011	3936411		plus	class II fumarate hydratase	fumC	93524726	protein-coding		WP_121962255.1	466	FQN59_RS16360
NZ_CP042285.1	3936506	3939949		plus	alpha-L-rhamnosidase		93524727	protein-coding		WP_211737386.1	1147	FQN59_RS16365
NZ_CP042285.1	3939954	3940235		minus	hypothetical protein		93524728	protein-coding		WP_211737388.1	93	FQN59_RS16370
NZ_CP042285.1	3940267	3941655		plus	polyamine ABC transporter ATP-binding protein	potA	93524729	protein-coding		WP_121956415.1	462	FQN59_RS16375
NZ_CP042285.1	3941668	3942465		plus	ABC transporter permease		93524730	protein-coding		WP_428846730.1	265	FQN59_RS16380
NZ_CP042285.1	3942465	3943253		plus	ABC transporter permease		93524731	protein-coding		WP_005858053.1	262	FQN59_RS16385
NZ_CP042285.1	3943260	3944597		plus	ABC transporter substrate-binding protein		93524732	protein-coding		WP_036610722.1	445	FQN59_RS16390
NZ_CP042285.1	3944599	3945213		plus	HAD family hydrolase		93524733	protein-coding		WP_005858049.1	204	FQN59_RS16395
NZ_CP042285.1	3945239	3945919		minus	queuosine precursor transporter		93524734	protein-coding		WP_005858047.1	226	FQN59_RS16400
NZ_CP042285.1	3945981	3946643		minus	DUF2490 domain-containing protein		93524735	protein-coding		WP_008774273.1	220	FQN59_RS16405
NZ_CP042285.1	3946757	3947638		plus	hydroxypyruvate isomerase family protein		93524736	protein-coding		WP_008774274.1	293	FQN59_RS16410
NZ_CP042285.1	3947864	3948115		plus	RNA polymerase sigma factor		301046731	protein-coding		WP_005866389.1	83	FQN59_RS22980
NZ_CP042285.1	3948219	3948899		plus	ABC transporter ATP-binding protein		93524737	protein-coding		WP_005858035.1	226	FQN59_RS16420
NZ_CP042285.1	3948995	3951319		plus	ABC transporter permease		93524738	protein-coding		WP_211737392.1	774	FQN59_RS16425
NZ_CP042285.1	3951345	3953699		plus	ABC transporter permease		93524739	protein-coding		WP_211737393.1	784	FQN59_RS16430
NZ_CP042285.1	3953899	3953982		plus	uncharacterized gene		93524740	pseudogene				FQN59_RS16435
NZ_CP042285.1	3954065	3956449		plus	ABC transporter permease		93524741	protein-coding		WP_122369263.1	794	FQN59_RS16440
NZ_CP042285.1	3956469	3958835		plus	ABC transporter permease		93524742	protein-coding		WP_122369262.1	788	FQN59_RS16445
NZ_CP042285.1	3958822	3960168		minus	sodium/glutamate symporter		93524743	protein-coding		WP_005858025.1	448	FQN59_RS16450
NZ_CP042285.1	3960256	3961146		minus	AraC family transcriptional regulator		93524744	protein-coding		WP_005866402.1	296	FQN59_RS16455
NZ_CP042285.1	3961249	3962550		plus	hypothetical protein		93524745	protein-coding		WP_211737394.1	433	FQN59_RS16460
NZ_CP042285.1	3962583	3964328		plus	class I mannose-6-phosphate isomerase		93524746	protein-coding		WP_211737395.1	581	FQN59_RS16465
NZ_CP042285.1	3964475	3965578		plus	ROK family protein		93524747	protein-coding		WP_022191913.1	367	FQN59_RS16470
NZ_CP042285.1	3965575	3967944		plus	GH92 family glycosyl hydrolase		93524748	protein-coding		WP_211737396.1	789	FQN59_RS16475
NZ_CP042285.1	3967934	3969076		plus	MFS transporter		93524749	protein-coding		WP_005866412.1	380	FQN59_RS16480
NZ_CP042285.1	3969078	3971966		plus	glycoside hydrolase family 38 C-terminal domain-containing protein		93524750	protein-coding		WP_122380306.1	962	FQN59_RS16485
NZ_CP042285.1	3972697	3975873		plus	SusC/RagA family TonB-linked outer membrane protein		93524751	protein-coding		WP_022192405.1	1058	FQN59_RS16490
NZ_CP042285.1	3975900	3977492		plus	RagB/SusD family nutrient uptake outer membrane protein		93524752	protein-coding		WP_008779636.1	530	FQN59_RS16495
NZ_CP042285.1	3977576	3977719		minus	hypothetical protein		93524753	protein-coding		WP_005866422.1	47	FQN59_RS16500
NZ_CP042285.1	3978207	3978395		minus	hypothetical protein		93524754	protein-coding		WP_005866426.1	62	FQN59_RS16505
NZ_CP042285.1	3978744	3979979		plus	site-specific integrase		93524755	protein-coding		WP_211737397.1	411	FQN59_RS16510
NZ_CP042285.1	3979992	3980354		plus	RhuM protein		93524756	protein-coding		WP_211737398.1	120	FQN59_RS16515
NZ_CP042285.1	3980436	3980741		minus	helix-turn-helix domain-containing protein		93524757	protein-coding		WP_211737400.1	101	FQN59_RS16520
NZ_CP042285.1	3980738	3981064		minus	helix-turn-helix domain-containing protein		93524758	protein-coding		WP_211737402.1	108	FQN59_RS16525
NZ_CP042285.1	3981289	3981633		plus	helix-turn-helix domain-containing protein		93524759	protein-coding		WP_211739003.1	114	FQN59_RS16530
NZ_CP042285.1	3981637	3981987		plus	helix-turn-helix domain-containing protein		93524760	protein-coding		WP_151881342.1	116	FQN59_RS16535
NZ_CP042285.1	3982008	3983606		plus	DUF3945 domain-containing protein		93524761	protein-coding		WP_211737404.1	532	FQN59_RS16540
NZ_CP042285.1	3983662	3985752		plus	type IA DNA topoisomerase		93524762	protein-coding		WP_211737406.1	696	FQN59_RS16545
NZ_CP042285.1	3985994	3986446		plus	DUF1896 domain-containing protein		93524763	protein-coding		WP_211737408.1	150	FQN59_RS16550
NZ_CP042285.1	3986436	3992300		plus	N-6 DNA methylase		93524764	protein-coding		WP_211737410.1	1954	FQN59_RS16555
NZ_CP042285.1	3992490	3992861		plus	BlaI/MecI/CopY family transcriptional regulator		93524765	protein-coding		WP_211737412.1	123	FQN59_RS16560
NZ_CP042285.1	3992875	3993534		plus	phage head-tail adapter protein		93524766	protein-coding		WP_211737414.1	219	FQN59_RS16565
NZ_CP042285.1	3993531	3994427		plus	class A beta-lactamase	bla	93524767	protein-coding		WP_211737416.1	298	FQN59_RS16570
NZ_CP042285.1	3994432	3995112		plus	zinc ribbon domain-containing protein		93524768	protein-coding		WP_211737419.1	226	FQN59_RS16575
NZ_CP042285.1	3995268	3996071		plus	AraC family transcriptional regulator		93524769	protein-coding		WP_211737421.1	267	FQN59_RS16580
NZ_CP042285.1	3996146	3996511		plus	VOC family protein		93524770	protein-coding		WP_211737423.1	121	FQN59_RS16585
NZ_CP042285.1	3996677	3997036		plus	BlaI/MecI/CopY family transcriptional regulator		93524771	protein-coding		WP_211739005.1	119	FQN59_RS16590
NZ_CP042285.1	3997041	3998399		plus	M56 family metallopeptidase		93524772	protein-coding		WP_211737425.1	452	FQN59_RS16595
NZ_CP042285.1	3998487	3999857		plus	MATE family efflux transporter		93524773	protein-coding		WP_211737426.1	456	FQN59_RS16600
NZ_CP042285.1	3999879	4000316		plus	DUF3795 domain-containing protein		93524774	protein-coding		WP_249222463.1	145	FQN59_RS16605
NZ_CP042285.1	4000360	4001163		plus	META domain-containing protein		93524775	protein-coding		WP_211737428.1	267	FQN59_RS16610
NZ_CP042285.1	4001263	4003572		plus	hybrid sensor histidine kinase/response regulator		93524776	protein-coding		WP_211737430.1	769	FQN59_RS16615
NZ_CP042285.1	4003565	4004887		plus	sigma-54-dependent transcriptional regulator		93524777	protein-coding		WP_211737432.1	440	FQN59_RS16620
NZ_CP042285.1	4005165	4005587		plus	dihydrofolate reductase family protein		93524778	protein-coding		WP_211737434.1	140	FQN59_RS16625
NZ_CP042285.1	4005827	4006444		plus	RteC domain-containing protein		93524779	protein-coding		WP_211737436.1	205	FQN59_RS16630
NZ_CP042285.1	4006585	4008033		plus	Fic family protein		93524780	protein-coding		WP_211737438.1	482	FQN59_RS16635
NZ_CP042285.1	4008036	4008428		plus	hypothetical protein		93524781	protein-coding		WP_211737440.1	130	FQN59_RS16640
NZ_CP042285.1	4008499	4010508		minus	conjugal transfer protein MobC	mobC	93524782	protein-coding		WP_211737441.1	669	FQN59_RS16645
NZ_CP042285.1	4010541	4011791		minus	conjugal transfer protein MobB	mobB	93524783	protein-coding		WP_211737443.1	416	FQN59_RS16650
NZ_CP042285.1	4011770	4012198		minus	conjugal transfer protein MobA	mobA	93524784	protein-coding		WP_211737445.1	142	FQN59_RS16655
NZ_CP042285.1	4012619	4013668		plus	ParA family protein		93524785	protein-coding		WP_211737447.1	349	FQN59_RS16660
NZ_CP042285.1	4013671	4014111		plus	DUF3408 domain-containing protein		93524786	protein-coding		WP_008653334.1	146	FQN59_RS16665
NZ_CP042285.1	4014120	4014473		plus	DUF3408 domain-containing protein		93524787	protein-coding		WP_211737449.1	117	FQN59_RS16670
NZ_CP042285.1	4014493	4015221		plus	conjugal transfer protein TraD		93524788	protein-coding		WP_211737451.1	242	FQN59_RS16675
NZ_CP042285.1	4015424	4015735		plus	DUF4134 domain-containing protein		93524789	protein-coding		WP_007656423.1	103	FQN59_RS16680
NZ_CP042285.1	4015746	4016078		plus	DUF4133 domain-containing protein		93524790	protein-coding		WP_004291514.1	110	FQN59_RS16685
NZ_CP042285.1	4016075	4018579		plus	TraG family conjugative transposon ATPase		93524791	protein-coding		WP_211737453.1	834	FQN59_RS16690
NZ_CP042285.1	4018617	4019000		plus	DUF3876 domain-containing protein		93524792	protein-coding		WP_211737455.1	127	FQN59_RS16695
NZ_CP042285.1	4019031	4019660		plus	DUF4141 domain-containing protein		93524793	protein-coding		WP_005643923.1	209	FQN59_RS16700
NZ_CP042285.1	4019664	4020668		plus	conjugative transposon protein TraJ	traJ	93524794	protein-coding		WP_005643924.1	334	FQN59_RS16705
NZ_CP042285.1	4020700	4021323		plus	conjugative transposon protein TraK	traK	93524795	protein-coding		WP_004308925.1	207	FQN59_RS16710
NZ_CP042285.1	4021329	4021637		plus	TraL conjugative transposon family protein		93524796	protein-coding		WP_005643926.1	102	FQN59_RS16715
NZ_CP042285.1	4021618	4022967		plus	conjugative transposon protein TraM	traM	93524797	protein-coding		WP_211737457.1	449	FQN59_RS16720
NZ_CP042285.1	4023002	4023988		plus	conjugative transposon protein TraN	traN	93524798	protein-coding		WP_211737459.1	328	FQN59_RS16725
NZ_CP042285.1	4023991	4024566		plus	conjugal transfer protein TraO		93524799	protein-coding		WP_005643932.1	191	FQN59_RS16730
NZ_CP042285.1	4024575	4025453		plus	toprim domain-containing protein		93524800	protein-coding		WP_068690141.1	292	FQN59_RS16735
NZ_CP042285.1	4025472	4025978		plus	DUF3872 domain-containing protein		93524801	protein-coding		WP_005643936.1	168	FQN59_RS16740
NZ_CP042285.1	4025975	4026502		plus	glycoside hydrolase family protein		93524802	protein-coding		WP_005827312.1	175	FQN59_RS16745
NZ_CP042285.1	4026565	4026786		minus	DUF7688 family protein		93524803	protein-coding		WP_004310300.1	73	FQN59_RS16750
NZ_CP042285.1	4026903	4027211		minus	hypothetical protein		93524804	protein-coding		WP_004310301.1	102	FQN59_RS16755
NZ_CP042285.1	4027265	4027570		minus	DUF6956 domain-containing protein		93524805	protein-coding		WP_005643944.1	101	FQN59_RS16760
NZ_CP042285.1	4027510	4027740		minus	DUF3873 domain-containing protein		93524806	protein-coding		WP_005643946.1	76	FQN59_RS16765
NZ_CP042285.1	4027761	4028018		minus	hypothetical protein		93524807	protein-coding		WP_005827305.1	85	FQN59_RS16770
NZ_CP042285.1	4028043	4029308		minus	PcfJ domain-containing protein		93524808	protein-coding		WP_004310303.1	421	FQN59_RS16775
NZ_CP042285.1	4029305	4029724		minus	PcfK-like family protein		93524809	protein-coding		WP_004310304.1	139	FQN59_RS16780
NZ_CP042285.1	4029748	4029969		minus	hypothetical protein		93524810	protein-coding		WP_005643956.1	73	FQN59_RS16785
NZ_CP042285.1	4029981	4030196		minus	hypothetical protein		93524811	protein-coding		WP_005643957.1	71	FQN59_RS16790
NZ_CP042285.1	4030204	4030539		minus	hypothetical protein		93524812	protein-coding		WP_004310306.1	111	FQN59_RS16795
NZ_CP042285.1	4030602	4031012		minus	hypothetical protein		93524813	protein-coding		WP_005827299.1	136	FQN59_RS16800
NZ_CP042285.1	4031592	4032755		minus	Gfo/Idh/MocA family protein		93524814	protein-coding		WP_005854857.1	387	FQN59_RS16805
NZ_CP042285.1	4032777	4033553		minus	3-keto-disaccharide hydrolase		93524815	protein-coding		WP_008773367.1	258	FQN59_RS16810
NZ_CP042285.1	4033722	4034615		plus	AraC family transcriptional regulator		93524816	protein-coding		WP_005854860.1	297	FQN59_RS16815
NZ_CP042285.1	4034690	4035280		minus	sugar O-acetyltransferase		93524817	protein-coding		WP_005854862.1	196	FQN59_RS16820
NZ_CP042285.1	4035345	4036274		minus	glycyl-radical enzyme activating protein		93524818	protein-coding		WP_211737461.1	309	FQN59_RS16825
NZ_CP042285.1	4036264	4038543		minus	pyruvate formate lyase family protein		93524819	protein-coding		WP_211737463.1	759	FQN59_RS16830
NZ_CP042285.1	4038609	4039349		minus	N-acetylmannosamine-6-phosphate 2-epimerase		93524820	protein-coding		WP_005854869.1	246	FQN59_RS16835
NZ_CP042285.1	4039361	4040326		minus	ROK family protein		93524821	protein-coding		WP_005854871.1	321	FQN59_RS16840
NZ_CP042285.1	4040533	4040970		minus	DUF5606 domain-containing protein		93524822	protein-coding		WP_005854873.1	145	FQN59_RS16845
NZ_CP042285.1	4041182	4041763		minus	dephospho-CoA kinase	coaE	93524823	protein-coding		WP_211737465.1	193	FQN59_RS16850
NZ_CP042285.1	4041756	4042769		minus	YbbR-like domain-containing protein		93524824	protein-coding		WP_195392921.1	337	FQN59_RS16855
NZ_CP042285.1	4042784	4043098		minus	preprotein translocase subunit YajC	yajC	93524825	protein-coding		WP_005864940.1	104	FQN59_RS16860
NZ_CP042285.1	4043161	4044087		minus	transcription antitermination factor NusB	nusB	93524826	protein-coding		WP_005864942.1	308	FQN59_RS16865
NZ_CP042285.1	4044311	4044700		plus	DUF3276 family protein		93524827	protein-coding		WP_005864945.1	129	FQN59_RS16870
NZ_CP042285.1	4044808	4044978		minus	DUF362 domain-containing protein		93524828	protein-coding		WP_005854886.1	56	FQN59_RS16875
NZ_CP042285.1	4045132	4045833		plus	porin family protein		93524829	protein-coding		WP_008778155.1	233	FQN59_RS16880
NZ_CP042285.1	4045820	4046653		minus	phosphatidate cytidylyltransferase		93524830	protein-coding		WP_048927667.1	277	FQN59_RS16885
NZ_CP042285.1	4046796	4048850		minus	ATP-dependent zinc metalloprotease FtsH	ftsH	93524831	protein-coding		WP_036612872.1	684	FQN59_RS16890
NZ_CP042285.1	4048881	4049240		minus	ribosome silencing factor	rsfS	93524832	protein-coding		WP_005854895.1	119	FQN59_RS16895
NZ_CP042285.1	4049528	4049598		plus	tRNA-Gln		93524833	tRNA				FQN59_RS16900
NZ_CP042285.1	4049631	4049701		plus	tRNA-Gln		93524834	tRNA				FQN59_RS16905
NZ_CP042285.1	4049764	4051080		minus	ABC transporter permease		93524835	protein-coding		WP_211737467.1	438	FQN59_RS16910
NZ_CP042285.1	4051077	4051949		minus	ABC transporter ATP-binding protein		93524836	protein-coding		WP_008780206.1	290	FQN59_RS16915
NZ_CP042285.1	4051963	4054080		minus	DNA primase	dnaG	93524837	protein-coding		WP_129984559.1	705	FQN59_RS16920
NZ_CP042285.1	4054306	4054842		plus	UpxY family transcription antiterminator		93524838	protein-coding		WP_122114779.1	178	FQN59_RS16925
NZ_CP042285.1	4055009	4055305		plus	nucleotidyltransferase family protein		93524839	protein-coding		WP_005864960.1	98	FQN59_RS16930
NZ_CP042285.1	4055427	4055681		plus	HepT-like ribonuclease domain-containing protein		93524840	protein-coding		WP_227154518.1	84	FQN59_RS16935
NZ_CP042285.1	4055856	4056185		plus	hypothetical protein		93524841	protein-coding		WP_005864966.1	109	FQN59_RS16945
NZ_CP042285.1	4056667	4058601		plus	polysaccharide biosynthesis protein		93524842	protein-coding		WP_211737469.1	644	FQN59_RS16950
NZ_CP042285.1	4059022	4059957		plus	DegT/DnrJ/EryC1/StrS family aminotransferase		93524843	protein-coding		WP_005864974.1	311	FQN59_RS16955
NZ_CP042285.1	4059969	4060625		plus	sugar transferase		93524844	protein-coding		WP_005864976.1	218	FQN59_RS16960
NZ_CP042285.1	4060730	4061695		plus	GNAT family N-acetyltransferase		93524845	protein-coding		WP_005864979.1	321	FQN59_RS16965
NZ_CP042285.1	4061698	4062609		plus	1-aminocyclopropane-1-carboxylate deaminase/D-cysteine desulfhydrase		93524846	protein-coding		WP_227154456.1	303	FQN59_RS16970
NZ_CP042285.1	4062611	4063582		plus	ATP-grasp domain-containing protein		93524847	protein-coding		WP_005864983.1	323	FQN59_RS16975
NZ_CP042285.1	4063633	4064169		plus	acyltransferase		93524848	protein-coding		WP_233523164.1	178	FQN59_RS16980
NZ_CP042285.1	4064209	4065414		plus	EpsG family protein		93524849	protein-coding		WP_057326714.1	401	FQN59_RS16985
NZ_CP042285.1	4065441	4066400		plus	glycosyltransferase family 2 protein		93524850	protein-coding		WP_005864990.1	319	FQN59_RS16990
NZ_CP042285.1	4066397	4067500		plus	polysaccharide pyruvyl transferase family protein		93524851	protein-coding		WP_057326706.1	367	FQN59_RS16995
NZ_CP042285.1	4067516	4068775		plus	oligosaccharide flippase family protein		93524852	protein-coding		WP_005864995.1	419	FQN59_RS17000
NZ_CP042285.1	4068747	4069958		plus	Coenzyme F420 hydrogenase/dehydrogenase, beta subunit C-terminal domain		93524853	protein-coding		WP_121963142.1	403	FQN59_RS17005
NZ_CP042285.1	4070344	4071597		plus	DegT/DnrJ/EryC1/StrS family aminotransferase		93524854	protein-coding		WP_211737471.1	417	FQN59_RS17010
NZ_CP042285.1	4071683	4072048		plus	polysaccharide biosynthesis protein		93524855	protein-coding		WP_121963143.1	121	FQN59_RS17015
NZ_CP042285.1	4072193	4075492		plus	AsmA-like C-terminal region-containing protein		93524856	protein-coding		WP_170104851.1	1099	FQN59_RS17020
NZ_CP042285.1	4075484	4076623		minus	dTDP-glucose 4,6-dehydratase	rfbB	93524857	protein-coding		WP_057317212.1	379	FQN59_RS17025
NZ_CP042285.1	4076637	4077194		minus	dTDP-4-dehydrorhamnose 3,5-epimerase	rfbC	93524858	protein-coding		WP_057327325.1	185	FQN59_RS17030
NZ_CP042285.1	4077360	4077431		plus	tRNA-Cys		93524859	tRNA				FQN59_RS17035
NZ_CP042285.1	4077483	4077554		plus	tRNA-Cys		93524860	tRNA				FQN59_RS17040
NZ_CP042285.1	4078559	4078804		minus	hypothetical protein		93524861	protein-coding		WP_009275884.1	81	FQN59_RS17045
NZ_CP042285.1	4078830	4079141		minus	SH3 beta-barrel fold-containing protein		93524862	protein-coding		WP_009275885.1	103	FQN59_RS17050
NZ_CP042285.1	4079173	4079313		minus	hypothetical protein		93524863	protein-coding		WP_009275886.1	46	FQN59_RS17055
NZ_CP042285.1	4079483	4079731		plus	helix-turn-helix domain-containing protein		93524864	protein-coding		WP_008779333.1	82	FQN59_RS17060
NZ_CP042285.1	4079734	4080285		plus	protein adenylyltransferase Fic	fic	93524865	protein-coding		WP_009275887.1	183	FQN59_RS17065
NZ_CP042285.1	4080676	4080819		minus	hypothetical protein		93524866	protein-coding		WP_010183581.1	47	FQN59_RS17070
NZ_CP042285.1	4081517	4081789		minus	hypothetical protein		93524867	protein-coding		WP_009275889.1	90	FQN59_RS17075
NZ_CP042285.1	4081800	4082405		minus	hypothetical protein		93524868	protein-coding		WP_009275890.1	201	FQN59_RS17080
NZ_CP042285.1	4082431	4082709		minus	hypothetical protein		93524869	protein-coding		WP_009275891.1	92	FQN59_RS17085
NZ_CP042285.1	4082712	4083593		minus	BT4734/BF3469 family protein		93524870	protein-coding		WP_009275892.1	293	FQN59_RS17090
NZ_CP042285.1	4083740	4085050		minus	DUF3987 domain-containing protein		93524871	protein-coding		WP_010183576.1	436	FQN59_RS17095
NZ_CP042285.1	4085043	4085384		minus	hypothetical protein		93524872	protein-coding		WP_009275894.1	113	FQN59_RS17100
NZ_CP042285.1	4085387	4085686		minus	helix-turn-helix domain-containing protein		93524873	protein-coding		WP_009275895.1	99	FQN59_RS17105
NZ_CP042285.1	4086024	4087346		minus	site-specific integrase		93524874	protein-coding		WP_009275896.1	440	FQN59_RS17110
NZ_CP042285.1	4087923	4089443		plus	glutamine-hydrolyzing GMP synthase	guaA	93524875	protein-coding		WP_005854975.1	506	FQN59_RS17115
NZ_CP042285.1	4089495	4090802		plus	glutamine-hydrolyzing GMP synthase	guaA	93524876	protein-coding		WP_008773324.1	435	FQN59_RS17120
NZ_CP042285.1	4090891	4091628		minus	3-keto-disaccharide hydrolase		93524877	protein-coding		WP_005854980.1	245	FQN59_RS17125
NZ_CP042285.1	4091738	4092436		minus	16S rRNA (uracil(1498)-N(3))-methyltransferase		93524878	protein-coding		WP_005854983.1	232	FQN59_RS17130
NZ_CP042285.1	4092468	4093784		minus	NupC/NupG family nucleoside CNT transporter		93524879	protein-coding		WP_057327342.1	438	FQN59_RS17135
NZ_CP042285.1	4093781	4094422		minus	bifunctional nuclease family protein		93524880	protein-coding		WP_005854990.1	213	FQN59_RS17140
NZ_CP042285.1	4094495	4096495		minus	sensor histidine kinase		93525953	protein-coding		WP_233563941.1	666	FQN59_RS22635
NZ_CP042285.1	4096733	4097530		minus	M48 family metallopeptidase		93524881	protein-coding		WP_008773322.1	265	FQN59_RS17150
NZ_CP042285.1	4097539	4098468		minus	DUF5106 domain-containing protein		93524882	protein-coding		WP_008780245.1	309	FQN59_RS17155
NZ_CP042285.1	4098550	4099437		plus	LysR family transcriptional regulator		93524883	protein-coding		WP_211737473.1	295	FQN59_RS17160
NZ_CP042285.1	4099547	4100602		plus	YeiH family protein		93524884	protein-coding		WP_022191709.1	351	FQN59_RS17165
NZ_CP042285.1	4100689	4103034		plus	transglycosylase domain-containing protein		93524885	protein-coding		WP_211737475.1	781	FQN59_RS17170
NZ_CP042285.1	4103265	4104830		plus	glycerol-3-phosphate dehydrogenase/oxidase		93524886	protein-coding		WP_048928651.1	521	FQN59_RS17175
NZ_CP042285.1	4104863	4106362		plus	glycerol kinase GlpK	glpK	93524887	protein-coding		WP_048928652.1	499	FQN59_RS17180
NZ_CP042285.1	4106419	4107156		plus	MIP/aquaporin family protein		93524888	protein-coding		WP_005855011.1	245	FQN59_RS17185
NZ_CP042285.1	4107122	4107601		minus	hydrogenase maturation protease		93524889	protein-coding		WP_196009473.1	159	FQN59_RS17190
NZ_CP042285.1	4107598	4108335		minus	Ni/Fe-hydrogenase, b-type cytochrome subunit	cybH	93524890	protein-coding		WP_005865039.1	245	FQN59_RS17195
NZ_CP042285.1	4108350	4110071		minus	nickel-dependent hydrogenase large subunit		93524891	protein-coding		WP_048928653.1	573	FQN59_RS17200
NZ_CP042285.1	4110087	4111184		minus	hydrogenase small subunit		93524892	protein-coding		WP_005865043.1	365	FQN59_RS17205
NZ_CP042285.1	4111204	4112253		minus	hydrogenase expression/formation protein HypE	hypE	93524893	protein-coding		WP_048928654.1	349	FQN59_RS17210
NZ_CP042285.1	4112260	4113339		minus	hydrogenase formation protein HypD	hypD	93524894	protein-coding		WP_048928655.1	359	FQN59_RS17215
NZ_CP042285.1	4113327	4113560		minus	HypC/HybG/HupF family hydrogenase formation chaperone		93524895	protein-coding		WP_005865048.1	77	FQN59_RS17220
NZ_CP042285.1	4113720	4116002		plus	carbamoyltransferase HypF	hypF	93524896	protein-coding		WP_122297677.1	760	FQN59_RS17225
NZ_CP042285.1	4116015	4116362		plus	hydrogenase maturation nickel metallochaperone HypA	hypA	93524897	protein-coding		WP_048928657.1	115	FQN59_RS17230
NZ_CP042285.1	4116392	4117144		plus	hydrogenase nickel incorporation protein HypB	hypB	93524898	protein-coding		WP_048928658.1	250	FQN59_RS17235
NZ_CP042285.1	4117224	4119284		plus	acetate--CoA ligase family protein		93524899	protein-coding		WP_005855031.1	686	FQN59_RS17240
NZ_CP042285.1	4119347	4119964		minus	recombinase family protein		93524900	protein-coding		WP_005855033.1	205	FQN59_RS17245
NZ_CP042285.1	4120104	4120190		minus	tRNA-Ser		93524901	tRNA				FQN59_RS17250
NZ_CP042285.1	4120330	4121379		plus	endolytic transglycosylase MltG	mltG	93524902	protein-coding		WP_087346848.1	349	FQN59_RS17255
NZ_CP042285.1	4121484	4123085		plus	thiamine pyrophosphate-dependent enzyme		93524903	protein-coding		WP_121962815.1	533	FQN59_RS17260
NZ_CP042285.1	4123082	4123663		plus	indolepyruvate oxidoreductase subunit beta		93524904	protein-coding		WP_034531934.1	193	FQN59_RS17265
NZ_CP042285.1	4123878	4124387		plus	TlpA family protein disulfide reductase		93524905	protein-coding		WP_029257199.1	169	FQN59_RS17270
NZ_CP042285.1	4124393	4125181		plus	4Fe-4S binding protein		93524906	protein-coding		WP_005865064.1	262	FQN59_RS17275
NZ_CP042285.1	4125303	4127729		plus	alpha-L-rhamnosidase N-terminal domain-containing protein		93524907	protein-coding		WP_211737477.1	808	FQN59_RS17280
NZ_CP042285.1	4127741	4129471		plus	bifunctional metallophosphatase/5'-nucleotidase		93524908	protein-coding		WP_211737479.1	576	FQN59_RS17285
NZ_CP042285.1	4129712	4129936		minus	hypothetical protein		93524909	protein-coding		WP_005865070.1	74	FQN59_RS17290
NZ_CP042285.1	4130461	4131985		plus	16S ribosomal RNA		93524910	rRNA				FQN59_RS17295
NZ_CP042285.1	4132138	4132211		plus	tRNA-Ile		93524911	tRNA				FQN59_RS17300
NZ_CP042285.1	4132222	4132295		plus	tRNA-Ala		93524912	tRNA				FQN59_RS17305
NZ_CP042285.1	4132401	4135277		plus	23S ribosomal RNA		93524913	rRNA				FQN59_RS17310
NZ_CP042285.1	4135361	4135471		plus	5S ribosomal RNA	rrf	93524914	rRNA				FQN59_RS17315
NZ_CP042285.1	4135610	4136491		plus	alpha/beta hydrolase		93524915	protein-coding		WP_122379193.1	293	FQN59_RS17320
NZ_CP042285.1	4136698	4139010		plus	beta-glucosidase BglX	bglX	93524916	protein-coding		WP_211737481.1	770	FQN59_RS17325
NZ_CP042285.1	4139325	4140494		plus	site-specific integrase		93524917	protein-coding		WP_009276233.1	389	FQN59_RS17330
NZ_CP042285.1	4140540	4141400		plus	hypothetical protein		93524918	protein-coding		WP_009276234.1	286	FQN59_RS17335
NZ_CP042285.1	4141578	4141874		plus	helix-turn-helix transcriptional regulator		93524919	protein-coding		WP_009276235.1	98	FQN59_RS17340
NZ_CP042285.1	4141871	4142887		plus	phage/plasmid replication domain-containing protein		93524920	protein-coding		WP_211737484.1	338	FQN59_RS17345
NZ_CP042285.1	4143148	4143444		plus	nucleotidyltransferase family protein		93524921	protein-coding		WP_005865085.1	98	FQN59_RS17350
NZ_CP042285.1	4143428	4143769		plus	HepT-like ribonuclease domain-containing protein		93524922	protein-coding		WP_011967093.1	113	FQN59_RS17355
NZ_CP042285.1	4144382	4145647		plus	hypothetical protein		93524923	protein-coding		WP_211737486.1	421	FQN59_RS17360
NZ_CP042285.1	4145660	4146121		plus	hypothetical protein		93524924	protein-coding		WP_211737488.1	153	FQN59_RS17365
NZ_CP042285.1	4146587	4146889		plus	hypothetical protein		93524925	protein-coding		WP_211737490.1	100	FQN59_RS17370
NZ_CP042285.1	4147076	4148215		plus	hypothetical protein		93524926	protein-coding		WP_211737492.1	379	FQN59_RS17375
NZ_CP042285.1	4148197	4149222		plus	radical SAM/SPASM domain-containing protein		93524927	protein-coding		WP_211737494.1	341	FQN59_RS17380
NZ_CP042285.1	4149284	4149586		plus	hypothetical protein		93524928	protein-coding		WP_211737496.1	100	FQN59_RS17385
NZ_CP042285.1	4149604	4150203		plus	hypothetical protein		93524929	protein-coding		WP_211737498.1	199	FQN59_RS17390
NZ_CP042285.1	4150499	4150898		plus	transfer-messenger RNA	ssrA	93524930	other				FQN59_RS17395
NZ_CP042285.1	4150939	4151760		minus	M23 family metallopeptidase		93524931	protein-coding		WP_008771615.1	273	FQN59_RS17400
NZ_CP042285.1	4152184	4152486		plus	helix-turn-helix transcriptional regulator		93524932	protein-coding		WP_005865121.1	100	FQN59_RS17405
NZ_CP042285.1	4152736	4153731		plus	TRAP transporter substrate-binding protein		93524933	protein-coding		WP_005855377.1	331	FQN59_RS17410
NZ_CP042285.1	4153715	4154185		plus	TRAP transporter small permease		93524934	protein-coding		WP_048927709.1	156	FQN59_RS17415
NZ_CP042285.1	4154198	4155496		plus	TRAP transporter large permease		93524935	protein-coding		WP_008780864.1	432	FQN59_RS17420
NZ_CP042285.1	4155675	4156853		minus	mannonate dehydratase	uxuA	93524936	protein-coding		WP_005855384.1	392	FQN59_RS17425
NZ_CP042285.1	4156936	4157748		minus	SDR family oxidoreductase		93524937	protein-coding		WP_005855387.1	270	FQN59_RS17430
NZ_CP042285.1	4157748	4158809		minus	LacI family DNA-binding transcriptional regulator		93524938	protein-coding		WP_122369684.1	353	FQN59_RS17435
NZ_CP042285.1	4158844	4159470		minus	hypothetical protein		93524939	protein-coding		WP_005865135.1	208	FQN59_RS17440
NZ_CP042285.1	4159772	4160983		plus	efflux RND transporter periplasmic adaptor subunit		93524940	protein-coding		WP_008771622.1	403	FQN59_RS17445
NZ_CP042285.1	4161037	4164258		plus	efflux RND transporter permease subunit		93524941	protein-coding		WP_005865138.1	1073	FQN59_RS17450
NZ_CP042285.1	4164262	4165653		plus	TolC family protein		93524942	protein-coding		WP_005865140.1	463	FQN59_RS17455
NZ_CP042285.1	4165677	4166444		plus	acyl-ACP--UDP-N-acetylglucosamine O-acyltransferase	lpxA	93524943	protein-coding		WP_122369682.1	255	FQN59_RS17460
NZ_CP042285.1	4166627	4167088		plus	hypothetical protein		93524944	protein-coding		WP_122145681.1	153	FQN59_RS17465
NZ_CP042285.1	4167359	4168300		minus	malate dehydrogenase	mdh	93524945	protein-coding		WP_005855409.1	313	FQN59_RS17470
NZ_CP042285.1	4168573	4171350		plus	SusC/RagA family TonB-linked outer membrane protein		93524946	protein-coding		WP_122369680.1	925	FQN59_RS17475
NZ_CP042285.1	4171363	4172988		plus	RagB/SusD family nutrient uptake outer membrane protein		93524947	protein-coding		WP_057327088.1	541	FQN59_RS17480
NZ_CP042285.1	4173078	4173371		plus	nucleotidyltransferase family protein		93524948	protein-coding		WP_048927716.1	97	FQN59_RS17485
NZ_CP042285.1	4173364	4173744		plus	HepT-like ribonuclease domain-containing protein		93524949	protein-coding		WP_170104864.1	126	FQN59_RS17490
NZ_CP042285.1	4173786	4174970		minus	class I SAM-dependent rRNA methyltransferase		93524950	protein-coding		WP_057327090.1	394	FQN59_RS17495
NZ_CP042285.1	4174971	4175552		minus	3'-5' exonuclease		93524951	protein-coding		WP_005855416.1	193	FQN59_RS17500
NZ_CP042285.1	4175549	4176097		minus	DUF5063 domain-containing protein		93524952	protein-coding		WP_005865156.1	182	FQN59_RS17505
NZ_CP042285.1	4176309	4177694		plus	aldo/keto reductase		93524953	protein-coding		WP_009017539.1	461	FQN59_RS17510
NZ_CP042285.1	4177716	4179236		plus	4Fe-4S binding protein		93524954	protein-coding		WP_211737500.1	506	FQN59_RS17515
NZ_CP042285.1	4179393	4181921		plus	FtsK/SpoIIIE family DNA translocase		93524955	protein-coding		WP_022193092.1	842	FQN59_RS17520
NZ_CP042285.1	4181924	4182598		plus	LolA family protein		93524956	protein-coding		WP_121772995.1	224	FQN59_RS17525
NZ_CP042285.1	4182636	4183589		plus	thioredoxin-disulfide reductase	trxB	93524957	protein-coding		WP_211737503.1	317	FQN59_RS17530
NZ_CP042285.1	4183662	4184438		plus	glycerophosphodiester phosphodiesterase family protein		93524958	protein-coding		WP_211737505.1	258	FQN59_RS17535
NZ_CP042285.1	4184451	4185938		plus	glycoside hydrolase family 10 protein		93524959	protein-coding		WP_211737507.1	495	FQN59_RS17540
NZ_CP042285.1	4185984	4186412		plus	hypothetical protein		93524960	protein-coding		WP_008771636.1	142	FQN59_RS17545
NZ_CP042285.1	4186526	4188763		plus	TonB-dependent receptor plug domain-containing protein		93524961	protein-coding		WP_122145676.1	745	FQN59_RS17550
NZ_CP042285.1	4188924	4189274		plus	cation transporter		93524962	protein-coding		WP_211737509.1	116	FQN59_RS17555
NZ_CP042285.1	4189443	4189970		plus	RNA polymerase sigma factor		93524963	protein-coding		WP_005865183.1	175	FQN59_RS17560
NZ_CP042285.1	4189977	4191245		plus	porin family protein		93524964	protein-coding		WP_211737511.1	422	FQN59_RS17565
NZ_CP042285.1	4191301	4192074		plus	hypothetical protein		93524965	protein-coding		WP_211737514.1	257	FQN59_RS17570
NZ_CP042285.1	4192203	4192964		plus	hypothetical protein		93524966	protein-coding		WP_211737515.1	253	FQN59_RS17575
NZ_CP042285.1	4192970	4193719		plus	hypothetical protein		93524967	protein-coding		WP_211737517.1	249	FQN59_RS17580
NZ_CP042285.1	4193753	4194319		plus	YIP1 family protein		93524968	protein-coding		WP_005865193.1	188	FQN59_RS17585
NZ_CP042285.1	4194334	4194795		plus	SsrA-binding protein SmpB	smpB	93524969	protein-coding		WP_005855460.1	153	FQN59_RS17590
NZ_CP042285.1	4194802	4195761		plus	nucleoside recognition domain-containing protein		93524970	protein-coding		WP_005855462.1	319	FQN59_RS17595
NZ_CP042285.1	4195754	4199446		plus	methionine synthase	metH	93524971	protein-coding		WP_211737520.1	1230	FQN59_RS17600
NZ_CP042285.1	4199565	4201121		minus	M81 family metallopeptidase		93524972	protein-coding		WP_195392935.1	518	FQN59_RS17605
NZ_CP042285.1	4201156	4202667		minus	RagB/SusD family nutrient uptake outer membrane protein		93524973	protein-coding		WP_211737522.1	503	FQN59_RS17610
NZ_CP042285.1	4202681	4205875		minus	SusC/RagA family TonB-linked outer membrane protein		93524974	protein-coding		WP_172618159.1	1064	FQN59_RS17615
NZ_CP042285.1	4206782	4207714		plus	tyrosine-type recombinase/integrase		93524975	protein-coding		WP_048927729.1	310	FQN59_RS17620
NZ_CP042285.1	4208134	4208796		plus	transcription termination/antitermination NusG family protein		93524976	protein-coding		WP_005865210.1	220	FQN59_RS17625
NZ_CP042285.1	4208806	4209243		plus	hypothetical protein		93524977	protein-coding		WP_048927730.1	145	FQN59_RS17630
NZ_CP042285.1	4209482	4211431		plus	polysaccharide biosynthesis protein		93524978	protein-coding		WP_036613982.1	649	FQN59_RS17635
NZ_CP042285.1	4211467	4211895		plus	BT0820 family HAD-type phosphatase		93524979	protein-coding		WP_008780890.1	142	FQN59_RS17640
NZ_CP042285.1	4211945	4212742		plus	polysaccharide biosynthesis/export family protein		93524980	protein-coding		WP_005855491.1	265	FQN59_RS17645
NZ_CP042285.1	4212773	4215220		plus	GumC family protein		93524981	protein-coding		WP_211737524.1	815	FQN59_RS17650
NZ_CP042285.1	4215272	4216249		plus	glycosyltransferase family 2 protein		93524982	protein-coding		WP_009276273.1	325	FQN59_RS17655
NZ_CP042285.1	4216297	4217730		plus	O-antigen polysaccharide polymerase Wzy family protein		93524983	protein-coding		WP_211737526.1	477	FQN59_RS17660
NZ_CP042285.1	4217760	4219274		plus	oligosaccharide flippase family protein		93524984	protein-coding		WP_009276275.1	504	FQN59_RS17665
NZ_CP042285.1	4219342	4220589		plus	glycosyltransferase		93524985	protein-coding		WP_009276276.1	415	FQN59_RS17670
NZ_CP042285.1	4220676	4221869		plus	ATP-grasp domain-containing protein		93524986	protein-coding		WP_226766751.1	397	FQN59_RS17675
NZ_CP042285.1	4221873	4222472		plus	sugar transferase		93524987	protein-coding		WP_009276278.1	199	FQN59_RS17680
NZ_CP042285.1	4222472	4223677		plus	ATP-grasp domain-containing protein		93524988	protein-coding		WP_009276279.1	401	FQN59_RS17685
NZ_CP042285.1	4223726	4224925		plus	DegT/DnrJ/EryC1/StrS family aminotransferase		93524989	protein-coding		WP_211737528.1	399	FQN59_RS17690
NZ_CP042285.1	4225576	4226625		plus	DUF3810 domain-containing protein		93524990	protein-coding		WP_211737530.1	349	FQN59_RS17695
NZ_CP042285.1	4226634	4228841		minus	alpha-galactosidase		93524991	protein-coding		WP_211737532.1	735	FQN59_RS17700
NZ_CP042285.1	4229067	4232489		plus	isoleucine--tRNA ligase	ileS	93524992	protein-coding		WP_211737534.1	1140	FQN59_RS17705
NZ_CP042285.1	4232657	4233037		plus	TraR/DksA family transcriptional regulator		93524993	protein-coding		WP_005855535.1	126	FQN59_RS17710
NZ_CP042285.1	4233038	4233655		plus	lipoprotein signal peptidase		93524994	protein-coding		WP_005865261.1	205	FQN59_RS17715
NZ_CP042285.1	4233656	4234441		plus	DUF4296 domain-containing protein		93524995	protein-coding		WP_008778515.1	261	FQN59_RS17720
NZ_CP042285.1	4234718	4235485		minus	TrmH family RNA methyltransferase		93524996	protein-coding		WP_005855539.1	255	FQN59_RS17725
NZ_CP042285.1	4235562	4237922		plus	BamA/TamA family outer membrane protein		93524997	protein-coding		WP_005865267.1	786	FQN59_RS17730
NZ_CP042285.1	4238001	4238074		plus	tRNA-Arg		93524998	tRNA				FQN59_RS17735
NZ_CP042285.1	4238318	4238617		plus	thioredoxin	trxA	93524999	protein-coding		WP_008771664.1	99	FQN59_RS17740
NZ_CP042285.1	4238614	4240197		minus	YfcC family protein		93525000	protein-coding		WP_211737536.1	527	FQN59_RS17745
NZ_CP042285.1	4240194	4241465		minus	DNA recombination protein RmuC		93525001	protein-coding		WP_057319752.1	423	FQN59_RS17750
NZ_CP042285.1	4241630	4242130		plus	thiol peroxidase	tpx	93525002	protein-coding		WP_005865275.1	166	FQN59_RS17755
NZ_CP042285.1	4242228	4242908		minus	ABC transporter ATP-binding protein		93525003	protein-coding		WP_005865277.1	226	FQN59_RS17760
NZ_CP042285.1	4242958	4245300		minus	ABC transporter permease		93525004	protein-coding		WP_211737538.1	780	FQN59_RS17765
NZ_CP042285.1	4245476	4246000		plus	response regulator		93525005	protein-coding		WP_036613417.1	174	FQN59_RS17770
NZ_CP042285.1	4245997	4246839		plus	sensor histidine kinase		93525006	protein-coding		WP_008771670.1	280	FQN59_RS17775
NZ_CP042285.1	4246854	4248161		plus	MATE family efflux transporter		93525007	protein-coding		WP_211737541.1	435	FQN59_RS17780
NZ_CP042285.1	4248298	4250007		minus	acyl-CoA dehydrogenase family protein		93525008	protein-coding		WP_048927739.1	569	FQN59_RS17785
NZ_CP042285.1	4250010	4251029		minus	electron transfer flavoprotein subunit alpha/FixB family protein		93525009	protein-coding		WP_087346086.1	339	FQN59_RS17790
NZ_CP042285.1	4251034	4251939		minus	electron transfer flavoprotein subunit beta/FixA family protein		93525010	protein-coding		WP_122378966.1	301	FQN59_RS17795
NZ_CP042285.1	4252095	4253480		minus	MFS transporter		93525011	protein-coding		WP_211737542.1	461	FQN59_RS17800
NZ_CP042285.1	4253592	4254701		minus	hypothetical protein		93525012	protein-coding		WP_008778512.1	369	FQN59_RS17805
NZ_CP042285.1	4254698	4257550		minus	aminomethyl-transferring glycine dehydrogenase	gcvP	93525013	protein-coding		WP_057327316.1	950	FQN59_RS17810
NZ_CP042285.1	4257563	4258201		minus	MBL fold metallo-hydrolase		93525014	protein-coding		WP_044545423.1	212	FQN59_RS17815
NZ_CP042285.1	4258198	4258890		minus	16S rRNA (guanine(527)-N(7))-methyltransferase RsmG	rsmG	93525015	protein-coding		WP_182318880.1	230	FQN59_RS17820
NZ_CP042285.1	4258904	4259755		minus	DUF3298 and DUF4163 domain-containing protein		93525016	protein-coding		WP_005855566.1	283	FQN59_RS17825
NZ_CP042285.1	4259957	4260391		minus	hypothetical protein		93525017	protein-coding		WP_005865304.1	144	FQN59_RS17830
NZ_CP042285.1	4261236	4261520		minus	hypothetical protein		93525954	protein-coding		WP_227793693.1	94	FQN59_RS22640
NZ_CP042285.1	4261916	4263730		plus	glycoside hydrolase family 2 protein		93525018	protein-coding		WP_057327186.1	604	FQN59_RS17840
NZ_CP042285.1	4263826	4264323		plus	GNAT family N-acetyltransferase		93525019	protein-coding		WP_009276293.1	165	FQN59_RS17845
NZ_CP042285.1	4264390	4264995		plus	DUF4290 domain-containing protein		93525020	protein-coding		WP_005855584.1	201	FQN59_RS17850
NZ_CP042285.1	4264992	4266296		plus	UDP-N-acetylglucosamine 1-carboxyvinyltransferase	murA	93525021	protein-coding		WP_005855586.1	434	FQN59_RS17855
NZ_CP042285.1	4266309	4266842		plus	ribosome maturation factor RimM	rimM	93525022	protein-coding		WP_005865312.1	177	FQN59_RS17860
NZ_CP042285.1	4266853	4267716		plus	M23 family metallopeptidase		93525023	protein-coding		WP_122378967.1	287	FQN59_RS17865
NZ_CP042285.1	4267723	4268874		plus	1-deoxy-D-xylulose-5-phosphate reductoisomerase		93525024	protein-coding		WP_158532482.1	383	FQN59_RS17870
NZ_CP042285.1	4268905	4270233		plus	RIP metalloprotease RseP	rseP	93525025	protein-coding		WP_158532481.1	442	FQN59_RS17875
NZ_CP042285.1	4270325	4271068		minus	tetratricopeptide repeat protein		93525026	protein-coding		WP_005855602.1	247	FQN59_RS17880
NZ_CP042285.1	4271224	4272318		minus	alanine dehydrogenase	ald	93525027	protein-coding		WP_005865321.1	364	FQN59_RS17885
NZ_CP042285.1	4272415	4275795		minus	preprotein translocase subunit SecA	secA	93525028	protein-coding		WP_005855607.1	1126	FQN59_RS17890
NZ_CP042285.1	4275928	4277514		minus	alkaline phosphatase family protein		93525029	protein-coding		WP_121773019.1	528	FQN59_RS17895
NZ_CP042285.1	4277511	4278698		minus	DUF4105 domain-containing protein		93525030	protein-coding		WP_122144503.1	395	FQN59_RS17900
NZ_CP042285.1	4279061	4279133		minus	tRNA-Gly		93525031	tRNA				FQN59_RS17905
NZ_CP042285.1	4279211	4279978		plus	acetylglutamate kinase	argB	93525032	protein-coding		WP_036651497.1	255	FQN59_RS17910
NZ_CP042285.1	4280030	4280698		minus	3-keto-disaccharide hydrolase		93525033	protein-coding		WP_008771694.1	222	FQN59_RS17915
NZ_CP042285.1	4281258	4284503		plus	SusC/RagA family TonB-linked outer membrane protein		93525034	protein-coding		WP_211737545.1	1081	FQN59_RS17920
NZ_CP042285.1	4284529	4286016		plus	SusD/RagB family nutrient-binding outer membrane lipoprotein		93525035	protein-coding		WP_057327194.1	495	FQN59_RS17925
NZ_CP042285.1	4286153	4287625		plus	ATP-binding cassette domain-containing protein		93525036	protein-coding		WP_008778506.1	490	FQN59_RS17930
NZ_CP042285.1	4287721	4289265		minus	SusD/RagB family nutrient-binding outer membrane lipoprotein		93525037	protein-coding		WP_211737547.1	514	FQN59_RS17935
NZ_CP042285.1	4289279	4292221		minus	SusC/RagA family TonB-linked outer membrane protein		93525038	protein-coding		WP_087346132.1	980	FQN59_RS17940
NZ_CP042285.1	4292621	4295794		plus	SusC/RagA family TonB-linked outer membrane protein		93525039	protein-coding		WP_008778503.1	1057	FQN59_RS17945
NZ_CP042285.1	4295822	4297294		plus	SusD/RagB family nutrient-binding outer membrane lipoprotein		93525040	protein-coding		WP_005865342.1	490	FQN59_RS17950
NZ_CP042285.1	4297338	4297838		plus	lipid-binding protein		93525041	protein-coding		WP_008771702.1	166	FQN59_RS17955
NZ_CP042285.1	4298027	4299205		plus	site-specific integrase		93525042	protein-coding		WP_005865347.1	392	FQN59_RS17960
NZ_CP042285.1	4299296	4300825		minus	SusD/RagB family nutrient-binding outer membrane lipoprotein		93525043	protein-coding		WP_211737549.1	509	FQN59_RS17965
NZ_CP042285.1	4300841	4304014		minus	SusC/RagA family TonB-linked outer membrane protein		93525044	protein-coding		WP_005865351.1	1057	FQN59_RS17970
NZ_CP042285.1	4304707	4307904		plus	SusC/RagA family TonB-linked outer membrane protein		93525045	protein-coding		WP_211737551.1	1065	FQN59_RS17975
NZ_CP042285.1	4307927	4309495		plus	SusD/RagB family nutrient-binding outer membrane lipoprotein		93525046	protein-coding		WP_008778500.1	522	FQN59_RS17980
NZ_CP042285.1	4309977	4311248		plus	replication-associated recombination protein A		93525047	protein-coding		WP_005865358.1	423	FQN59_RS17985
NZ_CP042285.1	4311381	4312448		plus	3-phosphoserine/phosphohydroxythreonine transaminase	serC	93525048	protein-coding		WP_005855647.1	355	FQN59_RS17990
NZ_CP042285.1	4312466	4313389		plus	NAD(P)-dependent oxidoreductase		93525049	protein-coding		WP_005855649.1	307	FQN59_RS17995
NZ_CP042285.1	4313462	4314709		plus	DUF1015 domain-containing protein		93525050	protein-coding		WP_005865361.1	415	FQN59_RS18000
NZ_CP042285.1	4314832	4315464		plus	HAD family hydrolase		93525051	protein-coding		WP_005865363.1	210	FQN59_RS18005
NZ_CP042285.1	4315503	4317885		plus	uncharacterized gene		93525052	pseudogene				FQN59_RS18010
NZ_CP042285.1	4317956	4318996		minus	UDP-glucose 4-epimerase GalE	galE	93525053	protein-coding		WP_005855657.1	346	FQN59_RS18015
NZ_CP042285.1	4319022	4319594		minus	electron transport complex subunit RsxA	rsxA	93525054	protein-coding		WP_005855659.1	190	FQN59_RS18020
NZ_CP042285.1	4319607	4320191		minus	RnfABCDGE type electron transport complex subunit E		93525055	protein-coding		WP_005865370.1	194	FQN59_RS18025
NZ_CP042285.1	4320209	4320823		minus	RnfABCDGE type electron transport complex subunit G		93525056	protein-coding		WP_008771710.1	204	FQN59_RS18030
NZ_CP042285.1	4320826	4321794		minus	RnfABCDGE type electron transport complex subunit D		93525057	protein-coding		WP_005855664.1	322	FQN59_RS18035
NZ_CP042285.1	4321807	4323138		minus	electron transport complex subunit RsxC	rsxC	93525058	protein-coding		WP_172514326.1	443	FQN59_RS18040
NZ_CP042285.1	4323150	4324082		minus	Fe-S cluster domain-containing protein		93525059	protein-coding		WP_172514325.1	310	FQN59_RS18045
NZ_CP042285.1	4324092	4324508		minus	SoxR reducing system RseC family protein		93525060	protein-coding		WP_005865376.1	138	FQN59_RS18050
NZ_CP042285.1	4324610	4326154		minus	DUF3078 domain-containing protein		93525061	protein-coding		WP_008778497.1	514	FQN59_RS18055
NZ_CP042285.1	4326572	4328179		plus	CTP synthase		93525062	protein-coding		WP_005865380.1	535	FQN59_RS18060
NZ_CP042285.1	4328190	4330091		plus	membrane protein insertase YidC	yidC	93525063	protein-coding		WP_211737553.1	633	FQN59_RS18065
NZ_CP042285.1	4330340	4332064		plus	DUF6057 family protein		93525064	protein-coding		WP_122380662.1	574	FQN59_RS18070
NZ_CP042285.1	4332081	4332833		minus	3-deoxy-manno-octulosonate cytidylyltransferase	kdsB	93525065	protein-coding		WP_195320069.1	250	FQN59_RS18075
NZ_CP042285.1	4332851	4335121		minus	cation:proton antiporter		93525066	protein-coding		WP_121962410.1	756	FQN59_RS18080
NZ_CP042285.1	4335192	4335827		plus	AlbA family DNA-binding domain-containing protein		93525067	protein-coding		WP_005855682.1	211	FQN59_RS18085
NZ_CP042285.1	4335834	4337213		minus	NfeD family protein		93525068	protein-coding		WP_211737556.1	459	FQN59_RS18090
NZ_CP042285.1	4337479	4338924		plus	IS4-like element ISBf8 family transposase		93525069	protein-coding		WP_005642186.1	481	FQN59_RS18095
NZ_CP042285.1	4339151	4339660		plus	RNA polymerase sigma factor		93525070	protein-coding		WP_005855686.1	169	FQN59_RS18100
NZ_CP042285.1	4339711	4341369		minus	AMP-binding protein		93525071	protein-coding		WP_005855687.1	552	FQN59_RS18105
NZ_CP042285.1	4341510	4342310		plus	monofunctional biosynthetic peptidoglycan transglycosylase	mtgA	93525072	protein-coding		WP_008771719.1	266	FQN59_RS18110
NZ_CP042285.1	4342256	4342921		plus	lipoyl(octanoyl) transferase LipB	lipB	93525073	protein-coding		WP_087346747.1	221	FQN59_RS18115
NZ_CP042285.1	4342923	4343855		plus	tRNA-dihydrouridine synthase family protein		93525074	protein-coding		WP_211737557.1	310	FQN59_RS18120
NZ_CP042285.1	4343812	4348275		minus	translocation/assembly module TamB domain-containing protein		93525075	protein-coding		WP_211737559.1	1487	FQN59_RS18125
NZ_CP042285.1	4348415	4349434		plus	tRNA (adenosine(37)-N6)-threonylcarbamoyltransferase complex transferase subunit TsaD	tsaD	93525076	protein-coding		WP_008780953.1	339	FQN59_RS18130
NZ_CP042285.1	4349475	4350011		plus	CinA family protein		93525077	protein-coding		WP_081024263.1	178	FQN59_RS18135
NZ_CP042285.1	4350024	4351763		minus	SGNH/GDSL hydrolase family protein		93525078	protein-coding		WP_211737561.1	579	FQN59_RS18140
NZ_CP042285.1	4351846	4353837		plus	glycoside hydrolase family 97 protein		93525079	protein-coding		WP_211737563.1	663	FQN59_RS18145
NZ_CP042285.1	4353936	4354958		plus	sensor histidine kinase		93525080	protein-coding		WP_122246768.1	340	FQN59_RS18150
NZ_CP042285.1	4354955	4355665		plus	LytR/AlgR family response regulator transcription factor		93525081	protein-coding		WP_122246769.1	236	FQN59_RS18155
NZ_CP042285.1	4355795	4356334		plus	NlpC/P60 family protein		93525082	protein-coding		WP_005865414.1	179	FQN59_RS18160
NZ_CP042285.1	4356382	4357656		plus	serine--tRNA ligase	serS	93525083	protein-coding		WP_009276314.1	424	FQN59_RS18165
NZ_CP042285.1	4357732	4360200		minus	FAD-dependent oxidoreductase		93525084	protein-coding		WP_057327154.1	822	FQN59_RS18170
NZ_CP042285.1	4360268	4360633		minus	MarR family winged helix-turn-helix transcriptional regulator		93525085	protein-coding		WP_005855716.1	121	FQN59_RS18175
NZ_CP042285.1	4360843	4361820		minus	dihydroorotate dehydrogenase-like protein		93525086	protein-coding		WP_005855718.1	325	FQN59_RS18180
NZ_CP042285.1	4361850	4362518		minus	YggS family pyridoxal phosphate-dependent enzyme		93525087	protein-coding		WP_022193158.1	222	FQN59_RS18185
NZ_CP042285.1	4362523	4363026		minus	DUF4494 domain-containing protein		93525088	protein-coding		WP_005855722.1	167	FQN59_RS18190
NZ_CP042285.1	4363182	4364114		plus	tyrosine-type recombinase/integrase		93525089	protein-coding		WP_211737565.1	310	FQN59_RS18195
NZ_CP042285.1	4364624	4365727		plus	transcription termination/antitermination protein NusG	nusG	93525090	protein-coding		WP_211737567.1	367	FQN59_RS18200
NZ_CP042285.1	4365747	4366160		plus	hypothetical protein		93525091	protein-coding		WP_428846731.1	137	FQN59_RS18205
NZ_CP042285.1	4366157	4366828		plus	sugar transferase		93525092	protein-coding		WP_036650939.1	223	FQN59_RS18210
NZ_CP042285.1	4366831	4367277		minus	N-acetylmuramoyl-L-alanine amidase		93525093	protein-coding		WP_008778242.1	148	FQN59_RS18215
NZ_CP042285.1	4367310	4367405		minus	smalltalk protein		93525094	protein-coding		WP_005855736.1	31	FQN59_RS18220
NZ_CP042285.1	4367658	4368155		minus	HU family DNA-binding protein		93525095	protein-coding		WP_005855743.1	165	FQN59_RS18225
NZ_CP042285.1	4368385	4368624		plus	DUF4248 domain-containing protein		93525096	protein-coding		WP_005855745.1	79	FQN59_RS18230
NZ_CP042285.1	4368758	4370590		minus	DUF3987 domain-containing protein		93525097	protein-coding		WP_044546484.1	610	FQN59_RS18235
NZ_CP042285.1	4370646	4371209		minus	BT4734/BF3469 family protein		93525098	protein-coding		WP_005855750.1	187	FQN59_RS18240
NZ_CP042285.1	4371347	4371775		plus	hypothetical protein		93525099	protein-coding		WP_005855752.1	142	FQN59_RS18245
NZ_CP042285.1	4371845	4372138		plus	nucleotidyltransferase family protein		93525100	protein-coding		WP_005855753.1	97	FQN59_RS18250
NZ_CP042285.1	4372131	4372505		plus	HepT-like ribonuclease domain-containing protein		93525101	protein-coding		WP_005855755.1	124	FQN59_RS18255
NZ_CP042285.1	4373069	4373473		plus	sugar 3,4-ketoisomerase		93525102	protein-coding		WP_211737569.1	134	FQN59_RS18260
NZ_CP042285.1	4373698	4374186		plus	sugar 3,4-ketoisomerase		93525103	protein-coding		WP_211737571.1	162	FQN59_RS18265
NZ_CP042285.1	4374186	4374602		plus	sugar 3,4-ketoisomerase		93525104	protein-coding		WP_121772588.1	138	FQN59_RS18270
NZ_CP042285.1	4374599	4375795		plus	formyltransferase family protein		93525105	protein-coding		WP_196007258.1	398	FQN59_RS18275
NZ_CP042285.1	4375792	4376895		plus	DegT/DnrJ/EryC1/StrS family aminotransferase		93525106	protein-coding		WP_121772586.1	367	FQN59_RS18280
NZ_CP042285.1	4376883	4378184		plus	O-antigen translocase		93525107	protein-coding		WP_211737574.1	433	FQN59_RS18285
NZ_CP042285.1	4378174	4379100		plus	glycosyltransferase		93525108	protein-coding		WP_211737576.1	308	FQN59_RS18290
NZ_CP042285.1	4379147	4380400		plus	hypothetical protein		93525109	protein-coding		WP_211737577.1	417	FQN59_RS18295
NZ_CP042285.1	4380397	4381383		plus	glycosyltransferase family 2 protein		93525110	protein-coding		WP_211737579.1	328	FQN59_RS18300
NZ_CP042285.1	4381468	4382478		plus	polysaccharide deacetylase family protein		93525111	protein-coding		WP_121772581.1	336	FQN59_RS18305
NZ_CP042285.1	4382475	4383617		plus	glycosyltransferase		93525112	protein-coding		WP_211737581.1	380	FQN59_RS18310
NZ_CP042285.1	4383636	4385213		plus	alginate lyase family protein		93525113	protein-coding		WP_211737583.1	525	FQN59_RS18315
NZ_CP042285.1	4385276	4386481		plus	UDP-N-acetyl-D-mannosamine dehydrogenase	wecC	93525114	protein-coding		WP_211737585.1	401	FQN59_RS18320
NZ_CP042285.1	4386511	4387671		plus	non-hydrolyzing UDP-N-acetylglucosamine 2-epimerase	wecB	93525115	protein-coding		WP_211737586.1	386	FQN59_RS18325
NZ_CP042285.1	4387668	4388858		plus	glycosyltransferase family 4 protein		93525116	protein-coding		WP_146375442.1	396	FQN59_RS18330
NZ_CP042285.1	4389054	4389515		minus	nucleoside-diphosphate kinase	ndk	93525117	protein-coding		WP_005867972.1	153	FQN59_RS18335
NZ_CP042285.1	4389740	4390369		minus	master DNA invertase Mpi family serine-type recombinase		93525118	protein-coding		WP_005867974.1	209	FQN59_RS18340
NZ_CP042285.1	4390578	4393427		plus	bifunctional fucokinase/fucose-1-phosphate guanylyltransferase		93525119	protein-coding		WP_249222464.1	949	FQN59_RS18345
NZ_CP042285.1	4393547	4396105		plus	DUF5686 and carboxypeptidase-like regulatory domain-containing protein		93525120	protein-coding		WP_211737590.1	852	FQN59_RS18350
NZ_CP042285.1	4396114	4397202		minus	DNA polymerase IV	dinB	93525121	protein-coding		WP_270620512.1	362	FQN59_RS18355
NZ_CP042285.1	4397264	4398028		minus	peptidylprolyl isomerase		93525122	protein-coding		WP_211737594.1	254	FQN59_RS18360
NZ_CP042285.1	4398034	4398705		minus	peptidylprolyl isomerase		93525123	protein-coding		WP_005855801.1	223	FQN59_RS18365
NZ_CP042285.1	4398903	4400174		plus	MBL fold metallo-hydrolase		93525124	protein-coding		WP_122369175.1	423	FQN59_RS18370
NZ_CP042285.1	4400206	4401102		minus	helix-turn-helix domain-containing protein		93525125	protein-coding		WP_005867986.1	298	FQN59_RS18375
NZ_CP042285.1	4401263	4402426		plus	aldo/keto reductase		93525126	protein-coding		WP_005867987.1	387	FQN59_RS18380
NZ_CP042285.1	4402444	4403469		plus	alpha/beta hydrolase		93525127	protein-coding		WP_005867989.1	341	FQN59_RS18385
NZ_CP042285.1	4403672	4404574		minus	nucleotidyltransferase		93525128	protein-coding		WP_036613659.1	300	FQN59_RS18390
NZ_CP042285.1	4404657	4406192		minus	alpha-N-arabinofuranosidase		93525129	protein-coding		WP_005855809.1	511	FQN59_RS18395
NZ_CP042285.1	4406375	4408417		plus	M13 family metallopeptidase		93525130	protein-coding		WP_048928262.1	680	FQN59_RS18400
NZ_CP042285.1	4408564	4410156		plus	alpha-galactosidase D		93525131	protein-coding		WP_048928263.1	530	FQN59_RS18405
NZ_CP042285.1	4410160	4411029		minus	helix-turn-helix domain-containing protein		93525132	protein-coding		WP_008778253.1	289	FQN59_RS18410
NZ_CP042285.1	4411225	4411446		plus	winged helix-turn-helix domain-containing protein		93525133	protein-coding		WP_005855817.1	73	FQN59_RS18415
NZ_CP042285.1	4411722	4412831		minus	SusE domain-containing protein		93525134	protein-coding		WP_211737596.1	369	FQN59_RS18420
NZ_CP042285.1	4412860	4414407		minus	RagB/SusD family nutrient uptake outer membrane protein		93525135	protein-coding		WP_005867993.1	515	FQN59_RS18425
NZ_CP042285.1	4414428	4417397		minus	SusC/RagA family TonB-linked outer membrane protein		93525136	protein-coding		WP_211737598.1	989	FQN59_RS18430
NZ_CP042285.1	4417598	4418611		plus	LacI family DNA-binding transcriptional regulator		93525137	protein-coding		WP_154396326.1	337	FQN59_RS18435
NZ_CP042285.1	4418739	4420103		plus	MFS transporter		93525138	protein-coding		WP_211737599.1	454	FQN59_RS18440
NZ_CP042285.1	4420250	4420444		minus	hypothetical protein		93525139	protein-coding		WP_005855829.1	64	FQN59_RS18445
NZ_CP042285.1	4420838	4421239		minus	hypothetical protein		93525140	protein-coding		WP_005867997.1	133	FQN59_RS18450
NZ_CP042285.1	4421333	4422223		plus	1,4-dihydroxy-2-naphthoate polyprenyltransferase		93525141	protein-coding		WP_122144621.1	296	FQN59_RS18455
NZ_CP042285.1	4422209	4423141		minus	DMT family transporter		93525142	protein-coding		WP_195283875.1	310	FQN59_RS18460
NZ_CP042285.1	4423241	4424317		plus	linear amide C-N hydrolase		93525143	protein-coding		WP_083790429.1	358	FQN59_RS18465
NZ_CP042285.1	4424445	4424990		minus	DJ-1 family glyoxalase III		93525144	protein-coding		WP_195283876.1	181	FQN59_RS18470
NZ_CP042285.1	4425000	4425854		minus	energy transducer TonB family protein		93525145	protein-coding		WP_122297590.1	284	FQN59_RS18475
NZ_CP042285.1	4425860	4426270		minus	ExbD/TolR family protein		93525146	protein-coding		WP_005855860.1	136	FQN59_RS18480
NZ_CP042285.1	4426362	4427072		minus	MotA/TolQ/ExbB proton channel family protein		93525147	protein-coding		WP_005855862.1	236	FQN59_RS18485
NZ_CP042285.1	4427122	4427838		minus	pyridoxine 5'-phosphate synthase		93525148	protein-coding		WP_008771766.1	238	FQN59_RS18490
NZ_CP042285.1	4427923	4428582		plus	CBS domain-containing protein		93525149	protein-coding		WP_008771767.1	219	FQN59_RS18495
NZ_CP042285.1	4428598	4429473		plus	NAD kinase		93525150	protein-coding		WP_005855867.1	291	FQN59_RS18500
NZ_CP042285.1	4429719	4430681		plus	glycosyltransferase		93525151	protein-coding		WP_211737601.1	320	FQN59_RS18505
NZ_CP042285.1	4430701	4431390		plus	hypothetical protein		93525152	protein-coding		WP_005868012.1	229	FQN59_RS18510
NZ_CP042285.1	4432071	4432952		plus	AraC family transcriptional regulator		93525153	protein-coding		WP_005855873.1	293	FQN59_RS18515
NZ_CP042285.1	4433094	4434662		plus	PAS domain-containing sensor histidine kinase		93525154	protein-coding		WP_211737603.1	522	FQN59_RS18520
NZ_CP042285.1	4434951	4435490		plus	FHA domain-containing protein		93525155	protein-coding		WP_005868017.1	179	FQN59_RS18525
NZ_CP042285.1	4435830	4437029		plus	MFS transporter		93525156	protein-coding		WP_057318860.1	399	FQN59_RS18530
NZ_CP042285.1	4437091	4438533		plus	TolC family protein		93525157	protein-coding		WP_005855881.1	480	FQN59_RS18535
NZ_CP042285.1	4438568	4439554		plus	HlyD family secretion protein		93525158	protein-coding		WP_009276350.1	328	FQN59_RS18540
NZ_CP042285.1	4439617	4440792		plus	ABC transporter permease		93525159	protein-coding		WP_022191786.1	391	FQN59_RS18545
NZ_CP042285.1	4440776	4441984		plus	ABC transporter permease		93525160	protein-coding		WP_211737605.1	402	FQN59_RS18550
NZ_CP042285.1	4441976	4442701		minus	MBL fold metallo-hydrolase		93525161	protein-coding		WP_211737607.1	241	FQN59_RS18555
NZ_CP042285.1	4442825	4444552		plus	tetratricopeptide repeat-containing S1 family peptidase		93525162	protein-coding		WP_048928268.1	575	FQN59_RS18560
NZ_CP042285.1	4444718	4445428		minus	phosphatase		93525163	protein-coding		WP_211737609.1	236	FQN59_RS18565
NZ_CP042285.1	4445425	4447044		minus	ribosomal protection-like ABC-F family protein	abc-f	93525164	protein-coding		WP_211737611.1	539	FQN59_RS18570
NZ_CP042285.1	4447345	4447797		minus	copper resistance protein NlpE		93525165	protein-coding		WP_005868028.1	150	FQN59_RS18575
NZ_CP042285.1	4447961	4448137		plus	DUF4250 domain-containing protein		93525166	protein-coding		WP_005855899.1	58	FQN59_RS18580
NZ_CP042285.1	4448275	4449135		minus	nitroreductase family protein		93525167	protein-coding		WP_211737613.1	286	FQN59_RS18585
NZ_CP042285.1	4449230	4450231		minus	GGGtGRT protein		93525168	protein-coding		WP_005855903.1	333	FQN59_RS18590
NZ_CP042285.1	4450241	4450432		minus	hypothetical protein		93525169	protein-coding		WP_005855905.1	63	FQN59_RS18595
NZ_CP042285.1	4450425	4451117		minus	iron-sulfur cluster assembly scaffold protein		93525170	protein-coding		WP_005855907.1	230	FQN59_RS18600
NZ_CP042285.1	4451242	4453197		minus	alkyl/aryl-sulfatase		93525171	protein-coding		WP_211737615.1	651	FQN59_RS18605
NZ_CP042285.1	4453187	4453633		minus	OsmC family protein		93525172	protein-coding		WP_005855911.1	148	FQN59_RS18610
NZ_CP042285.1	4453652	4454776		minus	TlpA disulfide reductase family protein		93525173	protein-coding		WP_211737617.1	374	FQN59_RS18615
NZ_CP042285.1	4454925	4457930		minus	hypothetical protein		93525174	protein-coding		WP_211737619.1	1001	FQN59_RS18620
NZ_CP042285.1	4457945	4460848		minus	peptidase M26		93525175	protein-coding		WP_211737621.1	967	FQN59_RS18625
NZ_CP042285.1	4460968	4462677		minus	helix-turn-helix domain-containing protein		93525176	protein-coding		WP_005868045.1	569	FQN59_RS18630
NZ_CP042285.1	4463229	4464872		plus	diphosphate--fructose-6-phosphate 1-phosphotransferase		93525177	protein-coding		WP_005855923.1	547	FQN59_RS18635
NZ_CP042285.1	4464993	4467299		plus	beta-galactosidase		93525178	protein-coding		WP_416339357.1	768	FQN59_RS18640
NZ_CP042285.1	4467724	4469169		plus	IS4-like element ISBf8 family transposase		93525179	protein-coding		WP_005642186.1	481	FQN59_RS18645
NZ_CP042285.1	4469351	4472650		plus	SusC/RagA family TonB-linked outer membrane protein		93525180	protein-coding		WP_057326660.1	1099	FQN59_RS18650
NZ_CP042285.1	4472686	4474449		plus	RagB/SusD family nutrient uptake outer membrane protein		93525181	protein-coding		WP_005868052.1	587	FQN59_RS18655
NZ_CP042285.1	4474560	4474949		plus	hypothetical protein		93525182	protein-coding		WP_005868054.1	129	FQN59_RS18660
NZ_CP042285.1	4475129	4476250		plus	DUF4249 domain-containing protein		93525183	protein-coding		WP_122297597.1	373	FQN59_RS18665
NZ_CP042285.1	4476382	4476609		plus	DUF3791 domain-containing protein		93525184	protein-coding		WP_005868058.1	75	FQN59_RS18670
NZ_CP042285.1	4476724	4477689		plus	PDDEXK nuclease domain-containing protein		93525185	protein-coding		WP_229105743.1	321	FQN59_RS18675
NZ_CP042285.1	4478067	4478564		minus	glucosaminidase domain-containing protein		93525186	protein-coding		WP_005868062.1	165	FQN59_RS18680
NZ_CP042285.1	4478606	4479064		minus	hypothetical protein		93525187	protein-coding		WP_005868064.1	152	FQN59_RS18685
NZ_CP042285.1	4479206	4479427		plus	DUF4248 domain-containing protein		93525188	protein-coding		WP_005868065.1	73	FQN59_RS18690
NZ_CP042285.1	4479605	4479931		plus	DUF6922 domain-containing protein		93525189	protein-coding		WP_005868066.1	108	FQN59_RS18695
NZ_CP042285.1	4479886	4480548		plus	nucleotidyl transferase AbiEii/AbiGii toxin family protein		93525190	protein-coding		WP_005868067.1	220	FQN59_RS18700
NZ_CP042285.1	4480768	4482939		minus	BT4734/BF3469 family protein		93525191	protein-coding		WP_048928277.1	723	FQN59_RS18705
NZ_CP042285.1	4483058	4483402		minus	hypothetical protein		93525192	protein-coding		WP_048928278.1	114	FQN59_RS18710
NZ_CP042285.1	4483568	4485298		plus	ATP-binding protein		93525193	protein-coding		WP_211737625.1	576	FQN59_RS18715
NZ_CP042285.1	4485337	4486029		plus	hypothetical protein		93525194	protein-coding		WP_005868069.1	230	FQN59_RS18720
NZ_CP042285.1	4486026	4488779		plus	TonB-dependent receptor		93525195	protein-coding		WP_122377527.1	917	FQN59_RS18725
NZ_CP042285.1	4488792	4489952		plus	DUF4249 domain-containing protein		93525196	protein-coding		WP_008780321.1	386	FQN59_RS18730
NZ_CP042285.1	4489963	4491645		plus	hypothetical protein		93525197	protein-coding		WP_211737627.1	560	FQN59_RS18735
NZ_CP042285.1	4491714	4491950		plus	hypothetical protein		93525198	protein-coding		WP_005868073.1	78	FQN59_RS18740
NZ_CP042285.1	4491932	4492246		plus	type II toxin-antitoxin system RelE/ParE family toxin		93525199	protein-coding		WP_008778261.1	104	FQN59_RS18745
NZ_CP042285.1	4492323	4493345		plus	threonine aldolase family protein		93525200	protein-coding		WP_005868076.1	340	FQN59_RS18750
NZ_CP042285.1	4493360	4495246		plus	endonuclease/exonuclease/phosphatase family protein		93525201	protein-coding		WP_211737629.1	628	FQN59_RS18755
NZ_CP042285.1	4495255	4496580		plus	nucleobase:cation symporter-2 family protein		93525202	protein-coding		WP_195301143.1	441	FQN59_RS18760
NZ_CP042285.1	4496587	4497153		plus	xanthine phosphoribosyltransferase	xpt	93525203	protein-coding		WP_005855972.1	188	FQN59_RS18765
NZ_CP042285.1	4497164	4497577		plus	PaaI family thioesterase		93525204	protein-coding		WP_005855973.1	137	FQN59_RS18770
NZ_CP042285.1	4497605	4499464		plus	ChbG/HpnK family deacetylase		93525205	protein-coding		WP_158532790.1	619	FQN59_RS18775
NZ_CP042285.1	4499661	4499732		minus	tRNA-Met		93525206	tRNA				FQN59_RS18780
NZ_CP042285.1	4499884	4500477		plus	TetR/AcrR family transcriptional regulator		93525207	protein-coding		WP_005855975.1	197	FQN59_RS18785
NZ_CP042285.1	4500495	4501439		plus	3-oxoacyl-ACP synthase III family protein		93525208	protein-coding		WP_005868085.1	314	FQN59_RS18790
NZ_CP042285.1	4501460	4502206		plus	3-oxoacyl-[acyl-carrier-protein] reductase	fabG	93525209	protein-coding		WP_129984369.1	248	FQN59_RS18795
NZ_CP042285.1	4502208	4502882		plus	RluA family pseudouridine synthase		93525210	protein-coding		WP_122144639.1	224	FQN59_RS18800
NZ_CP042285.1	4503158	4504324		plus	efflux RND transporter periplasmic adaptor subunit		93525211	protein-coding		WP_008778262.1	388	FQN59_RS18805
NZ_CP042285.1	4504321	4507485		plus	efflux RND transporter permease subunit		93525212	protein-coding		WP_121962361.1	1054	FQN59_RS18810
NZ_CP042285.1	4507482	4508861		plus	efflux transporter outer membrane subunit		93525213	protein-coding		WP_008778263.1	459	FQN59_RS18815
NZ_CP042285.1	4509122	4510054		plus	homoserine O-acetyltransferase MetA	metA	93525214	protein-coding		WP_005855991.1	310	FQN59_RS18820
NZ_CP042285.1	4510055	4511899		plus	peptidase U32 family protein		93525215	protein-coding		WP_211737631.1	614	FQN59_RS18825
NZ_CP042285.1	4511939	4512757		plus	peptidylprolyl isomerase		93525216	protein-coding		WP_005855996.1	272	FQN59_RS18830
NZ_CP042285.1	4512911	4513378		minus	WbuC family cupin fold metalloprotein		93525217	protein-coding		WP_048928286.1	155	FQN59_RS18835
NZ_CP042285.1	4513499	4514956		plus	MBOAT family O-acyltransferase		93525218	protein-coding		WP_057326649.1	485	FQN59_RS18840
NZ_CP042285.1	4514962	4515870		plus	hypothetical protein		93525219	protein-coding		WP_122267976.1	302	FQN59_RS18845
NZ_CP042285.1	4515915	4518650		plus	hybrid sensor histidine kinase/response regulator transcription factor		93525220	protein-coding		WP_211737633.1	911	FQN59_RS18850
NZ_CP042285.1	4518826	4519704		plus	carbohydrate kinase family protein		93525221	protein-coding		WP_005856006.1	292	FQN59_RS18855
NZ_CP042285.1	4519997	4520485		minus	SPOR domain-containing protein		93525222	protein-coding		WP_005856008.1	162	FQN59_RS18860
NZ_CP042285.1	4520571	4522682		plus	alpha/beta hydrolase family protein		93525223	protein-coding		WP_196009752.1	703	FQN59_RS18865
NZ_CP042285.1	4522751	4523809		minus	class I fructose-bisphosphate aldolase		93525224	protein-coding		WP_008771817.1	352	FQN59_RS18870
NZ_CP042285.1	4523965	4524516		plus	NADH peroxidase		93525225	protein-coding		WP_005856013.1	183	FQN59_RS18875
NZ_CP042285.1	4524655	4524741		plus	tRNA-Ser		93525226	tRNA				FQN59_RS18880
NZ_CP042285.1	4524750	4525271		minus	GNAT family N-acetyltransferase		93525227	protein-coding		WP_122267974.1	173	FQN59_RS18885
NZ_CP042285.1	4525313	4527511		minus	tetratricopeptide repeat protein		93525228	protein-coding		WP_211737635.1	732	FQN59_RS18890
NZ_CP042285.1	4527599	4529386		plus	translation elongation factor 4	lepA	93525229	protein-coding		WP_211737637.1	595	FQN59_RS18895
NZ_CP042285.1	4529483	4530322		minus	CvfB family protein		93525230	protein-coding		WP_005856099.1	279	FQN59_RS18900
NZ_CP042285.1	4530519	4531322		plus	polysaccharide biosynthesis/export family protein		93525231	protein-coding		WP_009017831.1	267	FQN59_RS18905
NZ_CP042285.1	4531331	4532926		plus	GumC family protein		93525232	protein-coding		WP_009017832.1	531	FQN59_RS18910
NZ_CP042285.1	4532946	4533731		plus	glycerophosphodiester phosphodiesterase		93525233	protein-coding		WP_009017833.1	261	FQN59_RS18915
NZ_CP042285.1	4533731	4535125		plus	lipopolysaccharide biosynthesis protein		93525234	protein-coding		WP_009017834.1	464	FQN59_RS18920
NZ_CP042285.1	4535133	4535915		plus	LicD family protein		93525235	protein-coding		WP_009017835.1	260	FQN59_RS18925
NZ_CP042285.1	4535920	4537095		plus	non-hydrolyzing UDP-N-acetylglucosamine 2-epimerase	wecB	93525236	protein-coding		WP_039848713.1	391	FQN59_RS18930
NZ_CP042285.1	4537099	4538286		plus	glycosyltransferase		93525237	protein-coding		WP_057318828.1	395	FQN59_RS18935
NZ_CP042285.1	4538294	4539379		minus	glycosyltransferase family 4 protein		93525238	protein-coding		WP_211737640.1	361	FQN59_RS18940
NZ_CP042285.1	4539381	4540604		minus	glycosyltransferase family 4 protein		93525239	protein-coding		WP_009017839.1	407	FQN59_RS18945
NZ_CP042285.1	4540582	4541823		minus	hypothetical protein		93525240	protein-coding		WP_057318827.1	413	FQN59_RS18950
NZ_CP042285.1	4542968	4544989		minus	glycosyl hydrolase family 28-related protein		93525241	protein-coding		WP_009017841.1	673	FQN59_RS18955
NZ_CP042285.1	4545531	4546847		plus	UDP-glucose dehydrogenase family protein		93525242	protein-coding		WP_009017842.1	438	FQN59_RS18960
NZ_CP042285.1	4546890	4547063		minus	FeoB-associated Cys-rich membrane protein		93525974	protein-coding		WP_086000743.1	57	FQN59_RS22755
NZ_CP042285.1	4547114	4549603		minus	ferrous iron transport protein B	feoB	93525243	protein-coding		WP_009017843.1	829	FQN59_RS18970
NZ_CP042285.1	4549741	4550226		plus	hypothetical protein		93525244	protein-coding		WP_008771835.1	161	FQN59_RS18975
NZ_CP042285.1	4550243	4550653		plus	2-amino-4-hydroxy-6-hydroxymethyldihydropteridine diphosphokinase		93525245	protein-coding		WP_005856158.1	136	FQN59_RS18980
NZ_CP042285.1	4550597	4551610		minus	class I SAM-dependent methyltransferase		93525246	protein-coding		WP_005868136.1	337	FQN59_RS18985
NZ_CP042285.1	4551594	4552727		minus	hypothetical protein		93525247	protein-coding		WP_005868137.1	377	FQN59_RS18990
NZ_CP042285.1	4552732	4553967		minus	glycosyltransferase		93525248	protein-coding		WP_122143719.1	411	FQN59_RS18995
NZ_CP042285.1	4553982	4554617		minus	PIG-L deacetylase family protein		93525249	protein-coding		WP_005868139.1	211	FQN59_RS19000
NZ_CP042285.1	4554656	4555963		minus	polysaccharide deacetylase family protein		93525250	protein-coding		WP_172618154.1	435	FQN59_RS19005
NZ_CP042285.1	4555954	4556907		minus	GNAT family N-acetyltransferase		93525251	protein-coding		WP_008771840.1	317	FQN59_RS19010
NZ_CP042285.1	4556949	4558001		minus	recombinase RecA	recA	93525252	protein-coding		WP_087343863.1	350	FQN59_RS19015
NZ_CP042285.1	4558011	4558469		minus	thioredoxin-dependent thiol peroxidase	bcp	93525253	protein-coding		WP_005868146.1	152	FQN59_RS19020
NZ_CP042285.1	4558471	4559664		minus	saccharopine dehydrogenase family protein		93525254	protein-coding		WP_005856184.1	397	FQN59_RS19025
NZ_CP042285.1	4559860	4562145		plus	sensor histidine kinase		93525255	protein-coding		WP_008771843.1	761	FQN59_RS19030
NZ_CP042285.1	4562152	4563339		plus	class I SAM-dependent methyltransferase		93525256	protein-coding		WP_022192343.1	395	FQN59_RS19035
NZ_CP042285.1	4563499	4564329		minus	hypothetical protein		93525257	protein-coding		WP_009276759.1	276	FQN59_RS19040
NZ_CP042285.1	4564364	4567285		minus	ATP-binding cassette domain-containing protein		93525258	protein-coding		WP_122143721.1	973	FQN59_RS19045
NZ_CP042285.1	4567369	4569036		minus	putative transporter		93525259	protein-coding		WP_005868157.1	555	FQN59_RS19050
NZ_CP042285.1	4569134	4569487		plus	hypothetical protein		93525260	protein-coding		WP_005868159.1	117	FQN59_RS19055
NZ_CP042285.1	4569588	4571894		plus	TonB-dependent receptor		93525261	protein-coding		WP_122369079.1	768	FQN59_RS19060
NZ_CP042285.1	4571918	4573798		minus	B12-binding domain-containing radical SAM protein		93525262	protein-coding		WP_211737642.1	626	FQN59_RS19065
NZ_CP042285.1	4573816	4574418		minus	ribosome biogenesis GTP-binding protein YihA/YsxC	yihA	93525263	protein-coding		WP_005868165.1	200	FQN59_RS19070
NZ_CP042285.1	4574484	4575947		minus	sodium:solute symporter		93525264	protein-coding		WP_005868167.1	487	FQN59_RS19075
NZ_CP042285.1	4575989	4577572		minus	bifunctional metallophosphatase/5'-nucleotidase		93525265	protein-coding		WP_211737645.1	527	FQN59_RS19080
NZ_CP042285.1	4577798	4580176		minus	ABC transporter permease		93525266	protein-coding		WP_211737647.1	792	FQN59_RS19085
NZ_CP042285.1	4580325	4581638		minus	SpoIID/LytB domain-containing protein		93525267	protein-coding		WP_211737649.1	437	FQN59_RS19090
NZ_CP042285.1	4581656	4583653		minus	OPT family oligopeptide transporter		93525268	protein-coding		WP_048927444.1	665	FQN59_RS19095
NZ_CP042285.1	4584138	4584764		plus	recombination mediator RecR	recR	93525269	protein-coding		WP_005868175.1	208	FQN59_RS19100
NZ_CP042285.1	4584791	4585957		plus	glycosyltransferase family 2 protein		93525270	protein-coding		WP_008771857.1	388	FQN59_RS19105
NZ_CP042285.1	4585975	4586490		plus	GNAT family N-acetyltransferase		93525271	protein-coding		WP_122145117.1	171	FQN59_RS19110
NZ_CP042285.1	4586482	4587078		minus	YqgE/AlgH family protein		93525272	protein-coding		WP_005856219.1	198	FQN59_RS19115
NZ_CP042285.1	4587199	4588512		minus	aminotransferase class I/II-fold pyridoxal phosphate-dependent enzyme		93525273	protein-coding		WP_122145116.1	437	FQN59_RS19120
NZ_CP042285.1	4588657	4588730		plus	tRNA-Asp		93525274	tRNA				FQN59_RS19125
NZ_CP042285.1	4588876	4589778		plus	helix-turn-helix domain-containing protein		93525275	protein-coding		WP_005856223.1	300	FQN59_RS19130
NZ_CP042285.1	4589792	4590355		minus	DapH/DapD/GlmU-related protein		93525276	protein-coding		WP_211737651.1	187	FQN59_RS19135
NZ_CP042285.1	4590481	4591725		minus	family 20 glycosylhydrolase		93525277	protein-coding		WP_008778274.1	414	FQN59_RS19140
NZ_CP042285.1	4591826	4592323		plus	hypothetical protein		93525278	protein-coding		WP_008778275.1	165	FQN59_RS19145
NZ_CP042285.1	4592320	4593231		plus	ThuA domain-containing protein		93525279	protein-coding		WP_122383220.1	303	FQN59_RS19150
NZ_CP042285.1	4593743	4597423		minus	DUF7149 domain-containing protein		93525280	protein-coding		WP_211737653.1	1226	FQN59_RS19155
NZ_CP042285.1	4597520	4600342		minus	sugar-binding domain-containing protein		93525281	protein-coding		WP_122383218.1	940	FQN59_RS19160
NZ_CP042285.1	4600427	4601362		plus	tyrosine-type recombinase/integrase		93525282	protein-coding		WP_057318819.1	311	FQN59_RS19165
NZ_CP042285.1	4601887	4602990		plus	transcription termination/antitermination protein NusG	nusG	93525283	protein-coding		WP_211737655.1	367	FQN59_RS19170
NZ_CP042285.1	4603037	4603426		plus	hypothetical protein		93525284	protein-coding		WP_005868192.1	129	FQN59_RS19175
NZ_CP042285.1	4603423	4604565		plus	MraY family glycosyltransferase		93525285	protein-coding		WP_048927434.1	380	FQN59_RS19180
NZ_CP042285.1	4604617	4605375		plus	DNA-binding domain-containing protein		93525286	protein-coding		WP_057327109.1	252	FQN59_RS19185
NZ_CP042285.1	4605513	4605854		plus	hypothetical protein		93525287	protein-coding		WP_011966449.1	113	FQN59_RS19190
NZ_CP042285.1	4606080	4607891		plus	aminotransferase class I/II-fold pyridoxal phosphate-dependent enzyme		93525288	protein-coding		WP_011966448.1	603	FQN59_RS19195
NZ_CP042285.1	4607976	4609226		plus	oligosaccharide flippase family protein		93525289	protein-coding		WP_011966447.1	416	FQN59_RS19200
NZ_CP042285.1	4609233	4610192		plus	LicD family protein		93525290	protein-coding		WP_011966446.1	319	FQN59_RS19205
NZ_CP042285.1	4610185	4611150		plus	polysaccharide pyruvyl transferase family protein		93525291	protein-coding		WP_011966445.1	321	FQN59_RS19210
NZ_CP042285.1	4611205	4612182		plus	glycosyltransferase family 2 protein		93525292	protein-coding		WP_048927431.1	325	FQN59_RS19215
NZ_CP042285.1	4612571	4613473		plus	hypothetical protein		93525293	protein-coding		WP_127908268.1	300	FQN59_RS19220
NZ_CP042285.1	4613451	4614608		plus	glycosyltransferase		93525294	protein-coding		WP_011966442.1	385	FQN59_RS19225
NZ_CP042285.1	4614784	4615275		plus	acyltransferase		93525295	protein-coding		WP_227742544.1	163	FQN59_RS19230
NZ_CP042285.1	4615290	4616222		plus	glycosyltransferase family 2 protein		93525296	protein-coding		WP_249222465.1	310	FQN59_RS19235
NZ_CP042285.1	4616260	4617351		plus	DUF1972 domain-containing protein		93525297	protein-coding		WP_011966439.1	363	FQN59_RS19240
NZ_CP042285.1	4617912	4618205		minus	nucleotidyltransferase family protein		93525298	protein-coding		WP_011966437.1	97	FQN59_RS19245
NZ_CP042285.1	4618873	4619046		plus	hypothetical protein		93525299	protein-coding		WP_005856296.1	57	FQN59_RS19250
NZ_CP042285.1	4619167	4620924		plus	aspartate--tRNA ligase	aspS	93525300	protein-coding		WP_005856298.1	585	FQN59_RS19255
NZ_CP042285.1	4621036	4622133		plus	Nif3-like dinuclear metal center hexameric protein		93525301	protein-coding		WP_005868213.1	365	FQN59_RS19260
NZ_CP042285.1	4622135	4622899		plus	zinc ribbon domain-containing protein		93525302	protein-coding		WP_005868214.1	254	FQN59_RS19265
NZ_CP042285.1	4622973	4624289		plus	tRNA lysidine(34) synthetase TilS	tilS	93525303	protein-coding		WP_211737658.1	438	FQN59_RS19270
NZ_CP042285.1	4624491	4626473		plus	transcription termination factor Rho	rho	93525304	protein-coding		WP_211737660.1	660	FQN59_RS19275
NZ_CP042285.1	4626571	4627851		minus	DEAD/DEAH box helicase		93525305	protein-coding		WP_057318809.1	426	FQN59_RS19280
NZ_CP042285.1	4627988	4629856		plus	ATP-binding protein		93525306	protein-coding		WP_121962748.1	622	FQN59_RS19285
NZ_CP042285.1	4629859	4630683		minus	transporter substrate-binding domain-containing protein		93525307	protein-coding		WP_008771887.1	274	FQN59_RS19290
NZ_CP042285.1	4630693	4632774		minus	putative porin		93525308	protein-coding		WP_211737662.1	693	FQN59_RS19295
NZ_CP042285.1	4632879	4633421		minus	2-oxoacid:acceptor oxidoreductase family protein		93525309	protein-coding		WP_005856316.1	180	FQN59_RS19300
NZ_CP042285.1	4633440	4634204		minus	thiamine pyrophosphate-dependent enzyme		93525310	protein-coding		WP_005856318.1	254	FQN59_RS19305
NZ_CP042285.1	4634217	4634387		minus	hypothetical protein		93525311	protein-coding		WP_005868224.1	56	FQN59_RS19310
NZ_CP042285.1	4634393	4635472		minus	3-methyl-2-oxobutanoate dehydrogenase subunit VorB		93525312	protein-coding		WP_008780453.1	359	FQN59_RS19315
NZ_CP042285.1	4635487	4635714		minus	4Fe-4S dicluster domain-containing protein		93525313	protein-coding		WP_005856324.1	75	FQN59_RS19320
NZ_CP042285.1	4635780	4637147		minus	sigma-54-dependent transcriptional regulator		93525314	protein-coding		WP_158533033.1	455	FQN59_RS19325
NZ_CP042285.1	4637144	4638394		minus	GAF domain-containing sensor histidine kinase		93525315	protein-coding		WP_158533034.1	416	FQN59_RS19330
NZ_CP042285.1	4638827	4641151		plus	outer membrane beta-barrel family protein		93525316	protein-coding		WP_158533035.1	774	FQN59_RS19335
NZ_CP042285.1	4641129	4641878		plus	ABC transporter ATP-binding protein		93525317	protein-coding		WP_227223148.1	249	FQN59_RS19340
NZ_CP042285.1	4641875	4643464		plus	ABC transporter permease subunit		93525318	protein-coding		WP_121962746.1	529	FQN59_RS19345
NZ_CP042285.1	4643451	4644854		plus	ABC transporter permease subunit		93525319	protein-coding		WP_121962745.1	467	FQN59_RS19350
NZ_CP042285.1	4644966	4645883		minus	DUF368 domain-containing protein		93525320	protein-coding		WP_022192847.1	305	FQN59_RS19355
NZ_CP042285.1	4645901	4647358		minus	tetratricopeptide repeat protein		93525321	protein-coding		WP_122297327.1	485	FQN59_RS19360
NZ_CP042285.1	4647369	4649108		minus	glutamine--tRNA ligase/YqeY domain fusion protein		93525322	protein-coding		WP_008778287.1	579	FQN59_RS19365
NZ_CP042285.1	4649161	4650414		minus	Nramp family divalent metal transporter		93525323	protein-coding		WP_008780456.1	417	FQN59_RS19370
NZ_CP042285.1	4650587	4651906		minus	sensor histidine kinase		93525324	protein-coding		WP_005856335.1	439	FQN59_RS19375
NZ_CP042285.1	4651896	4653245		minus	sigma-54-dependent transcriptional regulator		93525325	protein-coding		WP_057327114.1	449	FQN59_RS19380
NZ_CP042285.1	4653332	4654729		plus	MFS transporter		93525326	protein-coding		WP_008771902.1	465	FQN59_RS19385
NZ_CP042285.1	4654735	4656081		minus	MATE family efflux transporter		93525327	protein-coding		WP_211737665.1	448	FQN59_RS19390
NZ_CP042285.1	4656401	4656964		plus	Crp/Fnr family transcriptional regulator		93525328	protein-coding		WP_010182830.1	187	FQN59_RS19395
NZ_CP042285.1	4657050	4658429		plus	MATE family efflux transporter		93525329	protein-coding		WP_039848689.1	459	FQN59_RS19400
NZ_CP042285.1	4658452	4659225		minus	prephenate dehydrogenase		93525330	protein-coding		WP_005868245.1	257	FQN59_RS19405
NZ_CP042285.1	4659234	4660304		minus	bifunctional 3-deoxy-7-phosphoheptulonate synthase/chorismate mutase type II		93525331	protein-coding		WP_005868246.1	356	FQN59_RS19410
NZ_CP042285.1	4660339	4661517		minus	pyridoxal phosphate-dependent aminotransferase		93525332	protein-coding		WP_008780461.1	392	FQN59_RS19415
NZ_CP042285.1	4661492	4662337		minus	prephenate dehydratase		93525333	protein-coding		WP_008771907.1	281	FQN59_RS19420
NZ_CP042285.1	4662613	4663449		minus	helix-turn-helix domain-containing protein		93525334	protein-coding		WP_005868251.1	278	FQN59_RS19425
NZ_CP042285.1	4663545	4664126		minus	HdeD family acid-resistance protein		93525335	protein-coding		WP_005856375.1	193	FQN59_RS19430
NZ_CP042285.1	4664286	4664690		plus	lipocalin-like domain-containing protein		93525336	protein-coding		WP_008771908.1	134	FQN59_RS19435
NZ_CP042285.1	4664815	4665297		minus	Cys-tRNA(Pro) deacylase	ybaK	93525337	protein-coding		WP_005856380.1	160	FQN59_RS19440
NZ_CP042285.1	4665301	4667427		minus	Tex family protein		93525338	protein-coding		WP_122379098.1	708	FQN59_RS19445
NZ_CP042285.1	4667580	4669088		plus	sensor histidine kinase		93525339	protein-coding		WP_211737667.1	502	FQN59_RS19450
NZ_CP042285.1	4669111	4670469		minus	ATP-binding cassette domain-containing protein		93525340	protein-coding		WP_170079647.1	452	FQN59_RS19455
NZ_CP042285.1	4670466	4671374		minus	ABC transporter substrate-binding protein		93525341	protein-coding		WP_211737668.1	302	FQN59_RS19460
NZ_CP042285.1	4671545	4673098		minus	sodium:solute symporter family protein		93525342	protein-coding		WP_211737670.1	517	FQN59_RS19465
NZ_CP042285.1	4673095	4673238		minus	symporter small accessory protein		93526001	protein-coding		WP_333558132.1	47	FQN59_RS22890
NZ_CP042285.1	4673252	4673677		minus	hypothetical protein		93525343	protein-coding		WP_005856397.1	141	FQN59_RS19470
NZ_CP042285.1	4673701	4675002		minus	phenylacetate--CoA ligase family protein		93525344	protein-coding		WP_005856399.1	433	FQN59_RS19475
NZ_CP042285.1	4675201	4676472		plus	PAS domain-containing sensor histidine kinase		93525345	protein-coding		WP_008780468.1	423	FQN59_RS19480
NZ_CP042285.1	4676484	4677056		plus	DJ-1 family glyoxalase III		93525346	protein-coding		WP_034527480.1	190	FQN59_RS19485
NZ_CP042285.1	4677145	4677654		minus	ferritin-like domain-containing protein		93525347	protein-coding		WP_005856408.1	169	FQN59_RS19490
NZ_CP042285.1	4677763	4679085		minus	Gfo/Idh/MocA family protein		93525348	protein-coding		WP_008771916.1	440	FQN59_RS19495
NZ_CP042285.1	4679090	4680580		minus	cobyric acid synthase		93525349	protein-coding		WP_121962738.1	496	FQN59_RS19500
NZ_CP042285.1	4680647	4681582		plus	tyrosine-type recombinase/integrase		93525350	protein-coding		WP_057318819.1	311	FQN59_RS19505
NZ_CP042285.1	4682108	4683220		plus	transcription termination/antitermination protein NusG	nusG	93525351	protein-coding		WP_211737672.1	370	FQN59_RS19510
NZ_CP042285.1	4683261	4683650		plus	hypothetical protein		93525352	protein-coding		WP_122115058.1	129	FQN59_RS19515
NZ_CP042285.1	4684206	4684352		plus	hypothetical protein		93525353	protein-coding		WP_005856415.1	48	FQN59_RS19520
NZ_CP042285.1	4684425	4685069		plus	sugar transferase		93525354	protein-coding		WP_122369784.1	214	FQN59_RS19525
NZ_CP042285.1	4685120	4685230		plus	uncharacterized gene		93525975	pseudogene				FQN59_RS22760
NZ_CP042285.1	4685531	4686970		plus	lipopolysaccharide biosynthesis protein		93525355	protein-coding		WP_005868276.1	479	FQN59_RS19535
NZ_CP042285.1	4687013	4688935		plus	hypothetical protein		93525356	protein-coding		WP_211737673.1	640	FQN59_RS19540
NZ_CP042285.1	4688974	4689795		plus	glycosyltransferase family 2 protein		93525357	protein-coding		WP_005868278.1	273	FQN59_RS19545
NZ_CP042285.1	4689795	4690826		plus	EpsG family protein		93525358	protein-coding		WP_005868281.1	343	FQN59_RS19550
NZ_CP042285.1	4690840	4691958		plus	glycosyltransferase family 4 protein		93525359	protein-coding		WP_005868283.1	372	FQN59_RS19555
NZ_CP042285.1	4691992	4693449		plus	B12-binding domain-containing radical SAM protein		93525360	protein-coding		WP_005868285.1	485	FQN59_RS19560
NZ_CP042285.1	4693465	4694217		plus	glycosyltransferase family 2 protein		93525361	protein-coding		WP_211737675.1	250	FQN59_RS19565
NZ_CP042285.1	4694448	4694627		plus	uncharacterized gene		93525362	pseudogene				FQN59_RS19570
NZ_CP042285.1	4694813	4695931		plus	acyltransferase family protein		93525363	protein-coding		WP_005868291.1	372	FQN59_RS19575
NZ_CP042285.1	4695939	4697075		plus	acyltransferase family protein		93525364	protein-coding		WP_005868292.1	378	FQN59_RS19580
NZ_CP042285.1	4697103	4698314		plus	L-serine ammonia-lyase		93525365	protein-coding		WP_008771936.1	403	FQN59_RS19585
NZ_CP042285.1	4698354	4699358		plus	glycoside hydrolase family 43 protein		93525366	protein-coding		WP_005868294.1	334	FQN59_RS19590
NZ_CP042285.1	4699491	4700120		plus	TetR/AcrR family transcriptional regulator		93525367	protein-coding		WP_005856435.1	209	FQN59_RS19595
NZ_CP042285.1	4700158	4701444		plus	TolC family protein		93525368	protein-coding		WP_005868296.1	428	FQN59_RS19600
NZ_CP042285.1	4701472	4702362		plus	HlyD family secretion protein		93525369	protein-coding		WP_211737677.1	296	FQN59_RS19605
NZ_CP042285.1	4702340	4703260		plus	ABC transporter ATP-binding protein		93525370	protein-coding		WP_249222466.1	306	FQN59_RS19610
NZ_CP042285.1	4703305	4704039		plus	ABC transporter ATP-binding protein		93525371	protein-coding		WP_005868299.1	244	FQN59_RS19615
NZ_CP042285.1	4704043	4705128		plus	ABC transporter permease		93525372	protein-coding		WP_211737680.1	361	FQN59_RS19620
NZ_CP042285.1	4705132	4706223		plus	ABC transporter permease		93525373	protein-coding		WP_211737681.1	363	FQN59_RS19625
NZ_CP042285.1	4706287	4707606		plus	gluconate:H+ symporter		93525374	protein-coding		WP_005856449.1	439	FQN59_RS19630
NZ_CP042285.1	4707625	4708146		plus	DUF4833 domain-containing protein		93525375	protein-coding		WP_005856451.1	173	FQN59_RS19635
NZ_CP042285.1	4708187	4708660		plus	RidA family protein		93525376	protein-coding		WP_005856453.1	157	FQN59_RS19640
NZ_CP042285.1	4708664	4709767		plus	D-TA family PLP-dependent enzyme		93525377	protein-coding		WP_008780489.1	367	FQN59_RS19645
NZ_CP042285.1	4709815	4710897		plus	dipeptidase		93525378	protein-coding		WP_005856457.1	360	FQN59_RS19650
NZ_CP042285.1	4710969	4712513		minus	sensor histidine kinase		93525379	protein-coding		WP_036614327.1	514	FQN59_RS19655
NZ_CP042285.1	4712710	4714581		plus	glycoside hydrolase family 127 protein		93525380	protein-coding		WP_211737683.1	623	FQN59_RS19660
NZ_CP042285.1	4714597	4715484		minus	AraC family transcriptional regulator		93525381	protein-coding		WP_005856470.1	295	FQN59_RS19665
NZ_CP042285.1	4715579	4717000		plus	rhamnulokinase		93525382	protein-coding		WP_048927389.1	473	FQN59_RS19670
NZ_CP042285.1	4717039	4718298		plus	L-rhamnose isomerase		93525383	protein-coding		WP_008771952.1	419	FQN59_RS19675
NZ_CP042285.1	4718298	4719323		plus	L-rhamnose/proton symporter RhaT	rhaT	93525384	protein-coding		WP_085939812.1	341	FQN59_RS19680
NZ_CP042285.1	4719335	4720135		plus	rhamnulose-1-phosphate aldolase	rhaD	93525385	protein-coding		WP_122379718.1	266	FQN59_RS19685
NZ_CP042285.1	4720139	4721887		plus	alpha-L-rhamnosidase C-terminal domain-containing protein		93525386	protein-coding		WP_211737684.1	582	FQN59_RS19690
NZ_CP042285.1	4721908	4724505		plus	family 78 glycoside hydrolase catalytic domain		93525387	protein-coding		WP_211737686.1	865	FQN59_RS19695
NZ_CP042285.1	4724648	4726867		plus	alpha-L-rhamnosidase C-terminal domain-containing protein		93525388	protein-coding		WP_211737688.1	739	FQN59_RS19700
NZ_CP042285.1	4726864	4727505		minus	HU family DNA-binding protein		93525389	protein-coding		WP_048927385.1	213	FQN59_RS19705
NZ_CP042285.1	4727917	4729197		plus	ATP-binding protein		93525390	protein-coding		WP_211737691.1	426	FQN59_RS19710
NZ_CP042285.1	4729270	4729683		minus	hypothetical protein		93525391	protein-coding		WP_211737693.1	137	FQN59_RS19715
NZ_CP042285.1	4730023	4733379		plus	hypothetical protein		93525392	protein-coding		WP_122382946.1	1118	FQN59_RS19720
NZ_CP042285.1	4733504	4734529		plus	DUF1848 domain-containing protein		93525393	protein-coding		WP_211737695.1	341	FQN59_RS19725
NZ_CP042285.1	4734707	4735765		minus	ankyrin repeat domain-containing protein		93525394	protein-coding		WP_211737698.1	352	FQN59_RS19730
NZ_CP042285.1	4736002	4737015		plus	DNA/RNA non-specific endonuclease		93525395	protein-coding		WP_122379713.1	337	FQN59_RS19735
NZ_CP042285.1	4737109	4738158		plus	efflux RND transporter periplasmic adaptor subunit		93525396	protein-coding		WP_008778321.1	349	FQN59_RS19740
NZ_CP042285.1	4738169	4741213		plus	efflux RND transporter permease subunit		93525397	protein-coding		WP_005868335.1	1014	FQN59_RS19745
NZ_CP042285.1	4741219	4742511		plus	TolC family protein		93525398	protein-coding		WP_005856505.1	430	FQN59_RS19750
NZ_CP042285.1	4742701	4743990		plus	nucleotide sugar dehydrogenase		93525399	protein-coding		WP_008780508.1	429	FQN59_RS19755
NZ_CP042285.1	4744202	4745758		minus	STN and carboxypeptidase regulatory-like domain-containing protein		93525400	protein-coding		WP_005856509.1	518	FQN59_RS19760
NZ_CP042285.1	4745737	4746588		minus	FecR family protein		93525401	protein-coding		WP_005868343.1	283	FQN59_RS19765
NZ_CP042285.1	4746594	4747133		minus	RNA polymerase sigma-70 factor		93525402	protein-coding		WP_005856513.1	179	FQN59_RS19770
NZ_CP042285.1	4747216	4748481		minus	carboxypeptidase-like regulatory domain-containing protein		93525403	protein-coding		WP_005868347.1	421	FQN59_RS19775
NZ_CP042285.1	4748568	4749494		minus	hydrogen peroxide-inducible genes activator		93525404	protein-coding		WP_005868349.1	308	FQN59_RS19780
NZ_CP042285.1	4749786	4750535		plus	polyprenol monophosphomannose synthase		93525405	protein-coding		WP_005856519.1	249	FQN59_RS19785
NZ_CP042285.1	4750575	4751921		plus	dihydroorotase		93525406	protein-coding		WP_022192408.1	448	FQN59_RS19790
NZ_CP042285.1	4751958	4752503		minus	7-carboxy-7-deazaguanine synthase QueE		93525407	protein-coding		WP_005868354.1	181	FQN59_RS19795
NZ_CP042285.1	4752490	4752822		minus	6-pyruvoyl trahydropterin synthase family protein		93525408	protein-coding		WP_005856525.1	110	FQN59_RS19800
NZ_CP042285.1	4752983	4754107		minus	hybrid sensor histidine kinase/response regulator		93525409	protein-coding		WP_005856527.1	374	FQN59_RS19805
NZ_CP042285.1	4754220	4755407		minus	glycosyltransferase family 2 protein		93525410	protein-coding		WP_211737701.1	395	FQN59_RS19810
NZ_CP042285.1	4755417	4756472		minus	glycosyltransferase family 2 protein		93525411	protein-coding		WP_005868357.1	351	FQN59_RS19815
NZ_CP042285.1	4756480	4757379		minus	glycosyltransferase family 2 protein		93525412	protein-coding		WP_005868358.1	299	FQN59_RS19820
NZ_CP042285.1	4757372	4758556		minus	glycosyltransferase		93525413	protein-coding		WP_122369833.1	394	FQN59_RS19825
NZ_CP042285.1	4758965	4759432		minus	glucosaminidase domain-containing protein		93525414	protein-coding		WP_211737703.1	155	FQN59_RS19830
NZ_CP042285.1	4759524	4759748		plus	DUF4248 domain-containing protein		93525415	protein-coding		WP_005856539.1	74	FQN59_RS19835
NZ_CP042285.1	4759750	4760190		minus	HU family DNA-binding protein		93525416	protein-coding		WP_005868367.1	146	FQN59_RS19840
NZ_CP042285.1	4760389	4760613		plus	DUF6722 family protein		93525417	protein-coding		WP_249222467.1	74	FQN59_RS19845
NZ_CP042285.1	4760864	4762585		minus	DNA primase		93525418	protein-coding		WP_211737705.1	573	FQN59_RS19850
NZ_CP042285.1	4762579	4764036		minus	replicative DNA helicase		93525419	protein-coding		WP_005868371.1	485	FQN59_RS19855
NZ_CP042285.1	4764026	4764418		minus	hypothetical protein		93525420	protein-coding		WP_005868373.1	130	FQN59_RS19860
NZ_CP042285.1	4765101	4766219		minus	glycosyltransferase family 1 protein		93525421	protein-coding		WP_005868374.1	372	FQN59_RS19865
NZ_CP042285.1	4766216	4767661		minus	lipopolysaccharide biosynthesis protein		93525422	protein-coding		WP_005868375.1	481	FQN59_RS19870
NZ_CP042285.1	4767676	4768602		minus	glycosyltransferase		93525423	protein-coding		WP_005868377.1	308	FQN59_RS19875
NZ_CP042285.1	4768587	4769213		minus	acyltransferase		93525424	protein-coding		WP_005868379.1	208	FQN59_RS19880
NZ_CP042285.1	4769226	4770338		minus	glycosyltransferase family 4 protein		93525425	protein-coding		WP_005868381.1	370	FQN59_RS19885
NZ_CP042285.1	4770335	4771546		minus	glycosyltransferase		93525426	protein-coding		WP_005868383.1	403	FQN59_RS19890
NZ_CP042285.1	4771555	4772733		minus	O-antigen ligase family protein		93525427	protein-coding		WP_234079460.1	392	FQN59_RS19895
NZ_CP042285.1	4773025	4775184		minus	GumC family protein		93525428	protein-coding		WP_211737707.1	719	FQN59_RS19900
NZ_CP042285.1	4775188	4775964		minus	TolC family protein		93525429	protein-coding		WP_005868389.1	258	FQN59_RS19905
NZ_CP042285.1	4775997	4777172		minus	sugar transferase		93525430	protein-coding		WP_057327210.1	391	FQN59_RS19910
NZ_CP042285.1	4777172	4777537		minus	response regulator		93525431	protein-coding		WP_005856577.1	121	FQN59_RS19915
NZ_CP042285.1	4777717	4780206		plus	alpha-L-arabinofuranosidase C-terminal domain-containing protein		93525432	protein-coding		WP_211737709.1	829	FQN59_RS19920
NZ_CP042285.1	4780287	4781822		plus	carbon-nitrogen hydrolase family protein		93525433	protein-coding		WP_005868392.1	511	FQN59_RS19925
NZ_CP042285.1	4782028	4784379		minus	family 20 glycosylhydrolase		93525434	protein-coding		WP_211737710.1	783	FQN59_RS19930
NZ_CP042285.1	4784509	4785789		minus	serine hydroxymethyltransferase	glyA	93525435	protein-coding		WP_005856586.1	426	FQN59_RS19935
NZ_CP042285.1	4785921	4786574		minus	3-keto-disaccharide hydrolase		93525436	protein-coding		WP_036651046.1	217	FQN59_RS19940
NZ_CP042285.1	4786601	4788289		minus	energy-dependent translational throttle protein EttA	ettA	93525437	protein-coding		WP_005856590.1	562	FQN59_RS19945
NZ_CP042285.1	4788785	4788857		plus	tRNA-Lys		93525438	tRNA				FQN59_RS19950
NZ_CP042285.1	4789100	4790320		plus	site-specific integrase		93525439	protein-coding		WP_211737711.1	406	FQN59_RS19955
NZ_CP042285.1	4790468	4792360		minus	type IA DNA topoisomerase		93525440	protein-coding		WP_211737712.1	630	FQN59_RS19960
NZ_CP042285.1	4792570	4793442		minus	hypothetical protein		93525441	protein-coding		WP_211737713.1	290	FQN59_RS19965
NZ_CP042285.1	4793442	4794647		minus	DUF6047 family protein		93525442	protein-coding		WP_211737714.1	401	FQN59_RS19970
NZ_CP042285.1	4794659	4796425		minus	DUF6047 family protein		93525443	protein-coding		WP_211737715.1	588	FQN59_RS19975
NZ_CP042285.1	4796447	4797541		minus	DUF6047 family protein		93525444	protein-coding		WP_211737716.1	364	FQN59_RS19980
NZ_CP042285.1	4797714	4797875		minus	hypothetical protein		93525956	protein-coding		WP_249222470.1	53	FQN59_RS22660
NZ_CP042285.1	4797887	4799350		minus	DUF6047 family protein		93525445	protein-coding		WP_211737718.1	487	FQN59_RS19990
NZ_CP042285.1	4799355	4800170		minus	DUF6047 family protein		93525446	protein-coding		WP_211737720.1	271	FQN59_RS19995
NZ_CP042285.1	4800175	4801599		minus	DUF6047 family protein		93525447	protein-coding		WP_211737722.1	474	FQN59_RS20000
NZ_CP042285.1	4801604	4802746		minus	DUF4099 domain-containing protein		93525448	protein-coding		WP_211737724.1	380	FQN59_RS20005
NZ_CP042285.1	4802821	4802952		plus	hypothetical protein		93525976	protein-coding		WP_262887391.1	43	FQN59_RS22765
NZ_CP042285.1	4803070	4803429		plus	M23 family metallopeptidase		93525449	protein-coding		WP_249222555.1	119	FQN59_RS20010
NZ_CP042285.1	4803446	4803604		plus	hypothetical protein		93525450	protein-coding		WP_008777106.1	52	FQN59_RS20015
NZ_CP042285.1	4803650	4804375		plus	toprim domain-containing protein		93525451	protein-coding		WP_211737729.1	241	FQN59_RS20020
NZ_CP042285.1	4804489	4804650		minus	hypothetical protein		93525452	protein-coding		WP_162832120.1	53	FQN59_RS20025
NZ_CP042285.1	4804651	4805397		minus	uncharacterized gene		93525453	pseudogene				FQN59_RS20030
NZ_CP042285.1	4805436	4807448		minus	uncharacterized gene	mobC	93525454	pseudogene				FQN59_RS20040
NZ_CP042285.1	4807482	4808603		minus	conjugal transfer protein MobB	mobB	93525455	protein-coding		WP_211737731.1	373	FQN59_RS20045
NZ_CP042285.1	4808693	4809037		minus	hypothetical protein		93525456	protein-coding		WP_249222556.1	114	FQN59_RS20050
NZ_CP042285.1	4809280	4809906		minus	RteC domain-containing protein		93525457	protein-coding		WP_211737735.1	208	FQN59_RS20055
NZ_CP042285.1	4810135	4810530		minus	hypothetical protein		93525458	protein-coding		WP_211737737.1	131	FQN59_RS20060
NZ_CP042285.1	4810626	4811933		minus	sigma-54-dependent transcriptional regulator		93525459	protein-coding		WP_211737739.1	435	FQN59_RS20065
NZ_CP042285.1	4811930	4814341		minus	ATP-binding response regulator		93525460	protein-coding		WP_211737741.1	803	FQN59_RS20070
NZ_CP042285.1	4814553	4815203		minus	LuxR C-terminal-related transcriptional regulator		93525461	protein-coding		WP_211737743.1	216	FQN59_RS20075
NZ_CP042285.1	4815361	4815849		minus	GNAT family N-acetyltransferase		93525462	protein-coding		WP_211737745.1	162	FQN59_RS20080
NZ_CP042285.1	4816143	4817315		plus	PLP-dependent transferase		93525463	protein-coding		WP_032850123.1	390	FQN59_RS20085
NZ_CP042285.1	4817354	4818532		plus	MalY/PatB family protein		93525464	protein-coding		WP_211737747.1	392	FQN59_RS20090
NZ_CP042285.1	4818558	4819028		plus	Lrp/AsnC family transcriptional regulator		93525465	protein-coding		WP_211737749.1	156	FQN59_RS20095
NZ_CP042285.1	4819217	4820185		plus	biotin synthase BioB	bioB	93525466	protein-coding		WP_211737751.1	322	FQN59_RS20100
NZ_CP042285.1	4820215	4821033		plus	HesA/MoeB/ThiF family protein		93525467	protein-coding		WP_211737752.1	272	FQN59_RS20105
NZ_CP042285.1	4821071	4821586		plus	DsrE/DsrF/DrsH-like family protein		93525468	protein-coding		WP_211737754.1	171	FQN59_RS20110
NZ_CP042285.1	4821605	4821826		plus	sulfurtransferase TusA family protein		93525469	protein-coding		WP_211737756.1	73	FQN59_RS20115
NZ_CP042285.1	4822232	4822879		plus	hypothetical protein		93525470	protein-coding		WP_211737758.1	215	FQN59_RS20120
NZ_CP042285.1	4822995	4823975		plus	IS30-like element IS4351 family transposase		93525471	protein-coding		WP_005794072.1	326	FQN59_RS20125
NZ_CP042285.1	4823972	4824322		plus	hypothetical protein		93525472	protein-coding		WP_211737760.1	116	FQN59_RS20130
NZ_CP042285.1	4824373	4827471		plus	SusC/RagA family TonB-linked outer membrane protein		93525473	protein-coding		WP_211737763.1	1032	FQN59_RS20135
NZ_CP042285.1	4827518	4829038		plus	RagB/SusD family nutrient uptake outer membrane protein		93525474	protein-coding		WP_211737765.1	506	FQN59_RS20140
NZ_CP042285.1	4829100	4829732		plus	hypothetical protein		93525475	protein-coding		WP_211737766.1	210	FQN59_RS20145
NZ_CP042285.1	4829768	4831234		plus	amidohydrolase		93525476	protein-coding		WP_211737768.1	488	FQN59_RS20150
NZ_CP042285.1	4831409	4832269		plus	transposase		93525477	protein-coding		WP_211737770.1	286	FQN59_RS20155
NZ_CP042285.1	4832332	4833363		plus	uroporphyrinogen decarboxylase family protein		93525478	protein-coding		WP_211737773.1	343	FQN59_RS20160
NZ_CP042285.1	4833375	4834538		plus	dicarboxylate/amino acid:cation symporter		93525479	protein-coding		WP_211737775.1	387	FQN59_RS20165
NZ_CP042285.1	4835363	4836313		plus	amidoligase family protein		93525480	protein-coding		WP_211737777.1	316	FQN59_RS20170
NZ_CP042285.1	4836310	4836543		plus	hypothetical protein		93525481	protein-coding		WP_008760248.1	77	FQN59_RS20175
NZ_CP042285.1	4836769	4837548		plus	ParA family protein		93525482	protein-coding		WP_211737779.1	259	FQN59_RS20180
NZ_CP042285.1	4837562	4837981		plus	DUF3408 domain-containing protein		93525483	protein-coding		WP_211737781.1	139	FQN59_RS20185
NZ_CP042285.1	4837986	4838741		plus	hypothetical protein		93525484	protein-coding		WP_211737782.1	251	FQN59_RS20190
NZ_CP042285.1	4839180	4839446		plus	DUF4134 domain-containing protein		93525485	protein-coding		WP_211739015.1	88	FQN59_RS20195
NZ_CP042285.1	4839458	4839808		plus	DUF4133 domain-containing protein		93525486	protein-coding		WP_008760251.1	116	FQN59_RS20200
NZ_CP042285.1	4839771	4842272		plus	uncharacterized gene		93525487	pseudogene				FQN59_RS20210
NZ_CP042285.1	4842293	4842925		plus	DUF4141 domain-containing protein		93525488	protein-coding		WP_008760252.1	210	FQN59_RS20220
NZ_CP042285.1	4842950	4843969		plus	conjugative transposon protein TraJ	traJ	93525489	protein-coding		WP_211737783.1	339	FQN59_RS20225
NZ_CP042285.1	4843993	4844616		plus	uncharacterized gene	traK	93525490	pseudogene				FQN59_RS20230
NZ_CP042285.1	4844630	4844905		plus	hypothetical protein		93525491	protein-coding		WP_008760254.1	91	FQN59_RS20235
NZ_CP042285.1	4844895	4845083		plus	hypothetical protein		93525492	protein-coding		WP_032850130.1	62	FQN59_RS20240
NZ_CP042285.1	4845084	4846196		plus	conjugative transposon protein TraM	traM	93525493	protein-coding		WP_211739019.1	370	FQN59_RS20245
NZ_CP042285.1	4846230	4847129		plus	conjugative transposon protein TraN	traN	93525494	protein-coding		WP_211737784.1	299	FQN59_RS20250
NZ_CP042285.1	4847132	4847716		plus	conjugal transfer protein TraO		93525495	protein-coding		WP_211737785.1	194	FQN59_RS20255
NZ_CP042285.1	4847724	4848206		plus	hypothetical protein		93525496	protein-coding		WP_211737786.1	160	FQN59_RS20260
NZ_CP042285.1	4848256	4848714		plus	TraQ conjugal transfer family protein		93525497	protein-coding		WP_211737787.1	152	FQN59_RS20265
NZ_CP042285.1	4848726	4848950		plus	hypothetical protein		93525957	protein-coding		WP_249222472.1	74	FQN59_RS22665
NZ_CP042285.1	4849277	4850065		minus	phage antirepressor KilAC domain-containing protein		93525498	protein-coding		WP_211737789.1	262	FQN59_RS20275
NZ_CP042285.1	4850163	4851104		minus	DNA cytosine methyltransferase		93525499	protein-coding		WP_249222558.1	313	FQN59_RS20280
NZ_CP042285.1	4851332	4851679		minus	hypothetical protein		93525500	protein-coding		WP_148365353.1	115	FQN59_RS20285
NZ_CP042285.1	4851692	4852012		minus	helix-turn-helix domain-containing protein		93525501	protein-coding		WP_005805156.1	106	FQN59_RS20290
NZ_CP042285.1	4852639	4852752		plus	helix-turn-helix domain-containing protein		93525502	protein-coding		WP_249222473.1	37	FQN59_RS20295
NZ_CP042285.1	4852854	4854299		minus	IS4-like element ISBf8 family transposase		93525503	protein-coding		WP_005642186.1	481	FQN59_RS20300
NZ_CP042285.1	4854646	4857723		plus	Eco57I restriction-modification methylase domain-containing protein		93525504	protein-coding		WP_211737790.1	1025	FQN59_RS20305
NZ_CP042285.1	4857713	4859377		plus	N-6 DNA methylase		93525505	protein-coding		WP_211737792.1	554	FQN59_RS20310
NZ_CP042285.1	4859394	4861598		plus	ATP-dependent endonuclease		93525506	protein-coding		WP_211737794.1	734	FQN59_RS20315
NZ_CP042285.1	4861595	4863493		plus	UvrD-helicase domain-containing protein		93525507	protein-coding		WP_211737795.1	632	FQN59_RS20320
NZ_CP042285.1	4863596	4864213		minus	RloB family protein		93525508	protein-coding		WP_249222474.1	205	FQN59_RS20325
NZ_CP042285.1	4864223	4865410		minus	AAA family ATPase		93525509	protein-coding		WP_211737796.1	395	FQN59_RS20330
NZ_CP042285.1	4865779	4865976		plus	helix-turn-helix domain-containing protein		93525510	protein-coding		WP_211737797.1	65	FQN59_RS20335
NZ_CP042285.1	4865980	4866276		plus	uncharacterized gene		93525511	pseudogene				FQN59_RS20340
NZ_CP042285.1	4866975	4868396		plus	PLP-dependent aminotransferase family protein		93525512	protein-coding		WP_008772066.1	473	FQN59_RS20345
NZ_CP042285.1	4868384	4869580		minus	PLP-dependent aminotransferase family protein		93525513	protein-coding		WP_154395796.1	398	FQN59_RS20350
NZ_CP042285.1	4869698	4869981		plus	uncharacterized gene		93526002	pseudogene				FQN59_RS22895
NZ_CP042285.1	4870205	4871413		minus	hexokinase family protein		93525514	protein-coding		WP_122379702.1	402	FQN59_RS20360
NZ_CP042285.1	4871629	4871802		plus	hypothetical protein		93525515	protein-coding		WP_005856636.1	57	FQN59_RS20365
NZ_CP042285.1	4872005	4872523		minus	cupin domain-containing protein		93525516	protein-coding		WP_022192111.1	172	FQN59_RS20370
NZ_CP042285.1	4872724	4873566		plus	AraC family transcriptional regulator		93525517	protein-coding		WP_008772069.1	280	FQN59_RS20375
NZ_CP042285.1	4873573	4873848		plus	zinc ribbon domain-containing protein		93525518	protein-coding		WP_048927351.1	91	FQN59_RS20380
NZ_CP042285.1	4873810	4874898		minus	winged helix DNA-binding domain-containing protein		93525519	protein-coding		WP_211737798.1	362	FQN59_RS20385
NZ_CP042285.1	4875010	4875609		plus	recombinase family protein		93525520	protein-coding		WP_005856646.1	199	FQN59_RS20390
NZ_CP042285.1	4875619	4876695		minus	magnesium/cobalt transporter CorA	corA	93525521	protein-coding		WP_008772072.1	358	FQN59_RS20395
NZ_CP042285.1	4876711	4879179		minus	endonuclease MutS2		93525522	protein-coding		WP_008772073.1	822	FQN59_RS20400
NZ_CP042285.1	4879195	4880625		minus	DUF4136 domain-containing protein		93525523	protein-coding		WP_122379080.1	476	FQN59_RS20405
NZ_CP042285.1	4880842	4881426		plus	nucleotide exchange factor GrpE		93525524	protein-coding		WP_005862085.1	194	FQN59_RS20410
NZ_CP042285.1	4881457	4882611		plus	molecular chaperone DnaJ	dnaJ	93525525	protein-coding		WP_005856657.1	384	FQN59_RS20415
NZ_CP042285.1	4882752	4883324		plus	cob(I)yrinic acid a,c-diamide adenosyltransferase		93525526	protein-coding		WP_008780537.1	190	FQN59_RS20420
NZ_CP042285.1	4883321	4884166		minus	histidinol-phosphatase		93525527	protein-coding		WP_129984406.1	281	FQN59_RS20425
NZ_CP042285.1	4884245	4885435		minus	glycine C-acetyltransferase	kbl	93525528	protein-coding		WP_005856664.1	396	FQN59_RS20430
NZ_CP042285.1	4885615	4886568		plus	NAD-dependent epimerase/dehydratase family protein		93525529	protein-coding		WP_005862091.1	317	FQN59_RS20435
NZ_CP042285.1	4886657	4887331		minus	tRNA (guanosine(37)-N1)-methyltransferase TrmD	trmD	93525530	protein-coding		WP_008772076.1	224	FQN59_RS20440
NZ_CP042285.1	4887586	4890048		plus	phenylalanine--tRNA ligase subunit beta	pheT	93525531	protein-coding		WP_211737799.1	820	FQN59_RS20445
NZ_CP042285.1	4890088	4890819		plus	YebC/PmpR family DNA-binding transcriptional regulator		93525532	protein-coding		WP_005856672.1	243	FQN59_RS20450
NZ_CP042285.1	4890966	4891730		plus	hypothetical protein		93525533	protein-coding		WP_005856675.1	254	FQN59_RS20455
NZ_CP042285.1	4891863	4892921		plus	DUF4621 domain-containing protein		93525534	protein-coding		WP_022192116.1	352	FQN59_RS20460
NZ_CP042285.1	4892958	4894364		plus	DUF5723 family protein		93525535	protein-coding		WP_005862097.1	468	FQN59_RS20465
NZ_CP042285.1	4894506	4895690		plus	glycosyltransferase family 87 protein		93525536	protein-coding		WP_005862099.1	394	FQN59_RS20470
NZ_CP042285.1	4895781	4899023		minus	S41 family peptidase		93525537	protein-coding		WP_048927350.1	1080	FQN59_RS20475
NZ_CP042285.1	4899109	4900179		minus	6-bladed beta-propeller		93525538	protein-coding		WP_211737801.1	356	FQN59_RS20480
NZ_CP042285.1	4900277	4901041		minus	peroxide stress protein YaaA	yaaA	93525539	protein-coding		WP_211737802.1	254	FQN59_RS20485
NZ_CP042285.1	4901193	4901825		plus	DUF4858 domain-containing protein		93525540	protein-coding		WP_008772083.1	210	FQN59_RS20490
NZ_CP042285.1	4902166	4904754		plus	ATP-dependent chaperone ClpB	clpB	93525541	protein-coding		WP_211737803.1	862	FQN59_RS20495
NZ_CP042285.1	4904877	4905959		minus	sensor histidine kinase		93525542	protein-coding		WP_249222475.1	360	FQN59_RS20500
NZ_CP042285.1	4906390	4906713		plus	hypothetical protein		93525543	protein-coding		WP_005856696.1	107	FQN59_RS20505
NZ_CP042285.1	4906760	4907440		plus	OmpA family protein		93525544	protein-coding		WP_005856698.1	226	FQN59_RS20510
NZ_CP042285.1	4907548	4908609		plus	endonuclease/exonuclease/phosphatase family protein		93525545	protein-coding		WP_008772087.1	353	FQN59_RS20515
NZ_CP042285.1	4908718	4909368		plus	DUF4136 domain-containing protein		93525546	protein-coding		WP_005862113.1	216	FQN59_RS20520
NZ_CP042285.1	4909399	4910019		plus	outer membrane beta-barrel protein		93525547	protein-coding		WP_005862115.1	206	FQN59_RS20525
NZ_CP042285.1	4910098	4910724		minus	hypothetical protein		93525548	protein-coding		WP_005862117.1	208	FQN59_RS20530
NZ_CP042285.1	4910705	4911511		minus	metallophosphoesterase family protein		93525549	protein-coding		WP_087342825.1	268	FQN59_RS20535
NZ_CP042285.1	4911602	4912324		minus	HAD family hydrolase		93525550	protein-coding		WP_008778335.1	240	FQN59_RS20540
NZ_CP042285.1	4912347	4913252		minus	CDP-alcohol phosphatidyltransferase family protein		93525551	protein-coding		WP_122143787.1	301	FQN59_RS20545
NZ_CP042285.1	4913274	4914137		minus	hypothetical protein		93525552	protein-coding		WP_022192123.1	287	FQN59_RS20550
NZ_CP042285.1	4914154	4914852		minus	nucleotidyltransferase family protein		93525553	protein-coding		WP_022192124.1	232	FQN59_RS20555
NZ_CP042285.1	4915202	4915447		plus	RNA recognition motif domain-containing protein		93525554	protein-coding		WP_005856718.1	81	FQN59_RS20560
NZ_CP042285.1	4915571	4916809		plus	hypothetical protein		93525555	protein-coding		WP_122145750.1	412	FQN59_RS20565
NZ_CP042285.1	4916909	4919515		minus	xylan 1,4-beta-xylosidase	xyl3A	93525556	protein-coding		WP_211737805.1	868	FQN59_RS20570
NZ_CP042285.1	4919721	4920551		plus	DUF5032 domain-containing protein		93525557	protein-coding		WP_005862134.1	276	FQN59_RS20575
NZ_CP042285.1	4920678	4921433		plus	NigD-like protein		93525558	protein-coding		WP_005856726.1	251	FQN59_RS20580
NZ_CP042285.1	4921576	4921658		minus	tRNA-Tyr		93525559	tRNA				FQN59_RS20585
NZ_CP042285.1	4921678	4921751		minus	tRNA-Thr		93525560	tRNA				FQN59_RS20590
NZ_CP042285.1	4921900	4922547		minus	superoxide dismutase		93525561	protein-coding		WP_005862137.1	215	FQN59_RS20595
NZ_CP042285.1	4922744	4923283		plus	pyruvoyl-dependent arginine decarboxylase		93525562	protein-coding		WP_005856730.1	179	FQN59_RS20600
NZ_CP042285.1	4923390	4923866		plus	PaaI family thioesterase		93525563	protein-coding		WP_005856732.1	158	FQN59_RS20605
NZ_CP042285.1	4923895	4924740		plus	deoxyribonuclease IV	nfo	93525564	protein-coding		WP_005862141.1	281	FQN59_RS20610
NZ_CP042285.1	4924745	4926154		plus	sodium:proton antiporter NhaD	nhaD	93525565	protein-coding		WP_005856736.1	469	FQN59_RS20615
NZ_CP042285.1	4926167	4927807		plus	dipeptidase		93525566	protein-coding		WP_005862143.1	546	FQN59_RS20620
NZ_CP042285.1	4927851	4928333		plus	porin family protein		93525567	protein-coding		WP_008772096.1	160	FQN59_RS20625
NZ_CP042285.1	4928574	4929212		minus	HAD family hydrolase		93525568	protein-coding		WP_005862146.1	212	FQN59_RS20630
NZ_CP042285.1	4929327	4930136		plus	3-keto-disaccharide hydrolase		93525569	protein-coding		WP_005856744.1	269	FQN59_RS20635
NZ_CP042285.1	4930243	4931544		plus	phenylacetate--CoA ligase family protein		93525570	protein-coding		WP_005856746.1	433	FQN59_RS20640
NZ_CP042285.1	4931565	4931990		plus	hypothetical protein		93525571	protein-coding		WP_005856748.1	141	FQN59_RS20645
NZ_CP042285.1	4932057	4932866		plus	outer membrane protein assembly factor BamD		93525572	protein-coding		WP_005856750.1	269	FQN59_RS20650
NZ_CP042285.1	4932891	4933223		plus	DNA-directed RNA polymerase subunit omega		93525573	protein-coding		WP_005856752.1	110	FQN59_RS20655
NZ_CP042285.1	4933300	4933761		plus	DUF4293 domain-containing protein		93525574	protein-coding		WP_005862150.1	153	FQN59_RS20660
NZ_CP042285.1	4933943	4935478		plus	sulfatase		93525575	protein-coding		WP_211737806.1	511	FQN59_RS20665
NZ_CP042285.1	4935498	4936490		plus	L-glyceraldehyde 3-phosphate reductase	mgrA	93525576	protein-coding		WP_008772101.1	330	FQN59_RS20670
NZ_CP042285.1	4936560	4939439		plus	PD-(D/E)XK nuclease family protein		93525577	protein-coding		WP_211737807.1	959	FQN59_RS20675
NZ_CP042285.1	4939591	4940067		minus	GAF domain-containing protein		93525578	protein-coding		WP_057326282.1	158	FQN59_RS20680
NZ_CP042285.1	4940129	4941478		plus	MATE family efflux transporter		93525579	protein-coding		WP_195400715.1	449	FQN59_RS20685
NZ_CP042285.1	4941468	4942496		plus	agmatine deiminase family protein		93525580	protein-coding		WP_196041245.1	342	FQN59_RS20690
NZ_CP042285.1	4942516	4943391		plus	carbon-nitrogen hydrolase		93525581	protein-coding		WP_009017486.1	291	FQN59_RS20695
NZ_CP042285.1	4943391	4944398		plus	aminodeoxychorismate synthase component I		93525582	protein-coding		WP_211737809.1	335	FQN59_RS20700
NZ_CP042285.1	4944382	4944996		plus	aminotransferase class IV family protein		93525583	protein-coding		WP_211737811.1	204	FQN59_RS20705
NZ_CP042285.1	4945098	4946939		minus	hypothetical protein		93525584	protein-coding		WP_211737814.1	613	FQN59_RS20710
NZ_CP042285.1	4946958	4949093		minus	DUF5686 family protein		93525585	protein-coding		WP_211737816.1	711	FQN59_RS20715
NZ_CP042285.1	4949098	4950591		minus	NAD-dependent dihydropyrimidine dehydrogenase subunit PreA	preA	93525586	protein-coding		WP_005862176.1	497	FQN59_RS20720
NZ_CP042285.1	4950606	4953122		minus	hypothetical protein		93525587	protein-coding		WP_211737818.1	838	FQN59_RS20725
NZ_CP042285.1	4953144	4953998		minus	hypothetical protein		93525588	protein-coding		WP_005862180.1	284	FQN59_RS20730
NZ_CP042285.1	4954007	4954396		minus	helix-turn-helix domain-containing protein		93525589	protein-coding		WP_005862182.1	129	FQN59_RS20735
NZ_CP042285.1	4954577	4956181		minus	AraC family transcriptional regulator		93525590	protein-coding		WP_195320139.1	534	FQN59_RS20740
NZ_CP042285.1	4956186	4958675		minus	TonB-dependent receptor plug domain-containing protein		93525591	protein-coding		WP_211737820.1	829	FQN59_RS20745
NZ_CP042285.1	4958690	4960207		minus	DUF6850 family outer membrane beta-barrel protein		93525592	protein-coding		WP_005862189.1	505	FQN59_RS20750
NZ_CP042285.1	4960214	4961392		minus	DUF4876 domain-containing protein		93525593	protein-coding		WP_005862191.1	392	FQN59_RS20755
NZ_CP042285.1	4961487	4963322		minus	DNA helicase RecQ	recQ	93525594	protein-coding		WP_211737822.1	611	FQN59_RS20760
NZ_CP042285.1	4963431	4964696		plus	DEAD/DEAH box helicase		93525595	protein-coding		WP_008772118.1	421	FQN59_RS20765
NZ_CP042285.1	4964981	4965583		plus	RNA polymerase sigma-70 factor		93525596	protein-coding		WP_008772119.1	200	FQN59_RS20770
NZ_CP042285.1	4965665	4966687		plus	FecR family protein		93525597	protein-coding		WP_057326312.1	340	FQN59_RS20775
NZ_CP042285.1	4966765	4970067		plus	SusC/RagA family TonB-linked outer membrane protein		93525598	protein-coding		WP_211737824.1	1100	FQN59_RS20780
NZ_CP042285.1	4970082	4971773		plus	RagB/SusD family nutrient uptake outer membrane protein		93525599	protein-coding		WP_044545791.1	563	FQN59_RS20785
NZ_CP042285.1	4971780	4973306		plus	sulfatase family protein		93525600	protein-coding		WP_008778341.1	508	FQN59_RS20790
NZ_CP042285.1	4973407	4974807		plus	Gfo/Idh/MocA family protein		93525601	protein-coding		WP_211737826.1	466	FQN59_RS20795
NZ_CP042285.1	4974953	4976209		plus	Gfo/Idh/MocA family oxidoreductase		93525602	protein-coding		WP_005862206.1	418	FQN59_RS20800
NZ_CP042285.1	4976222	4979689		plus	DUF1080 domain-containing protein		93525603	protein-coding		WP_211737828.1	1155	FQN59_RS20805
NZ_CP042285.1	4979828	4981726		plus	PAS domain-containing sensor histidine kinase		93525604	protein-coding		WP_022192157.1	632	FQN59_RS20810
NZ_CP042285.1	4981669	4982322		minus	uracil phosphoribosyltransferase	upp	93525605	protein-coding		WP_005862213.1	217	FQN59_RS20815
NZ_CP042285.1	4982475	4982759		minus	HU family DNA-binding protein		93525606	protein-coding		WP_005856836.1	94	FQN59_RS20820
NZ_CP042285.1	4982942	4983778		minus	hypothetical protein		93525607	protein-coding		WP_022192159.1	278	FQN59_RS20825
NZ_CP042285.1	4983879	4984892		plus	UDP-N-acetylmuramate dehydrogenase	murB	93525608	protein-coding		WP_022192160.1	337	FQN59_RS20830
NZ_CP042285.1	4984892	4985647		plus	MBL fold metallo-hydrolase		93525609	protein-coding		WP_005862219.1	251	FQN59_RS20835
NZ_CP042285.1	4985765	4988143		plus	SLBB domain-containing protein		93525610	protein-coding		WP_121961913.1	792	FQN59_RS20840
NZ_CP042285.1	4988150	4989256		plus	Wzz/FepE/Etk N-terminal domain-containing protein		93525611	protein-coding		WP_048927321.1	368	FQN59_RS20845
NZ_CP042285.1	4989253	4990110		minus	hypothetical protein		93525612	protein-coding		WP_229040535.1	285	FQN59_RS20850
NZ_CP042285.1	4990131	4990769		minus	endonuclease III	nth	93525613	protein-coding		WP_048927319.1	212	FQN59_RS20855
NZ_CP042285.1	4990938	4993451		minus	beta-N-acetylglucosaminidase domain-containing protein		93525614	protein-coding		WP_122143801.1	837	FQN59_RS20860
NZ_CP042285.1	4993554	4995137		minus	DUF3858 domain-containing protein		93525615	protein-coding		WP_211737830.1	527	FQN59_RS20865
NZ_CP042285.1	4995151	4997112		minus	DUF3857 domain-containing transglutaminase family protein		93525616	protein-coding		WP_211737832.1	653	FQN59_RS20870
NZ_CP042285.1	4997115	4998113		minus	AMP-binding protein		93525617	protein-coding		WP_005862237.1	332	FQN59_RS20875
NZ_CP042285.1	4998117	4999169		minus	o-succinylbenzoate synthase		93525618	protein-coding		WP_211737834.1	350	FQN59_RS20880
NZ_CP042285.1	4999197	5000021		minus	1,4-dihydroxy-2-naphthoyl-CoA synthase	menB	93525619	protein-coding		WP_048927313.1	274	FQN59_RS20885
NZ_CP042285.1	5000025	5001713		minus	2-succinyl-5-enolpyruvyl-6-hydroxy-3-cyclohexene-1-carboxylic-acid synthase	menD	93525620	protein-coding		WP_022192642.1	562	FQN59_RS20890
NZ_CP042285.1	5001728	5002825		minus	isochorismate synthase		93525621	protein-coding		WP_211737836.1	365	FQN59_RS20895
NZ_CP042285.1	5002822	5004054		minus	Cof-type HAD-IIB family hydrolase		93525622	protein-coding		WP_005862246.1	410	FQN59_RS20900
NZ_CP042285.1	5004366	5005121		minus	Cof-type HAD-IIB family hydrolase		93525623	protein-coding		WP_211737838.1	251	FQN59_RS20905
NZ_CP042285.1	5005111	5007033		minus	AAA domain-containing protein		93525624	protein-coding		WP_211737840.1	640	FQN59_RS20910
NZ_CP042285.1	5007219	5007590		plus	Hpt domain-containing protein		93525625	protein-coding		WP_005856873.1	123	FQN59_RS20915
NZ_CP042285.1	5007635	5008927		plus	serine dehydratase subunit alpha family protein		93525626	protein-coding		WP_005862252.1	430	FQN59_RS20920
NZ_CP042285.1	5008937	5009839		plus	cation diffusion facilitator family transporter		93525627	protein-coding		WP_009017469.1	300	FQN59_RS20925
NZ_CP042285.1	5009852	5011192		plus	guanine deaminase	guaD	93525628	protein-coding		WP_211737843.1	446	FQN59_RS20930
NZ_CP042285.1	5011157	5012125		minus	4Fe-4S binding protein		93525629	protein-coding		WP_122143805.1	322	FQN59_RS20935
NZ_CP042285.1	5012170	5013438		minus	DUF5103 domain-containing protein		93525630	protein-coding		WP_005856883.1	422	FQN59_RS20940
NZ_CP042285.1	5013571	5014917		plus	Na(+)-translocating NADH-quinone reductase subunit A		93525631	protein-coding		WP_008772142.1	448	FQN59_RS20945
NZ_CP042285.1	5014941	5016143		plus	NADH:ubiquinone reductase (Na(+)-transporting) subunit B		93525632	protein-coding		WP_005862260.1	400	FQN59_RS20950
NZ_CP042285.1	5016157	5016969		plus	NADH:ubiquinone reductase (Na(+)-transporting) subunit C	nqrC	93525633	protein-coding		WP_005856889.1	270	FQN59_RS20955
NZ_CP042285.1	5016977	5017606		plus	NADH:ubiquinone reductase (Na(+)-transporting) subunit D		93525634	protein-coding		WP_005856891.1	209	FQN59_RS20960
NZ_CP042285.1	5017632	5018249		plus	NADH:ubiquinone reductase (Na(+)-transporting) subunit E	nqrE	93525635	protein-coding		WP_005856893.1	205	FQN59_RS20965
NZ_CP042285.1	5018290	5019564		plus	NADH:ubiquinone reductase (Na(+)-transporting) subunit F	nqrF	93525636	protein-coding		WP_010182986.1	424	FQN59_RS20970
NZ_CP042285.1	5019684	5020091		plus	transposase		93525637	protein-coding		WP_122268703.1	135	FQN59_RS20975
NZ_CP042285.1	5020124	5020951		plus	IS3 family transposase		93525638	protein-coding		WP_232306318.1	275	FQN59_RS20980
NZ_CP042285.1	5021377	5021604		plus	hypothetical protein		93525639	protein-coding		WP_010182987.1	75	FQN59_RS20985
NZ_CP042285.1	5021682	5021933		plus	hypothetical protein		93525640	protein-coding		WP_005862263.1	83	FQN59_RS20990
NZ_CP042285.1	5021995	5022456		minus	type I restriction enzyme HsdR N-terminal domain-containing protein		93525641	protein-coding		WP_057318762.1	153	FQN59_RS20995
NZ_CP042285.1	5022513	5023289		plus	AMP nucleosidase		93525642	protein-coding		WP_044546993.1	258	FQN59_RS21000
NZ_CP042285.1	5023309	5024331		plus	DNA polymerase III subunit delta	holA	93525643	protein-coding		WP_005856906.1	340	FQN59_RS21005
NZ_CP042285.1	5025173	5025622		plus	helix-turn-helix domain-containing protein		93525644	protein-coding		WP_005856911.1	149	FQN59_RS21010
NZ_CP042285.1	5025688	5026473		plus	dihydroorotate dehydrogenase electron transfer subunit		93525645	protein-coding		WP_005856914.1	261	FQN59_RS21015
NZ_CP042285.1	5026461	5027378		plus	dihydroorotate dehydrogenase		93525646	protein-coding		WP_005862273.1	305	FQN59_RS21020
NZ_CP042285.1	5027480	5028241		minus	exodeoxyribonuclease III		93525647	protein-coding		WP_036628709.1	253	FQN59_RS21025
NZ_CP042285.1	5028378	5029082		plus	MgtC/SapB family protein		93525648	protein-coding		WP_005856919.1	234	FQN59_RS21030
NZ_CP042285.1	5029092	5029562		minus	C-GCAxxG-C-C family protein		93525649	protein-coding		WP_005862279.1	156	FQN59_RS21035
NZ_CP042285.1	5029549	5029854		minus	Dabb family protein		93525650	protein-coding		WP_005862281.1	101	FQN59_RS21040
NZ_CP042285.1	5029880	5031106		minus	phosphoserine phosphatase SerB	serB	93525651	protein-coding		WP_005856925.1	408	FQN59_RS21045
NZ_CP042285.1	5031208	5031801		plus	hypothetical protein		93525652	protein-coding		WP_005862283.1	197	FQN59_RS21050
NZ_CP042285.1	5031826	5034135		minus	outer membrane beta-barrel protein		93525653	protein-coding		WP_211737845.1	769	FQN59_RS21055
NZ_CP042285.1	5034181	5034588		minus	hypothetical protein		93525654	protein-coding		WP_146375509.1	135	FQN59_RS21060
NZ_CP042285.1	5034597	5034965		minus	GntR family transcriptional regulator		93525655	protein-coding		WP_048927301.1	122	FQN59_RS21065
NZ_CP042285.1	5034962	5035678		minus	hypothetical protein		93525656	protein-coding		WP_005856935.1	238	FQN59_RS21070
NZ_CP042285.1	5035691	5036518		minus	ATP-binding cassette domain-containing protein		93525657	protein-coding		WP_009017461.1	275	FQN59_RS21075
NZ_CP042285.1	5037176	5037676		plus	thioredoxin family protein		93525658	protein-coding		WP_005856939.1	166	FQN59_RS21080
NZ_CP042285.1	5037919	5038599		plus	hypothetical protein		93525659	protein-coding		WP_034531256.1	226	FQN59_RS21085
NZ_CP042285.1	5038699	5040072		minus	aminopeptidase P family protein		93525660	protein-coding		WP_005856943.1	457	FQN59_RS21090
NZ_CP042285.1	5040185	5040529		plus	hypothetical protein		93525661	protein-coding		WP_005856945.1	114	FQN59_RS21095
NZ_CP042285.1	5040548	5040973		plus	ATP-binding protein		93525662	protein-coding		WP_005856948.1	141	FQN59_RS21100
NZ_CP042285.1	5040977	5042356		plus	[Fe-Fe] hydrogenase large subunit C-terminal domain-containing protein		93525663	protein-coding		WP_009017459.1	459	FQN59_RS21105
NZ_CP042285.1	5042343	5042687		plus	DRTGG domain-containing protein		93525664	protein-coding		WP_022192654.1	114	FQN59_RS21110
NZ_CP042285.1	5042684	5043430		plus	PHP domain-containing protein		93525665	protein-coding		WP_048927298.1	248	FQN59_RS21115
NZ_CP042285.1	5043423	5043956		plus	ATP-binding protein		93525666	protein-coding		WP_005862300.1	177	FQN59_RS21120
NZ_CP042285.1	5044256	5045473		minus	tetratricopeptide repeat protein		93525667	protein-coding		WP_009017452.1	405	FQN59_RS21125
NZ_CP042285.1	5045516	5048128		minus	DNA gyrase subunit A	gyrA	93525668	protein-coding		WP_008779885.1	870	FQN59_RS21130
NZ_CP042285.1	5048333	5050891		plus	ATP-dependent Clp protease ATP-binding subunit		93525669	protein-coding		WP_005862303.1	852	FQN59_RS21135
NZ_CP042285.1	5051031	5051114		minus	tRNA-Leu		93525670	tRNA				FQN59_RS21140
NZ_CP042285.1	5051128	5051211		minus	tRNA-Leu		93525671	tRNA				FQN59_RS21145
NZ_CP042285.1	5051228	5051300		minus	tRNA-Gly		93525672	tRNA				FQN59_RS21150
NZ_CP042285.1	5051380	5052207		minus	purine nucleoside phosphorylase I, inosine and guanosine-specific		93525673	protein-coding		WP_087342695.1	275	FQN59_RS21155
NZ_CP042285.1	5052219	5053475		minus	amidohydrolase		93525674	protein-coding		WP_122379668.1	418	FQN59_RS21160
NZ_CP042285.1	5053487	5054842		minus	dipeptidase		93525675	protein-coding		WP_087342689.1	451	FQN59_RS21165
NZ_CP042285.1	5055092	5055823		plus	SDR family NAD(P)-dependent oxidoreductase		93525676	protein-coding		WP_195400738.1	243	FQN59_RS21170
NZ_CP042285.1	5055858	5056190		minus	DUF3795 domain-containing protein		93525677	protein-coding		WP_048927295.1	110	FQN59_RS21175
NZ_CP042285.1	5056305	5057963		plus	amino acid permease		93525678	protein-coding		WP_005862312.1	552	FQN59_RS21180
NZ_CP042285.1	5058110	5058490		minus	GtrA family protein		93525679	protein-coding		WP_005856979.1	126	FQN59_RS21185
NZ_CP042285.1	5058592	5058867		plus	putative quinol monooxygenase		93525680	protein-coding		WP_005856980.1	91	FQN59_RS21190
NZ_CP042285.1	5058981	5060324		minus	citrate/2-methylcitrate synthase		93525681	protein-coding		WP_008772165.1	447	FQN59_RS21195
NZ_CP042285.1	5060330	5061607		minus	NADP-dependent isocitrate dehydrogenase	icd	93525682	protein-coding		WP_211737848.1	425	FQN59_RS21200
NZ_CP042285.1	5061631	5063880		minus	aconitate hydratase		93525683	protein-coding		WP_211737850.1	749	FQN59_RS21205
NZ_CP042285.1	5064151	5065800		minus	bifunctional aspartate transaminase/aspartate 4-decarboxylase		93525684	protein-coding		WP_005862319.1	549	FQN59_RS21210
NZ_CP042285.1	5065813	5067510		minus	aspartate-alanine antiporter	aspT	93525685	protein-coding		WP_036610880.1	565	FQN59_RS21215
NZ_CP042285.1	5067922	5068839		plus	sirohydrochlorin cobaltochelatase		93525686	protein-coding		WP_005862321.1	305	FQN59_RS21220
NZ_CP042285.1	5068986	5071367		plus	TonB-dependent receptor		93525687	protein-coding		WP_008779872.1	793	FQN59_RS21225
NZ_CP042285.1	5071386	5072849		plus	PepSY domain-containing protein		93525688	protein-coding		WP_211737852.1	487	FQN59_RS21230
NZ_CP042285.1	5072906	5074318		plus	precorrin-3B C(17)-methyltransferase	cobJ	93525689	protein-coding		WP_005862324.1	470	FQN59_RS21235
NZ_CP042285.1	5074315	5075514		plus	bifunctional cobalt-precorrin-7 (C(5))-methyltransferase/cobalt-precorrin-6B (C(15))-methyltransferase		93525690	protein-coding		WP_057317050.1	399	FQN59_RS21240
NZ_CP042285.1	5075511	5077292		plus	precorrin-4 C(11)-methyltransferase	cobM	93525691	protein-coding		WP_211737854.1	593	FQN59_RS21245
NZ_CP042285.1	5077292	5079226		plus	cobalt-precorrin-5B (C(1))-methyltransferase CbiD	cbiD	93525692	protein-coding		WP_211737857.1	644	FQN59_RS21250
NZ_CP042285.1	5079292	5080521		plus	BamA/TamA family outer membrane protein		93525693	protein-coding		WP_122246462.1	409	FQN59_RS21255
NZ_CP042285.1	5080717	5081565		plus	bifunctional hydroxymethylpyrimidine kinase/phosphomethylpyrimidine kinase	thiD	93525694	protein-coding		WP_121961923.1	282	FQN59_RS21260
NZ_CP042285.1	5081558	5082154		plus	thiamine phosphate synthase		93525695	protein-coding		WP_211737859.1	198	FQN59_RS21265
NZ_CP042285.1	5082145	5082873		plus	thiamine phosphate synthase		93525696	protein-coding		WP_211737861.1	242	FQN59_RS21270
NZ_CP042285.1	5082885	5084582		plus	phosphomethylpyrimidine synthase ThiC	thiC	93525697	protein-coding		WP_130882170.1	565	FQN59_RS21275
NZ_CP042285.1	5084623	5085459		minus	patatin-like phospholipase family protein		93525698	protein-coding		WP_005862333.1	278	FQN59_RS21280
NZ_CP042285.1	5085561	5086559		minus	2-hydroxyacid dehydrogenase		93525699	protein-coding		WP_005862334.1	332	FQN59_RS21285
NZ_CP042285.1	5086672	5088630		plus	biosynthetic peptidoglycan transglycosylase		93525700	protein-coding		WP_211737863.1	652	FQN59_RS21290
NZ_CP042285.1	5088581	5089756		minus	sensor histidine kinase		93525701	protein-coding		WP_122143827.1	391	FQN59_RS21295
NZ_CP042285.1	5089753	5090430		minus	response regulator transcription factor		93525702	protein-coding		WP_005857016.1	225	FQN59_RS21300
NZ_CP042285.1	5090661	5093786		minus	efflux RND transporter permease subunit		93525703	protein-coding		WP_211737865.1	1041	FQN59_RS21305
NZ_CP042285.1	5093796	5094881		minus	efflux RND transporter periplasmic adaptor subunit		93525704	protein-coding		WP_005862342.1	361	FQN59_RS21310
NZ_CP042285.1	5094898	5096157		minus	TolC family protein		93525705	protein-coding		WP_005862344.1	419	FQN59_RS21315
NZ_CP042285.1	5096248	5097180		minus	UDP-glucuronic acid decarboxylase family protein		93525706	protein-coding		WP_005862346.1	310	FQN59_RS21320
NZ_CP042285.1	5097191	5097652		minus	septal ring lytic transglycosylase RlpA family protein		93525707	protein-coding		WP_005857026.1	153	FQN59_RS21325
NZ_CP042285.1	5097670	5099049		minus	cytochrome c peroxidase		93525708	protein-coding		WP_009017426.1	459	FQN59_RS21330
NZ_CP042285.1	5099378	5099965		plus	LemA family protein		93525709	protein-coding		WP_005857030.1	195	FQN59_RS21335
NZ_CP042285.1	5099980	5100951		plus	TPM domain-containing protein		93525710	protein-coding		WP_005862349.1	323	FQN59_RS21340
NZ_CP042285.1	5101025	5101513		minus	complex I 24 kDa subunit family protein		93525711	protein-coding		WP_005857033.1	162	FQN59_RS21345
NZ_CP042285.1	5101517	5103307		minus	NADH-dependent [FeFe] hydrogenase, group A6		93525712	protein-coding		WP_005862352.1	596	FQN59_RS21350
NZ_CP042285.1	5103322	5105112		minus	NADH-ubiquinone oxidoreductase-F iron-sulfur binding region domain-containing protein		93525713	protein-coding		WP_044546036.1	596	FQN59_RS21355
NZ_CP042285.1	5105134	5105532		minus	(2Fe-2S) ferredoxin domain-containing protein		93525714	protein-coding		WP_044546039.1	132	FQN59_RS21360
NZ_CP042285.1	5105607	5106503		minus	serine O-acetyltransferase		93525715	protein-coding		WP_005857041.1	298	FQN59_RS21365
NZ_CP042285.1	5106506	5108668		minus	Kelch repeat-containing protein		93525716	protein-coding		WP_057318744.1	720	FQN59_RS21370
NZ_CP042285.1	5108681	5109637		minus	hypothetical protein		93525717	protein-coding		WP_008772192.1	318	FQN59_RS21375
NZ_CP042285.1	5109679	5111472		minus	serine/threonine-protein kinase		93525718	protein-coding		WP_211737867.1	597	FQN59_RS21380
NZ_CP042285.1	5111514	5112317		minus	PP2C family protein-serine/threonine phosphatase		93525719	protein-coding		WP_005862361.1	267	FQN59_RS21385
NZ_CP042285.1	5112330	5112845		minus	FHA domain-containing protein		93525720	protein-coding		WP_057318741.1	171	FQN59_RS21390
NZ_CP042285.1	5112842	5113096		minus	hypothetical protein		93525721	protein-coding		WP_005857054.1	84	FQN59_RS21395
NZ_CP042285.1	5113239	5113892		minus	FHA domain-containing protein		93525722	protein-coding		WP_005857056.1	217	FQN59_RS21400
NZ_CP042285.1	5113897	5114286		minus	LytTR family DNA-binding domain-containing protein		93525723	protein-coding		WP_005857058.1	129	FQN59_RS21405
NZ_CP042285.1	5114345	5115439		minus	PAS domain-containing sensor histidine kinase		93525724	protein-coding		WP_005862364.1	364	FQN59_RS21410
NZ_CP042285.1	5115652	5118372		minus	pyruvate, phosphate dikinase	ppdK	93525725	protein-coding		WP_008772196.1	906	FQN59_RS21415
NZ_CP042285.1	5118978	5120390		plus	23S rRNA (uracil(1939)-C(5))-methyltransferase RlmD	rlmD	93525726	protein-coding		WP_122378602.1	470	FQN59_RS21420
NZ_CP042285.1	5120403	5121788		plus	transglycosylase SLT domain-containing protein		93525727	protein-coding		WP_048927278.1	461	FQN59_RS21425
NZ_CP042285.1	5121857	5122738		minus	DUF3078 domain-containing protein		93525728	protein-coding		WP_048927277.1	293	FQN59_RS21430
NZ_CP042285.1	5122904	5123137		plus	YecH family metal-binding protein		93525729	protein-coding		WP_048927276.1	77	FQN59_RS21435
NZ_CP042285.1	5123231	5123494		minus	hypothetical protein		93525730	protein-coding		WP_227154340.1	87	FQN59_RS21440
NZ_CP042285.1	5123595	5123666		plus	hypothetical protein		301046732	protein-coding		WP_350453580.1	23	FQN59_RS22985
NZ_CP042285.1	5123998	5124348		plus	DUF1622 domain-containing protein		93525731	protein-coding		WP_005857075.1	116	FQN59_RS21445
NZ_CP042285.1	5124705	5124926		minus	helix-turn-helix domain-containing protein		93525732	protein-coding		WP_005862373.1	73	FQN59_RS21450
NZ_CP042285.1	5124929	5125225		minus	DUF2975 domain-containing protein		93525958	protein-coding		WP_346345293.1	98	FQN59_RS22675
NZ_CP042285.1	5126573	5129809		plus	FAD-dependent oxidoreductase		93525733	protein-coding		WP_211737869.1	1078	FQN59_RS21460
NZ_CP042285.1	5129915	5131003		plus	tyrosine-type recombinase/integrase		93525734	protein-coding		WP_005862537.1	362	FQN59_RS21465
NZ_CP042285.1	5131073	5132224		minus	DUF4906 domain-containing protein		93525735	protein-coding		WP_249222478.1	383	FQN59_RS21470
NZ_CP042285.1	5132304	5133314		minus	BF2992 family fimbrillin-A clan protein		93525736	protein-coding		WP_230328002.1	336	FQN59_RS21475
NZ_CP042285.1	5133332	5134285		minus	fimbrillin family protein		93525737	protein-coding		WP_227806139.1	317	FQN59_RS21480
NZ_CP042285.1	5134316	5135191		minus	hypothetical protein		93525738	protein-coding		WP_233572795.1	291	FQN59_RS21485
NZ_CP042285.1	5135222	5136118		minus	fimbrillin family protein		93525739	protein-coding		WP_249222479.1	298	FQN59_RS21490
NZ_CP042285.1	5136140	5137279		minus	fimbrillin family protein		93525740	protein-coding		WP_249222480.1	379	FQN59_RS21495
NZ_CP042285.1	5137296	5138399		minus	fimbrillin family protein		93525741	protein-coding		WP_211737873.1	367	FQN59_RS21500
NZ_CP042285.1	5138558	5139787		minus	fimbrillin family protein		93525742	protein-coding		WP_211737875.1	409	FQN59_RS21505
NZ_CP042285.1	5139837	5140895		minus	fimbrillin family protein		93525743	protein-coding		WP_048927270.1	352	FQN59_RS21510
NZ_CP042285.1	5140918	5141961		minus	fimbrillin family protein		93525744	protein-coding		WP_211737877.1	347	FQN59_RS21515
NZ_CP042285.1	5142014	5143702		minus	fimbrillin family protein		93525745	protein-coding		WP_122369347.1	562	FQN59_RS21520
NZ_CP042285.1	5143873	5144640		minus	DNA-binding domain-containing protein		93525746	protein-coding		WP_048927267.1	255	FQN59_RS21525
NZ_CP042285.1	5144697	5147096		minus	DUF4906 domain-containing protein		93525747	protein-coding		WP_370449960.1	799	FQN59_RS21530
NZ_CP042285.1	5147689	5149374		minus	AAA family ATPase		93525748	protein-coding		WP_211737880.1	561	FQN59_RS21535
NZ_CP042285.1	5149518	5151851		minus	DUF4906 domain-containing protein		93525749	protein-coding		WP_249222481.1	777	FQN59_RS21540
NZ_CP042285.1	5152364	5154805		minus	FISUMP domain-containing protein		93525750	protein-coding		WP_249222482.1	813	FQN59_RS21545
NZ_CP042285.1	5155395	5157074		minus	AAA family ATPase		93525751	protein-coding		WP_211737883.1	559	FQN59_RS21550
NZ_CP042285.1	5157232	5159721		minus	DUF4906 domain-containing protein		93525752	protein-coding		WP_249222483.1	829	FQN59_RS21555
NZ_CP042285.1	5160495	5161508		minus	ABC transporter ATP-binding protein		93525753	protein-coding		WP_008779842.1	337	FQN59_RS21560
NZ_CP042285.1	5161510	5162547		minus	iron ABC transporter permease		93525754	protein-coding		WP_008772222.1	345	FQN59_RS21565
NZ_CP042285.1	5162557	5163720		minus	ABC transporter substrate-binding protein		93525755	protein-coding		WP_211737885.1	387	FQN59_RS21570
NZ_CP042285.1	5164049	5164753		plus	precorrin-2 C(20)-methyltransferase		93525756	protein-coding		WP_044546061.1	234	FQN59_RS21575
NZ_CP042285.1	5164802	5165314		minus	hypothetical protein		93525757	protein-coding		WP_048927265.1	170	FQN59_RS21580
NZ_CP042285.1	5165708	5167375		plus	formate--tetrahydrofolate ligase		93525758	protein-coding		WP_005862573.1	555	FQN59_RS21585
NZ_CP042285.1	5167473	5168954		minus	proline--tRNA ligase	proS	93525759	protein-coding		WP_211737887.1	493	FQN59_RS21590
NZ_CP042285.1	5169063	5170166		plus	Gfo/Idh/MocA family protein		93525760	protein-coding		WP_048927263.1	367	FQN59_RS21595
NZ_CP042285.1	5170171	5171910		minus	thiamine pyrophosphate-dependent enzyme		93525761	protein-coding		WP_195602979.1	579	FQN59_RS21600
NZ_CP042285.1	5171983	5172129		minus	uncharacterized gene		93525762	pseudogene				FQN59_RS21605
NZ_CP042285.1	5172269	5172673		minus	HsmA family protein		93525763	protein-coding		WP_048927261.1	134	FQN59_RS21610
NZ_CP042285.1	5172788	5173945		plus	MFS transporter		93525764	protein-coding		WP_036615868.1	385	FQN59_RS21615
NZ_CP042285.1	5173958	5177068		plus	glycoside hydrolase family 2 TIM barrel-domain containing protein		93525765	protein-coding		WP_211737889.1	1036	FQN59_RS21620
NZ_CP042285.1	5177159	5178325		minus	MalY/PatB family protein		93525766	protein-coding		WP_211737891.1	388	FQN59_RS21625
NZ_CP042285.1	5178331	5179197		minus	DUF3737 family protein		93525767	protein-coding		WP_005862587.1	288	FQN59_RS21630
NZ_CP042285.1	5179206	5180279		minus	alpha/beta hydrolase		93525768	protein-coding		WP_087344547.1	357	FQN59_RS21635
NZ_CP042285.1	5180512	5181429		plus	helix-turn-helix domain-containing protein		93525769	protein-coding		WP_036615856.1	305	FQN59_RS21640
NZ_CP042285.1	5181445	5182332		plus	helix-turn-helix domain-containing protein		93525770	protein-coding		WP_211737893.1	295	FQN59_RS21645
NZ_CP042285.1	5182374	5184890		minus	glutaminase domain-containing protein		93525771	protein-coding		WP_211737896.1	838	FQN59_RS21650
NZ_CP042285.1	5184895	5185578		minus	SGNH/GDSL hydrolase family protein		93525772	protein-coding		WP_057326552.1	227	FQN59_RS21655
NZ_CP042285.1	5185711	5186895		plus	dicarboxylate/amino acid:cation symporter		93525773	protein-coding		WP_122144684.1	394	FQN59_RS21660
NZ_CP042285.1	5186971	5187804		minus	helix-turn-helix domain-containing protein		93525774	protein-coding		WP_005862599.1	277	FQN59_RS21665
NZ_CP042285.1	5187955	5189064		plus	efflux RND transporter periplasmic adaptor subunit		93525775	protein-coding		WP_195283869.1	369	FQN59_RS21670
NZ_CP042285.1	5189070	5192273		plus	efflux RND transporter permease subunit		93525776	protein-coding		WP_211737898.1	1067	FQN59_RS21675
NZ_CP042285.1	5192304	5193668		plus	efflux transporter outer membrane subunit		93525777	protein-coding		WP_122144690.1	454	FQN59_RS21680
NZ_CP042285.1	5193838	5194785		plus	cysteine synthase A	cysK	93525778	protein-coding		WP_211737900.1	315	FQN59_RS21685
NZ_CP042285.1	5194916	5196052		minus	bifunctional histidinol-phosphatase/imidazoleglycerol-phosphate dehydratase HisB	hisB	93525779	protein-coding		WP_211737902.1	378	FQN59_RS21690
NZ_CP042285.1	5196049	5197086		minus	histidinol-phosphate transaminase	hisC	93525780	protein-coding		WP_211737904.1	345	FQN59_RS21695
NZ_CP042285.1	5197083	5198363		minus	histidinol dehydrogenase	hisD	93525781	protein-coding		WP_211737906.1	426	FQN59_RS21700
NZ_CP042285.1	5198365	5199216		minus	ATP phosphoribosyltransferase	hisG	93525782	protein-coding		WP_170105240.1	283	FQN59_RS21705
NZ_CP042285.1	5199461	5199802		minus	type II toxin-antitoxin system RelE/ParE family toxin		93525783	protein-coding		WP_005857198.1	113	FQN59_RS21710
NZ_CP042285.1	5199792	5200055		minus	hypothetical protein		93525784	protein-coding		WP_005862616.1	87	FQN59_RS21715
NZ_CP042285.1	5200112	5202640		minus	M1 family aminopeptidase		93525785	protein-coding		WP_005862618.1	842	FQN59_RS21720
NZ_CP042285.1	5202650	5203105		minus	DUF4268 domain-containing protein		93525786	protein-coding		WP_005857205.1	151	FQN59_RS21725
NZ_CP042285.1	5203105	5205954		minus	M16 family metallopeptidase		93525787	protein-coding		WP_211737908.1	949	FQN59_RS21730
NZ_CP042285.1	5206097	5207266		plus	mechanosensitive ion channel family protein		93525788	protein-coding		WP_008772244.1	389	FQN59_RS21735
NZ_CP042285.1	5207336	5208607		plus	mechanosensitive ion channel family protein		93525789	protein-coding		WP_196007507.1	423	FQN59_RS21740
NZ_CP042285.1	5208634	5208873		plus	DUF3791 domain-containing protein		93525790	protein-coding		WP_008772246.1	79	FQN59_RS21745
NZ_CP042285.1	5208870	5209142		plus	DUF3990 domain-containing protein		93525791	protein-coding		WP_034531272.1	90	FQN59_RS21750
NZ_CP042285.1	5209401	5210147		minus	SEL1-like repeat protein		93525792	protein-coding		WP_087344500.1	248	FQN59_RS21755
NZ_CP042285.1	5210243	5210899		minus	M48 metallopeptidase family protein		93525793	protein-coding		WP_211737910.1	218	FQN59_RS21760
NZ_CP042285.1	5210880	5211791		minus	WG repeat-containing protein		93525794	protein-coding		WP_211737913.1	303	FQN59_RS21765
NZ_CP042285.1	5211988	5212455		minus	hypothetical protein		93525795	protein-coding		WP_211737915.1	155	FQN59_RS21770
NZ_CP042285.1	5212954	5213340		minus	YkvA family protein		93525796	protein-coding		WP_211737917.1	128	FQN59_RS21775
NZ_CP042285.1	5213343	5213570		minus	hypothetical protein		93525797	protein-coding		WP_087344484.1	75	FQN59_RS21780
NZ_CP042285.1	5213579	5213857		minus	hypothetical protein		93525798	protein-coding		WP_087344481.1	92	FQN59_RS21785
NZ_CP042285.1	5213857	5215281		minus	HNH endonuclease		93525799	protein-coding		WP_087344480.1	474	FQN59_RS21790
NZ_CP042285.1	5215289	5218024		minus	ATP-binding protein		93525800	protein-coding		WP_087344477.1	911	FQN59_RS21795
NZ_CP042285.1	5218026	5220266		minus	Hsp70 family protein		93525801	protein-coding		WP_211737919.1	746	FQN59_RS21800
NZ_CP042285.1	5220253	5220744		minus	hypothetical protein		93525802	protein-coding		WP_211737921.1	163	FQN59_RS21805
NZ_CP042285.1	5220777	5221757		minus	IS30-like element IS4351 family transposase		93525803	protein-coding		WP_005794072.1	326	FQN59_RS21810
NZ_CP042285.1	5221873	5222403		minus	glycine zipper family protein		93525804	protein-coding		WP_211737923.1	176	FQN59_RS21815
NZ_CP042285.1	5222405	5223064		minus	hypothetical protein		93525805	protein-coding		WP_087344467.1	219	FQN59_RS21820
NZ_CP042285.1	5223073	5223891		minus	hypothetical protein		93525806	protein-coding		WP_211737925.1	272	FQN59_RS21825
NZ_CP042285.1	5224853	5225383		minus	phospholipase D-like domain-containing protein		93525807	protein-coding		WP_008772255.1	176	FQN59_RS21830
NZ_CP042285.1	5225691	5225990		plus	type II toxin-antitoxin system HigB family toxin		93525808	protein-coding		WP_008772256.1	99	FQN59_RS21835
NZ_CP042285.1	5226002	5226364		plus	helix-turn-helix domain-containing protein		93525809	protein-coding		WP_034531284.1	120	FQN59_RS21840
NZ_CP042285.1	5226498	5228232		minus	uncharacterized gene		93525810	pseudogene				FQN59_RS21845
NZ_CP042285.1	5228335	5228814		minus	DNA-processing protein DprA		93525811	protein-coding		WP_008772259.1	159	FQN59_RS21850
NZ_CP042285.1	5228828	5229124		minus	PDDEXK nuclease domain-containing protein		301046733	protein-coding		WP_428846734.1	98	FQN59_RS22990
NZ_CP042285.1	5229097	5229561		minus	DUF1016 N-terminal domain-containing protein		301046734	protein-coding		WP_428846735.1	154	FQN59_RS22995
NZ_CP042285.1	5229696	5229974		minus	hypothetical protein		93525813	protein-coding		WP_008772261.1	92	FQN59_RS21860
NZ_CP042285.1	5229977	5230555		minus	hypothetical protein		93525959	protein-coding		WP_232285137.1	192	FQN59_RS22680
NZ_CP042285.1	5230727	5231635		plus	helix-turn-helix transcriptional regulator		93525814	protein-coding		WP_211737927.1	302	FQN59_RS21870
NZ_CP042285.1	5231737	5233257		minus	MBOAT family O-acyltransferase		93525815	protein-coding		WP_008772265.1	506	FQN59_RS21875
NZ_CP042285.1	5233267	5234598		minus	GDSL-type esterase/lipase family protein		93525816	protein-coding		WP_036615810.1	443	FQN59_RS21880
NZ_CP042285.1	5234570	5236018		minus	hypothetical protein		93525817	protein-coding		WP_008772267.1	482	FQN59_RS21885
NZ_CP042285.1	5236117	5236722		minus	rhomboid family intramembrane serine protease		93525818	protein-coding		WP_005862629.1	201	FQN59_RS21890
NZ_CP042285.1	5236858	5237976		minus	universal stress protein		93525819	protein-coding		WP_005862634.1	372	FQN59_RS21895
NZ_CP042285.1	5238091	5238363		minus	hypothetical protein		93525820	protein-coding		WP_005857225.1	90	FQN59_RS21900
NZ_CP042285.1	5238503	5239195		minus	phosphatase PAP2 family protein		93525821	protein-coding		WP_057326541.1	230	FQN59_RS21905
NZ_CP042285.1	5239199	5239966		minus	tetratricopeptide repeat protein		93525822	protein-coding		WP_005862639.1	255	FQN59_RS21910
NZ_CP042285.1	5239971	5241782		minus	BatD family protein		93525823	protein-coding		WP_005862640.1	603	FQN59_RS21915
NZ_CP042285.1	5241815	5242555		minus	tetratricopeptide repeat protein		93525824	protein-coding		WP_005862642.1	246	FQN59_RS21920
NZ_CP042285.1	5242568	5243587		minus	VWA domain-containing protein		93525825	protein-coding		WP_005857235.1	339	FQN59_RS21925
NZ_CP042285.1	5243601	5244587		minus	vWA domain-containing protein		93525826	protein-coding		WP_005862644.1	328	FQN59_RS21930
NZ_CP042285.1	5244591	5245565		minus	hypothetical protein		93525827	protein-coding		WP_005862646.1	324	FQN59_RS21935
NZ_CP042285.1	5245575	5246444		minus	DUF58 domain-containing protein		93525828	protein-coding		WP_005857241.1	289	FQN59_RS21940
NZ_CP042285.1	5246445	5247440		minus	AAA family ATPase		93525829	protein-coding		WP_005857243.1	331	FQN59_RS21945
NZ_CP042285.1	5247609	5248688		minus	HU family DNA-binding protein		93525830	protein-coding		WP_005862649.1	359	FQN59_RS21950
NZ_CP042285.1	5248681	5248971		minus	HU family DNA-binding protein		93525831	protein-coding		WP_008778384.1	96	FQN59_RS21955
NZ_CP042285.1	5249049	5250347		minus	30S ribosomal protein S12 methylthiotransferase RimO	rimO	93525832	protein-coding		WP_005862651.1	432	FQN59_RS21960
NZ_CP042285.1	5250344	5251297		minus	signal recognition particle-docking protein FtsY	ftsY	93525833	protein-coding		WP_005857252.1	317	FQN59_RS21965
NZ_CP042285.1	5251321	5251662		minus	type II toxin-antitoxin system RelE/ParE family toxin		93525834	protein-coding		WP_005862653.1	113	FQN59_RS21970
NZ_CP042285.1	5251652	5251891		minus	hypothetical protein		93525835	protein-coding		WP_005857256.1	79	FQN59_RS21975
NZ_CP042285.1	5251912	5253051		minus	carboxynorspermidine decarboxylase	nspC	93525836	protein-coding		WP_005862655.1	379	FQN59_RS21980
NZ_CP042285.1	5253465	5255804		minus	ATP-dependent helicase		93525837	protein-coding		WP_005862657.1	779	FQN59_RS21985
NZ_CP042285.1	5255926	5256159		plus	hypothetical protein		93525838	protein-coding		WP_005862659.1	77	FQN59_RS21990
NZ_CP042285.1	5256331	5258544		minus	outer membrane beta-barrel family protein		93525839	protein-coding		WP_005862663.1	737	FQN59_RS21995
NZ_CP042285.1	5258776	5259702		plus	helix-turn-helix domain-containing protein		93525840	protein-coding		WP_048927239.1	308	FQN59_RS22000
NZ_CP042285.1	5259731	5260102		minus	RNA recognition motif domain-containing protein		93525841	protein-coding		WP_005862667.1	123	FQN59_RS22005
NZ_CP042285.1	5260315	5265849		minus	alpha-2-macroglobulin family protein		93525842	protein-coding		WP_211737929.1	1844	FQN59_RS22010
NZ_CP042285.1	5266018	5267061		plus	virulence RhuM family protein		93525843	protein-coding		WP_048927237.1	347	FQN59_RS22015
NZ_CP042285.1	5267073	5267510		plus	DUF6078 family protein		93525844	protein-coding		WP_121961027.1	145	FQN59_RS22020
NZ_CP042285.1	5267482	5270028		plus	penicillin-binding protein 1C	pbpC	93525845	protein-coding		WP_122382278.1	848	FQN59_RS22025
NZ_CP042285.1	5270037	5271485		minus	alpha-amylase		93525846	protein-coding		WP_122297250.1	482	FQN59_RS22030
NZ_CP042285.1	5271591	5273357		plus	glycoside hydrolase family 13 protein		93525847	protein-coding		WP_057327524.1	588	FQN59_RS22035
NZ_CP042285.1	5273455	5273706		plus	GlsB/YeaQ/YmgE family stress response membrane protein		93525848	protein-coding		WP_005857281.1	83	FQN59_RS22040
NZ_CP042285.1	5273819	5275180		minus	Na+/H+ antiporter NhaA	nhaA	93525849	protein-coding		WP_005857282.1	453	FQN59_RS22045
NZ_CP042285.1	5275295	5276503		minus	cation:proton antiporter		93525850	protein-coding		WP_005862684.1	402	FQN59_RS22050
NZ_CP042285.1	5276611	5277210		minus	IMPACT family protein		93525851	protein-coding		WP_005862686.1	199	FQN59_RS22055
NZ_CP042285.1	5277214	5277435		minus	hypothetical protein		93525852	protein-coding		WP_005857287.1	73	FQN59_RS22060
NZ_CP042285.1	5277432	5280287		minus	excinuclease ABC subunit UvrA	uvrA	93525853	protein-coding		WP_005862688.1	951	FQN59_RS22065
NZ_CP042285.1	5280444	5281190		minus	potassium channel family protein		93525854	protein-coding		WP_211737931.1	248	FQN59_RS22070
NZ_CP042285.1	5281388	5282875		plus	putative glutamine/gamma-aminobutyrate antiporter GadC	gadC	93525855	protein-coding		WP_005857294.1	495	FQN59_RS22075
NZ_CP042285.1	5283036	5283248		plus	hypothetical protein		93525856	protein-coding		WP_005857296.1	70	FQN59_RS22080
NZ_CP042285.1	5283387	5284943		plus	DUF4435 domain-containing protein		93525857	protein-coding		WP_022192595.1	518	FQN59_RS22085
NZ_CP042285.1	5285042	5286808		plus	ArnT family glycosyltransferase		93525858	protein-coding		WP_057326526.1	588	FQN59_RS22090
NZ_CP042285.1	5286833	5288074		plus	anaerobic sulfatase-maturation protein		93525859	protein-coding		WP_211737933.1	413	FQN59_RS22095
NZ_CP042285.1	5288064	5289596		plus	TldD/PmbA family protein		93525860	protein-coding		WP_008772291.1	510	FQN59_RS22100
NZ_CP042285.1	5289598	5290917		plus	TldD/PmbA family protein		93525861	protein-coding		WP_005862700.1	439	FQN59_RS22105
NZ_CP042285.1	5290998	5291648		minus	PAQR family membrane homeostasis protein TrhA	trhA	93525862	protein-coding		WP_009275107.1	216	FQN59_RS22110
NZ_CP042285.1	5291666	5291872		minus	heavy-metal-associated domain-containing protein		93525863	protein-coding		WP_005857310.1	68	FQN59_RS22115
NZ_CP042285.1	5291888	5294101		minus	heavy metal translocating P-type ATPase		93525864	protein-coding		WP_211737935.1	737	FQN59_RS22120
NZ_CP042285.1	5294317	5294766		plus	YhcH/YjgK/YiaL family protein		93525865	protein-coding		WP_005857314.1	149	FQN59_RS22125
NZ_CP042285.1	5294820	5294960		minus	hypothetical protein		93525866	protein-coding		WP_005857316.1	46	FQN59_RS22130
NZ_CP042285.1	5295096	5296274		plus	M24 family metallopeptidase		93525867	protein-coding		WP_057318726.1	392	FQN59_RS22135
NZ_CP042285.1	5296318	5298018		plus	alkaline phosphatase		93525868	protein-coding		WP_122144662.1	566	FQN59_RS22140
NZ_CP042285.1	5298093	5299013		plus	aspartate carbamoyltransferase	pyrB	93525869	protein-coding		WP_005857322.1	306	FQN59_RS22145
NZ_CP042285.1	5299026	5299490		plus	aspartate carbamoyltransferase regulatory subunit	pyrI	93525870	protein-coding		WP_005857324.1	154	FQN59_RS22150
NZ_CP042285.1	5299582	5300148		plus	flavin reductase family protein		93525871	protein-coding		WP_005862715.1	188	FQN59_RS22155
NZ_CP042285.1	5300153	5300875		plus	porin family protein		93525872	protein-coding		WP_005857327.1	240	FQN59_RS22160
NZ_CP042285.1	5300885	5302159		minus	hemolysin family protein		93525873	protein-coding		WP_122145096.1	424	FQN59_RS22165
NZ_CP042285.1	5302328	5303347		plus	phenylalanine--tRNA ligase subunit alpha	pheS	93525874	protein-coding		WP_005857329.1	339	FQN59_RS22170
NZ_CP042285.1	5303418	5303804		plus	fluoride efflux transporter CrcB	crcB	93525875	protein-coding		WP_008779782.1	128	FQN59_RS22175
NZ_CP042285.1	5303875	5304651		minus	glycosyltransferase family 2 protein		93525876	protein-coding		WP_196008680.1	258	FQN59_RS22180
NZ_CP042285.1	5304654	5305964		minus	UDP-glucose dehydrogenase family protein		93525877	protein-coding		WP_211737938.1	436	FQN59_RS22185
NZ_CP042285.1	5306101	5306505		minus	HEPN domain-containing protein		93525878	protein-coding		WP_005857332.1	134	FQN59_RS22190
NZ_CP042285.1	5306502	5306816		minus	nucleotidyltransferase domain-containing protein		93525879	protein-coding		WP_008778387.1	104	FQN59_RS22195
NZ_CP042285.1	5306958	5308235		minus	hypothetical protein		93525880	protein-coding		WP_211737940.1	425	FQN59_RS22200
NZ_CP042285.1	5308248	5309627		minus	phenylacetate--CoA ligase family protein		93525881	protein-coding		WP_211737942.1	459	FQN59_RS22205
NZ_CP042285.1	5309742	5310575		minus	hypothetical protein		93525882	protein-coding		WP_157304443.1	277	FQN59_RS22210
NZ_CP042285.1	5310612	5311688		minus	glycosyltransferase family 4 protein		93525883	protein-coding		WP_211737944.1	358	FQN59_RS22215
NZ_CP042285.1	5311679	5312857		minus	oligosaccharide repeat unit polymerase	wzy	93525884	protein-coding		WP_211737946.1	392	FQN59_RS22220
NZ_CP042285.1	5312901	5313815		minus	glycosyltransferase family 8 protein		93525885	protein-coding		WP_051635696.1	304	FQN59_RS22225
NZ_CP042285.1	5313812	5315245		minus	lipopolysaccharide biosynthesis protein		93525886	protein-coding		WP_195319919.1	477	FQN59_RS22230
NZ_CP042285.1	5315337	5315633		minus	nucleotidyltransferase domain-containing protein		93525887	protein-coding		WP_036614956.1	98	FQN59_RS22235
NZ_CP042285.1	5315612	5315998		minus	HEPN domain-containing protein		93525888	protein-coding		WP_036614952.1	128	FQN59_RS22240
NZ_CP042285.1	5316073	5317008		minus	UDP-glucuronic acid decarboxylase family protein		93525889	protein-coding		WP_211737948.1	311	FQN59_RS22245
NZ_CP042285.1	5317005	5318321		minus	UDP-glucose dehydrogenase family protein		93525890	protein-coding		WP_036614948.1	438	FQN59_RS22250
NZ_CP042285.1	5318336	5318740		minus	hypothetical protein		93525891	protein-coding		WP_195319917.1	134	FQN59_RS22255
NZ_CP042285.1	5318796	5319059		minus	AAA family ATPase		93525960	protein-coding		WP_249222484.1	87	FQN59_RS22685
NZ_CP042285.1	5319011	5319331		minus	hypothetical protein		93525961	protein-coding		WP_249222485.1	106	FQN59_RS22690
NZ_CP042285.1	5319460	5319822		minus	hypothetical protein		93525892	protein-coding		WP_211737950.1	120	FQN59_RS22265
NZ_CP042285.1	5320017	5320586		plus	BT4734/BF3469 family protein		93525893	protein-coding		WP_211737952.1	189	FQN59_RS22270
NZ_CP042285.1	5320630	5322468		plus	DUF3987 domain-containing protein		93525894	protein-coding		WP_057318724.1	612	FQN59_RS22275
NZ_CP042285.1	5322565	5322771		plus	DUF4248 domain-containing protein		93525895	protein-coding		WP_005857347.1	68	FQN59_RS22280
NZ_CP042285.1	5323086	5323547		plus	HU family DNA-binding protein		93525896	protein-coding		WP_005857348.1	153	FQN59_RS22285
NZ_CP042285.1	5323800	5323895		plus	smalltalk protein		93525897	protein-coding		WP_005855736.1	31	FQN59_RS22290
NZ_CP042285.1	5323928	5324449		plus	N-acetylmuramoyl-L-alanine amidase		93525898	protein-coding		WP_249222486.1	173	FQN59_RS22295
NZ_CP042285.1	5324407	5324892		minus	DUF6169 family protein		93525899	protein-coding		WP_005862747.1	161	FQN59_RS22300
NZ_CP042285.1	5324864	5325013		minus	hypothetical protein		93525900	protein-coding		WP_005862749.1	49	FQN59_RS22305
NZ_CP042285.1	5325097	5325768		minus	sugar transferase		93525901	protein-coding		WP_036650939.1	223	FQN59_RS22310
NZ_CP042285.1	5325765	5326172		minus	hypothetical protein		93525902	protein-coding		WP_211737955.1	135	FQN59_RS22315
NZ_CP042285.1	5326178	5327290		minus	transcription termination/antitermination protein NusG	nusG	93525903	protein-coding		WP_211737957.1	370	FQN59_RS22320
NZ_CP042285.1	5327811	5328743		minus	tyrosine-type recombinase/integrase		93525904	protein-coding		WP_057319464.1	310	FQN59_RS22325
NZ_CP042285.1	5328869	5330140		minus	DUF4934 domain-containing protein		93525962	protein-coding		WP_249222487.1	423	FQN59_RS22695
NZ_CP042285.1	5330137	5331228		minus	uncharacterized gene		93525905	pseudogene				FQN59_RS22335
NZ_CP042285.1	5331424	5332593		plus	site-specific integrase		93525906	protein-coding		WP_211737959.1	389	FQN59_RS22340
NZ_CP042285.1	5332598	5333743		plus	site-specific integrase		93525907	protein-coding		WP_211737961.1	381	FQN59_RS22345
NZ_CP042285.1	5333834	5334817		minus	hypothetical protein		93525908	protein-coding		WP_211737964.1	327	FQN59_RS22350
NZ_CP042285.1	5334838	5335728		minus	hypothetical protein		93525909	protein-coding		WP_211737966.1	296	FQN59_RS22355
NZ_CP042285.1	5336489	5337208		plus	DUF6088 family protein		93525910	protein-coding		WP_211737968.1	239	FQN59_RS22360
NZ_CP042285.1	5337205	5338197		plus	nucleotidyl transferase AbiEii/AbiGii toxin family protein		93525911	protein-coding		WP_211737970.1	330	FQN59_RS22365
NZ_CP042285.1	5338194	5338814		plus	hypothetical protein		93525912	protein-coding		WP_211737972.1	206	FQN59_RS22370
NZ_CP042285.1	5338811	5339224		plus	hypothetical protein		93525913	protein-coding		WP_211737974.1	137	FQN59_RS22375
NZ_CP042285.1	5339459	5339701		plus	helix-turn-helix domain-containing protein		93525914	protein-coding		WP_032597386.1	80	FQN59_RS22380
NZ_CP042285.1	5339730	5340203		plus	hypothetical protein		93525915	protein-coding		WP_211737976.1	157	FQN59_RS22385
NZ_CP042285.1	5340181	5340471		minus	hypothetical protein		93525963	protein-coding		WP_249222489.1	96	FQN59_RS22700
NZ_CP042285.1	5340499	5340765		plus	hypothetical protein		93525964	protein-coding		WP_249222490.1	88	FQN59_RS22705
NZ_CP042285.1	5340987	5341421		plus	plasmid mobilization protein		93525916	protein-coding		WP_211737980.1	144	FQN59_RS22395
NZ_CP042285.1	5341418	5342650		plus	relaxase		93525917	protein-coding		WP_211737982.1	410	FQN59_RS22400
NZ_CP042285.1	5342656	5343192		plus	hypothetical protein		93525918	protein-coding		WP_211737984.1	178	FQN59_RS22405
NZ_CP042285.1	5343212	5344420		plus	site-specific integrase		93525919	protein-coding		WP_211737986.1	402	FQN59_RS22410
