Accession	Begin	End	Chromosome	Orientation	Name	Symbol	Gene ID	Gene Type	Transcripts accession	Protein accession	Protein length	Locus tag
NZ_JAJFOJ010000001.1	506	748		minus	hypothetical protein		75160522	protein-coding		WP_227970390.1	80	LK408_RS00005
NZ_JAJFOJ010000001.1	699	1007		minus	hypothetical protein		75160523	protein-coding		WP_227970391.1	102	LK408_RS00010
NZ_JAJFOJ010000001.1	1173	1349		minus	hypothetical protein		75160524	protein-coding		WP_227970392.1	58	LK408_RS00015
NZ_JAJFOJ010000001.1	2252	2653		minus	hypothetical protein		75160525	protein-coding		WP_227970393.1	133	LK408_RS00020
NZ_JAJFOJ010000001.1	2671	3363		minus	hypothetical protein		75160526	protein-coding		WP_007888297.1	230	LK408_RS00025
NZ_JAJFOJ010000001.1	3369	4613		minus	hypothetical protein		75160527	protein-coding		WP_172727130.1	414	LK408_RS00030
NZ_JAJFOJ010000001.1	4738	6495		minus	PP2C family protein-serine/threonine phosphatase		75160528	protein-coding		WP_007888295.1	585	LK408_RS00035
NZ_JAJFOJ010000001.1	6492	7322		minus	PP2C family protein-serine/threonine phosphatase		75160529	protein-coding		WP_007888294.1	276	LK408_RS00040
NZ_JAJFOJ010000001.1	7319	7825		minus	FHA domain-containing protein		75160530	protein-coding		WP_007888293.1	168	LK408_RS00045
NZ_JAJFOJ010000001.1	7839	8375		minus	FHA domain-containing protein		75160531	protein-coding		WP_044928149.1	178	LK408_RS00050
NZ_JAJFOJ010000001.1	8428	8847		minus	J domain-containing protein		88092450	protein-coding		WP_007888291.1	139	LK408_RS20325
NZ_JAJFOJ010000001.1	8955	9380		minus	hypothetical protein		75160533	protein-coding		WP_007888288.1	141	LK408_RS00060
NZ_JAJFOJ010000001.1	9448	9876		minus	hypothetical protein		75160534	protein-coding		WP_044928146.1	142	LK408_RS00065
NZ_JAJFOJ010000001.1	9911	12091		minus	hypothetical protein		75160535	protein-coding		WP_007888284.1	726	LK408_RS00070
NZ_JAJFOJ010000001.1	12103	13851		minus	vWA domain-containing protein		75160536	protein-coding		WP_055040051.1	582	LK408_RS00075
NZ_JAJFOJ010000001.1	13823	14422		minus	accessory gene regulator B family protein		75160537	protein-coding		WP_227970394.1	199	LK408_RS00080
NZ_JAJFOJ010000001.1	14419	14571		minus	cyclic lactone autoinducer peptide		75160538	protein-coding		WP_227970395.1	50	LK408_RS00085
NZ_JAJFOJ010000001.1	14723	16018		minus	sensor histidine kinase		75160539	protein-coding		WP_009860954.1	431	LK408_RS00090
NZ_JAJFOJ010000001.1	16019	16735		minus	LytR/AlgR family response regulator transcription factor		75160540	protein-coding		WP_009860953.1	238	LK408_RS00095
NZ_JAJFOJ010000001.1	16761	17102		minus	helix-turn-helix domain-containing protein		75160541	protein-coding		WP_009860952.1	113	LK408_RS00100
NZ_JAJFOJ010000001.1	17352	17603		minus	hypothetical protein		75160542	protein-coding		WP_009860951.1	83	LK408_RS00105
NZ_JAJFOJ010000001.1	17590	17901		minus	DUF5688 family protein		75160543	protein-coding		WP_009860950.1	103	LK408_RS00110
NZ_JAJFOJ010000001.1	17886	18110		minus	hypothetical protein		75160544	protein-coding		WP_009860949.1	74	LK408_RS00115
NZ_JAJFOJ010000001.1	18135	18317		minus	hypothetical protein		75160545	protein-coding		WP_009860948.1	60	LK408_RS00120
NZ_JAJFOJ010000001.1	18310	18639		minus	ParA family protein		75160546	protein-coding		WP_009860947.1	109	LK408_RS00125
NZ_JAJFOJ010000001.1	18977	20752		minus	S8 family peptidase		75160547	protein-coding		WP_227970396.1	591	LK408_RS00130
NZ_JAJFOJ010000001.1	20817	22664		plus	asparagine synthase (glutamine-hydrolyzing)	asnB	75160548	protein-coding		WP_044928705.1	615	LK408_RS00135
NZ_JAJFOJ010000001.1	23218	24528		minus	stage II sporulation protein P	spoIIP	75160549	protein-coding		WP_227970397.1	436	LK408_RS00140
NZ_JAJFOJ010000001.1	24595	25554		minus	GPR endopeptidase	gpr	75160550	protein-coding		WP_009860940.1	319	LK408_RS00145
NZ_JAJFOJ010000001.1	25943	26206		plus	30S ribosomal protein S20	rpsT	75160551	protein-coding		WP_044928703.1	87	LK408_RS00150
NZ_JAJFOJ010000001.1	26301	27281		minus	DNA polymerase III subunit delta	holA	75160552	protein-coding		WP_009860937.1	326	LK408_RS00155
NZ_JAJFOJ010000001.1	27291	27464		minus	hypothetical protein		75160553	protein-coding		WP_044928701.1	57	LK408_RS00160
NZ_JAJFOJ010000001.1	27749	30034		minus	DNA internalization-related competence protein ComEC/Rec2		75160554	protein-coding		WP_227970398.1	761	LK408_RS00165
NZ_JAJFOJ010000001.1	30095	31054		minus	GerMN domain-containing protein		75160555	protein-coding		WP_009860933.1	319	LK408_RS00170
NZ_JAJFOJ010000001.1	31099	32541		minus	sensor histidine kinase		75160556	protein-coding		WP_009860932.1	480	LK408_RS00175
NZ_JAJFOJ010000001.1	32557	33249		minus	response regulator transcription factor		75160557	protein-coding		WP_009860931.1	230	LK408_RS00180
NZ_JAJFOJ010000001.1	33252	33827		minus	helix-hairpin-helix domain-containing protein		75160558	protein-coding		WP_021923325.1	191	LK408_RS00185
NZ_JAJFOJ010000001.1	33954	35141		minus	extracellular solute-binding protein		75160559	protein-coding		WP_227970399.1	395	LK408_RS00190
NZ_JAJFOJ010000001.1	35141	36325		minus	aspartate aminotransferase family protein		75160560	protein-coding		WP_118125156.1	394	LK408_RS00195
NZ_JAJFOJ010000001.1	36318	37217		minus	acetylglutamate kinase	argB	75160561	protein-coding		WP_009860925.1	299	LK408_RS00200
NZ_JAJFOJ010000001.1	37230	38453		minus	bifunctional glutamate N-acetyltransferase/amino-acid acetyltransferase ArgJ	argJ	75160562	protein-coding		WP_009860924.1	407	LK408_RS00205
NZ_JAJFOJ010000001.1	38836	39297		minus	GNAT family N-acetyltransferase		75160563	protein-coding		WP_044928886.1	153	LK408_RS00210
NZ_JAJFOJ010000001.1	39399	40454		minus	N-acetyl-gamma-glutamyl-phosphate reductase	argC	75160564	protein-coding		WP_007890416.1	351	LK408_RS00215
NZ_JAJFOJ010000001.1	40884	42116		plus	argininosuccinate synthase		75160565	protein-coding		WP_007890415.1	410	LK408_RS00220
NZ_JAJFOJ010000001.1	42436	43116		minus	metallophosphoesterase family protein		75160566	protein-coding		WP_007890414.1	226	LK408_RS00225
NZ_JAJFOJ010000001.1	43357	43809		plus	helix-turn-helix domain-containing protein		75160567	protein-coding		WP_007890413.1	150	LK408_RS00230
NZ_JAJFOJ010000001.1	44095	45558		minus	uncharacterized gene		75160568	pseudogene				LK408_RS00235
NZ_JAJFOJ010000001.1	45755	46205		minus	uncharacterized gene	tnpA	75160569	pseudogene				LK408_RS00240
NZ_JAJFOJ010000001.1	46460	46669		plus	hypothetical protein		75160570	protein-coding		WP_044928406.1	69	LK408_RS00245
NZ_JAJFOJ010000001.1	46801	47226		minus	hypothetical protein		75160571	protein-coding		WP_007889405.1	141	LK408_RS00250
NZ_JAJFOJ010000001.1	47245	48045		minus	helix-turn-helix domain-containing protein		75160572	protein-coding		WP_044928408.1	266	LK408_RS00255
NZ_JAJFOJ010000001.1	48101	48547		minus	hypothetical protein		75160573	protein-coding		WP_007889409.1	148	LK408_RS00260
NZ_JAJFOJ010000001.1	49029	49442		plus	cysteine-rich VLP domain-containing protein		75160574	protein-coding		WP_044928413.1	137	LK408_RS00265
NZ_JAJFOJ010000001.1	49554	49949		plus	replication initiator protein A		75160575	protein-coding		WP_007889413.1	131	LK408_RS00270
NZ_JAJFOJ010000001.1	50133	51074		plus	MobV family relaxase	mobV	75160576	protein-coding		WP_007889418.1	313	LK408_RS00275
NZ_JAJFOJ010000001.1	51145	51336		plus	hypothetical protein		75160577	protein-coding		WP_002566025.1	63	LK408_RS00280
NZ_JAJFOJ010000001.1	51431	52942		plus	recombinase family protein		75160578	protein-coding		WP_007889423.1	503	LK408_RS00285
NZ_JAJFOJ010000001.1	53259	54128		minus	hypothetical protein		75160579	protein-coding		WP_007889424.1	289	LK408_RS00290
NZ_JAJFOJ010000001.1	54317	55045		plus	LytR/AlgR family response regulator transcription factor		75160580	protein-coding		WP_007889426.1	242	LK408_RS00295
NZ_JAJFOJ010000001.1	55060	56355		plus	sensor histidine kinase		75160581	protein-coding		WP_007889428.1	431	LK408_RS00300
NZ_JAJFOJ010000001.1	56582	58054		minus	MocR-like pyridoxine biosynthesis transcription factor PdxR	pdxR	75160582	protein-coding		WP_007889430.1	490	LK408_RS00305
NZ_JAJFOJ010000001.1	58109	58963		minus	DUF2225 domain-containing protein		75160583	protein-coding		WP_021923042.1	284	LK408_RS00310
NZ_JAJFOJ010000001.1	59004	60695		minus	glutamine--tRNA ligase/YqeY domain fusion protein		75160584	protein-coding		WP_044928416.1	563	LK408_RS00315
NZ_JAJFOJ010000001.1	60881	61861		minus	ABC transporter permease		75160585	protein-coding		WP_007889436.1	326	LK408_RS00320
NZ_JAJFOJ010000001.1	61863	62969		minus	ABC transporter permease		75160586	protein-coding		WP_007889438.1	368	LK408_RS00325
NZ_JAJFOJ010000001.1	62962	64575		minus	ABC transporter ATP-binding protein		75160587	protein-coding		WP_007889440.1	537	LK408_RS00330
NZ_JAJFOJ010000001.1	64622	65863		minus	BMP family ABC transporter substrate-binding protein		75160588	protein-coding		WP_044928419.1	413	LK408_RS00335
NZ_JAJFOJ010000001.1	66090	67004		minus	rhomboid family intramembrane serine protease		75160589	protein-coding		WP_007889444.1	304	LK408_RS00340
NZ_JAJFOJ010000001.1	67278	71537		plus	2-hydroxyacyl-CoA dehydratase		75160590	protein-coding		WP_007889445.1	1419	LK408_RS00345
NZ_JAJFOJ010000001.1	71656	73347		plus	bifunctional diguanylate cyclase/phosphodiesterase		75160591	protein-coding		WP_044928422.1	563	LK408_RS00350
NZ_JAJFOJ010000001.1	73290	74669		minus	MATE family efflux transporter		75160592	protein-coding		WP_007889447.1	459	LK408_RS00355
NZ_JAJFOJ010000001.1	74845	75678		minus	sigma-70 domain-containing protein		75160593	protein-coding		WP_044928425.1	277	LK408_RS00360
NZ_JAJFOJ010000001.1	75701	75955		minus	YlmC/YmxH family sporulation protein		75160594	protein-coding		WP_007889450.1	84	LK408_RS00365
NZ_JAJFOJ010000001.1	76006	77106		minus	redox-regulated ATPase YchF	ychF	75160595	protein-coding		WP_007889452.1	366	LK408_RS00370
NZ_JAJFOJ010000001.1	77340	77990		minus	thiamine diphosphokinase		75160596	protein-coding		WP_007889454.1	216	LK408_RS00375
NZ_JAJFOJ010000001.1	77992	78645		minus	ribulose-phosphate 3-epimerase	rpe	75160597	protein-coding		WP_044928428.1	217	LK408_RS00380
NZ_JAJFOJ010000001.1	78712	79590		minus	ribosome small subunit-dependent GTPase A	rsgA	75160598	protein-coding		WP_227970400.1	292	LK408_RS00385
NZ_JAJFOJ010000001.1	79607	81736		minus	Stk1 family PASTA domain-containing Ser/Thr kinase	pknB	75160599	protein-coding		WP_007889462.1	709	LK408_RS00390
NZ_JAJFOJ010000001.1	81730	82476		minus	Stp1/IreP family PP2C-type Ser/Thr phosphatase		75160600	protein-coding		WP_007889463.1	248	LK408_RS00395
NZ_JAJFOJ010000001.1	82614	83657		minus	23S rRNA (adenine(2503)-C(2))-methyltransferase RlmN	rlmN	75160601	protein-coding		WP_007889465.1	347	LK408_RS00400
NZ_JAJFOJ010000001.1	83694	85016		minus	16S rRNA (cytosine(967)-C(5))-methyltransferase RsmB	rsmB	75160602	protein-coding		WP_007889467.1	440	LK408_RS00405
NZ_JAJFOJ010000001.1	85009	85716		minus	zinc metallopeptidase		75160603	protein-coding		WP_021923303.1	235	LK408_RS00410
NZ_JAJFOJ010000001.1	85735	86670		minus	methionyl-tRNA formyltransferase	fmt	75160604	protein-coding		WP_007889471.1	311	LK408_RS00415
NZ_JAJFOJ010000001.1	86718	87191		minus	peptide deformylase	def	75160605	protein-coding		WP_021923305.1	157	LK408_RS00420
NZ_JAJFOJ010000001.1	87208	89493		minus	replication restart helicase PriA	priA	75160606	protein-coding		WP_227970401.1	761	LK408_RS00425
NZ_JAJFOJ010000001.1	89465	91027		minus	UDP-N-acetylmuramoyl-L-alanyl-D-glutamate--2,6-diaminopimelate ligase		75160607	protein-coding		WP_227970402.1	520	LK408_RS00430
NZ_JAJFOJ010000001.1	91169	91549		plus	putative ABC transporter permease		75160608	protein-coding		WP_021923308.1	126	LK408_RS00435
NZ_JAJFOJ010000001.1	91558	91977		minus	PH domain-containing protein		75160609	protein-coding		WP_007889484.1	139	LK408_RS00440
NZ_JAJFOJ010000001.1	92230	93156		plus	aspartate carbamoyltransferase	pyrB	75160610	protein-coding		WP_044928435.1	308	LK408_RS00445
NZ_JAJFOJ010000001.1	93242	93679		plus	aspartate carbamoyltransferase regulatory subunit		75160611	protein-coding		WP_007889489.1	145	LK408_RS00450
NZ_JAJFOJ010000001.1	93758	94414		minus	DnaJ domain-containing protein		75160612	protein-coding		WP_007889491.1	218	LK408_RS00455
NZ_JAJFOJ010000001.1	94427	95302		minus	DUF5685 family protein		75160613	protein-coding		WP_007889492.1	291	LK408_RS00460
NZ_JAJFOJ010000001.1	95324	95719		minus	hypothetical protein		75160614	protein-coding		WP_007889494.1	131	LK408_RS00465
NZ_JAJFOJ010000001.1	95821	96903		minus	type IV pilus twitching motility protein PilT		75160615	protein-coding		WP_007889497.1	360	LK408_RS00470
NZ_JAJFOJ010000001.1	97061	97436		minus	RNase P RNA component class A	rnpB	75160616	RNase_P_RNA				LK408_RS00475
NZ_JAJFOJ010000001.1	97565	99247		minus	nucleoside kinase		75160617	protein-coding		WP_007889508.1	560	LK408_RS00480
NZ_JAJFOJ010000001.1	99333	100181		minus	VanW family protein		75160618	protein-coding		WP_007889509.1	282	LK408_RS00485
NZ_JAJFOJ010000001.1	100420	101736		plus	IS30 family transposase		75160620	protein-coding		WP_321576000.1	438	LK408_RS00495
NZ_JAJFOJ010000001.1	101933	103915		minus	fructose-1,6-bisphosphatase		75160621	protein-coding		WP_227970403.1	660	LK408_RS00500
NZ_JAJFOJ010000001.1	103964	104725		minus	4-hydroxy-tetrahydrodipicolinate reductase	dapB	75160622	protein-coding		WP_007882481.1	253	LK408_RS00505
NZ_JAJFOJ010000001.1	104820	105707		minus	4-hydroxy-tetrahydrodipicolinate synthase	dapA	75160623	protein-coding		WP_007882482.1	295	LK408_RS00510
NZ_JAJFOJ010000001.1	106137	106772		minus	single-stranded DNA-binding protein		75160624	protein-coding		WP_021923318.1	211	LK408_RS00515
NZ_JAJFOJ010000001.1	107045	108883		plus	translational GTPase TypA	typA	75160625	protein-coding		WP_007882486.1	612	LK408_RS00520
NZ_JAJFOJ010000001.1	108958	111186		plus	metallopeptidase domain-containing protein		75160626	protein-coding		WP_007882487.1	742	LK408_RS00525
NZ_JAJFOJ010000001.1	111304	111882		minus	hypothetical protein		75160627	protein-coding		WP_007882488.1	192	LK408_RS00530
NZ_JAJFOJ010000001.1	111866	113155		minus	AAA family ATPase		75160628	protein-coding		WP_007882489.1	429	LK408_RS00535
NZ_JAJFOJ010000001.1	113420	113983		minus	hypothetical protein		75160629	protein-coding		WP_021922633.1	187	LK408_RS00540
NZ_JAJFOJ010000001.1	114146	115114		minus	hypothetical protein		75160630	protein-coding		WP_007882494.1	322	LK408_RS00545
NZ_JAJFOJ010000001.1	115125	115628		minus	RNA polymerase sigma factor		75160631	protein-coding		WP_007882496.1	167	LK408_RS00550
NZ_JAJFOJ010000001.1	115963	118560		minus	RCC1 domain-containing protein		75160632	protein-coding		WP_227970404.1	865	LK408_RS00555
NZ_JAJFOJ010000001.1	118844	119506		plus	YARHG domain-containing protein		75160633	protein-coding		WP_007882502.1	220	LK408_RS00560
NZ_JAJFOJ010000001.1	119709	120287		minus	hypothetical protein		75160634	protein-coding		WP_021922790.1	192	LK408_RS00565
NZ_JAJFOJ010000001.1	120498	120899		minus	YcxB family protein		75160635	protein-coding		WP_227970405.1	133	LK408_RS00570
NZ_JAJFOJ010000001.1	121057	121560		minus	YcxB family protein		75160636	protein-coding		WP_007882510.1	167	LK408_RS00575
NZ_JAJFOJ010000001.1	121550	122053		minus	hypothetical protein		75160637	protein-coding		WP_227970406.1	167	LK408_RS00580
NZ_JAJFOJ010000001.1	122116	122661		minus	hypothetical protein		75160638	protein-coding		WP_007882517.1	181	LK408_RS00585
NZ_JAJFOJ010000001.1	122878	123258		minus	BlaI/MecI/CopY family transcriptional regulator		75160639	protein-coding		WP_007882518.1	126	LK408_RS00590
NZ_JAJFOJ010000001.1	123430	124731		minus	O-acetylhomoserine aminocarboxypropyltransferase/cysteine synthase family protein		75160640	protein-coding		WP_044926850.1	433	LK408_RS00595
NZ_JAJFOJ010000001.1	124880	125302		minus	Fur family transcriptional regulator		75160641	protein-coding		WP_007882520.1	140	LK408_RS00600
NZ_JAJFOJ010000001.1	125354	126220		minus	putative manganese transporter		75160642	protein-coding		WP_081453853.1	288	LK408_RS00605
NZ_JAJFOJ010000001.1	126675	127646		plus	RpnC/YadD family protein		75160643	protein-coding		WP_007882523.1	323	LK408_RS00610
NZ_JAJFOJ010000001.1	127859	129076		minus	IS256 family transposase		75160644	protein-coding		WP_118112239.1	405	LK408_RS00615
NZ_JAJFOJ010000001.1	129261	131690		minus	histidine kinase N-terminal 7TM domain-containing diguanylate cyclase/phosphohydrolase		75160645	protein-coding		WP_007887603.1	809	LK408_RS00620
NZ_JAJFOJ010000001.1	131854	132216		minus	DUF3783 domain-containing protein		75160646	protein-coding		WP_070102899.1	120	LK408_RS00625
NZ_JAJFOJ010000001.1	132288	133241		minus	L-lactate dehydrogenase		75160647	protein-coding		WP_021923771.1	317	LK408_RS00630
NZ_JAJFOJ010000001.1	133309	134019		minus	4Fe-4S binding protein		75160648	protein-coding		WP_007887608.1	236	LK408_RS00635
NZ_JAJFOJ010000001.1	134412	135083		plus	Crp/Fnr family transcriptional regulator		75160649	protein-coding		WP_227970407.1	223	LK408_RS00640
NZ_JAJFOJ010000001.1	135125	136051		minus	GDSL-type esterase/lipase family protein		75160650	protein-coding		WP_007887610.1	308	LK408_RS00645
NZ_JAJFOJ010000001.1	136064	137416		minus	MBOAT family O-acyltransferase		75160651	protein-coding		WP_007887611.1	450	LK408_RS00650
NZ_JAJFOJ010000001.1	137676	138974		minus	bifunctional folylpolyglutamate synthase/dihydrofolate synthase		75160652	protein-coding		WP_227970408.1	432	LK408_RS00655
NZ_JAJFOJ010000001.1	138979	139818		minus	DegV family protein		75160653	protein-coding		WP_007887614.1	279	LK408_RS00660
NZ_JAJFOJ010000001.1	140051	141274		minus	transglutaminase domain-containing protein		86263552	protein-coding		WP_227970409.1	407	LK408_RS20230
NZ_JAJFOJ010000001.1	141327	142598		minus	M18 family aminopeptidase		75160655	protein-coding		WP_044927952.1	423	LK408_RS00670
NZ_JAJFOJ010000001.1	142793	143296		plus	DUF5721 family protein		75160656	protein-coding		WP_007887618.1	167	LK408_RS00675
NZ_JAJFOJ010000001.1	143633	144895		minus	sensor histidine kinase		75160657	protein-coding		WP_227970410.1	420	LK408_RS00680
NZ_JAJFOJ010000001.1	144888	145574		minus	response regulator transcription factor		75160658	protein-coding		WP_044927955.1	228	LK408_RS00685
NZ_JAJFOJ010000001.1	145635	147551		minus	carbohydrate-binding domain-containing protein		75160659	protein-coding		WP_007887628.1	638	LK408_RS00690
NZ_JAJFOJ010000001.1	147541	148236		minus	DUF4956 domain-containing protein		75160660	protein-coding		WP_007887629.1	231	LK408_RS00695
NZ_JAJFOJ010000001.1	148258	149022		minus	polyphosphate polymerase domain-containing protein		75160661	protein-coding		WP_081453915.1	254	LK408_RS00700
NZ_JAJFOJ010000001.1	149137	149265		minus	hypothetical protein		76380044	protein-coding		WP_265336034.1	42	LK408_RS20080
NZ_JAJFOJ010000001.1	149560	149763		minus	cold-shock protein		75160662	protein-coding		WP_007887632.1	67	LK408_RS00705
NZ_JAJFOJ010000001.1	149858	151135		minus	glycoside hydrolase family 3 protein		75160663	protein-coding		WP_007887633.1	425	LK408_RS00710
NZ_JAJFOJ010000001.1	151302	153605		minus	GH1 family beta-glucosidase		76380045	protein-coding		WP_265336035.1	767	LK408_RS20085
NZ_JAJFOJ010000001.1	153722	155440		minus	phospho-sugar mutase		75160666	protein-coding		WP_227970411.1	572	LK408_RS00725
NZ_JAJFOJ010000001.1	155563	156678		minus	CPBP family intramembrane glutamic endopeptidase		75160667	protein-coding		WP_044927945.1	371	LK408_RS00730
NZ_JAJFOJ010000001.1	156692	157918		minus	CapA family protein		75160668	protein-coding		WP_227970412.1	408	LK408_RS00735
NZ_JAJFOJ010000001.1	158049	158198		plus	hypothetical protein		75160669	protein-coding		WP_172727121.1	49	LK408_RS00740
NZ_JAJFOJ010000001.1	158283	159368		minus	DUF4097 family beta strand repeat-containing protein		75160670	protein-coding		WP_007887668.1	361	LK408_RS00745
NZ_JAJFOJ010000001.1	159375	160208		minus	DUF1700 domain-containing protein		75160671	protein-coding		WP_007887670.1	277	LK408_RS00750
NZ_JAJFOJ010000001.1	160205	160531		minus	PadR family transcriptional regulator		75160672	protein-coding		WP_007887672.1	108	LK408_RS00755
NZ_JAJFOJ010000001.1	160750	161298		plus	ECF transporter S component		75160673	protein-coding		WP_007887674.1	182	LK408_RS00760
NZ_JAJFOJ010000001.1	161355	162485		plus	pyridoxal-phosphate-dependent aminotransferase family protein		75160674	protein-coding		WP_044927947.1	376	LK408_RS00765
NZ_JAJFOJ010000001.1	162617	163519		minus	DegV family protein		75160675	protein-coding		WP_118126427.1	300	LK408_RS00770
NZ_JAJFOJ010000001.1	163693	164190		minus	acetolactate synthase small subunit	ilvN	75160676	protein-coding		WP_118109691.1	165	LK408_RS00775
NZ_JAJFOJ010000001.1	164224	165945		minus	biosynthetic-type acetolactate synthase large subunit	ilvB	75160677	protein-coding		WP_007887686.1	573	LK408_RS00780
NZ_JAJFOJ010000001.1	166039	166992		minus	AEC family transporter		75160678	protein-coding		WP_007887689.1	317	LK408_RS00785
NZ_JAJFOJ010000001.1	167126	167617		minus	dihydrofolate reductase		75160679	protein-coding		WP_007887695.1	163	LK408_RS00790
NZ_JAJFOJ010000001.1	167708	168554		minus	uncharacterized gene	thyA	75160680	pseudogene				LK408_RS00795
NZ_JAJFOJ010000001.1	168829	169068		plus	hypothetical protein		75160681	protein-coding		WP_007887700.1	79	LK408_RS00800
NZ_JAJFOJ010000001.1	169594	171279		plus	carbon starvation CstA family protein		75160682	protein-coding		WP_044927963.1	561	LK408_RS00805
NZ_JAJFOJ010000001.1	171709	172314		minus	helix-turn-helix domain-containing protein		75160683	protein-coding		WP_009860881.1	201	LK408_RS00810
NZ_JAJFOJ010000001.1	172552	173232		plus	dihydrofolate reductase family protein		75160684	protein-coding		WP_009860882.1	226	LK408_RS00815
NZ_JAJFOJ010000001.1	173359	173766		plus	hypothetical protein		75160685	protein-coding		WP_009860883.1	135	LK408_RS00820
NZ_JAJFOJ010000001.1	174186	174635		minus	FMN-binding protein		75160686	protein-coding		WP_009860885.1	149	LK408_RS00825
NZ_JAJFOJ010000001.1	174828	174900		plus	tRNA-Gly		75160687	tRNA				LK408_RS00830
NZ_JAJFOJ010000001.1	174953	175025		plus	tRNA-Gly		75160688	tRNA				LK408_RS00835
NZ_JAJFOJ010000001.1	175095	175283		minus	hypothetical protein		75160689	protein-coding		WP_007890957.1	62	LK408_RS00840
NZ_JAJFOJ010000001.1	175282	175572		plus	TspO/MBR family protein		88553999	protein-coding		WP_007890959.1	96	LK408_RS20500
NZ_JAJFOJ010000001.1	175659	176912		plus	DUF4317 domain-containing protein		75160691	protein-coding		WP_044929049.1	417	LK408_RS00850
NZ_JAJFOJ010000001.1	177031	177618		plus	DUF3267 domain-containing protein		75160692	protein-coding		WP_007890955.1	195	LK408_RS00855
NZ_JAJFOJ010000001.1	177865	178365		minus	CarD family transcriptional regulator		75160693	protein-coding		WP_118127184.1	166	LK408_RS00860
NZ_JAJFOJ010000001.1	178709	179734		minus	sugar kinase		75160694	protein-coding		WP_021922821.1	341	LK408_RS00865
NZ_JAJFOJ010000001.1	180050	181072		plus	sugar kinase		75160695	protein-coding		WP_007890951.1	340	LK408_RS00870
NZ_JAJFOJ010000001.1	181129	181698		minus	ATP-binding cassette domain-containing protein		75160696	protein-coding		WP_118109607.1	189	LK408_RS00875
NZ_JAJFOJ010000001.1	181774	182547		minus	ABC transporter permease		75160697	protein-coding		WP_007890947.1	257	LK408_RS00880
NZ_JAJFOJ010000001.1	182519	183601		minus	ABC transporter substrate-binding protein		75160698	protein-coding		WP_007890946.1	360	LK408_RS00885
NZ_JAJFOJ010000001.1	183761	185086		minus	serpin family protein		75160699	protein-coding		WP_007890941.1	441	LK408_RS00890
NZ_JAJFOJ010000001.1	185573	186511		plus	RpnC/YadD family protein		75160700	protein-coding		WP_055170237.1	312	LK408_RS00895
NZ_JAJFOJ010000001.1	186544	187785		minus	anti-sigma factor C-terminal domain-containing protein		75160701	protein-coding		WP_007890929.1	413	LK408_RS00900
NZ_JAJFOJ010000001.1	187772	188275		minus	RNA polymerase sigma factor		75160702	protein-coding		WP_007890928.1	167	LK408_RS00905
NZ_JAJFOJ010000001.1	188424	189308		minus	hypothetical protein		75160703	protein-coding		WP_055302358.1	294	LK408_RS00910
NZ_JAJFOJ010000001.1	189305	189862		minus	RNA polymerase sigma factor		75160704	protein-coding		WP_044929041.1	185	LK408_RS00915
NZ_JAJFOJ010000001.1	190040	191137		minus	DHHW family protein		75160705	protein-coding		WP_227970413.1	365	LK408_RS00920
NZ_JAJFOJ010000001.1	191199	192782		minus	MBOAT family O-acyltransferase		75160706	protein-coding		WP_227970414.1	527	LK408_RS00925
NZ_JAJFOJ010000001.1	192804	193349		minus	LptM family lipoprotein		75160707	protein-coding		WP_147334821.1	181	LK408_RS00930
NZ_JAJFOJ010000001.1	193489	194214		minus	DUF6198 family protein		75160708	protein-coding		WP_007890916.1	241	LK408_RS00935
NZ_JAJFOJ010000001.1	194355	195719		minus	sensor histidine kinase		75160709	protein-coding		WP_007890915.1	454	LK408_RS00940
NZ_JAJFOJ010000001.1	195790	196443		minus	response regulator transcription factor		75160710	protein-coding		WP_007890913.1	217	LK408_RS00945
NZ_JAJFOJ010000001.1	196662	197288		plus	TlpA family protein disulfide reductase		75160711	protein-coding		WP_007890910.1	208	LK408_RS00950
NZ_JAJFOJ010000001.1	197357	197503		plus	CD1871A family CXXC motif-containing protein		75160712	protein-coding		WP_021922836.1	48	LK408_RS00955
NZ_JAJFOJ010000001.1	197547	198413		plus	4Fe-4S binding protein		75160713	protein-coding		WP_044929040.1	288	LK408_RS00960
NZ_JAJFOJ010000001.1	198764	199225		minus	hypothetical protein		75160714	protein-coding		WP_044929038.1	153	LK408_RS00965
NZ_JAJFOJ010000001.1	199297	200214		minus	hypothetical protein		75160715	protein-coding		WP_044929036.1	305	LK408_RS00970
NZ_JAJFOJ010000001.1	201380	203143		minus	aspartate--tRNA ligase	aspS	75160716	protein-coding		WP_044927564.1	587	LK408_RS00975
NZ_JAJFOJ010000001.1	203372	204631		minus	histidine--tRNA ligase	hisS	75160717	protein-coding		WP_055170353.1	419	LK408_RS00980
NZ_JAJFOJ010000001.1	204817	205206		minus	hypothetical protein		75160718	protein-coding		WP_044927563.1	129	LK408_RS00985
NZ_JAJFOJ010000001.1	205657	205950		minus	uncharacterized gene		75160719	pseudogene				LK408_RS00990
NZ_JAJFOJ010000001.1	205990	206397		minus	Fur family transcriptional regulator		75160720	protein-coding		WP_007886148.1	135	LK408_RS00995
NZ_JAJFOJ010000001.1	206525	207274		minus	peroxide stress protein YaaA	yaaA	75160721	protein-coding		WP_007886145.1	249	LK408_RS01000
NZ_JAJFOJ010000001.1	207274	207729		minus	thioredoxin-dependent thiol peroxidase	bcp	75160722	protein-coding		WP_007886140.1	151	LK408_RS01005
NZ_JAJFOJ010000001.1	207733	207942		minus	DUF6219 family protein		75160723	protein-coding		WP_007886125.1	69	LK408_RS01010
NZ_JAJFOJ010000001.1	208030	208146		plus	uncharacterized gene		88554000	pseudogene				LK408_RS20505
NZ_JAJFOJ010000001.1	208164	209390		minus	HD-GYP domain-containing protein		75160725	protein-coding		WP_007886123.1	408	LK408_RS01020
NZ_JAJFOJ010000001.1	209771	210535		minus	endo alpha-1,4 polygalactosaminidase		75160726	protein-coding		WP_227970415.1	254	LK408_RS01025
NZ_JAJFOJ010000001.1	210923	212392		minus	coproporphyrinogen dehydrogenase HemZ	hemZ	75160727	protein-coding		WP_007886121.1	489	LK408_RS01030
NZ_JAJFOJ010000001.1	212402	213031		minus	MBL fold metallo-hydrolase		75160728	protein-coding		WP_044927562.1	209	LK408_RS01035
NZ_JAJFOJ010000001.1	213078	215384		minus	RelA/SpoT family protein		75160729	protein-coding		WP_007886119.1	768	LK408_RS01040
NZ_JAJFOJ010000001.1	215483	216337		minus	GNAT family N-acetyltransferase		75160730	protein-coding		WP_227970416.1	284	LK408_RS01045
NZ_JAJFOJ010000001.1	216418	219063		minus	GH25 family lysozyme		75160731	protein-coding		WP_007886116.1	881	LK408_RS01050
NZ_JAJFOJ010000001.1	219281	220174		minus	radical SAM protein		75160732	protein-coding		WP_007886114.1	297	LK408_RS01055
NZ_JAJFOJ010000001.1	220326	221567		plus	6-phosphofructokinase		75160733	protein-coding		WP_007886112.1	413	LK408_RS01060
NZ_JAJFOJ010000001.1	221542	222497		minus	uncharacterized gene		75160734	pseudogene				LK408_RS01065
NZ_JAJFOJ010000001.1	222529	223194		minus	DUF6320 domain-containing protein		75160735	protein-coding		WP_007886100.1	221	LK408_RS01070
NZ_JAJFOJ010000001.1	223240	224592		minus	hypothetical protein		75160736	protein-coding		WP_007886099.1	450	LK408_RS01075
NZ_JAJFOJ010000001.1	224909	225619		plus	FadR/GntR family transcriptional regulator		75160737	protein-coding		WP_007886098.1	236	LK408_RS01080
NZ_JAJFOJ010000001.1	225645	227414		minus	ABC transporter ATP-binding protein		75160738	protein-coding		WP_007886097.1	589	LK408_RS01085
NZ_JAJFOJ010000001.1	227588	229045		plus	DDE-type integrase/transposase/recombinase		75160739	protein-coding		WP_227970417.1	485	LK408_RS01090
NZ_JAJFOJ010000001.1	229296	231053		minus	ABC transporter ATP-binding protein		75160740	protein-coding		WP_227970418.1	585	LK408_RS01095
NZ_JAJFOJ010000001.1	231213	232088		minus	DUF368 domain-containing protein		75160741	protein-coding		WP_007887115.1	291	LK408_RS01100
NZ_JAJFOJ010000001.1	232193	232948		minus	tRNA threonylcarbamoyladenosine dehydratase		75160742	protein-coding		WP_007887113.1	251	LK408_RS01105
NZ_JAJFOJ010000001.1	232942	233646		minus	YoaK family protein		75160743	protein-coding		WP_007887111.1	234	LK408_RS01110
NZ_JAJFOJ010000001.1	233873	234676		minus	PD-(D/E)XK nuclease family transposase		75160744	protein-coding		WP_044927771.1	267	LK408_RS01115
NZ_JAJFOJ010000001.1	235052	235136		minus	tRNA-Leu		75160745	tRNA				LK408_RS01120
NZ_JAJFOJ010000001.1	235302	235385		plus	tRNA-Leu		75160746	tRNA				LK408_RS01125
NZ_JAJFOJ010000001.1	235470	236147		plus	tRNA (N6-threonylcarbamoyladenosine(37)-N6)-methyltransferase TrmO	tsaA	75160747	protein-coding		WP_007887106.1	225	LK408_RS01130
NZ_JAJFOJ010000001.1	236142	238793		minus	sensor domain-containing protein		75160748	protein-coding		WP_227970419.1	883	LK408_RS01135
NZ_JAJFOJ010000001.1	238816	240306		minus	methyltransferase		75160749	protein-coding		WP_227970420.1	496	LK408_RS01140
NZ_JAJFOJ010000001.1	240390	241142		minus	peptidoglycan recognition protein family protein		75160750	protein-coding		WP_007887086.1	250	LK408_RS01145
NZ_JAJFOJ010000001.1	241344	241472		plus	hypothetical protein		75160751	protein-coding		WP_007887082.1	42	LK408_RS01150
NZ_JAJFOJ010000001.1	241533	242624		minus	flagellin lysine-N-methylase	fliB	75160752	protein-coding		WP_044927772.1	363	LK408_RS01155
NZ_JAJFOJ010000001.1	242635	242886		minus	hypothetical protein		75160753	protein-coding		WP_007887072.1	83	LK408_RS01160
NZ_JAJFOJ010000001.1	242963	243481		minus	anaerobic ribonucleoside-triphosphate reductase activating protein	nrdG	75160754	protein-coding		WP_007887066.1	172	LK408_RS01165
NZ_JAJFOJ010000001.1	243569	245731		minus	anaerobic ribonucleoside-triphosphate reductase	nrdD	75160755	protein-coding		WP_007887065.1	720	LK408_RS01170
NZ_JAJFOJ010000001.1	246008	246505		minus	MarR family winged helix-turn-helix transcriptional regulator		75160756	protein-coding		WP_007887059.1	165	LK408_RS01175
NZ_JAJFOJ010000001.1	246627	248375		plus	ABC transporter ATP-binding protein		75160757	protein-coding		WP_007887058.1	582	LK408_RS01180
NZ_JAJFOJ010000001.1	248375	250288		plus	ABC transporter ATP-binding protein		75160758	protein-coding		WP_007887057.1	637	LK408_RS01185
NZ_JAJFOJ010000001.1	250893	252194		plus	transposase		75160759	protein-coding		WP_007887560.1	433	LK408_RS01190
NZ_JAJFOJ010000001.1	252517	253224		minus	hypothetical protein		75160760	protein-coding		WP_227970421.1	235	LK408_RS01195
NZ_JAJFOJ010000001.1	253344	253487		minus	hypothetical protein		75160761	protein-coding		WP_172681212.1	47	LK408_RS01200
NZ_JAJFOJ010000001.1	253973	255322		minus	MATE family efflux transporter		75160762	protein-coding		WP_007887568.1	449	LK408_RS01205
NZ_JAJFOJ010000001.1	255378	256040		minus	endonuclease III domain-containing protein		75160763	protein-coding		WP_007887570.1	220	LK408_RS01210
NZ_JAJFOJ010000001.1	256109	258136		minus	ATP-binding cassette domain-containing protein		75160764	protein-coding		WP_007887572.1	675	LK408_RS01215
NZ_JAJFOJ010000001.1	258139	259146		minus	hypothetical protein		75160765	protein-coding		WP_007887573.1	335	LK408_RS01220
NZ_JAJFOJ010000001.1	259380	259511		minus	helix-turn-helix domain-containing protein		75160766	protein-coding		WP_007887581.1	43	LK408_RS01225
NZ_JAJFOJ010000001.1	259618	259998		minus	SMU1112c/YaeR family gloxylase I-like metalloprotein	gloA2	75160767	protein-coding		WP_007887583.1	126	LK408_RS01230
NZ_JAJFOJ010000001.1	260440	260910		plus	GNAT family N-acetyltransferase		75160768	protein-coding		WP_007887586.1	156	LK408_RS01235
NZ_JAJFOJ010000001.1	261513	262802		minus	group II intron reverse transcriptase/maturase	ltrA	75160769	protein-coding		WP_117762135.1	429	LK408_RS01240
NZ_JAJFOJ010000001.1	263601	265052		minus	adenylosuccinate lyase	purB	75160770	protein-coding		WP_044928124.1	483	LK408_RS01245
NZ_JAJFOJ010000001.1	265101	266549		minus	amidophosphoribosyltransferase	purF	75160771	protein-coding		WP_007888241.1	482	LK408_RS01250
NZ_JAJFOJ010000001.1	266624	267496		minus	phosphoribosylaminoimidazolesuccinocarboxamide synthase		75160772	protein-coding		WP_044928123.1	290	LK408_RS01255
NZ_JAJFOJ010000001.1	268310	268912		plus	Type 1 glutamine amidotransferase-like domain-containing protein		75160773	protein-coding		WP_007888235.1	200	LK408_RS01260
NZ_JAJFOJ010000001.1	268967	269473		plus	YunG family protein		75160774	protein-coding		WP_172727128.1	168	LK408_RS01265
NZ_JAJFOJ010000001.1	269760	271283		plus	transposase		75160775	protein-coding		WP_265336036.1	507	LK408_RS01270
NZ_JAJFOJ010000001.1	271520	273058		minus	2,3-bisphosphoglycerate-independent phosphoglycerate mutase	gpmI	75160776	protein-coding		WP_007886415.1	512	LK408_RS01275
NZ_JAJFOJ010000001.1	273169	274731		minus	CapA family protein		75160777	protein-coding		WP_007886416.1	520	LK408_RS01280
NZ_JAJFOJ010000001.1	274897	275646		minus	triose-phosphate isomerase	tpiA	75160778	protein-coding		WP_007886417.1	249	LK408_RS01285
NZ_JAJFOJ010000001.1	275872	277083		minus	phosphoglycerate kinase		75160779	protein-coding		WP_007886418.1	403	LK408_RS01290
NZ_JAJFOJ010000001.1	277460	278476		minus	type I glyceraldehyde-3-phosphate dehydrogenase	gap	75160780	protein-coding		WP_007886419.1	338	LK408_RS01295
NZ_JAJFOJ010000001.1	278806	279633		plus	histidinol-phosphatase HisJ family protein		75160781	protein-coding		WP_007886420.1	275	LK408_RS01300
NZ_JAJFOJ010000001.1	279666	279893		minus	hypothetical protein		75160782	protein-coding		WP_007886421.1	75	LK408_RS01305
NZ_JAJFOJ010000001.1	279877	280503		minus	type IV toxin-antitoxin system AbiEi family antitoxin domain-containing protein		75160783	protein-coding		WP_007886423.1	208	LK408_RS01310
NZ_JAJFOJ010000001.1	280630	281721		minus	hypothetical protein		75160784	protein-coding		WP_044927647.1	363	LK408_RS01315
NZ_JAJFOJ010000001.1	281947	282081		minus	hypothetical protein		76380046	protein-coding		WP_261292303.1	44	LK408_RS20090
NZ_JAJFOJ010000001.1	282150	282431		minus	nucleotidyltransferase family protein		75160785	protein-coding		WP_055040251.1	93	LK408_RS01320
NZ_JAJFOJ010000001.1	282550	284148		minus	ATP-binding cassette domain-containing protein		75160786	protein-coding		WP_172727092.1	532	LK408_RS01325
NZ_JAJFOJ010000001.1	284275	285567		minus	MFS transporter		75160787	protein-coding		WP_007886434.1	430	LK408_RS01330
NZ_JAJFOJ010000001.1	285762	287666		plus	helix-turn-helix domain-containing protein		75160788	protein-coding		WP_007886438.1	634	LK408_RS01335
NZ_JAJFOJ010000001.1	287963	289237		minus	metallopeptidase TldD-related protein		75160789	protein-coding		WP_227970423.1	424	LK408_RS01340
NZ_JAJFOJ010000001.1	289253	289705		minus	metallopeptidase TldD-related protein		75160790	protein-coding		WP_007886445.1	150	LK408_RS01345
NZ_JAJFOJ010000001.1	289796	290539		minus	hypothetical protein		75160791	protein-coding		WP_006426953.1	247	LK408_RS01350
NZ_JAJFOJ010000001.1	290680	291063		minus	DUF6262 family protein		75160792	protein-coding		WP_015513361.1	127	LK408_RS01355
NZ_JAJFOJ010000001.1	291038	292405		minus	tyrosine-type recombinase/integrase		75160793	protein-coding		WP_226853055.1	455	LK408_RS01360
NZ_JAJFOJ010000001.1	292527	294257		minus	tyrosine-type recombinase/integrase		75160794	protein-coding		WP_007886448.1	576	LK408_RS01365
NZ_JAJFOJ010000001.1	294286	295410		minus	tyrosine-type recombinase/integrase		75160795	protein-coding		WP_006426957.1	374	LK408_RS01370
NZ_JAJFOJ010000001.1	295566	297533		minus	ATP-dependent DNA helicase		75160796	protein-coding		WP_007886452.1	655	LK408_RS01375
NZ_JAJFOJ010000001.1	298068	298502		minus	helix-turn-helix transcriptional regulator		75160797	protein-coding		WP_007886453.1	144	LK408_RS01380
NZ_JAJFOJ010000001.1	298932	299318		plus	IS66 family insertion sequence element accessory protein TnpA	tnpA	75160798	protein-coding		WP_007888257.1	128	LK408_RS01385
NZ_JAJFOJ010000001.1	299315	299668		plus	IS66 family insertion sequence element accessory protein TnpB	tnpB	75160799	protein-coding		WP_007888256.1	117	LK408_RS01390
NZ_JAJFOJ010000001.1	299956	301650		plus	IS66 family transposase	tnpC	75160800	protein-coding		WP_014078582.1	564	LK408_RS01395
NZ_JAJFOJ010000001.1	301809	302435		minus	hypothetical protein		75160801	protein-coding		WP_007884654.1	208	LK408_RS01400
NZ_JAJFOJ010000001.1	302453	303313		minus	contact-dependent growth inhibition system immunity protein		75160802	protein-coding		WP_007884653.1	286	LK408_RS01405
NZ_JAJFOJ010000001.1	303380	312718		minus	DNRLRE domain-containing protein		75160803	protein-coding		WP_227970424.1	3112	LK408_RS01410
NZ_JAJFOJ010000001.1	312910	314184		minus	sensor histidine kinase		75160804	protein-coding		WP_007884649.1	424	LK408_RS01415
NZ_JAJFOJ010000001.1	314181	314894		minus	LytR/AlgR family response regulator transcription factor		75160805	protein-coding		WP_007884644.1	237	LK408_RS01420
NZ_JAJFOJ010000001.1	315298	315858		minus	hypothetical protein		75160806	protein-coding		WP_006426967.1	186	LK408_RS01425
NZ_JAJFOJ010000001.1	315939	318200		minus	glycoside hydrolase domain-containing protein		75160807	protein-coding		WP_007884642.1	753	LK408_RS01430
NZ_JAJFOJ010000001.1	318371	320062		minus	lysozyme family protein		75160808	protein-coding		WP_006426969.1	563	LK408_RS01435
NZ_JAJFOJ010000001.1	320092	320442		minus	hypothetical protein		75160809	protein-coding		WP_006426970.1	116	LK408_RS01440
NZ_JAJFOJ010000001.1	320442	322772		minus	VirB4-like conjugal transfer ATPase, CD1110 family		75160810	protein-coding		WP_199596345.1	776	LK408_RS01445
NZ_JAJFOJ010000001.1	322765	323205		minus	PrgI family protein		75160811	protein-coding		WP_007884640.1	146	LK408_RS01450
NZ_JAJFOJ010000001.1	323209	323640		minus	DUF4313 domain-containing protein		75160812	protein-coding		WP_007884639.1	143	LK408_RS01455
NZ_JAJFOJ010000001.1	323645	324487		minus	hotdog family protein		75160813	protein-coding		WP_172590441.1	280	LK408_RS01460
NZ_JAJFOJ010000001.1	324575	324892		minus	glutamyl-tRNA amidotransferase		75160814	protein-coding		WP_044927371.1	105	LK408_RS01465
NZ_JAJFOJ010000001.1	324980	326704		minus	VirD4-like conjugal transfer protein, CD1115 family		75160815	protein-coding		WP_154301185.1	574	LK408_RS01470
NZ_JAJFOJ010000001.1	326728	327006		minus	DUF4314 domain-containing protein		75160816	protein-coding		WP_024852684.1	92	LK408_RS01475
NZ_JAJFOJ010000001.1	327023	327367		minus	hypothetical protein		75160817	protein-coding		WP_007884627.1	114	LK408_RS01480
NZ_JAJFOJ010000001.1	327417	328391		minus	ArdC family protein		75160818	protein-coding		WP_044927355.1	324	LK408_RS01485
NZ_JAJFOJ010000001.1	328397	329203		minus	PcfB family protein		75160819	protein-coding		WP_007884625.1	268	LK408_RS01490
NZ_JAJFOJ010000001.1	329206	330495		minus	relaxase/mobilization nuclease domain-containing protein		75160820	protein-coding		WP_007884624.1	429	LK408_RS01495
NZ_JAJFOJ010000001.1	330502	330810		minus	plasmid mobilization protein		75160821	protein-coding		WP_024852688.1	102	LK408_RS01500
NZ_JAJFOJ010000001.1	330789	330959		minus	DUF3789 domain-containing protein		75160822	protein-coding		WP_117482321.1	56	LK408_RS01505
NZ_JAJFOJ010000001.1	331098	331421		minus	DUF7768 domain-containing protein		75160823	protein-coding		WP_015513330.1	107	LK408_RS01510
NZ_JAJFOJ010000001.1	331503	332306		minus	DNA-methyltransferase		75160824	protein-coding		WP_226793175.1	267	LK408_RS01515
NZ_JAJFOJ010000001.1	332327	333073		minus	hypothetical protein		75160825	protein-coding		WP_007884619.1	248	LK408_RS01520
NZ_JAJFOJ010000001.1	333080	334057		minus	DUF3991 and TOPRIM domain-containing protein		75160826	protein-coding		WP_006426986.1	325	LK408_RS01525
NZ_JAJFOJ010000001.1	334057	335217		minus	methionine adenosyltransferase	metK	75160827	protein-coding		WP_167528845.1	386	LK408_RS01530
NZ_JAJFOJ010000001.1	335306	339682		minus	SpaA isopeptide-forming pilin-related protein		75160828	protein-coding		WP_055247154.1	1458	LK408_RS01535
NZ_JAJFOJ010000001.1	339756	340238		minus	gamma-glutamylcyclotransferase family protein		75160829	protein-coding		WP_006426989.1	160	LK408_RS01540
NZ_JAJFOJ010000001.1	340251	341207		minus	amidoligase family protein		75160830	protein-coding		WP_006426990.1	318	LK408_RS01545
NZ_JAJFOJ010000001.1	341210	342505		minus	DNA (cytosine-5-)-methyltransferase	dcm	75160831	protein-coding		WP_007884607.1	431	LK408_RS01550
NZ_JAJFOJ010000001.1	342576	343127		minus	hypothetical protein		75160832	protein-coding		WP_007884604.1	183	LK408_RS01555
NZ_JAJFOJ010000001.1	343282	343572		minus	hypothetical protein		75160833	protein-coding		WP_007884594.1	96	LK408_RS01560
NZ_JAJFOJ010000001.1	343569	344477		minus	ParM/StbA family protein		75160834	protein-coding		WP_044912250.1	302	LK408_RS01565
NZ_JAJFOJ010000001.1	344665	344997		minus	DUF5720 family protein		75160835	protein-coding		WP_005341391.1	110	LK408_RS01570
NZ_JAJFOJ010000001.1	345038	345349		minus	hypothetical protein		75160836	protein-coding		WP_215727210.1	103	LK408_RS01575
NZ_JAJFOJ010000001.1	345560	345796		plus	helix-turn-helix domain-containing protein		75160837	protein-coding		WP_005341369.1	78	LK408_RS01580
NZ_JAJFOJ010000001.1	346104	347096		minus	metallopeptidase TldD-related protein		75160838	protein-coding		WP_044927368.1	330	LK408_RS01585
NZ_JAJFOJ010000001.1	347284	351087		minus	phosphoribosylformylglycinamidine synthase		75160839	protein-coding		WP_044927353.1	1267	LK408_RS01590
NZ_JAJFOJ010000001.1	351461	352345		plus	LysR family transcriptional regulator		75160840	protein-coding		WP_007884582.1	294	LK408_RS01595
NZ_JAJFOJ010000001.1	353060	353332		minus	hypothetical protein		75160841	protein-coding		WP_007884575.1	90	LK408_RS01600
NZ_JAJFOJ010000001.1	353377	354402		minus	PDDEXK nuclease domain-containing protein		75160842	protein-coding		WP_044927366.1	341	LK408_RS01605
NZ_JAJFOJ010000001.1	354496	355065		minus	glycoside hydrolase family 19 protein		75160843	protein-coding		WP_007884570.1	189	LK408_RS01610
NZ_JAJFOJ010000001.1	355149	355868		minus	T6SS immunity protein Tdi1 domain-containing protein		75160844	protein-coding		WP_007884569.1	239	LK408_RS01615
NZ_JAJFOJ010000001.1	355855	356091		minus	uncharacterized gene		88554001	pseudogene				LK408_RS20510
NZ_JAJFOJ010000001.1	356527	357186		minus	hypothetical protein		75160845	protein-coding		WP_007884567.1	219	LK408_RS01620
NZ_JAJFOJ010000001.1	357452	357916		minus	hypothetical protein		75160846	protein-coding		WP_118930152.1	154	LK408_RS01625
NZ_JAJFOJ010000001.1	357913	358119		minus	hypothetical protein		75160847	protein-coding		WP_007884564.1	68	LK408_RS01630
NZ_JAJFOJ010000001.1	358334	358786		minus	Imm30 family immunity protein		75160848	protein-coding		WP_007884562.1	150	LK408_RS01635
NZ_JAJFOJ010000001.1	358953	359333		minus	SMI1/KNR4 family protein		75160849	protein-coding		WP_007884561.1	126	LK408_RS01640
NZ_JAJFOJ010000001.1	359514	359638		plus	uncharacterized gene		305206382	pseudogene				LK408_RS20750
NZ_JAJFOJ010000001.1	359647	359937		minus	hypothetical protein		75160850	protein-coding		WP_044927351.1	96	LK408_RS01645
NZ_JAJFOJ010000001.1	360042	360434		minus	hypothetical protein		75160851	protein-coding		WP_007884557.1	130	LK408_RS01650
NZ_JAJFOJ010000001.1	360884	362062		plus	IS110 family RNA-guided transposase		75160852	protein-coding		WP_007884555.1	392	LK408_RS01655
NZ_JAJFOJ010000001.1	362130	362528		minus	Imm7 family immunity protein		75160853	protein-coding		WP_007884552.1	132	LK408_RS01660
NZ_JAJFOJ010000001.1	362547	363236		minus	restriction endonuclease fold toxin		75160854	protein-coding		WP_007884551.1	229	LK408_RS01665
NZ_JAJFOJ010000001.1	363266	363703		minus	SUKH-3 domain-containing protein		75160855	protein-coding		WP_007884548.1	145	LK408_RS01670
NZ_JAJFOJ010000001.1	363726	364277		minus	YwqJ-related putative deaminase		75160856	protein-coding		WP_172727053.1	183	LK408_RS01675
NZ_JAJFOJ010000001.1	364332	364445		minus	uncharacterized gene		88554002	pseudogene				LK408_RS20515
NZ_JAJFOJ010000001.1	364524	364871		minus	hypothetical protein		75160858	protein-coding		WP_227970425.1	115	LK408_RS01685
NZ_JAJFOJ010000001.1	365204	365887		minus	PoNi-like cognate immunity protein		75160859	protein-coding		WP_227970426.1	227	LK408_RS01690
NZ_JAJFOJ010000001.1	365898	366218		minus	hypothetical protein		75160860	protein-coding		WP_007884538.1	106	LK408_RS01695
NZ_JAJFOJ010000001.1	366484	366798		minus	SUKH-3 domain-containing protein		75160861	protein-coding		WP_007884537.1	104	LK408_RS01700
NZ_JAJFOJ010000001.1	367031	368209		plus	IS110 family RNA-guided transposase		75160862	protein-coding		WP_007884536.1	392	LK408_RS01705
NZ_JAJFOJ010000001.1	368254	368493		minus	hypothetical protein		75160863	protein-coding		WP_007884535.1	79	LK408_RS01710
NZ_JAJFOJ010000001.1	368509	369024		minus	hypothetical protein		75160864	protein-coding		WP_217284412.1	171	LK408_RS01715
NZ_JAJFOJ010000001.1	369622	370911		minus	group II intron reverse transcriptase/maturase	ltrA	75160865	protein-coding		WP_227970427.1	429	LK408_RS01720
NZ_JAJFOJ010000001.1	371711	372925		minus	LL-diaminopimelate aminotransferase		75160866	protein-coding		WP_044926830.1	404	LK408_RS01725
NZ_JAJFOJ010000001.1	373180	373728		minus	ANTAR domain-containing response regulator		75160867	protein-coding		WP_007882473.1	182	LK408_RS01730
NZ_JAJFOJ010000001.1	373748	375079		minus	type I glutamate--ammonia ligase	glnA	75160868	protein-coding		WP_021922839.1	443	LK408_RS01735
NZ_JAJFOJ010000001.1	375116	375892		minus	phosphoribosylformimino-5-aminoimidazole carboxamide ribotide isomerase	hisA	75160869	protein-coding		WP_118111308.1	258	LK408_RS01740
NZ_JAJFOJ010000001.1	376259	377713		plus	IMP dehydrogenase	guaB	75160870	protein-coding		WP_007882463.1	484	LK408_RS01745
NZ_JAJFOJ010000001.1	377757	379025		plus	HlyC/CorC family transporter		75160871	protein-coding		WP_044926818.1	422	LK408_RS01750
NZ_JAJFOJ010000001.1	379022	379612		minus	hypothetical protein		75160872	protein-coding		WP_007882455.1	196	LK408_RS01755
NZ_JAJFOJ010000001.1	379599	380069		minus	hypothetical protein		75160873	protein-coding		WP_007882454.1	156	LK408_RS01760
NZ_JAJFOJ010000001.1	380045	380254		minus	hypothetical protein		75160874	protein-coding		WP_007882452.1	69	LK408_RS01765
NZ_JAJFOJ010000001.1	380298	380747		minus	hypothetical protein		75160875	protein-coding		WP_007882449.1	149	LK408_RS01770
NZ_JAJFOJ010000001.1	380804	382447		minus	hypothetical protein		75160876	protein-coding		WP_007882448.1	547	LK408_RS01775
NZ_JAJFOJ010000001.1	382434	384047		minus	ATPase, T2SS/T4P/T4SS family		75160877	protein-coding		WP_007882446.1	537	LK408_RS01780
NZ_JAJFOJ010000001.1	384016	384861		minus	hypothetical protein		75160878	protein-coding		WP_172727029.1	281	LK408_RS01785
NZ_JAJFOJ010000001.1	384858	385517		minus	hypothetical protein		75160879	protein-coding		WP_007882443.1	219	LK408_RS01790
NZ_JAJFOJ010000001.1	385739	386611		plus	DegV family protein		75160880	protein-coding		WP_044926826.1	290	LK408_RS01795
NZ_JAJFOJ010000001.1	386705	389161		minus	ATP-dependent DNA helicase		75160881	protein-coding		WP_227970567.1	818	LK408_RS01800
NZ_JAJFOJ010000001.1	389302	389529		minus	HPr family phosphocarrier protein		75160882	protein-coding		WP_044926824.1	75	LK408_RS01805
NZ_JAJFOJ010000001.1	389678	391420		plus	IS1634 family transposase		75160883	protein-coding		WP_007888265.1	580	LK408_RS01810
NZ_JAJFOJ010000001.1	392149	392478		plus	DUF2752 domain-containing protein		97128119	protein-coding		WP_227970568.1	109	LK408_RS20665
NZ_JAJFOJ010000001.1	392528	392869		minus	DUF4234 domain-containing protein		75160886	protein-coding		WP_007882399.1	113	LK408_RS01825
NZ_JAJFOJ010000001.1	393055	393125		minus	tRNA-Trp		75160887	tRNA				LK408_RS01830
NZ_JAJFOJ010000001.1	393367	396261		minus	23S ribosomal RNA		75160888	rRNA				LK408_RS01835
NZ_JAJFOJ010000001.1	396553	396625		minus	tRNA-Ala		75160889	tRNA				LK408_RS01840
NZ_JAJFOJ010000001.1	396656	396773		minus	5S ribosomal RNA	rrf	75160890	rRNA				LK408_RS01845
NZ_JAJFOJ010000001.1	396833	398365		minus	16S ribosomal RNA		75160891	rRNA				LK408_RS01850
NZ_JAJFOJ010000001.1	398823	398885		minus	uncharacterized gene		305206383	pseudogene				LK408_RS20755
NZ_JAJFOJ010000001.1	399024	400766		plus	IS1634 family transposase		75160892	protein-coding		WP_007888265.1	580	LK408_RS01855
NZ_JAJFOJ010000001.1	401044	402360		plus	IS30 family transposase		75160894	protein-coding		WP_321576001.1	438	LK408_RS01865
NZ_JAJFOJ010000001.1	402655	403575		minus	DUF7916 family protein		75160895	protein-coding		WP_044926780.1	306	LK408_RS01870
NZ_JAJFOJ010000001.1	403626	404144		minus	hypothetical protein		75160896	protein-coding		WP_007882356.1	172	LK408_RS01875
NZ_JAJFOJ010000001.1	404131	404889		minus	zinc ribbon domain-containing protein		75160897	protein-coding		WP_007882355.1	252	LK408_RS01880
NZ_JAJFOJ010000001.1	404895	405650		minus	zinc ribbon domain-containing protein		75160898	protein-coding		WP_007882354.1	251	LK408_RS01885
NZ_JAJFOJ010000001.1	405666	406982		minus	MATE family efflux transporter		75160899	protein-coding		WP_044926778.1	438	LK408_RS01890
NZ_JAJFOJ010000001.1	407047	408279		minus	MYG1 family protein		75160900	protein-coding		WP_007882352.1	410	LK408_RS01895
NZ_JAJFOJ010000001.1	408307	409278		minus	DUF3878 family protein		75160901	protein-coding		WP_021923159.1	323	LK408_RS01900
NZ_JAJFOJ010000001.1	409383	410615		minus	sensor histidine kinase		75160902	protein-coding		WP_007882348.1	410	LK408_RS01905
NZ_JAJFOJ010000001.1	410616	411299		minus	response regulator transcription factor		75160903	protein-coding		WP_007882347.1	227	LK408_RS01910
NZ_JAJFOJ010000001.1	411314	412225		minus	DUF975 family protein		75160904	protein-coding		WP_021923157.1	303	LK408_RS01915
NZ_JAJFOJ010000001.1	412450	412523		minus	tRNA-Arg		75160905	tRNA				LK408_RS01920
NZ_JAJFOJ010000001.1	412584	412667		minus	tRNA-Leu		75160906	tRNA				LK408_RS01925
NZ_JAJFOJ010000001.1	412694	412766		minus	tRNA-Val		75160907	tRNA				LK408_RS01930
NZ_JAJFOJ010000001.1	412771	412844		minus	tRNA-Asp		75160908	tRNA				LK408_RS01935
NZ_JAJFOJ010000001.1	412863	412936		minus	tRNA-Ile		75160909	tRNA				LK408_RS01940
NZ_JAJFOJ010000001.1	412965	413037		minus	tRNA-Thr		75160910	tRNA				LK408_RS01945
NZ_JAJFOJ010000001.1	413138	413209		minus	tRNA-Glu		75160911	tRNA				LK408_RS01950
NZ_JAJFOJ010000001.1	413225	413296		minus	tRNA-Asn		75160912	tRNA				LK408_RS01955
NZ_JAJFOJ010000001.1	413364	416258		minus	23S ribosomal RNA		75160913	rRNA				LK408_RS01960
NZ_JAJFOJ010000001.1	416551	416623		minus	tRNA-Ala		75160914	tRNA				LK408_RS01965
NZ_JAJFOJ010000001.1	416660	416733		minus	tRNA-Ile		75160915	tRNA				LK408_RS01970
NZ_JAJFOJ010000001.1	416740	416857		minus	5S ribosomal RNA	rrf	75160916	rRNA				LK408_RS01975
NZ_JAJFOJ010000001.1	416973	418505		minus	16S ribosomal RNA		75160917	rRNA				LK408_RS01980
NZ_JAJFOJ010000001.1	418964	420937		minus	oleate hydratase		75160918	protein-coding		WP_007883060.1	657	LK408_RS01985
NZ_JAJFOJ010000001.1	421374	422897		minus	IS1182 family transposase		75160919	protein-coding		WP_265336037.1	507	LK408_RS01990
NZ_JAJFOJ010000001.1	423123	423692		minus	TetR/AcrR family transcriptional regulator		75160920	protein-coding		WP_055039994.1	189	LK408_RS01995
NZ_JAJFOJ010000001.1	423948	425330		plus	MATE family efflux transporter		75160921	protein-coding		WP_007887216.1	460	LK408_RS02000
NZ_JAJFOJ010000001.1	425340	426809		minus	polyphosphate:AMP phosphotransferase	pap	75160922	protein-coding		WP_007887214.1	489	LK408_RS02005
NZ_JAJFOJ010000001.1	427527	428936		plus	alanine/glycine:cation symporter family protein		75160923	protein-coding		WP_007887212.1	469	LK408_RS02010
NZ_JAJFOJ010000001.1	429118	430641		minus	IS1182 family transposase		75160924	protein-coding		WP_265336038.1	507	LK408_RS02015
NZ_JAJFOJ010000001.1	430908	432584		minus	AAA family ATPase		75160925	protein-coding		WP_007889204.1	558	LK408_RS02020
NZ_JAJFOJ010000001.1	432778	433389		minus	hypothetical protein		75160926	protein-coding		WP_007889208.1	203	LK408_RS02025
NZ_JAJFOJ010000001.1	433514	435235		minus	DUF6273 domain-containing protein		75160927	protein-coding		WP_217284423.1	573	LK408_RS02030
NZ_JAJFOJ010000001.1	435313	437481		minus	InlB B-repeat-containing protein		75160928	protein-coding		WP_007889210.1	722	LK408_RS02035
NZ_JAJFOJ010000001.1	437556	439211		minus	hypothetical protein		75160929	protein-coding		WP_227970430.1	551	LK408_RS02040
NZ_JAJFOJ010000001.1	439415	440683		plus	sensor histidine kinase		75160930	protein-coding		WP_044928366.1	422	LK408_RS02045
NZ_JAJFOJ010000001.1	440699	441415		plus	LytR/AlgR family response regulator transcription factor		75160931	protein-coding		WP_007889225.1	238	LK408_RS02050
NZ_JAJFOJ010000001.1	441420	441923		minus	DUF3887 domain-containing protein		75160932	protein-coding		WP_007889226.1	167	LK408_RS02055
NZ_JAJFOJ010000001.1	441925	443214		minus	O-acetylhomoserine aminocarboxypropyltransferase/cysteine synthase family protein		75160933	protein-coding		WP_044928379.1	429	LK408_RS02060
NZ_JAJFOJ010000001.1	443216	443347		minus	hypothetical protein		76380047	protein-coding		WP_007889231.1	43	LK408_RS20095
NZ_JAJFOJ010000001.1	443494	444873		plus	aldehyde dehydrogenase		75160934	protein-coding		WP_007889235.1	459	LK408_RS02065
NZ_JAJFOJ010000001.1	444892	445509		minus	hypothetical protein		75160935	protein-coding		WP_118126708.1	205	LK408_RS02070
NZ_JAJFOJ010000001.1	445739	446101		minus	helix-turn-helix domain-containing protein		75160936	protein-coding		WP_007889241.1	120	LK408_RS02075
NZ_JAJFOJ010000001.1	446284	446997		minus	tRNA (adenine(22)-N(1))-methyltransferase		75160937	protein-coding		WP_007889242.1	237	LK408_RS02080
NZ_JAJFOJ010000001.1	446999	448279		minus	RNA polymerase sigma factor RpoD	rpoD	75160938	protein-coding		WP_007889243.1	426	LK408_RS02085
NZ_JAJFOJ010000001.1	448317	450119		minus	DNA primase	dnaG	75160939	protein-coding		WP_007889244.1	600	LK408_RS02090
NZ_JAJFOJ010000001.1	450417	451430		minus	deoxyguanosinetriphosphate triphosphohydrolase		75160940	protein-coding		WP_044928382.1	337	LK408_RS02095
NZ_JAJFOJ010000001.1	451568	452938		minus	DNA repair protein RadA	radA	75160941	protein-coding		WP_021923224.1	456	LK408_RS02100
NZ_JAJFOJ010000001.1	453035	453445		minus	hypothetical protein		75160942	protein-coding		WP_007889250.1	136	LK408_RS02105
NZ_JAJFOJ010000001.1	453573	456029		minus	ATP-dependent Clp protease ATP-binding subunit		75160943	protein-coding		WP_007889251.1	818	LK408_RS02110
NZ_JAJFOJ010000001.1	456289	458307		minus	cadherin-like beta sandwich domain-containing protein		75160944	protein-coding		WP_227970431.1	672	LK408_RS02115
NZ_JAJFOJ010000001.1	458380	460704		minus	SH3 domain-containing protein		75160945	protein-coding		WP_227970432.1	774	LK408_RS02120
NZ_JAJFOJ010000001.1	460997	462100		minus	uncharacterized gene	tnpB	75160946	pseudogene				LK408_RS02125
NZ_JAJFOJ010000001.1	462118	462513		minus	IS200/IS605 family transposase	tnpA	75160947	protein-coding		WP_007889263.1	131	LK408_RS02130
NZ_JAJFOJ010000001.1	462597	462785		minus	hypothetical protein		75160948	protein-coding		WP_007889265.1	62	LK408_RS02135
NZ_JAJFOJ010000001.1	462766	463113		minus	HAD family hydrolase		75160949	protein-coding		WP_007889267.1	115	LK408_RS02140
NZ_JAJFOJ010000001.1	463258	464742		minus	AAA family ATPase		75160950	protein-coding		WP_007889269.1	494	LK408_RS02145
NZ_JAJFOJ010000001.1	465175	466398		plus	HD-GYP domain-containing protein		75160951	protein-coding		WP_007889271.1	407	LK408_RS02150
NZ_JAJFOJ010000001.1	466499	467017		plus	peptidylprolyl isomerase		75160952	protein-coding		WP_007889273.1	172	LK408_RS02155
NZ_JAJFOJ010000001.1	467108	467695		minus	cytidylate kinase-like family protein		75160953	protein-coding		WP_007889275.1	195	LK408_RS02160
NZ_JAJFOJ010000001.1	467709	469076		minus	MATE family efflux transporter		75160954	protein-coding		WP_044928388.1	455	LK408_RS02165
NZ_JAJFOJ010000001.1	469404	470402		minus	PDDEXK nuclease domain-containing protein		75160955	protein-coding		WP_007889298.1	332	LK408_RS02170
NZ_JAJFOJ010000001.1	470586	470906		minus	CRISPR-associated endonuclease Cas2	cas2	75160956	protein-coding		WP_007889302.1	106	LK408_RS02175
NZ_JAJFOJ010000001.1	470899	471804		minus	type II CRISPR-associated endonuclease Cas1	cas1	75160957	protein-coding		WP_007889304.1	301	LK408_RS02180
NZ_JAJFOJ010000001.1	471823	475245		minus	type II CRISPR RNA-guided endonuclease Cas9	cas9	75160958	protein-coding		WP_172727137.1	1140	LK408_RS02185
NZ_JAJFOJ010000001.1	475551	476102		minus	hypothetical protein		75160959	protein-coding		WP_007889317.1	183	LK408_RS02190
NZ_JAJFOJ010000001.1	476103	478121		minus	AAA family ATPase		75160960	protein-coding		WP_007889322.1	672	LK408_RS02195
NZ_JAJFOJ010000001.1	478141	478290		minus	hypothetical protein		75160961	protein-coding		WP_007889325.1	49	LK408_RS02200
NZ_JAJFOJ010000001.1	478303	480483		minus	DUF262 domain-containing protein		75160962	protein-coding		WP_007889327.1	726	LK408_RS02205
NZ_JAJFOJ010000001.1	480498	481670		minus	aminotransferase class V-fold PLP-dependent enzyme		75160963	protein-coding		WP_044928373.1	390	LK408_RS02210
NZ_JAJFOJ010000001.1	481723	485262		minus	hypothetical protein		75160964	protein-coding		WP_172727138.1	1179	LK408_RS02215
NZ_JAJFOJ010000001.1	485231	486136		minus	DUF4007 family protein		75160965	protein-coding		WP_007889337.1	301	LK408_RS02220
NZ_JAJFOJ010000001.1	486151	487893		minus	phosphoadenosine phosphosulfate reductase domain-containing protein		75160966	protein-coding		WP_007889339.1	580	LK408_RS02225
NZ_JAJFOJ010000001.1	488237	488530		minus	hypothetical protein		75160967	protein-coding		WP_147350245.1	97	LK408_RS02230
NZ_JAJFOJ010000001.1	488545	488982		minus	hypothetical protein		75160968	protein-coding		WP_227970433.1	145	LK408_RS02235
NZ_JAJFOJ010000001.1	489990	491330		minus	DUF1002 domain-containing protein		75160969	protein-coding		WP_007889106.1	446	LK408_RS02240
NZ_JAJFOJ010000001.1	491367	492308		minus	alpha/beta fold hydrolase		75160970	protein-coding		WP_007889108.1	313	LK408_RS02245
NZ_JAJFOJ010000001.1	492374	493312		minus	hypothetical protein		75160971	protein-coding		WP_044928330.1	312	LK408_RS02250
NZ_JAJFOJ010000001.1	493329	495083		minus	single-stranded-DNA-specific exonuclease RecJ	recJ	75160972	protein-coding		WP_007889112.1	584	LK408_RS02255
NZ_JAJFOJ010000001.1	495123	495860		minus	tRNA pseudouridine(38-40) synthase TruA	truA	75160973	protein-coding		WP_007889115.1	245	LK408_RS02260
NZ_JAJFOJ010000001.1	496007	497269		minus	peptidoglycan-binding protein		75160974	protein-coding		WP_044928334.1	420	LK408_RS02265
NZ_JAJFOJ010000001.1	497408	499228		minus	glutamine--fructose-6-phosphate transaminase (isomerizing)	glmS	75160975	protein-coding		WP_007889120.1	606	LK408_RS02270
NZ_JAJFOJ010000001.1	499611	500675		minus	branched-chain amino acid aminotransferase		75160976	protein-coding		WP_021923538.1	354	LK408_RS02275
NZ_JAJFOJ010000001.1	500903	501409		plus	flavin reductase family protein		75160977	protein-coding		WP_007889123.1	168	LK408_RS02280
NZ_JAJFOJ010000001.1	501582	502820		minus	serine hydroxymethyltransferase	glyA	75160978	protein-coding		WP_007889124.1	412	LK408_RS02285
NZ_JAJFOJ010000001.1	502937	503218		minus	DUF1294 domain-containing protein		75160979	protein-coding		WP_007889126.1	93	LK408_RS02290
NZ_JAJFOJ010000001.1	503300	505459		minus	protein translocase subunit SecD	secD	75160980	protein-coding		WP_007889128.1	719	LK408_RS02295
NZ_JAJFOJ010000001.1	505473	506849		minus	thioether cross-link-forming SCIFF peptide maturase	scfB	75160981	protein-coding		WP_007889130.1	458	LK408_RS02300
NZ_JAJFOJ010000001.1	506985	507125		minus	six-cysteine ranthipeptide SCIFF	scfA	75160982	protein-coding		WP_021922063.1	46	LK408_RS02305
NZ_JAJFOJ010000001.1	507201	507593		minus	TIGR04086 family membrane protein		75160983	protein-coding		WP_007889136.1	130	LK408_RS02310
NZ_JAJFOJ010000001.1	507712	508593		minus	aldose 1-epimerase family protein		75160984	protein-coding		WP_007889138.1	293	LK408_RS02315
NZ_JAJFOJ010000001.1	508915	510306		minus	asparagine--tRNA ligase	asnS	75160985	protein-coding		WP_044928338.1	463	LK408_RS02320
NZ_JAJFOJ010000001.1	510384	511616		minus	trigger factor		75160986	protein-coding		WP_007889146.1	410	LK408_RS02325
NZ_JAJFOJ010000001.1	511815	512336		plus	hypothetical protein		75160987	protein-coding		WP_044928341.1	173	LK408_RS02330
NZ_JAJFOJ010000001.1	512395	514608		minus	beta-glucosidase BglX	bglX	75160988	protein-coding		WP_007889148.1	737	LK408_RS02335
NZ_JAJFOJ010000001.1	514605	515213		minus	helix-turn-helix domain-containing protein		86263555	protein-coding		WP_227970434.1	202	LK408_RS20245
NZ_JAJFOJ010000001.1	515283	515507		minus	hypothetical protein		75160990	protein-coding		WP_007889152.1	74	LK408_RS02345
NZ_JAJFOJ010000001.1	515571	516989		minus	ATP-binding protein		75160991	protein-coding		WP_227970435.1	472	LK408_RS02350
NZ_JAJFOJ010000001.1	517095	517622		minus	hypothetical protein		75160992	protein-coding		WP_007889167.1	175	LK408_RS02355
NZ_JAJFOJ010000001.1	517730	518173		minus	DUF1934 domain-containing protein		75160993	protein-coding		WP_007889170.1	147	LK408_RS02360
NZ_JAJFOJ010000001.1	518298	518936		minus	stage II sporulation protein R	spoIIR	75160994	protein-coding		WP_007889172.1	212	LK408_RS02365
NZ_JAJFOJ010000001.1	519249	521507		minus	GerAB/ArcD/ProY family transporter		75160995	protein-coding		WP_007889174.1	752	LK408_RS02370
NZ_JAJFOJ010000001.1	521563	523056		minus	spore germination protein		75160996	protein-coding		WP_007889176.1	497	LK408_RS02375
NZ_JAJFOJ010000001.1	523186	523860		minus	GntR family transcriptional regulator		75160997	protein-coding		WP_118203676.1	224	LK408_RS02380
NZ_JAJFOJ010000001.1	523879	524754		minus	4-(cytidine 5'-diphospho)-2-C-methyl-D-erythritol kinase	ispE	75160998	protein-coding		WP_007889179.1	291	LK408_RS02385
NZ_JAJFOJ010000001.1	525018	525647		plus	hypothetical protein		75160999	protein-coding		WP_217284422.1	209	LK408_RS02390
NZ_JAJFOJ010000001.1	525747	527030		minus	PLP-dependent aminotransferase family protein		75161000	protein-coding		WP_021923340.1	427	LK408_RS02395
NZ_JAJFOJ010000001.1	527138	528469		minus	replication-associated recombination protein A		75161001	protein-coding		WP_007889186.1	443	LK408_RS02400
NZ_JAJFOJ010000001.1	528953	530371		plus	ATP-binding protein		75161002	protein-coding		WP_055301632.1	472	LK408_RS02405
NZ_JAJFOJ010000001.1	530576	531745		minus	flagellin N-terminal helical domain-containing protein		75161003	protein-coding		WP_044926976.1	389	LK408_RS02410
NZ_JAJFOJ010000001.1	531893	532198		minus	carbon storage regulator		75161004	protein-coding		WP_044926970.1	101	LK408_RS02415
NZ_JAJFOJ010000001.1	532388	532978		minus	tyrosine-type recombinase/integrase		75161005	protein-coding		WP_007882976.1	196	LK408_RS02420
NZ_JAJFOJ010000001.1	533131	533889		minus	polysaccharide deacetylase family protein		75161006	protein-coding		WP_007882973.1	252	LK408_RS02425
NZ_JAJFOJ010000001.1	533917	534915		minus	DUF4190 domain-containing protein		75161007	protein-coding		WP_227970436.1	332	LK408_RS02430
NZ_JAJFOJ010000001.1	534933	535946		minus	glycosyltransferase family 2 protein		75161008	protein-coding		WP_007882970.1	337	LK408_RS02435
NZ_JAJFOJ010000001.1	535961	537112		minus	UDP-galactopyranose mutase	glf	75161009	protein-coding		WP_007882968.1	383	LK408_RS02440
NZ_JAJFOJ010000001.1	537578	538693		minus	A/G-specific adenine glycosylase	mutY	75161010	protein-coding		WP_007882966.1	371	LK408_RS02445
NZ_JAJFOJ010000001.1	538889	539692		plus	enoyl-CoA hydratase-related protein		75161011	protein-coding		WP_007882964.1	267	LK408_RS02450
NZ_JAJFOJ010000001.1	539906	541249		minus	MATE family efflux transporter		75161012	protein-coding		WP_007882962.1	447	LK408_RS02455
NZ_JAJFOJ010000001.1	541251	542147		minus	transporter substrate-binding domain-containing protein		75161013	protein-coding		WP_007882958.1	298	LK408_RS02460
NZ_JAJFOJ010000001.1	542206	543039		minus	amino acid ABC transporter ATP-binding protein		75161014	protein-coding		WP_007882957.1	277	LK408_RS02465
NZ_JAJFOJ010000001.1	543053	543805		minus	amino acid ABC transporter permease		75161015	protein-coding		WP_007882956.1	250	LK408_RS02470
NZ_JAJFOJ010000001.1	544289	545296		plus	2-hydroxyacid dehydrogenase		75161016	protein-coding		WP_007882955.1	335	LK408_RS02475
NZ_JAJFOJ010000001.1	545559	546638		plus	pyridoxal phosphate-dependent aminotransferase		75161017	protein-coding		WP_044926968.1	359	LK408_RS02480
NZ_JAJFOJ010000001.1	546979	547791		plus	pyrroline-5-carboxylate reductase	proC	75161018	protein-coding		WP_044926967.1	270	LK408_RS02485
NZ_JAJFOJ010000001.1	547889	549199		plus	alpha-amylase family glycosyl hydrolase		75161019	protein-coding		WP_055170482.1	436	LK408_RS02490
NZ_JAJFOJ010000001.1	549668	550084		minus	hypothetical protein		75161020	protein-coding		WP_007882931.1	138	LK408_RS02495
NZ_JAJFOJ010000001.1	550737	551564		minus	AAA family ATPase		75161021	protein-coding		WP_007890864.1	275	LK408_RS02500
NZ_JAJFOJ010000001.1	552008	553297		minus	group II intron reverse transcriptase/maturase	ltrA	75161022	protein-coding		WP_117534911.1	429	LK408_RS02505
NZ_JAJFOJ010000001.1	554094	555869		minus	trypsin-like peptidase domain-containing protein		75161023	protein-coding		WP_007886770.1	591	LK408_RS02510
NZ_JAJFOJ010000001.1	556068	557603		minus	DUF6056 family protein		75161024	protein-coding		WP_227970437.1	511	LK408_RS02515
NZ_JAJFOJ010000001.1	557614	558591		minus	glycosyltransferase family 2 protein		75161025	protein-coding		WP_021922427.1	325	LK408_RS02520
NZ_JAJFOJ010000001.1	558584	559618		minus	glycosyltransferase family 2 protein		75161026	protein-coding		WP_007886778.1	344	LK408_RS02525
NZ_JAJFOJ010000001.1	559619	560743		minus	LCP family protein		75161027	protein-coding		WP_007886779.1	374	LK408_RS02530
NZ_JAJFOJ010000001.1	560757	562175		minus	undecaprenyl-phosphate glucose phosphotransferase		75161028	protein-coding		WP_007886780.1	472	LK408_RS02535
NZ_JAJFOJ010000001.1	562335	563288		minus	glycosyltransferase family 2 protein		75161029	protein-coding		WP_007886782.1	317	LK408_RS02540
NZ_JAJFOJ010000001.1	563298	563507		minus	hypothetical protein		75161030	protein-coding		WP_021922426.1	69	LK408_RS02545
NZ_JAJFOJ010000001.1	563575	565092		minus	glycosyltransferase family 2 protein		75161031	protein-coding		WP_021922425.1	505	LK408_RS02550
NZ_JAJFOJ010000001.1	565212	566321		minus	DUF3048 domain-containing protein		75161032	protein-coding		WP_021922424.1	369	LK408_RS02555
NZ_JAJFOJ010000001.1	566437	566634		minus	4Fe-4S dicluster domain-containing protein		88554004	protein-coding		WP_021922423.1	65	LK408_RS20525
NZ_JAJFOJ010000001.1	566638	567609		minus	Coenzyme F420 hydrogenase/dehydrogenase, beta subunit C-terminal domain		75161034	protein-coding		WP_007886791.1	323	LK408_RS02565
NZ_JAJFOJ010000001.1	567606	568718		minus	phosphonopyruvate decarboxylase	aepY	75161035	protein-coding		WP_021922421.1	370	LK408_RS02570
NZ_JAJFOJ010000001.1	568781	570076		minus	phosphoenolpyruvate mutase	aepX	75161036	protein-coding		WP_021922420.1	431	LK408_RS02575
NZ_JAJFOJ010000001.1	570091	571218		minus	2-aminoethylphosphonate aminotransferase		75161037	protein-coding		WP_007886797.1	375	LK408_RS02580
NZ_JAJFOJ010000001.1	571249	571554		minus	hypothetical protein		75161038	protein-coding		WP_007886799.1	101	LK408_RS02585
NZ_JAJFOJ010000001.1	571569	573665		minus	membrane protein insertase YidC	yidC	75161039	protein-coding		WP_227970438.1	698	LK408_RS02590
NZ_JAJFOJ010000001.1	573815	574528		minus	NERD domain-containing protein		75161040	protein-coding		WP_007886803.1	237	LK408_RS02595
NZ_JAJFOJ010000001.1	574734	574868		plus	hypothetical protein		76380049	protein-coding		WP_265336039.1	44	LK408_RS20105
NZ_JAJFOJ010000001.1	574865	575485		minus	hypothetical protein		75161041	protein-coding		WP_007886811.1	206	LK408_RS02600
NZ_JAJFOJ010000001.1	575498	575779		minus	helix-turn-helix domain-containing protein		75161042	protein-coding		WP_007886813.1	93	LK408_RS02605
NZ_JAJFOJ010000001.1	576004	577596		minus	AAA family ATPase		75161043	protein-coding		WP_007886815.1	530	LK408_RS02610
NZ_JAJFOJ010000001.1	577805	578266		minus	amino acid permease		75161044	protein-coding		WP_007886817.1	153	LK408_RS02615
NZ_JAJFOJ010000001.1	578254	578559		minus	APC family permease		75161045	protein-coding		WP_007886819.1	101	LK408_RS02620
NZ_JAJFOJ010000001.1	578647	579540		minus	NTP transferase domain-containing protein		75161046	protein-coding		WP_044927708.1	297	LK408_RS02625
NZ_JAJFOJ010000001.1	579699	580631		minus	hypothetical protein		75161047	protein-coding		WP_044927711.1	310	LK408_RS02630
NZ_JAJFOJ010000001.1	580708	582195		minus	MBOAT family O-acyltransferase		75161048	protein-coding		WP_044927714.1	495	LK408_RS02635
NZ_JAJFOJ010000001.1	582220	583680		minus	sulfatase-like hydrolase/transferase		75161049	protein-coding		WP_044927716.1	486	LK408_RS02640
NZ_JAJFOJ010000001.1	583711	585192		minus	alkaline phosphatase family protein		75161050	protein-coding		WP_007886830.1	493	LK408_RS02645
NZ_JAJFOJ010000001.1	585228	586940		minus	LTA synthase family protein		75161051	protein-coding		WP_055170724.1	570	LK408_RS02650
NZ_JAJFOJ010000001.1	587102	588841		plus	sulfatase-like hydrolase/transferase		75161052	protein-coding		WP_007886832.1	579	LK408_RS02655
NZ_JAJFOJ010000001.1	588863	590356		plus	MBOAT family O-acyltransferase		75161053	protein-coding		WP_007886833.1	497	LK408_RS02660
NZ_JAJFOJ010000001.1	590368	591300		plus	hypothetical protein		75161054	protein-coding		WP_007886834.1	310	LK408_RS02665
NZ_JAJFOJ010000001.1	591332	593056		plus	hypothetical protein		75161055	protein-coding		WP_044927718.1	574	LK408_RS02670
NZ_JAJFOJ010000001.1	593078	594607		plus	glucosyltransferase domain-containing protein		75161056	protein-coding		WP_007886837.1	509	LK408_RS02675
NZ_JAJFOJ010000001.1	594701	595654		minus	glycosyltransferase family 2 protein		75161057	protein-coding		WP_007886839.1	317	LK408_RS02680
NZ_JAJFOJ010000001.1	595840	596994		plus	hypothetical protein		75161058	protein-coding		WP_044927720.1	384	LK408_RS02685
NZ_JAJFOJ010000001.1	597115	597942		minus	LicD family protein		75161059	protein-coding		WP_007886842.1	275	LK408_RS02690
NZ_JAJFOJ010000001.1	597962	598867		minus	glycosyltransferase		75161060	protein-coding		WP_007886843.1	301	LK408_RS02695
NZ_JAJFOJ010000001.1	598864	599820		minus	capsular polysaccharide synthesis protein		75161061	protein-coding		WP_007886844.1	318	LK408_RS02700
NZ_JAJFOJ010000001.1	599916	601028		minus	hypothetical protein		75161062	protein-coding		WP_007886845.1	370	LK408_RS02705
NZ_JAJFOJ010000001.1	601156	601290		minus	hypothetical protein		76380050	protein-coding		WP_265336040.1	44	LK408_RS20110
NZ_JAJFOJ010000001.1	601426	601929		minus	GtrA family protein		75161063	protein-coding		WP_007886847.1	167	LK408_RS02710
NZ_JAJFOJ010000001.1	601972	605085		minus	hypothetical protein		75161064	protein-coding		WP_172727101.1	1037	LK408_RS02715
NZ_JAJFOJ010000001.1	605094	607607		minus	reverse transcriptase domain-containing protein		75161065	protein-coding		WP_007886851.1	837	LK408_RS02720
NZ_JAJFOJ010000001.1	607972	610635		minus	ArnT family glycosyltransferase		75161066	protein-coding		WP_227970439.1	887	LK408_RS02725
NZ_JAJFOJ010000001.1	610632	611930		minus	glycosyltransferase 87 family protein		86263556	protein-coding		WP_227970440.1	432	LK408_RS20250
NZ_JAJFOJ010000001.1	611957	612895		minus	glycosyltransferase family 2 protein		75161068	protein-coding		WP_007886861.1	312	LK408_RS02735
NZ_JAJFOJ010000001.1	612900	613817		minus	NAD-dependent epimerase/dehydratase family protein		75161069	protein-coding		WP_007886862.1	305	LK408_RS02740
NZ_JAJFOJ010000001.1	613839	615659		minus	thiamine pyrophosphate-binding protein		75161070	protein-coding		WP_007886863.1	606	LK408_RS02745
NZ_JAJFOJ010000001.1	615663	616325		minus	HAD hydrolase-like protein		75161071	protein-coding		WP_007886864.1	220	LK408_RS02750
NZ_JAJFOJ010000001.1	616312	617943		minus	aldolase catalytic domain-containing protein		75161072	protein-coding		WP_227970441.1	543	LK408_RS02755
NZ_JAJFOJ010000001.1	617971	619320		minus	lipopolysaccharide biosynthesis protein RfbH	rfbH	75161073	protein-coding		WP_007886877.1	449	LK408_RS02760
NZ_JAJFOJ010000001.1	619344	620423		minus	CDP-glucose 4,6-dehydratase	rfbG	75161074	protein-coding		WP_217284419.1	359	LK408_RS02765
NZ_JAJFOJ010000001.1	620426	621208		minus	glucose-1-phosphate cytidylyltransferase	rfbF	75161075	protein-coding		WP_007886896.1	260	LK408_RS02770
NZ_JAJFOJ010000001.1	621309	622757		minus	flippase		75161076	protein-coding		WP_227970442.1	482	LK408_RS02775
NZ_JAJFOJ010000001.1	622783	623769		minus	glycosyltransferase family 2 protein		75161077	protein-coding		WP_007886900.1	328	LK408_RS02780
NZ_JAJFOJ010000001.1	623742	624383		minus	CatB-related O-acetyltransferase		86263557	protein-coding		WP_007886902.1	213	LK408_RS20255
NZ_JAJFOJ010000001.1	624409	625563		minus	beta 1-4 rhamnosyltransferase Cps2T	cps2T	75161079	protein-coding		WP_227970443.1	384	LK408_RS02790
NZ_JAJFOJ010000001.1	625567	627018		minus	sugar transferase		75161080	protein-coding		WP_227970444.1	483	LK408_RS02795
NZ_JAJFOJ010000001.1	627221	628567		plus	DUF3329 domain-containing protein		75161081	protein-coding		WP_007886911.1	448	LK408_RS02800
NZ_JAJFOJ010000001.1	628638	629198		minus	hypothetical protein		75161082	protein-coding		WP_172727105.1	186	LK408_RS02805
NZ_JAJFOJ010000001.1	629098	629502		minus	AAA family ATPase		75161083	protein-coding		WP_007886914.1	134	LK408_RS02810
NZ_JAJFOJ010000001.1	629507	630481		minus	hypothetical protein		75161084	protein-coding		WP_044927733.1	324	LK408_RS02815
NZ_JAJFOJ010000001.1	630541	632172		minus	glucosyltransferase domain-containing protein		75161085	protein-coding		WP_007886919.1	543	LK408_RS02820
NZ_JAJFOJ010000001.1	632173	633081		minus	NAD-dependent epimerase/dehydratase family protein		75161086	protein-coding		WP_007886921.1	302	LK408_RS02825
NZ_JAJFOJ010000001.1	633089	634540		minus	glucosyltransferase domain-containing protein		75161087	protein-coding		WP_172727106.1	483	LK408_RS02830
NZ_JAJFOJ010000001.1	634627	635064		minus	GtrA family protein		75161088	protein-coding		WP_044927734.1	145	LK408_RS02835
NZ_JAJFOJ010000001.1	635051	636004		minus	glycosyltransferase family 2 protein		75161089	protein-coding		WP_007886928.1	317	LK408_RS02840
NZ_JAJFOJ010000001.1	636072	637328		minus	hypothetical protein		75161090	protein-coding		WP_007886929.1	418	LK408_RS02845
NZ_JAJFOJ010000001.1	637321	638319		minus	DUF6077 domain-containing protein		75161091	protein-coding		WP_007886930.1	332	LK408_RS02850
NZ_JAJFOJ010000001.1	638338	639840		minus	PIG-L family deacetylase		75161092	protein-coding		WP_007886931.1	500	LK408_RS02855
NZ_JAJFOJ010000001.1	639870	640808		minus	WlaTC/HtrL family glycosyltransferase		75161093	protein-coding		WP_007886933.1	312	LK408_RS02860
NZ_JAJFOJ010000001.1	640838	642274		minus	hypothetical protein		75161094	protein-coding		WP_007886934.1	478	LK408_RS02865
NZ_JAJFOJ010000001.1	642363	643274		minus	glycosyltransferase family 2 protein		75161095	protein-coding		WP_007886935.1	303	LK408_RS02870
NZ_JAJFOJ010000001.1	643271	644392		minus	polysaccharide pyruvyl transferase family protein		75161096	protein-coding		WP_007886937.1	373	LK408_RS02875
NZ_JAJFOJ010000001.1	644392	645927		minus	MATE family efflux transporter		75161097	protein-coding		WP_007886939.1	511	LK408_RS02880
NZ_JAJFOJ010000001.1	645905	647101		minus	glycosyltransferase family 4 protein		86263558	protein-coding		WP_227970445.1	398	LK408_RS20260
NZ_JAJFOJ010000001.1	647106	648071		minus	glycosyltransferase family 2 protein		75161099	protein-coding		WP_007886943.1	321	LK408_RS02890
NZ_JAJFOJ010000001.1	648068	649462		minus	DUF6032 family protein		75161100	protein-coding		WP_007886946.1	464	LK408_RS02895
NZ_JAJFOJ010000001.1	649459	650433		minus	glycosyltransferase family 2 protein		75161101	protein-coding		WP_227970446.1	324	LK408_RS02900
NZ_JAJFOJ010000001.1	650430	651557		minus	glycosyltransferase family 1 protein		75161102	protein-coding		WP_007886954.1	375	LK408_RS02905
NZ_JAJFOJ010000001.1	651633	652451		minus	glycosyltransferase		75161103	protein-coding		WP_007886956.1	272	LK408_RS02910
NZ_JAJFOJ010000001.1	652444	653331		minus	NAD-dependent epimerase/dehydratase family protein		75161104	protein-coding		WP_007886960.1	295	LK408_RS02915
NZ_JAJFOJ010000001.1	653380	654006		minus	sugar transferase		75161105	protein-coding		WP_330370438.1	208	LK408_RS02920
NZ_JAJFOJ010000001.1	654035	655924		minus	DUF2142 domain-containing protein		75161106	protein-coding		WP_227970447.1	629	LK408_RS02925
NZ_JAJFOJ010000001.1	656030	657892		minus	polysaccharide biosynthesis protein		75161107	protein-coding		WP_007886969.1	620	LK408_RS02930
NZ_JAJFOJ010000001.1	657917	658423		minus	hypothetical protein		75161108	protein-coding		WP_172727108.1	168	LK408_RS02935
NZ_JAJFOJ010000001.1	658593	659618		minus	DUF6077 domain-containing protein		75161109	protein-coding		WP_007886977.1	341	LK408_RS02940
NZ_JAJFOJ010000001.1	659615	660895		minus	hypothetical protein		75161110	protein-coding		WP_007886979.1	426	LK408_RS02945
NZ_JAJFOJ010000001.1	660910	661818		minus	class I SAM-dependent methyltransferase		75161111	protein-coding		WP_007886980.1	302	LK408_RS02950
NZ_JAJFOJ010000001.1	661857	664871		minus	glycosyltransferase family 2 protein		75161112	protein-coding		WP_227970448.1	1004	LK408_RS02955
NZ_JAJFOJ010000001.1	664940	666205		minus	ABC transporter ATP-binding protein		75161113	protein-coding		WP_007886982.1	421	LK408_RS02960
NZ_JAJFOJ010000001.1	666218	667048		minus	ABC transporter permease		75161114	protein-coding		WP_007886983.1	276	LK408_RS02965
NZ_JAJFOJ010000001.1	667085	667660		minus	dTDP-4-dehydrorhamnose 3,5-epimerase	rfbC	75161115	protein-coding		WP_055169183.1	191	LK408_RS02970
NZ_JAJFOJ010000001.1	667713	668591		minus	glucose-1-phosphate thymidylyltransferase RfbA	rfbA	75161116	protein-coding		WP_007886992.1	292	LK408_RS02975
NZ_JAJFOJ010000001.1	668690	669775		minus	dTDP-glucose 4,6-dehydratase	rfbB	75161117	protein-coding		WP_007886996.1	361	LK408_RS02980
NZ_JAJFOJ010000001.1	669865	670740		minus	dTDP-4-dehydrorhamnose reductase	rfbD	75161118	protein-coding		WP_044927758.1	291	LK408_RS02985
NZ_JAJFOJ010000001.1	670785	672023		minus	lipopolysaccharide biosynthesis protein		75161119	protein-coding		WP_007887000.1	412	LK408_RS02990
NZ_JAJFOJ010000001.1	672024	672368		minus	DUF2304 domain-containing protein		75161120	protein-coding		WP_007887005.1	114	LK408_RS02995
NZ_JAJFOJ010000001.1	672389	673093		minus	glycosyltransferase family 2 protein		75161121	protein-coding		WP_007887010.1	234	LK408_RS03000
NZ_JAJFOJ010000001.1	673090	674268		minus	glycosyltransferase family 4 protein		75161122	protein-coding		WP_007887011.1	392	LK408_RS03005
NZ_JAJFOJ010000001.1	674312	675301		minus	glycosyltransferase family 2 protein		75161123	protein-coding		WP_007887012.1	329	LK408_RS03010
NZ_JAJFOJ010000001.1	675347	675610		minus	HPr family phosphocarrier protein		75161124	protein-coding		WP_007887013.1	87	LK408_RS03015
NZ_JAJFOJ010000001.1	675704	677053		minus	phosphoglucosamine mutase	glmM	75161125	protein-coding		WP_007887014.1	449	LK408_RS03020
NZ_JAJFOJ010000001.1	677191	678531		minus	CdaR family protein		75161126	protein-coding		WP_007887018.1	446	LK408_RS03025
NZ_JAJFOJ010000001.1	678497	679399		minus	diadenylate cyclase CdaA	cdaA	75161127	protein-coding		WP_021923510.1	300	LK408_RS03030
NZ_JAJFOJ010000001.1	679415	680416		minus	hypothetical protein		75161128	protein-coding		WP_007887029.1	333	LK408_RS03035
NZ_JAJFOJ010000001.1	680477	680902		minus	hypothetical protein		75161129	protein-coding		WP_007887031.1	141	LK408_RS03040
NZ_JAJFOJ010000001.1	681156	681563		minus	flagellar protein		75161130	protein-coding		WP_007887033.1	135	LK408_RS03045
NZ_JAJFOJ010000001.1	681576	682286		minus	ComF family protein		75161131	protein-coding		WP_021923513.1	236	LK408_RS03050
NZ_JAJFOJ010000001.1	682530	683573		plus	ABC transporter substrate-binding protein		75161132	protein-coding		WP_021923514.1	347	LK408_RS03055
NZ_JAJFOJ010000001.1	683795	684751		plus	ABC transporter permease		75161133	protein-coding		WP_007887047.1	318	LK408_RS03060
NZ_JAJFOJ010000001.1	684760	685554		plus	ABC transporter ATP-binding protein		75161134	protein-coding		WP_044927762.1	264	LK408_RS03065
NZ_JAJFOJ010000001.1	685919	686050		minus	hypothetical protein		76380053	protein-coding		WP_265336041.1	43	LK408_RS20125
NZ_JAJFOJ010000001.1	686242	686640		minus	transcriptional regulator		75161135	protein-coding		WP_227970449.1	132	LK408_RS03070
NZ_JAJFOJ010000001.1	686675	688111		minus	uncharacterized gene		75161136	pseudogene				LK408_RS03075
NZ_JAJFOJ010000001.1	688412	689395		plus	DUF6017 domain-containing protein		75161137	protein-coding		WP_007037034.1	327	LK408_RS03080
NZ_JAJFOJ010000001.1	689427	689648		plus	DUF5348 domain-containing protein		75161138	protein-coding		WP_002569164.1	73	LK408_RS03085
NZ_JAJFOJ010000001.1	689690	690166		plus	PcfB family protein		75161139	protein-coding		WP_007037035.1	158	LK408_RS03090
NZ_JAJFOJ010000001.1	690163	691971		plus	VirD4-like conjugal transfer protein, CD1115 family		75161140	protein-coding		WP_007037036.1	602	LK408_RS03095
NZ_JAJFOJ010000001.1	691958	692128		plus	hypothetical protein		75161141	protein-coding		WP_002569167.1	56	LK408_RS03100
NZ_JAJFOJ010000001.1	692540	692680		plus	Maff2 family mobile element protein		75161142	protein-coding		WP_002586628.1	46	LK408_RS03105
NZ_JAJFOJ010000001.1	692844	693149		plus	hypothetical protein		75161143	protein-coding		WP_002569240.1	101	LK408_RS03110
NZ_JAJFOJ010000001.1	693264	693752		plus	hypothetical protein		75161144	protein-coding		WP_002569239.1	162	LK408_RS03115
NZ_JAJFOJ010000001.1	693905	694030		minus	hypothetical protein		76380054	protein-coding		WP_007037420.1	41	LK408_RS20130
NZ_JAJFOJ010000001.1	694380	694775		plus	plasmid mobilization protein		75161145	protein-coding		WP_002594236.1	131	LK408_RS03120
NZ_JAJFOJ010000001.1	694747	696372		plus	relaxase/mobilization nuclease domain-containing protein		75161146	protein-coding		WP_002594235.1	541	LK408_RS03125
NZ_JAJFOJ010000001.1	696362	696748		plus	cysteine-rich VLP domain-containing protein		75161147	protein-coding		WP_002594234.1	128	LK408_RS03130
NZ_JAJFOJ010000001.1	696879	697619		plus	replication initiator protein A		75161148	protein-coding		WP_002594233.1	246	LK408_RS03135
NZ_JAJFOJ010000001.1	697616	698470		plus	ATP-binding protein		75161149	protein-coding		WP_002594232.1	284	LK408_RS03140
NZ_JAJFOJ010000001.1	698467	698661		plus	transposon-encoded TnpW family protein		75161150	protein-coding		WP_002594231.1	64	LK408_RS03145
NZ_JAJFOJ010000001.1	698789	700414		plus	recombinase family protein		75161151	protein-coding		WP_002594230.1	541	LK408_RS03150
NZ_JAJFOJ010000001.1	700500	700595		plus	uncharacterized gene		75161152	pseudogene				LK408_RS03155
NZ_JAJFOJ010000001.1	700615	701484		plus	VirB6/TrbL-like conjugal transfer protein, CD1112 family		75161153	protein-coding		WP_002584320.1	289	LK408_RS03160
NZ_JAJFOJ010000001.1	701662	702063		plus	PrgI family protein		75161154	protein-coding		WP_007037042.1	133	LK408_RS03165
NZ_JAJFOJ010000001.1	702014	704452		plus	VirB4-like conjugal transfer ATPase, CD1110 family		75161155	protein-coding		WP_006876011.1	812	LK408_RS03170
NZ_JAJFOJ010000001.1	704449	705408		plus	DNA-methyltransferase		75161156	protein-coding		WP_006876012.1	319	LK408_RS03175
NZ_JAJFOJ010000001.1	705444	707513		plus	C40 family peptidase		75161157	protein-coding		WP_227970451.1	689	LK408_RS03180
NZ_JAJFOJ010000001.1	707552	707830		plus	DUF4315 family protein		75161158	protein-coding		WP_004607957.1	92	LK408_RS03185
NZ_JAJFOJ010000001.1	707823	708533		plus	DUF4366 domain-containing protein		75161159	protein-coding		WP_007884522.1	236	LK408_RS03190
NZ_JAJFOJ010000001.1	708530	708718		plus	hypothetical protein		75161160	protein-coding		WP_004607959.1	62	LK408_RS03195
NZ_JAJFOJ010000001.1	708729	709481		minus	Shedu anti-phage system protein SduA domain-containing protein		75161161	protein-coding		WP_004607960.1	250	LK408_RS03200
NZ_JAJFOJ010000001.1	709712	710362		plus	hypothetical protein		75161162	protein-coding		WP_007888069.1	216	LK408_RS03205
NZ_JAJFOJ010000001.1	710374	710604		minus	hypothetical protein		75161163	protein-coding		WP_007888066.1	76	LK408_RS03210
NZ_JAJFOJ010000001.1	710679	711701		minus	site-specific integrase		75161164	protein-coding		WP_007888063.1	340	LK408_RS03215
NZ_JAJFOJ010000001.1	711691	712680		minus	tyrosine-type recombinase/integrase		75161165	protein-coding		WP_007888061.1	329	LK408_RS03220
NZ_JAJFOJ010000001.1	712677	713891		minus	site-specific integrase		75161166	protein-coding		WP_007888060.1	404	LK408_RS03225
NZ_JAJFOJ010000001.1	714022	716115		plus	DNA topoisomerase 3		75161167	protein-coding		WP_227970452.1	697	LK408_RS03230
NZ_JAJFOJ010000001.1	716355	719681		plus	antirestriction protein ArdA		75161168	protein-coding		WP_006859298.1	1108	LK408_RS03235
NZ_JAJFOJ010000001.1	719685	720638		plus	hypothetical protein		75161169	protein-coding		WP_002585090.1	317	LK408_RS03240
NZ_JAJFOJ010000001.1	720635	720847		plus	transposon-transfer assisting family protein		75161170	protein-coding		WP_004607965.1	70	LK408_RS03245
NZ_JAJFOJ010000001.1	720844	721209		plus	cysteine-rich VLP domain-containing protein		75161171	protein-coding		WP_002585089.1	121	LK408_RS03250
NZ_JAJFOJ010000001.1	721387	721638		minus	helix-turn-helix domain-containing protein		75161172	protein-coding		WP_002585088.1	83	LK408_RS03255
NZ_JAJFOJ010000001.1	721702	723048		minus	relaxase/mobilization nuclease domain-containing protein		75161173	protein-coding		WP_002585087.1	448	LK408_RS03260
NZ_JAJFOJ010000001.1	723009	723338		minus	plasmid mobilization protein		75161174	protein-coding		WP_002585086.1	109	LK408_RS03265
NZ_JAJFOJ010000001.1	723600	723953		minus	helix-turn-helix transcriptional regulator		75161175	protein-coding		WP_004607969.1	117	LK408_RS03270
NZ_JAJFOJ010000001.1	724335	724520		plus	cysteine-rich KTR domain-containing protein		75161176	protein-coding		WP_004607970.1	61	LK408_RS03275
NZ_JAJFOJ010000001.1	724521	725510		plus	23S rRNA (adenine(2503)-C(2))-methyltransferase RlmN	rlmN	75161177	protein-coding		WP_004607971.1	329	LK408_RS03280
NZ_JAJFOJ010000001.1	726047	726478		plus	RNA polymerase sigma factor		75161178	protein-coding		WP_009255547.1	143	LK408_RS03285
NZ_JAJFOJ010000001.1	726459	726719		plus	helix-turn-helix domain-containing protein		75161179	protein-coding		WP_002590583.1	86	LK408_RS03290
NZ_JAJFOJ010000001.1	727194	727361		plus	transposon-encoded TnpW family protein		75161180	protein-coding		WP_022621154.1	55	LK408_RS03295
NZ_JAJFOJ010000001.1	727462	729138		plus	recombinase family protein		75161181	protein-coding		WP_002569190.1	558	LK408_RS03300
NZ_JAJFOJ010000001.1	729202	729345		minus	uncharacterized gene		75161182	pseudogene				LK408_RS03305
NZ_JAJFOJ010000001.1	729492	729686		minus	hypothetical protein		75161183	protein-coding		WP_002334813.1	64	LK408_RS03310
NZ_JAJFOJ010000001.1	729759	730703		minus	MobV family relaxase	mobV	75161184	protein-coding		WP_006426516.1	314	LK408_RS03315
NZ_JAJFOJ010000001.1	730887	731282		minus	replication initiator protein A		75161185	protein-coding		WP_006426515.1	131	LK408_RS03320
NZ_JAJFOJ010000001.1	731394	731807		minus	cysteine-rich VLP domain-containing protein		75161186	protein-coding		WP_015541386.1	137	LK408_RS03325
NZ_JAJFOJ010000001.1	732183	732878		plus	5'-methylthioadenosine/adenosylhomocysteine nucleosidase		75161187	protein-coding		WP_006426512.1	231	LK408_RS03330
NZ_JAJFOJ010000001.1	732921	733721		plus	helix-turn-helix domain-containing protein		75161188	protein-coding		WP_007884180.1	266	LK408_RS03335
NZ_JAJFOJ010000001.1	733758	734273		plus	hypothetical protein		75161189	protein-coding		WP_015541387.1	171	LK408_RS03340
NZ_JAJFOJ010000001.1	734447	735313		plus	aminoglycoside 6-adenylyltransferase	ant(6)	75161190	protein-coding		WP_006426509.1	288	LK408_RS03345
NZ_JAJFOJ010000001.1	735918	736037		minus	uncharacterized gene		75161191	pseudogene				LK408_RS03350
NZ_JAJFOJ010000001.1	736171	737133		minus	alpha/beta hydrolase		75161192	protein-coding		WP_007884191.1	320	LK408_RS03355
NZ_JAJFOJ010000001.1	737666	739873		minus	SF1B family DNA helicase RecD2	recD2	75161193	protein-coding		WP_007887994.1	735	LK408_RS03360
NZ_JAJFOJ010000001.1	740044	740406		minus	hypothetical protein		75161194	protein-coding		WP_007887995.1	120	LK408_RS03365
NZ_JAJFOJ010000001.1	740438	741253		minus	flagellar hook-basal body protein		75161195	protein-coding		WP_007887997.1	271	LK408_RS03370
NZ_JAJFOJ010000001.1	741283	742077		minus	flagellar hook-basal body protein		75161196	protein-coding		WP_021922203.1	264	LK408_RS03375
NZ_JAJFOJ010000001.1	742169	743164		minus	rod shape-determining protein	mreB	75161197	protein-coding		WP_007888000.1	331	LK408_RS03380
NZ_JAJFOJ010000001.1	743677	746517		minus	excinuclease ABC subunit UvrA	uvrA	75161198	protein-coding		WP_227970453.1	946	LK408_RS03385
NZ_JAJFOJ010000001.1	746566	748569		minus	excinuclease ABC subunit UvrB	uvrB	75161199	protein-coding		WP_007888010.1	667	LK408_RS03390
NZ_JAJFOJ010000001.1	748671	749006		minus	hypothetical protein		75161200	protein-coding		WP_007888013.1	111	LK408_RS03395
NZ_JAJFOJ010000001.1	749003	749290		minus	UPF0175 family protein		75161201	protein-coding		WP_007888025.1	95	LK408_RS03400
NZ_JAJFOJ010000001.1	749459	752032		minus	preprotein translocase subunit SecA	secA	75161202	protein-coding		WP_007888033.1	857	LK408_RS03405
NZ_JAJFOJ010000001.1	752396	752938		plus	Uma2 family endonuclease		75161203	protein-coding		WP_044928052.1	180	LK408_RS03410
NZ_JAJFOJ010000001.1	753061	753318		plus	TIGR03905 family TSCPD domain-containing protein		75161204	protein-coding		WP_021922208.1	85	LK408_RS03415
NZ_JAJFOJ010000001.1	753712	754464		minus	SDR family NAD(P)-dependent oxidoreductase		75161205	protein-coding		WP_055039015.1	250	LK408_RS03420
NZ_JAJFOJ010000001.1	754467	755063		minus	TetR/AcrR family transcriptional regulator		75161206	protein-coding		WP_044928053.1	198	LK408_RS03425
NZ_JAJFOJ010000001.1	755734	756321		minus	dipicolinate synthase subunit B		75161207	protein-coding		WP_021923970.1	195	LK408_RS03430
NZ_JAJFOJ010000001.1	756405	757253		minus	dipicolinate synthase subunit DpsA		75161208	protein-coding		WP_007888076.1	282	LK408_RS03435
NZ_JAJFOJ010000001.1	758015	758971		minus	L,D-transpeptidase		75161209	protein-coding		WP_007888095.1	318	LK408_RS03440
NZ_JAJFOJ010000001.1	758977	760296		minus	aspartate kinase		75161210	protein-coding		WP_007888096.1	439	LK408_RS03445
NZ_JAJFOJ010000001.1	760558	761352		minus	LysM peptidoglycan-binding domain-containing protein		75161211	protein-coding		WP_044928066.1	264	LK408_RS03450
NZ_JAJFOJ010000001.1	761425	762963		minus	PepSY domain-containing protein		75161212	protein-coding		WP_021923973.1	512	LK408_RS03455
NZ_JAJFOJ010000001.1	762976	763539		minus	RNA polymerase sigma factor		75161213	protein-coding		WP_007888108.1	187	LK408_RS03460
NZ_JAJFOJ010000001.1	763689	764381		minus	LrgB family protein		75161214	protein-coding		WP_007888111.1	230	LK408_RS03465
NZ_JAJFOJ010000001.1	764386	764745		minus	CidA/LrgA family protein		75161215	protein-coding		WP_007888112.1	119	LK408_RS03470
NZ_JAJFOJ010000001.1	764811	766121		minus	FAD-dependent oxidoreductase		75161216	protein-coding		WP_044928069.1	436	LK408_RS03475
NZ_JAJFOJ010000001.1	766406	767305		plus	DegV family protein		75161217	protein-coding		WP_007888114.1	299	LK408_RS03480
NZ_JAJFOJ010000001.1	767328	770036		minus	DEAD/DEAH box helicase family protein		75161218	protein-coding		WP_007888116.1	902	LK408_RS03485
NZ_JAJFOJ010000001.1	770064	770714		minus	YkgJ family cysteine cluster protein		75161219	protein-coding		WP_007888118.1	216	LK408_RS03490
NZ_JAJFOJ010000001.1	770745	771107		minus	hypothetical protein		75161220	protein-coding		WP_227970454.1	120	LK408_RS03495
NZ_JAJFOJ010000001.1	771326	772111		minus	class I SAM-dependent methyltransferase		75161221	protein-coding		WP_007888131.1	261	LK408_RS03500
NZ_JAJFOJ010000001.1	772515	773888		plus	MATE family efflux transporter		75161222	protein-coding		WP_227970455.1	457	LK408_RS03505
NZ_JAJFOJ010000001.1	774772	775878		plus	TdeIII family type II restriction endonuclease		75161223	protein-coding		WP_007888143.1	368	LK408_RS03510
NZ_JAJFOJ010000001.1	776528	777439		minus	MetQ/NlpA family ABC transporter substrate-binding protein		75161224	protein-coding		WP_007888145.1	303	LK408_RS03515
NZ_JAJFOJ010000001.1	777470	778129		minus	methionine ABC transporter permease		75161225	protein-coding		WP_007888149.1	219	LK408_RS03520
NZ_JAJFOJ010000001.1	778119	779162		minus	methionine ABC transporter ATP-binding protein		75161226	protein-coding		WP_227970456.1	347	LK408_RS03525
NZ_JAJFOJ010000001.1	779263	779460		minus	hypothetical protein		75161227	protein-coding		WP_044928071.1	65	LK408_RS03530
NZ_JAJFOJ010000001.1	779581	780486		minus	LysR family transcriptional regulator		75161228	protein-coding		WP_007888160.1	301	LK408_RS03535
NZ_JAJFOJ010000001.1	780528	780860		minus	cupin domain-containing protein		75161229	protein-coding		WP_007888162.1	110	LK408_RS03540
NZ_JAJFOJ010000001.1	781081	782139		minus	iron-containing alcohol dehydrogenase family protein		75161230	protein-coding		WP_007888166.1	352	LK408_RS03545
NZ_JAJFOJ010000001.1	782171	785521		minus	SbcC/MukB-like Walker B domain-containing protein		75161231	protein-coding		WP_227970571.1	1116	LK408_RS03550
NZ_JAJFOJ010000001.1	785577	786200		minus	DUF4194 domain-containing protein		75161232	protein-coding		WP_044928092.1	207	LK408_RS03555
NZ_JAJFOJ010000001.1	786241	787656		minus	Wadjet anti-phage system protein JetA family protein		75161233	protein-coding		WP_007888176.1	471	LK408_RS03560
NZ_JAJFOJ010000001.1	787843	789237		minus	uracil-xanthine permease family protein		75161234	protein-coding		WP_021922909.1	464	LK408_RS03565
NZ_JAJFOJ010000001.1	789459	790493		minus	U32 family peptidase		75161235	protein-coding		WP_007888180.1	344	LK408_RS03570
NZ_JAJFOJ010000001.1	790497	792083		minus	AAA family ATPase		75161236	protein-coding		WP_007888195.1	528	LK408_RS03575
NZ_JAJFOJ010000001.1	792157	793857		minus	AAA family ATPase		75161237	protein-coding		WP_044928074.1	566	LK408_RS03580
NZ_JAJFOJ010000001.1	793908	795179		minus	PDDEXK-like family protein		75161238	protein-coding		WP_007888197.1	423	LK408_RS03585
NZ_JAJFOJ010000001.1	795260	796660		minus	hypothetical protein		75161239	protein-coding		WP_007888198.1	466	LK408_RS03590
NZ_JAJFOJ010000001.1	796661	798388		minus	proline--tRNA ligase		75161240	protein-coding		WP_007888200.1	575	LK408_RS03595
NZ_JAJFOJ010000001.1	799154	800194		minus	aldose epimerase family protein		75161241	protein-coding		WP_044928077.1	346	LK408_RS03600
NZ_JAJFOJ010000001.1	800311	800739		minus	MarR family winged helix-turn-helix transcriptional regulator		75161242	protein-coding		WP_007888205.1	142	LK408_RS03605
NZ_JAJFOJ010000001.1	800786	801097		minus	thioredoxin	trxA	75161243	protein-coding		WP_007888207.1	103	LK408_RS03610
NZ_JAJFOJ010000001.1	801121	801990		minus	NAD(P)/FAD-dependent oxidoreductase		75161244	protein-coding		WP_227970457.1	289	LK408_RS03615
NZ_JAJFOJ010000001.1	802219	802836		minus	GDSL-type esterase/lipase family protein		75161245	protein-coding		WP_007885213.1	205	LK408_RS03620
NZ_JAJFOJ010000001.1	802965	803498		minus	DUF3877 family protein		75161246	protein-coding		WP_044927462.1	177	LK408_RS03625
NZ_JAJFOJ010000001.1	803557	805653		minus	methyl-accepting chemotaxis protein		75161247	protein-coding		WP_044927460.1	698	LK408_RS03630
NZ_JAJFOJ010000001.1	805697	806506		minus	shikimate kinase		75161248	protein-coding		WP_007885208.1	269	LK408_RS03635
NZ_JAJFOJ010000001.1	806679	807719		minus	TRAP transporter substrate-binding protein		75161249	protein-coding		WP_007885207.1	346	LK408_RS03640
NZ_JAJFOJ010000001.1	807756	809045		minus	TRAP transporter large permease		75161250	protein-coding		WP_007885201.1	429	LK408_RS03645
NZ_JAJFOJ010000001.1	809046	809693		minus	TRAP transporter small permease		75161251	protein-coding		WP_007885199.1	215	LK408_RS03650
NZ_JAJFOJ010000001.1	809882	811186		minus	GntP family permease		75161252	protein-coding		WP_007885197.1	434	LK408_RS03655
NZ_JAJFOJ010000001.1	811192	812172		minus	alpha/beta hydrolase		75161253	protein-coding		WP_118093128.1	326	LK408_RS03660
NZ_JAJFOJ010000001.1	812287	813048		minus	type I 3-dehydroquinate dehydratase	aroD	75161254	protein-coding		WP_007885194.1	253	LK408_RS03665
NZ_JAJFOJ010000001.1	813104	814318		minus	MFS transporter		75161255	protein-coding		WP_007885193.1	404	LK408_RS03670
NZ_JAJFOJ010000001.1	814370	815248		minus	shikimate dehydrogenase		75161256	protein-coding		WP_007885191.1	292	LK408_RS03675
NZ_JAJFOJ010000001.1	815516	816397		plus	LysR family transcriptional regulator		75161257	protein-coding		WP_007885189.1	293	LK408_RS03680
NZ_JAJFOJ010000001.1	816971	817858		minus	LysR family transcriptional regulator		75161258	protein-coding		WP_227970458.1	295	LK408_RS03685
NZ_JAJFOJ010000001.1	817890	819377		minus	hypothetical protein		75161259	protein-coding		WP_007885183.1	495	LK408_RS03690
NZ_JAJFOJ010000001.1	819619	821619		plus	oxidoreductase		75161260	protein-coding		WP_007885180.1	666	LK408_RS03695
NZ_JAJFOJ010000001.1	821654	821833		minus	hypothetical protein		75161261	protein-coding		WP_007885179.1	59	LK408_RS03700
NZ_JAJFOJ010000001.1	821912	822388		plus	hypothetical protein		75161262	protein-coding		WP_007885177.1	158	LK408_RS03705
NZ_JAJFOJ010000001.1	822458	823327		minus	shikimate dehydrogenase	aroE	75161263	protein-coding		WP_021923896.1	289	LK408_RS03710
NZ_JAJFOJ010000001.1	823466	824305		minus	DUF4300 family protein		75161264	protein-coding		WP_044927458.1	279	LK408_RS03715
NZ_JAJFOJ010000001.1	824573	825367		minus	glycyl-radical enzyme activating protein		75161265	protein-coding		WP_044927456.1	264	LK408_RS03720
NZ_JAJFOJ010000001.1	825384	827915		minus	glycyl radical protein		75161266	protein-coding		WP_007885173.1	843	LK408_RS03725
NZ_JAJFOJ010000001.1	827982	828764		minus	DeoR/GlpR family DNA-binding transcription regulator		75161267	protein-coding		WP_007885170.1	260	LK408_RS03730
NZ_JAJFOJ010000001.1	828787	829335		minus	BMC domain-containing protein		75161268	protein-coding		WP_007885169.1	182	LK408_RS03735
NZ_JAJFOJ010000001.1	829363	830688		minus	4Fe-4S dicluster domain-containing protein		75161269	protein-coding		WP_007885168.1	441	LK408_RS03740
NZ_JAJFOJ010000001.1	830691	830960		minus	EutN/CcmL family microcompartment protein		75161270	protein-coding		WP_007885163.1	89	LK408_RS03745
NZ_JAJFOJ010000001.1	831029	831640		minus	phosphate propanoyltransferase		75161271	protein-coding		WP_007885161.1	203	LK408_RS03750
NZ_JAJFOJ010000001.1	831749	832027		minus	BMC domain-containing protein		75161272	protein-coding		WP_007885160.1	92	LK408_RS03755
NZ_JAJFOJ010000001.1	832053	832409		minus	BMC domain-containing protein		75161273	protein-coding		WP_007885158.1	118	LK408_RS03760
NZ_JAJFOJ010000001.1	832470	832751		minus	BMC domain-containing protein		75161274	protein-coding		WP_007885156.1	93	LK408_RS03765
NZ_JAJFOJ010000001.1	832803	833141		minus	BMC domain-containing protein		75161275	protein-coding		WP_007885154.1	112	LK408_RS03770
NZ_JAJFOJ010000001.1	833163	834374		minus	zinc-binding dehydrogenase		75161276	protein-coding		WP_007885153.1	403	LK408_RS03775
NZ_JAJFOJ010000001.1	834393	835784		minus	aldehyde dehydrogenase EutE		75161277	protein-coding		WP_118109132.1	463	LK408_RS03780
NZ_JAJFOJ010000001.1	835775	836254		minus	GlcG/HbpS family heme-binding protein		75161278	protein-coding		WP_007885150.1	159	LK408_RS03785
NZ_JAJFOJ010000001.1	836256	837053		minus	class II aldolase/adducin family protein		75161279	protein-coding		WP_118109134.1	265	LK408_RS03790
NZ_JAJFOJ010000001.1	837124	837585		minus	EutP/PduV family microcompartment system protein		75161280	protein-coding		WP_007885147.1	153	LK408_RS03795
NZ_JAJFOJ010000001.1	837595	837948		minus	BMC domain-containing protein		75161281	protein-coding		WP_007885146.1	117	LK408_RS03800
NZ_JAJFOJ010000001.1	838315	839064		plus	PHP domain-containing protein		75161282	protein-coding		WP_044927468.1	249	LK408_RS03805
NZ_JAJFOJ010000001.1	839192	839449		minus	hypothetical protein		75161283	protein-coding		WP_007885140.1	85	LK408_RS03810
NZ_JAJFOJ010000001.1	839436	840230		minus	ParA family protein		75161284	protein-coding		WP_007885138.1	264	LK408_RS03815
NZ_JAJFOJ010000001.1	840274	841668		minus	rhamnulokinase		75161285	protein-coding		WP_227970459.1	464	LK408_RS03820
NZ_JAJFOJ010000001.1	841683	842117		minus	hypothetical protein		75161286	protein-coding		WP_118202967.1	144	LK408_RS03825
NZ_JAJFOJ010000001.1	842206	842646		minus	RbsD/FucU family protein		75161287	protein-coding		WP_044927451.1	146	LK408_RS03830
NZ_JAJFOJ010000001.1	842870	844027		minus	substrate-binding domain-containing protein		75161288	protein-coding		WP_007885128.1	385	LK408_RS03835
NZ_JAJFOJ010000001.1	844095	845063		minus	ABC transporter permease		75161289	protein-coding		WP_227970460.1	322	LK408_RS03840
NZ_JAJFOJ010000001.1	845077	846573		minus	sugar ABC transporter ATP-binding protein		75161290	protein-coding		WP_118109140.1	498	LK408_RS03845
NZ_JAJFOJ010000001.1	846605	847579		minus	ABC transporter permease		75161291	protein-coding		WP_007885123.1	324	LK408_RS03850
NZ_JAJFOJ010000001.1	847845	848357		plus	hypothetical protein		75161292	protein-coding		WP_007885120.1	170	LK408_RS03855
NZ_JAJFOJ010000001.1	848474	850273		minus	L-fucose isomerase		75161293	protein-coding		WP_007885118.1	599	LK408_RS03860
NZ_JAJFOJ010000001.1	850413	851264		plus	AraC family transcriptional regulator		75161294	protein-coding		WP_044927450.1	283	LK408_RS03865
NZ_JAJFOJ010000001.1	851261	852457		minus	MDR/zinc-dependent alcohol dehydrogenase-like family protein		75161295	protein-coding		WP_007885115.1	398	LK408_RS03870
NZ_JAJFOJ010000001.1	852473	853351		minus	amidohydrolase family protein		75161296	protein-coding		WP_044927449.1	292	LK408_RS03875
NZ_JAJFOJ010000001.1	853572	854432		plus	helix-turn-helix domain-containing protein		75161297	protein-coding		WP_007885110.1	286	LK408_RS03880
NZ_JAJFOJ010000001.1	854500	854853		minus	arsenate reductase family protein		75161298	protein-coding		WP_044927467.1	117	LK408_RS03885
NZ_JAJFOJ010000001.1	854888	855298		minus	peptide deformylase		75161299	protein-coding		WP_007885107.1	136	LK408_RS03890
NZ_JAJFOJ010000001.1	855321	856067		minus	nucleoside phosphorylase		75161300	protein-coding		WP_044927448.1	248	LK408_RS03895
NZ_JAJFOJ010000001.1	856435	857457		minus	virulence RhuM family protein		75161301	protein-coding		WP_044927445.1	340	LK408_RS03900
NZ_JAJFOJ010000001.1	857535	858509		minus	helicase-related protein		75161302	protein-coding		WP_227970461.1	324	LK408_RS03905
NZ_JAJFOJ010000001.1	858506	858775		minus	hypothetical protein		75161303	protein-coding		WP_007885102.1	89	LK408_RS03910
NZ_JAJFOJ010000001.1	858796	859044		minus	hypothetical protein		75161304	protein-coding		WP_321576002.1	82	LK408_RS03915
NZ_JAJFOJ010000001.1	859065	859313		minus	HD domain-containing protein		75161305	protein-coding		WP_007885099.1	82	LK408_RS03920
NZ_JAJFOJ010000001.1	859333	863079		minus	nSTAND3 domain-containing NTPase		75161306	protein-coding		WP_227970462.1	1248	LK408_RS03925
NZ_JAJFOJ010000001.1	863158	863709		minus	hypothetical protein		75161307	protein-coding		WP_172727067.1	183	LK408_RS03930
NZ_JAJFOJ010000001.1	864433	866502		minus	SIR2 family protein		75161308	protein-coding		WP_007885094.1	689	LK408_RS03935
NZ_JAJFOJ010000001.1	866574	866816		minus	hypothetical protein		75161309	protein-coding		WP_227970463.1	80	LK408_RS03940
NZ_JAJFOJ010000001.1	867001	867270		minus	DUF6061 family protein		75161310	protein-coding		WP_007885085.1	89	LK408_RS03945
NZ_JAJFOJ010000001.1	867292	868911		minus	plasmid recombination protein		75161311	protein-coding		WP_007885081.1	539	LK408_RS03950
NZ_JAJFOJ010000001.1	869180	869488		minus	hypothetical protein		75161312	protein-coding		WP_007885079.1	102	LK408_RS03955
NZ_JAJFOJ010000001.1	869537	870517		minus	uncharacterized gene		75161313	pseudogene				LK408_RS03960
NZ_JAJFOJ010000001.1	870625	871014		minus	plasmid mobilization protein		75161314	protein-coding		WP_007885068.1	129	LK408_RS03965
NZ_JAJFOJ010000001.1	871188	872645		plus	DDE-type integrase/transposase/recombinase		75161315	protein-coding		WP_227970417.1	485	LK408_RS03970
NZ_JAJFOJ010000001.1	873061	873600		plus	helix-turn-helix domain-containing protein		75161316	protein-coding		WP_007882253.1	179	LK408_RS03975
NZ_JAJFOJ010000001.1	874013	875059		minus	HAD-IA family hydrolase		75161317	protein-coding		WP_007882254.1	348	LK408_RS03980
NZ_JAJFOJ010000001.1	875081	875857		minus	Cof-type HAD-IIB family hydrolase		75161318	protein-coding		WP_007882255.1	258	LK408_RS03985
NZ_JAJFOJ010000001.1	875997	877583		minus	glutamine-hydrolyzing GMP synthase	guaA	75161319	protein-coding		WP_044926752.1	528	LK408_RS03990
NZ_JAJFOJ010000001.1	877774	878283		minus	GNAT family N-acetyltransferase		75161320	protein-coding		WP_044926738.1	169	LK408_RS03995
NZ_JAJFOJ010000001.1	878592	879212		plus	putative ABC transporter permease		75161321	protein-coding		WP_227970464.1	206	LK408_RS04000
NZ_JAJFOJ010000001.1	879216	879731		minus	DUF2798 domain-containing protein		75161322	protein-coding		WP_044926739.1	171	LK408_RS04005
NZ_JAJFOJ010000001.1	879932	880732		minus	hydroxyethylthiazole kinase	thiM	75161323	protein-coding		WP_007882269.1	266	LK408_RS04010
NZ_JAJFOJ010000001.1	880858	881754		minus	AraC family transcriptional regulator		75161324	protein-coding		WP_007882270.1	298	LK408_RS04015
NZ_JAJFOJ010000001.1	881875	883059		plus	MFS transporter		75161325	protein-coding		WP_007882271.1	394	LK408_RS04020
NZ_JAJFOJ010000001.1	883169	883681		minus	energy coupling factor transporter S component ThiW	thiW	75161326	protein-coding		WP_021923580.1	170	LK408_RS04025
NZ_JAJFOJ010000001.1	883692	884876		minus	putative hydroxymethylpyrimidine transporter CytX	cytX	75161327	protein-coding		WP_007882274.1	394	LK408_RS04030
NZ_JAJFOJ010000001.1	884873	885673		minus	bifunctional hydroxymethylpyrimidine kinase/phosphomethylpyrimidine kinase	thiD	75161328	protein-coding		WP_007882275.1	266	LK408_RS04035
NZ_JAJFOJ010000001.1	885794	886429		minus	thiamine phosphate synthase	thiE	75161329	protein-coding		WP_044926744.1	211	LK408_RS04040
NZ_JAJFOJ010000001.1	886850	887563		minus	hypothetical protein		75161330	protein-coding		WP_227970465.1	237	LK408_RS04045
NZ_JAJFOJ010000001.1	887775	889232		plus	DDE-type integrase/transposase/recombinase		75161331	protein-coding		WP_227970466.1	485	LK408_RS04050
NZ_JAJFOJ010000001.1	889504	890124		minus	ATP-binding protein		75161332	protein-coding		WP_007886028.1	206	LK408_RS04055
NZ_JAJFOJ010000001.1	891180	892400		plus	MFS transporter		75161333	protein-coding		WP_002584949.1	406	LK408_RS04060
NZ_JAJFOJ010000001.1	892481	893281		minus	helix-turn-helix domain-containing protein		75161334	protein-coding		WP_002575858.1	266	LK408_RS04065
NZ_JAJFOJ010000001.1	893360	893623		minus	hypothetical protein		75161335	protein-coding		WP_002575859.1	87	LK408_RS04070
NZ_JAJFOJ010000001.1	893852	894265		plus	cysteine-rich VLP domain-containing protein		75161336	protein-coding		WP_002575860.1	137	LK408_RS04075
NZ_JAJFOJ010000001.1	894377	894772		plus	replication initiator protein A		75161337	protein-coding		WP_002575861.1	131	LK408_RS04080
NZ_JAJFOJ010000001.1	894946	895890		plus	MobV family relaxase	mobV	75161338	protein-coding		WP_002575862.1	314	LK408_RS04085
NZ_JAJFOJ010000001.1	895931	896086		plus	hypothetical protein		75161339	protein-coding		WP_002575863.1	51	LK408_RS04090
NZ_JAJFOJ010000001.1	896181	897692		plus	recombinase family protein		75161340	protein-coding		WP_002575864.1	503	LK408_RS04095
NZ_JAJFOJ010000001.1	897719	898567		minus	AlbA family DNA-binding domain-containing protein		75161341	protein-coding		WP_007886039.1	282	LK408_RS04100
NZ_JAJFOJ010000001.1	899003	899257		minus	sporulation transcriptional regulator SpoIIID	spoIIID	75161342	protein-coding		WP_007886040.1	84	LK408_RS04105
NZ_JAJFOJ010000001.1	899328	900929		minus	GGDEF domain-containing protein		75161343	protein-coding		WP_007886041.1	533	LK408_RS04110
NZ_JAJFOJ010000001.1	900977	901579		minus	hypothetical protein		75161344	protein-coding		WP_007886042.1	200	LK408_RS04115
NZ_JAJFOJ010000001.1	901642	902073		minus	hypothetical protein		75161345	protein-coding		WP_007886043.1	143	LK408_RS04120
NZ_JAJFOJ010000001.1	902181	903299		plus	MGDG synthase family glycosyltransferase		75161346	protein-coding		WP_007886044.1	372	LK408_RS04125
NZ_JAJFOJ010000001.1	903312	903917		plus	glycerol-3-phosphate acyltransferase		75161347	protein-coding		WP_007886045.1	201	LK408_RS04130
NZ_JAJFOJ010000001.1	903959	904834		minus	methionyl aminopeptidase		75161348	protein-coding		WP_007886046.1	291	LK408_RS04135
NZ_JAJFOJ010000001.1	904856	905509		minus	hypothetical protein		75161349	protein-coding		WP_007886049.1	217	LK408_RS04140
NZ_JAJFOJ010000001.1	905538	905975		minus	GatB/YqeY domain-containing protein		75161350	protein-coding		WP_007886050.1	145	LK408_RS04145
NZ_JAJFOJ010000001.1	906119	907372		minus	C40 family peptidase		75161351	protein-coding		WP_007886051.1	417	LK408_RS04150
NZ_JAJFOJ010000001.1	907800	910109		minus	ABC transporter permease		75161352	protein-coding		WP_007886052.1	769	LK408_RS04155
NZ_JAJFOJ010000001.1	910113	911480		minus	hypothetical protein		75161353	protein-coding		WP_007886053.1	455	LK408_RS04160
NZ_JAJFOJ010000001.1	911532	912191		minus	heme ABC exporter ATP-binding protein CcmA	ccmA	75161354	protein-coding		WP_021923076.1	219	LK408_RS04165
NZ_JAJFOJ010000001.1	912255	913886		minus	DUF3794 and LysM peptidoglycan-binding domain-containing protein		75161355	protein-coding		WP_007886055.1	543	LK408_RS04170
NZ_JAJFOJ010000001.1	913995	914237		minus	Veg family protein		75161356	protein-coding		WP_007886057.1	80	LK408_RS04175
NZ_JAJFOJ010000001.1	914370	914918		minus	protease complex subunit PrcB family protein		75161357	protein-coding		WP_007886061.1	182	LK408_RS04180
NZ_JAJFOJ010000001.1	915235	915969		plus	lysophospholipid acyltransferase family protein		75161358	protein-coding		WP_007886062.1	244	LK408_RS04185
NZ_JAJFOJ010000001.1	916071	917501		minus	UDP-N-acetylmuramoyl-tripeptide--D-alanyl-D-alanine ligase		75161359	protein-coding		WP_007886064.1	476	LK408_RS04190
NZ_JAJFOJ010000001.1	917573	918628		minus	D-alanine--D-alanine ligase family protein		75161360	protein-coding		WP_007886066.1	351	LK408_RS04195
NZ_JAJFOJ010000001.1	918938	919267		minus	hypothetical protein		75161361	protein-coding		WP_156333793.1	109	LK408_RS04200
NZ_JAJFOJ010000001.1	919406	919936		minus	ribosome hibernation-promoting factor, HPF/YfiA family	hpf	75161362	protein-coding		WP_007886071.1	176	LK408_RS04205
NZ_JAJFOJ010000001.1	920134	921876		minus	GNAT family N-acetyltransferase		75161363	protein-coding		WP_007886073.1	580	LK408_RS04210
NZ_JAJFOJ010000001.1	922092	922328		minus	hypothetical protein		75161364	protein-coding		WP_007886075.1	78	LK408_RS04215
NZ_JAJFOJ010000001.1	922447	923241		minus	pyruvate formate-lyase-activating protein	pflA	75161365	protein-coding		WP_118587752.1	264	LK408_RS04220
NZ_JAJFOJ010000001.1	923304	925532		minus	formate C-acetyltransferase	pflB	75161366	protein-coding		WP_044927557.1	742	LK408_RS04225
NZ_JAJFOJ010000001.1	926270	927012		plus	uncharacterized gene		75161367	pseudogene				LK408_RS04230
NZ_JAJFOJ010000001.1	927009	927455		plus	metallophosphoesterase family protein		75161368	protein-coding		WP_007886085.1	148	LK408_RS04235
NZ_JAJFOJ010000001.1	927725	928687		plus	RpnC/YadD family protein		75161369	protein-coding		WP_007886086.1	320	LK408_RS04240
NZ_JAJFOJ010000001.1	929044	930234		plus	IS4 family transposase		75161370	protein-coding		WP_227970573.1	396	LK408_RS04245
NZ_JAJFOJ010000001.1	930434	931834		minus	flagellin N-terminal helical domain-containing protein		75161371	protein-coding		WP_007886088.1	466	LK408_RS04250
NZ_JAJFOJ010000001.1	931975	932259		minus	carbon storage regulator		75161372	protein-coding		WP_044927561.1	94	LK408_RS04255
NZ_JAJFOJ010000001.1	932720	933298		plus	tyrosine-type recombinase/integrase		75161373	protein-coding		WP_007882321.1	192	LK408_RS04260
NZ_JAJFOJ010000001.1	933293	934273		minus	tRNA dihydrouridine synthase		75161374	protein-coding		WP_007882316.1	326	LK408_RS04265
NZ_JAJFOJ010000001.1	934289	935689		minus	DUF5808 domain-containing protein		75161375	protein-coding		WP_007882314.1	466	LK408_RS04270
NZ_JAJFOJ010000001.1	935758	936120		minus	GntR family transcriptional regulator		75161376	protein-coding		WP_044926762.1	120	LK408_RS04275
NZ_JAJFOJ010000001.1	936659	937372		minus	5'/3'-nucleotidase SurE	surE	75161377	protein-coding		WP_044926765.1	237	LK408_RS04280
NZ_JAJFOJ010000001.1	937634	937703		minus	tRNA-Cys		75161378	tRNA				LK408_RS04285
NZ_JAJFOJ010000001.1	937854	938789		minus	cysteine synthase A	cysK	75161379	protein-coding		WP_007882287.1	311	LK408_RS04290
NZ_JAJFOJ010000001.1	939315	940517		minus	MalY/PatB family protein		75161380	protein-coding		WP_227970467.1	400	LK408_RS04295
NZ_JAJFOJ010000001.1	941198	942922		plus	exonuclease domain-containing protein		75161381	protein-coding		WP_007882201.1	574	LK408_RS04300
NZ_JAJFOJ010000001.1	943530	944747		minus	IS256 family transposase		75161382	protein-coding		WP_118112239.1	405	LK408_RS04305
NZ_JAJFOJ010000001.1	945001	946818		minus	ABC-F family ATP-binding cassette domain-containing protein		75161383	protein-coding		WP_007890385.1	605	LK408_RS04310
NZ_JAJFOJ010000001.1	946940	947194		minus	heavy-metal-associated domain-containing protein		75161384	protein-coding		WP_055168154.1	84	LK408_RS04315
NZ_JAJFOJ010000001.1	947714	948925		minus	tyrosine-type recombinase/integrase		75161385	protein-coding		WP_035393358.1	403	LK408_RS04320
NZ_JAJFOJ010000001.1	949073	950281		minus	tyrosine-type recombinase/integrase		75161386	protein-coding		WP_007890382.1	402	LK408_RS04325
NZ_JAJFOJ010000001.1	950353	950583		minus	MerR family transcriptional regulator		75161387	protein-coding		WP_002576363.1	76	LK408_RS04330
NZ_JAJFOJ010000001.1	950576	950998		minus	type II toxin-antitoxin system PemK/MazF family toxin		75161388	protein-coding		WP_002576364.1	140	LK408_RS04335
NZ_JAJFOJ010000001.1	951051	951332		minus	hypothetical protein		75161389	protein-coding		WP_007890380.1	93	LK408_RS04340
NZ_JAJFOJ010000001.1	951560	952069		minus	hypothetical protein		75161390	protein-coding		WP_005929767.1	169	LK408_RS04345
NZ_JAJFOJ010000001.1	952059	953162		minus	AAA family ATPase		75161391	protein-coding		WP_005929771.1	367	LK408_RS04350
NZ_JAJFOJ010000001.1	953322	954473		minus	AAA family ATPase		75161392	protein-coding		WP_005929775.1	383	LK408_RS04355
NZ_JAJFOJ010000001.1	954619	954822		plus	uncharacterized gene		88554005	pseudogene				LK408_RS20530
NZ_JAJFOJ010000001.1	955079	955369		minus	helix-turn-helix domain-containing protein		75161394	protein-coding		WP_005929781.1	96	LK408_RS04365
NZ_JAJFOJ010000001.1	955588	955848		minus	hypothetical protein		75161395	protein-coding		WP_005929785.1	86	LK408_RS04370
NZ_JAJFOJ010000001.1	955845	956576		minus	ImmA/IrrE family metallo-endopeptidase		75161396	protein-coding		WP_005929788.1	243	LK408_RS04375
NZ_JAJFOJ010000001.1	956573	956833		minus	hypothetical protein		75161397	protein-coding		WP_002576370.1	86	LK408_RS04380
NZ_JAJFOJ010000001.1	956915	958150		minus	DNA polymerase Y family protein		75161398	protein-coding		WP_005929791.1	411	LK408_RS04385
NZ_JAJFOJ010000001.1	958352	958768		plus	helix-turn-helix domain-containing protein		75161399	protein-coding		WP_002576372.1	138	LK408_RS04390
NZ_JAJFOJ010000001.1	958814	959326		plus	ImmA/IrrE family metallo-endopeptidase		75161400	protein-coding		WP_005929797.1	170	LK408_RS04395
NZ_JAJFOJ010000001.1	959482	960471		minus	choloylglycine hydrolase	bsh	75161401	protein-coding		WP_007890377.1	329	LK408_RS04400
NZ_JAJFOJ010000001.1	960493	960684		minus	phospholipase D-like domain-containing protein		75161402	protein-coding		WP_005929803.1	63	LK408_RS04405
NZ_JAJFOJ010000001.1	960830	961147		minus	transposase		75161403	protein-coding		WP_005929809.1	105	LK408_RS04410
NZ_JAJFOJ010000001.1	961391	962263		minus	DegV family protein		75161404	protein-coding		WP_005929812.1	290	LK408_RS04415
NZ_JAJFOJ010000001.1	962344	963561		minus	AI-2E family transporter		75161405	protein-coding		WP_242651533.1	405	LK408_RS04420
NZ_JAJFOJ010000001.1	963561	964181		minus	uncharacterized gene		75161406	pseudogene				LK408_RS04425
NZ_JAJFOJ010000001.1	964194	964765		minus	uncharacterized gene		75161407	pseudogene				LK408_RS04430
NZ_JAJFOJ010000001.1	964755	965819		minus	FUSC family protein		75161408	protein-coding		WP_005946426.1	354	LK408_RS04435
NZ_JAJFOJ010000001.1	965853	966896		minus	HAMP domain-containing sensor histidine kinase		75161409	protein-coding		WP_005929825.1	347	LK408_RS04440
NZ_JAJFOJ010000001.1	966896	967606		minus	response regulator transcription factor		75161410	protein-coding		WP_005929827.1	236	LK408_RS04445
NZ_JAJFOJ010000001.1	967585	969018		minus	phospholipase D family protein		75161411	protein-coding		WP_005929829.1	477	LK408_RS04450
NZ_JAJFOJ010000001.1	969217	970776		minus	cardiolipin synthase	cls	75161412	protein-coding		WP_008396523.1	519	LK408_RS04455
NZ_JAJFOJ010000001.1	970813	971493		minus	GTP pyrophosphokinase		75161413	protein-coding		WP_005929834.1	226	LK408_RS04460
NZ_JAJFOJ010000001.1	971552	973672		minus	protease Lon-related BREX system protein BrxL	brxL	75161414	protein-coding		WP_005929838.1	706	LK408_RS04465
NZ_JAJFOJ010000001.1	973696	976218		minus	BREX-1 system phosphatase PglZ type A	pglZ	75161415	protein-coding		WP_005929841.1	840	LK408_RS04470
NZ_JAJFOJ010000001.1	976206	976577		minus	chalcone synthase		75161416	protein-coding		WP_227192419.1	123	LK408_RS04475
NZ_JAJFOJ010000001.1	976604	980230		minus	BREX-1 system adenine-specific DNA-methyltransferase PglX	pglX	75161417	protein-coding		WP_007882137.1	1208	LK408_RS04480
NZ_JAJFOJ010000001.1	980251	983904		minus	BREX system P-loop protein BrxC	brxC	75161418	protein-coding		WP_099045440.1	1217	LK408_RS04485
NZ_JAJFOJ010000001.1	983923	984498		minus	DUF1788 domain-containing protein		75161419	protein-coding		WP_005929853.1	191	LK408_RS04490
NZ_JAJFOJ010000001.1	984500	985108		minus	DUF1819 family protein		75161420	protein-coding		WP_007882141.1	202	LK408_RS04495
NZ_JAJFOJ010000001.1	985089	985316		minus	helix-turn-helix domain-containing protein		75161421	protein-coding		WP_005929859.1	75	LK408_RS04500
NZ_JAJFOJ010000001.1	985640	987106		minus	relaxase/mobilization nuclease domain-containing protein		75161422	protein-coding		WP_173016303.1	488	LK408_RS04505
NZ_JAJFOJ010000001.1	987167	987436		minus	hypothetical protein		75161423	protein-coding		WP_005929869.1	89	LK408_RS04510
NZ_JAJFOJ010000001.1	987453	987758		minus	hypothetical protein		75161424	protein-coding		WP_005929872.1	101	LK408_RS04515
NZ_JAJFOJ010000001.1	987913	988245		minus	plasmid mobilization protein		75161425	protein-coding		WP_002576391.1	110	LK408_RS04520
NZ_JAJFOJ010000001.1	988242	994475		minus	SNF2-related protein		75161426	protein-coding		WP_227970574.1	2077	LK408_RS04525
NZ_JAJFOJ010000001.1	994481	995218		minus	TnpV protein		305206384	protein-coding		WP_330370210.1	245	LK408_RS20760
NZ_JAJFOJ010000001.1	995628	995834		minus	transposon-transfer assisting family protein		75161428	protein-coding		WP_005929883.1	68	LK408_RS04535
NZ_JAJFOJ010000001.1	995835	996428		minus	YodL domain-containing protein		75161429	protein-coding		WP_005929886.1	197	LK408_RS04540
NZ_JAJFOJ010000001.1	996415	996723		minus	hypothetical protein		75161430	protein-coding		WP_005929890.1	102	LK408_RS04545
NZ_JAJFOJ010000001.1	996720	997607		minus	LPD16 domain-containing protein		75161431	protein-coding		WP_005929893.1	295	LK408_RS04550
NZ_JAJFOJ010000001.1	997604	999682		minus	DNA topoisomerase 3		75161432	protein-coding		WP_035393366.1	692	LK408_RS04555
NZ_JAJFOJ010000001.1	999924	1001327		plus	IS1182 family transposase		75161433	protein-coding		WP_007882151.1	467	LK408_RS04560
NZ_JAJFOJ010000001.1	1001637	1003133		minus	glycosyltransferase		75161434	protein-coding		WP_242410986.1	498	LK408_RS04565
NZ_JAJFOJ010000001.1	1003661	1004824		minus	CD1107 family mobile element protein		75161435	protein-coding		WP_005929902.1	387	LK408_RS04570
NZ_JAJFOJ010000001.1	1004821	1005072		minus	DUF4315 family protein		75161436	protein-coding		WP_005929904.1	83	LK408_RS04575
NZ_JAJFOJ010000001.1	1005108	1006877		minus	CD1108 family mobile element protein		75161437	protein-coding		WP_005929907.1	589	LK408_RS04580
NZ_JAJFOJ010000001.1	1006881	1009268		minus	VirB4-like conjugal transfer ATPase, CD1110 family		75161438	protein-coding		WP_005929911.1	795	LK408_RS04585
NZ_JAJFOJ010000001.1	1009288	1009680		minus	PrgI family protein		75161439	protein-coding		WP_002576402.1	130	LK408_RS04590
NZ_JAJFOJ010000001.1	1009698	1010564		minus	VirB6/TrbL-like conjugal transfer protein, CD1112 family		75161440	protein-coding		WP_005929916.1	288	LK408_RS04595
NZ_JAJFOJ010000001.1	1010871	1011086		minus	Maff2 family mobile element protein		75161441	protein-coding		WP_002576404.1	71	LK408_RS04600
NZ_JAJFOJ010000001.1	1011295	1013052		minus	VirD4-like conjugal transfer protein, CD1115 family		75161442	protein-coding		WP_005929977.1	585	LK408_RS04605
NZ_JAJFOJ010000001.1	1013049	1013531		minus	PcfB family protein		75161443	protein-coding		WP_005929980.1	160	LK408_RS04610
NZ_JAJFOJ010000001.1	1013550	1014185		minus	DUF3846 domain-containing protein		75161444	protein-coding		WP_002576407.1	211	LK408_RS04615
NZ_JAJFOJ010000001.1	1014196	1014702		minus	hypothetical protein		75161445	protein-coding		WP_005929984.1	168	LK408_RS04620
NZ_JAJFOJ010000001.1	1014716	1015624		minus	ParB/RepB/Spo0J family partition protein		75161446	protein-coding		WP_005929988.1	302	LK408_RS04625
NZ_JAJFOJ010000001.1	1015700	1016545		minus	ATP-binding protein		75161447	protein-coding		WP_005929990.1	281	LK408_RS04630
NZ_JAJFOJ010000001.1	1016542	1017216		minus	helix-turn-helix domain-containing protein		75161448	protein-coding		WP_005929992.1	224	LK408_RS04635
NZ_JAJFOJ010000001.1	1017197	1017364		minus	hypothetical protein		75161449	protein-coding		WP_002576412.1	55	LK408_RS04640
NZ_JAJFOJ010000001.1	1017361	1018191		minus	phage antirepressor Ant		75161450	protein-coding		WP_002576413.1	276	LK408_RS04645
NZ_JAJFOJ010000001.1	1018549	1018776		minus	hypothetical protein		75161451	protein-coding		WP_227970468.1	75	LK408_RS04650
NZ_JAJFOJ010000001.1	1018773	1019984		minus	tyrosine-type recombinase/integrase		75161452	protein-coding		WP_007882176.1	403	LK408_RS04655
NZ_JAJFOJ010000001.1	1020132	1021349		minus	tyrosine-type recombinase/integrase		75161453	protein-coding		WP_044926716.1	405	LK408_RS04660
NZ_JAJFOJ010000001.1	1021437	1021664		minus	helix-turn-helix domain-containing protein		75161454	protein-coding		WP_007882178.1	75	LK408_RS04665
NZ_JAJFOJ010000001.1	1022216	1022629		minus	sigma-70 family RNA polymerase sigma factor		75161455	protein-coding		WP_015516006.1	137	LK408_RS04670
NZ_JAJFOJ010000001.1	1023213	1025723		minus	ABC transporter permease		75161456	protein-coding		WP_007882181.1	836	LK408_RS04675
NZ_JAJFOJ010000001.1	1025739	1026404		minus	ABC transporter ATP-binding protein		75161457	protein-coding		WP_005335790.1	221	LK408_RS04680
NZ_JAJFOJ010000001.1	1026546	1027577		minus	sensor histidine kinase		75161458	protein-coding		WP_007882187.1	343	LK408_RS04685
NZ_JAJFOJ010000001.1	1027574	1028257		minus	response regulator transcription factor		75161459	protein-coding		WP_009322000.1	227	LK408_RS04690
NZ_JAJFOJ010000001.1	1028308	1028487		minus	hypothetical protein		75161460	protein-coding		WP_005335797.1	59	LK408_RS04695
NZ_JAJFOJ010000001.1	1028650	1029006		plus	helix-turn-helix domain-containing protein		75161461	protein-coding		WP_005335798.1	118	LK408_RS04700
NZ_JAJFOJ010000001.1	1029229	1030641		minus	relaxase/mobilization nuclease domain-containing protein		75161462	protein-coding		WP_015516005.1	470	LK408_RS04705
NZ_JAJFOJ010000001.1	1030768	1032180		plus	ATP-binding protein		75161463	protein-coding		WP_005335801.1	470	LK408_RS04710
NZ_JAJFOJ010000001.1	1032255	1032554		minus	CD1845 family protein		75161464	protein-coding		WP_007886655.1	99	LK408_RS04715
NZ_JAJFOJ010000001.1	1032551	1032853		minus	hypothetical protein		75161465	protein-coding		WP_007886654.1	100	LK408_RS04720
NZ_JAJFOJ010000001.1	1033005	1033343		minus	plasmid mobilization protein		75161466	protein-coding		WP_003526263.1	112	LK408_RS04725
NZ_JAJFOJ010000001.1	1033346	1034164		minus	DUF3849 domain-containing protein		75161467	protein-coding		WP_007886651.1	272	LK408_RS04730
NZ_JAJFOJ010000001.1	1034166	1041281		minus	SNF2-related protein		75161468	protein-coding		WP_331475940.1	2371	LK408_RS04735
NZ_JAJFOJ010000001.1	1041827	1042171		minus	TnpV protein		75161469	protein-coding		WP_438942529.1	114	LK408_RS04740
NZ_JAJFOJ010000001.1	1042170	1042937		plus	hypothetical protein		75161470	protein-coding		WP_227970470.1	255	LK408_RS04745
NZ_JAJFOJ010000001.1	1043034	1043249		minus	transposon-transfer assisting family protein		75161471	protein-coding		WP_002576226.1	71	LK408_RS04750
NZ_JAJFOJ010000001.1	1043251	1046535		minus	YodL domain-containing protein		75161472	protein-coding		WP_007886643.1	1094	LK408_RS04755
NZ_JAJFOJ010000001.1	1046542	1046820		minus	hypothetical protein		75161473	protein-coding		WP_004798047.1	92	LK408_RS04760
NZ_JAJFOJ010000001.1	1046817	1048925		minus	type IA DNA topoisomerase		75161474	protein-coding		WP_007886640.1	702	LK408_RS04765
NZ_JAJFOJ010000001.1	1048912	1049115		minus	hypothetical protein		75161475	protein-coding		WP_081453903.1	67	LK408_RS04770
NZ_JAJFOJ010000001.1	1049112	1049870		minus	DUF4366 domain-containing protein		75161476	protein-coding		WP_007886639.1	252	LK408_RS04775
NZ_JAJFOJ010000001.1	1049860	1050117		minus	DUF4315 family protein		75161477	protein-coding		WP_002576231.1	85	LK408_RS04780
NZ_JAJFOJ010000001.1	1050146	1051882		minus	C40 family peptidase		75161478	protein-coding		WP_007886629.1	578	LK408_RS04785
NZ_JAJFOJ010000001.1	1051875	1052255		minus	DUF3851 domain-containing protein		75161479	protein-coding		WP_015516003.1	126	LK408_RS04790
NZ_JAJFOJ010000001.1	1052255	1054657		minus	VirB4-like conjugal transfer ATPase, CD1110 family		75161480	protein-coding		WP_007886623.1	800	LK408_RS04795
NZ_JAJFOJ010000001.1	1054614	1055069		minus	PrgI family protein		75161481	protein-coding		WP_007886622.1	151	LK408_RS04800
NZ_JAJFOJ010000001.1	1055090	1055959		minus	VirB6/TrbL-like conjugal transfer protein, CD1112 family		75161482	protein-coding		WP_007886621.1	289	LK408_RS04805
NZ_JAJFOJ010000001.1	1056029	1056247		minus	Maff2 family mobile element protein		75161483	protein-coding		WP_003525154.1	72	LK408_RS04810
NZ_JAJFOJ010000001.1	1056464	1058293		minus	VirD4-like conjugal transfer protein, CD1115 family		75161484	protein-coding		WP_007886616.1	609	LK408_RS04815
NZ_JAJFOJ010000001.1	1058290	1058790		minus	PcfB family protein		75161485	protein-coding		WP_007886614.1	166	LK408_RS04820
NZ_JAJFOJ010000001.1	1058889	1059200		minus	DUF5720 family protein		75161486	protein-coding		WP_008728385.1	103	LK408_RS04825
NZ_JAJFOJ010000001.1	1059251	1060111		minus	DUF6017 domain-containing protein		75161487	protein-coding		WP_007886611.1	286	LK408_RS04830
NZ_JAJFOJ010000001.1	1060179	1060370		minus	hypothetical protein		75161488	protein-coding		WP_007886609.1	63	LK408_RS04835
NZ_JAJFOJ010000001.1	1060394	1060669		minus	DUF5720 family protein		75161489	protein-coding		WP_005335947.1	91	LK408_RS04840
NZ_JAJFOJ010000001.1	1060682	1061608		minus	ParB/RepB/Spo0J family partition protein		75161490	protein-coding		WP_007886608.1	308	LK408_RS04845
NZ_JAJFOJ010000001.1	1061565	1062386		minus	ParA family protein		75161491	protein-coding		WP_007886607.1	273	LK408_RS04850
NZ_JAJFOJ010000001.1	1062851	1063243		minus	30S ribosomal protein S9	rpsI	75161492	protein-coding		WP_007886606.1	130	LK408_RS04855
NZ_JAJFOJ010000001.1	1063261	1063689		minus	50S ribosomal protein L13	rplM	75161493	protein-coding		WP_007886605.1	142	LK408_RS04860
NZ_JAJFOJ010000001.1	1064009	1064752		minus	tRNA pseudouridine(38-40) synthase TruA	truA	75161494	protein-coding		WP_007886578.1	247	LK408_RS04865
NZ_JAJFOJ010000001.1	1064811	1065623		minus	energy-coupling factor transporter transmembrane component T family protein		75161495	protein-coding		WP_007886577.1	270	LK408_RS04870
NZ_JAJFOJ010000001.1	1065617	1066513		minus	energy-coupling factor transporter ATPase		75161496	protein-coding		WP_044927666.1	298	LK408_RS04875
NZ_JAJFOJ010000001.1	1066584	1067438		minus	energy-coupling factor transporter ATPase		75161497	protein-coding		WP_007886574.1	284	LK408_RS04880
NZ_JAJFOJ010000001.1	1067443	1067946		minus	tRNA (cytidine(34)-2'-O)-methyltransferase		75161498	protein-coding		WP_007886573.1	167	LK408_RS04885
NZ_JAJFOJ010000001.1	1067946	1069121		minus	aminotransferase class I/II-fold pyridoxal phosphate-dependent enzyme		75161499	protein-coding		WP_007886570.1	391	LK408_RS04890
NZ_JAJFOJ010000001.1	1069123	1069599		minus	Lrp/AsnC family transcriptional regulator		75161500	protein-coding		WP_007886568.1	158	LK408_RS04895
NZ_JAJFOJ010000001.1	1069675	1070664		minus	AIR synthase family protein		75161501	protein-coding		WP_007886566.1	329	LK408_RS04900
NZ_JAJFOJ010000001.1	1070675	1072252		minus	VanW family protein		75161502	protein-coding		WP_007886564.1	525	LK408_RS04905
NZ_JAJFOJ010000001.1	1072602	1073210		plus	hypothetical protein		75161503	protein-coding		WP_007886563.1	202	LK408_RS04910
NZ_JAJFOJ010000001.1	1073213	1073938		minus	3'-5' exonuclease		75161504	protein-coding		WP_007886548.1	241	LK408_RS04915
NZ_JAJFOJ010000001.1	1073932	1075686		minus	B12-binding domain-containing radical SAM protein		75161505	protein-coding		WP_007886546.1	584	LK408_RS04920
NZ_JAJFOJ010000001.1	1075807	1076385		minus	manganese efflux pump MntP		75161506	protein-coding		WP_007886542.1	192	LK408_RS04925
NZ_JAJFOJ010000001.1	1076614	1077180		minus	TetR/AcrR family transcriptional regulator C-terminal domain-containing protein		75161507	protein-coding		WP_007886541.1	188	LK408_RS04930
NZ_JAJFOJ010000001.1	1077194	1078258		minus	HD-GYP domain-containing protein		75161508	protein-coding		WP_007886539.1	354	LK408_RS04935
NZ_JAJFOJ010000001.1	1078307	1078537		minus	hypothetical protein		75161509	protein-coding		WP_007886537.1	76	LK408_RS04940
NZ_JAJFOJ010000001.1	1078662	1080260		plus	bifunctional diguanylate cyclase/phosphohydrolase		75161510	protein-coding		WP_007886536.1	532	LK408_RS04945
NZ_JAJFOJ010000001.1	1080852	1081772		minus	DUF7638 domain-containing protein		75161511	protein-coding		WP_007886523.1	306	LK408_RS04950
NZ_JAJFOJ010000001.1	1081814	1082035		minus	type II toxin-antitoxin system RelE/ParE family toxin		88554007	protein-coding		WP_007886515.1	73	LK408_RS20540
NZ_JAJFOJ010000001.1	1082035	1082337		minus	type II toxin-antitoxin system RelB/DinJ family antitoxin		75161513	protein-coding		WP_182384127.1	100	LK408_RS04960
NZ_JAJFOJ010000001.1	1082392	1083363		minus	site-specific tyrosine recombinase/integron integrase	xerA	75161514	protein-coding		WP_007886511.1	323	LK408_RS04965
NZ_JAJFOJ010000001.1	1083437	1083658		minus	uncharacterized gene		75161515	pseudogene				LK408_RS04970
NZ_JAJFOJ010000001.1	1084067	1084270		plus	helix-turn-helix transcriptional regulator		75161516	protein-coding		WP_007886509.1	67	LK408_RS04975
NZ_JAJFOJ010000001.1	1084856	1085349		minus	uncharacterized gene		75161517	pseudogene				LK408_RS04980
NZ_JAJFOJ010000001.1	1085415	1085534		minus	uncharacterized gene		75161518	pseudogene				LK408_RS04985
NZ_JAJFOJ010000001.1	1085655	1085912		minus	IS200/IS605 family transposase	tnpA	75161519	protein-coding		WP_227970471.1	85	LK408_RS04990
NZ_JAJFOJ010000001.1	1086266	1086700		minus	hypothetical protein		75161520	protein-coding		WP_055196192.1	144	LK408_RS04995
NZ_JAJFOJ010000001.1	1086749	1086886		minus	hypothetical protein		75161521	protein-coding		WP_172727094.1	45	LK408_RS05000
NZ_JAJFOJ010000001.1	1086913	1087572		minus	hypothetical protein		75161522	protein-coding		WP_147334845.1	219	LK408_RS05005
NZ_JAJFOJ010000001.1	1087612	1088055		minus	DUF3592 domain-containing protein		75161523	protein-coding		WP_007886486.1	147	LK408_RS05010
NZ_JAJFOJ010000001.1	1088133	1088573		minus	hypothetical protein		75161524	protein-coding		WP_007886484.1	146	LK408_RS05015
NZ_JAJFOJ010000001.1	1089388	1089576		minus	hypothetical protein		75161525	protein-coding		WP_007886474.1	62	LK408_RS05020
NZ_JAJFOJ010000001.1	1089690	1090169		minus	RNA-dependent RNA polymerase family protein		305206385	protein-coding		WP_007886473.1	159	LK408_RS20765
NZ_JAJFOJ010000001.1	1090170	1090985		minus	reverse transcriptase domain-containing protein		305206386	protein-coding		WP_007886472.1	271	LK408_RS20770
NZ_JAJFOJ010000001.1	1091480	1091929		minus	hypothetical protein		75161527	protein-coding		WP_007886470.1	149	LK408_RS05030
NZ_JAJFOJ010000001.1	1092013	1093782		minus	FtsX-like permease family protein		75161528	protein-coding		WP_227970472.1	589	LK408_RS05035
NZ_JAJFOJ010000001.1	1093769	1094530		minus	ABC transporter ATP-binding protein		75161529	protein-coding		WP_007886465.1	253	LK408_RS05040
NZ_JAJFOJ010000001.1	1094578	1094919		minus	hypothetical protein		75161530	protein-coding		WP_012740935.1	113	LK408_RS05045
NZ_JAJFOJ010000001.1	1094966	1095133		minus	YgiT-type zinc finger protein		88554009	protein-coding		WP_007886463.1	55	LK408_RS20550
NZ_JAJFOJ010000001.1	1095365	1095949		minus	HdeD family acid-resistance protein		75161532	protein-coding		WP_007889625.1	194	LK408_RS05055
NZ_JAJFOJ010000001.1	1096171	1096650		plus	Cys-tRNA(Pro) deacylase	ybaK	75161533	protein-coding		WP_007889630.1	159	LK408_RS05060
NZ_JAJFOJ010000001.1	1096738	1097640		minus	SseB family protein		75161534	protein-coding		WP_007889633.1	300	LK408_RS05065
NZ_JAJFOJ010000001.1	1097872	1098564		minus	YjjG family noncanonical pyrimidine nucleotidase		75161535	protein-coding		WP_227970473.1	230	LK408_RS05070
NZ_JAJFOJ010000001.1	1098782	1100269		minus	UxaA family hydrolase		75161536	protein-coding		WP_007889642.1	495	LK408_RS05075
NZ_JAJFOJ010000001.1	1100270	1101769		minus	tagaturonate reductase		75161537	protein-coding		WP_007889644.1	499	LK408_RS05080
NZ_JAJFOJ010000001.1	1101852	1103138		minus	TRAP transporter large permease		75161538	protein-coding		WP_007889645.1	428	LK408_RS05085
NZ_JAJFOJ010000001.1	1103131	1103640		minus	TRAP transporter small permease		75161539	protein-coding		WP_044928487.1	169	LK408_RS05090
NZ_JAJFOJ010000001.1	1103653	1104696		minus	C4-dicarboxylate TRAP transporter substrate-binding protein		75161540	protein-coding		WP_007889665.1	347	LK408_RS05095
NZ_JAJFOJ010000001.1	1104736	1105770		minus	zinc-binding alcohol dehydrogenase family protein		75161541	protein-coding		WP_007889673.1	344	LK408_RS05100
NZ_JAJFOJ010000001.1	1106073	1106747		plus	GntR family transcriptional regulator		75161542	protein-coding		WP_044928490.1	224	LK408_RS05105
NZ_JAJFOJ010000001.1	1106785	1108149		minus	23S rRNA (uracil(1939)-C(5))-methyltransferase RlmD	rlmD	75161543	protein-coding		WP_007889685.1	454	LK408_RS05110
NZ_JAJFOJ010000001.1	1108250	1109278		plus	YeiH family protein		75161544	protein-coding		WP_044928491.1	342	LK408_RS05115
NZ_JAJFOJ010000001.1	1109322	1110482		minus	MFS transporter		75161545	protein-coding		WP_007889688.1	386	LK408_RS05120
NZ_JAJFOJ010000001.1	1110915	1111364		minus	hypothetical protein		75161546	protein-coding		WP_227970474.1	149	LK408_RS05125
NZ_JAJFOJ010000001.1	1111342	1114158		minus	glycoside hydrolase family 3 C-terminal domain-containing protein		75161547	protein-coding		WP_227970475.1	938	LK408_RS05130
NZ_JAJFOJ010000001.1	1114322	1115590		minus	GHKL domain-containing protein		75161548	protein-coding		WP_007889694.1	422	LK408_RS05135
NZ_JAJFOJ010000001.1	1115587	1116300		minus	LytR/AlgR family response regulator transcription factor		75161549	protein-coding		WP_007889695.1	237	LK408_RS05140
NZ_JAJFOJ010000001.1	1116543	1119050		minus	ABC transporter permease		75161550	protein-coding		WP_227970476.1	835	LK408_RS05145
NZ_JAJFOJ010000001.1	1119065	1119781		minus	ABC transporter ATP-binding protein		75161551	protein-coding		WP_007889704.1	238	LK408_RS05150
NZ_JAJFOJ010000001.1	1120089	1120334		plus	AbrB/MazE/SpoVT family DNA-binding domain-containing protein		75161552	protein-coding		WP_007889706.1	81	LK408_RS05155
NZ_JAJFOJ010000001.1	1120331	1120639		plus	type II toxin-antitoxin system PemK/MazF family toxin		75161553	protein-coding		WP_007889708.1	102	LK408_RS05160
NZ_JAJFOJ010000001.1	1120662	1121285		plus	tetratricopeptide repeat protein		75161554	protein-coding		WP_044928496.1	207	LK408_RS05165
NZ_JAJFOJ010000001.1	1121377	1121733		minus	winged helix-turn-helix transcriptional regulator		75161555	protein-coding		WP_007889712.1	118	LK408_RS05170
NZ_JAJFOJ010000001.1	1121877	1122380		plus	nitroreductase family protein		75161556	protein-coding		WP_044928498.1	167	LK408_RS05175
NZ_JAJFOJ010000001.1	1122603	1123253		minus	deoxyribose-phosphate aldolase	deoC	75161557	protein-coding		WP_044928521.1	216	LK408_RS05180
NZ_JAJFOJ010000001.1	1123327	1124553		minus	phosphopentomutase		75161558	protein-coding		WP_330370569.1	408	LK408_RS05185
NZ_JAJFOJ010000001.1	1124594	1125373		minus	uridine phosphorylase	udp	75161559	protein-coding		WP_007889718.1	259	LK408_RS05190
NZ_JAJFOJ010000001.1	1125392	1126600		minus	nicotinate phosphoribosyltransferase	pncB	75161560	protein-coding		WP_007889719.1	402	LK408_RS05195
NZ_JAJFOJ010000001.1	1126829	1127080		minus	hypothetical protein		305206387	protein-coding		WP_147402661.1	83	LK408_RS20775
NZ_JAJFOJ010000001.1	1127160	1128179		minus	helix-turn-helix transcriptional regulator		75161562	protein-coding		WP_007889723.1	339	LK408_RS05205
NZ_JAJFOJ010000001.1	1128371	1129165		minus	AraC family transcriptional regulator		75161563	protein-coding		WP_007889727.1	264	LK408_RS05210
NZ_JAJFOJ010000001.1	1129227	1130174		minus	beta-galactosidase small subunit		75161564	protein-coding		WP_007889729.1	315	LK408_RS05215
NZ_JAJFOJ010000001.1	1130158	1132059		minus	glycoside hydrolase family 2 TIM barrel-domain containing protein		75161565	protein-coding		WP_044928501.1	633	LK408_RS05220
NZ_JAJFOJ010000001.1	1132049	1133425		minus	MFS transporter		75161566	protein-coding		WP_007889733.1	458	LK408_RS05225
NZ_JAJFOJ010000001.1	1133698	1134552		plus	AraC family transcriptional regulator		75161567	protein-coding		WP_007889735.1	284	LK408_RS05230
NZ_JAJFOJ010000001.1	1135677	1137071		minus	group II intron reverse transcriptase/maturase	ltrA	75161568	protein-coding		WP_007889741.1	464	LK408_RS05235
NZ_JAJFOJ010000001.1	1137781	1138923		minus	site-specific integrase		75161569	protein-coding		WP_007889743.1	380	LK408_RS05240
NZ_JAJFOJ010000001.1	1139010	1139180		minus	helix-turn-helix domain-containing protein		75161570	protein-coding		WP_007889744.1	56	LK408_RS05245
NZ_JAJFOJ010000001.1	1139184	1140185		minus	replication protein		75161571	protein-coding		WP_044928503.1	333	LK408_RS05250
NZ_JAJFOJ010000001.1	1140130	1140360		minus	hypothetical protein		75161572	protein-coding		WP_007889749.1	76	LK408_RS05255
NZ_JAJFOJ010000001.1	1140471	1141061		minus	hypothetical protein		75161573	protein-coding		WP_172727144.1	196	LK408_RS05260
NZ_JAJFOJ010000001.1	1141202	1142011		minus	hypothetical protein		75161574	protein-coding		WP_227970478.1	269	LK408_RS05265
NZ_JAJFOJ010000001.1	1142008	1142349		minus	hypothetical protein		75161575	protein-coding		WP_007889754.1	113	LK408_RS05270
NZ_JAJFOJ010000001.1	1142597	1143547		plus	hypothetical protein		75161576	protein-coding		WP_007889756.1	316	LK408_RS05275
NZ_JAJFOJ010000001.1	1143584	1143742		minus	ribbon-helix-helix domain-containing protein		75161577	protein-coding		WP_007889757.1	52	LK408_RS05280
NZ_JAJFOJ010000001.1	1143853	1144041		plus	hypothetical protein		75161578	protein-coding		WP_007889759.1	62	LK408_RS05285
NZ_JAJFOJ010000001.1	1144170	1144931		plus	hypothetical protein		75161579	protein-coding		WP_227970479.1	253	LK408_RS05290
NZ_JAJFOJ010000001.1	1145025	1145219		plus	hypothetical protein		75161580	protein-coding		WP_007889771.1	64	LK408_RS05295
NZ_JAJFOJ010000001.1	1145467	1146666		minus	class I SAM-dependent rRNA methyltransferase		75161581	protein-coding		WP_007889777.1	399	LK408_RS05300
NZ_JAJFOJ010000001.1	1146682	1146912		minus	hypothetical protein		75161582	protein-coding		WP_007889781.1	76	LK408_RS05305
NZ_JAJFOJ010000001.1	1146956	1148026		plus	glycosyltransferase family 2 protein		75161583	protein-coding		WP_044928509.1	356	LK408_RS05310
NZ_JAJFOJ010000001.1	1148043	1149377		minus	inositol monophosphatase family protein		75161584	protein-coding		WP_172727147.1	444	LK408_RS05315
NZ_JAJFOJ010000001.1	1149598	1150938		plus	butyryl-CoA:acetate CoA-transferase		75161585	protein-coding		WP_044928512.1	446	LK408_RS05320
NZ_JAJFOJ010000001.1	1151596	1152432		minus	reverse transcriptase domain-containing protein		75161586	protein-coding		WP_321576003.1	278	LK408_RS05325
NZ_JAJFOJ010000001.1	1152413	1152793		minus	reverse transcriptase family protein		75161587	protein-coding		WP_227970481.1	126	LK408_RS05330
NZ_JAJFOJ010000001.1	1153553	1154425		minus	L-serine ammonia-lyase, iron-sulfur-dependent, subunit alpha	sdaAA	75161588	protein-coding		WP_007888313.1	290	LK408_RS05335
NZ_JAJFOJ010000001.1	1154513	1155172		minus	L-serine ammonia-lyase, iron-sulfur-dependent subunit beta	sdaAB	75161589	protein-coding		WP_021923128.1	219	LK408_RS05340
NZ_JAJFOJ010000001.1	1155591	1156640		plus	zinc ribbon domain-containing protein		75161590	protein-coding		WP_044928165.1	349	LK408_RS05345
NZ_JAJFOJ010000001.1	1156664	1157017		plus	metal-sensing transcriptional repressor		75161591	protein-coding		WP_007888318.1	117	LK408_RS05350
NZ_JAJFOJ010000001.1	1157397	1159607		plus	LTA synthase family protein		75161592	protein-coding		WP_081453922.1	736	LK408_RS05355
NZ_JAJFOJ010000001.1	1159655	1160203		minus	hypothetical protein		75161593	protein-coding		WP_007888321.1	182	LK408_RS05360
NZ_JAJFOJ010000001.1	1160251	1160757		minus	sigma-70 family RNA polymerase sigma factor		75161594	protein-coding		WP_007888331.1	168	LK408_RS05365
NZ_JAJFOJ010000001.1	1160938	1162101		minus	cation diffusion facilitator family transporter		75161595	protein-coding		WP_007888352.1	387	LK408_RS05370
NZ_JAJFOJ010000001.1	1162117	1162755		minus	signal peptidase I	lepB	75161596	protein-coding		WP_007888353.1	212	LK408_RS05375
NZ_JAJFOJ010000001.1	1162939	1163382		minus	Fe-S cluster assembly scaffold protein NifU	nifU	75161597	protein-coding		WP_007888354.1	147	LK408_RS05380
NZ_JAJFOJ010000001.1	1163453	1164637		minus	cysteine desulfurase NifS	nifS	75161598	protein-coding		WP_007888355.1	394	LK408_RS05385
NZ_JAJFOJ010000001.1	1164815	1167025		minus	ATP-dependent helicase		75161599	protein-coding		WP_321576004.1	736	LK408_RS05390
NZ_JAJFOJ010000001.1	1167054	1168328		minus	ATP-binding protein		75161600	protein-coding		WP_044928168.1	424	LK408_RS05395
NZ_JAJFOJ010000001.1	1168642	1169262		minus	methylated-DNA--[protein]-cysteine S-methyltransferase		75161601	protein-coding		WP_007888361.1	206	LK408_RS05400
NZ_JAJFOJ010000001.1	1169259	1171913		minus	DEAD/DEAH box helicase		75161602	protein-coding		WP_007888362.1	884	LK408_RS05405
NZ_JAJFOJ010000001.1	1171927	1172775		minus	hypothetical protein		75161603	protein-coding		WP_007888364.1	282	LK408_RS05410
NZ_JAJFOJ010000001.1	1172995	1173825		plus	hypothetical protein		75161604	protein-coding		WP_007888366.1	276	LK408_RS05415
NZ_JAJFOJ010000001.1	1174363	1176357		minus	2-isopropylmalate synthase		75161605	protein-coding		WP_007883440.1	664	LK408_RS05420
NZ_JAJFOJ010000001.1	1176671	1177102		minus	RrF2 family transcriptional regulator		75161606	protein-coding		WP_044927116.1	143	LK408_RS05425
NZ_JAJFOJ010000001.1	1177369	1179015		plus	SulP family inorganic anion transporter		75161607	protein-coding		WP_055168635.1	548	LK408_RS05430
NZ_JAJFOJ010000001.1	1179777	1181066		plus	group II intron reverse transcriptase/maturase	ltrA	75161608	protein-coding		WP_117534911.1	429	LK408_RS05435
NZ_JAJFOJ010000001.1	1181624	1183135		minus	flotillin family protein		75161609	protein-coding		WP_044927199.1	503	LK408_RS05440
NZ_JAJFOJ010000001.1	1183313	1184641		minus	MATE family efflux transporter		75161610	protein-coding		WP_021923418.1	442	LK408_RS05445
NZ_JAJFOJ010000001.1	1184860	1185675		plus	MerR family transcriptional regulator		75161611	protein-coding		WP_021923417.1	271	LK408_RS05450
NZ_JAJFOJ010000001.1	1185705	1186385		minus	HAD family hydrolase		75161612	protein-coding		WP_007883902.1	226	LK408_RS05455
NZ_JAJFOJ010000001.1	1186402	1186809		minus	CBS domain-containing protein		75161613	protein-coding		WP_007883901.1	135	LK408_RS05460
NZ_JAJFOJ010000001.1	1187090	1187527		plus	MarR family winged helix-turn-helix transcriptional regulator		75161614	protein-coding		WP_007883898.1	145	LK408_RS05465
NZ_JAJFOJ010000001.1	1187532	1188299		plus	sulfite exporter TauE/SafE family protein		75161615	protein-coding		WP_007883897.1	255	LK408_RS05470
NZ_JAJFOJ010000001.1	1188385	1188876		minus	gamma carbonic anhydrase family protein		75161616	protein-coding		WP_227970482.1	163	LK408_RS05475
NZ_JAJFOJ010000001.1	1189131	1189592		minus	M15 family metallopeptidase		88092457	protein-coding		WP_007883888.1	153	LK408_RS20360
NZ_JAJFOJ010000001.1	1189692	1190903		minus	ABC transporter permease subunit		75161618	protein-coding		WP_007883887.1	403	LK408_RS05485
NZ_JAJFOJ010000001.1	1190905	1191780		minus	ABC transporter ATP-binding protein		75161619	protein-coding		WP_007883886.1	291	LK408_RS05490
NZ_JAJFOJ010000001.1	1191764	1192525		minus	hypothetical protein		75161620	protein-coding		WP_007883884.1	253	LK408_RS05495
NZ_JAJFOJ010000001.1	1192515	1193033		minus	RNA polymerase sigma factor		75161621	protein-coding		WP_007883883.1	172	LK408_RS05500
NZ_JAJFOJ010000001.1	1193339	1193518		plus	hypothetical protein		75161622	protein-coding		WP_007883882.1	59	LK408_RS05505
NZ_JAJFOJ010000001.1	1193554	1193730		plus	site-specific integrase		75161623	protein-coding		WP_227970483.1	58	LK408_RS05510
NZ_JAJFOJ010000001.1	1194071	1195354		minus	group II intron reverse transcriptase/maturase	ltrA	75161624	protein-coding		WP_158555625.1	427	LK408_RS05515
NZ_JAJFOJ010000001.1	1196172	1196267		minus	putative holin-like toxin		75161625	protein-coding		WP_222149858.1	31	LK408_RS05520
NZ_JAJFOJ010000001.1	1196675	1198033		minus	NADP-specific glutamate dehydrogenase	gdhA	75161626	protein-coding		WP_007883468.1	452	LK408_RS05525
NZ_JAJFOJ010000001.1	1198384	1198836		minus	MarR family winged helix-turn-helix transcriptional regulator		75161627	protein-coding		WP_007883469.1	150	LK408_RS05530
NZ_JAJFOJ010000001.1	1198873	1199838		minus	beta-ketoacyl-ACP synthase III		75161628	protein-coding		WP_007883470.1	321	LK408_RS05535
NZ_JAJFOJ010000001.1	1199910	1201586		minus	acetyl-CoA carboxylase carboxyl transferase subunit		75161629	protein-coding		WP_044927128.1	558	LK408_RS05540
NZ_JAJFOJ010000001.1	1201730	1202158		minus	3-hydroxyacyl-ACP dehydratase FabZ	fabZ	75161630	protein-coding		WP_021922249.1	142	LK408_RS05545
NZ_JAJFOJ010000001.1	1202169	1203437		minus	beta-ketoacyl-ACP synthase II	fabF	75161631	protein-coding		WP_007883473.1	422	LK408_RS05550
NZ_JAJFOJ010000001.1	1203464	1204216		minus	3-oxoacyl-[acyl-carrier-protein] reductase	fabG	75161632	protein-coding		WP_007883474.1	250	LK408_RS05555
NZ_JAJFOJ010000001.1	1204210	1205157		minus	ACP S-malonyltransferase	fabD	75161633	protein-coding		WP_007883475.1	315	LK408_RS05560
NZ_JAJFOJ010000001.1	1205205	1206134		minus	enoyl-[acyl-carrier-protein] reductase FabK	fabK	75161634	protein-coding		WP_007883476.1	309	LK408_RS05565
NZ_JAJFOJ010000001.1	1206171	1206419		minus	acyl carrier protein	acpP	75161635	protein-coding		WP_007883477.1	82	LK408_RS05570
NZ_JAJFOJ010000001.1	1206714	1206926		plus	YjfB family protein		75161636	protein-coding		WP_044927132.1	70	LK408_RS05575
NZ_JAJFOJ010000001.1	1207314	1207997		plus	energy-coupled thiamine transporter ThiT	thiT	75161637	protein-coding		WP_007883480.1	227	LK408_RS05580
NZ_JAJFOJ010000001.1	1208326	1208457		minus	hypothetical protein		76380056	protein-coding		WP_007883481.1	43	LK408_RS20140
NZ_JAJFOJ010000001.1	1208692	1211136		minus	ABC transporter permease		75161638	protein-coding		WP_227970484.1	814	LK408_RS05585
NZ_JAJFOJ010000001.1	1211133	1211807		minus	ABC transporter ATP-binding protein		75161639	protein-coding		WP_019162957.1	224	LK408_RS05590
NZ_JAJFOJ010000001.1	1211985	1213250		minus	sensor histidine kinase		76380057	protein-coding		WP_007883490.1	421	LK408_RS20145
NZ_JAJFOJ010000001.1	1213226	1213915		minus	response regulator transcription factor		75161643	protein-coding		WP_007883491.1	229	LK408_RS05610
NZ_JAJFOJ010000001.1	1213940	1214116		minus	DUF6019 family protein		75161644	protein-coding		WP_021939191.1	58	LK408_RS05615
NZ_JAJFOJ010000001.1	1214649	1215380		minus	class I SAM-dependent methyltransferase		75161645	protein-coding		WP_007890158.1	243	LK408_RS05620
NZ_JAJFOJ010000001.1	1215480	1216799		minus	glycoside hydrolase family 30 protein		75161646	protein-coding		WP_044928719.1	439	LK408_RS05625
NZ_JAJFOJ010000001.1	1216858	1218507		minus	type 2 periplasmic-binding domain-containing protein		75161647	protein-coding		WP_217284424.1	549	LK408_RS05630
NZ_JAJFOJ010000001.1	1218528	1219403		minus	carbohydrate ABC transporter permease		75161648	protein-coding		WP_055039286.1	291	LK408_RS05635
NZ_JAJFOJ010000001.1	1219414	1220367		minus	ABC transporter permease		75161649	protein-coding		WP_007890162.1	317	LK408_RS05640
NZ_JAJFOJ010000001.1	1220663	1222015		plus	ISL3 family transposase		75161650	protein-coding		WP_172727162.1	450	LK408_RS05645
NZ_JAJFOJ010000001.1	1222101	1222964		plus	AraC family transcriptional regulator		75161651	protein-coding		WP_055039284.1	287	LK408_RS05650
NZ_JAJFOJ010000001.1	1222961	1223899		minus	ROK family glucokinase		75161652	protein-coding		WP_007890168.1	312	LK408_RS05655
NZ_JAJFOJ010000001.1	1224084	1226213		minus	transglycosylase domain-containing protein		75161653	protein-coding		WP_172727167.1	709	LK408_RS05660
NZ_JAJFOJ010000001.1	1226350	1227336		minus	hypothetical protein		75161654	protein-coding		WP_007890171.1	328	LK408_RS05665
NZ_JAJFOJ010000001.1	1227494	1229164		minus	ATP-binding protein		75161655	protein-coding		WP_007890172.1	556	LK408_RS05670
NZ_JAJFOJ010000001.1	1229155	1230213		minus	metallophosphoesterase family protein		75161656	protein-coding		WP_007890173.1	352	LK408_RS05675
NZ_JAJFOJ010000001.1	1230251	1230799		minus	stage V sporulation protein T	spoVT	75161657	protein-coding		WP_007890174.1	182	LK408_RS05680
NZ_JAJFOJ010000001.1	1231104	1231322		plus	uncharacterized gene		97128121	pseudogene				LK408_RS20675
NZ_JAJFOJ010000001.1	1231353	1231574		plus	helix-turn-helix domain-containing protein		97128122	protein-coding		WP_408639584.1	73	LK408_RS20680
NZ_JAJFOJ010000001.1	1231672	1232805		minus	ATP-binding protein		75161659	protein-coding		WP_021923844.1	377	LK408_RS05690
NZ_JAJFOJ010000001.1	1232998	1233567		minus	hypothetical protein		75161660	protein-coding		WP_147335128.1	189	LK408_RS05695
NZ_JAJFOJ010000001.1	1233814	1235562		minus	AMP-binding protein		75161661	protein-coding		WP_181974179.1	582	LK408_RS05700
NZ_JAJFOJ010000001.1	1235570	1236256		minus	ATP-binding cassette domain-containing protein		75161662	protein-coding		WP_007890181.1	228	LK408_RS05705
NZ_JAJFOJ010000001.1	1236271	1238136		minus	hypothetical protein		75161663	protein-coding		WP_007890182.1	621	LK408_RS05710
NZ_JAJFOJ010000001.1	1238316	1239239		minus	ATP-binding protein		75161664	protein-coding		WP_182364899.1	307	LK408_RS05715
NZ_JAJFOJ010000001.1	1239589	1240317		minus	LytR/AlgR family response regulator transcription factor		75161665	protein-coding		WP_044928726.1	242	LK408_RS05720
NZ_JAJFOJ010000001.1	1240463	1241362		minus	transporter substrate-binding domain-containing protein		75161666	protein-coding		WP_007890185.1	299	LK408_RS05725
NZ_JAJFOJ010000001.1	1241621	1242382		minus	amino acid ABC transporter ATP-binding protein		75161667	protein-coding		WP_055302728.1	253	LK408_RS05730
NZ_JAJFOJ010000001.1	1242389	1243063		minus	amino acid ABC transporter permease		75161668	protein-coding		WP_007890187.1	224	LK408_RS05735
NZ_JAJFOJ010000001.1	1243044	1243703		minus	amino acid ABC transporter permease		75161669	protein-coding		WP_044928728.1	219	LK408_RS05740
NZ_JAJFOJ010000001.1	1243984	1244553		minus	GNAT family N-acetyltransferase		75161670	protein-coding		WP_007890190.1	189	LK408_RS05745
NZ_JAJFOJ010000001.1	1244629	1245132		minus	NUDIX hydrolase		75161671	protein-coding		WP_007890191.1	167	LK408_RS05750
NZ_JAJFOJ010000001.1	1245372	1246118		plus	AzlC family ABC transporter permease		75161672	protein-coding		WP_007890192.1	248	LK408_RS05755
NZ_JAJFOJ010000001.1	1246148	1246453		plus	AzlD domain-containing protein		75161673	protein-coding		WP_044928766.1	101	LK408_RS05760
NZ_JAJFOJ010000001.1	1246475	1246996		minus	cysteine hydrolase family protein		75161674	protein-coding		WP_007890194.1	173	LK408_RS05765
NZ_JAJFOJ010000001.1	1247191	1248930		minus	ABC transporter ATP-binding protein		75161675	protein-coding		WP_044928730.1	579	LK408_RS05770
NZ_JAJFOJ010000001.1	1248956	1249723		minus	energy-coupling factor transporter transmembrane component T family protein		75161676	protein-coding		WP_007890196.1	255	LK408_RS05775
NZ_JAJFOJ010000001.1	1249757	1250359		minus	ECF transporter S component		75161677	protein-coding		WP_007890197.1	200	LK408_RS05780
NZ_JAJFOJ010000001.1	1250373	1251110		minus	nucleoside phosphorylase		75161678	protein-coding		WP_044928768.1	245	LK408_RS05785
NZ_JAJFOJ010000001.1	1251249	1252136		minus	ABC transporter permease		75161679	protein-coding		WP_007890199.1	295	LK408_RS05790
NZ_JAJFOJ010000001.1	1252150	1253121		minus	ABC transporter permease		75161680	protein-coding		WP_007890200.1	323	LK408_RS05795
NZ_JAJFOJ010000001.1	1253114	1255054		minus	dipeptide ABC transporter ATP-binding protein		86263559	protein-coding		WP_007890201.1	646	LK408_RS20265
NZ_JAJFOJ010000001.1	1255090	1256673		minus	ABC transporter substrate-binding protein		75161683	protein-coding		WP_044928771.1	527	LK408_RS05810
NZ_JAJFOJ010000001.1	1256846	1257502		minus	HAD family hydrolase		75161684	protein-coding		WP_007890203.1	218	LK408_RS05815
NZ_JAJFOJ010000001.1	1257514	1258020		minus	alpha/beta hydrolase		75161685	protein-coding		WP_147402694.1	168	LK408_RS05820
NZ_JAJFOJ010000001.1	1258097	1259320		minus	uncharacterized gene		75161686	pseudogene				LK408_RS05825
NZ_JAJFOJ010000001.1	1259503	1260468		minus	hypothetical protein		75161687	protein-coding		WP_007890207.1	321	LK408_RS05830
NZ_JAJFOJ010000001.1	1260465	1261835		minus	radical SAM protein		75161688	protein-coding		WP_007890208.1	456	LK408_RS05835
NZ_JAJFOJ010000001.1	1261909	1262751		minus	hypothetical protein		75161689	protein-coding		WP_007890209.1	280	LK408_RS05840
NZ_JAJFOJ010000001.1	1262855	1263508		minus	HAD family hydrolase		75161690	protein-coding		WP_007890210.1	217	LK408_RS05845
NZ_JAJFOJ010000001.1	1263519	1263755		minus	DUF4869 domain-containing protein		75161691	protein-coding		WP_007890211.1	78	LK408_RS05850
NZ_JAJFOJ010000001.1	1264020	1264748		minus	hypothetical protein		75161692	protein-coding		WP_007890212.1	242	LK408_RS05855
NZ_JAJFOJ010000001.1	1264852	1265493		minus	ABC transporter ATP-binding protein		75161693	protein-coding		WP_007890213.1	213	LK408_RS05860
NZ_JAJFOJ010000001.1	1265490	1266317		minus	hypothetical protein		75161694	protein-coding		WP_007890214.1	275	LK408_RS05865
NZ_JAJFOJ010000001.1	1266301	1267095		minus	ABC transporter permease		75161695	protein-coding		WP_044928737.1	264	LK408_RS05870
NZ_JAJFOJ010000001.1	1267097	1268248		minus	hypothetical protein		75161696	protein-coding		WP_007890216.1	383	LK408_RS05875
NZ_JAJFOJ010000001.1	1268298	1268726		minus	hypothetical protein		75161697	protein-coding		WP_227970486.1	142	LK408_RS05880
NZ_JAJFOJ010000001.1	1268847	1269428		minus	accessory gene regulator ArgB-like protein		75161698	protein-coding		WP_007890218.1	193	LK408_RS05885
NZ_JAJFOJ010000001.1	1269425	1269574		minus	cyclic lactone autoinducer peptide		75161699	protein-coding		WP_044928740.1	49	LK408_RS05890
NZ_JAJFOJ010000001.1	1269847	1270203		plus	helix-turn-helix domain-containing protein		75161700	protein-coding		WP_007890221.1	118	LK408_RS05895
NZ_JAJFOJ010000001.1	1270381	1271088		plus	LytR/AlgR family response regulator transcription factor		75161701	protein-coding		WP_055039640.1	235	LK408_RS05900
NZ_JAJFOJ010000001.1	1271094	1272401		plus	sensor histidine kinase		75161702	protein-coding		WP_118109322.1	435	LK408_RS05905
NZ_JAJFOJ010000001.1	1272421	1273449		minus	aldo/keto reductase		75161703	protein-coding		WP_044928743.1	342	LK408_RS05910
NZ_JAJFOJ010000001.1	1273770	1275719		minus	LTA synthase family protein		75161704	protein-coding		WP_007890227.1	649	LK408_RS05915
NZ_JAJFOJ010000001.1	1275954	1276934		minus	lysylphosphatidylglycerol synthase transmembrane domain-containing protein		75161705	protein-coding		WP_007890228.1	326	LK408_RS05920
NZ_JAJFOJ010000001.1	1276971	1278368		minus	radical SAM protein		75161706	protein-coding		WP_007890229.1	465	LK408_RS05925
NZ_JAJFOJ010000001.1	1278687	1280264		minus	ATP-binding cassette domain-containing protein		75161707	protein-coding		WP_044928745.1	525	LK408_RS05930
NZ_JAJFOJ010000001.1	1280546	1281505		plus	zinc dependent phospholipase C family protein		75161708	protein-coding		WP_055171676.1	319	LK408_RS05935
NZ_JAJFOJ010000001.1	1281498	1282430		minus	D-2-hydroxyacid dehydrogenase		75161709	protein-coding		WP_044928780.1	310	LK408_RS05940
NZ_JAJFOJ010000001.1	1282693	1283553		minus	patatin-like phospholipase family protein		75161710	protein-coding		WP_007890235.1	286	LK408_RS05945
NZ_JAJFOJ010000001.1	1283605	1284090		minus	NfeD family protein		75161711	protein-coding		WP_007890236.1	161	LK408_RS05950
NZ_JAJFOJ010000001.1	1284519	1285076		plus	hypothetical protein		75161712	protein-coding		WP_007890237.1	185	LK408_RS05955
NZ_JAJFOJ010000001.1	1285141	1286247		minus	S66 family peptidase		75161713	protein-coding		WP_044928748.1	368	LK408_RS05960
NZ_JAJFOJ010000001.1	1286458	1287084		minus	L(+)-tartrate dehydratase subunit beta	ttdB	75161714	protein-coding		WP_007890239.1	208	LK408_RS05965
NZ_JAJFOJ010000001.1	1287084	1287983		minus	L(+)-tartrate dehydratase subunit alpha	ttdA	75161715	protein-coding		WP_007890240.1	299	LK408_RS05970
NZ_JAJFOJ010000001.1	1288085	1289350		minus	SLC13 family permease		75161716	protein-coding		WP_007890241.1	421	LK408_RS05975
NZ_JAJFOJ010000001.1	1289545	1290189		minus	GntR family transcriptional regulator		75161717	protein-coding		WP_007890242.1	214	LK408_RS05980
NZ_JAJFOJ010000001.1	1290186	1290788		minus	GntR family transcriptional regulator		75161718	protein-coding		WP_007890243.1	200	LK408_RS05985
NZ_JAJFOJ010000001.1	1290953	1292227		minus	SLC13 family permease		75161719	protein-coding		WP_118930599.1	424	LK408_RS05990
NZ_JAJFOJ010000001.1	1292367	1293275		minus	LysR family transcriptional regulator		75161720	protein-coding		WP_007890245.1	302	LK408_RS05995
NZ_JAJFOJ010000001.1	1293678	1294676		minus	cytidylate kinase-like family protein		75161721	protein-coding		WP_007890246.1	332	LK408_RS06000
NZ_JAJFOJ010000001.1	1294707	1296050		minus	sodium:proton antiporter		75161722	protein-coding		WP_021922392.1	447	LK408_RS06005
NZ_JAJFOJ010000001.1	1296320	1297372		minus	3-deoxy-7-phosphoheptulonate synthase		75161723	protein-coding		WP_021922391.1	350	LK408_RS06010
NZ_JAJFOJ010000001.1	1297556	1299037		minus	methyl-accepting chemotaxis protein		75161724	protein-coding		WP_007890250.1	493	LK408_RS06015
NZ_JAJFOJ010000001.1	1299274	1299346		minus	tRNA-Lys		75161725	tRNA				LK408_RS06020
NZ_JAJFOJ010000001.1	1299370	1299442		minus	tRNA-Phe		75161726	tRNA				LK408_RS06025
NZ_JAJFOJ010000001.1	1299462	1299535		minus	tRNA-Met		75161727	tRNA				LK408_RS06030
NZ_JAJFOJ010000001.1	1299563	1299644		minus	tRNA-Tyr		75161728	tRNA				LK408_RS06035
NZ_JAJFOJ010000001.1	1299705	1299777		minus	tRNA-Thr		75161729	tRNA				LK408_RS06040
NZ_JAJFOJ010000001.1	1299872	1299944		minus	tRNA-Val		75161730	tRNA				LK408_RS06045
NZ_JAJFOJ010000001.1	1299951	1300024		minus	tRNA-Asp		75161731	tRNA				LK408_RS06050
NZ_JAJFOJ010000001.1	1300093	1302987		minus	23S ribosomal RNA		75161732	rRNA				LK408_RS06055
NZ_JAJFOJ010000001.1	1303279	1303351		minus	tRNA-Ala		75161733	tRNA				LK408_RS06060
NZ_JAJFOJ010000001.1	1303388	1303461		minus	tRNA-Ile		75161734	tRNA				LK408_RS06065
NZ_JAJFOJ010000001.1	1303468	1303585		minus	5S ribosomal RNA	rrf	75161735	rRNA				LK408_RS06070
NZ_JAJFOJ010000001.1	1303701	1305233		minus	16S ribosomal RNA		75161736	rRNA				LK408_RS06075
NZ_JAJFOJ010000001.1	1305816	1306589		minus	CvpA family protein		75161737	protein-coding		WP_007890871.1	257	LK408_RS06080
NZ_JAJFOJ010000001.1	1306599	1307795		minus	DUF5711 family protein		75161738	protein-coding		WP_007890875.1	398	LK408_RS06085
NZ_JAJFOJ010000001.1	1307895	1309307		minus	LysM peptidoglycan-binding domain-containing protein		75161739	protein-coding		WP_044929029.1	470	LK408_RS06090
NZ_JAJFOJ010000001.1	1309514	1310455		minus	transketolase family protein		75161740	protein-coding		WP_007890882.1	313	LK408_RS06095
NZ_JAJFOJ010000001.1	1310443	1311279		minus	transketolase		75161741	protein-coding		WP_007890883.1	278	LK408_RS06100
NZ_JAJFOJ010000001.1	1311304	1311900		minus	recombination mediator RecR	recR	75161742	protein-coding		WP_021922087.1	198	LK408_RS06105
NZ_JAJFOJ010000001.1	1312174	1312944		plus	DUF6062 family protein		75161743	protein-coding		WP_007890886.1	256	LK408_RS06110
NZ_JAJFOJ010000001.1	1313649	1313999		minus	YbaB/EbfC family nucleoid-associated protein		75161744	protein-coding		WP_007882765.1	116	LK408_RS06115
NZ_JAJFOJ010000001.1	1314126	1315697		minus	DNA polymerase III subunit gamma/tau	dnaX	75161745	protein-coding		WP_007882764.1	523	LK408_RS06120
NZ_JAJFOJ010000001.1	1315768	1316841		minus	6-phosphofructokinase		75161746	protein-coding		WP_044926923.1	357	LK408_RS06125
NZ_JAJFOJ010000001.1	1317011	1317102		plus	tRNA-Ser		75161747	tRNA				LK408_RS06130
NZ_JAJFOJ010000001.1	1317174	1319828		minus	heavy metal translocating P-type ATPase		75161748	protein-coding		WP_007882762.1	884	LK408_RS06135
NZ_JAJFOJ010000001.1	1319912	1320226		minus	metal-sensing transcriptional repressor		75161749	protein-coding		WP_044926937.1	104	LK408_RS06140
NZ_JAJFOJ010000001.1	1320902	1321522		plus	DUF6553 family protein		75161750	protein-coding		WP_007882759.1	206	LK408_RS06145
NZ_JAJFOJ010000001.1	1321554	1322909		minus	sodium-dependent transporter		75161751	protein-coding		WP_007882758.1	451	LK408_RS06150
NZ_JAJFOJ010000001.1	1323006	1324586		minus	glucose-6-phosphate isomerase		75161752	protein-coding		WP_044926920.1	526	LK408_RS06155
NZ_JAJFOJ010000001.1	1324792	1326387		minus	DEAD/DEAH box helicase		75161753	protein-coding		WP_007882750.1	531	LK408_RS06160
NZ_JAJFOJ010000001.1	1326713	1328356		minus	tetratricopeptide repeat-containing diguanylate cyclase		75161754	protein-coding		WP_227970487.1	547	LK408_RS06165
NZ_JAJFOJ010000001.1	1328448	1329197		minus	M23 family metallopeptidase		75161755	protein-coding		WP_044926918.1	249	LK408_RS06170
NZ_JAJFOJ010000001.1	1329300	1330142		minus	SpoIID/LytB domain-containing protein		75161756	protein-coding		WP_049887968.1	280	LK408_RS06175
NZ_JAJFOJ010000001.1	1330191	1330496		plus	hypothetical protein		75161757	protein-coding		WP_007882736.1	101	LK408_RS06180
NZ_JAJFOJ010000001.1	1330766	1331632		minus	16S rRNA (adenine(1518)-N(6)/adenine(1519)-N(6))-dimethyltransferase RsmA	rsmA	75161758	protein-coding		WP_007882735.1	288	LK408_RS06185
NZ_JAJFOJ010000001.1	1331620	1332036		minus	hypothetical protein		75161759	protein-coding		WP_021923596.1	138	LK408_RS06190
NZ_JAJFOJ010000001.1	1332075	1333352		minus	class I SAM-dependent methyltransferase		75161760	protein-coding		WP_007882733.1	425	LK408_RS06195
NZ_JAJFOJ010000001.1	1333365	1334591		minus	Wadjet anti-phage system protein JetD domain-containing protein		75161761	protein-coding		WP_007882732.1	408	LK408_RS06200
NZ_JAJFOJ010000001.1	1334572	1337820		minus	ATP-binding protein		75161762	protein-coding		WP_007882731.1	1082	LK408_RS06205
NZ_JAJFOJ010000001.1	1337789	1338403		minus	DUF4194 domain-containing protein		75161763	protein-coding		WP_007882730.1	204	LK408_RS06210
NZ_JAJFOJ010000001.1	1338429	1339844		minus	Wadjet anti-phage system protein JetA family protein		75161764	protein-coding		WP_007882729.1	471	LK408_RS06215
NZ_JAJFOJ010000001.1	1339871	1341460		minus	AAA family ATPase		75161765	protein-coding		WP_007882728.1	529	LK408_RS06220
NZ_JAJFOJ010000001.1	1341484	1343181		minus	AAA family ATPase		75161766	protein-coding		WP_007882727.1	565	LK408_RS06225
NZ_JAJFOJ010000001.1	1343268	1344848		minus	P-loop ATPase, Sll1717 family		75161767	protein-coding		WP_044926916.1	526	LK408_RS06230
NZ_JAJFOJ010000001.1	1345152	1345322		minus	hypothetical protein		75161768	protein-coding		WP_007882724.1	56	LK408_RS06235
NZ_JAJFOJ010000001.1	1345351	1346520		minus	KAP family P-loop NTPase fold protein		75161769	protein-coding		WP_227970488.1	389	LK408_RS06240
NZ_JAJFOJ010000001.1	1346922	1348151		minus	glycosyltransferase family 2 protein		75161770	protein-coding		WP_044926913.1	409	LK408_RS06245
NZ_JAJFOJ010000001.1	1348212	1349084		minus	DUF2971 domain-containing protein		75161771	protein-coding		WP_007882710.1	290	LK408_RS06250
NZ_JAJFOJ010000001.1	1349174	1349584		minus	hypothetical protein		75161772	protein-coding		WP_007882709.1	136	LK408_RS06255
NZ_JAJFOJ010000001.1	1349636	1350523		minus	DUF1919 domain-containing protein		75161773	protein-coding		WP_007882708.1	295	LK408_RS06260
NZ_JAJFOJ010000001.1	1350539	1351636		minus	hypothetical protein		75161774	protein-coding		WP_007882707.1	365	LK408_RS06265
NZ_JAJFOJ010000001.1	1351652	1352662		minus	glycosyltransferase family A protein		75161775	protein-coding		WP_007882706.1	336	LK408_RS06270
NZ_JAJFOJ010000001.1	1352706	1353152		minus	GNAT family N-acetyltransferase		75161776	protein-coding		WP_007882705.1	148	LK408_RS06275
NZ_JAJFOJ010000001.1	1353145	1354455		minus	polysaccharide pyruvyl transferase family protein		75161777	protein-coding		WP_007882704.1	436	LK408_RS06280
NZ_JAJFOJ010000001.1	1354470	1355279		minus	radical SAM protein		75161778	protein-coding		WP_007882703.1	269	LK408_RS06285
NZ_JAJFOJ010000001.1	1355288	1355995		minus	WbqC family protein		75161779	protein-coding		WP_007882702.1	235	LK408_RS06290
NZ_JAJFOJ010000001.1	1356012	1357121		minus	DegT/DnrJ/EryC1/StrS family aminotransferase		75161780	protein-coding		WP_007882700.1	369	LK408_RS06295
NZ_JAJFOJ010000001.1	1357282	1357527		minus	hypothetical protein		75161781	protein-coding		WP_172727033.1	81	LK408_RS06300
NZ_JAJFOJ010000001.1	1357772	1359796		minus	sulfatase-like hydrolase/transferase		75161782	protein-coding		WP_007882696.1	674	LK408_RS06305
NZ_JAJFOJ010000001.1	1359840	1360967		minus	UDP-4-amino-4,6-dideoxy-N-acetyl-beta-L-altrosamine transaminase	pseC	75161783	protein-coding		WP_007882694.1	375	LK408_RS06310
NZ_JAJFOJ010000001.1	1361148	1362164		plus	glycosyltransferase family 2 protein		75161784	protein-coding		WP_007882692.1	338	LK408_RS06315
NZ_JAJFOJ010000001.1	1362178	1363365		minus	glycosyltransferase family protein		75161785	protein-coding		WP_007882689.1	395	LK408_RS06320
NZ_JAJFOJ010000001.1	1363415	1364431		minus	UDP-2,4-diacetamido-2,4,6-trideoxy-beta-L-altropyranose hydrolase	pseG	75161786	protein-coding		WP_007882687.1	338	LK408_RS06325
NZ_JAJFOJ010000001.1	1364440	1365486		minus	pseudaminic acid synthase	pseI	75161787	protein-coding		WP_021923618.1	348	LK408_RS06330
NZ_JAJFOJ010000001.1	1365488	1366198		minus	pseudaminic acid cytidylyltransferase	pseF	75161788	protein-coding		WP_007882674.1	236	LK408_RS06335
NZ_JAJFOJ010000001.1	1366229	1366909		minus	DUF4422 domain-containing protein		75161789	protein-coding		WP_044926906.1	226	LK408_RS06340
NZ_JAJFOJ010000001.1	1366913	1367407		minus	hypothetical protein		75161790	protein-coding		WP_007882666.1	164	LK408_RS06345
NZ_JAJFOJ010000001.1	1367436	1369139		minus	SAM-dependent methyltransferase		75161791	protein-coding		WP_007882665.1	567	LK408_RS06350
NZ_JAJFOJ010000001.1	1369159	1370262		minus	CgeB family protein		75161792	protein-coding		WP_227970489.1	367	LK408_RS06355
NZ_JAJFOJ010000001.1	1370469	1372370		plus	CDP-glycerol glycerophosphotransferase family protein		75161793	protein-coding		WP_007882663.1	633	LK408_RS06360
NZ_JAJFOJ010000001.1	1372419	1372898		minus	GNAT family N-acetyltransferase		75161794	protein-coding		WP_007882662.1	159	LK408_RS06365
NZ_JAJFOJ010000001.1	1372959	1373321		minus	hypothetical protein		75161795	protein-coding		WP_007882661.1	120	LK408_RS06370
NZ_JAJFOJ010000001.1	1373409	1375016		minus	glycosyltransferase family protein		75161796	protein-coding		WP_007882660.1	535	LK408_RS06375
NZ_JAJFOJ010000001.1	1375035	1375793		minus	imidazole glycerol phosphate synthase subunit HisF	hisF	75161797	protein-coding		WP_007882659.1	252	LK408_RS06380
NZ_JAJFOJ010000001.1	1375808	1376422		minus	imidazole glycerol phosphate synthase subunit HisH	hisH	75161798	protein-coding		WP_021923622.1	204	LK408_RS06385
NZ_JAJFOJ010000001.1	1376425	1377588		minus	N-acetyl sugar amidotransferase		75161799	protein-coding		WP_021923623.1	387	LK408_RS06390
NZ_JAJFOJ010000001.1	1377618	1378610		minus	UDP-N-acetylglucosamine 4,6-dehydratase (inverting)	pseB	75161800	protein-coding		WP_021923624.1	330	LK408_RS06395
NZ_JAJFOJ010000001.1	1378805	1379989		plus	CgeB family protein		75161801	protein-coding		WP_007882651.1	394	LK408_RS06400
NZ_JAJFOJ010000001.1	1380000	1381163		plus	glycosyltransferase family protein		75161802	protein-coding		WP_007882649.1	387	LK408_RS06405
NZ_JAJFOJ010000001.1	1381169	1382935		minus	motility associated factor glycosyltransferase family protein		75161803	protein-coding		WP_227970490.1	588	LK408_RS06410
NZ_JAJFOJ010000001.1	1383000	1383335		minus	hypothetical protein		75161804	protein-coding		WP_007882645.1	111	LK408_RS06415
NZ_JAJFOJ010000001.1	1383396	1384208		minus	flagellin N-terminal helical domain-containing protein		75161805	protein-coding		WP_021923626.1	270	LK408_RS06420
NZ_JAJFOJ010000001.1	1384416	1384895		minus	flagellar export chaperone FlgN	flgN	75161806	protein-coding		WP_044926901.1	159	LK408_RS06425
NZ_JAJFOJ010000001.1	1384911	1385288		minus	flagellar export chaperone FliS	fliS	75161807	protein-coding		WP_007882639.1	125	LK408_RS06430
NZ_JAJFOJ010000001.1	1385396	1388029		minus	flagellar filament capping protein FliD	fliD	75161808	protein-coding		WP_227970491.1	877	LK408_RS06435
NZ_JAJFOJ010000001.1	1388124	1388561		minus	flagellar protein FlaG		75161809	protein-coding		WP_007882634.1	145	LK408_RS06440
NZ_JAJFOJ010000001.1	1388837	1389400		plus	histidine phosphatase family protein		75161810	protein-coding		WP_007882629.1	187	LK408_RS06445
NZ_JAJFOJ010000001.1	1389731	1391047		minus	IS30 family transposase		75161811	protein-coding		WP_118112236.1	438	LK408_RS06450
NZ_JAJFOJ010000001.1	1391270	1392583		plus	putative DNA modification/repair radical SAM protein		75161813	protein-coding		WP_044927148.1	437	LK408_RS06460
NZ_JAJFOJ010000001.1	1392641	1393444		plus	TIGR03915 family putative DNA repair protein		75161814	protein-coding		WP_007883686.1	267	LK408_RS06465
NZ_JAJFOJ010000001.1	1393424	1394200		minus	TatD family hydrolase		75161815	protein-coding		WP_007883685.1	258	LK408_RS06470
NZ_JAJFOJ010000001.1	1394229	1397153		minus	methyl-accepting chemotaxis protein		75161816	protein-coding		WP_007883684.1	974	LK408_RS06475
NZ_JAJFOJ010000001.1	1397150	1399699		minus	efflux RND transporter permease subunit		75161817	protein-coding		WP_081453871.1	849	LK408_RS06480
NZ_JAJFOJ010000001.1	1400004	1400609		plus	TetR/AcrR family transcriptional regulator		75161818	protein-coding		WP_007883681.1	201	LK408_RS06485
NZ_JAJFOJ010000001.1	1400831	1402339		plus	Na+/H+ antiporter NhaC family protein		75161819	protein-coding		WP_007883679.1	502	LK408_RS06490
NZ_JAJFOJ010000001.1	1402364	1402627		plus	DUF4321 domain-containing protein		75161820	protein-coding		WP_007883674.1	87	LK408_RS06495
NZ_JAJFOJ010000001.1	1402727	1403407		minus	MgtC/SapB family protein		75161821	protein-coding		WP_007883672.1	226	LK408_RS06500
NZ_JAJFOJ010000001.1	1403418	1404101		minus	MgtC/SapB family protein		75161822	protein-coding		WP_007883670.1	227	LK408_RS06505
NZ_JAJFOJ010000001.1	1404068	1404919		minus	HAD-IIA family hydrolase		75161823	protein-coding		WP_055301821.1	283	LK408_RS06510
NZ_JAJFOJ010000001.1	1404926	1406674		minus	glycoside hydrolase family 2 protein		75161824	protein-coding		WP_007883667.1	582	LK408_RS06515
NZ_JAJFOJ010000001.1	1406691	1407518		minus	carbohydrate ABC transporter permease		75161825	protein-coding		WP_007883666.1	275	LK408_RS06520
NZ_JAJFOJ010000001.1	1407530	1408420		minus	carbohydrate ABC transporter permease		75161826	protein-coding		WP_007883664.1	296	LK408_RS06525
NZ_JAJFOJ010000001.1	1408445	1409770		minus	extracellular solute-binding protein		75161827	protein-coding		WP_007883662.1	441	LK408_RS06530
NZ_JAJFOJ010000001.1	1410082	1411050		plus	ArsR/SmtB family transcription factor		75161828	protein-coding		WP_007883660.1	322	LK408_RS06535
NZ_JAJFOJ010000001.1	1411067	1411897		plus	sugar phosphate isomerase/epimerase family protein		75161829	protein-coding		WP_007883657.1	276	LK408_RS06540
NZ_JAJFOJ010000001.1	1412121	1413533		minus	IS1182 family transposase		75161830	protein-coding		WP_007883652.1	470	LK408_RS06545
NZ_JAJFOJ010000001.1	1413629	1413796		minus	hypothetical protein		75161831	protein-coding		WP_172727047.1	55	LK408_RS06550
NZ_JAJFOJ010000001.1	1413798	1413965		minus	uncharacterized gene		88554010	pseudogene				LK408_RS20555
NZ_JAJFOJ010000001.1	1414460	1415743		minus	ATP-binding protein		75161832	protein-coding		WP_007883643.1	427	LK408_RS06555
NZ_JAJFOJ010000001.1	1415933	1416577		minus	SGNH/GDSL hydrolase family protein		75161833	protein-coding		WP_007883641.1	214	LK408_RS06560
NZ_JAJFOJ010000001.1	1416646	1417527		minus	ROK family protein		75161834	protein-coding		WP_007883639.1	293	LK408_RS06565
NZ_JAJFOJ010000001.1	1417541	1418236		minus	N-acetylmannosamine-6-phosphate 2-epimerase		75161835	protein-coding		WP_044927147.1	231	LK408_RS06570
NZ_JAJFOJ010000001.1	1418255	1418701		minus	YhcH/YjgK/YiaL family protein		75161836	protein-coding		WP_007883631.1	148	LK408_RS06575
NZ_JAJFOJ010000001.1	1418849	1419778		minus	dihydrodipicolinate synthase family protein		75161837	protein-coding		WP_007883628.1	309	LK408_RS06580
NZ_JAJFOJ010000001.1	1419852	1420787		minus	carbohydrate ABC transporter permease		75161838	protein-coding		WP_118093200.1	311	LK408_RS06585
NZ_JAJFOJ010000001.1	1420804	1421724		minus	carbohydrate ABC transporter permease		75161839	protein-coding		WP_118093199.1	306	LK408_RS06590
NZ_JAJFOJ010000001.1	1421820	1423208		minus	ABC transporter substrate-binding protein		75161840	protein-coding		WP_007883619.1	462	LK408_RS06595
NZ_JAJFOJ010000001.1	1423587	1424435		plus	MurR/RpiR family transcriptional regulator		75161841	protein-coding		WP_007883617.1	282	LK408_RS06600
NZ_JAJFOJ010000001.1	1424579	1425307		minus	glucosamine-6-phosphate deaminase	nagB	75161842	protein-coding		WP_021922613.1	242	LK408_RS06605
NZ_JAJFOJ010000001.1	1425331	1426161		minus	MurR/RpiR family transcriptional regulator		75161843	protein-coding		WP_227970492.1	276	LK408_RS06610
NZ_JAJFOJ010000001.1	1426379	1426906		minus	nitroreductase		75161844	protein-coding		WP_007883603.1	175	LK408_RS06615
NZ_JAJFOJ010000001.1	1426993	1428348		minus	ATP-binding protein		75161845	protein-coding		WP_007883595.1	451	LK408_RS06620
NZ_JAJFOJ010000001.1	1428528	1429769		minus	ABC transporter permease subunit		75161846	protein-coding		WP_007883594.1	413	LK408_RS06625
NZ_JAJFOJ010000001.1	1429766	1430647		minus	ABC transporter ATP-binding protein		75161847	protein-coding		WP_044927146.1	293	LK408_RS06630
NZ_JAJFOJ010000001.1	1430681	1431451		minus	hypothetical protein		75161848	protein-coding		WP_007883592.1	256	LK408_RS06635
NZ_JAJFOJ010000001.1	1431448	1431978		minus	RNA polymerase sigma factor		75161849	protein-coding		WP_007883591.1	176	LK408_RS06640
NZ_JAJFOJ010000001.1	1432175	1433116		minus	hypothetical protein		75161850	protein-coding		WP_007883589.1	313	LK408_RS06645
NZ_JAJFOJ010000001.1	1433343	1434557		minus	glycerate kinase family protein		75161851	protein-coding		WP_007883579.1	404	LK408_RS06650
NZ_JAJFOJ010000001.1	1434734	1435714		minus	PAS domain-containing protein		75161852	protein-coding		WP_081453870.1	326	LK408_RS06655
NZ_JAJFOJ010000001.1	1435831	1436160		minus	hypothetical protein		75161853	protein-coding		WP_007883566.1	109	LK408_RS06660
NZ_JAJFOJ010000001.1	1436269	1437042		minus	hypothetical protein		75161854	protein-coding		WP_007883564.1	257	LK408_RS06665
NZ_JAJFOJ010000001.1	1437128	1439086		minus	bifunctional metallophosphatase/5'-nucleotidase		75161855	protein-coding		WP_217284410.1	652	LK408_RS06670
NZ_JAJFOJ010000001.1	1439255	1439494		minus	hypothetical protein		75161856	protein-coding		WP_172727046.1	79	LK408_RS06675
NZ_JAJFOJ010000001.1	1439452	1439850		minus	LytR/AlgR family response regulator transcription factor		75161857	protein-coding		WP_049887976.1	132	LK408_RS06680
NZ_JAJFOJ010000001.1	1439921	1440103		minus	hypothetical protein		75161858	protein-coding		WP_007883552.1	60	LK408_RS06685
NZ_JAJFOJ010000001.1	1440224	1440376		minus	hypothetical protein		75161859	protein-coding		WP_007883551.1	50	LK408_RS06690
NZ_JAJFOJ010000001.1	1440700	1441272		minus	GtrA family protein		75161860	protein-coding		WP_044927158.1	190	LK408_RS06695
NZ_JAJFOJ010000001.1	1441437	1442777		minus	ATP-binding protein		75161861	protein-coding		WP_007883545.1	446	LK408_RS06700
NZ_JAJFOJ010000001.1	1443097	1446021		minus	glycoside hydrolase family 3 N-terminal domain-containing protein		75161862	protein-coding		WP_044927156.1	974	LK408_RS06705
NZ_JAJFOJ010000001.1	1446257	1447594		minus	ATP-binding protein		75161863	protein-coding		WP_007883541.1	445	LK408_RS06710
NZ_JAJFOJ010000001.1	1447591	1448301		minus	LytR/AlgR family response regulator transcription factor		75161864	protein-coding		WP_044927144.1	236	LK408_RS06715
NZ_JAJFOJ010000001.1	1448461	1448781		plus	rhodanese-like domain-containing protein		75161865	protein-coding		WP_007883539.1	106	LK408_RS06720
NZ_JAJFOJ010000001.1	1448805	1450178		minus	sodium-dependent transporter		75161866	protein-coding		WP_007883538.1	457	LK408_RS06725
NZ_JAJFOJ010000001.1	1450374	1451474		minus	lysozyme inhibitor LprI family protein		75161867	protein-coding		WP_007883537.1	366	LK408_RS06730
NZ_JAJFOJ010000001.1	1451646	1452605		minus	HipA domain-containing protein		75161868	protein-coding		WP_118126591.1	319	LK408_RS06735
NZ_JAJFOJ010000001.1	1452602	1452937		minus	HipA N-terminal domain-containing protein		75161869	protein-coding		WP_007883533.1	111	LK408_RS06740
NZ_JAJFOJ010000001.1	1452941	1453141		minus	helix-turn-helix transcriptional regulator		75161870	protein-coding		WP_044927150.1	66	LK408_RS06745
NZ_JAJFOJ010000001.1	1453262	1453480		minus	carbon storage regulator CsrA	csrA	75161871	protein-coding		WP_007883531.1	72	LK408_RS06750
NZ_JAJFOJ010000001.1	1453483	1453944		minus	flagellar assembly protein FliW	fliW	75161872	protein-coding		WP_007883526.1	153	LK408_RS06755
NZ_JAJFOJ010000001.1	1454025	1455581		minus	flagellar hook-associated protein FlgL	flgL	75161873	protein-coding		WP_044927142.1	518	LK408_RS06760
NZ_JAJFOJ010000001.1	1455614	1457446		minus	flagellar hook-associated protein FlgK	flgK	75161874	protein-coding		WP_007883521.1	610	LK408_RS06765
NZ_JAJFOJ010000001.1	1457519	1459303		minus	flagellar hook-associated protein FlgK	flgK	75161875	protein-coding		WP_007883518.1	594	LK408_RS06770
NZ_JAJFOJ010000001.1	1459323	1459835		minus	flagellar protein FlgN		75161876	protein-coding		WP_227970493.1	170	LK408_RS06775
NZ_JAJFOJ010000001.1	1459851	1460132		minus	flagellar biosynthesis anti-sigma factor FlgM	flgM	75161877	protein-coding		WP_044927140.1	93	LK408_RS06780
NZ_JAJFOJ010000001.1	1460250	1461848		minus	potassium/proton antiporter		75161878	protein-coding		WP_227970494.1	532	LK408_RS06785
NZ_JAJFOJ010000001.1	1461931	1462848		minus	calcium/sodium antiporter		75161879	protein-coding		WP_055039739.1	305	LK408_RS06790
NZ_JAJFOJ010000001.1	1463090	1464064		minus	choloylglycine hydrolase	bsh	75161880	protein-coding		WP_007882397.1	324	LK408_RS06795
NZ_JAJFOJ010000001.1	1464319	1464585		plus	response regulator		75161881	protein-coding		WP_044926792.1	88	LK408_RS06800
NZ_JAJFOJ010000001.1	1464548	1464814		plus	hypothetical protein		75161882	protein-coding		WP_007882388.1	88	LK408_RS06805
NZ_JAJFOJ010000001.1	1464835	1465521		minus	3'-5' exonuclease		75161883	protein-coding		WP_007882387.1	228	LK408_RS06810
NZ_JAJFOJ010000001.1	1465575	1465955		minus	zinc ribbon domain-containing protein		75161884	protein-coding		WP_007882386.1	126	LK408_RS06815
NZ_JAJFOJ010000001.1	1466041	1466172		minus	hypothetical protein		76380058	protein-coding		WP_007882385.1	43	LK408_RS20150
NZ_JAJFOJ010000001.1	1466166	1466819		minus	hypothetical protein		75161885	protein-coding		WP_172727028.1	217	LK408_RS06820
NZ_JAJFOJ010000001.1	1466970	1467188		minus	hypothetical protein		75161886	protein-coding		WP_007882383.1	72	LK408_RS06825
NZ_JAJFOJ010000001.1	1467243	1467470		minus	hypothetical protein		75161887	protein-coding		WP_007882382.1	75	LK408_RS06830
NZ_JAJFOJ010000001.1	1467483	1468871		minus	MATE family efflux transporter		75161888	protein-coding		WP_007882381.1	462	LK408_RS06835
NZ_JAJFOJ010000001.1	1469007	1469855		minus	DMT family transporter		75161889	protein-coding		WP_007882380.1	282	LK408_RS06840
NZ_JAJFOJ010000001.1	1469910	1471070		minus	SLC13 family permease		75161890	protein-coding		WP_227970495.1	386	LK408_RS06845
NZ_JAJFOJ010000001.1	1471144	1471965		minus	Cof-type HAD-IIB family hydrolase		75161891	protein-coding		WP_007882377.1	273	LK408_RS06850
NZ_JAJFOJ010000001.1	1472204	1472767		minus	biotin transporter BioY		75161892	protein-coding		WP_007882375.1	187	LK408_RS06855
NZ_JAJFOJ010000001.1	1473092	1473604		plus	GNAT family N-acetyltransferase		75161893	protein-coding		WP_044926789.1	170	LK408_RS06860
NZ_JAJFOJ010000001.1	1473594	1474457		minus	undecaprenyl-diphosphate phosphatase		75161894	protein-coding		WP_007882373.1	287	LK408_RS06865
NZ_JAJFOJ010000001.1	1474553	1474623		minus	tRNA-Cys		75161895	tRNA				LK408_RS06870
NZ_JAJFOJ010000001.1	1474652	1474723		minus	tRNA-Glu		75161896	tRNA				LK408_RS06875
NZ_JAJFOJ010000001.1	1474738	1474809		minus	tRNA-Asn		75161897	tRNA				LK408_RS06880
NZ_JAJFOJ010000001.1	1474956	1477850		minus	23S ribosomal RNA		75161898	rRNA				LK408_RS06885
NZ_JAJFOJ010000001.1	1478239	1478356		minus	5S ribosomal RNA	rrf	75161899	rRNA				LK408_RS06890
NZ_JAJFOJ010000001.1	1478472	1480004		minus	16S ribosomal RNA		75161900	rRNA				LK408_RS06895
NZ_JAJFOJ010000001.1	1480385	1480472		minus	tRNA-Ser		75161901	tRNA				LK408_RS06900
NZ_JAJFOJ010000001.1	1480685	1480933		minus	hypothetical protein		75161902	protein-coding		WP_007888678.1	82	LK408_RS06905
NZ_JAJFOJ010000001.1	1481299	1482120		minus	Cof-type HAD-IIB family hydrolase		75161903	protein-coding		WP_007888675.1	273	LK408_RS06910
NZ_JAJFOJ010000001.1	1482636	1483079		minus	GNAT family N-acetyltransferase		75161904	protein-coding		WP_044928257.1	147	LK408_RS06915
NZ_JAJFOJ010000001.1	1483110	1483862		minus	TraX family protein		75161905	protein-coding		WP_044928255.1	250	LK408_RS06920
NZ_JAJFOJ010000001.1	1484183	1484692		minus	uncharacterized gene		75161906	pseudogene				LK408_RS06925
NZ_JAJFOJ010000001.1	1484693	1485286		minus	type IV toxin-antitoxin system AbiEi family antitoxin domain-containing protein		75161907	protein-coding		WP_007888660.1	197	LK408_RS06930
NZ_JAJFOJ010000001.1	1485404	1485595		plus	uncharacterized gene		88554011	pseudogene				LK408_RS20560
NZ_JAJFOJ010000001.1	1485697	1486164		minus	GNAT family N-acetyltransferase		75161909	protein-coding		WP_044928254.1	155	LK408_RS06940
NZ_JAJFOJ010000001.1	1486179	1486562		minus	hypothetical protein		75161910	protein-coding		WP_007888658.1	127	LK408_RS06945
NZ_JAJFOJ010000001.1	1486761	1486925		minus	hypothetical protein		75161911	protein-coding		WP_006857209.1	54	LK408_RS06950
NZ_JAJFOJ010000001.1	1487067	1487669		minus	alpha/beta fold hydrolase		75161912	protein-coding		WP_007888655.1	200	LK408_RS06955
NZ_JAJFOJ010000001.1	1487717	1487965		minus	hypothetical protein		75161913	protein-coding		WP_227970496.1	82	LK408_RS06960
NZ_JAJFOJ010000001.1	1487996	1488514		minus	cysteine hydrolase family protein		75161914	protein-coding		WP_007888651.1	172	LK408_RS06965
NZ_JAJFOJ010000001.1	1488471	1488908		minus	helix-turn-helix domain-containing protein		75161915	protein-coding		WP_044928252.1	145	LK408_RS06970
NZ_JAJFOJ010000001.1	1489145	1489615		minus	LURP-one-related/scramblase family protein		75161916	protein-coding		WP_007888647.1	156	LK408_RS06975
NZ_JAJFOJ010000001.1	1489652	1491136		minus	C69 family dipeptidase		75161917	protein-coding		WP_007888637.1	494	LK408_RS06980
NZ_JAJFOJ010000001.1	1491221	1491505		minus	acylphosphatase		75161918	protein-coding		WP_044928250.1	94	LK408_RS06985
NZ_JAJFOJ010000001.1	1491559	1492041		minus	GNAT family N-acetyltransferase		75161919	protein-coding		WP_044928248.1	160	LK408_RS06990
NZ_JAJFOJ010000001.1	1492109	1493026		minus	metallophosphoesterase family protein		75161920	protein-coding		WP_227970497.1	305	LK408_RS06995
NZ_JAJFOJ010000001.1	1493056	1494942		minus	DUF1266 domain-containing protein		75161921	protein-coding		WP_007888626.1	628	LK408_RS07000
NZ_JAJFOJ010000001.1	1495043	1496185		minus	Fic family protein		75161922	protein-coding		WP_055303188.1	380	LK408_RS07005
NZ_JAJFOJ010000001.1	1496345	1496899		minus	Fe-S-containing hydro-lyase		75161923	protein-coding		WP_044928263.1	184	LK408_RS07010
NZ_JAJFOJ010000001.1	1496988	1497833		minus	fumarate hydratase		75161924	protein-coding		WP_007888622.1	281	LK408_RS07015
NZ_JAJFOJ010000001.1	1497885	1498892		minus	putative ABC transporter permease		75161925	protein-coding		WP_007888620.1	335	LK408_RS07020
NZ_JAJFOJ010000001.1	1499273	1501888		minus	DNA gyrase subunit A	gyrA	75161926	protein-coding		WP_007888618.1	871	LK408_RS07025
NZ_JAJFOJ010000001.1	1502038	1503960		minus	DNA topoisomerase (ATP-hydrolyzing) subunit B	gyrB	75161927	protein-coding		WP_007888616.1	640	LK408_RS07030
NZ_JAJFOJ010000001.1	1504003	1505094		minus	DNA replication/repair protein RecF	recF	75161928	protein-coding		WP_007888614.1	363	LK408_RS07035
NZ_JAJFOJ010000001.1	1505091	1505306		minus	RNA-binding S4 domain-containing protein		75161929	protein-coding		WP_007888612.1	71	LK408_RS07040
NZ_JAJFOJ010000001.1	1505320	1506432		minus	DNA polymerase III subunit beta	dnaN	75161930	protein-coding		WP_021922597.1	370	LK408_RS07045
NZ_JAJFOJ010000001.1	1506768	1508123		minus	chromosomal replication initiator protein DnaA	dnaA	75161931	protein-coding		WP_007888607.1	451	LK408_RS07050
NZ_JAJFOJ010000001.1	1508749	1508883		plus	50S ribosomal protein L34	rpmH	75161932	protein-coding		WP_007888604.1	44	LK408_RS07055
NZ_JAJFOJ010000001.1	1508942	1509277		plus	ribonuclease P protein component	rnpA	75161933	protein-coding		WP_007888603.1	111	LK408_RS07060
NZ_JAJFOJ010000001.1	1509306	1509515		plus	membrane protein insertion efficiency factor YidD	yidD	75161934	protein-coding		WP_081453927.1	69	LK408_RS07065
NZ_JAJFOJ010000001.1	1509540	1510817		plus	YidC/Oxa1 family membrane protein insertase	yidC	75161935	protein-coding		WP_007888598.1	425	LK408_RS07070
NZ_JAJFOJ010000001.1	1510874	1511509		plus	RNA-binding cell elongation regulator Jag/EloR	jag	75161936	protein-coding		WP_007888596.1	211	LK408_RS07075
NZ_JAJFOJ010000001.1	1511638	1513011		plus	tRNA uridine-5-carboxymethylaminomethyl(34) synthesis GTPase MnmE	mnmE	75161937	protein-coding		WP_007888594.1	457	LK408_RS07080
NZ_JAJFOJ010000001.1	1513081	1515018		plus	tRNA uridine-5-carboxymethylaminomethyl(34) synthesis enzyme MnmG	mnmG	75161938	protein-coding		WP_007888592.1	645	LK408_RS07085
NZ_JAJFOJ010000001.1	1515015	1515728		plus	16S rRNA (guanine(527)-N(7))-methyltransferase RsmG	rsmG	75161939	protein-coding		WP_227970498.1	237	LK408_RS07090
NZ_JAJFOJ010000001.1	1515922	1516869		minus	alpha/beta hydrolase		75161940	protein-coding		WP_118093474.1	315	LK408_RS07095
NZ_JAJFOJ010000001.1	1517196	1517750		plus	hypothetical protein		75161941	protein-coding		WP_044928245.1	184	LK408_RS07100
NZ_JAJFOJ010000001.1	1517842	1518105		plus	hypothetical protein		75161942	protein-coding		WP_007888584.1	87	LK408_RS07105
NZ_JAJFOJ010000001.1	1518784	1519551		plus	ParA family protein		75161943	protein-coding		WP_021922606.1	255	LK408_RS07110
NZ_JAJFOJ010000001.1	1519555	1520481		plus	ParB/RepB/Spo0J family partition protein		75161944	protein-coding		WP_007888577.1	308	LK408_RS07115
NZ_JAJFOJ010000001.1	1520551	1521057		plus	DUF4446 family protein		75161945	protein-coding		WP_007888575.1	168	LK408_RS07120
NZ_JAJFOJ010000001.1	1521142	1522020		plus	DUF3881 family protein		75161946	protein-coding		WP_007888573.1	292	LK408_RS07125
NZ_JAJFOJ010000001.1	1522101	1522172		plus	tRNA-Arg		75161947	tRNA				LK408_RS07130
NZ_JAJFOJ010000001.1	1522362	1522652		plus	hypothetical protein		75161948	protein-coding		WP_007888567.1	96	LK408_RS07135
NZ_JAJFOJ010000001.1	1522653	1522802		plus	hypothetical protein		75161949	protein-coding		WP_007888566.1	49	LK408_RS07140
NZ_JAJFOJ010000001.1	1522903	1523190		minus	helix-turn-helix domain-containing protein		75161950	protein-coding		WP_015517757.1	95	LK408_RS07145
NZ_JAJFOJ010000001.1	1523193	1523558		minus	type II toxin-antitoxin system RelE/ParE family toxin		75161951	protein-coding		WP_007888560.1	121	LK408_RS07150
NZ_JAJFOJ010000001.1	1523822	1524472		plus	hypothetical protein		75161952	protein-coding		WP_007888069.1	216	LK408_RS07155
NZ_JAJFOJ010000001.1	1524484	1524714		minus	hypothetical protein		75161953	protein-coding		WP_007888066.1	76	LK408_RS07160
NZ_JAJFOJ010000001.1	1524789	1525811		minus	site-specific integrase		75161954	protein-coding		WP_007888063.1	340	LK408_RS07165
NZ_JAJFOJ010000001.1	1525801	1526790		minus	tyrosine-type recombinase/integrase		75161955	protein-coding		WP_007888061.1	329	LK408_RS07170
NZ_JAJFOJ010000001.1	1526787	1528001		minus	site-specific integrase		75161956	protein-coding		WP_007888060.1	404	LK408_RS07175
NZ_JAJFOJ010000001.1	1528614	1529369		plus	LytR/AlgR family response regulator transcription factor		75161957	protein-coding		WP_227970499.1	251	LK408_RS07180
NZ_JAJFOJ010000001.1	1529378	1530670		plus	ATP-binding protein		75161958	protein-coding		WP_227970500.1	430	LK408_RS07185
NZ_JAJFOJ010000001.1	1530799	1531455		plus	DUF3879 family protein		75161959	protein-coding		WP_227970501.1	218	LK408_RS07190
NZ_JAJFOJ010000001.1	1531504	1531692		plus	hypothetical protein		75161960	protein-coding		WP_044928892.1	62	LK408_RS07195
NZ_JAJFOJ010000001.1	1531655	1531855		plus	DUF6947 domain-containing protein		97128123	protein-coding		WP_081453954.1	66	LK408_RS20685
NZ_JAJFOJ010000001.1	1531928	1533370		plus	hypothetical protein		75161961	protein-coding		WP_015517468.1	480	LK408_RS07200
NZ_JAJFOJ010000001.1	1533651	1534250		plus	LytR/AlgR family response regulator transcription factor		75161962	protein-coding		WP_007890422.1	199	LK408_RS07205
NZ_JAJFOJ010000001.1	1534386	1535012		plus	DUF3879 family protein		75161963	protein-coding		WP_007890423.1	208	LK408_RS07210
NZ_JAJFOJ010000001.1	1535327	1535566		minus	DUF6061 family protein		75161964	protein-coding		WP_007890424.1	79	LK408_RS07215
NZ_JAJFOJ010000001.1	1535925	1536161		minus	uncharacterized gene		75161965	pseudogene				LK408_RS07220
NZ_JAJFOJ010000001.1	1536390	1537082		plus	response regulator transcription factor		75161966	protein-coding		WP_007890426.1	230	LK408_RS07225
NZ_JAJFOJ010000001.1	1537079	1538110		plus	sensor histidine kinase		75161967	protein-coding		WP_007890427.1	343	LK408_RS07230
NZ_JAJFOJ010000001.1	1538276	1540096		plus	ABC transporter permease		75161968	protein-coding		WP_044928894.1	606	LK408_RS07235
NZ_JAJFOJ010000001.1	1540360	1541025		plus	ABC transporter ATP-binding protein		75161969	protein-coding		WP_007890430.1	221	LK408_RS07240
NZ_JAJFOJ010000001.1	1541040	1543532		plus	ABC transporter permease		75161970	protein-coding		WP_007890431.1	830	LK408_RS07245
NZ_JAJFOJ010000001.1	1543551	1543976		plus	hypothetical protein		75161971	protein-coding		WP_007890432.1	141	LK408_RS07250
NZ_JAJFOJ010000001.1	1544703	1545128		plus	HAD domain-containing protein		75161972	protein-coding		WP_044928896.1	141	LK408_RS07255
NZ_JAJFOJ010000001.1	1545144	1545383		plus	TnpV protein		75161973	protein-coding		WP_007890434.1	79	LK408_RS07260
NZ_JAJFOJ010000001.1	1545577	1545906		plus	DUF6442 family protein		75161974	protein-coding		WP_005608366.1	109	LK408_RS07265
NZ_JAJFOJ010000001.1	1545903	1546109		plus	helix-turn-helix transcriptional regulator		75161975	protein-coding		WP_003865061.1	68	LK408_RS07270
NZ_JAJFOJ010000001.1	1546119	1546421		plus	hypothetical protein		75161976	protein-coding		WP_007890435.1	100	LK408_RS07275
NZ_JAJFOJ010000001.1	1546441	1547238		plus	YhfC family intramembrane metalloprotease		75161977	protein-coding		WP_227970502.1	265	LK408_RS07280
NZ_JAJFOJ010000001.1	1547775	1548392		plus	hypothetical protein		75161978	protein-coding		WP_007890437.1	205	LK408_RS07285
NZ_JAJFOJ010000001.1	1548379	1549290		plus	nucleotidyl transferase AbiEii/AbiGii toxin family protein		75161979	protein-coding		WP_007890438.1	303	LK408_RS07290
NZ_JAJFOJ010000001.1	1549445	1550198		plus	uncharacterized gene		75161980	pseudogene				LK408_RS07295
NZ_JAJFOJ010000001.1	1550312	1550653		plus	PAS domain S-box protein		75161981	protein-coding		WP_007890440.1	113	LK408_RS07300
NZ_JAJFOJ010000001.1	1550683	1552401		plus	glycoside hydrolase family 13 protein		75161982	protein-coding		WP_007890441.1	572	LK408_RS07305
NZ_JAJFOJ010000001.1	1552703	1553407		plus	ABC transporter ATP-binding protein		75161983	protein-coding		WP_044928899.1	234	LK408_RS07310
NZ_JAJFOJ010000001.1	1553417	1557100		plus	ABC transporter permease		75161984	protein-coding		WP_227970503.1	1227	LK408_RS07315
NZ_JAJFOJ010000001.1	1557193	1558548		plus	MATE family efflux transporter		75161985	protein-coding		WP_007890445.1	451	LK408_RS07320
NZ_JAJFOJ010000001.1	1558620	1559219		plus	TetR/AcrR family transcriptional regulator		75161986	protein-coding		WP_049888010.1	199	LK408_RS07325
NZ_JAJFOJ010000001.1	1559411	1560076		plus	hypothetical protein		75161987	protein-coding		WP_007890447.1	221	LK408_RS07330
NZ_JAJFOJ010000001.1	1560220	1561299		plus	Fic family protein		75161988	protein-coding		WP_007890448.1	359	LK408_RS07335
NZ_JAJFOJ010000001.1	1561539	1562885		plus	MATE family efflux transporter		75161989	protein-coding		WP_044928905.1	448	LK408_RS07340
NZ_JAJFOJ010000001.1	1562915	1563055		plus	hypothetical protein		75161990	protein-coding		WP_007890450.1	46	LK408_RS07345
NZ_JAJFOJ010000001.1	1563065	1563253		minus	uncharacterized gene		75161991	pseudogene				LK408_RS07350
NZ_JAJFOJ010000001.1	1563269	1565482		minus	FtsX-like permease family protein		75161992	protein-coding		WP_007890452.1	737	LK408_RS07355
NZ_JAJFOJ010000001.1	1565472	1566239		minus	ABC transporter ATP-binding protein		75161993	protein-coding		WP_007890453.1	255	LK408_RS07360
NZ_JAJFOJ010000001.1	1566351	1567364		minus	sensor histidine kinase		75161994	protein-coding		WP_007890454.1	337	LK408_RS07365
NZ_JAJFOJ010000001.1	1567361	1568029		minus	response regulator transcription factor		75161995	protein-coding		WP_007890455.1	222	LK408_RS07370
NZ_JAJFOJ010000001.1	1568143	1568295		minus	hypothetical protein		75161996	protein-coding		WP_007890456.1	50	LK408_RS07375
NZ_JAJFOJ010000001.1	1568587	1569270		plus	hypothetical protein		75161997	protein-coding		WP_007890457.1	227	LK408_RS07380
NZ_JAJFOJ010000001.1	1569438	1570238		minus	ExeA family protein		75161998	protein-coding		WP_007890459.1	266	LK408_RS07385
NZ_JAJFOJ010000001.1	1570238	1571482		minus	DDE-type integrase/transposase/recombinase		75161999	protein-coding		WP_007890460.1	414	LK408_RS07390
NZ_JAJFOJ010000001.1	1571546	1572067		minus	DUF6431 domain-containing protein		75162000	protein-coding		WP_007890461.1	173	LK408_RS07395
NZ_JAJFOJ010000001.1	1572279	1573868		plus	carbohydrate-binding domain-containing protein		75162001	protein-coding		WP_227970504.1	529	LK408_RS07400
NZ_JAJFOJ010000001.1	1574026	1574259		plus	uncharacterized gene		75162002	pseudogene				LK408_RS07405
NZ_JAJFOJ010000001.1	1574626	1577055		plus	TIM-barrel domain-containing protein		75162003	protein-coding		WP_007890465.1	809	LK408_RS07410
NZ_JAJFOJ010000001.1	1577094	1578632		plus	ABC transporter substrate-binding protein		75162004	protein-coding		WP_007890466.1	512	LK408_RS07415
NZ_JAJFOJ010000001.1	1578754	1579698		plus	ABC transporter permease		75162005	protein-coding		WP_007890467.1	314	LK408_RS07420
NZ_JAJFOJ010000001.1	1579710	1580591		plus	carbohydrate ABC transporter permease		75162006	protein-coding		WP_007890468.1	293	LK408_RS07425
NZ_JAJFOJ010000001.1	1580596	1582233		plus	sensor histidine kinase		86263561	protein-coding		WP_227970505.1	545	LK408_RS20275
NZ_JAJFOJ010000001.1	1582230	1583804		plus	response regulator transcription factor		75162008	protein-coding		WP_007890471.1	524	LK408_RS07435
NZ_JAJFOJ010000001.1	1583851	1584636		plus	nitroreductase family protein		75162009	protein-coding		WP_007890472.1	261	LK408_RS07440
NZ_JAJFOJ010000001.1	1584626	1586146		plus	4-alpha-glucanotransferase	malQ	75162010	protein-coding		WP_321576010.1	506	LK408_RS07445
NZ_JAJFOJ010000001.1	1586139	1586363		plus	HFCD family protein		75162011	protein-coding		WP_217284426.1	74	LK408_RS07450
NZ_JAJFOJ010000001.1	1586575	1587948		minus	IS4 family transposase		75162012	protein-coding		WP_044928915.1	457	LK408_RS07455
NZ_JAJFOJ010000001.1	1588665	1589582		plus	transporter substrate-binding domain-containing protein		75162013	protein-coding		WP_007890478.1	305	LK408_RS07460
NZ_JAJFOJ010000001.1	1589610	1590641		plus	glutathione S-transferase C-terminal domain-containing protein		75162014	protein-coding		WP_007890479.1	343	LK408_RS07465
NZ_JAJFOJ010000001.1	1590656	1591714		plus	glutathione S-transferase C-terminal domain-containing protein		75162015	protein-coding		WP_007890480.1	352	LK408_RS07470
NZ_JAJFOJ010000001.1	1591736	1592167		plus	GNAT family N-acetyltransferase		75162016	protein-coding		WP_007890481.1	143	LK408_RS07475
NZ_JAJFOJ010000001.1	1592220	1592963		plus	amino acid ABC transporter permease		75162017	protein-coding		WP_007890482.1	247	LK408_RS07480
NZ_JAJFOJ010000001.1	1592966	1593721		plus	amino acid ABC transporter ATP-binding protein		75162018	protein-coding		WP_007890483.1	251	LK408_RS07485
NZ_JAJFOJ010000001.1	1593921	1595030		plus	M20/M25/M40 family metallo-hydrolase		75162019	protein-coding		WP_007890484.1	369	LK408_RS07490
NZ_JAJFOJ010000001.1	1595067	1596527		minus	tetratricopeptide repeat-containing diguanylate cyclase		75162020	protein-coding		WP_049888009.1	486	LK408_RS07495
NZ_JAJFOJ010000001.1	1596817	1598082		plus	hypothetical protein		75162021	protein-coding		WP_172727177.1	421	LK408_RS07500
NZ_JAJFOJ010000001.1	1598202	1599419		minus	peptidase T	pepT	75162022	protein-coding		WP_007890487.1	405	LK408_RS07505
NZ_JAJFOJ010000001.1	1599588	1599660		plus	tRNA-Lys		75162023	tRNA				LK408_RS07510
NZ_JAJFOJ010000001.1	1599950	1600396		plus	Hsp20/alpha crystallin family protein		75162024	protein-coding		WP_007890488.1	148	LK408_RS07515
NZ_JAJFOJ010000001.1	1600448	1601086		minus	tRNA (guanosine(46)-N7)-methyltransferase TrmB	trmB	75162025	protein-coding		WP_007890489.1	212	LK408_RS07520
NZ_JAJFOJ010000001.1	1601328	1602713		plus	D-alanyl-D-alanine carboxypeptidase family protein		75162026	protein-coding		WP_007890491.1	461	LK408_RS07525
NZ_JAJFOJ010000001.1	1602717	1603346		plus	type IV toxin-antitoxin system AbiEi family antitoxin domain-containing protein		75162027	protein-coding		WP_007890492.1	209	LK408_RS07530
NZ_JAJFOJ010000001.1	1603347	1604231		plus	hypothetical protein		75162028	protein-coding		WP_007890493.1	294	LK408_RS07535
NZ_JAJFOJ010000001.1	1604265	1605341		minus	NTP transferase domain-containing protein		75162029	protein-coding		WP_227970506.1	358	LK408_RS07540
NZ_JAJFOJ010000001.1	1605543	1607000		plus	aminotransferase class I/II-fold pyridoxal phosphate-dependent enzyme		75162030	protein-coding		WP_044928990.1	485	LK408_RS07545
NZ_JAJFOJ010000001.1	1607032	1607619		plus	nucleoside/nucleotide kinase family protein		75162031	protein-coding		WP_044928992.1	195	LK408_RS07550
NZ_JAJFOJ010000001.1	1607638	1608078		plus	YaaR family protein		75162032	protein-coding		WP_007890497.1	146	LK408_RS07555
NZ_JAJFOJ010000001.1	1608090	1609079		plus	DNA polymerase III subunit		75162033	protein-coding		WP_007890498.1	329	LK408_RS07560
NZ_JAJFOJ010000001.1	1609081	1609989		plus	PSP1 domain-containing protein		75162034	protein-coding		WP_007890499.1	302	LK408_RS07565
NZ_JAJFOJ010000001.1	1609976	1610719		plus	tRNA1(Val) (adenine(37)-N6)-methyltransferase		75162035	protein-coding		WP_007890500.1	247	LK408_RS07570
NZ_JAJFOJ010000001.1	1611027	1611779		plus	prolipoprotein diacylglyceryl transferase		75162036	protein-coding		WP_007890501.1	250	LK408_RS07575
NZ_JAJFOJ010000001.1	1611827	1612669		plus	16S rRNA (cytidine(1402)-2'-O)-methyltransferase	rsmI	75162037	protein-coding		WP_007890502.1	280	LK408_RS07580
NZ_JAJFOJ010000001.1	1612679	1613926		plus	CapA family protein		75162038	protein-coding		WP_007890503.1	415	LK408_RS07585
NZ_JAJFOJ010000001.1	1614088	1614453		plus	BlaI/MecI/CopY family transcriptional regulator		75162039	protein-coding		WP_007890504.1	121	LK408_RS07590
NZ_JAJFOJ010000001.1	1614456	1616189		plus	M56 family metallopeptidase		75162040	protein-coding		WP_227970507.1	577	LK408_RS07595
NZ_JAJFOJ010000001.1	1616904	1618709		minus	DUF885 domain-containing protein		75162041	protein-coding		WP_227970508.1	601	LK408_RS07600
NZ_JAJFOJ010000001.1	1618979	1621480		plus	DUF5704 domain-containing protein		75162042	protein-coding		WP_172727178.1	833	LK408_RS07605
NZ_JAJFOJ010000001.1	1621545	1622198		plus	hypothetical protein		75162043	protein-coding		WP_007890510.1	217	LK408_RS07610
NZ_JAJFOJ010000001.1	1622259	1623908		plus	two-component system response regulator		75162044	protein-coding		WP_007890511.1	549	LK408_RS07615
NZ_JAJFOJ010000001.1	1624006	1624530		plus	spore maturation protein		75162045	protein-coding		WP_007890512.1	174	LK408_RS07620
NZ_JAJFOJ010000001.1	1624660	1624733		plus	tRNA-Met		75162046	tRNA				LK408_RS07625
NZ_JAJFOJ010000001.1	1624900	1625622		plus	NAD-dependent protein deacylase		75162047	protein-coding		WP_044928923.1	240	LK408_RS07630
NZ_JAJFOJ010000001.1	1625744	1625935		plus	DUF951 domain-containing protein		75162048	protein-coding		WP_021923643.1	63	LK408_RS07635
NZ_JAJFOJ010000001.1	1626038	1626328		plus	30S ribosomal protein S6	rpsF	75162049	protein-coding		WP_007890515.1	96	LK408_RS07640
NZ_JAJFOJ010000001.1	1626381	1626818		plus	single-stranded DNA-binding protein		75162050	protein-coding		WP_007890516.1	145	LK408_RS07645
NZ_JAJFOJ010000001.1	1626840	1627103		plus	30S ribosomal protein S18	rpsR	75162051	protein-coding		WP_021923644.1	87	LK408_RS07650
NZ_JAJFOJ010000001.1	1627263	1628636		plus	MATE family efflux transporter		75162052	protein-coding		WP_044928925.1	457	LK408_RS07655
NZ_JAJFOJ010000001.1	1628757	1629464		plus	hypothetical protein		75162053	protein-coding		WP_007890519.1	235	LK408_RS07660
NZ_JAJFOJ010000001.1	1629556	1631610		plus	DHH family phosphoesterase		75162054	protein-coding		WP_007890520.1	684	LK408_RS07665
NZ_JAJFOJ010000001.1	1631607	1632053		plus	50S ribosomal protein L9	rplI	75162055	protein-coding		WP_007890521.1	148	LK408_RS07670
NZ_JAJFOJ010000001.1	1632064	1633401		plus	replicative DNA helicase	dnaB	75162056	protein-coding		WP_007890522.1	445	LK408_RS07675
NZ_JAJFOJ010000001.1	1633566	1634186		plus	MerR family transcriptional regulator		75162057	protein-coding		WP_021922116.1	206	LK408_RS07680
NZ_JAJFOJ010000001.1	1634225	1634395		minus	DUF362 domain-containing protein		75162058	protein-coding		WP_021922115.1	56	LK408_RS07685
NZ_JAJFOJ010000001.1	1634629	1635666		minus	aldose epimerase family protein		75162059	protein-coding		WP_007890524.1	345	LK408_RS07690
NZ_JAJFOJ010000001.1	1635877	1636929		plus	L-threonylcarbamoyladenylate synthase		75162060	protein-coding		WP_044928928.1	350	LK408_RS07695
NZ_JAJFOJ010000001.1	1636970	1637428		plus	arsenate reductase/protein-tyrosine-phosphatase family protein		75162061	protein-coding		WP_021922112.1	152	LK408_RS07700
NZ_JAJFOJ010000001.1	1637434	1638063		plus	uracil phosphoribosyltransferase	upp	75162062	protein-coding		WP_021922111.1	209	LK408_RS07705
NZ_JAJFOJ010000001.1	1638100	1638585		plus	deoxycytidylate deaminase		75162063	protein-coding		WP_007890529.1	161	LK408_RS07710
NZ_JAJFOJ010000001.1	1638627	1638860		plus	AtpZ/AtpI family protein		75162064	protein-coding		WP_007890530.1	77	LK408_RS07715
NZ_JAJFOJ010000001.1	1638862	1639287		plus	hypothetical protein		75162065	protein-coding		WP_007890531.1	141	LK408_RS07720
NZ_JAJFOJ010000001.1	1639331	1640050		plus	F0F1 ATP synthase subunit A	atpB	75162066	protein-coding		WP_007890532.1	239	LK408_RS07725
NZ_JAJFOJ010000001.1	1640067	1640321		plus	ATP synthase F0 subunit C	atpE	75162067	protein-coding		WP_007890533.1	84	LK408_RS07730
NZ_JAJFOJ010000001.1	1640375	1640890		plus	F0F1 ATP synthase subunit B	atpF	75162068	protein-coding		WP_007890534.1	171	LK408_RS07735
NZ_JAJFOJ010000001.1	1640878	1641444		plus	ATP synthase F1 subunit delta	atpH	75162069	protein-coding		WP_007890535.1	188	LK408_RS07740
NZ_JAJFOJ010000001.1	1641441	1642949		plus	F0F1 ATP synthase subunit alpha	atpA	75162070	protein-coding		WP_007890536.1	502	LK408_RS07745
NZ_JAJFOJ010000001.1	1642969	1643829		plus	ATP synthase F1 subunit gamma	atpG	75162071	protein-coding		WP_007890537.1	286	LK408_RS07750
NZ_JAJFOJ010000001.1	1643949	1645340		plus	F0F1 ATP synthase subunit beta	atpD	75162072	protein-coding		WP_007890538.1	463	LK408_RS07755
NZ_JAJFOJ010000001.1	1645355	1645765		plus	ATP synthase F1 subunit epsilon	atpC	75162073	protein-coding		WP_007890539.1	136	LK408_RS07760
NZ_JAJFOJ010000001.1	1645878	1646450		plus	cytidylate kinase-like family protein		75162074	protein-coding		WP_007890540.1	190	LK408_RS07765
NZ_JAJFOJ010000001.1	1646727	1648079		plus	ATP-binding protein		75162075	protein-coding		WP_021922101.1	450	LK408_RS07770
NZ_JAJFOJ010000001.1	1648114	1648968		minus	YitT family protein		75162076	protein-coding		WP_044928935.1	284	LK408_RS07775
NZ_JAJFOJ010000001.1	1649289	1649498		plus	helix-turn-helix transcriptional regulator		75162077	protein-coding		WP_007890543.1	69	LK408_RS07780
NZ_JAJFOJ010000001.1	1649503	1649985		plus	hypothetical protein		75162078	protein-coding		WP_007890544.1	160	LK408_RS07785
NZ_JAJFOJ010000001.1	1650158	1650403		plus	MATE family efflux transporter		75162079	protein-coding		WP_007890545.1	81	LK408_RS07790
NZ_JAJFOJ010000001.1	1650409	1650960		plus	MATE family efflux transporter		75162080	protein-coding		WP_044928939.1	183	LK408_RS07795
NZ_JAJFOJ010000001.1	1651322	1651870		plus	GNAT family N-acetyltransferase		75162081	protein-coding		WP_007890547.1	182	LK408_RS07800
NZ_JAJFOJ010000001.1	1651839	1652489		plus	histidine phosphatase family protein		75162082	protein-coding		WP_007890548.1	216	LK408_RS07805
NZ_JAJFOJ010000001.1	1652736	1653485		plus	DeoR/GlpR family DNA-binding transcription regulator		75162085	protein-coding		WP_007890549.1	249	LK408_RS07820
NZ_JAJFOJ010000001.1	1653505	1654431		plus	1-phosphofructokinase	pfkB	75162086	protein-coding		WP_007890550.1	308	LK408_RS07825
NZ_JAJFOJ010000001.1	1654450	1656366		plus	PTS fructose transporter subunit IIABC		75162087	protein-coding		WP_227970509.1	638	LK408_RS07830
NZ_JAJFOJ010000001.1	1656382	1656639		plus	HPr family phosphocarrier protein		75162088	protein-coding		WP_007890552.1	85	LK408_RS07835
NZ_JAJFOJ010000001.1	1656715	1658334		plus	phosphoenolpyruvate--protein phosphotransferase	ptsP	75162089	protein-coding		WP_227970510.1	539	LK408_RS07840
NZ_JAJFOJ010000001.1	1658342	1658860		minus	amidohydrolase family protein		75162090	protein-coding		WP_007890555.1	172	LK408_RS07845
NZ_JAJFOJ010000001.1	1658899	1659849		plus	ABC transporter ATP-binding protein		75162091	protein-coding		WP_227970511.1	316	LK408_RS07850
NZ_JAJFOJ010000001.1	1659861	1660823		plus	ABC transporter ATP-binding protein		75162092	protein-coding		WP_007890557.1	320	LK408_RS07855
NZ_JAJFOJ010000001.1	1660990	1662177		plus	amidohydrolase		75162093	protein-coding		WP_007890559.1	395	LK408_RS07860
NZ_JAJFOJ010000001.1	1662380	1663624		plus	HipA domain-containing protein		75162094	protein-coding		WP_007890560.1	414	LK408_RS07865
NZ_JAJFOJ010000001.1	1663839	1666235		plus	glycoside hydrolase family 3 C-terminal domain-containing protein		75162095	protein-coding		WP_007890561.1	798	LK408_RS07870
NZ_JAJFOJ010000001.1	1666358	1666939		plus	GTP pyrophosphokinase		75162096	protein-coding		WP_227970512.1	193	LK408_RS07875
NZ_JAJFOJ010000001.1	1667020	1667808		plus	glycerophosphodiester phosphodiesterase		75162097	protein-coding		WP_007890563.1	262	LK408_RS07880
NZ_JAJFOJ010000001.1	1667826	1668887		plus	alpha/beta hydrolase		75162098	protein-coding		WP_007890564.1	353	LK408_RS07885
NZ_JAJFOJ010000001.1	1668841	1670127		plus	MFS transporter		75162099	protein-coding		WP_007890565.1	428	LK408_RS07890
NZ_JAJFOJ010000001.1	1670230	1671198		plus	substrate-binding domain-containing protein		75162100	protein-coding		WP_007890566.1	322	LK408_RS07895
NZ_JAJFOJ010000001.1	1671393	1672250		plus	phosphate ABC transporter permease subunit PstC	pstC	75162101	protein-coding		WP_007890568.1	285	LK408_RS07900
NZ_JAJFOJ010000001.1	1672258	1673139		plus	phosphate ABC transporter permease PstA	pstA	75162102	protein-coding		WP_007890569.1	293	LK408_RS07905
NZ_JAJFOJ010000001.1	1673229	1673981		plus	phosphate ABC transporter ATP-binding protein PstB	pstB	75162103	protein-coding		WP_007890570.1	250	LK408_RS07910
NZ_JAJFOJ010000001.1	1674006	1674662		plus	phosphate signaling complex protein PhoU	phoU	75162104	protein-coding		WP_007890571.1	218	LK408_RS07915
NZ_JAJFOJ010000001.1	1674834	1676594		plus	Na/Pi cotransporter family protein		75162105	protein-coding		WP_044928949.1	586	LK408_RS07920
NZ_JAJFOJ010000001.1	1676725	1677396		plus	response regulator transcription factor		75162106	protein-coding		WP_044929002.1	223	LK408_RS07925
NZ_JAJFOJ010000001.1	1677448	1678767		plus	ATP-binding protein		75162107	protein-coding		WP_007890574.1	439	LK408_RS07930
NZ_JAJFOJ010000001.1	1678979	1680436		plus	TM1812 family CRISPR-associated protein		75162108	protein-coding		WP_007890575.1	485	LK408_RS07935
NZ_JAJFOJ010000001.1	1680429	1680791		plus	hypothetical protein		75162109	protein-coding		WP_007890576.1	120	LK408_RS07940
NZ_JAJFOJ010000001.1	1680802	1682313		plus	hypothetical protein		75162110	protein-coding		WP_007890577.1	503	LK408_RS07945
NZ_JAJFOJ010000001.1	1682303	1684390		plus	RAMP superfamily CRISPR-associated protein		75162111	protein-coding		WP_007890578.1	695	LK408_RS07950
NZ_JAJFOJ010000001.1	1684390	1685691		plus	RAMP superfamily CRISPR-associated protein		75162112	protein-coding		WP_007890579.1	433	LK408_RS07955
NZ_JAJFOJ010000001.1	1685688	1686038		plus	hypothetical protein		75162113	protein-coding		WP_007890580.1	116	LK408_RS07960
NZ_JAJFOJ010000001.1	1686035	1688008		plus	TIGR03986 family type III CRISPR-associated RAMP protein		75162114	protein-coding		WP_007890581.1	657	LK408_RS07965
NZ_JAJFOJ010000001.1	1688009	1688731		plus	CRISPR-associated endoribonuclease Cas6	cas6	75162115	protein-coding		WP_007890582.1	240	LK408_RS07970
NZ_JAJFOJ010000001.1	1689564	1690385		plus	reverse transcriptase domain-containing protein		75162116	protein-coding		WP_007885302.1	273	LK408_RS07975
NZ_JAJFOJ010000001.1	1690386	1691465		plus	CRISPR-associated endonuclease Cas1	cas1	75162117	protein-coding		WP_007885300.1	359	LK408_RS07980
NZ_JAJFOJ010000001.1	1691474	1691734		plus	CRISPR-associated endonuclease Cas2	cas2	75162118	protein-coding		WP_007885298.1	86	LK408_RS07985
NZ_JAJFOJ010000001.1	1692335	1693810		plus	hypothetical protein		75162119	protein-coding		WP_007886215.1	491	LK408_RS07990
NZ_JAJFOJ010000001.1	1693896	1695230		plus	ATP-binding protein		75162120	protein-coding		WP_007886214.1	444	LK408_RS07995
NZ_JAJFOJ010000001.1	1695360	1698656		plus	DEAD/DEAH box helicase		75162121	protein-coding		WP_007886213.1	1098	LK408_RS08000
NZ_JAJFOJ010000001.1	1699005	1699667		plus	F0F1 ATP synthase subunit A		75162122	protein-coding		WP_044927571.1	220	LK408_RS08005
NZ_JAJFOJ010000001.1	1699716	1699940		plus	ATP synthase F0 subunit C	atpE	75162123	protein-coding		WP_007886211.1	74	LK408_RS08010
NZ_JAJFOJ010000001.1	1699960	1700466		plus	F0F1 ATP synthase subunit B	atpF	75162124	protein-coding		WP_007886210.1	168	LK408_RS08015
NZ_JAJFOJ010000001.1	1700447	1700950		plus	ATP synthase F1 subunit delta	atpH	75162125	protein-coding		WP_007886209.1	167	LK408_RS08020
NZ_JAJFOJ010000001.1	1700955	1702457		plus	F0F1 ATP synthase subunit alpha	atpA	75162126	protein-coding		WP_007886206.1	500	LK408_RS08025
NZ_JAJFOJ010000001.1	1702464	1703357		plus	ATP synthase F1 subunit gamma	atpG	75162127	protein-coding		WP_007886205.1	297	LK408_RS08030
NZ_JAJFOJ010000001.1	1703370	1704773		plus	F0F1 ATP synthase subunit beta	atpD	75162128	protein-coding		WP_007886203.1	467	LK408_RS08035
NZ_JAJFOJ010000001.1	1704777	1705199		plus	ATP synthase F1 subunit epsilon	atpC	75162129	protein-coding		WP_007886202.1	140	LK408_RS08040
NZ_JAJFOJ010000001.1	1705663	1705794		plus	hypothetical protein		75162130	protein-coding		WP_408639583.1	43	LK408_RS08045
NZ_JAJFOJ010000001.1	1705947	1707740		plus	sensor histidine kinase		75162131	protein-coding		WP_227970513.1	597	LK408_RS08050
NZ_JAJFOJ010000001.1	1707728	1708480		plus	response regulator transcription factor		75162132	protein-coding		WP_007886199.1	250	LK408_RS08055
NZ_JAJFOJ010000001.1	1708464	1709735		plus	extracellular solute-binding protein		75162133	protein-coding		WP_007886198.1	423	LK408_RS08060
NZ_JAJFOJ010000001.1	1709947	1711257		plus	ABC transporter substrate-binding protein		75162134	protein-coding		WP_007886196.1	436	LK408_RS08065
NZ_JAJFOJ010000001.1	1711331	1712263		plus	carbohydrate ABC transporter permease		75162135	protein-coding		WP_007886195.1	310	LK408_RS08070
NZ_JAJFOJ010000001.1	1712279	1713133		plus	carbohydrate ABC transporter permease		75162136	protein-coding		WP_007886193.1	284	LK408_RS08075
NZ_JAJFOJ010000001.1	1713170	1714477		plus	alpha-L-fucosidase		75162137	protein-coding		WP_007886191.1	435	LK408_RS08080
NZ_JAJFOJ010000001.1	1714497	1717436		plus	glycoside hydrolase family 98 domain-containing protein		75162138	protein-coding		WP_227970514.1	979	LK408_RS08085
NZ_JAJFOJ010000001.1	1717513	1718775		plus	Gfo/Idh/MocA family protein		75162139	protein-coding		WP_007886188.1	420	LK408_RS08090
NZ_JAJFOJ010000001.1	1718847	1721075		plus	alpha-galactosidase		75162140	protein-coding		WP_044927570.1	742	LK408_RS08095
NZ_JAJFOJ010000001.1	1721451	1722032		plus	manganese efflux pump MntP		75162141	protein-coding		WP_007886184.1	193	LK408_RS08100
NZ_JAJFOJ010000001.1	1722286	1723254		plus	calcium/sodium antiporter		75162142	protein-coding		WP_007886182.1	322	LK408_RS08105
NZ_JAJFOJ010000001.1	1723390	1724421		plus	ATP-binding protein		75162143	protein-coding		WP_021924112.1	343	LK408_RS08110
NZ_JAJFOJ010000001.1	1724543	1724947		plus	zinc ribbon domain-containing protein		75162144	protein-coding		WP_044927569.1	134	LK408_RS08115
NZ_JAJFOJ010000001.1	1725163	1725360		plus	hypothetical protein		75162145	protein-coding		WP_044927568.1	65	LK408_RS08120
NZ_JAJFOJ010000001.1	1725566	1727563		plus	methionine--tRNA ligase	metG	75162146	protein-coding		WP_007886173.1	665	LK408_RS08125
NZ_JAJFOJ010000001.1	1727751	1728443		plus	response regulator transcription factor		75162147	protein-coding		WP_007886172.1	230	LK408_RS08130
NZ_JAJFOJ010000001.1	1728460	1730553		plus	sensor histidine kinase		75162148	protein-coding		WP_007886171.1	697	LK408_RS08135
NZ_JAJFOJ010000001.1	1730550	1731191		plus	HAD family hydrolase		75162149	protein-coding		WP_007886169.1	213	LK408_RS08140
NZ_JAJFOJ010000001.1	1731369	1733660		plus	hydratase		75162150	protein-coding		WP_044927573.1	763	LK408_RS08145
NZ_JAJFOJ010000001.1	1733801	1735135		plus	AI-2E family transporter		75162151	protein-coding		WP_172727084.1	444	LK408_RS08150
NZ_JAJFOJ010000001.1	1735233	1737845		plus	tetratricopeptide repeat protein		75162152	protein-coding		WP_007886164.1	870	LK408_RS08155
NZ_JAJFOJ010000001.1	1737904	1739802		plus	1,4-alpha-glucan branching protein GlgB	glgB	75162153	protein-coding		WP_007886162.1	632	LK408_RS08160
NZ_JAJFOJ010000001.1	1740504	1741004		minus	hypothetical protein		75162154	protein-coding		WP_007884016.1	166	LK408_RS08165
NZ_JAJFOJ010000001.1	1741355	1743037		minus	recombinase family protein		75162155	protein-coding		WP_005933562.1	560	LK408_RS08170
NZ_JAJFOJ010000001.1	1743156	1743422		minus	DUF6870 family protein		75162156	protein-coding		WP_007884026.1	88	LK408_RS08175
NZ_JAJFOJ010000001.1	1743892	1744302		minus	sigma-70 family RNA polymerase sigma factor		75162157	protein-coding		WP_014080807.1	136	LK408_RS08180
NZ_JAJFOJ010000001.1	1744770	1745138		minus	YxeA family protein		75162158	protein-coding		WP_005933575.1	122	LK408_RS08185
NZ_JAJFOJ010000001.1	1745155	1745934		minus	ABC transporter permease		75162159	protein-coding		WP_005933580.1	259	LK408_RS08190
NZ_JAJFOJ010000001.1	1745936	1746721		minus	ABC transporter permease		75162160	protein-coding		WP_014080808.1	261	LK408_RS08195
NZ_JAJFOJ010000001.1	1746714	1747640		minus	ABC transporter ATP-binding protein		75162161	protein-coding		WP_014080809.1	308	LK408_RS08200
NZ_JAJFOJ010000001.1	1747775	1748692		minus	sensor histidine kinase		75162162	protein-coding		WP_005933586.1	305	LK408_RS08205
NZ_JAJFOJ010000001.1	1748698	1749390		minus	response regulator transcription factor		75162163	protein-coding		WP_007884039.1	230	LK408_RS08210
NZ_JAJFOJ010000001.1	1749383	1749571		minus	helix-turn-helix domain-containing protein		75162164	protein-coding		WP_007884040.1	62	LK408_RS08215
NZ_JAJFOJ010000001.1	1749722	1750081		plus	helix-turn-helix transcriptional regulator		75162165	protein-coding		WP_014080810.1	119	LK408_RS08220
NZ_JAJFOJ010000001.1	1750285	1751631		minus	relaxase/mobilization nuclease domain-containing protein		75162166	protein-coding		WP_044025051.1	448	LK408_RS08225
NZ_JAJFOJ010000001.1	1751773	1752060		minus	CD1845 family protein		75162167	protein-coding		WP_014080812.1	95	LK408_RS08230
NZ_JAJFOJ010000001.1	1752224	1752571		minus	plasmid mobilization protein		75162168	protein-coding		WP_005933598.1	115	LK408_RS08235
NZ_JAJFOJ010000001.1	1752568	1752738		minus	DUF4316 domain-containing protein		75162169	protein-coding		WP_005933602.1	56	LK408_RS08240
NZ_JAJFOJ010000001.1	1752749	1753348		minus	defense against restriction DarA-related protein		75162170	protein-coding		WP_005933606.1	199	LK408_RS08245
NZ_JAJFOJ010000001.1	1753362	1754318		minus	hypothetical protein		75162171	protein-coding		WP_005933609.1	318	LK408_RS08250
NZ_JAJFOJ010000001.1	1754481	1754849		minus	cysteine-rich VLP domain-containing protein		75162172	protein-coding		WP_005933611.1	122	LK408_RS08255
NZ_JAJFOJ010000001.1	1755027	1755767		minus	DUF4366 domain-containing protein		75162173	protein-coding		WP_005933614.1	246	LK408_RS08260
NZ_JAJFOJ010000001.1	1755770	1756024		minus	DUF4315 family protein		75162174	protein-coding		WP_005933616.1	84	LK408_RS08265
NZ_JAJFOJ010000001.1	1756038	1757741		minus	C40 family peptidase		75162175	protein-coding		WP_005933618.1	567	LK408_RS08270
NZ_JAJFOJ010000001.1	1757722	1760025		minus	VirB4-like conjugal transfer ATPase, CD1110 family		75162176	protein-coding		WP_369122137.1	767	LK408_RS08275
NZ_JAJFOJ010000001.1	1760039	1760434		minus	PrgI family protein		75162177	protein-coding		WP_005933624.1	131	LK408_RS08280
NZ_JAJFOJ010000001.1	1760422	1761021		minus	MT-A70 family methyltransferase		75162178	protein-coding		WP_005933628.1	199	LK408_RS08285
NZ_JAJFOJ010000001.1	1761018	1761812		minus	DNA-methyltransferase		75162179	protein-coding		WP_005933631.1	264	LK408_RS08290
NZ_JAJFOJ010000001.1	1761802	1762350		minus	septation protein SpoVG family protein		75162180	protein-coding		WP_005933634.1	182	LK408_RS08295
NZ_JAJFOJ010000001.1	1762404	1763270		minus	VirB6/TrbL-like conjugal transfer protein, CD1112 family		75162181	protein-coding		WP_007884061.1	288	LK408_RS08300
NZ_JAJFOJ010000001.1	1763280	1763360		minus	uncharacterized gene		75162182	pseudogene				LK408_RS08305
NZ_JAJFOJ010000001.1	1763450	1765114		minus	recombinase family protein		75162183	protein-coding		WP_007884068.1	554	LK408_RS08310
NZ_JAJFOJ010000001.1	1765121	1765318		minus	hypothetical protein		75162184	protein-coding		WP_006858666.1	65	LK408_RS08315
NZ_JAJFOJ010000001.1	1765560	1766852		minus	virulence-associated E family protein		75162185	protein-coding		WP_007884071.1	430	LK408_RS08320
NZ_JAJFOJ010000001.1	1766866	1767507		minus	CHC2 zinc finger domain-containing protein		75162186	protein-coding		WP_014081132.1	213	LK408_RS08325
NZ_JAJFOJ010000001.1	1767572	1769161		minus	MobQ family relaxase	mobQ	75162187	protein-coding		WP_006859284.1	529	LK408_RS08330
NZ_JAJFOJ010000001.1	1769314	1769673		minus	SdpI family protein		75162188	protein-coding		WP_006859274.1	119	LK408_RS08335
NZ_JAJFOJ010000001.1	1769961	1770263		minus	DUF3847 domain-containing protein		75162189	protein-coding		WP_006859273.1	100	LK408_RS08340
NZ_JAJFOJ010000001.1	1770260	1770592		minus	hypothetical protein		75162190	protein-coding		WP_006859272.1	110	LK408_RS08345
NZ_JAJFOJ010000001.1	1770593	1770778		minus	hypothetical protein		75162191	protein-coding		WP_033118356.1	61	LK408_RS08350
NZ_JAJFOJ010000001.1	1770871	1771062		minus	hypothetical protein		75162192	protein-coding		WP_154314213.1	63	LK408_RS08355
NZ_JAJFOJ010000001.1	1771314	1772135		plus	helix-turn-helix domain-containing protein		75162193	protein-coding		WP_006859270.1	273	LK408_RS08360
NZ_JAJFOJ010000001.1	1772180	1772605		minus	hypothetical protein		75162194	protein-coding		WP_022261510.1	141	LK408_RS08365
NZ_JAJFOJ010000001.1	1772649	1773176		minus	hypothetical protein		75162195	protein-coding		WP_007884079.1	175	LK408_RS08370
NZ_JAJFOJ010000001.1	1773398	1773607		minus	helix-turn-helix domain-containing protein		75162196	protein-coding		WP_015514784.1	69	LK408_RS08375
NZ_JAJFOJ010000001.1	1773744	1773902		minus	Maff2 family mobile element protein		75162197	protein-coding		WP_044927226.1	52	LK408_RS08380
NZ_JAJFOJ010000001.1	1774003	1775856		minus	VirD4-like conjugal transfer protein, CD1115 family		75162198	protein-coding		WP_005933642.1	617	LK408_RS08385
NZ_JAJFOJ010000001.1	1775843	1776238		minus	PcfB family protein		75162199	protein-coding		WP_005933643.1	131	LK408_RS08390
NZ_JAJFOJ010000001.1	1776366	1777079		minus	antirestriction protein ArdA		75162200	protein-coding		WP_005933645.1	237	LK408_RS08395
NZ_JAJFOJ010000001.1	1777079	1777420		minus	DUF7768 domain-containing protein		75162201	protein-coding		WP_014080816.1	113	LK408_RS08400
NZ_JAJFOJ010000001.1	1777706	1779157		minus	ParB/RepB/Spo0J family partition protein		75162202	protein-coding		WP_005933648.1	483	LK408_RS08405
NZ_JAJFOJ010000001.1	1779369	1779686		minus	ABC-2 transporter permease		75162203	protein-coding		WP_007884091.1	105	LK408_RS08410
NZ_JAJFOJ010000001.1	1779683	1780549		minus	ABC transporter ATP-binding protein		75162204	protein-coding		WP_227970516.1	288	LK408_RS08415
NZ_JAJFOJ010000001.1	1780552	1780929		minus	GntR family transcriptional regulator		75162205	protein-coding		WP_015520232.1	125	LK408_RS08420
NZ_JAJFOJ010000001.1	1781939	1785106		plus	DUF6240 domain-containing protein		75162206	protein-coding		WP_007883351.1	1055	LK408_RS08425
NZ_JAJFOJ010000001.1	1785107	1785814		minus	N-acetylmuramoyl-L-alanine amidase		75162207	protein-coding		WP_007883353.1	235	LK408_RS08430
NZ_JAJFOJ010000001.1	1785920	1787656		minus	glycosyl hydrolase family 18 protein		75162208	protein-coding		WP_007883355.1	578	LK408_RS08435
NZ_JAJFOJ010000001.1	1788060	1788263		minus	hypothetical protein		75162209	protein-coding		WP_007883369.1	67	LK408_RS08440
NZ_JAJFOJ010000001.1	1788311	1789138		minus	SAF domain-containing protein		75162210	protein-coding		WP_172727042.1	275	LK408_RS08445
NZ_JAJFOJ010000001.1	1789219	1789605		minus	hypothetical protein		75162211	protein-coding		WP_007883373.1	128	LK408_RS08450
NZ_JAJFOJ010000001.1	1789806	1791134		minus	serine/threonine protein kinase		75162212	protein-coding		WP_007883376.1	442	LK408_RS08455
NZ_JAJFOJ010000001.1	1791394	1792176		plus	adaptor protein MecA		75162213	protein-coding		WP_044927100.1	260	LK408_RS08460
NZ_JAJFOJ010000001.1	1792258	1792467		minus	DUF1858 domain-containing protein		75162214	protein-coding		WP_021922175.1	69	LK408_RS08465
NZ_JAJFOJ010000001.1	1792686	1794167		plus	flagellin N-terminal helical domain-containing protein		75162215	protein-coding		WP_007883381.1	493	LK408_RS08470
NZ_JAJFOJ010000001.1	1794193	1794669		plus	flagellar export chaperone FliS		75162216	protein-coding		WP_007883383.1	158	LK408_RS08475
NZ_JAJFOJ010000001.1	1794702	1794926		minus	DUF2508 family protein		75162217	protein-coding		WP_321576011.1	74	LK408_RS08480
NZ_JAJFOJ010000001.1	1795080	1795352		plus	pro-sigmaK processing inhibitor BofA family protein		75162218	protein-coding		WP_007883385.1	90	LK408_RS08485
NZ_JAJFOJ010000001.1	1795472	1795903		plus	A24 family peptidase		75162219	protein-coding		WP_227970584.1	143	LK408_RS08490
NZ_JAJFOJ010000001.1	1795890	1796915		plus	hypothetical protein		75162220	protein-coding		WP_007883388.1	341	LK408_RS08495
NZ_JAJFOJ010000001.1	1796966	1798210		plus	CpaF family protein		75162221	protein-coding		WP_007883389.1	414	LK408_RS08500
NZ_JAJFOJ010000001.1	1798200	1798937		plus	type II secretion system F family protein		75162222	protein-coding		WP_055040194.1	245	LK408_RS08505
NZ_JAJFOJ010000001.1	1799001	1800248		plus	type II secretion system F family protein		75162223	protein-coding		WP_007883392.1	415	LK408_RS08510
NZ_JAJFOJ010000001.1	1800371	1800553		plus	Flp1 family type IVb pilin		75162224	protein-coding		WP_007883393.1	60	LK408_RS08515
NZ_JAJFOJ010000001.1	1800553	1802103		plus	DUF5702 domain-containing protein		75162225	protein-coding		WP_007883394.1	516	LK408_RS08520
NZ_JAJFOJ010000001.1	1802276	1802989		plus	pilus assembly protein		75162226	protein-coding		WP_172727043.1	237	LK408_RS08525
NZ_JAJFOJ010000001.1	1802992	1803396		plus	prepilin peptidase		75162227	protein-coding		WP_172679417.1	134	LK408_RS08530
NZ_JAJFOJ010000001.1	1803412	1803621		plus	hypothetical protein		75162228	protein-coding		WP_021922184.1	69	LK408_RS08535
NZ_JAJFOJ010000001.1	1803611	1804747		plus	DUF6382 domain-containing protein		75162229	protein-coding		WP_227970517.1	378	LK408_RS08540
NZ_JAJFOJ010000001.1	1804834	1805886		plus	rhomboid family intramembrane serine protease		75162230	protein-coding		WP_049887975.1	350	LK408_RS08545
NZ_JAJFOJ010000001.1	1805995	1806984		plus	SCP2 sterol-binding domain-containing protein		75162231	protein-coding		WP_007883411.1	329	LK408_RS08550
NZ_JAJFOJ010000001.1	1806971	1807618		minus	sensor histidine kinase		75162232	protein-coding		WP_007883412.1	215	LK408_RS08555
NZ_JAJFOJ010000001.1	1807751	1808173		plus	HIT family protein		75162233	protein-coding		WP_007883413.1	140	LK408_RS08560
NZ_JAJFOJ010000001.1	1808251	1809324		minus	undecaprenyldiphospho-muramoylpentapeptide beta-N-acetylglucosaminyltransferase		75162234	protein-coding		WP_044927112.1	357	LK408_RS08565
NZ_JAJFOJ010000001.1	1809590	1809895		plus	hypothetical protein		75162235	protein-coding		WP_007883415.1	101	LK408_RS08570
NZ_JAJFOJ010000001.1	1810025	1811338		plus	cell wall hydrolase		75162236	protein-coding		WP_227970518.1	437	LK408_RS08575
NZ_JAJFOJ010000001.1	1811559	1812485		plus	SPFH domain-containing protein		75162237	protein-coding		WP_021922193.1	308	LK408_RS08580
NZ_JAJFOJ010000001.1	1812622	1813611		plus	ornithine carbamoyltransferase	argF	75162238	protein-coding		WP_055171558.1	329	LK408_RS08585
NZ_JAJFOJ010000001.1	1813686	1814663		plus	biotin--[acetyl-CoA-carboxylase] ligase		75162239	protein-coding		WP_007883421.1	325	LK408_RS08590
NZ_JAJFOJ010000001.1	1814695	1815054		plus	DUF6145 family protein		75162240	protein-coding		WP_007883422.1	119	LK408_RS08595
NZ_JAJFOJ010000001.1	1815056	1815850		plus	type III pantothenate kinase		75162241	protein-coding		WP_007883423.1	264	LK408_RS08600
NZ_JAJFOJ010000001.1	1815928	1816911		plus	tRNA dihydrouridine synthase DusB	dusB	75162242	protein-coding		WP_007883424.1	327	LK408_RS08605
NZ_JAJFOJ010000001.1	1816931	1817506		plus	hypothetical protein		75162243	protein-coding		WP_007883429.1	191	LK408_RS08610
NZ_JAJFOJ010000001.1	1817611	1818090		plus	transcription elongation factor GreA	greA	75162244	protein-coding		WP_007883431.1	159	LK408_RS08615
NZ_JAJFOJ010000001.1	1818172	1820133		plus	lysine--tRNA ligase	lysS	75162245	protein-coding		WP_044927114.1	653	LK408_RS08620
NZ_JAJFOJ010000001.1	1820731	1822020		plus	group II intron reverse transcriptase/maturase	ltrA	75162246	protein-coding		WP_117534911.1	429	LK408_RS08625
NZ_JAJFOJ010000001.1	1822155	1822382		plus	DUF6462 family protein		75162247	protein-coding		WP_007887246.1	75	LK408_RS08630
NZ_JAJFOJ010000001.1	1822764	1823510		plus	SDR family NAD(P)-dependent oxidoreductase		75162248	protein-coding		WP_007887247.1	248	LK408_RS08635
NZ_JAJFOJ010000001.1	1823603	1823908		plus	thioredoxin	trxA	75162249	protein-coding		WP_007887250.1	101	LK408_RS08640
NZ_JAJFOJ010000001.1	1823921	1824241		plus	rhodanese-like domain-containing protein		75162250	protein-coding		WP_007887252.1	106	LK408_RS08645
NZ_JAJFOJ010000001.1	1824243	1825937		plus	FAD-dependent oxidoreductase		75162251	protein-coding		WP_007887253.1	564	LK408_RS08650
NZ_JAJFOJ010000001.1	1826143	1826541		plus	bacteriohemerythrin		75162252	protein-coding		WP_007887264.1	132	LK408_RS08655
NZ_JAJFOJ010000001.1	1826573	1826731		plus	hypothetical protein		75162253	protein-coding		WP_007887265.1	52	LK408_RS08660
NZ_JAJFOJ010000001.1	1826751	1827410		minus	Crp/Fnr family transcriptional regulator		75162254	protein-coding		WP_227970519.1	219	LK408_RS08665
NZ_JAJFOJ010000001.1	1827608	1827808		plus	4Fe-4S binding protein		75162255	protein-coding		WP_007887267.1	66	LK408_RS08670
NZ_JAJFOJ010000001.1	1827805	1828389		plus	4Fe-4S binding protein		75162256	protein-coding		WP_007887269.1	194	LK408_RS08675
NZ_JAJFOJ010000001.1	1828488	1829261		plus	DUF134 domain-containing protein		75162257	protein-coding		WP_007888442.1	257	LK408_RS08680
NZ_JAJFOJ010000001.1	1829452	1829661		plus	DUF6219 family protein		75162258	protein-coding		WP_007888443.1	69	LK408_RS08685
NZ_JAJFOJ010000001.1	1829665	1830120		plus	thioredoxin-dependent thiol peroxidase	bcp	75162259	protein-coding		WP_007888444.1	151	LK408_RS08690
NZ_JAJFOJ010000001.1	1830120	1830869		plus	peroxide stress protein YaaA	yaaA	75162260	protein-coding		WP_007888445.1	249	LK408_RS08695
NZ_JAJFOJ010000001.1	1830996	1831403		plus	Fur family transcriptional regulator		75162261	protein-coding		WP_007888446.1	135	LK408_RS08700
NZ_JAJFOJ010000001.1	1831396	1832019		plus	flavin reductase		75162262	protein-coding		WP_007888447.1	207	LK408_RS08705
NZ_JAJFOJ010000001.1	1832035	1832577		plus	rubrerythrin	rbr	75162263	protein-coding		WP_007888452.1	180	LK408_RS08710
NZ_JAJFOJ010000001.1	1832689	1833063		plus	desulfoferrodoxin family protein		75162264	protein-coding		WP_007888454.1	124	LK408_RS08715
NZ_JAJFOJ010000001.1	1833051	1833212		plus	hypothetical protein		97128124	protein-coding		WP_007888458.1	53	LK408_RS20690
NZ_JAJFOJ010000001.1	1833228	1834004		plus	tyrosine-type recombinase/integrase		88554013	protein-coding		WP_007888460.1	258	LK408_RS20570
NZ_JAJFOJ010000001.1	1834129	1834767		minus	DUF1847 domain-containing protein		75162268	protein-coding		WP_008705300.1	212	LK408_RS08735
NZ_JAJFOJ010000001.1	1835340	1835477		plus	hypothetical protein		75162269	protein-coding		WP_227970520.1	45	LK408_RS08740
NZ_JAJFOJ010000001.1	1835757	1836470		plus	lantibiotic protection ABC transporter ATP-binding protein		75162270	protein-coding		WP_007888470.1	237	LK408_RS08745
NZ_JAJFOJ010000001.1	1836463	1837194		plus	lantibiotic immunity ABC transporter MutE/EpiE family permease subunit		75162271	protein-coding		WP_007888471.1	243	LK408_RS08750
NZ_JAJFOJ010000001.1	1837196	1837936		plus	lantibiotic immunity ABC transporter MutG family permease subunit		75162272	protein-coding		WP_005330844.1	246	LK408_RS08755
NZ_JAJFOJ010000001.1	1837951	1838613		plus	response regulator transcription factor		75162273	protein-coding		WP_007888489.1	220	LK408_RS08760
NZ_JAJFOJ010000001.1	1838601	1839977		plus	sensor histidine kinase		75162274	protein-coding		WP_007888490.1	458	LK408_RS08765
NZ_JAJFOJ010000001.1	1840244	1840879		plus	uncharacterized gene		75162275	pseudogene				LK408_RS08770
NZ_JAJFOJ010000001.1	1840906	1841145		plus	HNH endonuclease		75162276	protein-coding		WP_207658849.1	79	LK408_RS08775
NZ_JAJFOJ010000001.1	1841584	1842693		plus	HNH endonuclease domain-containing protein		75162277	protein-coding		WP_007888497.1	369	LK408_RS08780
NZ_JAJFOJ010000001.1	1842902	1845697		plus	uncharacterized gene		88554014	pseudogene				LK408_RS20575
NZ_JAJFOJ010000001.1	1845709	1846122		plus	8-oxo-dGTP diphosphatase MutT	mutT	75162279	protein-coding		WP_044928209.1	137	LK408_RS08790
NZ_JAJFOJ010000001.1	1846144	1846596		plus	YaiI/YqxD family protein		75162280	protein-coding		WP_007888502.1	150	LK408_RS08795
NZ_JAJFOJ010000001.1	1846640	1848667		plus	restriction endonuclease		75162281	protein-coding		WP_055168465.1	675	LK408_RS08800
NZ_JAJFOJ010000001.1	1848708	1850612		plus	DNA helicase RecQ	recQ	75162282	protein-coding		WP_007888506.1	634	LK408_RS08805
NZ_JAJFOJ010000001.1	1850784	1851743		plus	hypothetical protein		75162283	protein-coding		WP_044928211.1	319	LK408_RS08810
NZ_JAJFOJ010000001.1	1851728	1852474		plus	hypothetical protein		75162284	protein-coding		WP_007888510.1	248	LK408_RS08815
NZ_JAJFOJ010000001.1	1852495	1852737		plus	type II toxin-antitoxin system RelB/DinJ family antitoxin		75162285	protein-coding		WP_265336056.1	80	LK408_RS08820
NZ_JAJFOJ010000001.1	1853016	1853264		plus	hypothetical protein		75162286	protein-coding		WP_044928216.1	82	LK408_RS08825
NZ_JAJFOJ010000001.1	1853400	1853498		plus	hypothetical protein		88554015	protein-coding		WP_227970585.1	32	LK408_RS20580
NZ_JAJFOJ010000001.1	1853623	1854651		plus	glycoside hydrolase family 172 protein		75162288	protein-coding		WP_227970521.1	342	LK408_RS08835
NZ_JAJFOJ010000001.1	1854758	1855675		plus	serine hydrolase domain-containing protein		75162289	protein-coding		WP_007888525.1	305	LK408_RS08840
NZ_JAJFOJ010000001.1	1856105	1857055		plus	helix-turn-helix domain-containing protein		75162290	protein-coding		WP_007888526.1	316	LK408_RS08845
NZ_JAJFOJ010000001.1	1857056	1857808		plus	hypothetical protein		75162291	protein-coding		WP_007888527.1	250	LK408_RS08850
NZ_JAJFOJ010000001.1	1858258	1859757		plus	hypothetical protein		75162292	protein-coding		WP_007888531.1	499	LK408_RS08855
NZ_JAJFOJ010000001.1	1859930	1860088		plus	hypothetical protein		75162293	protein-coding		WP_007888534.1	52	LK408_RS08860
NZ_JAJFOJ010000001.1	1860256	1860753		plus	low molecular weight protein-tyrosine-phosphatase		75162294	protein-coding		WP_081453926.1	165	LK408_RS08865
NZ_JAJFOJ010000001.1	1860805	1861068		plus	TM1266 family iron-only hydrogenase system putative regulator		75162295	protein-coding		WP_007888539.1	87	LK408_RS08870
NZ_JAJFOJ010000001.1	1861250	1861852		plus	alpha/beta fold hydrolase		75162296	protein-coding		WP_007888541.1	200	LK408_RS08875
NZ_JAJFOJ010000001.1	1862312	1862698		plus	IS66 family insertion sequence element accessory protein TnpA	tnpA	75162297	protein-coding		WP_007888257.1	128	LK408_RS08880
NZ_JAJFOJ010000001.1	1862695	1863048		plus	IS66 family insertion sequence element accessory protein TnpB	tnpB	75162298	protein-coding		WP_007888256.1	117	LK408_RS08885
NZ_JAJFOJ010000001.1	1863336	1865030		plus	IS66 family transposase	tnpC	75162299	protein-coding		WP_014078582.1	564	LK408_RS08890
NZ_JAJFOJ010000001.1	1865178	1865432		plus	hypothetical protein		75162300	protein-coding		WP_007885717.1	84	LK408_RS08895
NZ_JAJFOJ010000001.1	1865429	1865761		minus	helix-turn-helix domain-containing protein		75162301	protein-coding		WP_007885718.1	110	LK408_RS08900
NZ_JAJFOJ010000001.1	1865933	1867213		plus	flagellin N-terminal helical domain-containing protein		75162302	protein-coding		WP_007885719.1	426	LK408_RS08905
NZ_JAJFOJ010000001.1	1867494	1868081		minus	NADH peroxidase		75162303	protein-coding		WP_007885721.1	195	LK408_RS08910
NZ_JAJFOJ010000001.1	1868234	1868617		minus	Fur family transcriptional regulator		75162304	protein-coding		WP_007885728.1	127	LK408_RS08915
NZ_JAJFOJ010000001.1	1868830	1869774		plus	DUF6128 domain-containing protein		75162305	protein-coding		WP_007885729.1	314	LK408_RS08920
NZ_JAJFOJ010000001.1	1869807	1870397		minus	GNAT family N-acetyltransferase		75162306	protein-coding		WP_007885736.1	196	LK408_RS08925
NZ_JAJFOJ010000001.1	1870538	1871032		plus	tRNA adenosine(34) deaminase TadA	tadA	75162307	protein-coding		WP_044927540.1	164	LK408_RS08930
NZ_JAJFOJ010000001.1	1871074	1871336		plus	signal recognition particle sRNA large type	ffs	75162308	other				LK408_RS08935
NZ_JAJFOJ010000001.1	1871475	1871966		plus	hypothetical protein		75162309	protein-coding		WP_007885739.1	163	LK408_RS08940
NZ_JAJFOJ010000001.1	1872109	1873092		plus	phosphate acetyltransferase	pta	75162310	protein-coding		WP_044927541.1	327	LK408_RS08945
NZ_JAJFOJ010000001.1	1873554	1874420		plus	YitT family protein		75162311	protein-coding		WP_044927542.1	288	LK408_RS08950
NZ_JAJFOJ010000001.1	1874588	1875796		plus	UTP--glucose-1-phosphate uridylyltransferase		75162312	protein-coding		WP_007885744.1	402	LK408_RS08955
NZ_JAJFOJ010000001.1	1876129	1877247		plus	galactose ABC transporter substrate-binding protein		75162313	protein-coding		WP_007885746.1	372	LK408_RS08960
NZ_JAJFOJ010000001.1	1877512	1879020		plus	sugar ABC transporter ATP-binding protein		75162314	protein-coding		WP_007885748.1	502	LK408_RS08965
NZ_JAJFOJ010000001.1	1879038	1880027		plus	galactose/methyl galactoside ABC transporter permease MglC		75162315	protein-coding		WP_007885750.1	329	LK408_RS08970
NZ_JAJFOJ010000001.1	1880124	1880435		plus	hypothetical protein		75162316	protein-coding		WP_007885752.1	103	LK408_RS08975
NZ_JAJFOJ010000001.1	1880479	1882089		plus	response regulator transcription factor		75162317	protein-coding		WP_007885753.1	536	LK408_RS08980
NZ_JAJFOJ010000001.1	1882086	1883951		plus	cache domain-containing sensor histidine kinase		75162318	protein-coding		WP_082418713.1	621	LK408_RS08985
NZ_JAJFOJ010000001.1	1883938	1884915		plus	substrate-binding domain-containing protein		75162319	protein-coding		WP_007885756.1	325	LK408_RS08990
NZ_JAJFOJ010000001.1	1884969	1886012		plus	galactose ABC transporter substrate-binding protein		75162320	protein-coding		WP_007885758.1	347	LK408_RS08995
NZ_JAJFOJ010000001.1	1885984	1887255		plus	glycosyltransferase family protein		75162321	protein-coding		WP_007885759.1	423	LK408_RS09000
NZ_JAJFOJ010000001.1	1887302	1888459		plus	CgeB family protein		75162322	protein-coding		WP_055300907.1	385	LK408_RS09005
NZ_JAJFOJ010000001.1	1888501	1889793		minus	hypothetical protein		75162323	protein-coding		WP_007885762.1	430	LK408_RS09010
NZ_JAJFOJ010000001.1	1890115	1890279		plus	50S ribosomal protein L33	rpmG	75162324	protein-coding		WP_014078408.1	54	LK408_RS09015
NZ_JAJFOJ010000001.1	1890305	1890553		plus	preprotein translocase subunit SecE	secE	75162325	protein-coding		WP_007885764.1	82	LK408_RS09020
NZ_JAJFOJ010000001.1	1890572	1891090		plus	transcription termination/antitermination protein NusG	nusG	75162326	protein-coding		WP_021923058.1	172	LK408_RS09025
NZ_JAJFOJ010000001.1	1891139	1891564		plus	50S ribosomal protein L11	rplK	75162327	protein-coding		WP_007885773.1	141	LK408_RS09030
NZ_JAJFOJ010000001.1	1891672	1892367		plus	50S ribosomal protein L1	rplA	75162328	protein-coding		WP_021923057.1	231	LK408_RS09035
NZ_JAJFOJ010000001.1	1892664	1893203		plus	50S ribosomal protein L10	rplJ	75162329	protein-coding		WP_007885778.1	179	LK408_RS09040
NZ_JAJFOJ010000001.1	1893295	1893669		plus	50S ribosomal protein L7/L12	rplL	75162330	protein-coding		WP_021923055.1	124	LK408_RS09045
NZ_JAJFOJ010000001.1	1893856	1895694		plus	methyl-accepting chemotaxis protein		75162331	protein-coding		WP_007885782.1	612	LK408_RS09050
NZ_JAJFOJ010000001.1	1896016	1899879		plus	DNA-directed RNA polymerase subunit beta	rpoB	75162332	protein-coding		WP_227970523.1	1287	LK408_RS09055
NZ_JAJFOJ010000001.1	1899967	1903596		plus	DNA-directed RNA polymerase subunit beta'	rpoC	75162333	protein-coding		WP_007885792.1	1209	LK408_RS09060
NZ_JAJFOJ010000001.1	1903823	1904242		plus	30S ribosomal protein S12	rpsL	75162334	protein-coding		WP_007885793.1	139	LK408_RS09065
NZ_JAJFOJ010000001.1	1904541	1905011		plus	30S ribosomal protein S7	rpsG	75162335	protein-coding		WP_021923052.1	156	LK408_RS09070
NZ_JAJFOJ010000001.1	1905117	1907234		plus	elongation factor G	fusA	75162336	protein-coding		WP_044927529.1	705	LK408_RS09075
NZ_JAJFOJ010000001.1	1907451	1908638		plus	elongation factor Tu	tuf	75162337	protein-coding		WP_007885800.1	395	LK408_RS09080
NZ_JAJFOJ010000001.1	1908923	1909702		plus	DUF6033 family protein		75162338	protein-coding		WP_118202410.1	259	LK408_RS09085
NZ_JAJFOJ010000001.1	1910003	1910209		plus	hypothetical protein		75162339	protein-coding		WP_007885807.1	68	LK408_RS09090
NZ_JAJFOJ010000001.1	1910264	1910683		plus	hypothetical protein		75162340	protein-coding		WP_007885809.1	139	LK408_RS09095
NZ_JAJFOJ010000001.1	1910731	1912089		plus	M20 family metallopeptidase		75162341	protein-coding		WP_007885811.1	452	LK408_RS09100
NZ_JAJFOJ010000001.1	1912120	1912605		plus	HD domain-containing protein		75162342	protein-coding		WP_044927546.1	161	LK408_RS09105
NZ_JAJFOJ010000001.1	1912669	1913367		plus	hypothetical protein		75162343	protein-coding		WP_007885814.1	232	LK408_RS09110
NZ_JAJFOJ010000001.1	1913529	1913741		plus	FeoA family protein		75162344	protein-coding		WP_044927530.1	70	LK408_RS09115
NZ_JAJFOJ010000001.1	1914056	1914415		plus	BlaI/MecI/CopY family transcriptional regulator		75162345	protein-coding		WP_007885816.1	119	LK408_RS09120
NZ_JAJFOJ010000001.1	1914690	1915793		plus	DUF2804 domain-containing protein		75162346	protein-coding		WP_055300919.1	367	LK408_RS09125
NZ_JAJFOJ010000001.1	1915960	1916370		plus	AAA family ATPase		86263563	protein-coding		WP_321576005.1	136	LK408_RS20285
NZ_JAJFOJ010000001.1	1916669	1917616		plus	GTP-binding protein		75162348	protein-coding		WP_044927531.1	315	LK408_RS09135
NZ_JAJFOJ010000001.1	1917767	1918675		plus	NifB/NifX family molybdenum-iron cluster-binding protein		75162349	protein-coding		WP_044927547.1	302	LK408_RS09140
NZ_JAJFOJ010000001.1	1918677	1919372		plus	LytR/AlgR family response regulator transcription factor		75162350	protein-coding		WP_007885834.1	231	LK408_RS09145
NZ_JAJFOJ010000001.1	1919425	1920087		plus	sensor histidine kinase		75162351	protein-coding		WP_007885837.1	220	LK408_RS09150
NZ_JAJFOJ010000001.1	1920195	1922024		plus	ABC transporter ATP-binding protein		75162352	protein-coding		WP_055300923.1	609	LK408_RS09155
NZ_JAJFOJ010000001.1	1922005	1923852		plus	ABC transporter ATP-binding protein		75162353	protein-coding		WP_070101628.1	615	LK408_RS09160
NZ_JAJFOJ010000001.1	1923947	1924966		plus	NUDIX domain-containing protein		75162354	protein-coding		WP_007885843.1	339	LK408_RS09165
NZ_JAJFOJ010000001.1	1925092	1925346		plus	hypothetical protein		75162355	protein-coding		WP_007885844.1	84	LK408_RS09170
NZ_JAJFOJ010000001.1	1925416	1926201		plus	SDR family oxidoreductase		75162356	protein-coding		WP_007885845.1	261	LK408_RS09175
NZ_JAJFOJ010000001.1	1926511	1927509		plus	helix-turn-helix domain-containing protein		75162357	protein-coding		WP_044927549.1	332	LK408_RS09180
NZ_JAJFOJ010000001.1	1927597	1928130		plus	helix-turn-helix domain-containing protein		75162358	protein-coding		WP_049887991.1	177	LK408_RS09185
NZ_JAJFOJ010000001.1	1928230	1929801		plus	AAA family ATPase		75162359	protein-coding		WP_007885864.1	523	LK408_RS09190
NZ_JAJFOJ010000001.1	1929870	1931057		plus	MFS transporter		75162360	protein-coding		WP_007885866.1	395	LK408_RS09195
NZ_JAJFOJ010000001.1	1931092	1931244		minus	hypothetical protein		75162361	protein-coding		WP_007885871.1	50	LK408_RS09200
NZ_JAJFOJ010000001.1	1931451	1932557		minus	pectinesterase family protein		75162362	protein-coding		WP_007885875.1	368	LK408_RS09205
NZ_JAJFOJ010000001.1	1932718	1934835		plus	glycogen debranching protein		75162363	protein-coding		WP_007885876.1	705	LK408_RS09210
NZ_JAJFOJ010000001.1	1934842	1935195		minus	helix-turn-helix domain-containing protein		75162364	protein-coding		WP_007885877.1	117	LK408_RS09215
NZ_JAJFOJ010000001.1	1935310	1936041		minus	elongation factor P 5-aminopentanone reductase	ymfI	75162365	protein-coding		WP_007885878.1	243	LK408_RS09220
NZ_JAJFOJ010000001.1	1936038	1936355		minus	BlaI/MecI/CopY family transcriptional regulator		75162366	protein-coding		WP_007885880.1	105	LK408_RS09225
NZ_JAJFOJ010000001.1	1936540	1936613		minus	tRNA-Pro		75162367	tRNA				LK408_RS09230
NZ_JAJFOJ010000001.1	1936807	1937505		plus	orotidine-5'-phosphate decarboxylase	pyrF	75162368	protein-coding		WP_007885882.1	232	LK408_RS09235
NZ_JAJFOJ010000001.1	1937648	1938427		plus	TraX family protein		75162369	protein-coding		WP_007885884.1	259	LK408_RS09240
NZ_JAJFOJ010000001.1	1938482	1940038		plus	hypothetical protein		75162370	protein-coding		WP_007885886.1	518	LK408_RS09245
NZ_JAJFOJ010000001.1	1940096	1940251		plus	TraX family protein		88554016	protein-coding		WP_007885887.1	51	LK408_RS20585
NZ_JAJFOJ010000001.1	1940399	1941517		plus	LCP family protein		75162372	protein-coding		WP_044927532.1	372	LK408_RS09255
NZ_JAJFOJ010000001.1	1941938	1942846		plus	DMT family transporter		75162373	protein-coding		WP_007885895.1	302	LK408_RS09260
NZ_JAJFOJ010000001.1	1943044	1943985		plus	magnesium transporter CorA family protein		75162374	protein-coding		WP_007885897.1	313	LK408_RS09265
NZ_JAJFOJ010000001.1	1944141	1944878		plus	LytR/AlgR family response regulator transcription factor		75162375	protein-coding		WP_007885899.1	245	LK408_RS09270
NZ_JAJFOJ010000001.1	1944866	1946164		plus	GHKL domain-containing protein		75162376	protein-coding		WP_007885901.1	432	LK408_RS09275
NZ_JAJFOJ010000001.1	1946256	1946723		plus	hypothetical protein		75162377	protein-coding		WP_044927533.1	155	LK408_RS09280
NZ_JAJFOJ010000001.1	1946872	1947063		plus	accessory gene regulator B family protein		75162378	protein-coding		WP_007885909.1	63	LK408_RS09285
NZ_JAJFOJ010000001.1	1947388	1948098		plus	hypothetical protein		75162379	protein-coding		WP_007885912.1	236	LK408_RS09290
NZ_JAJFOJ010000001.1	1948120	1948599		plus	hypothetical protein		75162380	protein-coding		WP_007885914.1	159	LK408_RS09295
NZ_JAJFOJ010000001.1	1948722	1949579		minus	class I SAM-dependent methyltransferase		75162381	protein-coding		WP_007885916.1	285	LK408_RS09300
NZ_JAJFOJ010000001.1	1949636	1951075		minus	TrkH family potassium uptake protein		75162382	protein-coding		WP_007885918.1	479	LK408_RS09305
NZ_JAJFOJ010000001.1	1951082	1952446		minus	Trk system potassium transporter TrkA	trkA	75162383	protein-coding		WP_007885924.1	454	LK408_RS09310
NZ_JAJFOJ010000001.1	1952866	1953183		plus	30S ribosomal protein S10	rpsJ	75162384	protein-coding		WP_007885925.1	105	LK408_RS09315
NZ_JAJFOJ010000001.1	1953358	1954041		plus	50S ribosomal protein L3	rplC	75162385	protein-coding		WP_007885926.1	227	LK408_RS09320
NZ_JAJFOJ010000001.1	1954071	1954691		plus	50S ribosomal protein L4	rplD	75162386	protein-coding		WP_007885927.1	206	LK408_RS09325
NZ_JAJFOJ010000001.1	1954691	1954990		plus	50S ribosomal protein L23	rplW	75162387	protein-coding		WP_007885928.1	99	LK408_RS09330
NZ_JAJFOJ010000001.1	1955052	1955897		plus	50S ribosomal protein L2	rplB	75162388	protein-coding		WP_044927534.1	281	LK408_RS09335
NZ_JAJFOJ010000001.1	1955986	1956267		plus	30S ribosomal protein S19	rpsS	75162389	protein-coding		WP_007885930.1	93	LK408_RS09340
NZ_JAJFOJ010000001.1	1956297	1956683		plus	50S ribosomal protein L22	rplV	75162390	protein-coding		WP_007885931.1	128	LK408_RS09345
NZ_JAJFOJ010000001.1	1956695	1957351		plus	30S ribosomal protein S3	rpsC	75162391	protein-coding		WP_007885933.1	218	LK408_RS09350
NZ_JAJFOJ010000001.1	1957354	1957791		plus	50S ribosomal protein L16	rplP	75162392	protein-coding		WP_007885935.1	145	LK408_RS09355
NZ_JAJFOJ010000001.1	1957781	1957990		plus	50S ribosomal protein L29	rpmC	75162393	protein-coding		WP_007885938.1	69	LK408_RS09360
NZ_JAJFOJ010000001.1	1958014	1958271		plus	30S ribosomal protein S17	rpsQ	75162394	protein-coding		WP_007885939.1	85	LK408_RS09365
NZ_JAJFOJ010000001.1	1958290	1958658		plus	50S ribosomal protein L14	rplN	75162395	protein-coding		WP_007885948.1	122	LK408_RS09370
NZ_JAJFOJ010000001.1	1958671	1958982		plus	50S ribosomal protein L24	rplX	75162396	protein-coding		WP_007885949.1	103	LK408_RS09375
NZ_JAJFOJ010000001.1	1959005	1959544		plus	50S ribosomal protein L5	rplE	75162397	protein-coding		WP_007885950.1	179	LK408_RS09380
NZ_JAJFOJ010000001.1	1959560	1959745		plus	type Z 30S ribosomal protein S14		75162398	protein-coding		WP_021923019.1	61	LK408_RS09385
NZ_JAJFOJ010000001.1	1959783	1960184		plus	30S ribosomal protein S8	rpsH	75162399	protein-coding		WP_044927553.1	133	LK408_RS09390
NZ_JAJFOJ010000001.1	1960297	1960836		plus	50S ribosomal protein L6	rplF	75162400	protein-coding		WP_044927535.1	179	LK408_RS09395
NZ_JAJFOJ010000001.1	1960855	1961223		plus	50S ribosomal protein L18	rplR	75162401	protein-coding		WP_007885953.1	122	LK408_RS09400
NZ_JAJFOJ010000001.1	1961241	1961750		plus	30S ribosomal protein S5	rpsE	75162402	protein-coding		WP_007885954.1	169	LK408_RS09405
NZ_JAJFOJ010000001.1	1961764	1961949		plus	50S ribosomal protein L30	rpmD	75162403	protein-coding		WP_021923032.1	61	LK408_RS09410
NZ_JAJFOJ010000001.1	1961975	1962415		plus	50S ribosomal protein L15	rplO	75162404	protein-coding		WP_007885957.1	146	LK408_RS09415
NZ_JAJFOJ010000001.1	1962415	1963746		plus	preprotein translocase subunit SecY	secY	75162405	protein-coding		WP_007885959.1	443	LK408_RS09420
NZ_JAJFOJ010000001.1	1963891	1964535		plus	adenylate kinase		75162406	protein-coding		WP_007885961.1	214	LK408_RS09425
NZ_JAJFOJ010000001.1	1964538	1965320		plus	type I methionyl aminopeptidase	map	75162407	protein-coding		WP_007885963.1	260	LK408_RS09430
NZ_JAJFOJ010000001.1	1965341	1965589		plus	KOW domain-containing RNA-binding protein		75162408	protein-coding		WP_227970524.1	82	LK408_RS09435
NZ_JAJFOJ010000001.1	1965612	1965830		plus	translation initiation factor IF-1	infA	75162409	protein-coding		WP_007885971.1	72	LK408_RS09440
NZ_JAJFOJ010000001.1	1965955	1966068		plus	50S ribosomal protein L36	rpmJ	75162410	protein-coding		WP_003022746.1	37	LK408_RS09445
NZ_JAJFOJ010000001.1	1966457	1966825		plus	30S ribosomal protein S13	rpsM	75162411	protein-coding		WP_044927554.1	122	LK408_RS09450
NZ_JAJFOJ010000001.1	1966895	1967287		plus	30S ribosomal protein S11	rpsK	75162412	protein-coding		WP_007885975.1	130	LK408_RS09455
NZ_JAJFOJ010000001.1	1967307	1967900		plus	30S ribosomal protein S4	rpsD	75162413	protein-coding		WP_007885976.1	197	LK408_RS09460
NZ_JAJFOJ010000001.1	1968011	1968970		plus	DNA-directed RNA polymerase subunit alpha		75162414	protein-coding		WP_007885977.1	319	LK408_RS09465
NZ_JAJFOJ010000001.1	1969210	1969746		plus	bL17 family ribosomal protein		75162415	protein-coding		WP_007885978.1	178	LK408_RS09470
NZ_JAJFOJ010000001.1	1969862	1970587		plus	response regulator transcription factor		75162416	protein-coding		WP_007885979.1	241	LK408_RS09475
NZ_JAJFOJ010000001.1	1970589	1971488		plus	sensor histidine kinase		75162417	protein-coding		WP_044927536.1	299	LK408_RS09480
NZ_JAJFOJ010000001.1	1971752	1972417		plus	ABC transporter ATP-binding protein		75162418	protein-coding		WP_007885982.1	221	LK408_RS09485
NZ_JAJFOJ010000001.1	1972468	1975113		plus	ABC transporter permease		75162419	protein-coding		WP_227970525.1	881	LK408_RS09490
NZ_JAJFOJ010000001.1	1975335	1976399		plus	P-loop NTPase family protein		75162420	protein-coding		WP_007885985.1	354	LK408_RS09495
NZ_JAJFOJ010000001.1	1976982	1977668		plus	response regulator transcription factor		75162421	protein-coding		WP_007885987.1	228	LK408_RS09500
NZ_JAJFOJ010000001.1	1977688	1980276		plus	sensor histidine kinase		75162422	protein-coding		WP_007885988.1	862	LK408_RS09505
NZ_JAJFOJ010000001.1	1980431	1980964		plus	DNA-deoxyinosine glycosylase		75162423	protein-coding		WP_007885989.1	177	LK408_RS09510
NZ_JAJFOJ010000001.1	1981014	1981634		plus	DUF4317 family protein		75162424	protein-coding		WP_007885990.1	206	LK408_RS09515
NZ_JAJFOJ010000001.1	1981649	1981885		plus	DUF3343 domain-containing protein		75162425	protein-coding		WP_007885991.1	78	LK408_RS09520
NZ_JAJFOJ010000001.1	1981956	1982345		plus	VOC family protein		75162426	protein-coding		WP_044927537.1	129	LK408_RS09525
NZ_JAJFOJ010000001.1	1982470	1983051		plus	ECF transporter S component		75162427	protein-coding		WP_044927538.1	193	LK408_RS09530
NZ_JAJFOJ010000001.1	1983176	1983607		plus	DUF4430 domain-containing protein		75162428	protein-coding		WP_044927539.1	143	LK408_RS09535
NZ_JAJFOJ010000001.1	1983607	1984119		plus	hypothetical protein		75162429	protein-coding		WP_007885997.1	170	LK408_RS09540
NZ_JAJFOJ010000001.1	1984200	1985612		minus	sensor histidine kinase		75162430	protein-coding		WP_007885998.1	470	LK408_RS09545
NZ_JAJFOJ010000001.1	1985613	1986314		minus	response regulator transcription factor		75162431	protein-coding		WP_007885999.1	233	LK408_RS09550
NZ_JAJFOJ010000001.1	1986380	1988764		minus	endonuclease MutS2		75162432	protein-coding		WP_227970526.1	794	LK408_RS09555
NZ_JAJFOJ010000001.1	1989007	1990287		plus	S1C family serine protease		75162433	protein-coding		WP_007886003.1	426	LK408_RS09560
NZ_JAJFOJ010000001.1	1990320	1991270		plus	3'-5' exoribonuclease YhaM family protein		75162434	protein-coding		WP_007886005.1	316	LK408_RS09565
NZ_JAJFOJ010000001.1	1991280	1992707		plus	23S rRNA (uracil(1939)-C(5))-methyltransferase RlmD	rlmD	75162435	protein-coding		WP_007886010.1	475	LK408_RS09570
NZ_JAJFOJ010000001.1	1993357	1994274		plus	helix-turn-helix transcriptional regulator		75162436	protein-coding		WP_007886014.1	305	LK408_RS09575
NZ_JAJFOJ010000001.1	1994271	1994957		plus	GyrI-like domain-containing protein		75162437	protein-coding		WP_007886016.1	228	LK408_RS09580
NZ_JAJFOJ010000001.1	1994962	1995708		plus	N-acetyltransferase		75162438	protein-coding		WP_007886018.1	248	LK408_RS09585
NZ_JAJFOJ010000001.1	1995720	1996037		plus	TfoX/Sxy family protein		75162439	protein-coding		WP_007886019.1	105	LK408_RS09590
NZ_JAJFOJ010000001.1	1996163	1997137		minus	IS3 family transposase		75162440	protein-coding		WP_055040552.1	324	LK408_RS09595
NZ_JAJFOJ010000001.1	1997137	1997538		minus	HTH domain-containing protein		75162441	protein-coding		WP_007886408.1	133	LK408_RS09600
NZ_JAJFOJ010000001.1	1998012	1998383		plus	helix-turn-helix domain-containing protein		75162442	protein-coding		WP_007883085.1	123	LK408_RS09605
NZ_JAJFOJ010000001.1	1998427	1999410		plus	hypothetical protein		75162443	protein-coding		WP_007883087.1	327	LK408_RS09610
NZ_JAJFOJ010000001.1	1999547	2000503		plus	ORF6N domain-containing protein		75162444	protein-coding		WP_044927016.1	318	LK408_RS09615
NZ_JAJFOJ010000001.1	2000526	2001308		plus	DNA/RNA helicase domain-containing protein		75162445	protein-coding		WP_007883092.1	260	LK408_RS09620
NZ_JAJFOJ010000001.1	2001311	2001637		plus	nucleotide pyrophosphohydrolase		75162446	protein-coding		WP_007883094.1	108	LK408_RS09625
NZ_JAJFOJ010000001.1	2001650	2002387		plus	GIY-YIG nuclease family protein		75162447	protein-coding		WP_007883096.1	245	LK408_RS09630
NZ_JAJFOJ010000001.1	2002384	2003415		plus	DNA/RNA helicase domain-containing protein		75162448	protein-coding		WP_007883097.1	343	LK408_RS09635
NZ_JAJFOJ010000001.1	2003412	2003906		plus	non-canonical purine NTP pyrophosphatase		75162449	protein-coding		WP_007883098.1	164	LK408_RS09640
NZ_JAJFOJ010000001.1	2004172	2005365		plus	MFS transporter		75162450	protein-coding		WP_007883101.1	397	LK408_RS09645
NZ_JAJFOJ010000001.1	2005372	2005521		plus	hypothetical protein		75162451	protein-coding		WP_007883103.1	49	LK408_RS09650
NZ_JAJFOJ010000001.1	2005537	2006124		plus	HAD family hydrolase		75162452	protein-coding		WP_007883104.1	195	LK408_RS09655
NZ_JAJFOJ010000001.1	2006350	2006583		plus	hypothetical protein		75162453	protein-coding		WP_007883105.1	77	LK408_RS09660
NZ_JAJFOJ010000001.1	2006772	2007755		plus	aldo/keto reductase		75162454	protein-coding		WP_007883106.1	327	LK408_RS09665
NZ_JAJFOJ010000001.1	2007776	2008450		plus	response regulator transcription factor		75162455	protein-coding		WP_044927021.1	224	LK408_RS09670
NZ_JAJFOJ010000001.1	2008466	2009437		plus	sensor histidine kinase		75162456	protein-coding		WP_007883112.1	323	LK408_RS09675
NZ_JAJFOJ010000001.1	2009564	2010334		plus	ABC transporter ATP-binding protein		75162457	protein-coding		WP_007883116.1	256	LK408_RS09680
NZ_JAJFOJ010000001.1	2010324	2012333		plus	ABC transporter permease		75162458	protein-coding		WP_007883117.1	669	LK408_RS09685
NZ_JAJFOJ010000001.1	2012374	2013045		minus	class I SAM-dependent methyltransferase		75162459	protein-coding		WP_172727037.1	223	LK408_RS09690
NZ_JAJFOJ010000001.1	2013383	2014738		plus	hypothetical protein		75162460	protein-coding		WP_007883119.1	451	LK408_RS09695
NZ_JAJFOJ010000001.1	2014914	2015765		plus	DUF11 domain-containing protein		75162461	protein-coding		WP_007883120.1	283	LK408_RS09700
NZ_JAJFOJ010000001.1	2015911	2016510		plus	bifunctional phosphoserine phosphatase/homoserine phosphotransferase ThrH	thrH	75162462	protein-coding		WP_044927026.1	199	LK408_RS09705
NZ_JAJFOJ010000001.1	2016577	2017866		minus	MATE family efflux transporter		75162463	protein-coding		WP_007887770.1	429	LK408_RS09710
NZ_JAJFOJ010000001.1	2017964	2019568		minus	phosphoenolpyruvate carboxykinase (ATP)	pckA	75162464	protein-coding		WP_007887769.1	534	LK408_RS09715
NZ_JAJFOJ010000001.1	2019971	2020936		plus	WD40/YVTN/BNR-like repeat-containing protein		75162465	protein-coding		WP_156333835.1	321	LK408_RS09720
NZ_JAJFOJ010000001.1	2020966	2021895		plus	magnesium transporter CorA family protein		75162466	protein-coding		WP_007887761.1	309	LK408_RS09725
NZ_JAJFOJ010000001.1	2021924	2022160		plus	hypothetical protein		75162467	protein-coding		WP_007887760.1	78	LK408_RS09730
NZ_JAJFOJ010000001.1	2022245	2024497		plus	glycoside hydrolase family 31 protein		75162468	protein-coding		WP_007887759.1	750	LK408_RS09735
NZ_JAJFOJ010000001.1	2024569	2025081		plus	hypothetical protein		75162469	protein-coding		WP_021922127.1	170	LK408_RS09740
NZ_JAJFOJ010000001.1	2025266	2027791		plus	hypothetical protein		75162470	protein-coding		WP_007887755.1	841	LK408_RS09745
NZ_JAJFOJ010000001.1	2027982	2028236		plus	HPr family phosphocarrier protein		75162471	protein-coding		WP_021922129.1	84	LK408_RS09750
NZ_JAJFOJ010000001.1	2028262	2028774		plus	DUF6465 family protein		75162472	protein-coding		WP_007887750.1	170	LK408_RS09755
NZ_JAJFOJ010000001.1	2028939	2030462		minus	IS1182 family transposase		75162473	protein-coding		WP_265336037.1	507	LK408_RS09760
NZ_JAJFOJ010000001.1	2030659	2031837		minus	ribose-phosphate pyrophosphokinase		75162474	protein-coding		WP_044928624.1	392	LK408_RS09765
NZ_JAJFOJ010000001.1	2031915	2032895		minus	ATP-binding protein		75162475	protein-coding		WP_009860809.1	326	LK408_RS09770
NZ_JAJFOJ010000001.1	2032939	2034036		minus	DnaD domain protein		75162476	protein-coding		WP_044928621.1	365	LK408_RS09775
NZ_JAJFOJ010000001.1	2034355	2035734		minus	UDP-N-acetylmuramate--L-alanine ligase	murC	75162477	protein-coding		WP_009860806.1	459	LK408_RS09780
NZ_JAJFOJ010000001.1	2036057	2037784		plus	IS1634 family transposase		75162478	protein-coding		WP_044928048.1	575	LK408_RS09785
NZ_JAJFOJ010000001.1	2038103	2039377		plus	glucose-1-phosphate adenylyltransferase		75162479	protein-coding		WP_021922134.1	424	LK408_RS09790
NZ_JAJFOJ010000001.1	2039374	2040492		plus	glucose-1-phosphate adenylyltransferase subunit GlgD	glgD	75162480	protein-coding		WP_007884662.1	372	LK408_RS09795
NZ_JAJFOJ010000001.1	2040568	2040834		plus	septation regulator SpoVG	spoVG	75162481	protein-coding		WP_007884664.1	88	LK408_RS09800
NZ_JAJFOJ010000001.1	2041025	2041765		plus	sugar phosphate nucleotidyltransferase		75162482	protein-coding		WP_007884666.1	246	LK408_RS09805
NZ_JAJFOJ010000001.1	2041814	2042386		plus	aminoacyl-tRNA hydrolase	pth	75162483	protein-coding		WP_044927382.1	190	LK408_RS09810
NZ_JAJFOJ010000001.1	2042464	2046015		plus	transcription-repair coupling factor	mfd	75162484	protein-coding		WP_007884669.1	1183	LK408_RS09815
NZ_JAJFOJ010000001.1	2046160	2047263		plus	peptidyl-prolyl cis-trans isomerase		75162485	protein-coding		WP_007884671.1	367	LK408_RS09820
NZ_JAJFOJ010000001.1	2047489	2048007		plus	shikimate kinase		75162486	protein-coding		WP_021922139.1	172	LK408_RS09825
NZ_JAJFOJ010000001.1	2047995	2049551		plus	M23 family metallopeptidase		75162487	protein-coding		WP_007884677.1	518	LK408_RS09830
NZ_JAJFOJ010000001.1	2049687	2050979		plus	UDP-N-acetylglucosamine 1-carboxyvinyltransferase		75162488	protein-coding		WP_007884679.1	430	LK408_RS09835
NZ_JAJFOJ010000001.1	2051516	2051944		plus	hypothetical protein		75162489	protein-coding		WP_118091880.1	142	LK408_RS09840
NZ_JAJFOJ010000001.1	2051956	2052864		minus	radical SAM mobile pair protein B		75162490	protein-coding		WP_007884690.1	302	LK408_RS09845
NZ_JAJFOJ010000001.1	2052852	2053541		minus	radical SAM mobile pair protein A		75162491	protein-coding		WP_007884692.1	229	LK408_RS09850
NZ_JAJFOJ010000001.1	2053538	2053975		minus	radical SAM mobile pair system MarR family transcriptional regulator		75162492	protein-coding		WP_007884694.1	145	LK408_RS09855
NZ_JAJFOJ010000001.1	2054106	2054522		minus	immunity 70 family protein		75162493	protein-coding		WP_044927383.1	138	LK408_RS09860
NZ_JAJFOJ010000001.1	2055024	2056142		minus	HD-GYP domain-containing protein		75162494	protein-coding		WP_044927384.1	372	LK408_RS09865
NZ_JAJFOJ010000001.1	2056673	2057860		plus	methionine adenosyltransferase	metK	75162495	protein-coding		WP_007884701.1	395	LK408_RS09870
NZ_JAJFOJ010000001.1	2058083	2059585		plus	sensor histidine kinase		75162496	protein-coding		WP_007884702.1	500	LK408_RS09875
NZ_JAJFOJ010000001.1	2059563	2060252		plus	response regulator transcription factor		75162497	protein-coding		WP_021923035.1	229	LK408_RS09880
NZ_JAJFOJ010000001.1	2060293	2060721		minus	helix-turn-helix transcriptional regulator		75162498	protein-coding		WP_007884709.1	142	LK408_RS09885
NZ_JAJFOJ010000001.1	2061097	2061381		plus	carbon storage regulator		75162499	protein-coding		WP_055039490.1	94	LK408_RS09890
NZ_JAJFOJ010000001.1	2061526	2062704		plus	flagellin N-terminal helical domain-containing protein		75162500	protein-coding		WP_007884712.1	392	LK408_RS09895
NZ_JAJFOJ010000001.1	2062762	2062950		minus	hypothetical protein		75162501	protein-coding		WP_044927385.1	62	LK408_RS09900
NZ_JAJFOJ010000001.1	2063019	2063927		minus	hypothetical protein		75162502	protein-coding		WP_007884714.1	302	LK408_RS09905
NZ_JAJFOJ010000001.1	2064360	2065010		plus	RluA family pseudouridine synthase		75162503	protein-coding		WP_007884716.1	216	LK408_RS09910
NZ_JAJFOJ010000001.1	2065331	2067109		plus	methyl-accepting chemotaxis protein		75162504	protein-coding		WP_172727055.1	592	LK408_RS09915
NZ_JAJFOJ010000001.1	2067172	2070468		plus	tetratricopeptide repeat-containing diguanylate cyclase		75162505	protein-coding		WP_227970527.1	1098	LK408_RS09920
NZ_JAJFOJ010000001.1	2070465	2071805		plus	CCA tRNA nucleotidyltransferase		75162506	protein-coding		WP_007884722.1	446	LK408_RS09925
NZ_JAJFOJ010000001.1	2071872	2072858		plus	CotS family spore coat protein		75162507	protein-coding		WP_118091884.1	328	LK408_RS09930
NZ_JAJFOJ010000001.1	2072937	2074172		plus	hypothetical protein		75162508	protein-coding		WP_227970528.1	411	LK408_RS09935
NZ_JAJFOJ010000001.1	2074427	2076160		plus	phospho-sugar mutase		75162509	protein-coding		WP_007884728.1	577	LK408_RS09940
NZ_JAJFOJ010000001.1	2076308	2076583		plus	HU family DNA-binding protein		75162510	protein-coding		WP_007884730.1	91	LK408_RS09945
NZ_JAJFOJ010000001.1	2076731	2076973		plus	RNA-binding S4 domain-containing protein		75162511	protein-coding		WP_007884733.1	80	LK408_RS09950
NZ_JAJFOJ010000001.1	2077133	2077420		plus	sporulation protein YabP	yabP	75162512	protein-coding		WP_007884734.1	95	LK408_RS09955
NZ_JAJFOJ010000001.1	2077420	2077932		plus	spore cortex biosynthesis protein YabQ	yabQ	75162513	protein-coding		WP_021923711.1	170	LK408_RS09960
NZ_JAJFOJ010000001.1	2077957	2078262		plus	septum formation initiator family protein		75162514	protein-coding		WP_007884738.1	101	LK408_RS09965
NZ_JAJFOJ010000001.1	2078345	2079337		minus	aldo/keto reductase		75162515	protein-coding		WP_044927386.1	330	LK408_RS09970
NZ_JAJFOJ010000001.1	2079929	2081773		plus	SpoIIE family protein phosphatase		75162516	protein-coding		WP_044927387.1	614	LK408_RS09975
NZ_JAJFOJ010000001.1	2081774	2083237		plus	tRNA lysidine(34) synthetase TilS	tilS	75162517	protein-coding		WP_007884744.1	487	LK408_RS09980
NZ_JAJFOJ010000001.1	2083218	2083754		plus	hypoxanthine phosphoribosyltransferase	hpt	75162518	protein-coding		WP_007884745.1	178	LK408_RS09985
NZ_JAJFOJ010000001.1	2083767	2085608		plus	ATP-dependent zinc metalloprotease FtsH	ftsH	75162519	protein-coding		WP_044927388.1	613	LK408_RS09990
NZ_JAJFOJ010000001.1	2086064	2087239		plus	flagellin lysine-N-methylase	fliB	75162520	protein-coding		WP_007884748.1	391	LK408_RS09995
NZ_JAJFOJ010000001.1	2087329	2088396		plus	16S rRNA (cytosine(1402)-N(4))-methyltransferase RsmH	rsmH	75162521	protein-coding		WP_007884749.1	355	LK408_RS10000
NZ_JAJFOJ010000001.1	2088490	2088873		plus	VOC family protein		75162522	protein-coding		WP_007884750.1	127	LK408_RS10005
NZ_JAJFOJ010000001.1	2088924	2090858		minus	type I pullulanase	pulA	75162523	protein-coding		WP_007884751.1	644	LK408_RS10010
NZ_JAJFOJ010000001.1	2091095	2093200		plus	glycoside hydrolase family 13 protein		75162524	protein-coding		WP_007884754.1	701	LK408_RS10015
NZ_JAJFOJ010000001.1	2093282	2093363		plus	tRNA-Tyr		75162525	tRNA				LK408_RS10020
NZ_JAJFOJ010000001.1	2093375	2093458		plus	tRNA-Leu		75162526	tRNA				LK408_RS10025
NZ_JAJFOJ010000001.1	2093577	2094587		minus	LacI family DNA-binding transcriptional regulator		75162527	protein-coding		WP_021923912.1	336	LK408_RS10030
NZ_JAJFOJ010000001.1	2094891	2096387		plus	4-alpha-glucanotransferase	malQ	75162528	protein-coding		WP_021923913.1	498	LK408_RS10035
NZ_JAJFOJ010000001.1	2096455	2097744		plus	extracellular solute-binding protein		75162529	protein-coding		WP_007884762.1	429	LK408_RS10040
NZ_JAJFOJ010000001.1	2097855	2099228		plus	carbohydrate ABC transporter permease		75162530	protein-coding		WP_007884764.1	457	LK408_RS10045
NZ_JAJFOJ010000001.1	2099228	2100103		plus	sugar ABC transporter permease		75162531	protein-coding		WP_007884766.1	291	LK408_RS10050
NZ_JAJFOJ010000001.1	2100330	2102078		plus	alpha-amylase family glycosyl hydrolase		75162532	protein-coding		WP_007884767.1	582	LK408_RS10055
NZ_JAJFOJ010000001.1	2102244	2103974		plus	methyl-accepting chemotaxis protein		75162533	protein-coding		WP_227970529.1	576	LK408_RS10060
NZ_JAJFOJ010000001.1	2104059	2104700		minus	extracellular solute-binding protein		75162534	protein-coding		WP_007884770.1	213	LK408_RS10065
NZ_JAJFOJ010000001.1	2104859	2104929		minus	tRNA-Gly		75162535	tRNA				LK408_RS10070
NZ_JAJFOJ010000001.1	2104933	2105005		minus	tRNA-Phe		75162536	tRNA				LK408_RS10075
NZ_JAJFOJ010000001.1	2105070	2107091		minus	amylo-alpha-1,6-glucosidase		75162537	protein-coding		WP_007884772.1	673	LK408_RS10080
NZ_JAJFOJ010000001.1	2107224	2107721		plus	DUF6106 family protein		75162538	protein-coding		WP_021922386.1	165	LK408_RS10085
NZ_JAJFOJ010000001.1	2107777	2108499		plus	ABC transporter ATP-binding protein		75162539	protein-coding		WP_007884775.1	240	LK408_RS10090
NZ_JAJFOJ010000001.1	2108588	2109505		plus	SufB/SufD family protein		75162540	protein-coding		WP_007884776.1	305	LK408_RS10095
NZ_JAJFOJ010000001.1	2109595	2110752		plus	exonuclease SbcCD subunit D		75162541	protein-coding		WP_227970530.1	385	LK408_RS10100
NZ_JAJFOJ010000001.1	2110749	2113541		plus	AAA family ATPase		75162542	protein-coding		WP_007884783.1	930	LK408_RS10105
NZ_JAJFOJ010000001.1	2113689	2114474		plus	glutamate racemase	murI	75162543	protein-coding		WP_044927389.1	261	LK408_RS10110
NZ_JAJFOJ010000001.1	2114852	2115418		minus	glycerol-3-phosphate responsive antiterminator		75162544	protein-coding		WP_007884786.1	188	LK408_RS10115
NZ_JAJFOJ010000001.1	2116173	2116544		minus	DUF1667 domain-containing protein		75162545	protein-coding		WP_044927390.1	123	LK408_RS10120
NZ_JAJFOJ010000001.1	2116547	2117809		minus	NAD(P)/FAD-dependent oxidoreductase		75162546	protein-coding		WP_007884790.1	420	LK408_RS10125
NZ_JAJFOJ010000001.1	2117812	2119263		minus	NAD(P)/FAD-dependent oxidoreductase		75162547	protein-coding		WP_055301721.1	483	LK408_RS10130
NZ_JAJFOJ010000001.1	2119454	2119813		plus	uncharacterized gene		75162548	pseudogene				LK408_RS10135
NZ_JAJFOJ010000001.1	2120018	2122120		minus	hypothetical protein		75162549	protein-coding		WP_007884793.1	700	LK408_RS10140
NZ_JAJFOJ010000001.1	2122171	2122551		minus	alginate biosynthesis protein		75162550	protein-coding		WP_044927391.1	126	LK408_RS10145
NZ_JAJFOJ010000001.1	2122721	2123443		plus	LytR/AlgR family response regulator transcription factor		75162551	protein-coding		WP_007884795.1	240	LK408_RS10150
NZ_JAJFOJ010000001.1	2123443	2124759		plus	sensor histidine kinase		75162552	protein-coding		WP_007884796.1	438	LK408_RS10155
NZ_JAJFOJ010000001.1	2125008	2125994		plus	helix-turn-helix transcriptional regulator		75162553	protein-coding		WP_044927392.1	328	LK408_RS10160
NZ_JAJFOJ010000001.1	2126027	2126599		plus	M48 family metallopeptidase		75162554	protein-coding		WP_007884798.1	190	LK408_RS10165
NZ_JAJFOJ010000001.1	2126614	2126796		minus	DUF4250 domain-containing protein		75162555	protein-coding		WP_044927393.1	60	LK408_RS10170
NZ_JAJFOJ010000001.1	2126911	2127084		plus	DUF6472 family protein		75162556	protein-coding		WP_172727059.1	57	LK408_RS10175
NZ_JAJFOJ010000001.1	2127865	2129469		minus	CTP synthase		75162557	protein-coding		WP_007889348.1	534	LK408_RS10180
NZ_JAJFOJ010000001.1	2129859	2131898		plus	ATP-dependent zinc metalloprotease FtsH	ftsH	75162558	protein-coding		WP_227970531.1	679	LK408_RS10185
NZ_JAJFOJ010000001.1	2131898	2133769		plus	excinuclease ABC subunit UvrC	uvrC	75162559	protein-coding		WP_007889358.1	623	LK408_RS10190
NZ_JAJFOJ010000001.1	2133862	2134809		plus	HPr(Ser) kinase/phosphatase	hprK	75162560	protein-coding		WP_007889363.1	315	LK408_RS10195
NZ_JAJFOJ010000001.1	2134919	2136310		plus	aminopeptidase		75162561	protein-coding		WP_007889364.1	463	LK408_RS10200
NZ_JAJFOJ010000001.1	2136320	2137228		plus	UDP-N-acetylmuramate dehydrogenase	murB	75162562	protein-coding		WP_007889366.1	302	LK408_RS10205
NZ_JAJFOJ010000001.1	2137262	2138140		plus	RNase adapter RapZ	rapZ	75162563	protein-coding		WP_007889367.1	292	LK408_RS10210
NZ_JAJFOJ010000001.1	2138142	2139035		plus	DNA-binding protein WhiA	whiA	75162564	protein-coding		WP_007889369.1	297	LK408_RS10215
NZ_JAJFOJ010000001.1	2139054	2139305		plus	HPr family phosphocarrier protein		75162565	protein-coding		WP_007889372.1	83	LK408_RS10220
NZ_JAJFOJ010000001.1	2139337	2140242		plus	diacylglycerol/lipid kinase family protein		75162566	protein-coding		WP_227970532.1	301	LK408_RS10225
NZ_JAJFOJ010000001.1	2140431	2141297		plus	class II fructose-1,6-bisphosphate aldolase	fba	75162567	protein-coding		WP_044928403.1	288	LK408_RS10230
NZ_JAJFOJ010000001.1	2141474	2143594		plus	glutamine synthetase III family protein		75162568	protein-coding		WP_044928404.1	706	LK408_RS10235
NZ_JAJFOJ010000001.1	2143946	2146066		plus	glutamine synthetase III family protein		75162569	protein-coding		WP_007889383.1	706	LK408_RS10240
NZ_JAJFOJ010000001.1	2146296	2146634		plus	P-II family nitrogen regulator		75162570	protein-coding		WP_007889386.1	112	LK408_RS10245
NZ_JAJFOJ010000001.1	2146790	2147986		plus	ammonium transporter		75162571	protein-coding		WP_007889387.1	398	LK408_RS10250
NZ_JAJFOJ010000001.1	2148252	2148923		plus	response regulator		75162572	protein-coding		WP_007889393.1	223	LK408_RS10255
NZ_JAJFOJ010000001.1	2148992	2151682		minus	transglycosylase domain-containing protein		75162573	protein-coding		WP_081453884.1	896	LK408_RS10260
NZ_JAJFOJ010000001.1	2151920	2152570		plus	YigZ family protein		75162574	protein-coding		WP_007884865.1	216	LK408_RS10265
NZ_JAJFOJ010000001.1	2152637	2152708		plus	tRNA-Gln		75162575	tRNA				LK408_RS10270
NZ_JAJFOJ010000001.1	2152863	2153576		plus	acyl-[acyl-carrier-protein] thioesterase		75162576	protein-coding		WP_007884869.1	237	LK408_RS10275
NZ_JAJFOJ010000001.1	2153578	2154417		plus	CvfB family protein		75162577	protein-coding		WP_021923363.1	279	LK408_RS10280
NZ_JAJFOJ010000001.1	2154422	2154796		plus	RidA family protein		75162578	protein-coding		WP_007884872.1	124	LK408_RS10285
NZ_JAJFOJ010000001.1	2155000	2156211		plus	C40 family peptidase		75162579	protein-coding		WP_007884876.1	403	LK408_RS10290
NZ_JAJFOJ010000001.1	2156760	2157440		plus	WecB/TagA/CpsF family glycosyltransferase		75162580	protein-coding		WP_021923361.1	226	LK408_RS10295
NZ_JAJFOJ010000001.1	2157446	2158324		plus	YitT family protein		75162581	protein-coding		WP_007884888.1	292	LK408_RS10300
NZ_JAJFOJ010000001.1	2158549	2159637		plus	PucR family transcriptional regulator		75162582	protein-coding		WP_007884891.1	362	LK408_RS10305
NZ_JAJFOJ010000001.1	2159654	2160337		plus	cell division ATP-binding protein FtsE	ftsE	75162583	protein-coding		WP_007884892.1	227	LK408_RS10310
NZ_JAJFOJ010000001.1	2160327	2161235		plus	permease-like cell division protein FtsX	ftsX	75162584	protein-coding		WP_007884893.1	302	LK408_RS10315
NZ_JAJFOJ010000001.1	2161240	2162454		plus	murein hydrolase activator EnvC family protein		75162585	protein-coding		WP_007884894.1	404	LK408_RS10320
NZ_JAJFOJ010000001.1	2162695	2163981		plus	S41 family peptidase		75162586	protein-coding		WP_007884896.1	428	LK408_RS10325
NZ_JAJFOJ010000001.1	2163998	2164498		plus	VanZ family protein		75162587	protein-coding		WP_055040568.1	166	LK408_RS10330
NZ_JAJFOJ010000001.1	2164553	2165690		plus	peptide chain release factor 2	prfB	75162588	protein-coding		WP_118203323.1	378	LK408_RS10335
NZ_JAJFOJ010000001.1	2165683	2166441		plus	TIM44-like domain-containing protein		75162589	protein-coding		WP_021923354.1	252	LK408_RS10340
NZ_JAJFOJ010000001.1	2166453	2167733		plus	SPFH domain-containing protein		75162590	protein-coding		WP_007884906.1	426	LK408_RS10345
NZ_JAJFOJ010000001.1	2167736	2168851		plus	TFIIB-type zinc ribbon-containing protein		75162591	protein-coding		WP_007884907.1	371	LK408_RS10350
NZ_JAJFOJ010000001.1	2168848	2169678		plus	TPM domain-containing protein		75162592	protein-coding		WP_007884908.1	276	LK408_RS10355
NZ_JAJFOJ010000001.1	2169863	2170306		plus	ACT domain-containing protein		75162593	protein-coding		WP_007884912.1	147	LK408_RS10360
NZ_JAJFOJ010000001.1	2170366	2171568		plus	homoserine dehydrogenase		75162594	protein-coding		WP_007884914.1	400	LK408_RS10365
NZ_JAJFOJ010000001.1	2171718	2172416		plus	5'-methylthioadenosine/adenosylhomocysteine nucleosidase		75162595	protein-coding		WP_044927415.1	232	LK408_RS10370
NZ_JAJFOJ010000001.1	2172527	2172700		plus	hypothetical protein		75162596	protein-coding		WP_172727063.1	57	LK408_RS10375
NZ_JAJFOJ010000001.1	2172708	2173439		plus	LytR/AlgR family response regulator transcription factor		75162597	protein-coding		WP_007884917.1	243	LK408_RS10380
NZ_JAJFOJ010000001.1	2173757	2174296		plus	hypothetical protein		75162598	protein-coding		WP_007884918.1	179	LK408_RS10385
NZ_JAJFOJ010000001.1	2174399	2175127		plus	sensor histidine kinase		75162599	protein-coding		WP_044927409.1	242	LK408_RS10390
NZ_JAJFOJ010000001.1	2175340	2177145		plus	ABC transporter ATP-binding protein		75162600	protein-coding		WP_044927410.1	601	LK408_RS10395
NZ_JAJFOJ010000001.1	2177135	2178961		plus	ABC transporter ATP-binding protein		75162601	protein-coding		WP_007884932.1	608	LK408_RS10400
NZ_JAJFOJ010000001.1	2179461	2180975		plus	glycerol kinase GlpK	glpK	75162602	protein-coding		WP_007884942.1	504	LK408_RS10405
NZ_JAJFOJ010000001.1	2181242	2182303		plus	carbamoyl phosphate synthase small subunit		75162603	protein-coding		WP_044927419.1	353	LK408_RS10410
NZ_JAJFOJ010000001.1	2182366	2185572		plus	carbamoyl-phosphate synthase large subunit	carB	75162604	protein-coding		WP_007884946.1	1068	LK408_RS10415
NZ_JAJFOJ010000001.1	2186333	2187622		plus	group II intron reverse transcriptase/maturase	ltrA	75162605	protein-coding		WP_117534911.1	429	LK408_RS10420
NZ_JAJFOJ010000001.1	2187814	2187939		minus	hypothetical protein		76380060	protein-coding		WP_265336057.1	41	LK408_RS20160
NZ_JAJFOJ010000001.1	2188331	2188939		minus	ATP-binding cassette domain-containing protein		75162606	protein-coding		WP_002593328.1	202	LK408_RS10425
NZ_JAJFOJ010000001.1	2188936	2190900		minus	DUF1430 domain-containing protein		75162607	protein-coding		WP_007890259.1	654	LK408_RS10430
NZ_JAJFOJ010000001.1	2191786	2193357		plus	GH25 family lysozyme		75162608	protein-coding		WP_007890258.1	523	LK408_RS10435
NZ_JAJFOJ010000001.1	2193429	2194751		minus	HD-GYP domain-containing protein		75162609	protein-coding		WP_007890257.1	440	LK408_RS10440
NZ_JAJFOJ010000001.1	2194913	2196109		plus	cell wall hydrolase		75162610	protein-coding		WP_044928789.1	398	LK408_RS10445
NZ_JAJFOJ010000001.1	2196570	2197751		plus	acetyl-CoA C-acetyltransferase		75162611	protein-coding		WP_007890255.1	393	LK408_RS10450
NZ_JAJFOJ010000001.1	2197847	2198719		plus	3-hydroxyacyl-CoA dehydrogenase family protein		75162612	protein-coding		WP_021924028.1	290	LK408_RS10455
NZ_JAJFOJ010000001.1	2198755	2199909		plus	acyl-CoA dehydrogenase		75162613	protein-coding		WP_007890253.1	384	LK408_RS10460
NZ_JAJFOJ010000001.1	2200076	2200858		plus	electron transfer flavoprotein subunit beta/FixA family protein		75162614	protein-coding		WP_007890252.1	260	LK408_RS10465
NZ_JAJFOJ010000001.1	2200885	2201931		plus	electron transfer flavoprotein subunit alpha/FixB family protein		75162615	protein-coding		WP_007890251.1	348	LK408_RS10470
NZ_JAJFOJ010000001.1	2202693	2203982		plus	group II intron reverse transcriptase/maturase	ltrA	75162616	protein-coding		WP_227970533.1	429	LK408_RS10475
NZ_JAJFOJ010000001.1	2204501	2205094		plus	ECF transporter S component		75162617	protein-coding		WP_007883508.1	197	LK408_RS10480
NZ_JAJFOJ010000001.1	2205189	2205695		minus	flavodoxin family protein BilS	bilS	75162618	protein-coding		WP_007883506.1	168	LK408_RS10485
NZ_JAJFOJ010000001.1	2205969	2206817		plus	Mrp/NBP35 family ATP-binding protein		75162619	protein-coding		WP_044927136.1	282	LK408_RS10490
NZ_JAJFOJ010000001.1	2206872	2207435		minus	helix-turn-helix domain-containing protein		75162620	protein-coding		WP_007883503.1	187	LK408_RS10495
NZ_JAJFOJ010000001.1	2207792	2208253		plus	LytTR family DNA-binding domain-containing protein		75162621	protein-coding		WP_007883502.1	153	LK408_RS10500
NZ_JAJFOJ010000001.1	2208250	2208963		plus	LiaF transmembrane domain-containing protein		75162622	protein-coding		WP_007883501.1	237	LK408_RS10505
NZ_JAJFOJ010000001.1	2209122	2210528		minus	uracil-xanthine permease family protein		75162623	protein-coding		WP_007883499.1	468	LK408_RS10510
NZ_JAJFOJ010000001.1	2210773	2212914		plus	Tex family protein		75162624	protein-coding		WP_044927137.1	713	LK408_RS10515
NZ_JAJFOJ010000001.1	2213285	2213908		plus	ECF transporter S component		75162625	protein-coding		WP_007883496.1	207	LK408_RS10520
NZ_JAJFOJ010000001.1	2214479	2215762		plus	group II intron reverse transcriptase/maturase	ltrA	75162626	protein-coding		WP_158555625.1	427	LK408_RS10525
NZ_JAJFOJ010000001.1	2215960	2216451		plus	YcxB family protein		75162627	protein-coding		WP_007888422.1	163	LK408_RS10530
NZ_JAJFOJ010000001.1	2216479	2216916		plus	tRNA (adenosine(37)-N6)-threonylcarbamoyltransferase complex ATPase subunit type 1 TsaE	tsaE	75162628	protein-coding		WP_007888421.1	145	LK408_RS10535
NZ_JAJFOJ010000001.1	2216937	2217644		plus	tRNA (adenosine(37)-N6)-threonylcarbamoyltransferase complex dimerization subunit type 1 TsaB	tsaB	75162629	protein-coding		WP_007888420.1	235	LK408_RS10540
NZ_JAJFOJ010000001.1	2217641	2218078		plus	ribosomal protein S18-alanine N-acetyltransferase	rimI	75162630	protein-coding		WP_007888419.1	145	LK408_RS10545
NZ_JAJFOJ010000001.1	2218111	2219028		plus	ribonuclease Z		75162631	protein-coding		WP_007888408.1	305	LK408_RS10550
NZ_JAJFOJ010000001.1	2219089	2219667		plus	DUF6715 family protein		75162632	protein-coding		WP_007888405.1	192	LK408_RS10555
NZ_JAJFOJ010000001.1	2219657	2220682		plus	tRNA (adenosine(37)-N6)-threonylcarbamoyltransferase complex transferase subunit TsaD	tsaD	75162633	protein-coding		WP_007888404.1	341	LK408_RS10560
NZ_JAJFOJ010000001.1	2220723	2221421		plus	2-C-methyl-D-erythritol 4-phosphate cytidylyltransferase	ispD	75162634	protein-coding		WP_044928199.1	232	LK408_RS10565
NZ_JAJFOJ010000001.1	2221532	2221617		plus	tRNA-Ser		75162635	tRNA				LK408_RS10570
NZ_JAJFOJ010000001.1	2221683	2221772		plus	tRNA-Ser		75162636	tRNA				LK408_RS10575
NZ_JAJFOJ010000001.1	2222135	2223667		plus	16S ribosomal RNA		75162637	rRNA				LK408_RS10580
NZ_JAJFOJ010000001.1	2223727	2223844		plus	5S ribosomal RNA	rrf	75162638	rRNA				LK408_RS10585
NZ_JAJFOJ010000001.1	2224121	2227015		plus	23S ribosomal RNA		75162639	rRNA				LK408_RS10590
NZ_JAJFOJ010000001.1	2227227	2227298		plus	tRNA-Asn		75162640	tRNA				LK408_RS10595
NZ_JAJFOJ010000001.1	2227314	2227385		plus	tRNA-Glu		75162641	tRNA				LK408_RS10600
NZ_JAJFOJ010000001.1	2227486	2227558		plus	tRNA-Thr		75162642	tRNA				LK408_RS10605
NZ_JAJFOJ010000001.1	2227588	2227661		plus	tRNA-Ile		75162643	tRNA				LK408_RS10610
NZ_JAJFOJ010000001.1	2227680	2227753		plus	tRNA-Asp		75162644	tRNA				LK408_RS10615
NZ_JAJFOJ010000001.1	2227758	2227830		plus	tRNA-Val		75162645	tRNA				LK408_RS10620
NZ_JAJFOJ010000001.1	2227857	2227940		plus	tRNA-Leu		75162646	tRNA				LK408_RS10625
NZ_JAJFOJ010000001.1	2228001	2228074		plus	tRNA-Arg		75162647	tRNA				LK408_RS10630
NZ_JAJFOJ010000001.1	2228149	2229171		plus	acyltransferase family protein		75162648	protein-coding		WP_007882194.1	340	LK408_RS10635
NZ_JAJFOJ010000001.1	2229383	2231671		plus	cyclic nucleotide-binding domain-containing protein		75162649	protein-coding		WP_007882193.1	762	LK408_RS10640
NZ_JAJFOJ010000001.1	2231922	2233139		plus	IS256 family transposase		75162650	protein-coding		WP_118112239.1	405	LK408_RS10645
NZ_JAJFOJ010000001.1	2233318	2234502		minus	helix-turn-helix domain-containing protein		75162651	protein-coding		WP_007884465.1	394	LK408_RS10650
NZ_JAJFOJ010000001.1	2234656	2237085		plus	beta-galactosidase		75162652	protein-coding		WP_227970534.1	809	LK408_RS10655
NZ_JAJFOJ010000001.1	2237116	2238522		plus	MFS transporter		75162653	protein-coding		WP_118582923.1	468	LK408_RS10660
NZ_JAJFOJ010000001.1	2238556	2241027		plus	glycoside hydrolase family 3 N-terminal domain-containing protein		75162654	protein-coding		WP_007884445.1	823	LK408_RS10665
NZ_JAJFOJ010000001.1	2241033	2243522		plus	glycoside hydrolase family 3 protein		75162655	protein-coding		WP_007884442.1	829	LK408_RS10670
NZ_JAJFOJ010000001.1	2243503	2245809		plus	GH36-type glycosyl hydrolase domain-containing protein		75162656	protein-coding		WP_227970535.1	768	LK408_RS10675
NZ_JAJFOJ010000001.1	2245918	2245998		plus	uncharacterized gene		75162657	pseudogene				LK408_RS10680
NZ_JAJFOJ010000001.1	2246246	2246419		plus	hypothetical protein		75162658	protein-coding		WP_172727051.1	57	LK408_RS10685
NZ_JAJFOJ010000001.1	2246521	2246823		plus	rhodanese-like domain-containing protein		75162659	protein-coding		WP_007884438.1	100	LK408_RS10690
NZ_JAJFOJ010000001.1	2246929	2248077		plus	THUMP domain-containing class I SAM-dependent RNA methyltransferase		75162660	protein-coding		WP_007884437.1	382	LK408_RS10695
NZ_JAJFOJ010000001.1	2248094	2249800		plus	lectin like domain-containing protein		75162661	protein-coding		WP_007884431.1	568	LK408_RS10700
NZ_JAJFOJ010000001.1	2249812	2250876		plus	N-acetylmuramoyl-L-alanine amidase family protein		75162662	protein-coding		WP_007884428.1	354	LK408_RS10705
NZ_JAJFOJ010000001.1	2250881	2251480		plus	RdgB/HAM1 family non-canonical purine NTP pyrophosphatase	rdgB	75162663	protein-coding		WP_044927328.1	199	LK408_RS10710
NZ_JAJFOJ010000001.1	2251477	2251956		plus	metallophosphoesterase family protein		75162664	protein-coding		WP_007884424.1	159	LK408_RS10715
NZ_JAJFOJ010000001.1	2252126	2252200		plus	tRNA-Pro		75162665	tRNA				LK408_RS10720
NZ_JAJFOJ010000001.1	2252206	2252276		plus	tRNA-Gly		75162666	tRNA				LK408_RS10725
NZ_JAJFOJ010000001.1	2252310	2252383		plus	tRNA-Arg		75162667	tRNA				LK408_RS10730
NZ_JAJFOJ010000001.1	2252454	2252527		plus	tRNA-His		75162668	tRNA				LK408_RS10735
NZ_JAJFOJ010000001.1	2252591	2252662		plus	tRNA-Gln		75162669	tRNA				LK408_RS10740
NZ_JAJFOJ010000001.1	2252671	2252743		plus	tRNA-Lys		75162670	tRNA				LK408_RS10745
NZ_JAJFOJ010000001.1	2252834	2252914		plus	tRNA-Leu		75162671	tRNA				LK408_RS10750
NZ_JAJFOJ010000001.1	2253157	2253519		plus	hypothetical protein		75162672	protein-coding		WP_005928529.1	120	LK408_RS10755
NZ_JAJFOJ010000001.1	2253730	2254695		plus	DUF6017 domain-containing protein		75162673	protein-coding		WP_005928536.1	321	LK408_RS10760
NZ_JAJFOJ010000001.1	2254719	2254937		plus	DUF5348 domain-containing protein		75162674	protein-coding		WP_005422968.1	72	LK408_RS10765
NZ_JAJFOJ010000001.1	2255035	2255511		plus	PcfB family protein		75162675	protein-coding		WP_005928540.1	158	LK408_RS10770
NZ_JAJFOJ010000001.1	2255508	2257295		plus	VirD4-like conjugal transfer protein, CD1115 family		75162676	protein-coding		WP_005928544.1	595	LK408_RS10775
NZ_JAJFOJ010000001.1	2257288	2257500		plus	hypothetical protein		75162677	protein-coding		WP_005928546.1	70	LK408_RS10780
NZ_JAJFOJ010000001.1	2257711	2257926		plus	Maff2 family mobile element protein		75162678	protein-coding		WP_005928550.1	71	LK408_RS10785
NZ_JAJFOJ010000001.1	2257943	2258812		plus	VirB6/TrbL-like conjugal transfer protein, CD1112 family		75162679	protein-coding		WP_005928553.1	289	LK408_RS10790
NZ_JAJFOJ010000001.1	2258837	2259247		plus	PrgI family protein		75162680	protein-coding		WP_005928557.1	136	LK408_RS10795
NZ_JAJFOJ010000001.1	2259195	2261624		plus	VirB4-like conjugal transfer ATPase, CD1110 family		75162681	protein-coding		WP_015542402.1	809	LK408_RS10800
NZ_JAJFOJ010000001.1	2261621	2262502		plus	DNA-methyltransferase		75162682	protein-coding		WP_005928563.1	293	LK408_RS10805
NZ_JAJFOJ010000001.1	2262541	2264604		plus	C40 family peptidase		75162683	protein-coding		WP_035393412.1	687	LK408_RS10810
NZ_JAJFOJ010000001.1	2264639	2264896		plus	DUF4315 family protein		75162684	protein-coding		WP_005928569.1	85	LK408_RS10815
NZ_JAJFOJ010000001.1	2264886	2265584		plus	DUF4366 domain-containing protein		75162685	protein-coding		WP_015542401.1	232	LK408_RS10820
NZ_JAJFOJ010000001.1	2265581	2267677		plus	DNA topoisomerase 3		75162686	protein-coding		WP_007884408.1	698	LK408_RS10825
NZ_JAJFOJ010000001.1	2267880	2271593		plus	YodL domain-containing protein		75162687	protein-coding		WP_005928606.1	1237	LK408_RS10830
NZ_JAJFOJ010000001.1	2271597	2272550		plus	hypothetical protein		75162688	protein-coding		WP_005928610.1	317	LK408_RS10835
NZ_JAJFOJ010000001.1	2272547	2272759		plus	transposon-transfer assisting family protein		75162689	protein-coding		WP_005928614.1	70	LK408_RS10840
NZ_JAJFOJ010000001.1	2272756	2273121		plus	cysteine-rich VLP domain-containing protein		75162690	protein-coding		WP_005928617.1	121	LK408_RS10845
NZ_JAJFOJ010000001.1	2273299	2273667		minus	DUF6050 family protein		75162691	protein-coding		WP_005928622.1	122	LK408_RS10850
NZ_JAJFOJ010000001.1	2273672	2273902		minus	helix-turn-helix domain-containing protein		75162692	protein-coding		WP_005928624.1	76	LK408_RS10855
NZ_JAJFOJ010000001.1	2273995	2275335		minus	relaxase/mobilization nuclease domain-containing protein		75162693	protein-coding		WP_005928627.1	446	LK408_RS10860
NZ_JAJFOJ010000001.1	2275296	2275625		minus	plasmid mobilization protein		75162694	protein-coding		WP_005422959.1	109	LK408_RS10865
NZ_JAJFOJ010000001.1	2275880	2276233		minus	helix-turn-helix domain-containing protein		75162695	protein-coding		WP_015542399.1	117	LK408_RS10870
NZ_JAJFOJ010000001.1	2276394	2276597		plus	helix-turn-helix domain-containing protein		75162696	protein-coding		WP_015542398.1	67	LK408_RS10875
NZ_JAJFOJ010000001.1	2276575	2277240		plus	response regulator transcription factor		75162697	protein-coding		WP_005928637.1	221	LK408_RS10880
NZ_JAJFOJ010000001.1	2277324	2278244		plus	ATP-binding cassette domain-containing protein		75162698	protein-coding		WP_005928640.1	306	LK408_RS10885
NZ_JAJFOJ010000001.1	2278237	2279043		plus	ABC transporter permease		75162699	protein-coding		WP_005928643.1	268	LK408_RS10890
NZ_JAJFOJ010000001.1	2279061	2279975		plus	sensor histidine kinase		75162700	protein-coding		WP_005928646.1	304	LK408_RS10895
NZ_JAJFOJ010000001.1	2280569	2281852		plus	group II intron reverse transcriptase/maturase	ltrA	75162701	protein-coding		WP_158555625.1	427	LK408_RS10900
NZ_JAJFOJ010000001.1	2281954	2283357		plus	IS1182 family transposase		75162702	protein-coding		WP_007882151.1	467	LK408_RS10905
NZ_JAJFOJ010000001.1	2283914	2284336		plus	RNA polymerase sigma factor		75162703	protein-coding		WP_005928648.1	140	LK408_RS10910
NZ_JAJFOJ010000001.1	2284333	2284584		plus	helix-turn-helix domain-containing protein		75162704	protein-coding		WP_005928652.1	83	LK408_RS10915
NZ_JAJFOJ010000001.1	2285000	2285236		plus	MerR family transcriptional regulator		75162705	protein-coding		WP_005928655.1	78	LK408_RS10920
NZ_JAJFOJ010000001.1	2285240	2286433		plus	Arm DNA-binding domain-containing protein		75162706	protein-coding		WP_007883129.1	397	LK408_RS10925
NZ_JAJFOJ010000001.1	2286442	2287968		minus	recombinase family protein		75162707	protein-coding		WP_044927031.1	508	LK408_RS10930
NZ_JAJFOJ010000001.1	2287953	2289611		minus	recombinase family protein		75162708	protein-coding		WP_007883135.1	552	LK408_RS10935
NZ_JAJFOJ010000001.1	2289614	2291248		minus	recombinase family protein		75162709	protein-coding		WP_044927032.1	544	LK408_RS10940
NZ_JAJFOJ010000001.1	2291371	2291595		minus	DUF6870 family protein		75162710	protein-coding		WP_233105305.1	74	LK408_RS10945
NZ_JAJFOJ010000001.1	2292177	2292650		minus	sigma-70 family RNA polymerase sigma factor		75162711	protein-coding		WP_021633226.1	157	LK408_RS10950
NZ_JAJFOJ010000001.1	2293104	2293421		plus	helix-turn-helix domain-containing protein		75162712	protein-coding		WP_007883145.1	105	LK408_RS10955
NZ_JAJFOJ010000001.1	2293539	2293907		minus	metal-dependent transcriptional regulator		75162713	protein-coding		WP_007883147.1	122	LK408_RS10960
NZ_JAJFOJ010000001.1	2293919	2295667		minus	ABC transporter ATP-binding protein		75162714	protein-coding		WP_007883149.1	582	LK408_RS10965
NZ_JAJFOJ010000001.1	2295668	2297452		minus	ABC transporter ATP-binding protein		75162715	protein-coding		WP_007883150.1	594	LK408_RS10970
NZ_JAJFOJ010000001.1	2297579	2299045		minus	ABC transporter ATP-binding protein		75162716	protein-coding		WP_055270719.1	488	LK408_RS10975
NZ_JAJFOJ010000001.1	2299042	2299794		minus	energy-coupling factor transporter transmembrane component T		75162717	protein-coding		WP_007883153.1	250	LK408_RS10980
NZ_JAJFOJ010000001.1	2299794	2300390		minus	MptD family putative ECF transporter S component		75162718	protein-coding		WP_005601664.1	198	LK408_RS10985
NZ_JAJFOJ010000001.1	2300541	2301506		minus	helix-turn-helix domain-containing protein		75162719	protein-coding		WP_007883156.1	321	LK408_RS10990
NZ_JAJFOJ010000001.1	2301963	2303387		minus	relaxase/mobilization nuclease domain-containing protein		75162720	protein-coding		WP_044927035.1	474	LK408_RS10995
NZ_JAJFOJ010000001.1	2303444	2303653		minus	hypothetical protein		75162721	protein-coding		WP_007883161.1	69	LK408_RS11000
NZ_JAJFOJ010000001.1	2303655	2304500		minus	nucleotidyl transferase AbiEii/AbiGii toxin family protein		75162722	protein-coding		WP_007883162.1	281	LK408_RS11005
NZ_JAJFOJ010000001.1	2304497	2305090		minus	type IV toxin-antitoxin system AbiEi family antitoxin domain-containing protein		75162723	protein-coding		WP_007883163.1	197	LK408_RS11010
NZ_JAJFOJ010000001.1	2305190	2305477		minus	CD1845 family protein		75162724	protein-coding		WP_007883164.1	95	LK408_RS11015
NZ_JAJFOJ010000001.1	2305465	2305782		minus	hypothetical protein		75162725	protein-coding		WP_044927037.1	105	LK408_RS11020
NZ_JAJFOJ010000001.1	2306038	2306247		plus	helix-turn-helix domain-containing protein		75162726	protein-coding		WP_252832540.1	69	LK408_RS11025
NZ_JAJFOJ010000001.1	2306326	2306664		minus	plasmid mobilization protein		75162727	protein-coding		WP_007883168.1	112	LK408_RS11030
NZ_JAJFOJ010000001.1	2306668	2307165		minus	DUF3849 domain-containing protein		75162728	protein-coding		WP_007883169.1	165	LK408_RS11035
NZ_JAJFOJ010000001.1	2307165	2315726		minus	MutS N-terminal domain-containing protein		75162729	protein-coding		WP_321576006.1	2853	LK408_RS11040
NZ_JAJFOJ010000001.1	2315729	2316082		minus	TnpV protein		75162730	protein-coding		WP_081453863.1	117	LK408_RS11045
NZ_JAJFOJ010000001.1	2316847	2317077		minus	transposon-transfer assisting family protein		75162731	protein-coding		WP_007883178.1	76	LK408_RS11050
NZ_JAJFOJ010000001.1	2317079	2319259		minus	YodL domain-containing protein		75162732	protein-coding		WP_044927039.1	726	LK408_RS11055
NZ_JAJFOJ010000001.1	2319427	2319792		minus	cysteine-rich VLP domain-containing protein		75162733	protein-coding		WP_044927041.1	121	LK408_RS11060
NZ_JAJFOJ010000001.1	2319785	2321827		minus	DNA topoisomerase 3		75162734	protein-coding		WP_007883189.1	680	LK408_RS11065
NZ_JAJFOJ010000001.1	2322000	2323028		minus	CD1107 family mobile element protein		75162735	protein-coding		WP_007883193.1	342	LK408_RS11070
NZ_JAJFOJ010000001.1	2323021	2323260		minus	DUF4315 family protein		75162736	protein-coding		WP_007883194.1	79	LK408_RS11075
NZ_JAJFOJ010000001.1	2323276	2324985		minus	C40 family peptidase		75162737	protein-coding		WP_007883196.1	569	LK408_RS11080
NZ_JAJFOJ010000001.1	2324982	2327387		minus	VirB4-like conjugal transfer ATPase, CD1110 family		75162738	protein-coding		WP_007883198.1	801	LK408_RS11085
NZ_JAJFOJ010000001.1	2327308	2327739		minus	PrgI family protein		75162739	protein-coding		WP_007883202.1	143	LK408_RS11090
NZ_JAJFOJ010000001.1	2327752	2328192		minus	XF1762 family protein		75162740	protein-coding		WP_044927047.1	146	LK408_RS11095
NZ_JAJFOJ010000001.1	2328206	2329075		minus	VirB6/TrbL-like conjugal transfer protein, CD1112 family		75162741	protein-coding		WP_007883207.1	289	LK408_RS11100
NZ_JAJFOJ010000001.1	2329155	2329289		minus	Maff2 family mobile element protein		75162742	protein-coding		WP_456300208.1	44	LK408_RS11105
NZ_JAJFOJ010000001.1	2330035	2330166		minus	Maff2 family mobile element protein		75162743	protein-coding		WP_044927049.1	43	LK408_RS11110
NZ_JAJFOJ010000001.1	2330260	2332047		minus	VirD4-like conjugal transfer protein, CD1115 family		75162744	protein-coding		WP_007883210.1	595	LK408_RS11115
NZ_JAJFOJ010000001.1	2332044	2332520		minus	PcfB family protein		75162745	protein-coding		WP_007883211.1	158	LK408_RS11120
NZ_JAJFOJ010000001.1	2332603	2332950		minus	DUF7768 domain-containing protein		75162746	protein-coding		WP_044927052.1	115	LK408_RS11125
NZ_JAJFOJ010000001.1	2332999	2333835		minus	DUF6017 domain-containing protein		75162747	protein-coding		WP_007883213.1	278	LK408_RS11130
NZ_JAJFOJ010000001.1	2333863	2334645		minus	phosphoadenosine phosphosulfate reductase domain-containing protein		75162748	protein-coding		WP_007883214.1	260	LK408_RS11135
NZ_JAJFOJ010000001.1	2334680	2335183		minus	hypothetical protein		75162749	protein-coding		WP_007883215.1	167	LK408_RS11140
NZ_JAJFOJ010000001.1	2335203	2335466		minus	DUF5720 family protein		75162750	protein-coding		WP_007883217.1	87	LK408_RS11145
NZ_JAJFOJ010000001.1	2335456	2336070		minus	hypothetical protein		75162751	protein-coding		WP_044927053.1	204	LK408_RS11150
NZ_JAJFOJ010000001.1	2336122	2337036		minus	ParB/RepB/Spo0J family partition protein		75162752	protein-coding		WP_215688594.1	304	LK408_RS11155
NZ_JAJFOJ010000001.1	2337316	2337579		plus	hypothetical protein		75162753	protein-coding		WP_007883226.1	87	LK408_RS11160
NZ_JAJFOJ010000001.1	2338106	2339023		plus	VanZ family protein		75162754	protein-coding		WP_007883229.1	305	LK408_RS11165
NZ_JAJFOJ010000001.1	2339024	2339524		plus	hypothetical protein		75162755	protein-coding		WP_007883230.1	166	LK408_RS11170
NZ_JAJFOJ010000001.1	2339545	2339832		minus	hypothetical protein		75162756	protein-coding		WP_007883236.1	95	LK408_RS11175
NZ_JAJFOJ010000001.1	2340001	2341680		plus	M3 family oligoendopeptidase		75162757	protein-coding		WP_007883238.1	559	LK408_RS11180
NZ_JAJFOJ010000001.1	2342320	2344506		plus	ABC transporter substrate-binding protein		75162758	protein-coding		WP_007883242.1	728	LK408_RS11185
NZ_JAJFOJ010000001.1	2344583	2346154		plus	ABC transporter permease		75162759	protein-coding		WP_021922801.1	523	LK408_RS11190
NZ_JAJFOJ010000001.1	2346161	2347129		plus	ABC transporter permease		75162760	protein-coding		WP_007883249.1	322	LK408_RS11195
NZ_JAJFOJ010000001.1	2347141	2348889		plus	oligopeptide/dipeptide ABC transporter ATP-binding protein		75162761	protein-coding		WP_007883256.1	582	LK408_RS11200
NZ_JAJFOJ010000001.1	2348902	2350206		plus	ATP-binding cassette domain-containing protein		75162762	protein-coding		WP_007883257.1	434	LK408_RS11205
NZ_JAJFOJ010000001.1	2350210	2351541		plus	hypothetical protein		76380062	protein-coding		WP_007883259.1	443	LK408_RS20170
NZ_JAJFOJ010000001.1	2351653	2352315		plus	hypothetical protein		75162764	protein-coding		WP_021922804.1	220	LK408_RS11215
NZ_JAJFOJ010000001.1	2352544	2353746		plus	ABC transporter substrate-binding protein		75162765	protein-coding		WP_007883262.1	400	LK408_RS11220
NZ_JAJFOJ010000001.1	2353939	2354820		plus	branched-chain amino acid ABC transporter permease		75162766	protein-coding		WP_007883263.1	293	LK408_RS11225
NZ_JAJFOJ010000001.1	2354830	2355906		plus	branched-chain amino acid ABC transporter permease		75162767	protein-coding		WP_044927071.1	358	LK408_RS11230
NZ_JAJFOJ010000001.1	2355908	2356666		plus	ABC transporter ATP-binding protein		75162768	protein-coding		WP_007883265.1	252	LK408_RS11235
NZ_JAJFOJ010000001.1	2356679	2357389		plus	ABC transporter ATP-binding protein		75162769	protein-coding		WP_007883267.1	236	LK408_RS11240
NZ_JAJFOJ010000001.1	2357479	2358105		plus	cytidylate kinase-like family protein		75162770	protein-coding		WP_044927073.1	208	LK408_RS11245
NZ_JAJFOJ010000001.1	2358577	2359266		plus	hypothetical protein		75162771	protein-coding		WP_007883282.1	229	LK408_RS11250
NZ_JAJFOJ010000001.1	2359335	2359847		plus	DUF1653 domain-containing protein		75162772	protein-coding		WP_044927076.1	170	LK408_RS11255
NZ_JAJFOJ010000001.1	2359907	2360350		minus	CYTH domain-containing protein		75162773	protein-coding		WP_007883287.1	147	LK408_RS11260
NZ_JAJFOJ010000001.1	2360583	2361152		plus	DJ-1 family glyoxalase III		75162774	protein-coding		WP_007883292.1	189	LK408_RS11265
NZ_JAJFOJ010000001.1	2361320	2361535		minus	alpha/beta-type small acid-soluble spore protein		75162775	protein-coding		WP_021922555.1	71	LK408_RS11270
NZ_JAJFOJ010000001.1	2362195	2363916		plus	ABC transporter ATP-binding protein		75162776	protein-coding		WP_021922554.1	573	LK408_RS11275
NZ_JAJFOJ010000001.1	2364029	2365819		plus	ABC transporter ATP-binding protein		75162777	protein-coding		WP_007883296.1	596	LK408_RS11280
NZ_JAJFOJ010000001.1	2365881	2366417		plus	GNAT family N-acetyltransferase		75162778	protein-coding		WP_044927058.1	178	LK408_RS11285
NZ_JAJFOJ010000001.1	2366434	2366997		plus	histidine phosphatase family protein		75162779	protein-coding		WP_227970536.1	187	LK408_RS11290
NZ_JAJFOJ010000001.1	2366988	2367728		plus	carbon-nitrogen hydrolase family protein		75162780	protein-coding		WP_007883303.1	246	LK408_RS11295
NZ_JAJFOJ010000001.1	2367906	2369051		plus	lactaldehyde reductase	fucO	75162781	protein-coding		WP_007883305.1	381	LK408_RS11300
NZ_JAJFOJ010000001.1	2369983	2370360		plus	GntR family transcriptional regulator		75162782	protein-coding		WP_015520232.1	125	LK408_RS11305
NZ_JAJFOJ010000001.1	2370363	2371229		plus	ABC transporter ATP-binding protein		75162783	protein-coding		WP_182428929.1	288	LK408_RS11310
NZ_JAJFOJ010000001.1	2371226	2371837		plus	ABC-2 transporter permease		75162784	protein-coding		WP_009860958.1	203	LK408_RS11315
NZ_JAJFOJ010000001.1	2371838	2372362		plus	hypothetical protein		75162785	protein-coding		WP_009860957.1	174	LK408_RS11320
NZ_JAJFOJ010000001.1	2373028	2373594		minus	TetR/AcrR family transcriptional regulator C-terminal domain-containing protein		75162786	protein-coding		WP_227970537.1	188	LK408_RS11325
NZ_JAJFOJ010000001.1	2373800	2374864		plus	FUSC family protein		75162787	protein-coding		WP_044929020.1	354	LK408_RS11330
NZ_JAJFOJ010000001.1	2375052	2376395		plus	trigger factor	tig	75162788	protein-coding		WP_007890831.1	447	LK408_RS11335
NZ_JAJFOJ010000001.1	2376719	2377298		plus	uncharacterized gene	clpP	75162789	pseudogene				LK408_RS11340
NZ_JAJFOJ010000001.1	2377325	2378602		plus	ATP-dependent Clp protease ATP-binding subunit ClpX	clpX	75162790	protein-coding		WP_007890829.1	425	LK408_RS11345
NZ_JAJFOJ010000001.1	2378654	2380981		plus	endopeptidase La	lon	75162791	protein-coding		WP_227970538.1	775	LK408_RS11350
NZ_JAJFOJ010000001.1	2381043	2381657		plus	ribosome biogenesis GTP-binding protein YihA/YsxC	yihA	75162792	protein-coding		WP_007890818.1	204	LK408_RS11355
NZ_JAJFOJ010000001.1	2381818	2382750		plus	carbamate kinase	arcC	75162793	protein-coding		WP_044929018.1	310	LK408_RS11360
NZ_JAJFOJ010000001.1	2383106	2384878		plus	pyruvate kinase	pyk	75162794	protein-coding		WP_044929021.1	590	LK408_RS11365
NZ_JAJFOJ010000001.1	2386011	2386949		plus	hypothetical protein		75162795	protein-coding		WP_007888394.1	312	LK408_RS11370
NZ_JAJFOJ010000001.1	2387032	2387538		plus	hypothetical protein		75162796	protein-coding		WP_156337732.1	168	LK408_RS11375
NZ_JAJFOJ010000001.1	2387785	2390229		minus	GH36-type glycosyl hydrolase domain-containing protein		75162797	protein-coding		WP_007886762.1	814	LK408_RS11380
NZ_JAJFOJ010000001.1	2390727	2391752		plus	LacI family DNA-binding transcriptional regulator		75162798	protein-coding		WP_007886755.1	341	LK408_RS11385
NZ_JAJFOJ010000001.1	2391800	2393206		plus	hypothetical protein		75162799	protein-coding		WP_007886754.1	468	LK408_RS11390
NZ_JAJFOJ010000001.1	2393386	2394300		plus	carbohydrate ABC transporter permease		75162800	protein-coding		WP_021924078.1	304	LK408_RS11395
NZ_JAJFOJ010000001.1	2394327	2395187		plus	carbohydrate ABC transporter permease		75162801	protein-coding		WP_007886750.1	286	LK408_RS11400
NZ_JAJFOJ010000001.1	2395436	2395573		plus	hypothetical protein		75162802	protein-coding		WP_172727098.1	45	LK408_RS11405
NZ_JAJFOJ010000001.1	2395692	2396135		plus	chemotaxis protein CheW		75162803	protein-coding		WP_021924075.1	147	LK408_RS11410
NZ_JAJFOJ010000001.1	2396389	2400489		plus	efflux RND transporter permease subunit		75162804	protein-coding		WP_007886744.1	1366	LK408_RS11415
NZ_JAJFOJ010000001.1	2400489	2401118		plus	TetR/AcrR family transcriptional regulator		75162805	protein-coding		WP_007886741.1	209	LK408_RS11420
NZ_JAJFOJ010000001.1	2401128	2401349		plus	hypothetical protein		75162806	protein-coding		WP_007886740.1	73	LK408_RS11425
NZ_JAJFOJ010000001.1	2402062	2404707		plus	valine--tRNA ligase		75162807	protein-coding		WP_044927684.1	881	LK408_RS11430
NZ_JAJFOJ010000001.1	2404907	2406295		plus	DUF342 domain-containing protein		75162808	protein-coding		WP_007886737.1	462	LK408_RS11435
NZ_JAJFOJ010000001.1	2406539	2406721		plus	hypothetical protein		75162809	protein-coding		WP_007886736.1	60	LK408_RS11440
NZ_JAJFOJ010000001.1	2406768	2408150		plus	tetratricopeptide repeat protein		75162810	protein-coding		WP_007886732.1	460	LK408_RS11445
NZ_JAJFOJ010000001.1	2408306	2408614		plus	STAS domain-containing protein		75162811	protein-coding		WP_007886731.1	102	LK408_RS11450
NZ_JAJFOJ010000001.1	2408636	2409070		plus	anti-sigma F factor	spoIIAB	75162812	protein-coding		WP_021924069.1	144	LK408_RS11455
NZ_JAJFOJ010000001.1	2409074	2409808		plus	SigB/SigF/SigG family RNA polymerase sigma factor		75162813	protein-coding		WP_007886729.1	244	LK408_RS11460
NZ_JAJFOJ010000001.1	2409939	2411408		plus	methyl-accepting chemotaxis protein		75162814	protein-coding		WP_007886728.1	489	LK408_RS11465
NZ_JAJFOJ010000001.1	2411413	2412204		plus	HAD family hydrolase		75162815	protein-coding		WP_007886727.1	263	LK408_RS11470
NZ_JAJFOJ010000001.1	2412469	2415051		plus	ATP-dependent chaperone ClpB	clpB	75162816	protein-coding		WP_007886726.1	860	LK408_RS11475
NZ_JAJFOJ010000001.1	2415162	2416016		minus	patatin-like phospholipase family protein		75162817	protein-coding		WP_007886725.1	284	LK408_RS11480
NZ_JAJFOJ010000001.1	2416268	2417365		plus	tryptophan--tRNA ligase	trpS	75162818	protein-coding		WP_007886724.1	365	LK408_RS11485
NZ_JAJFOJ010000001.1	2417377	2420889		plus	DNA polymerase III subunit alpha		75162819	protein-coding		WP_007886723.1	1170	LK408_RS11490
NZ_JAJFOJ010000001.1	2420986	2421960		plus	6-phosphofructokinase	pfkA	75162820	protein-coding		WP_007886721.1	324	LK408_RS11495
NZ_JAJFOJ010000001.1	2422063	2422881		plus	TrmH family RNA methyltransferase		75162821	protein-coding		WP_044927692.1	272	LK408_RS11500
NZ_JAJFOJ010000001.1	2422878	2423141		plus	hypothetical protein		75162822	protein-coding		WP_007886717.1	87	LK408_RS11505
NZ_JAJFOJ010000001.1	2423230	2423751		plus	transcription repressor NadR		75162823	protein-coding		WP_007886715.1	173	LK408_RS11510
NZ_JAJFOJ010000001.1	2423890	2424549		plus	GTP pyrophosphokinase		75162824	protein-coding		WP_021924061.1	219	LK408_RS11515
NZ_JAJFOJ010000001.1	2424539	2426479		plus	EAL domain-containing protein		75162825	protein-coding		WP_227970539.1	646	LK408_RS11520
NZ_JAJFOJ010000001.1	2426492	2428408		plus	ABC-F family ATP-binding cassette domain-containing protein		75162826	protein-coding		WP_007886706.1	638	LK408_RS11525
NZ_JAJFOJ010000001.1	2428422	2428865		minus	threonine/serine exporter family protein		75162827	protein-coding		WP_007886704.1	147	LK408_RS11530
NZ_JAJFOJ010000001.1	2428862	2429641		minus	threonine/serine exporter family protein		75162828	protein-coding		WP_007886702.1	259	LK408_RS11535
NZ_JAJFOJ010000001.1	2429971	2430132		plus	membrane-spanning protein		75162829	protein-coding		WP_118093337.1	53	LK408_RS11540
NZ_JAJFOJ010000001.1	2430129	2430776		plus	stage V sporulation protein AA		75162830	protein-coding		WP_007886688.1	215	LK408_RS11545
NZ_JAJFOJ010000001.1	2430766	2431194		plus	stage V sporulation protein AB		75162831	protein-coding		WP_007886680.1	142	LK408_RS11550
NZ_JAJFOJ010000001.1	2431387	2431716		plus	DUF3837 domain-containing protein		75162832	protein-coding		WP_007886678.1	109	LK408_RS11555
NZ_JAJFOJ010000001.1	2431732	2433834		minus	diguanylate cyclase domain-containing protein		75162833	protein-coding		WP_172727097.1	700	LK408_RS11560
NZ_JAJFOJ010000001.1	2434162	2434659		plus	SpoVA/SpoVAEb family sporulation membrane protein		75162834	protein-coding		WP_044927679.1	165	LK408_RS11565
NZ_JAJFOJ010000001.1	2434785	2434928		minus	hypothetical protein		75162835	protein-coding		WP_007886672.1	47	LK408_RS11570
NZ_JAJFOJ010000001.1	2434935	2435057		minus	hypothetical protein		76380063	protein-coding		WP_261292263.1	40	LK408_RS20175
NZ_JAJFOJ010000001.1	2435169	2435654		minus	hypothetical protein		75162836	protein-coding		WP_007886670.1	161	LK408_RS11575
NZ_JAJFOJ010000001.1	2435818	2436861		plus	GGDEF domain-containing protein		75162837	protein-coding		WP_227970540.1	347	LK408_RS11580
NZ_JAJFOJ010000001.1	2437042	2437344		plus	DUF6110 family protein		75162838	protein-coding		WP_044927688.1	100	LK408_RS11585
NZ_JAJFOJ010000001.1	2437472	2439547		plus	heavy metal translocating P-type ATPase		75162839	protein-coding		WP_044927686.1	691	LK408_RS11590
NZ_JAJFOJ010000001.1	2439801	2440928		plus	DUF362 domain-containing protein		75162840	protein-coding		WP_007886660.1	375	LK408_RS11595
NZ_JAJFOJ010000001.1	2441726	2443015		plus	group II intron reverse transcriptase/maturase	ltrA	75162841	protein-coding		WP_117762135.1	429	LK408_RS11600
NZ_JAJFOJ010000001.1	2443568	2444005		plus	hypothetical protein		75162842	protein-coding		WP_227970433.1	145	LK408_RS11605
NZ_JAJFOJ010000001.1	2444020	2444301		plus	hypothetical protein		75162843	protein-coding		WP_147334847.1	93	LK408_RS11610
NZ_JAJFOJ010000001.1	2444372	2444530		plus	hypothetical protein		75162844	protein-coding		WP_207643057.1	52	LK408_RS11615
NZ_JAJFOJ010000001.1	2445468	2445623		plus	branched-chain amino acid permease (azaleucine resistance)		88092464	protein-coding		WP_021923039.1	51	LK408_RS20395
NZ_JAJFOJ010000001.1	2445578	2446051		plus	AzlD domain-containing protein		75162846	protein-coding		WP_081453861.1	157	LK408_RS20400
NZ_JAJFOJ010000001.1	2446229	2447029		plus	class I SAM-dependent methyltransferase		75162847	protein-coding		WP_044926984.1	266	LK408_RS11630
NZ_JAJFOJ010000001.1	2447049	2447987		plus	acyl-CoA thioester hydrolase/BAAT C-terminal domain-containing protein		75162848	protein-coding		WP_044926986.1	312	LK408_RS11635
NZ_JAJFOJ010000001.1	2448082	2448723		plus	class I SAM-dependent methyltransferase		75162849	protein-coding		WP_007883004.1	213	LK408_RS11640
NZ_JAJFOJ010000001.1	2448736	2449407		plus	hypothetical protein		75162850	protein-coding		WP_007883005.1	223	LK408_RS11645
NZ_JAJFOJ010000001.1	2449567	2450871		plus	MATE family efflux transporter		75162851	protein-coding		WP_021922568.1	434	LK408_RS11650
NZ_JAJFOJ010000001.1	2451177	2451629		plus	Hsp20/alpha crystallin family protein		75162852	protein-coding		WP_007883008.1	150	LK408_RS11655
NZ_JAJFOJ010000001.1	2451850	2453730		plus	ABC transporter ATP-binding protein		75162853	protein-coding		WP_044926992.1	626	LK408_RS11660
NZ_JAJFOJ010000001.1	2453727	2455406		plus	ABC transporter ATP-binding protein		75162854	protein-coding		WP_007883010.1	559	LK408_RS11665
NZ_JAJFOJ010000001.1	2455397	2455912		minus	cytosine permease		75162855	protein-coding		WP_227970589.1	171	LK408_RS11670
NZ_JAJFOJ010000001.1	2455942	2456856		minus	helix-turn-helix domain-containing protein		75162856	protein-coding		WP_007883012.1	304	LK408_RS11675
NZ_JAJFOJ010000001.1	2456992	2459826		plus	glycoside hydrolase family 3 protein		75162857	protein-coding		WP_044926988.1	944	LK408_RS11680
NZ_JAJFOJ010000001.1	2460019	2461611		minus	xylulokinase		75162858	protein-coding		WP_007883021.1	530	LK408_RS11685
NZ_JAJFOJ010000001.1	2461672	2462367		minus	L-ribulose-5-phosphate 4-epimerase		75162859	protein-coding		WP_007883022.1	231	LK408_RS11690
NZ_JAJFOJ010000001.1	2462478	2463974		minus	L-arabinose isomerase	araA	75162860	protein-coding		WP_007883024.1	498	LK408_RS11695
NZ_JAJFOJ010000001.1	2464195	2465313		plus	GntR family transcriptional regulator		75162861	protein-coding		WP_330418565.1	372	LK408_RS11700
NZ_JAJFOJ010000001.1	2465806	2467782		minus	ABC transporter ATP-binding protein		75162862	protein-coding		WP_007883028.1	658	LK408_RS11705
NZ_JAJFOJ010000001.1	2467785	2469590		minus	ABC transporter ATP-binding protein		75162863	protein-coding		WP_007883029.1	601	LK408_RS11710
NZ_JAJFOJ010000001.1	2469881	2470216		minus	helix-turn-helix transcriptional regulator		75162864	protein-coding		WP_007883032.1	111	LK408_RS11715
NZ_JAJFOJ010000001.1	2470430	2470657		plus	hypothetical protein		75162865	protein-coding		WP_007883037.1	75	LK408_RS11720
NZ_JAJFOJ010000001.1	2470724	2471734		plus	stage V sporulation protein AD	spoVAD	75162866	protein-coding		WP_007883040.1	336	LK408_RS11725
NZ_JAJFOJ010000001.1	2471769	2472125		plus	stage V sporulation protein AE	spoVAE	75162867	protein-coding		WP_007883041.1	118	LK408_RS11730
NZ_JAJFOJ010000001.1	2472148	2472486		plus	Hpt domain-containing protein		75162868	protein-coding		WP_007883042.1	112	LK408_RS11735
NZ_JAJFOJ010000001.1	2472554	2473504		minus	glycoside hydrolase family 2 protein		75162869	protein-coding		WP_007883043.1	316	LK408_RS11740
NZ_JAJFOJ010000001.1	2474211	2474342		plus	hypothetical protein		86263565	protein-coding		WP_252832539.1	43	LK408_RS20295
NZ_JAJFOJ010000001.1	2474302	2474445		plus	DUF6040 family protein		75162871	protein-coding		WP_252832537.1	47	LK408_RS11750
NZ_JAJFOJ010000001.1	2474590	2475183		plus	type IV toxin-antitoxin system AbiEi family antitoxin domain-containing protein		75162872	protein-coding		WP_007883047.1	197	LK408_RS11755
NZ_JAJFOJ010000001.1	2475184	2475483		plus	uncharacterized gene		75162873	pseudogene				LK408_RS11760
NZ_JAJFOJ010000001.1	2475503	2476195		plus	response regulator transcription factor		75162874	protein-coding		WP_007883057.1	230	LK408_RS11765
NZ_JAJFOJ010000001.1	2476201	2477118		plus	sensor histidine kinase		75162875	protein-coding		WP_118112188.1	305	LK408_RS11770
NZ_JAJFOJ010000001.1	2477337	2478263		plus	ABC transporter ATP-binding protein		75162876	protein-coding		WP_044926981.1	308	LK408_RS11775
NZ_JAJFOJ010000001.1	2478256	2479041		plus	ABC transporter permease		75162877	protein-coding		WP_007882992.1	261	LK408_RS11780
NZ_JAJFOJ010000001.1	2479044	2479823		plus	ABC transporter permease		75162878	protein-coding		WP_007882991.1	259	LK408_RS11785
NZ_JAJFOJ010000001.1	2479831	2480292		plus	hypothetical protein		75162879	protein-coding		WP_007882990.1	153	LK408_RS11790
NZ_JAJFOJ010000001.1	2480475	2480714		minus	DUF6061 family protein		75162880	protein-coding		WP_007882989.1	79	LK408_RS11795
NZ_JAJFOJ010000001.1	2481034	2481474		plus	Imm63 family immunity protein		75162881	protein-coding		WP_055168727.1	146	LK408_RS11800
NZ_JAJFOJ010000001.1	2481742	2482230		plus	pyridoxamine 5'-phosphate oxidase family protein		75162882	protein-coding		WP_007882985.1	162	LK408_RS11805
NZ_JAJFOJ010000001.1	2483087	2483506		minus	HIT family protein		75162883	protein-coding		WP_021922566.1	139	LK408_RS11810
NZ_JAJFOJ010000001.1	2483522	2484484		minus	bifunctional 4-hydroxy-2-oxoglutarate aldolase/2-dehydro-3-deoxy-phosphogluconate aldolase		75162884	protein-coding		WP_044926866.1	320	LK408_RS11815
NZ_JAJFOJ010000001.1	2484789	2485574		plus	IclR family transcriptional regulator		75162885	protein-coding		WP_044926873.1	261	LK408_RS11820
NZ_JAJFOJ010000001.1	2485672	2486064		plus	hypothetical protein		75162886	protein-coding		WP_227970541.1	130	LK408_RS11825
NZ_JAJFOJ010000001.1	2486095	2487171		minus	GGDEF domain-containing protein		75162887	protein-coding		WP_227970542.1	358	LK408_RS11830
NZ_JAJFOJ010000001.1	2487392	2488933		plus	ATP-dependent Clp protease ATP-binding subunit ClpX	clpX	75162888	protein-coding		WP_044926864.1	513	LK408_RS11835
NZ_JAJFOJ010000001.1	2488991	2490676		plus	S8 family peptidase		75162889	protein-coding		WP_007882528.1	561	LK408_RS11840
NZ_JAJFOJ010000001.1	2490815	2491549		plus	LytR/AlgR family response regulator transcription factor		75162890	protein-coding		WP_007882527.1	244	LK408_RS11845
NZ_JAJFOJ010000001.1	2491736	2492272		plus	LemA family protein		75162891	protein-coding		WP_007882526.1	178	LK408_RS11850
NZ_JAJFOJ010000001.1	2492274	2493227		plus	SHOCT domain-containing protein		75162892	protein-coding		WP_007882525.1	317	LK408_RS11855
NZ_JAJFOJ010000001.1	2493412	2494890		plus	DUF1846 domain-containing protein		75162893	protein-coding		WP_044926862.1	492	LK408_RS11860
NZ_JAJFOJ010000001.1	2495068	2496795		minus	IS1634 family transposase		75162894	protein-coding		WP_044928048.1	575	LK408_RS11865
NZ_JAJFOJ010000001.1	2497150	2498367		plus	iron-containing alcohol dehydrogenase		75162895	protein-coding		WP_044927922.1	405	LK408_RS11870
NZ_JAJFOJ010000001.1	2499151	2500194		minus	DUF6709 family protein		75162896	protein-coding		WP_007889008.1	347	LK408_RS11875
NZ_JAJFOJ010000001.1	2500265	2501020		plus	class I SAM-dependent DNA methyltransferase		75162897	protein-coding		WP_044928290.1	251	LK408_RS11880
NZ_JAJFOJ010000001.1	2501083	2501952		plus	Hsp33 family molecular chaperone HslO	hslO	75162898	protein-coding		WP_007889012.1	289	LK408_RS11885
NZ_JAJFOJ010000001.1	2501952	2503874		plus	NAD(+) synthase		75162899	protein-coding		WP_007889014.1	640	LK408_RS11890
NZ_JAJFOJ010000001.1	2503879	2505057		plus	aldo/keto reductase		75162900	protein-coding		WP_007889016.1	392	LK408_RS11895
NZ_JAJFOJ010000001.1	2505066	2505740		minus	phosphatase PAP2 family protein		75162901	protein-coding		WP_044928292.1	224	LK408_RS11900
NZ_JAJFOJ010000001.1	2506115	2507863		plus	L,D-transpeptidase family protein		75162902	protein-coding		WP_007889022.1	582	LK408_RS11905
NZ_JAJFOJ010000001.1	2508134	2513158		plus	alpha-amylase family glycosyl hydrolase		75162903	protein-coding		WP_227970543.1	1674	LK408_RS11910
NZ_JAJFOJ010000001.1	2513246	2515294		minus	beta-galactosidase		75162904	protein-coding		WP_007889029.1	682	LK408_RS11915
NZ_JAJFOJ010000001.1	2515664	2516671		plus	LacI family DNA-binding transcriptional regulator		75162905	protein-coding		WP_227970544.1	335	LK408_RS11920
NZ_JAJFOJ010000001.1	2517450	2518739		plus	group II intron reverse transcriptase/maturase	ltrA	75162906	protein-coding		WP_117762135.1	429	LK408_RS11925
NZ_JAJFOJ010000001.1	2519134	2519994		minus	Rpn family recombination-promoting nuclease/putative transposase		75162907	protein-coding		WP_021922048.1	286	LK408_RS11930
NZ_JAJFOJ010000001.1	2520214	2520600		minus	carbon-nitrogen hydrolase family protein		75162908	protein-coding		WP_007890388.1	128	LK408_RS11935
NZ_JAJFOJ010000001.1	2521074	2522378		plus	extracellular solute-binding protein		75162909	protein-coding		WP_007890389.1	434	LK408_RS11940
NZ_JAJFOJ010000001.1	2522548	2523966		plus	carbohydrate ABC transporter permease		75162910	protein-coding		WP_007890390.1	472	LK408_RS11945
NZ_JAJFOJ010000001.1	2523966	2524811		plus	sugar ABC transporter permease		75162911	protein-coding		WP_007890391.1	281	LK408_RS11950
NZ_JAJFOJ010000001.1	2524930	2526780		plus	hypothetical protein		75162912	protein-coding		WP_007890392.1	616	LK408_RS11955
NZ_JAJFOJ010000001.1	2526753	2526971		plus	hypothetical protein		75162913	protein-coding		WP_006858267.1	72	LK408_RS11960
NZ_JAJFOJ010000001.1	2527030	2527968		plus	AraC family transcriptional regulator		75162914	protein-coding		WP_021923328.1	312	LK408_RS11965
NZ_JAJFOJ010000001.1	2527988	2531137		plus	glycoside hydrolase family 2 TIM barrel-domain containing protein		75162915	protein-coding		WP_007890394.1	1049	LK408_RS11970
NZ_JAJFOJ010000001.1	2531213	2532328		plus	glycoside hydrolase family 53 protein		75162916	protein-coding		WP_007890395.1	371	LK408_RS11975
NZ_JAJFOJ010000001.1	2532433	2534865		plus	SBBP repeat-containing protein		75162917	protein-coding		WP_044928863.1	810	LK408_RS11980
NZ_JAJFOJ010000001.1	2534852	2535766		plus	carbohydrate ABC transporter permease		75162918	protein-coding		WP_007890397.1	304	LK408_RS11985
NZ_JAJFOJ010000001.1	2535763	2536659		plus	carbohydrate ABC transporter permease		75162919	protein-coding		WP_007890398.1	298	LK408_RS11990
NZ_JAJFOJ010000001.1	2536679	2538424		plus	HlyD family efflux transporter periplasmic adaptor subunit		75162920	protein-coding		WP_044928865.1	581	LK408_RS11995
NZ_JAJFOJ010000001.1	2538442	2539599		plus	ABC transporter permease		75162921	protein-coding		WP_007890400.1	385	LK408_RS12000
NZ_JAJFOJ010000001.1	2539658	2540914		plus	glycosyltransferase family protein		75162922	protein-coding		WP_227970545.1	418	LK408_RS12005
NZ_JAJFOJ010000001.1	2541300	2542589		plus	serine--tRNA ligase	serS	75162923	protein-coding		WP_007890404.1	429	LK408_RS12010
NZ_JAJFOJ010000001.1	2542706	2543806		minus	bilirubin reductase	bilR	75162924	protein-coding		WP_007890405.1	366	LK408_RS12015
NZ_JAJFOJ010000001.1	2543811	2544221		minus	bilirubin utilization transcriptional regulator BilQ	bilQ	75162925	protein-coding		WP_007890406.1	136	LK408_RS12020
NZ_JAJFOJ010000001.1	2544416	2545255		minus	bacteriohemerythrin		75162926	protein-coding		WP_007890407.1	279	LK408_RS12025
NZ_JAJFOJ010000001.1	2545557	2546864		plus	ATP-binding protein		75162927	protein-coding		WP_007890408.1	435	LK408_RS12030
NZ_JAJFOJ010000001.1	2549504	2550844		plus	IS30 family transposase		75162928	protein-coding		WP_044927528.1	446	LK408_RS12035
NZ_JAJFOJ010000001.1	2551306	2553666		plus	CRISPR-associated helicase Cas3'	cas3	75162929	protein-coding		WP_227970546.1	786	LK408_RS12040
NZ_JAJFOJ010000001.1	2553684	2554427		plus	type I-C CRISPR-associated protein Cas5c	cas5c	75162930	protein-coding		WP_007881871.1	247	LK408_RS12045
NZ_JAJFOJ010000001.1	2554405	2556339		plus	type I-C CRISPR-associated protein Cas8c/Csd1	cas8c	75162931	protein-coding		WP_044926639.1	644	LK408_RS12050
NZ_JAJFOJ010000001.1	2556339	2557184		plus	type I-C CRISPR-associated protein Cas7/Csd2	cas7c	75162932	protein-coding		WP_007881873.1	281	LK408_RS12055
NZ_JAJFOJ010000001.1	2557171	2557848		plus	CRISPR-associated protein Cas4	cas4	75162933	protein-coding		WP_007881874.1	225	LK408_RS12060
NZ_JAJFOJ010000001.1	2557845	2558876		plus	type I-C CRISPR-associated endonuclease Cas1c	cas1c	75162934	protein-coding		WP_007881877.1	343	LK408_RS12065
NZ_JAJFOJ010000001.1	2558887	2559177		plus	CRISPR-associated endonuclease Cas2	cas2	75162935	protein-coding		WP_044926640.1	96	LK408_RS12070
NZ_JAJFOJ010000001.1	2561044	2562174		plus	glycoside hydrolase family 5 protein		75162936	protein-coding		WP_172727086.1	376	LK408_RS12075
NZ_JAJFOJ010000001.1	2562212	2563942		plus	ABC-ATPase domain-containing protein		75162937	protein-coding		WP_007886236.1	576	LK408_RS12080
NZ_JAJFOJ010000001.1	2563971	2564654		plus	NUDIX hydrolase		75162938	protein-coding		WP_007886238.1	227	LK408_RS12085
NZ_JAJFOJ010000001.1	2564788	2565546		plus	adaptor protein MecA		75162939	protein-coding		WP_007886243.1	252	LK408_RS12090
NZ_JAJFOJ010000001.1	2565723	2565905		plus	hypothetical protein		75162940	protein-coding		WP_021922519.1	60	LK408_RS12095
NZ_JAJFOJ010000001.1	2566027	2567265		plus	aminopeptidase P N-terminal domain-containing protein		75162941	protein-coding		WP_007886248.1	412	LK408_RS12100
NZ_JAJFOJ010000001.1	2567612	2569003		plus	magnesium transporter	mgtE	75162942	protein-coding		WP_055169577.1	463	LK408_RS12105
NZ_JAJFOJ010000001.1	2569121	2570140		plus	glycosyltransferase family 2 protein		75162943	protein-coding		WP_044927575.1	339	LK408_RS12110
NZ_JAJFOJ010000001.1	2570169	2570738		plus	hypothetical protein		75162944	protein-coding		WP_007886252.1	189	LK408_RS12115
NZ_JAJFOJ010000001.1	2570778	2571839		plus	lysylphosphatidylglycerol synthase transmembrane domain-containing protein		75162945	protein-coding		WP_007886253.1	353	LK408_RS12120
NZ_JAJFOJ010000001.1	2572017	2573156		plus	sporulation integral membrane protein YtvI	ytvI	75162946	protein-coding		WP_007886254.1	379	LK408_RS12125
NZ_JAJFOJ010000001.1	2573376	2574683		plus	ATP-binding protein		75162947	protein-coding		WP_044927578.1	435	LK408_RS12130
NZ_JAJFOJ010000001.1	2574772	2575206		minus	GNAT family N-acetyltransferase		75162948	protein-coding		WP_227970547.1	144	LK408_RS12135
NZ_JAJFOJ010000001.1	2575233	2576459		minus	tyrosine--tRNA ligase	tyrS	75162949	protein-coding		WP_007886259.1	408	LK408_RS12140
NZ_JAJFOJ010000001.1	2576829	2578526		minus	alpha-glucosidase		75162950	protein-coding		WP_044927580.1	565	LK408_RS12145
NZ_JAJFOJ010000001.1	2578954	2579871		plus	AraC family transcriptional regulator		75162951	protein-coding		WP_007886261.1	305	LK408_RS12150
NZ_JAJFOJ010000001.1	2579949	2580404		plus	ferritin-like domain-containing protein		75162952	protein-coding		WP_007886265.1	151	LK408_RS12155
NZ_JAJFOJ010000001.1	2580522	2580683		plus	hypothetical protein		75162953	protein-coding		WP_007886266.1	53	LK408_RS12160
NZ_JAJFOJ010000001.1	2580704	2580802		plus	uncharacterized gene		88554017	pseudogene				LK408_RS20590
NZ_JAJFOJ010000001.1	2580948	2581397		plus	signal peptidase II		75162955	protein-coding		WP_044927581.1	149	LK408_RS12170
NZ_JAJFOJ010000001.1	2581461	2581955		plus	phosphatase PAP2 family protein		75162956	protein-coding		WP_044927603.1	164	LK408_RS12175
NZ_JAJFOJ010000001.1	2581965	2582849		minus	AraC family transcriptional regulator		75162957	protein-coding		WP_044927582.1	294	LK408_RS12180
NZ_JAJFOJ010000001.1	2583190	2585442		plus	glycogen/starch/alpha-glucan phosphorylase		75162958	protein-coding		WP_007886270.1	750	LK408_RS12185
NZ_JAJFOJ010000001.1	2585843	2586928		plus	tetratricopeptide repeat protein		75162959	protein-coding		WP_172727087.1	361	LK408_RS12190
NZ_JAJFOJ010000001.1	2586962	2588206		plus	GTPase HflX	hflX	75162960	protein-coding		WP_007886272.1	414	LK408_RS12195
NZ_JAJFOJ010000001.1	2588250	2589578		plus	dihydroorotase		75162961	protein-coding		WP_044927607.1	442	LK408_RS12200
NZ_JAJFOJ010000001.1	2589668	2590435		plus	dihydroorotate dehydrogenase electron transfer subunit		75162962	protein-coding		WP_007886274.1	255	LK408_RS12205
NZ_JAJFOJ010000001.1	2590435	2591340		plus	dihydroorotate dehydrogenase		75162963	protein-coding		WP_007886276.1	301	LK408_RS12210
NZ_JAJFOJ010000001.1	2591404	2592084		plus	orotate phosphoribosyltransferase	pyrE	75162964	protein-coding		WP_007886278.1	226	LK408_RS12215
NZ_JAJFOJ010000001.1	2592071	2592583		plus	VanZ family protein		75162965	protein-coding		WP_055040336.1	170	LK408_RS12220
NZ_JAJFOJ010000001.1	2592658	2592993		plus	DUF6142 family protein		75162966	protein-coding		WP_007886281.1	111	LK408_RS12225
NZ_JAJFOJ010000001.1	2593012	2595039		plus	aminopeptidase		75162967	protein-coding		WP_007886291.1	675	LK408_RS12230
NZ_JAJFOJ010000001.1	2595292	2595792		plus	5-(carboxyamino)imidazole ribonucleotide mutase	purE	75162968	protein-coding		WP_044927610.1	166	LK408_RS12235
NZ_JAJFOJ010000001.1	2596043	2597068		plus	phosphoribosylformylglycinamidine cyclo-ligase	purM	75162969	protein-coding		WP_007886297.1	341	LK408_RS12240
NZ_JAJFOJ010000001.1	2597062	2597694		plus	phosphoribosylglycinamide formyltransferase	purN	75162970	protein-coding		WP_007886299.1	210	LK408_RS12245
NZ_JAJFOJ010000001.1	2597749	2599023		plus	phosphoribosylamine--glycine ligase	purD	75162971	protein-coding		WP_007886302.1	424	LK408_RS12250
NZ_JAJFOJ010000001.1	2599336	2600040		plus	septum site-determining protein MinC	minC	75162972	protein-coding		WP_021922884.1	234	LK408_RS12255
NZ_JAJFOJ010000001.1	2600066	2600857		plus	septum site-determining protein MinD	minD	75162973	protein-coding		WP_021922885.1	263	LK408_RS12260
NZ_JAJFOJ010000001.1	2600874	2601155		plus	cell division topological specificity factor MinE	minE	75162974	protein-coding		WP_007886305.1	93	LK408_RS12265
NZ_JAJFOJ010000001.1	2601609	2602448		plus	CPBP family intramembrane glutamic endopeptidase		75162975	protein-coding		WP_007886306.1	279	LK408_RS12270
NZ_JAJFOJ010000001.1	2603203	2603571		plus	GntR family transcriptional regulator		75162976	protein-coding		WP_007886307.1	122	LK408_RS12275
NZ_JAJFOJ010000001.1	2603686	2604561		plus	ABC transporter ATP-binding protein		75162977	protein-coding		WP_118202899.1	291	LK408_RS12280
NZ_JAJFOJ010000001.1	2604564	2605232		plus	hypothetical protein		75162978	protein-coding		WP_007886309.1	222	LK408_RS12285
NZ_JAJFOJ010000001.1	2605250	2605951		plus	hypothetical protein		75162979	protein-coding		WP_007886310.1	233	LK408_RS12290
NZ_JAJFOJ010000001.1	2606061	2607563		plus	carboxypeptidase M32		75162980	protein-coding		WP_044927585.1	500	LK408_RS12295
NZ_JAJFOJ010000001.1	2607604	2608245		plus	HAD family hydrolase		75162981	protein-coding		WP_007886316.1	213	LK408_RS12300
NZ_JAJFOJ010000001.1	2608267	2609259		plus	DHH family phosphoesterase		75162982	protein-coding		WP_007886318.1	330	LK408_RS12305
NZ_JAJFOJ010000001.1	2609376	2610845		plus	ISLre2 family transposase		75162983	protein-coding		WP_007886320.1	489	LK408_RS12310
NZ_JAJFOJ010000001.1	2611371	2614535		plus	isoleucine--tRNA ligase	ileS	75162984	protein-coding		WP_007886322.1	1054	LK408_RS12315
NZ_JAJFOJ010000001.1	2614540	2617008		plus	glycogen/starch/alpha-glucan phosphorylase		75162985	protein-coding		WP_007886323.1	822	LK408_RS12320
NZ_JAJFOJ010000001.1	2617146	2617499		plus	diacylglycerol kinase		75162986	protein-coding		WP_007886325.1	117	LK408_RS12325
NZ_JAJFOJ010000001.1	2617564	2618145		plus	CDP-archaeol synthase		75162987	protein-coding		WP_044927587.1	193	LK408_RS12330
NZ_JAJFOJ010000001.1	2618142	2618795		plus	CDP-alcohol phosphatidyltransferase family protein		75162988	protein-coding		WP_007886327.1	217	LK408_RS12335
NZ_JAJFOJ010000001.1	2618804	2619661		plus	phosphatidylserine decarboxylase		75162989	protein-coding		WP_044927588.1	285	LK408_RS12340
NZ_JAJFOJ010000001.1	2619668	2620573		plus	UbiA family prenyltransferase		75162990	protein-coding		WP_007886330.1	301	LK408_RS12345
NZ_JAJFOJ010000001.1	2620587	2622704		plus	PEP/pyruvate-binding domain-containing protein		75162991	protein-coding		WP_227970548.1	705	LK408_RS12350
NZ_JAJFOJ010000001.1	2622717	2623787		plus	hypothetical protein		75162992	protein-coding		WP_044927613.1	356	LK408_RS12355
NZ_JAJFOJ010000001.1	2623800	2623976		plus	hypothetical protein		75162993	protein-coding		WP_007886336.1	58	LK408_RS12360
NZ_JAJFOJ010000001.1	2624120	2624413		minus	uncharacterized gene		75162994	pseudogene				LK408_RS12365
NZ_JAJFOJ010000001.1	2624613	2624918		minus	helix-turn-helix domain-containing protein		75162995	protein-coding		WP_007886338.1	101	LK408_RS12370
NZ_JAJFOJ010000001.1	2625123	2626166		plus	P-loop NTPase family protein		75162996	protein-coding		WP_147350251.1	347	LK408_RS12375
NZ_JAJFOJ010000001.1	2626186	2627463		plus	CpaF family protein		75162997	protein-coding		WP_044927619.1	425	LK408_RS12380
NZ_JAJFOJ010000001.1	2627478	2628233		plus	type II secretion system F family protein		75162998	protein-coding		WP_044927591.1	251	LK408_RS12385
NZ_JAJFOJ010000001.1	2628243	2629289		plus	type II secretion system F family protein		75162999	protein-coding		WP_044927592.1	348	LK408_RS12390
NZ_JAJFOJ010000001.1	2629336	2629545		plus	Flp1 family type IVb pilin		75163000	protein-coding		WP_044927594.1	69	LK408_RS12395
NZ_JAJFOJ010000001.1	2629620	2630282		plus	hypothetical protein		75163001	protein-coding		WP_007886348.1	220	LK408_RS12400
NZ_JAJFOJ010000001.1	2630292	2632733		plus	DUF5702 domain-containing protein		75163002	protein-coding		WP_227970549.1	813	LK408_RS12405
NZ_JAJFOJ010000001.1	2632739	2633599		plus	TadE/TadG family type IV pilus assembly protein		75163003	protein-coding		WP_007886355.1	286	LK408_RS12410
NZ_JAJFOJ010000001.1	2633627	2634280		plus	prepilin peptidase		75163004	protein-coding		WP_227970550.1	217	LK408_RS12415
NZ_JAJFOJ010000001.1	2634296	2635627		plus	WG repeat-containing protein		75163005	protein-coding		WP_007886358.1	443	LK408_RS12420
NZ_JAJFOJ010000001.1	2635643	2637001		plus	FHA domain-containing protein		75163006	protein-coding		WP_227970551.1	452	LK408_RS12425
NZ_JAJFOJ010000001.1	2637017	2637763		plus	PP2C family protein-serine/threonine phosphatase		75163007	protein-coding		WP_055301953.1	248	LK408_RS12430
NZ_JAJFOJ010000001.1	2637774	2637929		plus	hypothetical protein		75163008	protein-coding		WP_227970552.1	51	LK408_RS12435
NZ_JAJFOJ010000001.1	2637954	2640788		plus	protein kinase domain-containing protein		75163009	protein-coding		WP_227970553.1	944	LK408_RS12440
NZ_JAJFOJ010000001.1	2640806	2644366		plus	LysM peptidoglycan-binding domain-containing protein		75163010	protein-coding		WP_007886368.1	1186	LK408_RS12445
NZ_JAJFOJ010000001.1	2644483	2644611		plus	hypothetical protein		76380065	protein-coding		WP_007886369.1	42	LK408_RS20185
NZ_JAJFOJ010000001.1	2644656	2645129		minus	prepilin peptidase		97128126	protein-coding		WP_007886370.1	157	LK408_RS20700
NZ_JAJFOJ010000001.1	2645407	2646285		plus	helix-turn-helix domain-containing protein		75163012	protein-coding		WP_055301997.1	292	LK408_RS12455
NZ_JAJFOJ010000001.1	2646549	2647817		plus	AAA family ATPase		75163013	protein-coding		WP_007886372.1	422	LK408_RS12460
NZ_JAJFOJ010000001.1	2648025	2649194		plus	galactokinase		75163014	protein-coding		WP_044927598.1	389	LK408_RS12465
NZ_JAJFOJ010000001.1	2649222	2650781		plus	UDP-glucose--hexose-1-phosphate uridylyltransferase	galT	75163015	protein-coding		WP_007886374.1	519	LK408_RS12470
NZ_JAJFOJ010000001.1	2650985	2652181		plus	pyridoxal phosphate-dependent aminotransferase		75163016	protein-coding		WP_007886375.1	398	LK408_RS12475
NZ_JAJFOJ010000001.1	2652261	2653319		plus	histidinol-phosphate transaminase	hisC	75163017	protein-coding		WP_044927630.1	352	LK408_RS12480
NZ_JAJFOJ010000001.1	2653543	2653848		plus	YerC/YecD family TrpR-related protein		75163018	protein-coding		WP_007886377.1	101	LK408_RS12485
NZ_JAJFOJ010000001.1	2653938	2654552		minus	DUF1836 domain-containing protein		75163019	protein-coding		WP_007886378.1	204	LK408_RS12490
NZ_JAJFOJ010000001.1	2654987	2657257		plus	DNA helicase PcrA	pcrA	75163020	protein-coding		WP_044927600.1	756	LK408_RS12495
NZ_JAJFOJ010000001.1	2657468	2657800		plus	hypothetical protein		75163021	protein-coding		WP_007886383.1	110	LK408_RS12500
NZ_JAJFOJ010000001.1	2657939	2659435		plus	class I SAM-dependent RNA methyltransferase		75163022	protein-coding		WP_007886385.1	498	LK408_RS12505
NZ_JAJFOJ010000001.1	2659607	2660341		plus	hypothetical protein		75163023	protein-coding		WP_227970554.1	244	LK408_RS12510
NZ_JAJFOJ010000001.1	2660411	2661019		plus	hypothetical protein		75163024	protein-coding		WP_044927633.1	202	LK408_RS12515
NZ_JAJFOJ010000001.1	2661009	2662661		plus	hypothetical protein		75163025	protein-coding		WP_007886390.1	550	LK408_RS12520
NZ_JAJFOJ010000001.1	2662737	2663039		plus	hypothetical protein		75163026	protein-coding		WP_015522554.1	100	LK408_RS12525
NZ_JAJFOJ010000001.1	2663033	2663779		plus	DUF4314 domain-containing protein		75163027	protein-coding		WP_007886394.1	248	LK408_RS12530
NZ_JAJFOJ010000001.1	2663792	2664766		plus	DNA adenine methylase		75163028	protein-coding		WP_055193254.1	324	LK408_RS12535
NZ_JAJFOJ010000001.1	2664789	2665238		plus	hypothetical protein		75163029	protein-coding		WP_006857271.1	149	LK408_RS12540
NZ_JAJFOJ010000001.1	2665219	2665506		plus	AbrB/MazE/SpoVT family DNA-binding domain-containing protein		75163030	protein-coding		WP_007886400.1	95	LK408_RS12545
NZ_JAJFOJ010000001.1	2665500	2665754		plus	hypothetical protein		75163031	protein-coding		WP_007886401.1	84	LK408_RS12550
NZ_JAJFOJ010000001.1	2665751	2666278		plus	YodL domain-containing protein		75163032	protein-coding		WP_117830849.1	175	LK408_RS12555
NZ_JAJFOJ010000001.1	2666293	2666706		plus	SpoVG family protein		75163033	protein-coding		WP_118265897.1	137	LK408_RS12560
NZ_JAJFOJ010000001.1	2666786	2667016		plus	DUF6133 family protein		75163034	protein-coding		WP_007886404.1	76	LK408_RS12565
NZ_JAJFOJ010000001.1	2667077	2667493		plus	septation protein SpoVG family protein		75163035	protein-coding		WP_007886405.1	138	LK408_RS12570
NZ_JAJFOJ010000001.1	2667495	2667902		plus	prepilin peptidase		75163036	protein-coding		WP_227970555.1	135	LK408_RS12575
NZ_JAJFOJ010000001.1	2668366	2669649		plus	group II intron reverse transcriptase/maturase	ltrA	75163037	protein-coding		WP_158555625.1	427	LK408_RS12580
NZ_JAJFOJ010000001.1	2669891	2670739		plus	Flp pilus assembly protein CpaB	cpaB	75163038	protein-coding		WP_007884396.1	282	LK408_RS12585
NZ_JAJFOJ010000001.1	2670752	2671552		plus	AAA family ATPase		75163039	protein-coding		WP_055216465.1	266	LK408_RS12590
NZ_JAJFOJ010000001.1	2671549	2672904		plus	ATPase, T2SS/T4P/T4SS family		75163040	protein-coding		WP_007884393.1	451	LK408_RS12595
NZ_JAJFOJ010000001.1	2672898	2673827		plus	type II secretion system F family protein		75163041	protein-coding		WP_006857281.1	309	LK408_RS12600
NZ_JAJFOJ010000001.1	2673848	2674714		plus	hypothetical protein		75163042	protein-coding		WP_044927312.1	288	LK408_RS12605
NZ_JAJFOJ010000001.1	2674738	2675142		plus	DUF4320 family protein		75163043	protein-coding		WP_007884389.1	134	LK408_RS12610
NZ_JAJFOJ010000001.1	2675139	2675687		plus	hypothetical protein		75163044	protein-coding		WP_007884388.1	182	LK408_RS12615
NZ_JAJFOJ010000001.1	2675800	2676345		plus	DUF6550 family protein		75163045	protein-coding		WP_007884387.1	181	LK408_RS12620
NZ_JAJFOJ010000001.1	2676410	2677024		plus	hypothetical protein		75163046	protein-coding		WP_015522558.1	204	LK408_RS12625
NZ_JAJFOJ010000001.1	2677083	2678852		plus	hypothetical protein		75163047	protein-coding		WP_007884371.1	589	LK408_RS12630
NZ_JAJFOJ010000001.1	2678856	2679323		plus	hypothetical protein		75163048	protein-coding		WP_007884370.1	155	LK408_RS12635
NZ_JAJFOJ010000001.1	2679353	2679691		plus	DUF3852 domain-containing protein		75163049	protein-coding		WP_006857287.1	112	LK408_RS12640
NZ_JAJFOJ010000001.1	2679717	2680577		plus	conjugal transfer protein TrbL family protein		75163050	protein-coding		WP_007884368.1	286	LK408_RS12645
NZ_JAJFOJ010000001.1	2680590	2682011		plus	DNA cytosine methyltransferase		75163051	protein-coding		WP_007884367.1	473	LK408_RS12650
NZ_JAJFOJ010000001.1	2681992	2682270		plus	hypothetical protein		75163052	protein-coding		WP_007884366.1	92	LK408_RS12655
NZ_JAJFOJ010000001.1	2682254	2682826		plus	hypothetical protein		75163053	protein-coding		WP_006857291.1	190	LK408_RS12660
NZ_JAJFOJ010000001.1	2682819	2684654		plus	VirB4 family type IV secretion system protein		75163054	protein-coding		WP_118177361.1	611	LK408_RS12665
NZ_JAJFOJ010000001.1	2684688	2685707		plus	amidoligase family protein		75163055	protein-coding		WP_007884361.1	339	LK408_RS12670
NZ_JAJFOJ010000001.1	2685738	2686247		plus	gamma-glutamylcyclotransferase family protein		75163056	protein-coding		WP_007884358.1	169	LK408_RS12675
NZ_JAJFOJ010000001.1	2686223	2687308		plus	C40 family peptidase		75163057	protein-coding		WP_007884357.1	361	LK408_RS12680
NZ_JAJFOJ010000001.1	2687369	2687722		plus	DUF6103 family protein		75163058	protein-coding		WP_007884354.1	117	LK408_RS12685
NZ_JAJFOJ010000001.1	2687732	2688400		plus	DUF5688 family protein		75163059	protein-coding		WP_007884352.1	222	LK408_RS12690
NZ_JAJFOJ010000001.1	2688454	2688828		plus	DUF6329 domain-containing protein		75163060	protein-coding		WP_007884350.1	124	LK408_RS12695
NZ_JAJFOJ010000001.1	2688885	2689139		plus	DUF6103 family protein		75163061	protein-coding		WP_006857299.1	84	LK408_RS12700
NZ_JAJFOJ010000001.1	2689154	2689516		plus	DUF3846 domain-containing protein		75163062	protein-coding		WP_007884345.1	120	LK408_RS12705
NZ_JAJFOJ010000001.1	2690008	2690643		plus	DNA cytosine methyltransferase		75163063	protein-coding		WP_007884343.1	211	LK408_RS12710
NZ_JAJFOJ010000001.1	2690657	2691067		plus	hypothetical protein		75163064	protein-coding		WP_007884341.1	136	LK408_RS12715
NZ_JAJFOJ010000001.1	2691194	2692411		plus	hypothetical protein		75163065	protein-coding		WP_055040347.1	405	LK408_RS12720
NZ_JAJFOJ010000001.1	2692414	2695194		plus	MobP3 family relaxase	mobP3	75163066	protein-coding		WP_044927292.1	926	LK408_RS12725
NZ_JAJFOJ010000001.1	2695207	2696691		plus	DUF3991 and toprim domain-containing protein		75163067	protein-coding		WP_007884333.1	494	LK408_RS12730
NZ_JAJFOJ010000001.1	2696676	2698472		plus	VirD4-like conjugal transfer protein, CD1115 family		75163068	protein-coding		WP_044927290.1	598	LK408_RS12735
NZ_JAJFOJ010000001.1	2698481	2698735		plus	helix-turn-helix domain-containing protein		75163069	protein-coding		WP_007884331.1	84	LK408_RS12740
NZ_JAJFOJ010000001.1	2698966	2699334		plus	hypothetical protein		75163070	protein-coding		WP_007884330.1	122	LK408_RS12745
NZ_JAJFOJ010000001.1	2699331	2699900		minus	accessory gene regulator ArgB-like protein		88554018	protein-coding		WP_055040349.1	189	LK408_RS20595
NZ_JAJFOJ010000001.1	2699985	2701085		minus	ATP-binding protein		75163072	protein-coding		WP_227970556.1	366	LK408_RS12755
NZ_JAJFOJ010000001.1	2701289	2701534		minus	LytTR family transcriptional regulator DNA-binding domain-containing protein		88554019	protein-coding		WP_227970591.1	81	LK408_RS20600
NZ_JAJFOJ010000001.1	2701503	2702009		minus	LytR/AlgR family response regulator transcription factor		75163074	protein-coding		WP_227970557.1	168	LK408_RS12765
NZ_JAJFOJ010000001.1	2701987	2702388		minus	helix-turn-helix transcriptional regulator		75163075	protein-coding		WP_227970558.1	133	LK408_RS12770
NZ_JAJFOJ010000001.1	2702714	2702872		plus	hypothetical protein		75163076	protein-coding		WP_227970559.1	52	LK408_RS12775
NZ_JAJFOJ010000001.1	2702844	2704460		plus	vWA domain-containing protein		75163077	protein-coding		WP_227970560.1	538	LK408_RS12780
NZ_JAJFOJ010000001.1	2704603	2706783		plus	hypothetical protein		75163078	protein-coding		WP_007888284.1	726	LK408_RS12785
NZ_JAJFOJ010000001.1	2706818	2707246		plus	hypothetical protein		75163079	protein-coding		WP_044928146.1	142	LK408_RS12790
NZ_JAJFOJ010000001.1	2707314	2707739		plus	hypothetical protein		75163080	protein-coding		WP_007888288.1	141	LK408_RS12795
NZ_JAJFOJ010000001.1	2707847	2708266		plus	J domain-containing protein		88092465	protein-coding		WP_007888291.1	139	LK408_RS20405
NZ_JAJFOJ010000001.1	2708319	2708855		plus	FHA domain-containing protein		75163082	protein-coding		WP_044928149.1	178	LK408_RS12805
NZ_JAJFOJ010000001.1	2708869	2709375		plus	FHA domain-containing protein		75163083	protein-coding		WP_007888293.1	168	LK408_RS12810
NZ_JAJFOJ010000001.1	2709372	2710202		plus	PP2C family protein-serine/threonine phosphatase		75163084	protein-coding		WP_007888294.1	276	LK408_RS12815
NZ_JAJFOJ010000001.1	2710199	2711956		plus	PP2C family protein-serine/threonine phosphatase		75163085	protein-coding		WP_007888295.1	585	LK408_RS12820
NZ_JAJFOJ010000001.1	2712081	2713325		plus	hypothetical protein		75163086	protein-coding		WP_172727130.1	414	LK408_RS12825
NZ_JAJFOJ010000001.1	2713331	2713999		plus	hypothetical protein		75163087	protein-coding		WP_227970561.1	222	LK408_RS12830
NZ_JAJFOJ010000001.1	2714040	2714270		plus	hypothetical protein		75163088	protein-coding		WP_227970562.1	76	LK408_RS12835
NZ_JAJFOJ010000001.1	2714297	2714863		plus	hypothetical protein		75163089	protein-coding		WP_227970563.1	188	LK408_RS12840
NZ_JAJFOJ010000001.1	2715337	2715513		plus	hypothetical protein		75163090	protein-coding		WP_227970392.1	58	LK408_RS12845
NZ_JAJFOJ010000001.1	2715679	2715987		plus	hypothetical protein		75163091	protein-coding		WP_227970391.1	102	LK408_RS12850
NZ_JAJFOJ010000001.1	2715938	2716180		plus	hypothetical protein		75163092	protein-coding		WP_227970390.1	80	LK408_RS12855
NZ_JAJFOJ010000002.1	102	254		plus	hypothetical protein		75163093	protein-coding		WP_227970592.1	50	LK408_RS12860
NZ_JAJFOJ010000002.1	235	663		plus	vWA domain-containing protein		75163094	protein-coding		WP_227970593.1	142	LK408_RS12865
NZ_JAJFOJ010000002.1	705	1430		plus	hypothetical protein		75163095	protein-coding		WP_227970594.1	241	LK408_RS12870
NZ_JAJFOJ010000002.1	1459	1695		plus	hypothetical protein		75163096	protein-coding		WP_227970595.1	78	LK408_RS12875
NZ_JAJFOJ010000002.1	1765	3945		plus	hypothetical protein		75163097	protein-coding		WP_007888284.1	726	LK408_RS12880
NZ_JAJFOJ010000002.1	3980	4409		plus	uncharacterized gene		88554020	pseudogene				LK408_RS20605
NZ_JAJFOJ010000002.1	4477	4944		plus	uncharacterized gene		97128127	pseudogene				LK408_RS20705
NZ_JAJFOJ010000002.1	4999	5418		plus	J domain-containing protein		88092468	protein-coding		WP_007888291.1	139	LK408_RS20420
NZ_JAJFOJ010000002.1	5471	5755		plus	hypothetical protein		75163100	protein-coding		WP_227970596.1	94	LK408_RS12895
NZ_JAJFOJ010000002.1	6029	6535		plus	FHA domain-containing protein		75163101	protein-coding		WP_007888293.1	168	LK408_RS12900
NZ_JAJFOJ010000002.1	6532	7362		plus	PP2C family protein-serine/threonine phosphatase		75163102	protein-coding		WP_007888294.1	276	LK408_RS12905
NZ_JAJFOJ010000002.1	7359	9116		plus	PP2C family protein-serine/threonine phosphatase		75163103	protein-coding		WP_007888295.1	585	LK408_RS12910
NZ_JAJFOJ010000002.1	9241	10485		plus	hypothetical protein		75163104	protein-coding		WP_172727130.1	414	LK408_RS12915
NZ_JAJFOJ010000002.1	10491	11183		plus	hypothetical protein		75163105	protein-coding		WP_007888297.1	230	LK408_RS12920
NZ_JAJFOJ010000002.1	11201	13792		plus	Hsp70 family protein		75163106	protein-coding		WP_044928153.1	863	LK408_RS12925
NZ_JAJFOJ010000002.1	13807	14580		plus	hypothetical protein		75163107	protein-coding		WP_055040059.1	257	LK408_RS12930
NZ_JAJFOJ010000002.1	14591	15076		plus	hypothetical protein		75163108	protein-coding		WP_009860922.1	161	LK408_RS12935
NZ_JAJFOJ010000002.1	15079	16470		plus	hypothetical protein		75163109	protein-coding		WP_009860921.1	463	LK408_RS12940
NZ_JAJFOJ010000002.1	16486	17145		plus	hypothetical protein		75163110	protein-coding		WP_006858369.1	219	LK408_RS12945
NZ_JAJFOJ010000002.1	17051	17647		plus	hypothetical protein		75163111	protein-coding		WP_227970597.1	198	LK408_RS12950
NZ_JAJFOJ010000002.1	17644	18180		plus	hypothetical protein		75163112	protein-coding		WP_006858368.1	178	LK408_RS12955
NZ_JAJFOJ010000002.1	18191	18853		plus	DUF4280 domain-containing protein		75163113	protein-coding		WP_006858367.1	220	LK408_RS12960
NZ_JAJFOJ010000002.1	18869	21421		plus	hypothetical protein		75163114	protein-coding		WP_330370604.1	850	LK408_RS12965
NZ_JAJFOJ010000002.1	21675	23052		minus	uncharacterized gene		75163115	pseudogene				LK408_RS12970
NZ_JAJFOJ010000002.1	23220	24431		plus	PoNe immunity protein domain-containing protein		75163116	protein-coding		WP_006858364.1	403	LK408_RS12975
NZ_JAJFOJ010000002.1	24528	25007		plus	DUF4280 domain-containing protein		75163117	protein-coding		WP_227970772.1	159	LK408_RS12980
NZ_JAJFOJ010000002.1	25017	27410		plus	hypothetical protein		75163118	protein-coding		WP_009860919.1	797	LK408_RS12985
NZ_JAJFOJ010000002.1	27499	28395		plus	DUF7919 family protein		75163119	protein-coding		WP_009860918.1	298	LK408_RS12990
NZ_JAJFOJ010000002.1	28504	28650		plus	hypothetical protein		75163120	protein-coding		WP_009860917.1	48	LK408_RS12995
NZ_JAJFOJ010000002.1	28793	29023		plus	hypothetical protein		75163121	protein-coding		WP_009860916.1	76	LK408_RS13000
NZ_JAJFOJ010000002.1	29533	30453		plus	ParM/StbA family protein		75163122	protein-coding		WP_014081288.1	306	LK408_RS13005
NZ_JAJFOJ010000002.1	30465	30905		plus	hypothetical protein		75163123	protein-coding		WP_005603533.1	146	LK408_RS13010
NZ_JAJFOJ010000002.1	30911	31084		plus	hypothetical protein		75163124	protein-coding		WP_014081287.1	57	LK408_RS13015
NZ_JAJFOJ010000002.1	31332	32330		plus	DUF5688 family protein		75163125	protein-coding		WP_009860914.1	332	LK408_RS13020
NZ_JAJFOJ010000002.1	32340	32468		plus	hypothetical protein		76380066	protein-coding		WP_005603527.1	42	LK408_RS20190
NZ_JAJFOJ010000002.1	32440	32979		plus	JAB domain-containing protein		75163126	protein-coding		WP_005603525.1	179	LK408_RS13025
NZ_JAJFOJ010000002.1	32984	33967		plus	DUF3991 and TOPRIM domain-containing protein		75163127	protein-coding		WP_005603523.1	327	LK408_RS13030
NZ_JAJFOJ010000002.1	34338	34868		plus	multidrug transporter		75163128	protein-coding		WP_005603519.1	176	LK408_RS13035
NZ_JAJFOJ010000002.1	34873	35205		plus	plasmid mobilization protein		75163129	protein-coding		WP_005603517.1	110	LK408_RS13040
NZ_JAJFOJ010000002.1	35216	36640		plus	relaxase/mobilization nuclease domain-containing protein		75163130	protein-coding		WP_005603515.1	474	LK408_RS13045
NZ_JAJFOJ010000002.1	36671	37864		plus	hypothetical protein		75163131	protein-coding		WP_005603513.1	397	LK408_RS13050
NZ_JAJFOJ010000002.1	37874	38278		plus	hypothetical protein		75163132	protein-coding		WP_005603511.1	134	LK408_RS13055
NZ_JAJFOJ010000002.1	38278	39396		plus	PcfB family protein		75163133	protein-coding		WP_005603509.1	372	LK408_RS13060
NZ_JAJFOJ010000002.1	39403	41580		plus	VirD4-like conjugal transfer protein, CD1115 family		75163134	protein-coding		WP_009860911.1	725	LK408_RS13065
NZ_JAJFOJ010000002.1	41671	42192		plus	hypothetical protein		75163135	protein-coding		WP_008116407.1	173	LK408_RS13070
NZ_JAJFOJ010000002.1	42433	42810		plus	hypothetical protein		75163136	protein-coding		WP_009860910.1	125	LK408_RS13075
NZ_JAJFOJ010000002.1	42865	43707		plus	hypothetical protein		75163137	protein-coding		WP_005602921.1	280	LK408_RS13080
NZ_JAJFOJ010000002.1	43720	44130		plus	DUF4313 domain-containing protein		75163138	protein-coding		WP_005602919.1	136	LK408_RS13085
NZ_JAJFOJ010000002.1	44144	44656		plus	PrgI family protein		75163139	protein-coding		WP_005602918.1	170	LK408_RS13090
NZ_JAJFOJ010000002.1	44684	45016		minus	type II toxin-antitoxin system RelE/ParE family toxin		75163140	protein-coding		WP_009860908.1	110	LK408_RS13095
NZ_JAJFOJ010000002.1	45013	45276		minus	type II toxin-antitoxin system prevent-host-death family antitoxin		75163141	protein-coding		WP_014081285.1	87	LK408_RS13100
NZ_JAJFOJ010000002.1	45462	47840		plus	VirB4-like conjugal transfer ATPase, CD1110 family		75163142	protein-coding		WP_008116395.1	792	LK408_RS13105
NZ_JAJFOJ010000002.1	47956	49863		plus	C40 family peptidase		75163143	protein-coding		WP_044025108.1	635	LK408_RS13110
NZ_JAJFOJ010000002.1	49911	50801		plus	hypothetical protein		75163144	protein-coding		WP_005602910.1	296	LK408_RS13115
NZ_JAJFOJ010000002.1	50831	51049		plus	DpnD/PcfM family protein		75163145	protein-coding		WP_005602909.1	72	LK408_RS13120
NZ_JAJFOJ010000002.1	51046	51414		plus	hypothetical protein		75163146	protein-coding		WP_009860904.1	122	LK408_RS13125
NZ_JAJFOJ010000002.1	52270	52572		plus	TnpV protein		88554021	protein-coding		WP_242648075.1	100	LK408_RS20610
NZ_JAJFOJ010000002.1	56334	58874		plus	helicase-related protein		88554022	protein-coding		WP_227970774.1	846	LK408_RS20615
NZ_JAJFOJ010000002.1	58887	59228		plus	hypothetical protein		75163149	protein-coding		WP_006859551.1	113	LK408_RS13140
NZ_JAJFOJ010000002.1	59240	59638		plus	hypothetical protein		75163150	protein-coding		WP_009860902.1	132	LK408_RS13145
NZ_JAJFOJ010000002.1	59642	60325		plus	SpoVG family protein		75163151	protein-coding		WP_009860901.1	227	LK408_RS13150
NZ_JAJFOJ010000002.1	60377	61273		plus	DUF6674 family protein		75163152	protein-coding		WP_009860900.1	298	LK408_RS13155
NZ_JAJFOJ010000002.1	61791	63293		plus	uncharacterized gene		75163153	pseudogene				LK408_RS13160
NZ_JAJFOJ010000002.1	63323	63475		plus	hypothetical protein		75163154	protein-coding		WP_009860896.1	50	LK408_RS13165
NZ_JAJFOJ010000002.1	63898	64692		plus	hypothetical protein		75163155	protein-coding		WP_009860895.1	264	LK408_RS13170
NZ_JAJFOJ010000002.1	65152	66255		plus	C39 family peptidase		75163156	protein-coding		WP_014081278.1	367	LK408_RS13175
NZ_JAJFOJ010000002.1	66301	66465		plus	uncharacterized gene		75163157	pseudogene				LK408_RS13180
NZ_JAJFOJ010000002.1	66519	67331		minus	DUF3658 domain-containing protein		75163158	protein-coding		WP_014081277.1	270	LK408_RS13185
NZ_JAJFOJ010000002.1	67504	68097		minus	hypothetical protein		75163159	protein-coding		WP_009860890.1	197	LK408_RS13190
NZ_JAJFOJ010000002.1	68840	69172		plus	helix-turn-helix domain-containing protein		75163160	protein-coding		WP_014081275.1	110	LK408_RS13195
NZ_JAJFOJ010000002.1	69217	69924		plus	LytR/AlgR family response regulator transcription factor		75163161	protein-coding		WP_009860887.1	235	LK408_RS13200
NZ_JAJFOJ010000002.1	69927	71213		plus	sensor histidine kinase		75163162	protein-coding		WP_009860886.1	428	LK408_RS13205
NZ_JAJFOJ010000002.1	71317	71481		plus	cyclic lactone autoinducer peptide		75163163	protein-coding		WP_006859755.1	54	LK408_RS13210
NZ_JAJFOJ010000002.1	71496	72080		plus	accessory gene regulator B family protein		75163164	protein-coding		WP_014081274.1	194	LK408_RS13215
NZ_JAJFOJ010000002.1	72455	73189		plus	LytR/AlgR family response regulator transcription factor		75163165	protein-coding		WP_014081273.1	244	LK408_RS13220
NZ_JAJFOJ010000002.1	73198	74490		plus	ATP-binding protein		75163166	protein-coding		WP_014081272.1	430	LK408_RS13225
NZ_JAJFOJ010000002.1	74647	75303		plus	DUF3879 family protein		75163167	protein-coding		WP_014081271.1	218	LK408_RS13230
NZ_JAJFOJ010000002.1	75352	75819		plus	hypothetical protein		75163168	protein-coding		WP_044927809.1	155	LK408_RS13235
NZ_JAJFOJ010000002.1	76070	77917		plus	recombinase family protein		75163169	protein-coding		WP_014081270.1	615	LK408_RS13240
NZ_JAJFOJ010000002.1	77997	78233		plus	transposon-encoded TnpW family protein		75163170	protein-coding		WP_007887201.1	78	LK408_RS13245
NZ_JAJFOJ010000002.1	78321	78635		plus	hypothetical protein		75163171	protein-coding		WP_007887200.1	104	LK408_RS13250
NZ_JAJFOJ010000002.1	78720	79280		plus	RNA polymerase sigma factor		75163172	protein-coding		WP_005922902.1	186	LK408_RS13255
NZ_JAJFOJ010000002.1	79277	80125		plus	hypothetical protein		75163173	protein-coding		WP_007887193.1	282	LK408_RS13260
NZ_JAJFOJ010000002.1	80278	80571		plus	DUF3847 domain-containing protein		75163174	protein-coding		WP_008982219.1	97	LK408_RS13265
NZ_JAJFOJ010000002.1	80805	82319		plus	MobQ family relaxase	mobQ	75163175	protein-coding		WP_044024718.1	504	LK408_RS13270
NZ_JAJFOJ010000002.1	82336	84237		plus	AAA family ATPase		75163176	protein-coding		WP_007887189.1	633	LK408_RS13275
NZ_JAJFOJ010000002.1	84399	85457		plus	hypothetical protein		75163177	protein-coding		WP_007887187.1	352	LK408_RS13280
NZ_JAJFOJ010000002.1	85883	86029		plus	cyclic lactone autoinducer peptide		75163178	protein-coding		WP_006859576.1	48	LK408_RS13285
NZ_JAJFOJ010000002.1	86072	86617		plus	accessory gene regulator ArgB-like protein		75163179	protein-coding		WP_227970776.1	181	LK408_RS13290
NZ_JAJFOJ010000002.1	87246	88463		plus	IS256 family transposase		75163180	protein-coding		WP_118112239.1	405	LK408_RS13295
NZ_JAJFOJ010000002.1	88669	90363		minus	IS66 family transposase	tnpC	75163181	protein-coding		WP_014078582.1	564	LK408_RS13300
NZ_JAJFOJ010000002.1	90651	91004		minus	IS66 family insertion sequence element accessory protein TnpB	tnpB	75163182	protein-coding		WP_007888256.1	117	LK408_RS13305
NZ_JAJFOJ010000002.1	91001	91387		minus	IS66 family insertion sequence element accessory protein TnpA	tnpA	75163183	protein-coding		WP_007888257.1	128	LK408_RS13310
NZ_JAJFOJ010000002.1	91784	92167		plus	S8 family serine peptidase		75163184	protein-coding		WP_014081252.1	127	LK408_RS13315
NZ_JAJFOJ010000002.1	92373	93428		plus	S8/S53 family peptidase		75163185	protein-coding		WP_007882335.1	351	LK408_RS13320
NZ_JAJFOJ010000002.1	93418	94518		plus	ABC transporter transmembrane domain-containing protein		75163186	protein-coding		WP_227970598.1	366	LK408_RS13325
NZ_JAJFOJ010000002.1	94512	95114		plus	ATP-binding cassette domain-containing protein		75163187	protein-coding		WP_242823145.1	200	LK408_RS13330
NZ_JAJFOJ010000002.1	95247	95591		plus	helix-turn-helix domain-containing protein		75163188	protein-coding		WP_007882339.1	114	LK408_RS13335
NZ_JAJFOJ010000002.1	95616	95849		minus	hypothetical protein		75163189	protein-coding		WP_007882340.1	77	LK408_RS13340
NZ_JAJFOJ010000002.1	96098	96310		plus	helix-turn-helix domain-containing protein		75163190	protein-coding		WP_014081251.1	70	LK408_RS13345
NZ_JAJFOJ010000002.1	96503	96826		plus	helix-turn-helix domain-containing protein		75163191	protein-coding		WP_007889517.1	107	LK408_RS13350
NZ_JAJFOJ010000002.1	97479	97901		plus	hypothetical protein		75163192	protein-coding		WP_014081249.1	140	LK408_RS13355
NZ_JAJFOJ010000002.1	97910	98230		plus	hypothetical protein		75163193	protein-coding		WP_007889524.1	106	LK408_RS13360
NZ_JAJFOJ010000002.1	98220	98387		plus	hypothetical protein		75163194	protein-coding		WP_005602807.1	55	LK408_RS13365
NZ_JAJFOJ010000002.1	98380	98766		plus	type II toxin-antitoxin system PemK/MazF family toxin		75163195	protein-coding		WP_005602806.1	128	LK408_RS13370
NZ_JAJFOJ010000002.1	98844	99092		plus	DUF6870 family protein		75163196	protein-coding		WP_005602804.1	82	LK408_RS13375
NZ_JAJFOJ010000002.1	99252	100913		plus	recombinase family protein		75163197	protein-coding		WP_007889527.1	553	LK408_RS13380
NZ_JAJFOJ010000002.1	100914	102557		plus	recombinase family protein		75163198	protein-coding		WP_007889530.1	547	LK408_RS13385
NZ_JAJFOJ010000002.1	102557	104137		plus	recombinase family protein		75163199	protein-coding		WP_007889532.1	526	LK408_RS13390
NZ_JAJFOJ010000002.1	104329	104898		plus	hypothetical protein		75163200	protein-coding		WP_172727141.1	189	LK408_RS13395
NZ_JAJFOJ010000002.1	104988	105140		plus	hypothetical protein		75163201	protein-coding		WP_007889534.1	50	LK408_RS13400
NZ_JAJFOJ010000002.1	105452	106147		plus	uncharacterized gene		75163202	pseudogene				LK408_RS13405
NZ_JAJFOJ010000002.1	106584	106985		plus	helix-turn-helix transcriptional regulator		75163203	protein-coding		WP_215679466.1	133	LK408_RS13410
NZ_JAJFOJ010000002.1	106963	107178		plus	hypothetical protein		75163204	protein-coding		WP_227970599.1	71	LK408_RS13415
NZ_JAJFOJ010000002.1	107203	107703		plus	LytR/AlgR family response regulator transcription factor		75163205	protein-coding		WP_227970600.1	166	LK408_RS13420
NZ_JAJFOJ010000002.1	107907	109007		plus	ATP-binding protein		75163206	protein-coding		WP_227970601.1	366	LK408_RS13425
NZ_JAJFOJ010000002.1	109096	109239		plus	cyclic lactone autoinducer peptide		75163207	protein-coding		WP_007885400.1	47	LK408_RS13430
NZ_JAJFOJ010000002.1	109681	110106		plus	RNA polymerase sigma factor		75163208	protein-coding		WP_055040282.1	141	LK408_RS13435
NZ_JAJFOJ010000002.1	110812	111207		plus	hypothetical protein		75163209	protein-coding		WP_044927496.1	131	LK408_RS13440
NZ_JAJFOJ010000002.1	111288	111446		plus	SHOCT domain-containing protein		75163210	protein-coding		WP_006859206.1	52	LK408_RS13445
NZ_JAJFOJ010000002.1	111537	113153		plus	recombinase family protein		75163211	protein-coding		WP_044927495.1	538	LK408_RS13450
NZ_JAJFOJ010000002.1	113125	114024		plus	recombinase family protein		75163212	protein-coding		WP_227970602.1	299	LK408_RS13455
NZ_JAJFOJ010000002.1	114037	115671		plus	recombinase family protein		75163213	protein-coding		WP_007885390.1	544	LK408_RS13460
NZ_JAJFOJ010000002.1	115893	116486		plus	hypothetical protein		75163214	protein-coding		WP_007885389.1	197	LK408_RS13465
NZ_JAJFOJ010000002.1	116658	117614		plus	hypothetical protein		75163215	protein-coding		WP_007885387.1	318	LK408_RS13470
NZ_JAJFOJ010000002.1	117797	118891		plus	hypothetical protein		75163216	protein-coding		WP_007885385.1	364	LK408_RS13475
NZ_JAJFOJ010000002.1	119384	120343		plus	hypothetical protein		75163217	protein-coding		WP_007885382.1	319	LK408_RS13480
NZ_JAJFOJ010000002.1	120352	121164		plus	HNH endonuclease		75163218	protein-coding		WP_007885380.1	270	LK408_RS13485
NZ_JAJFOJ010000002.1	121449	121760		plus	hypothetical protein		75163219	protein-coding		WP_227970603.1	103	LK408_RS13490
NZ_JAJFOJ010000002.1	122016	122843		plus	hypothetical protein		75163220	protein-coding		WP_007885377.1	275	LK408_RS13495
NZ_JAJFOJ010000002.1	122871	123572		plus	hypothetical protein		75163221	protein-coding		WP_227970604.1	233	LK408_RS13500
NZ_JAJFOJ010000002.1	124124	126244		plus	penicillin-binding transpeptidase domain-containing protein		75163222	protein-coding		WP_044927494.1	706	LK408_RS13505
NZ_JAJFOJ010000002.1	126192	127433		plus	DUF6070 family protein		75163223	protein-coding		WP_007885369.1	413	LK408_RS13510
NZ_JAJFOJ010000002.1	127433	128704		plus	DUF6070 family protein		75163224	protein-coding		WP_007885368.1	423	LK408_RS13515
NZ_JAJFOJ010000002.1	128732	129997		plus	DUF6070 family protein		75163225	protein-coding		WP_173816592.1	421	LK408_RS13520
NZ_JAJFOJ010000002.1	130437	130985		plus	hypothetical protein		75163226	protein-coding		WP_007885366.1	182	LK408_RS13525
NZ_JAJFOJ010000002.1	131075	132880		minus	BlaR1 family beta-lactam sensor/signal transducer		75163227	protein-coding		WP_044927490.1	601	LK408_RS13530
NZ_JAJFOJ010000002.1	132882	133268		minus	BlaI/MecI/CopY family transcriptional regulator		75163228	protein-coding		WP_007885363.1	128	LK408_RS13535
NZ_JAJFOJ010000002.1	133539	133775		plus	SH3 domain-containing protein		75163229	protein-coding		WP_049887985.1	78	LK408_RS13540
NZ_JAJFOJ010000002.1	133943	134158		plus	hypothetical protein		75163230	protein-coding		WP_007885357.1	71	LK408_RS13545
NZ_JAJFOJ010000002.1	134171	134359		plus	hypothetical protein		75163231	protein-coding		WP_227970605.1	62	LK408_RS13550
NZ_JAJFOJ010000002.1	134572	135294		plus	recombinase family protein		75163232	protein-coding		WP_227970606.1	240	LK408_RS13555
NZ_JAJFOJ010000002.1	135239	136573		plus	recombinase family protein		75163233	protein-coding		WP_044927488.1	444	LK408_RS13560
NZ_JAJFOJ010000002.1	136714	137400		plus	hypothetical protein		75163234	protein-coding		WP_044927486.1	228	LK408_RS13565
NZ_JAJFOJ010000002.1	137402	138358		plus	hypothetical protein		75163235	protein-coding		WP_044927483.1	318	LK408_RS13570
NZ_JAJFOJ010000002.1	138375	139451		plus	hypothetical protein		75163236	protein-coding		WP_007885335.1	358	LK408_RS13575
NZ_JAJFOJ010000002.1	139555	140175		plus	dTMP kinase	tmk	75163237	protein-coding		WP_007885333.1	206	LK408_RS13580
NZ_JAJFOJ010000002.1	140172	141506		plus	B12-binding domain-containing radical SAM protein		75163238	protein-coding		WP_007885331.1	444	LK408_RS13585
NZ_JAJFOJ010000002.1	141503	142051		plus	uracil-DNA glycosylase family protein		75163239	protein-coding		WP_007885329.1	182	LK408_RS13590
NZ_JAJFOJ010000002.1	142241	142549		plus	ATP-binding protein		75163240	protein-coding		WP_007885327.1	102	LK408_RS13595
NZ_JAJFOJ010000002.1	142625	142867		plus	hypothetical protein		75163241	protein-coding		WP_007885325.1	80	LK408_RS13600
NZ_JAJFOJ010000002.1	142905	143576		plus	hypothetical protein		75163242	protein-coding		WP_007885323.1	223	LK408_RS13605
NZ_JAJFOJ010000002.1	143732	144082		plus	lipid II flippase MurJ		75163243	protein-coding		WP_049887984.1	116	LK408_RS13610
NZ_JAJFOJ010000002.1	144043	144186		plus	hypothetical protein		75163244	protein-coding		WP_227970607.1	47	LK408_RS13615
NZ_JAJFOJ010000002.1	144486	145496		minus	aspartate--ammonia ligase	asnA	75163245	protein-coding		WP_007885317.1	336	LK408_RS13620
NZ_JAJFOJ010000002.1	145703	146128		plus	hypothetical protein		75163246	protein-coding		WP_007885315.1	141	LK408_RS13625
NZ_JAJFOJ010000002.1	146256	146432		plus	hypothetical protein		75163247	protein-coding		WP_227970608.1	58	LK408_RS13630
NZ_JAJFOJ010000002.1	146962	148245		plus	group II intron reverse transcriptase/maturase	ltrA	75163248	protein-coding		WP_158555625.1	427	LK408_RS13635
NZ_JAJFOJ010000002.1	148353	149408		plus	FAD:protein FMN transferase		75163249	protein-coding		WP_007883448.1	351	LK408_RS13640
NZ_JAJFOJ010000002.1	149485	149931		plus	NusG domain II-containing protein		75163250	protein-coding		WP_007883449.1	148	LK408_RS13645
NZ_JAJFOJ010000002.1	149948	150451		plus	Gx transporter family protein		75163251	protein-coding		WP_227970609.1	167	LK408_RS13650
NZ_JAJFOJ010000002.1	150958	152289		plus	aspartate--tRNA(Asn) ligase	aspS	75163252	protein-coding		WP_007883454.1	443	LK408_RS13655
NZ_JAJFOJ010000002.1	152319	152612		plus	Asp-tRNA(Asn)/Glu-tRNA(Gln) amidotransferase subunit GatC	gatC	75163253	protein-coding		WP_007883457.1	97	LK408_RS13660
NZ_JAJFOJ010000002.1	152666	154123		plus	Asp-tRNA(Asn)/Glu-tRNA(Gln) amidotransferase subunit GatA	gatA	75163254	protein-coding		WP_044927121.1	485	LK408_RS13665
NZ_JAJFOJ010000002.1	154140	155570		plus	Asp-tRNA(Asn)/Glu-tRNA(Gln) amidotransferase subunit GatB	gatB	75163255	protein-coding		WP_007883461.1	476	LK408_RS13670
NZ_JAJFOJ010000002.1	155656	158103		plus	homocysteine S-methyltransferase family protein		75163256	protein-coding		WP_055170024.1	815	LK408_RS13675
NZ_JAJFOJ010000002.1	158220	158292		plus	tRNA-Val		75163257	tRNA				LK408_RS13680
NZ_JAJFOJ010000002.1	158317	158390		plus	tRNA-Met		75163258	tRNA				LK408_RS13685
NZ_JAJFOJ010000002.1	158414	158486		plus	tRNA-Val		75163259	tRNA				LK408_RS13690
NZ_JAJFOJ010000002.1	158602	158675		plus	tRNA-Met		75163260	tRNA				LK408_RS13695
NZ_JAJFOJ010000002.1	158898	159368		plus	hypothetical protein		75163261	protein-coding		WP_044928023.1	156	LK408_RS13700
NZ_JAJFOJ010000002.1	159386	159730		plus	DUF4190 domain-containing protein		75163262	protein-coding		WP_007887782.1	114	LK408_RS13705
NZ_JAJFOJ010000002.1	159968	160750		plus	ZIP family metal transporter		75163263	protein-coding		WP_007887783.1	260	LK408_RS13710
NZ_JAJFOJ010000002.1	161018	161689		plus	hydrogenase nickel incorporation protein HypB	hypB	75163264	protein-coding		WP_007887787.1	223	LK408_RS13715
NZ_JAJFOJ010000002.1	161760	164531		plus	FAD-dependent oxidoreductase		75163265	protein-coding		WP_007887789.1	923	LK408_RS13720
NZ_JAJFOJ010000002.1	164614	164958		plus	hydrogenase maturation nickel metallochaperone HypA		75163266	protein-coding		WP_007887798.1	114	LK408_RS13725
NZ_JAJFOJ010000002.1	165146	165610		plus	RNA polymerase sigma factor		75163267	protein-coding		WP_044927979.1	154	LK408_RS13730
NZ_JAJFOJ010000002.1	165713	167257		plus	hypothetical protein		75163268	protein-coding		WP_227970610.1	514	LK408_RS13735
NZ_JAJFOJ010000002.1	167351	168679		minus	ATP-binding protein		75163269	protein-coding		WP_007887806.1	442	LK408_RS13740
NZ_JAJFOJ010000002.1	168954	170843		plus	helix-turn-helix domain-containing protein		75163270	protein-coding		WP_044927983.1	629	LK408_RS13745
NZ_JAJFOJ010000002.1	171294	171587		plus	hypothetical protein		75163271	protein-coding		WP_007887824.1	97	LK408_RS13750
NZ_JAJFOJ010000002.1	171614	173122		minus	recombinase family protein		75163272	protein-coding		WP_044927987.1	502	LK408_RS13755
NZ_JAJFOJ010000002.1	173212	173388		minus	hypothetical protein		75163273	protein-coding		WP_165483719.1	58	LK408_RS13760
NZ_JAJFOJ010000002.1	173522	173725		minus	hypothetical protein		75163274	protein-coding		WP_044927990.1	67	LK408_RS13765
NZ_JAJFOJ010000002.1	174234	174656		minus	RNA polymerase sigma factor		75163275	protein-coding		WP_044927992.1	140	LK408_RS13770
NZ_JAJFOJ010000002.1	175082	175945		minus	hypothetical protein		75163276	protein-coding		WP_227970611.1	287	LK408_RS13775
NZ_JAJFOJ010000002.1	176086	177498		minus	sensor histidine kinase		75163277	protein-coding		WP_007887834.1	470	LK408_RS13780
NZ_JAJFOJ010000002.1	177482	178153		minus	response regulator transcription factor		75163278	protein-coding		WP_007887836.1	223	LK408_RS13785
NZ_JAJFOJ010000002.1	178353	178709		plus	helix-turn-helix transcriptional regulator		75163279	protein-coding		WP_007887838.1	118	LK408_RS13790
NZ_JAJFOJ010000002.1	178890	180305		minus	relaxase/mobilization nuclease domain-containing protein		75163280	protein-coding		WP_227970612.1	471	LK408_RS13795
NZ_JAJFOJ010000002.1	180385	180675		minus	CD1845 family protein		75163281	protein-coding		WP_005927606.1	96	LK408_RS13800
NZ_JAJFOJ010000002.1	180851	181192		minus	plasmid mobilization protein		75163282	protein-coding		WP_118596902.1	113	LK408_RS13805
NZ_JAJFOJ010000002.1	181192	181374		minus	DUF4316 domain-containing protein		75163283	protein-coding		WP_003500078.1	60	LK408_RS13810
NZ_JAJFOJ010000002.1	181387	181977		minus	defense against restriction DarA-related protein		75163284	protein-coding		WP_202615304.1	196	LK408_RS13815
NZ_JAJFOJ010000002.1	182110	182511		minus	cysteine-rich VLP protein		75163285	protein-coding		WP_044928002.1	133	LK408_RS13820
NZ_JAJFOJ010000002.1	182512	182703		minus	hypothetical protein		75163286	protein-coding		WP_003500082.1	63	LK408_RS13825
NZ_JAJFOJ010000002.1	182706	183353		minus	DUF4366 domain-containing protein		75163287	protein-coding		WP_007887850.1	215	LK408_RS13830
NZ_JAJFOJ010000002.1	183340	183606		minus	DUF4315 family protein		75163288	protein-coding		WP_005927622.1	88	LK408_RS13835
NZ_JAJFOJ010000002.1	183629	185296		minus	C40 family peptidase		75163289	protein-coding		WP_007887854.1	555	LK408_RS13840
NZ_JAJFOJ010000002.1	185576	188005		minus	VirB4-like conjugal transfer ATPase, CD1110 family		75163290	protein-coding		WP_370672134.1	809	LK408_RS13845
NZ_JAJFOJ010000002.1	187923	188309		minus	PrgI family protein		75163291	protein-coding		WP_003500106.1	128	LK408_RS13850
NZ_JAJFOJ010000002.1	188354	189007		minus	DUF7007 domain-containing protein		75163292	protein-coding		WP_007887859.1	217	LK408_RS13855
NZ_JAJFOJ010000002.1	189017	189469		minus	SpoVG family protein		75163293	protein-coding		WP_007887861.1	150	LK408_RS13860
NZ_JAJFOJ010000002.1	189483	190349		minus	VirB6/TrbL-like conjugal transfer protein, CD1112 family		75163294	protein-coding		WP_007887863.1	288	LK408_RS13865
NZ_JAJFOJ010000002.1	190390	190473		minus	uncharacterized gene		75163295	pseudogene				LK408_RS13870
NZ_JAJFOJ010000002.1	190564	192234		minus	recombinase family protein		75163296	protein-coding		WP_007887864.1	556	LK408_RS13875
NZ_JAJFOJ010000002.1	192235	192432		minus	hypothetical protein		75163297	protein-coding		WP_003020324.1	65	LK408_RS13880
NZ_JAJFOJ010000002.1	192674	194011		minus	virulence-associated E family protein		75163298	protein-coding		WP_003500111.1	445	LK408_RS13885
NZ_JAJFOJ010000002.1	193980	194624		minus	CHC2 zinc finger domain-containing protein		75163299	protein-coding		WP_007887871.1	214	LK408_RS13890
NZ_JAJFOJ010000002.1	194690	196270		minus	MobQ family relaxase	mobQ	75163300	protein-coding		WP_007887873.1	526	LK408_RS13895
NZ_JAJFOJ010000002.1	196453	196650		minus	hypothetical protein		75163301	protein-coding		WP_002595449.1	65	LK408_RS13900
NZ_JAJFOJ010000002.1	196952	197248		minus	DUF3847 domain-containing protein		75163302	protein-coding		WP_002584328.1	98	LK408_RS13905
NZ_JAJFOJ010000002.1	197241	197582		minus	DeoR family transcriptional regulator		75163303	protein-coding		WP_002584329.1	113	LK408_RS13910
NZ_JAJFOJ010000002.1	197579	197767		minus	hypothetical protein		75163304	protein-coding		WP_002584330.1	62	LK408_RS13915
NZ_JAJFOJ010000002.1	198251	199057		plus	helix-turn-helix domain-containing protein		75163305	protein-coding		WP_002584331.1	268	LK408_RS13920
NZ_JAJFOJ010000002.1	199176	199667		minus	nucleotidyltransferase domain-containing protein		75163306	protein-coding		WP_002584332.1	163	LK408_RS13925
NZ_JAJFOJ010000002.1	199719	200096		minus	TnpV protein		75163307	protein-coding		WP_002584333.1	125	LK408_RS13930
NZ_JAJFOJ010000002.1	200056	200328		minus	helix-turn-helix domain-containing protein		75163308	protein-coding		WP_002584334.1	90	LK408_RS13935
NZ_JAJFOJ010000002.1	200483	200641		minus	Maff2 family mobile element protein		75163309	protein-coding		WP_003500126.1	52	LK408_RS13940
NZ_JAJFOJ010000002.1	200731	202554		minus	VirD4-like conjugal transfer protein, CD1115 family		75163310	protein-coding		WP_007887895.1	607	LK408_RS13945
NZ_JAJFOJ010000002.1	202551	203021		minus	PcfB family protein		75163311	protein-coding		WP_007887898.1	156	LK408_RS13950
NZ_JAJFOJ010000002.1	203113	204162		minus	hypothetical protein		75163312	protein-coding		WP_007887900.1	349	LK408_RS13955
NZ_JAJFOJ010000002.1	204177	204890		minus	antirestriction protein ArdA		75163313	protein-coding		WP_007887903.1	237	LK408_RS13960
NZ_JAJFOJ010000002.1	204895	205980		minus	DNA cytosine methyltransferase		75163314	protein-coding		WP_007887907.1	361	LK408_RS13965
NZ_JAJFOJ010000002.1	205967	206323		minus	DUF7768 domain-containing protein		75163315	protein-coding		WP_044928013.1	118	LK408_RS13970
NZ_JAJFOJ010000002.1	206633	208015		minus	ParB/RepB/Spo0J family partition protein		75163316	protein-coding		WP_330370495.1	460	LK408_RS13975
NZ_JAJFOJ010000002.1	208223	209539		plus	ATP-binding cassette domain-containing protein		75163317	protein-coding		WP_007887925.1	438	LK408_RS13980
NZ_JAJFOJ010000002.1	209615	210172		plus	hypothetical protein		75163318	protein-coding		WP_044928016.1	185	LK408_RS13985
NZ_JAJFOJ010000002.1	210232	210522		plus	hypothetical protein		75163319	protein-coding		WP_227970614.1	96	LK408_RS13990
NZ_JAJFOJ010000002.1	210850	211221		plus	hypothetical protein		75163320	protein-coding		WP_007887929.1	123	LK408_RS13995
NZ_JAJFOJ010000002.1	211324	212937		minus	mannitol dehydrogenase family protein		75163321	protein-coding		WP_007887930.1	537	LK408_RS14000
NZ_JAJFOJ010000002.1	212924	214006		minus	mannonate dehydratase	uxuA	75163322	protein-coding		WP_007887931.1	360	LK408_RS14005
NZ_JAJFOJ010000002.1	214313	215191		plus	AraC family transcriptional regulator		75163323	protein-coding		WP_007887936.1	292	LK408_RS14010
NZ_JAJFOJ010000002.1	215266	215811		plus	2-C-methyl-D-erythritol 2,4-cyclodiphosphate synthase	ispF	75163324	protein-coding		WP_007887938.1	181	LK408_RS14015
NZ_JAJFOJ010000002.1	216179	216856		plus	serine O-acetyltransferase EpsC	epsC	75163325	protein-coding		WP_044928031.1	225	LK408_RS14020
NZ_JAJFOJ010000002.1	216919	218340		plus	cysteine--tRNA ligase	cysS	75163326	protein-coding		WP_007887942.1	473	LK408_RS14025
NZ_JAJFOJ010000002.1	218347	218781		plus	Mini-ribonuclease 3		75163327	protein-coding		WP_007887944.1	144	LK408_RS14030
NZ_JAJFOJ010000002.1	218850	219590		plus	23S rRNA (guanosine(2251)-2'-O)-methyltransferase RlmB	rlmB	75163328	protein-coding		WP_007887945.1	246	LK408_RS14035
NZ_JAJFOJ010000002.1	219657	220307		plus	RNA polymerase sporulation sigma factor SigH	sigH	75163329	protein-coding		WP_044928034.1	216	LK408_RS14040
NZ_JAJFOJ010000002.1	220667	220739		plus	tRNA-Thr		75163330	tRNA				LK408_RS14045
NZ_JAJFOJ010000002.1	220898	221620		plus	response regulator transcription factor		75163331	protein-coding		WP_007887961.1	240	LK408_RS14050
NZ_JAJFOJ010000002.1	221592	223715		plus	sensor histidine kinase		75163332	protein-coding		WP_007887964.1	707	LK408_RS14055
NZ_JAJFOJ010000002.1	223810	224712		plus	30S ribosomal protein S1		75163333	protein-coding		WP_007887966.1	300	LK408_RS14060
NZ_JAJFOJ010000002.1	224811	225815		minus	LacI family DNA-binding transcriptional regulator		75163334	protein-coding		WP_227970615.1	334	LK408_RS14065
NZ_JAJFOJ010000002.1	225985	226533		plus	ECF transporter S component		75163335	protein-coding		WP_227970616.1	182	LK408_RS14070
NZ_JAJFOJ010000002.1	226588	227199		plus	hypothetical protein		75163336	protein-coding		WP_007887981.1	203	LK408_RS14075
NZ_JAJFOJ010000002.1	227286	228170		minus	aldose 1-epimerase family protein		75163337	protein-coding		WP_007887987.1	294	LK408_RS14080
NZ_JAJFOJ010000002.1	228862	230145		plus	group II intron reverse transcriptase/maturase	ltrA	75163338	protein-coding		WP_158555625.1	427	LK408_RS14085
NZ_JAJFOJ010000002.1	230332	231117		plus	ABC transporter permease		75163339	protein-coding		WP_007887289.1	261	LK408_RS14090
NZ_JAJFOJ010000002.1	231093	231911		plus	ABC transporter ATP-binding protein		75163340	protein-coding		WP_007887288.1	272	LK408_RS14095
NZ_JAJFOJ010000002.1	232003	233079		plus	ABC transporter substrate-binding protein		75163341	protein-coding		WP_007887287.1	358	LK408_RS14100
NZ_JAJFOJ010000002.1	233208	234029		plus	sugar phosphate isomerase family		75163342	protein-coding		WP_007887286.1	273	LK408_RS14105
NZ_JAJFOJ010000002.1	234100	235245		plus	N-acetylglucosamine-6-phosphate deacetylase	nagA	75163343	protein-coding		WP_007887285.1	381	LK408_RS14110
NZ_JAJFOJ010000002.1	235329	236822		plus	sensor histidine kinase		75163344	protein-coding		WP_007887278.1	497	LK408_RS14115
NZ_JAJFOJ010000002.1	236843	237517		plus	response regulator transcription factor		75163345	protein-coding		WP_007887276.1	224	LK408_RS14120
NZ_JAJFOJ010000002.1	237614	239113		plus	sulfatase-like hydrolase/transferase		75163346	protein-coding		WP_007887272.1	499	LK408_RS14125
NZ_JAJFOJ010000002.1	239361	240485		minus	IS91 family transposase		75163347	protein-coding		WP_044927213.1	374	LK408_RS14130
NZ_JAJFOJ010000002.1	240667	241488		plus	nickel pincer cofactor biosynthesis protein LarC	larC	75163348	protein-coding		WP_007887224.1	273	LK408_RS14135
NZ_JAJFOJ010000002.1	241788	244232		plus	glycoside hydrolase family 3 N-terminal domain-containing protein		75163349	protein-coding		WP_227970617.1	814	LK408_RS14140
NZ_JAJFOJ010000002.1	244517	245707		plus	ROK family protein		75163350	protein-coding		WP_118125356.1	396	LK408_RS14145
NZ_JAJFOJ010000002.1	245942	247363		plus	MFS transporter		75163351	protein-coding		WP_021923833.1	473	LK408_RS14150
NZ_JAJFOJ010000002.1	247482	248735		plus	glucose-6-phosphate isomerase		75163352	protein-coding		WP_007887238.1	417	LK408_RS14155
NZ_JAJFOJ010000002.1	248992	250155		plus	6-phosphofructokinase		75163353	protein-coding		WP_007887239.1	387	LK408_RS14160
NZ_JAJFOJ010000002.1	250250	251404		plus	class II fructose-bisphosphate aldolase		75163354	protein-coding		WP_007887240.1	384	LK408_RS14165
NZ_JAJFOJ010000002.1	251485	252321		plus	triose-phosphate isomerase family protein		75163355	protein-coding		WP_007887242.1	278	LK408_RS14170
NZ_JAJFOJ010000002.1	252434	253933		plus	lactate racemase domain-containing protein		75163356	protein-coding		WP_044927825.1	499	LK408_RS14175
NZ_JAJFOJ010000002.1	254078	255091		minus	substrate-binding domain-containing protein		75163357	protein-coding		WP_021923829.1	337	LK408_RS14180
NZ_JAJFOJ010000002.1	255483	256583		plus	ABC transporter substrate-binding protein		75163358	protein-coding		WP_021923828.1	366	LK408_RS14185
NZ_JAJFOJ010000002.1	256607	257392		plus	ABC transporter permease		75163359	protein-coding		WP_007887169.1	261	LK408_RS14190
NZ_JAJFOJ010000002.1	257385	258179		plus	ABC transporter permease		75163360	protein-coding		WP_021923827.1	264	LK408_RS14195
NZ_JAJFOJ010000002.1	258158	258931		plus	ABC transporter ATP-binding protein		75163361	protein-coding		WP_007887163.1	257	LK408_RS14200
NZ_JAJFOJ010000002.1	258944	259690		plus	ABC transporter ATP-binding protein		75163362	protein-coding		WP_007887161.1	248	LK408_RS14205
NZ_JAJFOJ010000002.1	259703	261586		plus	sulfatase		75163363	protein-coding		WP_007887159.1	627	LK408_RS14210
NZ_JAJFOJ010000002.1	261916	262854		minus	LysR family transcriptional regulator		75163364	protein-coding		WP_007887157.1	312	LK408_RS14215
NZ_JAJFOJ010000002.1	263268	264056		plus	sulfite exporter TauE/SafE family protein		75163365	protein-coding		WP_007887155.1	262	LK408_RS14220
NZ_JAJFOJ010000002.1	264080	265198		plus	anaerobic sulfatase maturase		75163366	protein-coding		WP_021923825.1	372	LK408_RS14225
NZ_JAJFOJ010000002.1	265331	266359		plus	LacI family DNA-binding transcriptional regulator		75163367	protein-coding		WP_021923824.1	342	LK408_RS14230
NZ_JAJFOJ010000002.1	266703	268205		plus	sulfatase		75163368	protein-coding		WP_021923823.1	500	LK408_RS14235
NZ_JAJFOJ010000002.1	268252	269604		plus	MFS transporter		75163369	protein-coding		WP_007887147.1	450	LK408_RS14240
NZ_JAJFOJ010000002.1	269726	272290		plus	glycoside hydrolase family 3 protein		75163370	protein-coding		WP_055302188.1	854	LK408_RS14245
NZ_JAJFOJ010000002.1	272447	273073		plus	helix-turn-helix domain-containing protein		75163371	protein-coding		WP_007887143.1	208	LK408_RS14250
NZ_JAJFOJ010000002.1	273278	273763		plus	MarR family transcriptional regulator		75163372	protein-coding		WP_055302187.1	161	LK408_RS14255
NZ_JAJFOJ010000002.1	273813	275093		plus	diaminopimelate decarboxylase		75163373	protein-coding		WP_007887124.1	426	LK408_RS14260
NZ_JAJFOJ010000002.1	275203	275886		plus	hypothetical protein		75163374	protein-coding		WP_007887123.1	227	LK408_RS14265
NZ_JAJFOJ010000002.1	275935	276483		minus	Uma2 family endonuclease		75163375	protein-coding		WP_007888389.1	182	LK408_RS14270
NZ_JAJFOJ010000002.1	278068	278676		plus	hypothetical protein		75163376	protein-coding		WP_007888384.1	202	LK408_RS14275
NZ_JAJFOJ010000002.1	278955	279692		minus	transposase		75163377	protein-coding		WP_007888380.1	245	LK408_RS14280
NZ_JAJFOJ010000002.1	279695	279808		plus	uncharacterized gene		88554023	pseudogene				LK408_RS20620
NZ_JAJFOJ010000002.1	279867	280547		plus	GTP pyrophosphokinase		75163379	protein-coding		WP_005360232.1	226	LK408_RS14290
NZ_JAJFOJ010000002.1	280583	282142		plus	cardiolipin synthase	cls	75163380	protein-coding		WP_055040612.1	519	LK408_RS14295
NZ_JAJFOJ010000002.1	282433	283866		plus	phospholipase D family protein		75163381	protein-coding		WP_227970618.1	477	LK408_RS14300
NZ_JAJFOJ010000002.1	283845	284555		plus	response regulator transcription factor		75163382	protein-coding		WP_003693048.1	236	LK408_RS14305
NZ_JAJFOJ010000002.1	284555	285598		plus	HAMP domain-containing sensor histidine kinase		75163383	protein-coding		WP_005608371.1	347	LK408_RS14310
NZ_JAJFOJ010000002.1	285630	286694		plus	FUSC family protein		75163384	protein-coding		WP_055040609.1	354	LK408_RS14315
NZ_JAJFOJ010000002.1	286684	287256		plus	CDP-alcohol phosphatidyltransferase family protein		75163385	protein-coding		WP_006858451.1	190	LK408_RS14320
NZ_JAJFOJ010000002.1	287464	287802		minus	hypothetical protein		75163386	protein-coding		WP_007887600.1	112	LK408_RS14325
NZ_JAJFOJ010000002.1	288039	289028		plus	choloylglycine hydrolase	bsh	75163387	protein-coding		WP_007887599.1	329	LK408_RS14330
NZ_JAJFOJ010000002.1	289079	290893		plus	ATP-dependent zinc metalloprotease FtsH	ftsH	75163388	protein-coding		WP_007887598.1	604	LK408_RS14335
NZ_JAJFOJ010000002.1	291038	291625		minus	transposase		75163389	protein-coding		WP_172681219.1	195	LK408_RS14340
NZ_JAJFOJ010000002.1	292096	293496		plus	methyl-accepting chemotaxis protein		75163390	protein-coding		WP_227970619.1	466	LK408_RS14345
NZ_JAJFOJ010000002.1	293853	294137		minus	helix-turn-helix transcriptional regulator		75163391	protein-coding		WP_007887594.1	94	LK408_RS14350
NZ_JAJFOJ010000002.1	294414	295754		minus	IS30 family transposase		75163392	protein-coding		WP_044927528.1	446	LK408_RS14355
NZ_JAJFOJ010000002.1	295938	296633		minus	XRE family transcriptional regulator		75163393	protein-coding		WP_007881885.1	231	LK408_RS14360
NZ_JAJFOJ010000002.1	296845	298134		plus	DNA polymerase IV	dinB	75163394	protein-coding		WP_007881888.1	429	LK408_RS14365
NZ_JAJFOJ010000002.1	298155	298397		plus	hypothetical protein		75163395	protein-coding		WP_005601638.1	80	LK408_RS14370
NZ_JAJFOJ010000002.1	298750	299094		plus	helix-turn-helix domain-containing protein		75163396	protein-coding		WP_007881898.1	114	LK408_RS14375
NZ_JAJFOJ010000002.1	299124	299324		plus	DUF7695 domain-containing protein		75163397	protein-coding		WP_007881900.1	66	LK408_RS14380
NZ_JAJFOJ010000002.1	299308	299472		plus	hypothetical protein		75163398	protein-coding		WP_172727026.1	54	LK408_RS14385
NZ_JAJFOJ010000002.1	299490	300032		plus	metallophosphoesterase family protein		75163399	protein-coding		WP_007881902.1	180	LK408_RS14390
NZ_JAJFOJ010000002.1	300056	300904		plus	TIGR02452 family protein		75163400	protein-coding		WP_007881903.1	282	LK408_RS14395
NZ_JAJFOJ010000002.1	301172	301435		plus	type II toxin-antitoxin system prevent-host-death family antitoxin		75163401	protein-coding		WP_007881905.1	87	LK408_RS14400
NZ_JAJFOJ010000002.1	301428	301730		plus	type II toxin-antitoxin system RelE/ParE family toxin		75163402	protein-coding		WP_007881907.1	100	LK408_RS14405
NZ_JAJFOJ010000002.1	301939	302021		minus	tRNA-Leu		75163403	tRNA				LK408_RS14410
NZ_JAJFOJ010000002.1	302322	302564		plus	helix-turn-helix domain-containing protein		75163404	protein-coding		WP_021924024.1	80	LK408_RS14415
NZ_JAJFOJ010000002.1	302582	302872		plus	hypothetical protein		75163405	protein-coding		WP_044926642.1	96	LK408_RS14420
NZ_JAJFOJ010000002.1	302922	303938		minus	hypothetical protein		75163406	protein-coding		WP_007881913.1	338	LK408_RS14425
NZ_JAJFOJ010000002.1	304122	304850		plus	DUF975 family protein		75163407	protein-coding		WP_044926644.1	242	LK408_RS14430
NZ_JAJFOJ010000002.1	305028	306824		plus	LTA synthase family protein		75163408	protein-coding		WP_007881917.1	598	LK408_RS14435
NZ_JAJFOJ010000002.1	306886	309411		plus	YfhO family protein		75163409	protein-coding		WP_044926673.1	841	LK408_RS14440
NZ_JAJFOJ010000002.1	309477	309857		plus	thioesterase family protein		75163410	protein-coding		WP_007881927.1	126	LK408_RS14445
NZ_JAJFOJ010000002.1	310142	310609		plus	acyl-CoA thioesterase		75163411	protein-coding		WP_007881929.1	155	LK408_RS14450
NZ_JAJFOJ010000002.1	310702	312492		plus	aminopeptidase P family protein		75163412	protein-coding		WP_007881931.1	596	LK408_RS14455
NZ_JAJFOJ010000002.1	312581	315304		plus	DNA polymerase I	polA	75163413	protein-coding		WP_007881932.1	907	LK408_RS14460
NZ_JAJFOJ010000002.1	315356	315952		plus	dephospho-CoA kinase	coaE	75163414	protein-coding		WP_007881935.1	198	LK408_RS14465
NZ_JAJFOJ010000002.1	316021	318225		plus	cell division FtsA domain-containing protein		75163415	protein-coding		WP_044926674.1	734	LK408_RS14470
NZ_JAJFOJ010000002.1	318230	319027		plus	MBL fold metallo-hydrolase		75163416	protein-coding		WP_044926646.1	265	LK408_RS14475
NZ_JAJFOJ010000002.1	319181	319465		plus	ACT domain-containing protein		75163417	protein-coding		WP_007881941.1	94	LK408_RS14480
NZ_JAJFOJ010000002.1	319481	320845		plus	PFL family protein		75163418	protein-coding		WP_007881948.1	454	LK408_RS14485
NZ_JAJFOJ010000002.1	321091	321804		plus	IMP cyclohydrolase		75163419	protein-coding		WP_021924008.1	237	LK408_RS14490
NZ_JAJFOJ010000002.1	321855	323033		plus	phosphoribosylaminoimidazolecarboxamide formyltransferase		75163420	protein-coding		WP_118585809.1	392	LK408_RS14495
NZ_JAJFOJ010000002.1	323106	323927		plus	purine-nucleoside phosphorylase		75163421	protein-coding		WP_007881955.1	273	LK408_RS14500
NZ_JAJFOJ010000002.1	323932	325221		minus	tRNA(Met) cytidine acetate ligase		75163422	protein-coding		WP_007881956.1	429	LK408_RS14505
NZ_JAJFOJ010000002.1	325556	326749		plus	acetate kinase		75163423	protein-coding		WP_007881958.1	397	LK408_RS14510
NZ_JAJFOJ010000002.1	326949	327473		plus	YceD family protein		75163424	protein-coding		WP_007881960.1	174	LK408_RS14515
NZ_JAJFOJ010000002.1	327478	327657		plus	50S ribosomal protein L32	rpmF	75163425	protein-coding		WP_006858546.1	59	LK408_RS14520
NZ_JAJFOJ010000002.1	327815	328468		plus	YesL family protein		75163426	protein-coding		WP_007881972.1	217	LK408_RS14525
NZ_JAJFOJ010000002.1	328592	329620		plus	phosphate acyltransferase PlsX	plsX	75163427	protein-coding		WP_021924002.1	342	LK408_RS14530
NZ_JAJFOJ010000002.1	329623	329856		plus	acyl carrier protein	acpP	75163428	protein-coding		WP_007881977.1	77	LK408_RS14535
NZ_JAJFOJ010000002.1	330008	330700		plus	ribonuclease III	rnc	75163429	protein-coding		WP_007881978.1	230	LK408_RS14540
NZ_JAJFOJ010000002.1	330722	334282		plus	chromosome segregation protein SMC	smc	75163430	protein-coding		WP_227970620.1	1186	LK408_RS14545
NZ_JAJFOJ010000002.1	334330	335268		plus	signal recognition particle-docking protein FtsY	ftsY	75163431	protein-coding		WP_007881983.1	312	LK408_RS14550
NZ_JAJFOJ010000002.1	335271	336482		plus	threonine ammonia-lyase	ilvA	75163432	protein-coding		WP_007881984.1	403	LK408_RS14555
NZ_JAJFOJ010000002.1	336575	337099		plus	adenine phosphoribosyltransferase		75163433	protein-coding		WP_007881985.1	174	LK408_RS14560
NZ_JAJFOJ010000002.1	337185	338543		plus	NCS2 family permease		75163434	protein-coding		WP_007881986.1	452	LK408_RS14565
NZ_JAJFOJ010000002.1	338559	338711		plus	hypothetical protein		75163435	protein-coding		WP_007881987.1	50	LK408_RS14570
NZ_JAJFOJ010000002.1	338845	339189		plus	YlxM family DNA-binding protein	ylxM	75163436	protein-coding		WP_007881988.1	114	LK408_RS14575
NZ_JAJFOJ010000002.1	339191	340543		plus	signal recognition particle protein	ffh	75163437	protein-coding		WP_007881989.1	450	LK408_RS14580
NZ_JAJFOJ010000002.1	340579	340824		plus	30S ribosomal protein S16	rpsP	75163438	protein-coding		WP_007881991.1	81	LK408_RS14585
NZ_JAJFOJ010000002.1	340843	341073		plus	KH domain-containing protein		75163439	protein-coding		WP_007881993.1	76	LK408_RS14590
NZ_JAJFOJ010000002.1	341161	341682		plus	ribosome maturation factor RimM	rimM	75163440	protein-coding		WP_007881995.1	173	LK408_RS14595
NZ_JAJFOJ010000002.1	341707	342432		plus	tRNA (guanosine(37)-N1)-methyltransferase TrmD	trmD	75163441	protein-coding		WP_044926650.1	241	LK408_RS14600
NZ_JAJFOJ010000002.1	342506	342739		plus	hypothetical protein		75163442	protein-coding		WP_172727027.1	77	LK408_RS14605
NZ_JAJFOJ010000002.1	342863	343216		plus	50S ribosomal protein L19	rplS	75163443	protein-coding		WP_007881999.1	117	LK408_RS14610
NZ_JAJFOJ010000002.1	343432	344109		plus	hypothetical protein		75163444	protein-coding		WP_007882002.1	225	LK408_RS14615
NZ_JAJFOJ010000002.1	344186	345211		plus	LCP family protein		75163445	protein-coding		WP_007882004.1	341	LK408_RS14620
NZ_JAJFOJ010000002.1	345208	346056		plus	class B sortase	srtB	75163446	protein-coding		WP_007882006.1	282	LK408_RS14625
NZ_JAJFOJ010000002.1	346179	346760		plus	signal peptidase I	lepB	75163447	protein-coding		WP_021923990.1	193	LK408_RS14630
NZ_JAJFOJ010000002.1	346779	347633		plus	ribosome biogenesis GTPase YlqF	ylqF	75163448	protein-coding		WP_007882010.1	284	LK408_RS14635
NZ_JAJFOJ010000002.1	347697	348458		plus	ribonuclease HII		75163449	protein-coding		WP_007882017.1	253	LK408_RS14640
NZ_JAJFOJ010000002.1	348545	350440		plus	flagellar hook-length control protein FliK		75163450	protein-coding		WP_007882018.1	631	LK408_RS14645
NZ_JAJFOJ010000002.1	350475	350780		plus	EscU/YscU/HrcU family type III secretion system export apparatus switch protein		75163451	protein-coding		WP_021923986.1	101	LK408_RS14650
NZ_JAJFOJ010000002.1	350896	351252		plus	YraN family protein		75163452	protein-coding		WP_118125400.1	118	LK408_RS14655
NZ_JAJFOJ010000002.1	351257	352186		plus	peptidoglycan editing factor PgeF	pgeF	75163453	protein-coding		WP_007882021.1	309	LK408_RS14660
NZ_JAJFOJ010000002.1	352440	353474		plus	M42 family metallopeptidase		75163454	protein-coding		WP_007882030.1	344	LK408_RS14665
NZ_JAJFOJ010000002.1	353634	354008		plus	GntR family transcriptional regulator		75163455	protein-coding		WP_007882032.1	124	LK408_RS14670
NZ_JAJFOJ010000002.1	354005	354904		plus	ABC transporter ATP-binding protein		75163456	protein-coding		WP_007882034.1	299	LK408_RS14675
NZ_JAJFOJ010000002.1	354879	356858		plus	ABC transporter permease		75163457	protein-coding		WP_007882035.1	659	LK408_RS14680
NZ_JAJFOJ010000002.1	357032	358360		plus	ribosome biogenesis GTPase Der	der	75163458	protein-coding		WP_021923229.1	442	LK408_RS14685
NZ_JAJFOJ010000002.1	358357	359010		plus	glycerol-3-phosphate 1-O-acyltransferase PlsY	plsY	75163459	protein-coding		WP_007882037.1	217	LK408_RS14690
NZ_JAJFOJ010000002.1	359035	360048		plus	NAD(P)H-dependent glycerol-3-phosphate dehydrogenase		75163460	protein-coding		WP_007882038.1	337	LK408_RS14695
NZ_JAJFOJ010000002.1	360151	360588		plus	dUTP diphosphatase	dut	75163461	protein-coding		WP_007882039.1	145	LK408_RS14700
NZ_JAJFOJ010000002.1	360634	361275		plus	phosphoribosyltransferase		75163462	protein-coding		WP_055039234.1	213	LK408_RS14705
NZ_JAJFOJ010000002.1	361511	362623		plus	ABC transporter ATP-binding protein		75163463	protein-coding		WP_021923234.1	370	LK408_RS14710
NZ_JAJFOJ010000002.1	362795	363877		plus	PucR family transcriptional regulator		75163464	protein-coding		WP_044926664.1	360	LK408_RS14715
NZ_JAJFOJ010000002.1	363958	365874		plus	DNA gyrase/topoisomerase IV subunit B		75163465	protein-coding		WP_007882044.1	638	LK408_RS14720
NZ_JAJFOJ010000002.1	365971	368211		plus	DNA gyrase/topoisomerase IV subunit A		75163466	protein-coding		WP_007882049.1	746	LK408_RS14725
NZ_JAJFOJ010000002.1	368240	369598		plus	bifunctional folylpolyglutamate synthase/dihydrofolate synthase		75163467	protein-coding		WP_007882052.1	452	LK408_RS14730
NZ_JAJFOJ010000002.1	369675	370229		plus	GTP cyclohydrolase I FolE	folE	75163468	protein-coding		WP_007882056.1	184	LK408_RS14735
NZ_JAJFOJ010000002.1	370255	371064		plus	dihydropteroate synthase	folP	75163469	protein-coding		WP_007882058.1	269	LK408_RS14740
NZ_JAJFOJ010000002.1	371121	371972		plus	2-amino-4-hydroxy-6-hydroxymethyldihydropteridine diphosphokinase	folK	75163470	protein-coding		WP_007882059.1	283	LK408_RS14745
NZ_JAJFOJ010000002.1	371974	372633		plus	HAD hydrolase-like protein		75163471	protein-coding		WP_007882060.1	219	LK408_RS14750
NZ_JAJFOJ010000002.1	372647	373420		plus	CPBP family intramembrane glutamic endopeptidase		75163472	protein-coding		WP_007882061.1	257	LK408_RS14755
NZ_JAJFOJ010000002.1	373517	374236		plus	LytR/AlgR family response regulator transcription factor		75163473	protein-coding		WP_007882062.1	239	LK408_RS14760
NZ_JAJFOJ010000002.1	374428	375096		plus	hypothetical protein		75163474	protein-coding		WP_044926666.1	222	LK408_RS14765
NZ_JAJFOJ010000002.1	375145	375711		plus	hypothetical protein		75163475	protein-coding		WP_007882064.1	188	LK408_RS14770
NZ_JAJFOJ010000002.1	376249	380814		plus	glutamate synthase large subunit	gltB	75163476	protein-coding		WP_044926685.1	1521	LK408_RS14775
NZ_JAJFOJ010000002.1	380855	382348		plus	glutamate synthase subunit beta		75163477	protein-coding		WP_007882070.1	497	LK408_RS14780
NZ_JAJFOJ010000002.1	382851	383951		minus	IS701 family transposase		75163478	protein-coding		WP_007882076.1	366	LK408_RS14785
NZ_JAJFOJ010000002.1	384303	385760		plus	IS66 family transposase		75163479	protein-coding		WP_007882080.1	485	LK408_RS14790
NZ_JAJFOJ010000002.1	385888	386307		plus	RrF2 family transcriptional regulator		75163480	protein-coding		WP_007882084.1	139	LK408_RS14795
NZ_JAJFOJ010000002.1	386393	388306		plus	acyl-CoA dehydrogenase family protein		75163481	protein-coding		WP_007882085.1	637	LK408_RS14800
NZ_JAJFOJ010000002.1	388406	389635		plus	FprA family A-type flavoprotein		75163482	protein-coding		WP_007882086.1	409	LK408_RS14805
NZ_JAJFOJ010000002.1	390293	391135		plus	tyrosine-type recombinase/integrase		75163483	protein-coding		WP_015568042.1	280	LK408_RS14810
NZ_JAJFOJ010000002.1	391138	392313		plus	IS91 family transposase		75163484	protein-coding		WP_044926692.1	391	LK408_RS14815
NZ_JAJFOJ010000002.1	392786	393046		minus	Txe/YoeB family addiction module toxin		75163485	protein-coding		WP_007882092.1	86	LK408_RS14820
NZ_JAJFOJ010000002.1	393046	393312		minus	type II toxin-antitoxin system RelB/DinJ family antitoxin		75163486	protein-coding		WP_227970621.1	88	LK408_RS14825
NZ_JAJFOJ010000002.1	393542	393832		plus	hypothetical protein		75163487	protein-coding		WP_007882097.1	96	LK408_RS14830
NZ_JAJFOJ010000002.1	394001	394333		plus	nucleotidyltransferase domain-containing protein		75163488	protein-coding		WP_044926668.1	110	LK408_RS14835
NZ_JAJFOJ010000002.1	394323	394607		plus	HEPN domain-containing protein		75163489	protein-coding		WP_049887963.1	94	LK408_RS14840
NZ_JAJFOJ010000002.1	394740	395030		plus	hypothetical protein		75163490	protein-coding		WP_227970622.1	96	LK408_RS14845
NZ_JAJFOJ010000002.1	395093	395428		plus	hypothetical protein		75163491	protein-coding		WP_044926670.1	111	LK408_RS14850
NZ_JAJFOJ010000002.1	395756	396370		minus	flavin reductase family protein		75163492	protein-coding		WP_007882105.1	204	LK408_RS14855
NZ_JAJFOJ010000002.1	396443	396958		minus	DUF4364 family protein		75163493	protein-coding		WP_007882107.1	171	LK408_RS14860
NZ_JAJFOJ010000002.1	397246	398184		minus	TIGR01212 family radical SAM protein		75163494	protein-coding		WP_007882113.1	312	LK408_RS14865
NZ_JAJFOJ010000002.1	398187	399341		minus	NAD(P)-dependent malic enzyme		75163495	protein-coding		WP_007882116.1	384	LK408_RS14870
NZ_JAJFOJ010000002.1	399540	400961		plus	transcription termination factor Rho	rho	75163496	protein-coding		WP_007882122.1	473	LK408_RS14875
NZ_JAJFOJ010000002.1	401163	401366		plus	50S ribosomal protein L31	rpmE	75163497	protein-coding		WP_007882123.1	67	LK408_RS14880
NZ_JAJFOJ010000002.1	401456	402409		plus	DUF1385 domain-containing protein		75163498	protein-coding		WP_215678658.1	317	LK408_RS14885
NZ_JAJFOJ010000002.1	402427	403254		plus	peptide chain release factor N(5)-glutamine methyltransferase	prmC	75163499	protein-coding		WP_227970623.1	275	LK408_RS14890
NZ_JAJFOJ010000002.1	403360	404436		plus	peptide chain release factor 1	prfA	75163500	protein-coding		WP_007882128.1	358	LK408_RS14895
NZ_JAJFOJ010000002.1	404615	406138		plus	transposase		75163501	protein-coding		WP_265336106.1	507	LK408_RS14900
NZ_JAJFOJ010000002.1	406549	406899		plus	hypothetical protein		75163502	protein-coding		WP_007884854.1	116	LK408_RS14905
NZ_JAJFOJ010000002.1	406928	407563		plus	ribonuclease H1 domain-containing protein		75163503	protein-coding		WP_007884853.1	211	LK408_RS14910
NZ_JAJFOJ010000002.1	407799	409511		plus	methyl-accepting chemotaxis protein		75163504	protein-coding		WP_044927405.1	570	LK408_RS14915
NZ_JAJFOJ010000002.1	409583	411283		plus	GGDEF and EAL domain-containing protein		75163505	protein-coding		WP_007884847.1	566	LK408_RS14920
NZ_JAJFOJ010000002.1	411365	412729		plus	sensor domain-containing diguanylate cyclase		75163506	protein-coding		WP_007884846.1	454	LK408_RS14925
NZ_JAJFOJ010000002.1	412964	414760		plus	Na/Pi cotransporter family protein		75163507	protein-coding		WP_007884844.1	598	LK408_RS14930
NZ_JAJFOJ010000002.1	414963	418394		plus	helicase-exonuclease AddAB subunit AddB	addB	75163508	protein-coding		WP_007884841.1	1143	LK408_RS14935
NZ_JAJFOJ010000002.1	418413	422282		plus	helicase-exonuclease AddAB subunit AddA	addA	75163509	protein-coding		WP_227970625.1	1289	LK408_RS14940
NZ_JAJFOJ010000002.1	422432	424099		plus	AAA family ATPase		75163510	protein-coding		WP_044927403.1	555	LK408_RS14945
NZ_JAJFOJ010000002.1	424120	424746		plus	Maf family protein		75163511	protein-coding		WP_007884837.1	208	LK408_RS14950
NZ_JAJFOJ010000002.1	424848	425108		plus	hypothetical protein		75163512	protein-coding		WP_044927401.1	86	LK408_RS14955
NZ_JAJFOJ010000002.1	425332	426732		plus	NAD(P)/FAD-dependent oxidoreductase		75163513	protein-coding		WP_007884833.1	466	LK408_RS14960
NZ_JAJFOJ010000002.1	426733	427734		plus	peptidylprolyl isomerase		75163514	protein-coding		WP_007884831.1	333	LK408_RS14965
NZ_JAJFOJ010000002.1	427766	429106		plus	MATE family efflux transporter		75163515	protein-coding		WP_044927399.1	446	LK408_RS14970
NZ_JAJFOJ010000002.1	429188	430744		plus	ABC-F family ATP-binding cassette domain-containing protein		75163516	protein-coding		WP_055169063.1	518	LK408_RS14975
NZ_JAJFOJ010000002.1	430815	431111		minus	helix-turn-helix domain-containing protein		75163517	protein-coding		WP_007884814.1	98	LK408_RS14980
NZ_JAJFOJ010000002.1	431274	432716		plus	RodZ family helix-turn-helix domain-containing protein		75163518	protein-coding		WP_227970626.1	480	LK408_RS14985
NZ_JAJFOJ010000002.1	432896	434062		plus	FprA family A-type flavoprotein		75163519	protein-coding		WP_007884810.1	388	LK408_RS14990
NZ_JAJFOJ010000002.1	434173	434625		plus	transcriptional regulator NrdR	nrdR	75163520	protein-coding		WP_007884809.1	150	LK408_RS14995
NZ_JAJFOJ010000002.1	434741	435148		plus	hypothetical protein		75163521	protein-coding		WP_007884808.1	135	LK408_RS15000
NZ_JAJFOJ010000002.1	435221	435730		plus	YqeG family HAD IIIA-type phosphatase		75163522	protein-coding		WP_007884807.1	169	LK408_RS15005
NZ_JAJFOJ010000002.1	435778	436221		plus	ribose 5-phosphate isomerase B	rpiB	75163523	protein-coding		WP_007884806.1	147	LK408_RS15010
NZ_JAJFOJ010000002.1	436365	436922		plus	elongation factor P	efp	75163524	protein-coding		WP_007884803.1	185	LK408_RS15015
NZ_JAJFOJ010000002.1	437485	438768		plus	group II intron reverse transcriptase/maturase	ltrA	75163525	protein-coding		WP_227970627.1	427	LK408_RS15020
NZ_JAJFOJ010000002.1	439066	440208		plus	N-acetylglucosamine-6-phosphate deacetylase	nagA	75163526	protein-coding		WP_007890972.1	380	LK408_RS15025
NZ_JAJFOJ010000002.1	440255	441574		minus	polysaccharide biosynthesis protein		75163527	protein-coding		WP_044929063.1	439	LK408_RS15030
NZ_JAJFOJ010000002.1	441669	442811		plus	cysteine desulfurase family protein		75163528	protein-coding		WP_044929066.1	380	LK408_RS15035
NZ_JAJFOJ010000002.1	443609	444898		plus	group II intron reverse transcriptase/maturase	ltrA	75163529	protein-coding		WP_117534911.1	429	LK408_RS15040
NZ_JAJFOJ010000002.1	445464	446882		minus	glucuronate isomerase	uxaC	75163530	protein-coding		WP_227970628.1	472	LK408_RS15045
NZ_JAJFOJ010000002.1	446902	447912		minus	LacI family DNA-binding transcriptional regulator		75163531	protein-coding		WP_044927098.1	336	LK408_RS15050
NZ_JAJFOJ010000002.1	448288	449664		plus	phosphopyruvate hydratase	eno	75163532	protein-coding		WP_007883347.1	458	LK408_RS15055
NZ_JAJFOJ010000002.1	449669	450733		minus	type IV pilus twitching motility protein PilT		75163533	protein-coding		WP_044927097.1	354	LK408_RS15060
NZ_JAJFOJ010000002.1	450759	451271		minus	hypothetical protein		75163534	protein-coding		WP_227970629.1	170	LK408_RS15065
NZ_JAJFOJ010000002.1	451264	451722		minus	hypothetical protein		75163535	protein-coding		WP_049887974.1	152	LK408_RS15070
NZ_JAJFOJ010000002.1	451741	452232		minus	DUF4860 domain-containing protein		75163536	protein-coding		WP_044927090.1	163	LK408_RS15075
NZ_JAJFOJ010000002.1	452237	452560		minus	hypothetical protein		75163537	protein-coding		WP_227970630.1	107	LK408_RS15080
NZ_JAJFOJ010000002.1	452588	453616		minus	type II secretion system F family protein		75163538	protein-coding		WP_227970631.1	342	LK408_RS15085
NZ_JAJFOJ010000002.1	453634	454605		minus	transglutaminase-like domain-containing protein		75163539	protein-coding		WP_044927088.1	323	LK408_RS15090
NZ_JAJFOJ010000002.1	454866	455672		plus	AfsR/SARP family transcriptional regulator		75163540	protein-coding		WP_007883331.1	268	LK408_RS15095
NZ_JAJFOJ010000002.1	455736	456104		plus	diguanylate cyclase domain-containing protein		75163541	protein-coding		WP_172727040.1	122	LK408_RS15100
NZ_JAJFOJ010000002.1	456120	456560		plus	hypothetical protein		75163542	protein-coding		WP_007883329.1	146	LK408_RS15105
NZ_JAJFOJ010000002.1	456617	456793		plus	hypothetical protein		75163543	protein-coding		WP_021922535.1	58	LK408_RS15110
NZ_JAJFOJ010000002.1	456859	457098		plus	preprotein translocase subunit SecG	secG	75163544	protein-coding		WP_007883327.1	79	LK408_RS15115
NZ_JAJFOJ010000002.1	457198	459384		plus	ribonuclease R	rnr	75163545	protein-coding		WP_007883324.1	728	LK408_RS15120
NZ_JAJFOJ010000002.1	459476	459943		plus	SsrA-binding protein SmpB	smpB	75163546	protein-coding		WP_007883322.1	155	LK408_RS15125
NZ_JAJFOJ010000002.1	460007	460348		plus	transfer-messenger RNA	ssrA	75163547	other				LK408_RS15130
NZ_JAJFOJ010000002.1	460570	461271		plus	phage minor capsid protein		75163548	protein-coding		WP_227970780.1	233	LK408_RS15135
NZ_JAJFOJ010000002.1	461272	461508		plus	hypothetical protein		75163549	protein-coding		WP_007883317.1	78	LK408_RS15140
NZ_JAJFOJ010000002.1	461572	461772		plus	cysteine-rich KTR domain-containing protein		88554024	protein-coding		WP_156333902.1	66	LK408_RS20625
NZ_JAJFOJ010000002.1	462224	463387		plus	ImmA/IrrE family metallo-endopeptidase		75163551	protein-coding		WP_007883316.1	387	LK408_RS15150
NZ_JAJFOJ010000002.1	463381	463521		plus	DUF4411 family protein		75163552	protein-coding		WP_007883315.1	46	LK408_RS15155
NZ_JAJFOJ010000002.1	463684	465033		plus	sensor domain-containing diguanylate cyclase		75163553	protein-coding		WP_227970632.1	449	LK408_RS15160
NZ_JAJFOJ010000002.1	465483	467015		plus	16S ribosomal RNA		75163554	rRNA				LK408_RS15165
NZ_JAJFOJ010000002.1	467219	467336		plus	5S ribosomal RNA	rrf	75163555	rRNA				LK408_RS15170
NZ_JAJFOJ010000002.1	467597	470491		plus	23S ribosomal RNA		75163556	rRNA				LK408_RS15175
NZ_JAJFOJ010000002.1	470689	470763		plus	tRNA-Pro		75163557	tRNA				LK408_RS15180
NZ_JAJFOJ010000002.1	470771	470841		plus	tRNA-Gly		75163558	tRNA				LK408_RS15185
NZ_JAJFOJ010000002.1	471011	472306		plus	putative ABC transporter permease		75163559	protein-coding		WP_007885709.1	431	LK408_RS15190
NZ_JAJFOJ010000002.1	472318	473340		plus	molybdopterin-binding protein		75163560	protein-coding		WP_007885708.1	340	LK408_RS15195
NZ_JAJFOJ010000002.1	473347	473838		plus	cyclic pyranopterin monophosphate synthase MoaC	moaC	75163561	protein-coding		WP_007885707.1	163	LK408_RS15200
NZ_JAJFOJ010000002.1	473832	474833		plus	GTP 3',8-cyclase MoaA	moaA	75163562	protein-coding		WP_044927516.1	333	LK408_RS15205
NZ_JAJFOJ010000002.1	474881	475795		plus	MOSC domain-containing protein		75163563	protein-coding		WP_227970633.1	304	LK408_RS15210
NZ_JAJFOJ010000002.1	475867	476736		plus	molybdate ABC transporter substrate-binding protein	modA	75163564	protein-coding		WP_044927515.1	289	LK408_RS15215
NZ_JAJFOJ010000002.1	476767	477426		plus	molybdate ABC transporter permease subunit	modB	75163565	protein-coding		WP_007885702.1	219	LK408_RS15220
NZ_JAJFOJ010000002.1	477423	478481		plus	sulfate/molybdate ABC transporter ATP-binding protein		75163566	protein-coding		WP_007885701.1	352	LK408_RS15225
NZ_JAJFOJ010000002.1	478562	479215		plus	hypothetical protein		75163567	protein-coding		WP_044927514.1	217	LK408_RS15230
NZ_JAJFOJ010000002.1	479261	479944		plus	response regulator transcription factor		75163568	protein-coding		WP_007885694.1	227	LK408_RS15235
NZ_JAJFOJ010000002.1	479999	481525		plus	sensor histidine kinase		75163569	protein-coding		WP_007885690.1	508	LK408_RS15240
NZ_JAJFOJ010000002.1	481522	482205		plus	DUF5067 domain-containing protein		75163570	protein-coding		WP_007885682.1	227	LK408_RS15245
NZ_JAJFOJ010000002.1	482432	483337		plus	chemotaxis protein		75163571	protein-coding		WP_007885681.1	301	LK408_RS15250
NZ_JAJFOJ010000002.1	483440	484906		plus	hypothetical protein		75163572	protein-coding		WP_055040212.1	488	LK408_RS15255
NZ_JAJFOJ010000002.1	484903	485508		plus	imidazole glycerol phosphate synthase subunit HisH	hisH	75163573	protein-coding		WP_007885679.1	201	LK408_RS15260
NZ_JAJFOJ010000002.1	485520	486281		plus	imidazole glycerol phosphate synthase subunit HisF	hisF	75163574	protein-coding		WP_007885678.1	253	LK408_RS15265
NZ_JAJFOJ010000002.1	486354	487031		plus	uracil-DNA glycosylase		75163575	protein-coding		WP_044927526.1	225	LK408_RS15270
NZ_JAJFOJ010000002.1	487372	488154		plus	flagellar filament capping protein FliD	fliD	75163576	protein-coding		WP_172727077.1	260	LK408_RS15275
NZ_JAJFOJ010000002.1	488249	489325		plus	tRNA 2-thiouridine(34) synthase MnmA	mnmA	75163577	protein-coding		WP_007885675.1	358	LK408_RS15280
NZ_JAJFOJ010000002.1	489381	490796		plus	LuxR C-terminal-related transcriptional regulator		75163578	protein-coding		WP_227970634.1	471	LK408_RS15285
NZ_JAJFOJ010000002.1	490878	491183		plus	hypothetical protein		75163579	protein-coding		WP_007885671.1	101	LK408_RS15290
NZ_JAJFOJ010000002.1	491306	493513		plus	InlB B-repeat-containing protein		75163580	protein-coding		WP_227970635.1	735	LK408_RS15295
NZ_JAJFOJ010000002.1	493640	494395		minus	exodeoxyribonuclease III		75163581	protein-coding		WP_044927525.1	251	LK408_RS15300
NZ_JAJFOJ010000002.1	495218	497335		minus	molecular chaperone HtpG	htpG	75163582	protein-coding		WP_227970636.1	705	LK408_RS15305
NZ_JAJFOJ010000002.1	497615	500365		plus	hypothetical protein		75163583	protein-coding		WP_227970637.1	916	LK408_RS15310
NZ_JAJFOJ010000002.1	500417	501262		plus	delta-lactam-biosynthetic de-N-acetylase		75163584	protein-coding		WP_007885656.1	281	LK408_RS15315
NZ_JAJFOJ010000002.1	501378	503417		plus	methyl-accepting chemotaxis protein		75163585	protein-coding		WP_044927512.1	679	LK408_RS15320
NZ_JAJFOJ010000002.1	503645	504349		plus	LytR/AlgR family response regulator transcription factor		75163586	protein-coding		WP_007885653.1	234	LK408_RS15325
NZ_JAJFOJ010000002.1	504352	505617		plus	ATP-binding protein		75163587	protein-coding		WP_055039589.1	421	LK408_RS15330
NZ_JAJFOJ010000002.1	505841	507763		plus	glycoside hydrolase family 2 protein		75163588	protein-coding		WP_007885648.1	640	LK408_RS15335
NZ_JAJFOJ010000002.1	507797	509359		plus	MFS transporter		75163589	protein-coding		WP_007885646.1	520	LK408_RS15340
NZ_JAJFOJ010000002.1	509436	511118		plus	AAA family ATPase		75163590	protein-coding		WP_007885644.1	560	LK408_RS15345
NZ_JAJFOJ010000002.1	511304	511561		plus	hypothetical protein		75163591	protein-coding		WP_007885642.1	85	LK408_RS15350
NZ_JAJFOJ010000002.1	511653	512021		plus	hypothetical protein		75163592	protein-coding		WP_007885640.1	122	LK408_RS15355
NZ_JAJFOJ010000002.1	512230	515235		plus	beta-glucosidase		75163593	protein-coding		WP_007885638.1	1001	LK408_RS15360
NZ_JAJFOJ010000002.1	515495	515707		plus	FeoA family protein		75163594	protein-coding		WP_007885636.1	70	LK408_RS15365
NZ_JAJFOJ010000002.1	515797	516015		plus	FeoA family protein		75163595	protein-coding		WP_007885634.1	72	LK408_RS15370
NZ_JAJFOJ010000002.1	516164	518320		plus	ferrous iron transport protein B	feoB	75163596	protein-coding		WP_044927511.1	718	LK408_RS15375
NZ_JAJFOJ010000002.1	518390	518521		plus	FeoB-associated Cys-rich membrane protein		75163597	protein-coding		WP_007885627.1	43	LK408_RS15380
NZ_JAJFOJ010000002.1	518602	519069		plus	Fur family transcriptional regulator		75163598	protein-coding		WP_044927521.1	155	LK408_RS15385
NZ_JAJFOJ010000002.1	519279	520301		plus	peptidyl-prolyl cis-trans isomerase		75163599	protein-coding		WP_007885623.1	340	LK408_RS15390
NZ_JAJFOJ010000002.1	520312	522897		plus	discoidin domain-containing protein		75163600	protein-coding		WP_055039584.1	861	LK408_RS15395
NZ_JAJFOJ010000002.1	522978	524573		minus	response regulator		75163601	protein-coding		WP_007885621.1	531	LK408_RS15400
NZ_JAJFOJ010000002.1	524575	526365		minus	cache domain-containing sensor histidine kinase		75163602	protein-coding		WP_007885620.1	596	LK408_RS15405
NZ_JAJFOJ010000002.1	526557	527969		plus	carbohydrate ABC transporter substrate-binding protein		75163603	protein-coding		WP_007885619.1	470	LK408_RS15410
NZ_JAJFOJ010000002.1	528050	528961		plus	carbohydrate ABC transporter permease		75163604	protein-coding		WP_215678339.1	303	LK408_RS15415
NZ_JAJFOJ010000002.1	528977	529831		plus	carbohydrate ABC transporter permease		75163605	protein-coding		WP_007885608.1	284	LK408_RS15420
NZ_JAJFOJ010000002.1	529879	531297		plus	alpha-L-fucosidase		75163606	protein-coding		WP_055039581.1	472	LK408_RS15425
NZ_JAJFOJ010000002.1	531330	533552		plus	glycosyl hydrolase family 95 catalytic domain-containing protein		75163607	protein-coding		WP_055039580.1	740	LK408_RS15430
NZ_JAJFOJ010000002.1	533564	535732		plus	1,3-beta-galactosyl-N-acetylhexosamine phosphorylase	gnpA	75163608	protein-coding		WP_007885595.1	722	LK408_RS15435
NZ_JAJFOJ010000002.1	535752	537758		plus	phosphotransferase		86263566	protein-coding		WP_081453891.1	668	LK408_RS20300
NZ_JAJFOJ010000002.1	537838	538401		minus	transcription repressor NadR		75163611	protein-coding		WP_007885591.1	187	LK408_RS15450
NZ_JAJFOJ010000002.1	538417	539271		minus	carboxylating nicotinate-nucleotide diphosphorylase	nadC	75163612	protein-coding		WP_021923519.1	284	LK408_RS15455
NZ_JAJFOJ010000002.1	539273	540439		minus	L-aspartate oxidase		75163613	protein-coding		WP_007885588.1	388	LK408_RS15460
NZ_JAJFOJ010000002.1	540709	541623		plus	quinolinate synthase NadA	nadA	75163614	protein-coding		WP_021923521.1	304	LK408_RS15465
NZ_JAJFOJ010000002.1	541997	542926		plus	RpnC/YadD family protein		75163615	protein-coding		WP_007885586.1	309	LK408_RS15470
NZ_JAJFOJ010000002.1	542993	543442		plus	hypothetical protein		75163616	protein-coding		WP_007885585.1	149	LK408_RS15475
NZ_JAJFOJ010000002.1	543459	544805		plus	MATE family efflux transporter		75163617	protein-coding		WP_007885583.1	448	LK408_RS15480
NZ_JAJFOJ010000002.1	544914	545504		plus	DUF3793 family protein		75163618	protein-coding		WP_007885580.1	196	LK408_RS15485
NZ_JAJFOJ010000002.1	545620	546051		plus	flavodoxin		75163619	protein-coding		WP_021923525.1	143	LK408_RS15490
NZ_JAJFOJ010000002.1	546083	546361		plus	DUF2325 domain-containing protein		75163620	protein-coding		WP_007885578.1	92	LK408_RS15495
NZ_JAJFOJ010000002.1	546381	547721		minus	threonine/serine exporter family protein		75163621	protein-coding		WP_118092742.1	446	LK408_RS15500
NZ_JAJFOJ010000002.1	547708	548469		minus	DUF4866 domain-containing protein		75163622	protein-coding		WP_007885574.1	253	LK408_RS15505
NZ_JAJFOJ010000002.1	548584	549489		plus	LysR family transcriptional regulator		75163623	protein-coding		WP_007885567.1	301	LK408_RS15510
NZ_JAJFOJ010000002.1	549967	550446		plus	hypothetical protein		75163624	protein-coding		WP_007885563.1	159	LK408_RS15515
NZ_JAJFOJ010000002.1	550443	551594		plus	ABC transporter substrate-binding protein		75163625	protein-coding		WP_007885561.1	383	LK408_RS15520
NZ_JAJFOJ010000002.1	551563	552597		plus	FecCD family ABC transporter permease		75163626	protein-coding		WP_181976189.1	344	LK408_RS15525
NZ_JAJFOJ010000002.1	552684	553796		plus	ABC transporter ATP-binding protein		75163627	protein-coding		WP_044927507.1	370	LK408_RS15530
NZ_JAJFOJ010000002.1	553784	555373		plus	cobyric acid synthase		75163628	protein-coding		WP_007885547.1	529	LK408_RS15535
NZ_JAJFOJ010000002.1	555449	556489		plus	nicotinate-nucleotide--dimethylbenzimidazole phosphoribosyltransferase	cobT	75163629	protein-coding		WP_227970638.1	346	LK408_RS15540
NZ_JAJFOJ010000002.1	556544	557128		plus	bifunctional adenosylcobinamide kinase/adenosylcobinamide-phosphate guanylyltransferase		75163630	protein-coding		WP_007885533.1	194	LK408_RS15545
NZ_JAJFOJ010000002.1	557133	557897		plus	adenosylcobinamide-GDP ribazoletransferase		75163631	protein-coding		WP_007885532.1	254	LK408_RS15550
NZ_JAJFOJ010000002.1	557935	558267		plus	bifunctional adenosylcobinamide kinase/adenosylcobinamide-phosphate guanylyltransferase		75163632	protein-coding		WP_007885530.1	110	LK408_RS15555
NZ_JAJFOJ010000002.1	558240	558947		plus	histidine phosphatase family protein		75163633	protein-coding		WP_007885526.1	235	LK408_RS15560
NZ_JAJFOJ010000002.1	558968	559954		plus	adenosylcobinamide-phosphate synthase CbiB	cbiB	75163634	protein-coding		WP_007885525.1	328	LK408_RS15565
NZ_JAJFOJ010000002.1	560211	561278		plus	pyridoxal phosphate-dependent aminotransferase		75163635	protein-coding		WP_044927506.1	355	LK408_RS15570
NZ_JAJFOJ010000002.1	561501	562142		plus	precorrin-8X methylmutase		75163636	protein-coding		WP_007885523.1	213	LK408_RS15575
NZ_JAJFOJ010000002.1	562224	563387		plus	cobalt-precorrin-5B (C(1))-methyltransferase CbiD	cbiD	75163637	protein-coding		WP_044927517.1	387	LK408_RS15580
NZ_JAJFOJ010000002.1	563638	564411		plus	precorrin-4 C(11)-methyltransferase	cobM	75163638	protein-coding		WP_007885517.1	257	LK408_RS15585
NZ_JAJFOJ010000002.1	564408	565367		plus	cobalt-precorrin 5A hydrolase		75163639	protein-coding		WP_007885515.1	319	LK408_RS15590
NZ_JAJFOJ010000002.1	565357	566106		plus	precorrin-3B C(17)-methyltransferase	cobJ	75163640	protein-coding		WP_007885514.1	249	LK408_RS15595
NZ_JAJFOJ010000002.1	566163	568211		plus	precorrin-6A reductase	cobK	75163641	protein-coding		WP_227970639.1	682	LK408_RS15600
NZ_JAJFOJ010000002.1	568212	569738		plus	cobyrinate a,c-diamide synthase		75163642	protein-coding		WP_227970640.1	508	LK408_RS15605
NZ_JAJFOJ010000002.1	570245	571861		plus	sirohydrochlorin cobaltochelatase		75163643	protein-coding		WP_044927505.1	538	LK408_RS15610
NZ_JAJFOJ010000002.1	572266	573813		plus	Y-family DNA polymerase		75163644	protein-coding		WP_007885496.1	515	LK408_RS15615
NZ_JAJFOJ010000002.1	573806	574216		plus	hypothetical protein		75163645	protein-coding		WP_007885494.1	136	LK408_RS15620
NZ_JAJFOJ010000002.1	574460	575116		plus	DUF3990 domain-containing protein		75163646	protein-coding		WP_007885493.1	218	LK408_RS15625
NZ_JAJFOJ010000002.1	575121	575537		plus	hypothetical protein		75163647	protein-coding		WP_227970641.1	138	LK408_RS15630
NZ_JAJFOJ010000002.1	575631	576008		plus	hypothetical protein		75163648	protein-coding		WP_007885490.1	125	LK408_RS15635
NZ_JAJFOJ010000002.1	576044	579058		plus	DEAD/DEAH box helicase family protein		75163649	protein-coding		WP_227970642.1	1004	LK408_RS15640
NZ_JAJFOJ010000002.1	579058	580707		plus	HsdM family class I SAM-dependent methyltransferase		75163650	protein-coding		WP_007885486.1	549	LK408_RS15645
NZ_JAJFOJ010000002.1	580688	581878		plus	restriction endonuclease subunit S		75163651	protein-coding		WP_227970643.1	396	LK408_RS15650
NZ_JAJFOJ010000002.1	581984	582970		plus	site-specific tyrosine recombinase/integron integrase	xerA	75163652	protein-coding		WP_009860960.1	328	LK408_RS15655
NZ_JAJFOJ010000002.1	582986	583543		plus	restriction endonuclease subunit S		75163653	protein-coding		WP_227970644.1	185	LK408_RS15660
NZ_JAJFOJ010000002.1	583522	584148		minus	restriction endonuclease subunit S		75163654	protein-coding		WP_227970645.1	208	LK408_RS15665
NZ_JAJFOJ010000002.1	584497	585426		plus	ABC transporter ATP-binding protein		75163655	protein-coding		WP_009861050.1	309	LK408_RS15670
NZ_JAJFOJ010000002.1	585423	586328		plus	ABC transporter permease		75163656	protein-coding		WP_009861049.1	301	LK408_RS15675
NZ_JAJFOJ010000002.1	586400	586837		plus	LytTR family DNA-binding domain-containing protein		75163657	protein-coding		WP_009861048.1	145	LK408_RS15680
NZ_JAJFOJ010000002.1	586853	587296		plus	DUF3021 family protein		75163658	protein-coding		WP_009861047.1	147	LK408_RS15685
NZ_JAJFOJ010000002.1	587337	587732		plus	C-GCAxxG-C-C family protein		75163659	protein-coding		WP_009861046.1	131	LK408_RS15690
NZ_JAJFOJ010000002.1	587804	588442		minus	hypothetical protein		75163660	protein-coding		WP_009861045.1	212	LK408_RS15695
NZ_JAJFOJ010000002.1	588432	588719		minus	cysteine-rich small domain-containing protein		75163661	protein-coding		WP_009861044.1	95	LK408_RS15700
NZ_JAJFOJ010000002.1	588823	590391		plus	Y-family DNA polymerase		75163662	protein-coding		WP_009861043.1	522	LK408_RS15705
NZ_JAJFOJ010000002.1	590528	590941		plus	hypothetical protein		75163663	protein-coding		WP_009861042.1	137	LK408_RS15710
NZ_JAJFOJ010000002.1	591045	592367		plus	PD-(D/E)XK nuclease domain-containing protein		75163664	protein-coding		WP_227970646.1	440	LK408_RS15715
NZ_JAJFOJ010000002.1	592506	593084		plus	HDIG domain-containing metalloprotein		75163665	protein-coding		WP_009861040.1	192	LK408_RS15720
NZ_JAJFOJ010000002.1	593124	593972		minus	DegV family protein		75163666	protein-coding		WP_118585682.1	282	LK408_RS15725
NZ_JAJFOJ010000002.1	594128	594388		plus	hypothetical protein		75163667	protein-coding		WP_147334806.1	86	LK408_RS15730
NZ_JAJFOJ010000002.1	594701	595075		plus	GntR family transcriptional regulator		75163668	protein-coding		WP_021923187.1	124	LK408_RS15735
NZ_JAJFOJ010000002.1	595196	596044		plus	ABC transporter ATP-binding protein		75163669	protein-coding		WP_227970647.1	282	LK408_RS15740
NZ_JAJFOJ010000002.1	596044	596691		plus	ABC-2 transporter permease		75163670	protein-coding		WP_009861033.1	215	LK408_RS15745
NZ_JAJFOJ010000002.1	596771	598375		plus	AAA family ATPase		75163671	protein-coding		WP_044928825.1	534	LK408_RS15750
NZ_JAJFOJ010000002.1	598393	599076		plus	DNA alkylation repair protein		75163672	protein-coding		WP_044928839.1	227	LK408_RS15755
NZ_JAJFOJ010000002.1	599236	599847		plus	SAM-dependent methyltransferase		75163673	protein-coding		WP_009861029.1	203	LK408_RS15760
NZ_JAJFOJ010000002.1	600021	600353		plus	cation:proton antiporter domain-containing protein		97128128	protein-coding		WP_009861028.1	110	LK408_RS20710
NZ_JAJFOJ010000002.1	600316	600765		plus	hypothetical protein		97128129	protein-coding		WP_009861027.1	149	LK408_RS20715
NZ_JAJFOJ010000002.1	600846	601355		plus	GNAT family N-acetyltransferase		75163675	protein-coding		WP_009861026.1	169	LK408_RS15770
NZ_JAJFOJ010000002.1	601364	601906		plus	GNAT family N-acetyltransferase		75163676	protein-coding		WP_009861025.1	180	LK408_RS15775
NZ_JAJFOJ010000002.1	601921	602379		plus	GNAT family N-acetyltransferase		75163677	protein-coding		WP_009861024.1	152	LK408_RS15780
NZ_JAJFOJ010000002.1	602455	604476		plus	AAA family ATPase		75163678	protein-coding		WP_227970648.1	673	LK408_RS15785
NZ_JAJFOJ010000002.1	604551	606191		minus	ABC-F family ATP-binding cassette domain-containing protein		75163679	protein-coding		WP_009861021.1	546	LK408_RS15790
NZ_JAJFOJ010000002.1	606380	609556		plus	bifunctional diguanylate cyclase/phosphodiesterase		75163680	protein-coding		WP_227970649.1	1058	LK408_RS15795
NZ_JAJFOJ010000002.1	609763	613308		plus	pyruvate:ferredoxin (flavodoxin) oxidoreductase	nifJ	75163681	protein-coding		WP_009861018.1	1181	LK408_RS15800
NZ_JAJFOJ010000002.1	613536	614276		plus	copper homeostasis protein CutC		75163682	protein-coding		WP_009861017.1	246	LK408_RS15805
NZ_JAJFOJ010000002.1	614446	616065		plus	phosphoenolpyruvate--protein phosphotransferase	ptsP	75163683	protein-coding		WP_021923200.1	539	LK408_RS15810
NZ_JAJFOJ010000002.1	616086	616343		plus	HPr family phosphocarrier protein		75163684	protein-coding		WP_044928818.1	85	LK408_RS15815
NZ_JAJFOJ010000002.1	616629	617462		plus	BglG family transcription antiterminator LicT	licT	75163685	protein-coding		WP_009861014.1	277	LK408_RS15820
NZ_JAJFOJ010000002.1	617495	617977		plus	PTS sugar transporter subunit IIA		75163686	protein-coding		WP_009861013.1	160	LK408_RS15825
NZ_JAJFOJ010000002.1	618081	619550		plus	PTS transporter subunit EIIC		75163687	protein-coding		WP_217284425.1	489	LK408_RS15830
NZ_JAJFOJ010000002.1	619786	620649		plus	hypothetical protein		75163688	protein-coding		WP_227970650.1	287	LK408_RS15835
NZ_JAJFOJ010000002.1	620665	622320		plus	putative manganese-dependent inorganic diphosphatase		75163689	protein-coding		WP_227970651.1	551	LK408_RS15840
NZ_JAJFOJ010000002.1	622361	623212		minus	AraC family transcriptional regulator		75163690	protein-coding		WP_118203749.1	283	LK408_RS15845
NZ_JAJFOJ010000002.1	623497	624681		plus	trans-sulfuration enzyme family protein		75163691	protein-coding		WP_055039531.1	394	LK408_RS15850
NZ_JAJFOJ010000002.1	624769	625620		plus	diaminopimelate epimerase	dapF	75163692	protein-coding		WP_009861002.1	283	LK408_RS15855
NZ_JAJFOJ010000002.1	625732	627213		plus	UDP-N-acetylmuramoyl-L-alanyl-D-glutamate--2,6-diaminopimelate ligase		75163693	protein-coding		WP_009861001.1	493	LK408_RS15860
NZ_JAJFOJ010000002.1	627548	628009		plus	hypothetical protein		75163694	protein-coding		WP_172727170.1	153	LK408_RS15865
NZ_JAJFOJ010000002.1	628073	629875		plus	helix-turn-helix domain-containing protein		75163695	protein-coding		WP_044928817.1	600	LK408_RS15870
NZ_JAJFOJ010000002.1	630918	631556		plus	hypothetical protein		75163696	protein-coding		WP_009860997.1	212	LK408_RS15875
NZ_JAJFOJ010000002.1	631670	632185		plus	hypothetical protein		75163697	protein-coding		WP_009860995.1	171	LK408_RS15880
NZ_JAJFOJ010000002.1	632297	633871		plus	ABC transporter substrate-binding protein		75163698	protein-coding		WP_009860994.1	524	LK408_RS15885
NZ_JAJFOJ010000002.1	633926	634888		plus	ABC transporter permease		75163699	protein-coding		WP_227970652.1	320	LK408_RS15890
NZ_JAJFOJ010000002.1	634972	635796		plus	ABC transporter permease		75163700	protein-coding		WP_044928836.1	274	LK408_RS15895
NZ_JAJFOJ010000002.1	635838	637427		plus	dipeptide ABC transporter ATP-binding protein		75163701	protein-coding		WP_227970653.1	529	LK408_RS15900
NZ_JAJFOJ010000002.1	637565	639376		plus	translation elongation factor 4	lepA	75163702	protein-coding		WP_009860987.1	603	LK408_RS15905
NZ_JAJFOJ010000002.1	639372	640625		plus	radical SAM family heme chaperone HemW	hemW	75163703	protein-coding		WP_044928811.1	417	LK408_RS15910
NZ_JAJFOJ010000002.1	640640	641341		plus	GNAT family N-acetyltransferase		75163704	protein-coding		WP_009860985.1	233	LK408_RS15915
NZ_JAJFOJ010000002.1	641348	641509		plus	hypothetical protein		75163705	protein-coding		WP_009860984.1	53	LK408_RS15920
NZ_JAJFOJ010000002.1	641612	643423		plus	hypothetical protein		75163706	protein-coding		WP_147335132.1	603	LK408_RS15925
NZ_JAJFOJ010000002.1	643523	646246		plus	GH36-type glycosyl hydrolase domain-containing protein		75163707	protein-coding		WP_009860981.1	907	LK408_RS15930
NZ_JAJFOJ010000002.1	646278	649439		plus	hypothetical protein		75163708	protein-coding		WP_227970654.1	1053	LK408_RS15935
NZ_JAJFOJ010000002.1	649749	651152		plus	ABC transporter substrate-binding protein		75163709	protein-coding		WP_009860979.1	467	LK408_RS15940
NZ_JAJFOJ010000002.1	651281	652255		plus	carbohydrate ABC transporter permease		75163710	protein-coding		WP_009860978.1	324	LK408_RS15945
NZ_JAJFOJ010000002.1	652267	653103		plus	carbohydrate ABC transporter permease		75163711	protein-coding		WP_009860977.1	278	LK408_RS15950
NZ_JAJFOJ010000002.1	653328	653549		plus	hypothetical protein		75163712	protein-coding		WP_227970655.1	73	LK408_RS15955
NZ_JAJFOJ010000002.1	653589	654992		plus	extracellular solute-binding protein		75163713	protein-coding		WP_227970781.1	467	LK408_RS15960
NZ_JAJFOJ010000002.1	654989	656806		plus	sensor histidine kinase		75163714	protein-coding		WP_227970656.1	605	LK408_RS15965
NZ_JAJFOJ010000002.1	656872	658347		plus	response regulator transcription factor		75163715	protein-coding		WP_009860972.1	491	LK408_RS15970
NZ_JAJFOJ010000002.1	658329	660248		minus	substrate-binding and GGDEF domain-containing protein		75163716	protein-coding		WP_055167721.1	639	LK408_RS15975
NZ_JAJFOJ010000002.1	660377	661225		plus	NAD(+) diphosphatase	nudC	75163717	protein-coding		WP_009860968.1	282	LK408_RS15980
NZ_JAJFOJ010000002.1	661402	662895		plus	efflux RND transporter periplasmic adaptor subunit		75163718	protein-coding		WP_227970657.1	497	LK408_RS15985
NZ_JAJFOJ010000002.1	662892	663596		plus	ABC transporter ATP-binding protein		75163719	protein-coding		WP_009860965.1	234	LK408_RS15990
NZ_JAJFOJ010000002.1	663596	664918		plus	ABC transporter permease		75163720	protein-coding		WP_009860964.1	440	LK408_RS15995
NZ_JAJFOJ010000002.1	665745	666047		minus	nitroreductase family protein		75163721	protein-coding		WP_007884136.1	100	LK408_RS16000
NZ_JAJFOJ010000002.1	666061	667293		minus	ATP-binding protein		75163722	protein-coding		WP_044927247.1	410	LK408_RS16005
NZ_JAJFOJ010000002.1	667535	668197		plus	response regulator transcription factor		75163723	protein-coding		WP_007884128.1	220	LK408_RS16010
NZ_JAJFOJ010000002.1	668187	669011		plus	sensor histidine kinase		75163724	protein-coding		WP_007884126.1	274	LK408_RS16015
NZ_JAJFOJ010000002.1	669374	670054		plus	ABC transporter ATP-binding protein		75163725	protein-coding		WP_044927244.1	226	LK408_RS16020
NZ_JAJFOJ010000002.1	670054	672042		plus	ABC transporter permease		75163726	protein-coding		WP_227970658.1	662	LK408_RS16025
NZ_JAJFOJ010000002.1	672157	672489		minus	hypothetical protein		75163727	protein-coding		WP_007884121.1	110	LK408_RS16030
NZ_JAJFOJ010000002.1	672888	673940		plus	heat-inducible transcriptional repressor HrcA	hrcA	75163728	protein-coding		WP_007884120.1	350	LK408_RS16035
NZ_JAJFOJ010000002.1	673956	674618		plus	nucleotide exchange factor GrpE	grpE	75163729	protein-coding		WP_055302448.1	220	LK408_RS16040
NZ_JAJFOJ010000002.1	674633	676516		plus	molecular chaperone DnaK	dnaK	75163730	protein-coding		WP_007884108.1	627	LK408_RS16045
NZ_JAJFOJ010000002.1	676679	677863		plus	molecular chaperone DnaJ	dnaJ	75163731	protein-coding		WP_007884107.1	394	LK408_RS16050
NZ_JAJFOJ010000002.1	678000	678479		minus	S-ribosylhomocysteine lyase		75163732	protein-coding		WP_007884105.1	159	LK408_RS16055
NZ_JAJFOJ010000002.1	678703	680247		plus	ABC transporter substrate-binding protein/permease		75163733	protein-coding		WP_055039592.1	514	LK408_RS16060
NZ_JAJFOJ010000002.1	680237	680998		plus	amino acid ABC transporter ATP-binding protein		75163734	protein-coding		WP_007884100.1	253	LK408_RS16065
NZ_JAJFOJ010000002.1	681527	682810		plus	group II intron reverse transcriptase/maturase	ltrA	75163735	protein-coding		WP_158555625.1	427	LK408_RS16070
NZ_JAJFOJ010000002.1	683000	685864		plus	transporter substrate-binding domain-containing protein		75163736	protein-coding		WP_007883911.1	954	LK408_RS16075
NZ_JAJFOJ010000002.1	685962	686945		plus	50S ribosomal protein L11 methyltransferase	prmA	75163737	protein-coding		WP_007883917.1	327	LK408_RS16080
NZ_JAJFOJ010000002.1	686954	687709		plus	16S rRNA (uracil(1498)-N(3))-methyltransferase		75163738	protein-coding		WP_227970659.1	251	LK408_RS16085
NZ_JAJFOJ010000002.1	687744	688913		plus	cysteine desulfurase family protein		75163739	protein-coding		WP_007883920.1	389	LK408_RS16090
NZ_JAJFOJ010000002.1	688990	690171		plus	tRNA uracil 4-sulfurtransferase ThiI	thiI	75163740	protein-coding		WP_007883921.1	393	LK408_RS16095
NZ_JAJFOJ010000002.1	690268	690498		minus	HPr family phosphocarrier protein		75163741	protein-coding		WP_007883927.1	76	LK408_RS16100
NZ_JAJFOJ010000002.1	690586	691902		plus	tRNA (N(6)-L-threonylcarbamoyladenosine(37)-C(2))-methylthiotransferase MtaB	mtaB	75163742	protein-coding		WP_007883930.1	438	LK408_RS16105
NZ_JAJFOJ010000002.1	692014	692277		plus	IreB family regulatory phosphoprotein		75163743	protein-coding		WP_007883931.1	87	LK408_RS16110
NZ_JAJFOJ010000002.1	692369	692806		plus	Holliday junction resolvase RuvX	ruvX	75163744	protein-coding		WP_007883934.1	145	LK408_RS16115
NZ_JAJFOJ010000002.1	692869	693126		plus	DUF1292 domain-containing protein		75163745	protein-coding		WP_007883935.1	85	LK408_RS16120
NZ_JAJFOJ010000002.1	693107	695101		plus	ribonuclease J		75163746	protein-coding		WP_007883937.1	664	LK408_RS16125
NZ_JAJFOJ010000002.1	695133	695477		plus	YlbF family regulator		75163747	protein-coding		WP_007883938.1	114	LK408_RS16130
NZ_JAJFOJ010000002.1	695486	695959		plus	endolytic transglycosylase MltG		75163748	protein-coding		WP_044927205.1	157	LK408_RS16135
NZ_JAJFOJ010000002.1	695962	696603		plus	O-methyltransferase		75163749	protein-coding		WP_007883951.1	213	LK408_RS16140
NZ_JAJFOJ010000002.1	696625	697848		plus	peptidase U32 family protein		75163750	protein-coding		WP_007883953.1	407	LK408_RS16145
NZ_JAJFOJ010000002.1	697922	698980		plus	lactonase family protein		75163751	protein-coding		WP_007883955.1	352	LK408_RS16150
NZ_JAJFOJ010000002.1	699339	699824		plus	uncharacterized gene		88554026	pseudogene				LK408_RS20635
NZ_JAJFOJ010000002.1	700267	701391		minus	IS91 family transposase		75163754	protein-coding		WP_044927213.1	374	LK408_RS16165
NZ_JAJFOJ010000002.1	701513	702124		plus	DUF3879 family protein		75163755	protein-coding		WP_044928139.1	203	LK408_RS16170
NZ_JAJFOJ010000002.1	702162	702500		plus	hypothetical protein		75163756	protein-coding		WP_007888275.1	112	LK408_RS16175
NZ_JAJFOJ010000002.1	702670	703383		plus	LytR/AlgR family response regulator transcription factor		75163757	protein-coding		WP_007888276.1	237	LK408_RS16180
NZ_JAJFOJ010000002.1	703380	704750		plus	GHKL domain-containing protein		75163758	protein-coding		WP_007888277.1	456	LK408_RS16185
NZ_JAJFOJ010000002.1	705002	705751		plus	FlxA-like family protein		75163759	protein-coding		WP_172681199.1	249	LK408_RS16190
NZ_JAJFOJ010000002.1	705773	706528		plus	flagellar filament capping protein FliD	fliD	75163760	protein-coding		WP_227970660.1	251	LK408_RS16195
NZ_JAJFOJ010000002.1	706660	707457		plus	hypothetical protein		75163761	protein-coding		WP_227970661.1	265	LK408_RS16200
NZ_JAJFOJ010000002.1	707483	708430		plus	hypothetical protein		75163762	protein-coding		WP_044927973.1	315	LK408_RS16205
NZ_JAJFOJ010000002.1	708471	709151		plus	DUF6033 family protein		75163763	protein-coding		WP_007887737.1	226	LK408_RS16210
NZ_JAJFOJ010000002.1	709308	709517		plus	HTH domain-containing protein		75163764	protein-coding		WP_007887738.1	69	LK408_RS16215
NZ_JAJFOJ010000002.1	709550	709705		plus	hypothetical protein		75163765	protein-coding		WP_172727122.1	51	LK408_RS16220
NZ_JAJFOJ010000002.1	710017	711117		minus	chorismate synthase	aroC	75163766	protein-coding		WP_007887557.1	366	LK408_RS16225
NZ_JAJFOJ010000002.1	711237	712523		plus	3-phosphoshikimate 1-carboxyvinyltransferase	aroA	75163767	protein-coding		WP_007887556.1	428	LK408_RS16230
NZ_JAJFOJ010000002.1	712681	713847		plus	tRNA guanosine(34) transglycosylase Tgt	tgt	75163768	protein-coding		WP_408639586.1	388	LK408_RS16235
NZ_JAJFOJ010000002.1	713996	714310		plus	preprotein translocase subunit YajC	yajC	75163769	protein-coding		WP_021922441.1	104	LK408_RS16240
NZ_JAJFOJ010000002.1	714456	714986		plus	GNAT family N-acetyltransferase		75163770	protein-coding		WP_007887552.1	176	LK408_RS16245
NZ_JAJFOJ010000002.1	715184	716284		plus	3-isopropylmalate dehydrogenase	leuB	75163771	protein-coding		WP_007887551.1	366	LK408_RS16250
NZ_JAJFOJ010000002.1	716368	718044		plus	dihydroxy-acid dehydratase	ilvD	75163772	protein-coding		WP_007887550.1	558	LK408_RS16255
NZ_JAJFOJ010000002.1	718130	719818		plus	biosynthetic-type acetolactate synthase large subunit	ilvB	75163773	protein-coding		WP_007887545.1	562	LK408_RS16260
NZ_JAJFOJ010000002.1	719824	720906		plus	3-phosphoserine/phosphohydroxythreonine transaminase	serC	75163774	protein-coding		WP_044927911.1	360	LK408_RS16265
NZ_JAJFOJ010000002.1	720906	722069		plus	phosphoglycerate dehydrogenase		75163775	protein-coding		WP_044927909.1	387	LK408_RS16270
NZ_JAJFOJ010000002.1	722087	722980		plus	mechanosensitive ion channel family protein		75163776	protein-coding		WP_007887536.1	297	LK408_RS16275
NZ_JAJFOJ010000002.1	723098	723301		plus	cold-shock protein		75163777	protein-coding		WP_021922434.1	67	LK408_RS16280
NZ_JAJFOJ010000002.1	723473	726394		plus	insulinase family protein		75163778	protein-coding		WP_007887535.1	973	LK408_RS16285
NZ_JAJFOJ010000002.1	726445	727353		plus	GTPase Era	era	75163779	protein-coding		WP_007887532.1	302	LK408_RS16290
NZ_JAJFOJ010000002.1	727434	727598		plus	hypothetical protein		75163780	protein-coding		WP_007887531.1	54	LK408_RS16295
NZ_JAJFOJ010000002.1	727537	728319		plus	DNA repair protein RecO	recO	75163781	protein-coding		WP_007887529.1	260	LK408_RS16300
NZ_JAJFOJ010000002.1	728380	729159		plus	hypothetical protein		75163782	protein-coding		WP_007887528.1	259	LK408_RS16305
NZ_JAJFOJ010000002.1	729247	730644		plus	glycine--tRNA ligase		75163783	protein-coding		WP_007887526.1	465	LK408_RS16310
NZ_JAJFOJ010000002.1	730855	733491		plus	pyruvate, phosphate dikinase	ppdK	75163784	protein-coding		WP_007887525.1	878	LK408_RS16315
NZ_JAJFOJ010000002.1	733902	734393		plus	HAD domain-containing protein		75163785	protein-coding		WP_007887523.1	163	LK408_RS16320
NZ_JAJFOJ010000002.1	734574	734855		plus	hypothetical protein		75163786	protein-coding		WP_007887522.1	93	LK408_RS16325
NZ_JAJFOJ010000002.1	734872	735333		plus	helix-turn-helix transcriptional regulator		75163787	protein-coding		WP_007887521.1	153	LK408_RS16330
NZ_JAJFOJ010000002.1	735501	735698		minus	helix-turn-helix domain-containing protein		75163788	protein-coding		WP_007887516.1	65	LK408_RS16335
NZ_JAJFOJ010000002.1	735889	737592		plus	AAA family ATPase		75163789	protein-coding		WP_227970662.1	567	LK408_RS16340
NZ_JAJFOJ010000002.1	737666	739282		plus	ASKHA domain-containing protein		75163790	protein-coding		WP_007887509.1	538	LK408_RS16345
NZ_JAJFOJ010000002.1	739378	741981		plus	EAL domain-containing protein		75163791	protein-coding		WP_007887507.1	867	LK408_RS16350
NZ_JAJFOJ010000002.1	741981	742709		plus	4'-phosphopantetheinyl transferase family protein		86263568	protein-coding		WP_007887505.1	242	LK408_RS20310
NZ_JAJFOJ010000002.1	742786	743289		plus	transcription elongation factor GreA	greA	75163793	protein-coding		WP_007887502.1	167	LK408_RS16360
NZ_JAJFOJ010000002.1	743321	744187		plus	methylenetetrahydrofolate reductase [NAD(P)H]	metF	75163794	protein-coding		WP_007887499.1	288	LK408_RS16365
NZ_JAJFOJ010000002.1	744438	745064		plus	hypothetical protein		75163795	protein-coding		WP_044927857.1	208	LK408_RS16370
NZ_JAJFOJ010000002.1	745087	745890		plus	hypothetical protein		75163796	protein-coding		WP_227970663.1	267	LK408_RS16375
NZ_JAJFOJ010000002.1	745887	747059		plus	hypothetical protein		75163797	protein-coding		WP_227970664.1	390	LK408_RS16380
NZ_JAJFOJ010000002.1	747163	748386		plus	BTAD domain-containing putative transcriptional regulator		75163798	protein-coding		WP_227970665.1	407	LK408_RS16385
NZ_JAJFOJ010000002.1	748439	752599		plus	fibro-slime domain-containing protein		75163799	protein-coding		WP_044927851.1	1386	LK408_RS16390
NZ_JAJFOJ010000002.1	752615	753223		plus	BsaA family SipW-dependent biofilm matrix protein		75163800	protein-coding		WP_007887470.1	202	LK408_RS16395
NZ_JAJFOJ010000002.1	753245	753748		plus	signal peptidase I		75163801	protein-coding		WP_227970666.1	167	LK408_RS16400
NZ_JAJFOJ010000002.1	753915	754544		plus	SipW-dependent-type signal peptide-containing protein		75163802	protein-coding		WP_007887468.1	209	LK408_RS16405
NZ_JAJFOJ010000002.1	754673	755461		plus	class B sortase	srtB	75163803	protein-coding		WP_007887466.1	262	LK408_RS16410
NZ_JAJFOJ010000002.1	755488	755946		plus	hypothetical protein		75163804	protein-coding		WP_007887464.1	152	LK408_RS16415
NZ_JAJFOJ010000002.1	756285	757322		plus	DUF5692 family protein		75163805	protein-coding		WP_044927894.1	345	LK408_RS16420
NZ_JAJFOJ010000002.1	757439	758470		minus	3-deoxy-7-phosphoheptulonate synthase		75163806	protein-coding		WP_118093225.1	343	LK408_RS16425
NZ_JAJFOJ010000002.1	758701	759450		plus	type I 3-dehydroquinate dehydratase	aroD	75163807	protein-coding		WP_007887450.1	249	LK408_RS16430
NZ_JAJFOJ010000002.1	759633	760103		plus	MarR family winged helix-turn-helix transcriptional regulator		75163808	protein-coding		WP_007887448.1	156	LK408_RS16435
NZ_JAJFOJ010000002.1	760096	762264		plus	ABC transporter ATP-binding protein		75163809	protein-coding		WP_007887446.1	722	LK408_RS16440
NZ_JAJFOJ010000002.1	762257	764110		plus	ABC transporter ATP-binding protein		75163810	protein-coding		WP_007887444.1	617	LK408_RS16445
NZ_JAJFOJ010000002.1	764107	765303		minus	DNA polymerase Y family protein		75163811	protein-coding		WP_044927848.1	398	LK408_RS16450
NZ_JAJFOJ010000002.1	765561	766520		plus	L-lactate dehydrogenase		75163812	protein-coding		WP_007887441.1	319	LK408_RS16455
NZ_JAJFOJ010000002.1	766566	767681		plus	DUF4422 domain-containing protein		75163813	protein-coding		WP_007887439.1	371	LK408_RS16460
NZ_JAJFOJ010000002.1	767754	767825		plus	tRNA-Arg		75163814	tRNA				LK408_RS16465
NZ_JAJFOJ010000002.1	768043	769320		plus	SH3 domain-containing protein		75163815	protein-coding		WP_007887437.1	425	LK408_RS16470
NZ_JAJFOJ010000002.1	769434	770216		plus	23S rRNA pseudouridine(2604) synthase RluF	rluF	75163816	protein-coding		WP_007887435.1	260	LK408_RS16475
NZ_JAJFOJ010000002.1	770232	772229		plus	NAD-dependent DNA ligase LigA	ligA	75163817	protein-coding		WP_044927891.1	665	LK408_RS16480
NZ_JAJFOJ010000002.1	772316	773248		plus	homoserine O-acetyltransferase MetA	metA	75163818	protein-coding		WP_007887431.1	310	LK408_RS16485
NZ_JAJFOJ010000002.1	773743	774021		plus	type II toxin-antitoxin system RelB/DinJ family antitoxin		75163819	protein-coding		WP_007887427.1	92	LK408_RS16490
NZ_JAJFOJ010000002.1	774018	774293		plus	type II toxin-antitoxin system YafQ family toxin		75163820	protein-coding		WP_007887420.1	91	LK408_RS16495
NZ_JAJFOJ010000002.1	774614	775015		plus	hypothetical protein		75163821	protein-coding		WP_007887419.1	133	LK408_RS16500
NZ_JAJFOJ010000002.1	775060	776013		plus	DNA/RNA non-specific endonuclease		75163822	protein-coding		WP_081453911.1	317	LK408_RS16505
NZ_JAJFOJ010000002.1	775979	776839		plus	TrmH family RNA methyltransferase		75163823	protein-coding		WP_007887417.1	286	LK408_RS16510
NZ_JAJFOJ010000002.1	776875	778119		plus	MFS transporter		75163824	protein-coding		WP_044927885.1	414	LK408_RS16515
NZ_JAJFOJ010000002.1	778131	778865		plus	YdcF family protein		75163825	protein-coding		WP_227970667.1	244	LK408_RS16520
NZ_JAJFOJ010000002.1	779122	779988		plus	deoxyribonuclease IV		75163826	protein-coding		WP_081453910.1	288	LK408_RS16525
NZ_JAJFOJ010000002.1	780062	780583		plus	CinA family protein		75163827	protein-coding		WP_007887406.1	173	LK408_RS16530
NZ_JAJFOJ010000002.1	780599	780988		minus	RpnC/YadD family protein		75163828	protein-coding		WP_007887403.1	129	LK408_RS16535
NZ_JAJFOJ010000002.1	781389	782423		plus	helix-turn-helix domain-containing protein		75163829	protein-coding		WP_227970668.1	344	LK408_RS16540
NZ_JAJFOJ010000002.1	782413	783348		minus	XdhC family protein		75163830	protein-coding		WP_007887394.1	311	LK408_RS16545
NZ_JAJFOJ010000002.1	783776	784183		plus	hypothetical protein		75163831	protein-coding		WP_007887392.1	135	LK408_RS16550
NZ_JAJFOJ010000002.1	784257	784634		plus	Asp23/Gls24 family envelope stress response protein		75163832	protein-coding		WP_007887391.1	125	LK408_RS16555
NZ_JAJFOJ010000002.1	784753	785145		plus	transcription antitermination factor NusB	nusB	75163833	protein-coding		WP_007887389.1	130	LK408_RS16560
NZ_JAJFOJ010000002.1	785142	786347		plus	exodeoxyribonuclease VII large subunit	xseA	75163834	protein-coding		WP_007887387.1	401	LK408_RS16565
NZ_JAJFOJ010000002.1	786340	786564		plus	exodeoxyribonuclease VII small subunit	xseB	75163835	protein-coding		WP_007887384.1	74	LK408_RS16570
NZ_JAJFOJ010000002.1	786612	787502		plus	polyprenyl synthetase family protein		75163836	protein-coding		WP_044927874.1	296	LK408_RS16575
NZ_JAJFOJ010000002.1	787575	789446		plus	1-deoxy-D-xylulose-5-phosphate synthase	dxs	75163837	protein-coding		WP_007887380.1	623	LK408_RS16580
NZ_JAJFOJ010000002.1	789492	790295		plus	TlyA family RNA methyltransferase		75163838	protein-coding		WP_007887379.1	267	LK408_RS16585
NZ_JAJFOJ010000002.1	790276	791157		plus	NAD(+)/NADH kinase		75163839	protein-coding		WP_007887378.1	293	LK408_RS16590
NZ_JAJFOJ010000002.1	791186	791638		plus	arginine repressor	argR	75163840	protein-coding		WP_007887370.1	150	LK408_RS16595
NZ_JAJFOJ010000002.1	791674	793353		plus	DNA repair protein RecN	recN	75163841	protein-coding		WP_215678603.1	559	LK408_RS16600
NZ_JAJFOJ010000002.1	793522	794733		plus	SpoIVB peptidase	spoIVB	75163842	protein-coding		WP_007887343.1	403	LK408_RS16605
NZ_JAJFOJ010000002.1	794898	795695		plus	sporulation transcription factor Spo0A	spo0A	75163843	protein-coding		WP_007887342.1	265	LK408_RS16610
NZ_JAJFOJ010000002.1	795773	797224		plus	glycogen synthase GlgA	glgA	75163844	protein-coding		WP_044927840.1	483	LK408_RS16615
NZ_JAJFOJ010000002.1	797241	798137		minus	DUF5688 family protein		75163845	protein-coding		WP_007887340.1	298	LK408_RS16620
NZ_JAJFOJ010000002.1	798339	799415		minus	ABC transporter substrate-binding protein		75163846	protein-coding		WP_007887338.1	358	LK408_RS16625
NZ_JAJFOJ010000002.1	799425	800213		minus	ABC transporter permease		75163847	protein-coding		WP_007887337.1	262	LK408_RS16630
NZ_JAJFOJ010000002.1	800207	801031		minus	ABC transporter permease		75163848	protein-coding		WP_007887336.1	274	LK408_RS16635
NZ_JAJFOJ010000002.1	801024	802097		minus	ABC transporter ATP-binding protein		75163849	protein-coding		WP_007887335.1	357	LK408_RS16640
NZ_JAJFOJ010000002.1	802133	802672		minus	helix-turn-helix domain-containing protein		75163850	protein-coding		WP_044927837.1	179	LK408_RS16645
NZ_JAJFOJ010000002.1	802856	802928		plus	tRNA-Thr		75163851	tRNA				LK408_RS16650
NZ_JAJFOJ010000002.1	803118	803309		plus	hypothetical protein		75163852	protein-coding		WP_007887324.1	63	LK408_RS16655
NZ_JAJFOJ010000002.1	803795	804976		minus	GDSL-type esterase/lipase family protein		75163853	protein-coding		WP_044927868.1	393	LK408_RS16660
NZ_JAJFOJ010000002.1	805112	805519		plus	hypothetical protein		75163854	protein-coding		WP_007887310.1	135	LK408_RS16665
NZ_JAJFOJ010000002.1	805592	806761		plus	glycosyltransferase		75163855	protein-coding		WP_007887309.1	389	LK408_RS16670
NZ_JAJFOJ010000002.1	806773	807414		plus	epoxyqueuosine reductase QueH		75163856	protein-coding		WP_044927865.1	213	LK408_RS16675
NZ_JAJFOJ010000002.1	807442	808845		plus	argininosuccinate lyase	argH	75163857	protein-coding		WP_227970669.1	467	LK408_RS16680
NZ_JAJFOJ010000002.1	809085	810176		plus	aspartate-semialdehyde dehydrogenase	asd	75163858	protein-coding		WP_007887304.1	363	LK408_RS16685
NZ_JAJFOJ010000002.1	810382	811743		plus	ATP-binding protein		75163859	protein-coding		WP_007887298.1	453	LK408_RS16690
NZ_JAJFOJ010000002.1	811982	813196		plus	site-specific integrase		75163860	protein-coding		WP_007888060.1	404	LK408_RS16695
NZ_JAJFOJ010000002.1	813193	814182		plus	tyrosine-type recombinase/integrase		75163861	protein-coding		WP_007888061.1	329	LK408_RS16700
NZ_JAJFOJ010000002.1	814172	815194		plus	site-specific integrase		75163862	protein-coding		WP_007888063.1	340	LK408_RS16705
NZ_JAJFOJ010000002.1	815269	815499		plus	hypothetical protein		75163863	protein-coding		WP_007888066.1	76	LK408_RS16710
NZ_JAJFOJ010000002.1	815511	816161		minus	hypothetical protein		75163864	protein-coding		WP_007888069.1	216	LK408_RS16715
NZ_JAJFOJ010000002.1	816224	819781		plus	type IA DNA topoisomerase		75163865	protein-coding		WP_227970670.1	1185	LK408_RS16720
NZ_JAJFOJ010000002.1	819905	821614		plus	methyl-accepting chemotaxis protein		75163866	protein-coding		WP_044927336.1	569	LK408_RS16725
NZ_JAJFOJ010000002.1	821698	822369		plus	LbetaH domain-containing protein		75163867	protein-coding		WP_021922694.1	223	LK408_RS16730
NZ_JAJFOJ010000002.1	822548	823240		plus	iron-sulfur cluster assembly scaffold protein		75163868	protein-coding		WP_007884479.1	230	LK408_RS16735
NZ_JAJFOJ010000002.1	823260	824270		plus	GGGtGRT protein		75163869	protein-coding		WP_007884481.1	336	LK408_RS16740
NZ_JAJFOJ010000002.1	824397	825830		plus	AlbA family DNA-binding domain-containing protein		75163870	protein-coding		WP_021922691.1	477	LK408_RS16745
NZ_JAJFOJ010000002.1	825947	827071		plus	hypothetical protein		75163871	protein-coding		WP_007884484.1	374	LK408_RS16750
NZ_JAJFOJ010000002.1	827309	829408		plus	YhgE/Pip domain-containing protein		75163872	protein-coding		WP_044927338.1	699	LK408_RS16755
NZ_JAJFOJ010000002.1	829421	829963		plus	hypothetical protein		75163873	protein-coding		WP_007884490.1	180	LK408_RS16760
NZ_JAJFOJ010000002.1	829966	831717		plus	YhgE/Pip domain-containing protein		75163874	protein-coding		WP_007884493.1	583	LK408_RS16765
NZ_JAJFOJ010000002.1	831956	832456		plus	acetolactate synthase small subunit	ilvN	75163875	protein-coding		WP_021922686.1	166	LK408_RS16770
NZ_JAJFOJ010000002.1	832539	833561		plus	ketol-acid reductoisomerase	ilvC	75163876	protein-coding		WP_007884496.1	340	LK408_RS16775
NZ_JAJFOJ010000002.1	833798	834580		plus	Cof-type HAD-IIB family hydrolase		75163877	protein-coding		WP_007884498.1	260	LK408_RS16780
NZ_JAJFOJ010000002.1	834662	835849		plus	DUF2974 domain-containing protein		75163878	protein-coding		WP_044927339.1	395	LK408_RS16785
NZ_JAJFOJ010000002.1	836086	836370		plus	co-chaperone GroES	groES	75163879	protein-coding		WP_021922683.1	94	LK408_RS16790
NZ_JAJFOJ010000002.1	836409	838031		plus	chaperonin GroEL	groL	75163880	protein-coding		WP_007884503.1	540	LK408_RS16795
NZ_JAJFOJ010000002.1	838189	838707		plus	NUDIX domain-containing protein		75163881	protein-coding		WP_007884519.1	172	LK408_RS16800
NZ_JAJFOJ010000002.1	838844	839314		plus	methylglyoxal synthase		75163882	protein-coding		WP_021922681.1	156	LK408_RS16805
NZ_JAJFOJ010000002.1	839330	840205		plus	DegV family protein		75163883	protein-coding		WP_007883703.1	291	LK408_RS16810
NZ_JAJFOJ010000002.1	840421	841068		plus	hypothetical protein		75163884	protein-coding		WP_007883704.1	215	LK408_RS16815
NZ_JAJFOJ010000002.1	841071	842165		minus	pyridoxal phosphate-dependent aminotransferase		75163885	protein-coding		WP_021922678.1	364	LK408_RS16820
NZ_JAJFOJ010000002.1	842251	845778		plus	DUF5717 family protein		75163886	protein-coding		WP_227970671.1	1175	LK408_RS16825
NZ_JAJFOJ010000002.1	845805	847034		plus	DUF5716 family protein		75163887	protein-coding		WP_055039110.1	409	LK408_RS16830
NZ_JAJFOJ010000002.1	847050	847883		plus	hypothetical protein		75163888	protein-coding		WP_007883719.1	277	LK408_RS16835
NZ_JAJFOJ010000002.1	847895	849061		plus	hypothetical protein		75163889	protein-coding		WP_055039111.1	388	LK408_RS16840
NZ_JAJFOJ010000002.1	849197	850915		plus	methyl-accepting chemotaxis protein		75163890	protein-coding		WP_021922673.1	572	LK408_RS16845
NZ_JAJFOJ010000002.1	851092	851706		minus	manganese catalase family protein		75163891	protein-coding		WP_007883726.1	204	LK408_RS16850
NZ_JAJFOJ010000002.1	851706	851978		minus	spore coat protein CotJB		75163892	protein-coding		WP_007883727.1	90	LK408_RS16855
NZ_JAJFOJ010000002.1	851975	852184		minus	spore coat associated protein CotJA		75163893	protein-coding		WP_021922670.1	69	LK408_RS16860
NZ_JAJFOJ010000002.1	852444	854683		plus	uncharacterized gene	feoB	75163895	pseudogene				LK408_RS16870
NZ_JAJFOJ010000002.1	854683	854847		plus	FeoB-associated Cys-rich membrane protein		75163896	protein-coding		WP_007883735.1	54	LK408_RS16875
NZ_JAJFOJ010000002.1	855008	856462		plus	glutamate--tRNA ligase	gltX	75163897	protein-coding		WP_044927174.1	484	LK408_RS16880
NZ_JAJFOJ010000002.1	856473	858308		plus	ATP-dependent helicase		75163898	protein-coding		WP_007883737.1	611	LK408_RS16885
NZ_JAJFOJ010000002.1	858364	858681		minus	DUF1292 domain-containing protein		75163899	protein-coding		WP_007883738.1	105	LK408_RS16890
NZ_JAJFOJ010000002.1	858706	859791		minus	HD-GYP domain-containing protein		75163900	protein-coding		WP_007883739.1	361	LK408_RS16895
NZ_JAJFOJ010000002.1	859972	861846		plus	hypothetical protein		75163901	protein-coding		WP_007883740.1	624	LK408_RS16900
NZ_JAJFOJ010000002.1	861859	862473		plus	DUF5662 family protein		75163902	protein-coding		WP_007883742.1	204	LK408_RS16905
NZ_JAJFOJ010000002.1	862468	863364		minus	RluA family pseudouridine synthase		75163903	protein-coding		WP_007883744.1	298	LK408_RS16910
NZ_JAJFOJ010000002.1	863487	864104		plus	RNA polymerase sporulation sigma factor SigK	sigK	75163904	protein-coding		WP_044927176.1	205	LK408_RS16915
NZ_JAJFOJ010000002.1	864305	865831		plus	YifB family Mg chelatase-like AAA ATPase		75163905	protein-coding		WP_044927178.1	508	LK408_RS16920
NZ_JAJFOJ010000002.1	865828	866907		plus	DNA-processing protein DprA	dprA	75163906	protein-coding		WP_007883752.1	359	LK408_RS16925
NZ_JAJFOJ010000002.1	866926	869007		plus	type I DNA topoisomerase	topA	75163907	protein-coding		WP_227970672.1	693	LK408_RS16930
NZ_JAJFOJ010000002.1	869093	869875		plus	GTP-sensing pleiotropic transcriptional regulator CodY	codY	75163908	protein-coding		WP_021922656.1	260	LK408_RS16935
NZ_JAJFOJ010000002.1	870118	870513		plus	flagellar basal body rod protein FlgB	flgB	75163909	protein-coding		WP_007883756.1	131	LK408_RS16940
NZ_JAJFOJ010000002.1	870543	870983		plus	flagellar basal body rod protein FlgC	flgC	75163910	protein-coding		WP_007883762.1	146	LK408_RS16945
NZ_JAJFOJ010000002.1	871018	871329		plus	flagellar hook-basal body complex protein FliE	fliE	75163911	protein-coding		WP_007883765.1	103	LK408_RS16950
NZ_JAJFOJ010000002.1	871349	872953		plus	flagellar basal-body MS-ring/collar protein FliF	fliF	75163912	protein-coding		WP_227970673.1	534	LK408_RS16955
NZ_JAJFOJ010000002.1	872957	873964		plus	flagellar motor switch protein FliG	fliG	75163913	protein-coding		WP_007883769.1	335	LK408_RS16960
NZ_JAJFOJ010000002.1	873945	874748		plus	FliH/SctL family protein		75163914	protein-coding		WP_227970674.1	267	LK408_RS16965
NZ_JAJFOJ010000002.1	874761	876071		plus	flagellar protein export ATPase FliI	fliI	75163915	protein-coding		WP_007883772.1	436	LK408_RS16970
NZ_JAJFOJ010000002.1	876085	876540		plus	flagellar export protein FliJ	fliJ	75163916	protein-coding		WP_118092309.1	151	LK408_RS16975
NZ_JAJFOJ010000002.1	876569	877432		plus	MotE family protein		75163917	protein-coding		WP_021922649.1	287	LK408_RS16980
NZ_JAJFOJ010000002.1	877512	878993		plus	flagellar hook-length control protein FliK		75163918	protein-coding		WP_007883777.1	493	LK408_RS16985
NZ_JAJFOJ010000002.1	879016	879921		plus	flagellar hook capping FlgD N-terminal domain-containing protein		75163919	protein-coding		WP_227970675.1	301	LK408_RS16990
NZ_JAJFOJ010000002.1	879936	880334		plus	TIGR02530 family flagellar biosynthesis protein		75163920	protein-coding		WP_055167640.1	132	LK408_RS16995
NZ_JAJFOJ010000002.1	880421	882073		plus	flagellar hook protein FlgE		75163921	protein-coding		WP_007883784.1	550	LK408_RS17000
NZ_JAJFOJ010000002.1	882249	882458		plus	flagellar FlbD family protein		75163922	protein-coding		WP_021923924.1	69	LK408_RS17005
NZ_JAJFOJ010000002.1	882496	883296		plus	motility protein A		75163923	protein-coding		WP_007883789.1	266	LK408_RS17010
NZ_JAJFOJ010000002.1	883296	884108		plus	OmpA/MotB family protein		75163924	protein-coding		WP_007883791.1	270	LK408_RS17015
NZ_JAJFOJ010000002.1	884132	884647		plus	flagellar basal body-associated FliL family protein		75163925	protein-coding		WP_007883793.1	171	LK408_RS17020
NZ_JAJFOJ010000002.1	884674	885654		plus	flagellar motor switch protein FliM	fliM	75163926	protein-coding		WP_007883795.1	326	LK408_RS17025
NZ_JAJFOJ010000002.1	885657	886796		plus	flagellar motor switch phosphatase FliY	fliY	75163927	protein-coding		WP_007883799.1	379	LK408_RS17030
NZ_JAJFOJ010000002.1	886826	887185		plus	response regulator		75163928	protein-coding		WP_007883800.1	119	LK408_RS17035
NZ_JAJFOJ010000002.1	887187	887579		plus	flagellar biosynthetic protein FliO		75163929	protein-coding		WP_007883801.1	130	LK408_RS17040
NZ_JAJFOJ010000002.1	887589	888437		plus	flagellar type III secretion system pore protein FliP	fliP	75163930	protein-coding		WP_044927179.1	282	LK408_RS17045
NZ_JAJFOJ010000002.1	888459	888731		plus	flagellar biosynthesis protein FliQ	fliQ	75163931	protein-coding		WP_007883804.1	90	LK408_RS17050
NZ_JAJFOJ010000002.1	888741	889520		plus	flagellar biosynthetic protein FliR	fliR	75163932	protein-coding		WP_007883805.1	259	LK408_RS17055
NZ_JAJFOJ010000002.1	889552	890655		plus	flagellar biosynthesis protein FlhB	flhB	75163933	protein-coding		WP_007883806.1	367	LK408_RS17060
NZ_JAJFOJ010000002.1	890683	892716		plus	flagellar biosynthesis protein FlhA	flhA	75163934	protein-coding		WP_007883807.1	677	LK408_RS17065
NZ_JAJFOJ010000002.1	892717	893979		plus	flagellar biosynthesis protein FlhF	flhF	75163935	protein-coding		WP_007883808.1	420	LK408_RS17070
NZ_JAJFOJ010000002.1	893983	894858		plus	MinD/ParA family protein		75163936	protein-coding		WP_007883810.1	291	LK408_RS17075
NZ_JAJFOJ010000002.1	894872	895618		plus	flagellar brake protein		75163937	protein-coding		WP_007883812.1	248	LK408_RS17080
NZ_JAJFOJ010000002.1	895624	896691		plus	protein-glutamate methylesterase/protein-glutamine glutaminase		75163938	protein-coding		WP_044927188.1	355	LK408_RS17085
NZ_JAJFOJ010000002.1	896693	898792		plus	chemotaxis protein CheA		75163939	protein-coding		WP_007883815.1	699	LK408_RS17090
NZ_JAJFOJ010000002.1	898807	899268		plus	chemotaxis protein CheW		75163940	protein-coding		WP_021923931.1	153	LK408_RS17095
NZ_JAJFOJ010000002.1	899339	899968		plus	chemotaxis protein CheC		75163941	protein-coding		WP_007883818.1	209	LK408_RS17100
NZ_JAJFOJ010000002.1	899978	900463		plus	chemotaxis protein CheD		75163942	protein-coding		WP_007883819.1	161	LK408_RS17105
NZ_JAJFOJ010000002.1	900497	900766		plus	hypothetical protein		75163943	protein-coding		WP_021923932.1	89	LK408_RS17110
NZ_JAJFOJ010000002.1	900787	901557		plus	FliA/WhiG family RNA polymerase sigma factor		75163944	protein-coding		WP_007883821.1	256	LK408_RS17115
NZ_JAJFOJ010000002.1	901569	901886		plus	hypothetical protein		75163945	protein-coding		WP_007883822.1	105	LK408_RS17120
NZ_JAJFOJ010000002.1	901898	902656		plus	DUF6115 domain-containing protein		75163946	protein-coding		WP_055039140.1	252	LK408_RS17125
NZ_JAJFOJ010000002.1	902653	903246		plus	MltG/YceG/YrrL family protein		75163947	protein-coding		WP_007883826.1	197	LK408_RS17130
NZ_JAJFOJ010000002.1	903418	904158		plus	30S ribosomal protein S2	rpsB	75163948	protein-coding		WP_044927190.1	246	LK408_RS17135
NZ_JAJFOJ010000002.1	904238	905173		plus	translation elongation factor Ts	tsf	75163949	protein-coding		WP_007883830.1	311	LK408_RS17140
NZ_JAJFOJ010000002.1	905377	907068		plus	methyl-accepting chemotaxis protein		75163950	protein-coding		WP_007883831.1	563	LK408_RS17145
NZ_JAJFOJ010000002.1	907257	908240		plus	polysaccharide deacetylase family protein		75163951	protein-coding		WP_007883832.1	327	LK408_RS17150
NZ_JAJFOJ010000002.1	908264	909088		plus	polymer-forming cytoskeletal protein		75163952	protein-coding		WP_007883833.1	274	LK408_RS17155
NZ_JAJFOJ010000002.1	909113	909808		plus	UMP kinase	pyrH	75163953	protein-coding		WP_007883835.1	231	LK408_RS17160
NZ_JAJFOJ010000002.1	909873	910424		plus	ribosome recycling factor	frr	75163954	protein-coding		WP_007883838.1	183	LK408_RS17165
NZ_JAJFOJ010000002.1	910581	911300		plus	isoprenyl transferase		75163955	protein-coding		WP_007883839.1	239	LK408_RS17170
NZ_JAJFOJ010000002.1	911300	912106		plus	phosphatidate cytidylyltransferase		75163956	protein-coding		WP_007883840.1	268	LK408_RS17175
NZ_JAJFOJ010000002.1	912126	913277		plus	1-deoxy-D-xylulose-5-phosphate reductoisomerase	dxr	75163957	protein-coding		WP_055039145.1	383	LK408_RS17180
NZ_JAJFOJ010000002.1	913322	914362		plus	RIP metalloprotease RseP	rseP	75163958	protein-coding		WP_007883844.1	346	LK408_RS17185
NZ_JAJFOJ010000002.1	914395	915462		plus	flavodoxin-dependent (E)-4-hydroxy-3-methylbut-2-enyl-diphosphate synthase	ispG	75163959	protein-coding		WP_227970783.1	355	LK408_RS17190
NZ_JAJFOJ010000002.1	915465	920003		plus	PolC-type DNA polymerase III		75163960	protein-coding		WP_007883847.1	1512	LK408_RS17195
NZ_JAJFOJ010000002.1	920097	921101		minus	DUF5050 domain-containing protein		75163961	protein-coding		WP_007883849.1	334	LK408_RS17200
NZ_JAJFOJ010000002.1	921242	922393		plus	prephenate dehydratase	pheA	75163962	protein-coding		WP_044927191.1	383	LK408_RS17205
NZ_JAJFOJ010000002.1	922398	923693		plus	ATP-binding protein		75163963	protein-coding		WP_044927193.1	431	LK408_RS17210
NZ_JAJFOJ010000002.1	923744	925276		plus	Ppx/GppA phosphatase family protein		75163964	protein-coding		WP_007883853.1	510	LK408_RS17215
NZ_JAJFOJ010000002.1	925309	927447		plus	RNA degradosome polyphosphate kinase		75163965	protein-coding		WP_227970677.1	712	LK408_RS17220
NZ_JAJFOJ010000002.1	927492	928304		plus	Cof-type HAD-IIB family hydrolase		75163966	protein-coding		WP_044927181.1	270	LK408_RS17225
NZ_JAJFOJ010000002.1	928345	929190		minus	PHP domain-containing protein		75163967	protein-coding		WP_007883872.1	281	LK408_RS17230
NZ_JAJFOJ010000002.1	929561	930055		plus	translation initiation factor IF-3	infC	75163968	protein-coding		WP_021923953.1	164	LK408_RS17235
NZ_JAJFOJ010000002.1	930078	930275		plus	50S ribosomal protein L35	rpmI	75163969	protein-coding		WP_007883876.1	65	LK408_RS17240
NZ_JAJFOJ010000002.1	930300	930656		plus	50S ribosomal protein L20	rplT	75163970	protein-coding		WP_007883878.1	118	LK408_RS17245
NZ_JAJFOJ010000002.1	930973	932700		minus	IS1634 family transposase		75163971	protein-coding		WP_044928048.1	575	LK408_RS17250
NZ_JAJFOJ010000002.1	933161	934000		minus	AraC family transcriptional regulator		75163972	protein-coding		WP_007889860.1	279	LK408_RS17255
NZ_JAJFOJ010000002.1	934259	935275		plus	UDP-glucose 4-epimerase GalE	galE	75163973	protein-coding		WP_007889862.1	338	LK408_RS17260
NZ_JAJFOJ010000002.1	935284	937086		plus	oligoendopeptidase F	pepF	75163974	protein-coding		WP_007889863.1	600	LK408_RS17265
NZ_JAJFOJ010000002.1	937483	938472		plus	hypothetical protein		75163975	protein-coding		WP_055039155.1	329	LK408_RS17270
NZ_JAJFOJ010000002.1	938637	939071		minus	hypothetical protein		75163976	protein-coding		WP_007889872.1	144	LK408_RS17275
NZ_JAJFOJ010000002.1	939273	940151		plus	YicC/YloC family endoribonuclease		75163977	protein-coding		WP_007889881.1	292	LK408_RS17280
NZ_JAJFOJ010000002.1	940162	940431		plus	DUF370 domain-containing protein		75163978	protein-coding		WP_007889882.1	89	LK408_RS17285
NZ_JAJFOJ010000002.1	940415	941056		plus	guanylate kinase	gmk	75163979	protein-coding		WP_007889884.1	213	LK408_RS17290
NZ_JAJFOJ010000002.1	941170	941415		plus	DNA-directed RNA polymerase subunit omega	rpoZ	75163980	protein-coding		WP_021922997.1	81	LK408_RS17295
NZ_JAJFOJ010000002.1	941501	942826		plus	30S ribosomal protein S12 methylthiotransferase RimO	rimO	75163981	protein-coding		WP_007889888.1	441	LK408_RS17300
NZ_JAJFOJ010000002.1	942849	943391		plus	CDP-diacylglycerol--glycerol-3-phosphate 3-phosphatidyltransferase	pgsA	75163982	protein-coding		WP_044928568.1	180	LK408_RS17305
NZ_JAJFOJ010000002.1	943440	943994		plus	16S rRNA (guanine(966)-N(2))-methyltransferase RsmD	rsmD	75163983	protein-coding		WP_118929848.1	184	LK408_RS17310
NZ_JAJFOJ010000002.1	944053	944538		plus	pantetheine-phosphate adenylyltransferase	coaD	75163984	protein-coding		WP_007889894.1	161	LK408_RS17315
NZ_JAJFOJ010000002.1	944551	945159		plus	hypothetical protein		75163985	protein-coding		WP_007889896.1	202	LK408_RS17320
NZ_JAJFOJ010000002.1	945151	946068		minus	nucleoside recognition domain-containing protein		75163986	protein-coding		WP_007889899.1	305	LK408_RS17325
NZ_JAJFOJ010000002.1	946155	947033		plus	M23 family metallopeptidase		75163987	protein-coding		WP_227970678.1	292	LK408_RS17330
NZ_JAJFOJ010000002.1	947145	947858		plus	pseudouridine synthase		75163988	protein-coding		WP_044928594.1	237	LK408_RS17335
NZ_JAJFOJ010000002.1	947922	949913		plus	YgiQ family radical SAM protein		75163989	protein-coding		WP_007889904.1	663	LK408_RS17340
NZ_JAJFOJ010000002.1	949934	950917		plus	RluA family pseudouridine synthase		75163990	protein-coding		WP_227970679.1	327	LK408_RS17345
NZ_JAJFOJ010000002.1	950906	951517		minus	hypothetical protein		75163991	protein-coding		WP_044928571.1	203	LK408_RS17350
NZ_JAJFOJ010000002.1	951572	951943		minus	metal-dependent transcriptional regulator		75163992	protein-coding		WP_021922986.1	123	LK408_RS17355
NZ_JAJFOJ010000002.1	952179	952712		plus	Holliday junction resolvase RecU		75163993	protein-coding		WP_055167208.1	177	LK408_RS17360
NZ_JAJFOJ010000002.1	952850	954040		plus	ATP phosphoribosyltransferase regulatory subunit	hisZ	75163994	protein-coding		WP_007889911.1	396	LK408_RS17365
NZ_JAJFOJ010000002.1	954044	954712		plus	ATP phosphoribosyltransferase	hisG	75163995	protein-coding		WP_055039162.1	222	LK408_RS17370
NZ_JAJFOJ010000002.1	954709	956001		plus	histidinol dehydrogenase	hisD	75163996	protein-coding		WP_007889918.1	430	LK408_RS17375
NZ_JAJFOJ010000002.1	956210	956797		plus	imidazoleglycerol-phosphate dehydratase HisB	hisB	75163997	protein-coding		WP_007889922.1	195	LK408_RS17380
NZ_JAJFOJ010000002.1	956904	958187		plus	bifunctional phosphoribosyl-AMP cyclohydrolase/phosphoribosyl-ATP diphosphatase HisIE	hisIE	75163998	protein-coding		WP_070101653.1	427	LK408_RS17385
NZ_JAJFOJ010000002.1	958148	959209		plus	acyltransferase		75163999	protein-coding		WP_007889926.1	353	LK408_RS17390
NZ_JAJFOJ010000002.1	959263	959559		plus	hypothetical protein		75164000	protein-coding		WP_021922767.1	98	LK408_RS17395
NZ_JAJFOJ010000002.1	959602	961470		plus	TIGR03960 family B12-binding radical SAM protein		75164001	protein-coding		WP_007889930.1	622	LK408_RS17400
NZ_JAJFOJ010000002.1	961454	962170		plus	TIGR03936 family radical SAM-associated protein		75164002	protein-coding		WP_007889932.1	238	LK408_RS17405
NZ_JAJFOJ010000002.1	962182	963465		plus	ribonuclease E/G		75164003	protein-coding		WP_055039168.1	427	LK408_RS17410
NZ_JAJFOJ010000002.1	963514	964491		minus	biotin synthase BioB	bioB	75164004	protein-coding		WP_007889942.1	325	LK408_RS17415
NZ_JAJFOJ010000002.1	964846	964950		plus	uncharacterized gene		88554027	pseudogene				LK408_RS20640
NZ_JAJFOJ010000002.1	964953	966401		plus	GGDEF domain-containing protein		75164006	protein-coding		WP_227970680.1	482	LK408_RS17425
NZ_JAJFOJ010000002.1	966549	966854		plus	50S ribosomal protein L21	rplU	75164007	protein-coding		WP_007889946.1	101	LK408_RS17430
NZ_JAJFOJ010000002.1	966872	967201		plus	ribosomal-processing cysteine protease Prp		75164008	protein-coding		WP_007889947.1	109	LK408_RS17435
NZ_JAJFOJ010000002.1	967205	967489		plus	50S ribosomal protein L27	rpmA	75164009	protein-coding		WP_007889948.1	94	LK408_RS17440
NZ_JAJFOJ010000002.1	967591	968874		plus	GTPase ObgE	obgE	75164010	protein-coding		WP_044928580.1	427	LK408_RS17445
NZ_JAJFOJ010000002.1	968893	969192		plus	ribosome assembly RNA-binding protein YhbY	yhbY	75164011	protein-coding		WP_007889951.1	99	LK408_RS17450
NZ_JAJFOJ010000002.1	969222	969848		plus	nicotinate-nucleotide adenylyltransferase	nadD	75164012	protein-coding		WP_227970681.1	208	LK408_RS17455
NZ_JAJFOJ010000002.1	969894	970469		plus	bis(5'-nucleosyl)-tetraphosphatase (symmetrical) YqeK	yqeK	75164013	protein-coding		WP_227970682.1	191	LK408_RS17460
NZ_JAJFOJ010000002.1	970553	970900		plus	ribosome silencing factor	rsfS	75164014	protein-coding		WP_007889967.1	115	LK408_RS17465
NZ_JAJFOJ010000002.1	971029	971793		minus	ABC transporter permease		75164015	protein-coding		WP_227970683.1	254	LK408_RS17470
NZ_JAJFOJ010000002.1	971807	972532		minus	ABC transporter permease		75164016	protein-coding		WP_007889973.1	241	LK408_RS17475
NZ_JAJFOJ010000002.1	972529	973293		minus	ABC transporter ATP-binding protein		75164017	protein-coding		WP_044928600.1	254	LK408_RS17480
NZ_JAJFOJ010000002.1	973457	974095		plus	response regulator transcription factor		75164018	protein-coding		WP_007889975.1	212	LK408_RS17485
NZ_JAJFOJ010000002.1	974014	975273		plus	sensor histidine kinase		75164019	protein-coding		WP_227970684.1	419	LK408_RS17490
NZ_JAJFOJ010000002.1	975405	976016		minus	transcriptional repressor LexA	lexA	75164020	protein-coding		WP_007889977.1	203	LK408_RS17495
NZ_JAJFOJ010000002.1	976268	976690		plus	LysM peptidoglycan-binding domain-containing protein		75164021	protein-coding		WP_049888001.1	140	LK408_RS17500
NZ_JAJFOJ010000002.1	976872	977609		plus	lysophospholipid acyltransferase family protein		75164022	protein-coding		WP_021922748.1	245	LK408_RS17505
NZ_JAJFOJ010000002.1	977736	977975		plus	hypothetical protein		75164023	protein-coding		WP_007889981.1	79	LK408_RS17510
NZ_JAJFOJ010000002.1	978068	979117		minus	tyrosine-type recombinase/integrase		75164024	protein-coding		WP_007889982.1	349	LK408_RS17515
NZ_JAJFOJ010000002.1	979114	979860		minus	tRNA 2-thiocytidine(32) synthetase TtcA		75164025	protein-coding		WP_007889983.1	248	LK408_RS17520
NZ_JAJFOJ010000002.1	980043	980492		plus	D-aminoacyl-tRNA deacylase	dtd	75164026	protein-coding		WP_007889984.1	149	LK408_RS17525
NZ_JAJFOJ010000002.1	980682	981785		minus	hypothetical protein		75164027	protein-coding		WP_227970685.1	367	LK408_RS17530
NZ_JAJFOJ010000002.1	981977	983452		minus	P-loop NTPase family protein		75164028	protein-coding		WP_172727157.1	491	LK408_RS17535
NZ_JAJFOJ010000002.1	984418	985047		minus	cytidylate kinase-like family protein		75164029	protein-coding		WP_007889995.1	209	LK408_RS17540
NZ_JAJFOJ010000002.1	985203	986114		minus	RluA family pseudouridine synthase		75164030	protein-coding		WP_007889998.1	303	LK408_RS17545
NZ_JAJFOJ010000002.1	986165	986677		minus	signal peptidase II	lspA	75164031	protein-coding		WP_118092489.1	170	LK408_RS17550
NZ_JAJFOJ010000002.1	986661	987761		minus	3-dehydroquinate synthase	aroB	75164032	protein-coding		WP_044928584.1	366	LK408_RS17555
NZ_JAJFOJ010000002.1	987777	988526		minus	YlmH family RNA-binding protein		75164033	protein-coding		WP_007890005.1	249	LK408_RS17560
NZ_JAJFOJ010000002.1	988538	989050		minus	cell division protein SepF		75164034	protein-coding		WP_007890008.1	170	LK408_RS17565
NZ_JAJFOJ010000002.1	989115	989810		minus	YggS family pyridoxal phosphate-dependent enzyme		75164035	protein-coding		WP_007890012.1	231	LK408_RS17570
NZ_JAJFOJ010000002.1	989838	991235		minus	HlyD family efflux transporter periplasmic adaptor subunit		75164036	protein-coding		WP_007890023.1	465	LK408_RS17575
NZ_JAJFOJ010000002.1	991366	991578		plus	DUF378 domain-containing protein		75164037	protein-coding		WP_007890027.1	70	LK408_RS17580
NZ_JAJFOJ010000002.1	991661	992083		minus	cupin domain-containing protein		75164038	protein-coding		WP_044928588.1	140	LK408_RS17585
NZ_JAJFOJ010000002.1	992182	993168		minus	D-alanyl-D-alanine carboxypeptidase family protein		75164039	protein-coding		WP_007890033.1	328	LK408_RS17590
NZ_JAJFOJ010000002.1	993152	993547		minus	methylglyoxal synthase		75164040	protein-coding		WP_007890035.1	131	LK408_RS17595
NZ_JAJFOJ010000002.1	993565	994668		minus	FtsW/RodA/SpoVE family cell cycle protein		75164041	protein-coding		WP_007890038.1	367	LK408_RS17600
NZ_JAJFOJ010000002.1	994647	994865		minus	cell division topological specificity factor MinE		75164042	protein-coding		WP_007890042.1	72	LK408_RS17605
NZ_JAJFOJ010000002.1	994899	995705		minus	septum site-determining protein MinD	minD	75164043	protein-coding		WP_007890047.1	268	LK408_RS17610
NZ_JAJFOJ010000002.1	995727	998558		minus	penicillin-binding transpeptidase domain-containing protein		75164044	protein-coding		WP_227970687.1	943	LK408_RS17615
NZ_JAJFOJ010000002.1	998551	999069		minus	rod shape-determining protein MreD	mreD	75164045	protein-coding		WP_007890056.1	172	LK408_RS17620
NZ_JAJFOJ010000002.1	999085	999942		minus	rod shape-determining protein MreC	mreC	75164046	protein-coding		WP_007890058.1	285	LK408_RS17625
NZ_JAJFOJ010000002.1	999993	1001009		minus	rod shape-determining protein		75164047	protein-coding		WP_044928608.1	338	LK408_RS17630
NZ_JAJFOJ010000002.1	1001090	1001782		minus	RadC family protein	radC	75164048	protein-coding		WP_007890061.1	230	LK408_RS17635
NZ_JAJFOJ010000002.1	1001843	1003141		minus	methionine gamma-lyase family protein		75164049	protein-coding		WP_021922734.1	432	LK408_RS17640
NZ_JAJFOJ010000002.1	1003219	1004172		minus	tRNA (adenosine(37)-N6)-dimethylallyltransferase MiaA	miaA	75164050	protein-coding		WP_007890064.1	317	LK408_RS17645
NZ_JAJFOJ010000002.1	1004178	1006121		minus	DNA mismatch repair endonuclease MutL	mutL	75164051	protein-coding		WP_007890065.1	647	LK408_RS17650
NZ_JAJFOJ010000002.1	1006161	1008785		minus	DNA mismatch repair protein MutS	mutS	75164052	protein-coding		WP_055301930.1	874	LK408_RS17655
NZ_JAJFOJ010000002.1	1008873	1010465		minus	NAD(P)/FAD-dependent oxidoreductase		75164053	protein-coding		WP_227970688.1	530	LK408_RS17660
NZ_JAJFOJ010000002.1	1010550	1011791		minus	BaiN/RdsA family NAD(P)/FAD-dependent oxidoreductase		75164054	protein-coding		WP_007890069.1	413	LK408_RS17665
NZ_JAJFOJ010000002.1	1011935	1012291		minus	hypothetical protein		75164055	protein-coding		WP_172727158.1	118	LK408_RS17670
NZ_JAJFOJ010000002.1	1012373	1014028		minus	putative polysaccharide biosynthesis protein		75164056	protein-coding		WP_021922727.1	551	LK408_RS17675
NZ_JAJFOJ010000002.1	1014048	1014545		minus	rRNA maturation RNase YbeY	ybeY	75164057	protein-coding		WP_007890074.1	165	LK408_RS17680
NZ_JAJFOJ010000002.1	1014542	1015726		minus	hypothetical protein		75164058	protein-coding		WP_007890075.1	394	LK408_RS17685
NZ_JAJFOJ010000002.1	1015727	1016728		minus	PhoH family protein		75164059	protein-coding		WP_227970689.1	333	LK408_RS17690
NZ_JAJFOJ010000002.1	1016715	1017962		minus	sporulation protein YqfD		75164060	protein-coding		WP_021922723.1	415	LK408_RS17695
NZ_JAJFOJ010000002.1	1017962	1018243		minus	YabP/YqfC family sporulation protein		75164061	protein-coding		WP_227970690.1	93	LK408_RS17700
NZ_JAJFOJ010000002.1	1018252	1018875		minus	nucleotidyltransferase family protein		75164062	protein-coding		WP_227970691.1	207	LK408_RS17705
NZ_JAJFOJ010000002.1	1018872	1021145		minus	xanthine dehydrogenase family protein molybdopterin-binding subunit		75164063	protein-coding		WP_007890081.1	757	LK408_RS17710
NZ_JAJFOJ010000002.1	1021186	1021647		minus	(2Fe-2S)-binding protein		75164064	protein-coding		WP_007890082.1	153	LK408_RS17715
NZ_JAJFOJ010000002.1	1021644	1022426		minus	FAD binding domain-containing protein		75164065	protein-coding		WP_007890083.1	260	LK408_RS17720
NZ_JAJFOJ010000002.1	1022482	1022961		minus	23S rRNA (pseudouridine(1915)-N(3))-methyltransferase RlmH	rlmH	75164066	protein-coding		WP_007890084.1	159	LK408_RS17725
NZ_JAJFOJ010000002.1	1023050	1023526		plus	hypothetical protein		75164067	protein-coding		WP_007890085.1	158	LK408_RS17730
NZ_JAJFOJ010000002.1	1023645	1024226		plus	xanthine phosphoribosyltransferase		75164068	protein-coding		WP_007890086.1	193	LK408_RS17735
NZ_JAJFOJ010000002.1	1024474	1024944		plus	IS200/IS605 family transposase	tnpA	75164069	protein-coding		WP_055040627.1	156	LK408_RS17740
NZ_JAJFOJ010000002.1	1025115	1026272		minus	FN3 associated domain-containing protein		75164070	protein-coding		WP_009860812.1	385	LK408_RS17745
NZ_JAJFOJ010000002.1	1026300	1027142		minus	bifunctional methylenetetrahydrofolate dehydrogenase/methenyltetrahydrofolate cyclohydrolase FolD	folD	75164071	protein-coding		WP_009860813.1	280	LK408_RS17750
NZ_JAJFOJ010000002.1	1027181	1028851		minus	formate--tetrahydrofolate ligase		75164072	protein-coding		WP_009860814.1	556	LK408_RS17755
NZ_JAJFOJ010000002.1	1028956	1031571		minus	FtsK/SpoIIIE family DNA translocase		75164073	protein-coding		WP_009860815.1	871	LK408_RS17760
NZ_JAJFOJ010000002.1	1031596	1032501		minus	undecaprenyl-diphosphate phosphatase		75164074	protein-coding		WP_009860816.1	301	LK408_RS17765
NZ_JAJFOJ010000002.1	1032615	1033310		minus	ClpP family protease		75164075	protein-coding		WP_009860817.1	231	LK408_RS17770
NZ_JAJFOJ010000002.1	1033393	1034850		minus	glycogen synthase GlgA	glgA	75164076	protein-coding		WP_055039364.1	485	LK408_RS17775
NZ_JAJFOJ010000002.1	1034993	1035721		minus	YebC/PmpR family DNA-binding transcriptional regulator		75164077	protein-coding		WP_118125083.1	242	LK408_RS17780
NZ_JAJFOJ010000002.1	1035815	1036735		minus	hemolysin family protein		75164078	protein-coding		WP_055039365.1	306	LK408_RS17785
NZ_JAJFOJ010000002.1	1036809	1037156		minus	type II toxin-antitoxin system PemK/MazF family toxin		75164079	protein-coding		WP_009860823.1	115	LK408_RS17790
NZ_JAJFOJ010000002.1	1037266	1038438		minus	alanine racemase	alr	75164080	protein-coding		WP_009860824.1	390	LK408_RS17795
NZ_JAJFOJ010000002.1	1038475	1039974		minus	NAD(P)H-hydrate dehydratase		75164081	protein-coding		WP_009860825.1	499	LK408_RS17800
NZ_JAJFOJ010000002.1	1040061	1040702		minus	redox-sensing transcriptional repressor Rex		75164082	protein-coding		WP_009860826.1	213	LK408_RS17805
NZ_JAJFOJ010000002.1	1040858	1042789		minus	ABC-F family ATP-binding cassette domain-containing protein		75164083	protein-coding		WP_227970692.1	643	LK408_RS17810
NZ_JAJFOJ010000002.1	1042786	1044000		minus	NADP-dependent isocitrate dehydrogenase		75164084	protein-coding		WP_227970693.1	404	LK408_RS17815
NZ_JAJFOJ010000002.1	1044046	1044708		minus	GntR family transcriptional regulator		75164085	protein-coding		WP_227970694.1	220	LK408_RS17820
NZ_JAJFOJ010000002.1	1044711	1046102		minus	2-isopropylmalate synthase		75164086	protein-coding		WP_044928634.1	463	LK408_RS17825
NZ_JAJFOJ010000002.1	1046269	1047327		minus	response regulator		75164087	protein-coding		WP_021922705.1	352	LK408_RS17830
NZ_JAJFOJ010000002.1	1047513	1047728		plus	hypothetical protein		75164088	protein-coding		WP_021922704.1	71	LK408_RS17835
NZ_JAJFOJ010000002.1	1047814	1047963		minus	hypothetical protein		75164089	protein-coding		WP_009860837.1	49	LK408_RS17840
NZ_JAJFOJ010000002.1	1048069	1048401		plus	hypothetical protein		75164090	protein-coding		WP_021923099.1	110	LK408_RS17845
NZ_JAJFOJ010000002.1	1048449	1048736		plus	hypothetical protein		75164091	protein-coding		WP_009860840.1	95	LK408_RS17850
NZ_JAJFOJ010000002.1	1048794	1050107		minus	InlB B-repeat-containing protein		75164092	protein-coding		WP_009860841.1	437	LK408_RS17855
NZ_JAJFOJ010000002.1	1050126	1052216		minus	elongation factor G		75164093	protein-coding		WP_044928638.1	696	LK408_RS17860
NZ_JAJFOJ010000002.1	1052620	1053729		plus	prephenate dehydrogenase		75164094	protein-coding		WP_009860843.1	369	LK408_RS17865
NZ_JAJFOJ010000002.1	1053759	1054715		minus	carbohydrate kinase family protein		75164095	protein-coding		WP_009860844.1	318	LK408_RS17870
NZ_JAJFOJ010000002.1	1054777	1056294		minus	glycoside hydrolase family 32 protein		75164096	protein-coding		WP_009860845.1	505	LK408_RS17875
NZ_JAJFOJ010000002.1	1056311	1057981		minus	type 2 periplasmic-binding domain-containing protein		75164097	protein-coding		WP_009860846.1	556	LK408_RS17880
NZ_JAJFOJ010000002.1	1058001	1058897		minus	carbohydrate ABC transporter permease		75164098	protein-coding		WP_118587970.1	298	LK408_RS17885
NZ_JAJFOJ010000002.1	1058910	1059848		minus	ABC transporter permease		75164099	protein-coding		WP_009860849.1	312	LK408_RS17890
NZ_JAJFOJ010000002.1	1060105	1061130		plus	LacI family DNA-binding transcriptional regulator		75164100	protein-coding		WP_009860850.1	341	LK408_RS17895
NZ_JAJFOJ010000002.1	1061164	1061934		minus	TraX family protein		75164101	protein-coding		WP_118587968.1	256	LK408_RS17900
NZ_JAJFOJ010000002.1	1061977	1062318		minus	PilZ domain-containing protein		75164102	protein-coding		WP_009860853.1	113	LK408_RS17905
NZ_JAJFOJ010000002.1	1062387	1063424		minus	tRNA preQ1(34) S-adenosylmethionine ribosyltransferase-isomerase QueA	queA	75164103	protein-coding		WP_009860854.1	345	LK408_RS17910
NZ_JAJFOJ010000002.1	1063503	1065920		minus	phenylalanine--tRNA ligase subunit beta	pheT	75164104	protein-coding		WP_009860855.1	805	LK408_RS17915
NZ_JAJFOJ010000002.1	1066193	1067215		minus	phenylalanine--tRNA ligase subunit alpha	pheS	75164105	protein-coding		WP_044928641.1	340	LK408_RS17920
NZ_JAJFOJ010000002.1	1067817	1068668		minus	YihY/virulence factor BrkB family protein		75164106	protein-coding		WP_055167466.1	283	LK408_RS17925
NZ_JAJFOJ010000002.1	1068696	1070933		minus	SpoIID/LytB domain-containing protein		75164107	protein-coding		WP_227970695.1	745	LK408_RS17930
NZ_JAJFOJ010000002.1	1071195	1071387		minus	6S RNA	ssrS	75164108	ncRNA				LK408_RS17935
NZ_JAJFOJ010000002.1	1071526	1071963		minus	cytidine deaminase		75164109	protein-coding		WP_118579283.1	145	LK408_RS17940
NZ_JAJFOJ010000002.1	1072183	1073550		plus	citrate/2-methylcitrate synthase		75164110	protein-coding		WP_009860861.1	455	LK408_RS17945
NZ_JAJFOJ010000002.1	1073638	1073970		minus	hypothetical protein		75164111	protein-coding		WP_227970696.1	110	LK408_RS17950
NZ_JAJFOJ010000002.1	1074191	1074568		plus	response regulator		75164112	protein-coding		WP_021923117.1	125	LK408_RS17955
NZ_JAJFOJ010000002.1	1074572	1075459		plus	chemotaxis protein CheX		75164113	protein-coding		WP_009860864.1	295	LK408_RS17960
NZ_JAJFOJ010000002.1	1075588	1077081		minus	threonine synthase	thrC	75164114	protein-coding		WP_021923119.1	497	LK408_RS17965
NZ_JAJFOJ010000002.1	1077152	1078951		minus	methyl-accepting chemotaxis protein		75164115	protein-coding		WP_021923120.1	599	LK408_RS17970
NZ_JAJFOJ010000002.1	1079232	1080029		plus	hypothetical protein		75164116	protein-coding		WP_009860867.1	265	LK408_RS17975
NZ_JAJFOJ010000002.1	1080139	1080627		minus	3-isopropylmalate dehydratase small subunit	leuD	75164117	protein-coding		WP_009860868.1	162	LK408_RS17980
NZ_JAJFOJ010000002.1	1080763	1082025		minus	3-isopropylmalate dehydratase large subunit	leuC	75164118	protein-coding		WP_021923122.1	420	LK408_RS17985
NZ_JAJFOJ010000002.1	1082411	1083304		plus	LysR family transcriptional regulator		75164119	protein-coding		WP_055039812.1	297	LK408_RS17990
NZ_JAJFOJ010000002.1	1083441	1085858		minus	leucine--tRNA ligase	leuS	75164120	protein-coding		WP_009860872.1	805	LK408_RS17995
NZ_JAJFOJ010000002.1	1086254	1087528		minus	sugar transferase		75164121	protein-coding		WP_081453942.1	424	LK408_RS18000
NZ_JAJFOJ010000002.1	1087557	1088546		minus	LCP family protein		75164122	protein-coding		WP_049888004.1	329	LK408_RS18005
NZ_JAJFOJ010000002.1	1088616	1089182		minus	hypothetical protein		75164123	protein-coding		WP_009860875.1	188	LK408_RS18010
NZ_JAJFOJ010000002.1	1089182	1089433		minus	hypothetical protein		75164124	protein-coding		WP_172727160.1	83	LK408_RS18015
NZ_JAJFOJ010000002.1	1089438	1089839		minus	hypothetical protein		75164125	protein-coding		WP_227970697.1	133	LK408_RS18020
NZ_JAJFOJ010000002.1	1090086	1094435		minus	transglutaminase domain-containing protein		75164126	protein-coding		WP_227970698.1	1449	LK408_RS18025
NZ_JAJFOJ010000002.1	1094608	1096065		plus	uncharacterized gene		88554028	pseudogene				LK408_RS20645
NZ_JAJFOJ010000002.1	1096632	1097321		minus	IS66 family transposase		75164128	protein-coding		WP_227970699.1	229	LK408_RS18035
NZ_JAJFOJ010000002.1	1097275	1097934		minus	IS66 family transposase	tnpC	75164129	protein-coding		WP_265336118.1	219	LK408_RS18040
NZ_JAJFOJ010000002.1	1097931	1098326		minus	exodeoxyribonuclease VII large subunit		75164130	protein-coding		WP_007882210.1	131	LK408_RS18045
NZ_JAJFOJ010000002.1	1098579	1100117		plus	IS21 family transposase	istA	75164131	protein-coding		WP_227970700.1	512	LK408_RS18050
NZ_JAJFOJ010000002.1	1100124	1100900		plus	IS21-like element helper ATPase IstB	istB	75164132	protein-coding		WP_007882226.1	258	LK408_RS18055
NZ_JAJFOJ010000002.1	1100972	1101547		plus	hypothetical protein		75164133	protein-coding		WP_227970701.1	191	LK408_RS18060
NZ_JAJFOJ010000002.1	1101720	1102412		minus	L-ribulose-5-phosphate 4-epimerase		75164134	protein-coding		WP_007882232.1	230	LK408_RS18065
NZ_JAJFOJ010000002.1	1102671	1103910		minus	uncharacterized gene		75164135	pseudogene				LK408_RS18070
NZ_JAJFOJ010000002.1	1104096	1105515		minus	uncharacterized gene		97128131	pseudogene				LK408_RS20725
NZ_JAJFOJ010000002.1	1105897	1106298		plus	HTH domain-containing protein		75164139	protein-coding		WP_007886408.1	133	LK408_RS18090
NZ_JAJFOJ010000002.1	1106298	1107272		plus	IS3 family transposase		75164140	protein-coding		WP_055040552.1	324	LK408_RS18095
NZ_JAJFOJ010000002.1	1107364	1108729		plus	uncharacterized gene		75164141	pseudogene				LK408_RS18100
NZ_JAJFOJ010000002.1	1109395	1110309		minus	IS3 family transposase		75164142	protein-coding		WP_227970703.1	304	LK408_RS18105
NZ_JAJFOJ010000002.1	1110306	1110590		minus	transposase		75164143	protein-coding		WP_007889554.1	94	LK408_RS18110
NZ_JAJFOJ010000002.1	1110813	1111334		minus	KdsC family phosphatase		75164144	protein-coding		WP_227970704.1	173	LK408_RS18115
NZ_JAJFOJ010000002.1	1111559	1111762		minus	uncharacterized gene		97128132	pseudogene				LK408_RS20730
NZ_JAJFOJ010000002.1	1112491	1113261		minus	CatB-related O-acetyltransferase		75164146	protein-coding		WP_227970705.1	256	LK408_RS18125
NZ_JAJFOJ010000002.1	1113556	1114290		minus	3-deoxy-manno-octulosonate cytidylyltransferase		75164147	protein-coding		WP_227970706.1	244	LK408_RS18130
NZ_JAJFOJ010000002.1	1114293	1115876		minus	polysialyltransferase family glycosyltransferase		75164148	protein-coding		WP_007889803.1	527	LK408_RS18135
NZ_JAJFOJ010000002.1	1115885	1118299		minus	HAD family hydrolase		75164149	protein-coding		WP_227970707.1	804	LK408_RS18140
NZ_JAJFOJ010000002.1	1118320	1119894		minus	hypothetical protein		75164150	protein-coding		WP_227970708.1	524	LK408_RS18145
NZ_JAJFOJ010000002.1	1119942	1122152		minus	HAD family hydrolase		75164151	protein-coding		WP_227970709.1	736	LK408_RS18150
NZ_JAJFOJ010000002.1	1122154	1124244		minus	ATP-binding cassette domain-containing protein		86263569	protein-coding		WP_321576012.1	696	LK408_RS20315
NZ_JAJFOJ010000002.1	1124248	1126146		minus	ABC transporter permease		75164154	protein-coding		WP_227970710.1	632	LK408_RS18165
NZ_JAJFOJ010000002.1	1126174	1127574		minus	hypothetical protein		75164155	protein-coding		WP_227970711.1	466	LK408_RS18170
NZ_JAJFOJ010000002.1	1127564	1128517		minus	SH3 domain-containing protein		75164156	protein-coding		WP_227970712.1	317	LK408_RS18175
NZ_JAJFOJ010000002.1	1128444	1129355		minus	glycosyltransferase family 2 protein		75164157	protein-coding		WP_049888000.1	303	LK408_RS18180
NZ_JAJFOJ010000002.1	1129374	1130525		minus	glycosyltransferase family 4 protein		75164158	protein-coding		WP_118092049.1	383	LK408_RS18185
NZ_JAJFOJ010000002.1	1130526	1131998		minus	LCP family protein		75164159	protein-coding		WP_227970713.1	490	LK408_RS18190
NZ_JAJFOJ010000002.1	1132480	1132842		plus	helix-turn-helix domain-containing protein		75164160	protein-coding		WP_007889834.1	120	LK408_RS18195
NZ_JAJFOJ010000002.1	1132911	1134653		plus	Rqc2 family fibronectin-binding protein		75164161	protein-coding		WP_007889835.1	580	LK408_RS18200
NZ_JAJFOJ010000002.1	1134693	1135484		minus	histidinol-phosphatase		75164162	protein-coding		WP_007889836.1	263	LK408_RS18205
NZ_JAJFOJ010000002.1	1135555	1136685		minus	glycoside hydrolase family 88/105 protein		75164163	protein-coding		WP_007889837.1	376	LK408_RS18210
NZ_JAJFOJ010000002.1	1137167	1137373		plus	alpha/beta-type small acid-soluble spore protein		75164164	protein-coding		WP_007889838.1	68	LK408_RS18215
NZ_JAJFOJ010000002.1	1137461	1139518		minus	ATP-dependent DNA helicase RecG	recG	75164165	protein-coding		WP_227970714.1	685	LK408_RS18220
NZ_JAJFOJ010000002.1	1139523	1141238		minus	DAK2 domain-containing protein		75164166	protein-coding		WP_007889841.1	571	LK408_RS18225
NZ_JAJFOJ010000002.1	1141253	1141612		minus	Asp23/Gls24 family envelope stress response protein		75164167	protein-coding		WP_044928559.1	119	LK408_RS18230
NZ_JAJFOJ010000002.1	1141864	1142049		plus	50S ribosomal protein L28	rpmB	75164168	protein-coding		WP_021924131.1	61	LK408_RS18235
NZ_JAJFOJ010000002.1	1142285	1142425		minus	hypothetical protein		75164169	protein-coding		WP_007889844.1	46	LK408_RS18240
NZ_JAJFOJ010000002.1	1142488	1144050		minus	ABC transporter transmembrane domain-containing protein		75164170	protein-coding		WP_055039786.1	520	LK408_RS18245
NZ_JAJFOJ010000002.1	1144084	1145268		minus	radical SAM protein		75164171	protein-coding		WP_021924133.1	394	LK408_RS18250
NZ_JAJFOJ010000002.1	1145728	1146678		minus	helix-turn-helix domain-containing protein		75164172	protein-coding		WP_021924135.1	316	LK408_RS18255
NZ_JAJFOJ010000002.1	1146642	1147592		minus	helix-turn-helix domain-containing protein		75164173	protein-coding		WP_172727071.1	316	LK408_RS18260
NZ_JAJFOJ010000002.1	1147598	1148038		minus	GerW family sporulation protein		75164174	protein-coding		WP_007885242.1	146	LK408_RS18265
NZ_JAJFOJ010000002.1	1148158	1149090		minus	DUF2953 domain-containing protein		75164175	protein-coding		WP_007885244.1	310	LK408_RS18270
NZ_JAJFOJ010000002.1	1149087	1149416		minus	hypothetical protein		75164176	protein-coding		WP_007885246.1	109	LK408_RS18275
NZ_JAJFOJ010000002.1	1149430	1149882		minus	NUDIX hydrolase		75164177	protein-coding		WP_007885248.1	150	LK408_RS18280
NZ_JAJFOJ010000002.1	1149973	1151457		minus	peptidoglycan D,D-transpeptidase FtsI family protein		75164178	protein-coding		WP_118202235.1	494	LK408_RS18285
NZ_JAJFOJ010000002.1	1151375	1152769		minus	FtsW/RodA/SpoVE family cell cycle protein		75164179	protein-coding		WP_021924138.1	464	LK408_RS18290
NZ_JAJFOJ010000002.1	1152773	1154971		minus	U32 family peptidase		75164180	protein-coding		WP_007882918.1	732	LK408_RS18295
NZ_JAJFOJ010000002.1	1155044	1155550		minus	cell division protein ZapA	zapA	75164181	protein-coding		WP_021924140.1	168	LK408_RS18300
NZ_JAJFOJ010000002.1	1155658	1156650		minus	Holliday junction branch migration DNA helicase RuvB	ruvB	75164182	protein-coding		WP_007882908.1	330	LK408_RS18305
NZ_JAJFOJ010000002.1	1156666	1157277		minus	Holliday junction branch migration protein RuvA	ruvA	75164183	protein-coding		WP_007882907.1	203	LK408_RS18310
NZ_JAJFOJ010000002.1	1157305	1158747		minus	tRNA (N6-isopentenyl adenosine(37)-C2)-methylthiotransferase MiaB	miaB	75164184	protein-coding		WP_007882906.1	480	LK408_RS18315
NZ_JAJFOJ010000002.1	1158851	1160116		minus	glutamate-5-semialdehyde dehydrogenase		75164185	protein-coding		WP_007882905.1	421	LK408_RS18320
NZ_JAJFOJ010000002.1	1160118	1160684		minus	5-formyltetrahydrofolate cyclo-ligase		75164186	protein-coding		WP_118092063.1	188	LK408_RS18325
NZ_JAJFOJ010000002.1	1160656	1160883		minus	DUF896 domain-containing protein		75164187	protein-coding		WP_021924145.1	75	LK408_RS18330
NZ_JAJFOJ010000002.1	1160883	1161734		minus	glutamate 5-kinase	proB	75164188	protein-coding		WP_007882896.1	283	LK408_RS18335
NZ_JAJFOJ010000002.1	1162129	1162920		minus	RnfABCDGE type electron transport complex subunit B	rnfB	75164189	protein-coding		WP_007882894.1	263	LK408_RS18340
NZ_JAJFOJ010000002.1	1162934	1163530		minus	electron transport complex protein RnfA		75164190	protein-coding		WP_007882893.1	198	LK408_RS18345
NZ_JAJFOJ010000002.1	1163545	1164264		minus	electron transport complex subunit RsxE	rsxE	75164191	protein-coding		WP_055040458.1	239	LK408_RS18350
NZ_JAJFOJ010000002.1	1164264	1164872		minus	FMN-binding protein		75164192	protein-coding		WP_007882891.1	202	LK408_RS18355
NZ_JAJFOJ010000002.1	1164876	1165823		minus	RnfABCDGE type electron transport complex subunit D		75164193	protein-coding		WP_081453859.1	315	LK408_RS18360
NZ_JAJFOJ010000002.1	1165890	1167209		minus	electron transport complex subunit RsxC	rsxC	75164194	protein-coding		WP_118092065.1	439	LK408_RS18365
NZ_JAJFOJ010000002.1	1167470	1168573		plus	ribonuclease H-like domain-containing protein		75164195	protein-coding		WP_215679561.1	367	LK408_RS18370
NZ_JAJFOJ010000002.1	1168570	1169961		minus	MATE family efflux transporter		75164196	protein-coding		WP_007882873.1	463	LK408_RS18375
NZ_JAJFOJ010000002.1	1170105	1170944		plus	helix-turn-helix transcriptional regulator		75164197	protein-coding		WP_007882868.1	279	LK408_RS18380
NZ_JAJFOJ010000002.1	1170969	1171745		minus	CheR family methyltransferase		75164198	protein-coding		WP_007882866.1	258	LK408_RS18385
NZ_JAJFOJ010000002.1	1171747	1172844		minus	30S ribosomal protein S1	rpsA	75164199	protein-coding		WP_007882865.1	365	LK408_RS18390
NZ_JAJFOJ010000002.1	1172825	1173679		minus	4-hydroxy-3-methylbut-2-enyl diphosphate reductase	ispH	75164200	protein-coding		WP_118092069.1	284	LK408_RS18395
NZ_JAJFOJ010000002.1	1173736	1174407		minus	(d)CMP kinase	cmk	75164201	protein-coding		WP_044926965.1	223	LK408_RS18400
NZ_JAJFOJ010000002.1	1174482	1175729		minus	BaiN/RdsA family NAD(P)/FAD-dependent oxidoreductase		75164202	protein-coding		WP_007882855.1	415	LK408_RS18405
NZ_JAJFOJ010000002.1	1175722	1176654		minus	MurR/RpiR family transcriptional regulator		75164203	protein-coding		WP_007882852.1	310	LK408_RS18410
NZ_JAJFOJ010000002.1	1176812	1178230		minus	oxaloacetate decarboxylase subunit alpha		75164204	protein-coding		WP_007882851.1	472	LK408_RS18415
NZ_JAJFOJ010000002.1	1178246	1179394		minus	sodium ion-translocating decarboxylase subunit beta		75164205	protein-coding		WP_007882850.1	382	LK408_RS18420
NZ_JAJFOJ010000002.1	1179413	1179784		minus	biotin/lipoyl-containing protein		75164206	protein-coding		WP_007882848.1	123	LK408_RS18425
NZ_JAJFOJ010000002.1	1179849	1180616		minus	OadG family protein		75164207	protein-coding		WP_118110182.1	255	LK408_RS18430
NZ_JAJFOJ010000002.1	1180629	1182065		minus	acyl-CoA carboxylase subunit beta		75164208	protein-coding		WP_227970715.1	478	LK408_RS18435
NZ_JAJFOJ010000002.1	1182193	1183425		minus	D-alanyl-D-alanine carboxypeptidase family protein		75164209	protein-coding		WP_007882843.1	410	LK408_RS18440
NZ_JAJFOJ010000002.1	1183462	1184031		minus	SMC-Scp complex subunit ScpB	scpB	75164210	protein-coding		WP_007882840.1	189	LK408_RS18445
NZ_JAJFOJ010000002.1	1184061	1184810		minus	segregation and condensation protein A		75164211	protein-coding		WP_007882834.1	249	LK408_RS18450
NZ_JAJFOJ010000002.1	1185028	1186293		plus	D-alanyl-D-alanine carboxypeptidase family protein		75164212	protein-coding		WP_007882833.1	421	LK408_RS18455
NZ_JAJFOJ010000002.1	1186391	1187926		minus	cardiolipin synthase	cls	75164213	protein-coding		WP_007882832.1	511	LK408_RS18460
NZ_JAJFOJ010000002.1	1187977	1188885		minus	S8 family peptidase		75164214	protein-coding		WP_044926960.1	302	LK408_RS18465
NZ_JAJFOJ010000002.1	1189061	1191154		minus	polyribonucleotide nucleotidyltransferase		75164215	protein-coding		WP_007882830.1	697	LK408_RS18470
NZ_JAJFOJ010000002.1	1191374	1191640		minus	30S ribosomal protein S15	rpsO	75164216	protein-coding		WP_021924165.1	88	LK408_RS18475
NZ_JAJFOJ010000002.1	1191910	1193226		plus	IS30 family transposase		75164218	protein-coding		WP_118112236.1	438	LK408_RS18485
NZ_JAJFOJ010000002.1	1193490	1194611		minus	C40 family peptidase		75164219	protein-coding		WP_007882769.1	373	LK408_RS18490
NZ_JAJFOJ010000002.1	1194786	1195709		minus	bifunctional riboflavin kinase/FAD synthetase		75164220	protein-coding		WP_007882770.1	307	LK408_RS18495
NZ_JAJFOJ010000002.1	1195706	1196641		minus	tRNA pseudouridine(55) synthase TruB	truB	75164221	protein-coding		WP_007882771.1	311	LK408_RS18500
NZ_JAJFOJ010000002.1	1196668	1197615		minus	DHH family phosphoesterase		75164222	protein-coding		WP_055302260.1	315	LK408_RS18505
NZ_JAJFOJ010000002.1	1197618	1197992		minus	30S ribosome-binding factor RbfA	rbfA	75164223	protein-coding		WP_007882773.1	124	LK408_RS18510
NZ_JAJFOJ010000002.1	1198009	1200963		minus	translation initiation factor IF-2	infB	75164224	protein-coding		WP_081453856.1	984	LK408_RS18515
NZ_JAJFOJ010000002.1	1200981	1201301		minus	L7Ae/L30e/S12e/Gadd45 family ribosomal protein		75164225	protein-coding		WP_021924172.1	106	LK408_RS18520
NZ_JAJFOJ010000002.1	1201288	1201563		minus	RNase P modulator RnpM	rnpM	75164226	protein-coding		WP_007882777.1	91	LK408_RS18525
NZ_JAJFOJ010000002.1	1201580	1202737		minus	transcription termination factor NusA	nusA	75164227	protein-coding		WP_044926942.1	385	LK408_RS18530
NZ_JAJFOJ010000002.1	1202774	1203241		minus	ribosome maturation factor RimP		75164228	protein-coding		WP_021924174.1	155	LK408_RS18535
NZ_JAJFOJ010000002.1	1203473	1203544		minus	tRNA-Glu		75164229	tRNA				LK408_RS18540
NZ_JAJFOJ010000002.1	1203626	1205614		minus	methyl-accepting chemotaxis protein		75164230	protein-coding		WP_044926944.1	662	LK408_RS18545
NZ_JAJFOJ010000002.1	1205776	1205847		minus	tRNA-Glu		75164231	tRNA				LK408_RS18550
NZ_JAJFOJ010000002.1	1205995	1207443		minus	4Fe-4S dicluster domain-containing protein		75164232	protein-coding		WP_227970717.1	482	LK408_RS18555
NZ_JAJFOJ010000002.1	1207630	1208913		minus	dicarboxylate/amino acid:cation symporter		75164233	protein-coding		WP_007882785.1	427	LK408_RS18560
NZ_JAJFOJ010000002.1	1208903	1209760		minus	dTDP-4-dehydrorhamnose reductase	rfbD	75164234	protein-coding		WP_007882786.1	285	LK408_RS18565
NZ_JAJFOJ010000002.1	1209938	1210699		minus	amino acid ABC transporter ATP-binding protein		75164235	protein-coding		WP_007882787.1	253	LK408_RS18570
NZ_JAJFOJ010000002.1	1210740	1211390		minus	amino acid ABC transporter permease		75164236	protein-coding		WP_007882788.1	216	LK408_RS18575
NZ_JAJFOJ010000002.1	1211436	1212239		minus	amino acid ABC transporter substrate-binding protein		75164237	protein-coding		WP_007882789.1	267	LK408_RS18580
NZ_JAJFOJ010000002.1	1212404	1214344		minus	response regulator		75164238	protein-coding		WP_055167394.1	646	LK408_RS18585
NZ_JAJFOJ010000002.1	1214504	1215187		minus	lysoplasmalogenase family protein		75164239	protein-coding		WP_055167396.1	227	LK408_RS18590
NZ_JAJFOJ010000002.1	1215197	1216552		minus	MATE family efflux transporter		75164240	protein-coding		WP_007882795.1	451	LK408_RS18595
NZ_JAJFOJ010000002.1	1216545	1217921		minus	RsmF rRNA methyltransferase first C-terminal domain-containing protein		75164241	protein-coding		WP_118092099.1	458	LK408_RS18600
NZ_JAJFOJ010000002.1	1217985	1220687		minus	translation factor GTPase family protein		75164242	protein-coding		WP_007882802.1	900	LK408_RS18605
NZ_JAJFOJ010000002.1	1221125	1221868		minus	cell wall hydrolase		75164243	protein-coding		WP_044926949.1	247	LK408_RS18610
NZ_JAJFOJ010000002.1	1222188	1223696		minus	ATP-binding protein		75164244	protein-coding		WP_007882812.1	502	LK408_RS18615
NZ_JAJFOJ010000002.1	1223686	1225023		minus	vWA domain-containing protein		75164245	protein-coding		WP_007882814.1	445	LK408_RS18620
NZ_JAJFOJ010000002.1	1225294	1226400		minus	leucine-rich repeat protein		75164246	protein-coding		WP_007882820.1	368	LK408_RS18625
NZ_JAJFOJ010000002.1	1226440	1227786		minus	MATE family efflux transporter		75164247	protein-coding		WP_007882821.1	448	LK408_RS18630
NZ_JAJFOJ010000002.1	1227791	1229155		minus	MATE family efflux transporter		75164248	protein-coding		WP_021924190.1	454	LK408_RS18635
NZ_JAJFOJ010000002.1	1229314	1230906		minus	hydroxylamine reductase	hcp	75164249	protein-coding		WP_182384046.1	530	LK408_RS18640
NZ_JAJFOJ010000002.1	1231065	1232369		minus	methyl-accepting chemotaxis protein		75164250	protein-coding		WP_007882823.1	434	LK408_RS18645
NZ_JAJFOJ010000002.1	1232533	1233327		plus	HAD family hydrolase		75164251	protein-coding		WP_055302912.1	264	LK408_RS18650
NZ_JAJFOJ010000002.1	1233351	1234841		minus	methyl-accepting chemotaxis protein		75164252	protein-coding		WP_007885288.1	496	LK408_RS18655
NZ_JAJFOJ010000002.1	1234975	1236057		minus	GGDEF domain-containing protein		75164253	protein-coding		WP_007885287.1	360	LK408_RS18660
NZ_JAJFOJ010000002.1	1236214	1238079		minus	heavy metal translocating P-type ATPase		75164254	protein-coding		WP_044927480.1	621	LK408_RS18665
NZ_JAJFOJ010000002.1	1238186	1238404		minus	cation transporter		75164255	protein-coding		WP_021924197.1	72	LK408_RS18670
NZ_JAJFOJ010000002.1	1238424	1238783		minus	ArsR/SmtB family transcription factor		75164256	protein-coding		WP_007885283.1	119	LK408_RS18675
NZ_JAJFOJ010000002.1	1239170	1240516		minus	MATE family efflux transporter		75164257	protein-coding		WP_021924198.1	448	LK408_RS18680
NZ_JAJFOJ010000002.1	1240513	1241223		minus	GTP pyrophosphokinase		75164258	protein-coding		WP_007885276.1	236	LK408_RS18685
NZ_JAJFOJ010000002.1	1241446	1242969		minus	4-alpha-glucanotransferase	malQ	75164259	protein-coding		WP_044927479.1	507	LK408_RS18690
NZ_JAJFOJ010000002.1	1243004	1244014		minus	LacI family DNA-binding transcriptional regulator		75164260	protein-coding		WP_007885271.1	336	LK408_RS18695
NZ_JAJFOJ010000002.1	1244090	1244962		minus	carbohydrate ABC transporter permease		75164261	protein-coding		WP_007885268.1	290	LK408_RS18700
NZ_JAJFOJ010000002.1	1244962	1245804		minus	carbohydrate ABC transporter permease		75164262	protein-coding		WP_044927478.1	280	LK408_RS18705
NZ_JAJFOJ010000002.1	1245892	1247316		minus	ABC transporter substrate-binding protein		75164263	protein-coding		WP_044927477.1	474	LK408_RS18710
NZ_JAJFOJ010000002.1	1247751	1249010		plus	chloride channel protein		75164264	protein-coding		WP_227970718.1	419	LK408_RS18715
NZ_JAJFOJ010000002.1	1249056	1249475		minus	helix-turn-helix domain-containing protein		75164265	protein-coding		WP_044927258.1	139	LK408_RS18720
NZ_JAJFOJ010000002.1	1249490	1250545		minus	acyltransferase family protein		75164266	protein-coding		WP_227970719.1	351	LK408_RS18725
NZ_JAJFOJ010000002.1	1250668	1251216		minus	GNAT family N-acetyltransferase		75164267	protein-coding		WP_044927259.1	182	LK408_RS18730
NZ_JAJFOJ010000002.1	1251628	1252305		plus	RpnC/YadD family protein		75164268	protein-coding		WP_044927261.1	225	LK408_RS18735
NZ_JAJFOJ010000002.1	1252387	1253046		minus	DUF3879 family protein		75164269	protein-coding		WP_007884203.1	219	LK408_RS18740
NZ_JAJFOJ010000002.1	1253123	1253773		minus	hypothetical protein		75164270	protein-coding		WP_007884205.1	216	LK408_RS18745
NZ_JAJFOJ010000002.1	1254066	1254260		minus	DUF3879 family protein		97128133	protein-coding		WP_081453879.1	64	LK408_RS20735
NZ_JAJFOJ010000002.1	1254170	1255042		minus	hypothetical protein		75164272	protein-coding		WP_007884206.1	290	LK408_RS18755
NZ_JAJFOJ010000002.1	1255079	1255798		minus	DUF6033 family protein		75164273	protein-coding		WP_007884207.1	239	LK408_RS18760
NZ_JAJFOJ010000002.1	1255782	1256819		minus	DUF4885 family protein		75164274	protein-coding		WP_007884208.1	345	LK408_RS18765
NZ_JAJFOJ010000002.1	1257028	1257573		minus	hypothetical protein		75164275	protein-coding		WP_044927262.1	181	LK408_RS18770
NZ_JAJFOJ010000002.1	1257621	1258562		minus	hypothetical protein		75164276	protein-coding		WP_227970720.1	313	LK408_RS18775
NZ_JAJFOJ010000002.1	1258672	1258812		minus	cyclic lactone autoinducer peptide		75164277	protein-coding		WP_007884217.1	46	LK408_RS18780
NZ_JAJFOJ010000002.1	1258805	1259395		minus	accessory gene regulator B family protein		75164278	protein-coding		WP_007884220.1	196	LK408_RS18785
NZ_JAJFOJ010000002.1	1259528	1260838		minus	sensor histidine kinase		75164279	protein-coding		WP_007884221.1	436	LK408_RS18790
NZ_JAJFOJ010000002.1	1260838	1261563		minus	LytR/AlgR family response regulator transcription factor		86263570	protein-coding		WP_044927263.1	241	LK408_RS20320
NZ_JAJFOJ010000002.1	1261777	1262010		minus	hypothetical protein		75164281	protein-coding		WP_007884223.1	77	LK408_RS18800
NZ_JAJFOJ010000002.1	1262315	1263106		minus	relaxase/mobilization nuclease domain-containing protein		75164282	protein-coding		WP_118092880.1	263	LK408_RS18805
NZ_JAJFOJ010000002.1	1263250	1263618		minus	IS200/IS605 family transposase	tnpA	75164283	protein-coding		WP_007884226.1	122	LK408_RS18810
NZ_JAJFOJ010000002.1	1263871	1264806		minus	hypothetical protein		75164284	protein-coding		WP_007884227.1	311	LK408_RS18815
NZ_JAJFOJ010000002.1	1265181	1266200		minus	asparaginase		75164285	protein-coding		WP_044927264.1	339	LK408_RS18820
NZ_JAJFOJ010000002.1	1266234	1267283		minus	threonine aldolase family protein		75164286	protein-coding		WP_007884231.1	349	LK408_RS18825
NZ_JAJFOJ010000002.1	1267280	1268011		minus	selenium cofactor biosynthesis protein YqeC	yqeC	88554029	protein-coding		WP_227970787.1	243	LK408_RS20650
NZ_JAJFOJ010000002.1	1267991	1269136		minus	uncharacterized gene		88554030	pseudogene				LK408_RS20655
NZ_JAJFOJ010000002.1	1269194	1270045		minus	selenium-dependent molybdenum cofactor biosynthesis protein YqeB	yqeB	75164289	protein-coding		WP_007884235.1	283	LK408_RS18840
NZ_JAJFOJ010000002.1	1270058	1270699		minus	sulfurtransferase-like selenium metabolism protein YedF	yedF	75164290	protein-coding		WP_007884237.1	213	LK408_RS18845
NZ_JAJFOJ010000002.1	1270761	1271780		minus	selenide, water dikinase SelD	selD	75164291	protein-coding		WP_007884241.1	339	LK408_RS18850
NZ_JAJFOJ010000002.1	1271925	1273136		plus	hypothetical protein		75164292	protein-coding		WP_007884244.1	403	LK408_RS18855
NZ_JAJFOJ010000002.1	1273654	1276056		minus	alpha-galactosidase		75164293	protein-coding		WP_007884248.1	800	LK408_RS18860
NZ_JAJFOJ010000002.1	1276071	1277483		minus	glycoside-pentoside-hexuronide (GPH):cation symporter		75164294	protein-coding		WP_055039871.1	470	LK408_RS18865
NZ_JAJFOJ010000002.1	1277517	1279007		minus	DUF6937 domain-containing protein		75164295	protein-coding		WP_007884251.1	496	LK408_RS18870
NZ_JAJFOJ010000002.1	1279028	1281466		minus	glycoside hydrolase family 2 protein		75164296	protein-coding		WP_227970721.1	812	LK408_RS18875
NZ_JAJFOJ010000002.1	1281512	1282069		minus	TetR/AcrR family transcriptional regulator		75164297	protein-coding		WP_007884255.1	185	LK408_RS18880
NZ_JAJFOJ010000002.1	1282341	1283609		plus	nickel pincer cofactor biosynthesis protein LarC	larC	75164298	protein-coding		WP_227970722.1	422	LK408_RS18885
NZ_JAJFOJ010000002.1	1283698	1284552		minus	tyrosine recombinase		75164299	protein-coding		WP_044927266.1	284	LK408_RS18890
NZ_JAJFOJ010000002.1	1284805	1285296		minus	hypothetical protein		75164300	protein-coding		WP_007884263.1	163	LK408_RS18895
NZ_JAJFOJ010000002.1	1285330	1285887		minus	NUDIX hydrolase		75164301	protein-coding		WP_007884264.1	185	LK408_RS18900
NZ_JAJFOJ010000002.1	1286017	1287564		minus	ribonuclease Y	rny	75164302	protein-coding		WP_007884265.1	515	LK408_RS18905
NZ_JAJFOJ010000002.1	1287789	1288400		minus	regulatory protein RecX		75164303	protein-coding		WP_007884266.1	203	LK408_RS18910
NZ_JAJFOJ010000002.1	1288403	1289455		minus	recombinase RecA	recA	75164304	protein-coding		WP_007884267.1	350	LK408_RS18915
NZ_JAJFOJ010000002.1	1289732	1290052		minus	thioredoxin	trxA	75164305	protein-coding		WP_007884268.1	106	LK408_RS18920
NZ_JAJFOJ010000002.1	1290334	1291923		minus	peptide chain release factor 3		75164306	protein-coding		WP_044927268.1	529	LK408_RS18925
NZ_JAJFOJ010000002.1	1292099	1292863		minus	SpoIIIAH-like family protein		75164307	protein-coding		WP_007884274.1	254	LK408_RS18930
NZ_JAJFOJ010000002.1	1292879	1293460		minus	hypothetical protein		75164308	protein-coding		WP_007884275.1	193	LK408_RS18935
NZ_JAJFOJ010000002.1	1293453	1294013		minus	stage III sporulation protein AF		75164309	protein-coding		WP_007884282.1	186	LK408_RS18940
NZ_JAJFOJ010000002.1	1294033	1295184		minus	stage III sporulation protein AE		75164310	protein-coding		WP_007884283.1	383	LK408_RS18945
NZ_JAJFOJ010000002.1	1295181	1295564		minus	SpoIIIAC/SpoIIIAD family protein		75164311	protein-coding		WP_007884284.1	127	LK408_RS18950
NZ_JAJFOJ010000002.1	1295605	1295799		minus	stage III sporulation protein AC	spoIIIAC	75164312	protein-coding		WP_007884285.1	64	LK408_RS18955
NZ_JAJFOJ010000002.1	1295833	1296351		minus	stage III sporulation protein AB		75164313	protein-coding		WP_007884286.1	172	LK408_RS18960
NZ_JAJFOJ010000002.1	1296345	1297307		minus	stage III sporulation protein AA	spoIIIAA	75164314	protein-coding		WP_227970724.1	320	LK408_RS18965
NZ_JAJFOJ010000002.1	1297442	1299229		minus	arginine--tRNA ligase	argS	75164315	protein-coding		WP_007884290.1	595	LK408_RS18970
NZ_JAJFOJ010000002.1	1299382	1299894		minus	QueT transporter family protein		75164316	protein-coding		WP_007884296.1	170	LK408_RS18975
NZ_JAJFOJ010000002.1	1300119	1300958		minus	diaminopimelate epimerase	dapF	75164317	protein-coding		WP_007884298.1	279	LK408_RS18980
NZ_JAJFOJ010000002.1	1301055	1301354		minus	hypothetical protein		75164318	protein-coding		WP_044927273.1	99	LK408_RS18985
NZ_JAJFOJ010000002.1	1301590	1302369		plus	RNA polymerase sporulation sigma factor SigG	sigG	75164319	protein-coding		WP_007884301.1	259	LK408_RS18990
NZ_JAJFOJ010000002.1	1302372	1303976		minus	MBL fold metallo-hydrolase RNA specificity domain-containing protein		75164320	protein-coding		WP_007884303.1	534	LK408_RS18995
NZ_JAJFOJ010000002.1	1304126	1304860		minus	RNA polymerase sporulation sigma factor SigE	sigE	75164321	protein-coding		WP_007884305.1	244	LK408_RS19000
NZ_JAJFOJ010000002.1	1304835	1305665		minus	sigma-E processing peptidase SpoIIGA		75164322	protein-coding		WP_321576013.1	276	LK408_RS19005
NZ_JAJFOJ010000002.1	1305844	1307031		minus	cell division protein FtsZ	ftsZ	75164323	protein-coding		WP_007884310.1	395	LK408_RS19010
NZ_JAJFOJ010000002.1	1307227	1308147		minus	cell division protein FtsQ/DivIB		75164324	protein-coding		WP_007884311.1	306	LK408_RS19015
NZ_JAJFOJ010000002.1	1308150	1309268		minus	putative lipid II flippase FtsW	ftsW	75164325	protein-coding		WP_021923808.1	372	LK408_RS19020
NZ_JAJFOJ010000002.1	1309323	1310684		minus	UDP-N-acetylmuramoyl-L-alanine--D-glutamate ligase	murD	75164326	protein-coding		WP_044927284.1	453	LK408_RS19025
NZ_JAJFOJ010000002.1	1310748	1311716		minus	phospho-N-acetylmuramoyl-pentapeptide-transferase	mraY	75164327	protein-coding		WP_055302133.1	322	LK408_RS19030
NZ_JAJFOJ010000002.1	1311781	1313496		minus	peptidoglycan D,D-transpeptidase FtsI family protein		75164328	protein-coding		WP_007884315.1	571	LK408_RS19035
NZ_JAJFOJ010000002.1	1313559	1315646		minus	peptidoglycan D,D-transpeptidase FtsI family protein		75164329	protein-coding		WP_044927278.1	695	LK408_RS19040
NZ_JAJFOJ010000002.1	1315684	1316190		minus	hypothetical protein		75164330	protein-coding		WP_007884317.1	168	LK408_RS19045
NZ_JAJFOJ010000002.1	1316194	1317132		minus	16S rRNA (cytosine(1402)-N(4))-methyltransferase RsmH	rsmH	75164331	protein-coding		WP_007884318.1	312	LK408_RS19050
NZ_JAJFOJ010000002.1	1317188	1317622		minus	division/cell wall cluster transcriptional repressor MraZ	mraZ	75164332	protein-coding		WP_055039932.1	144	LK408_RS19055
NZ_JAJFOJ010000002.1	1317831	1317992		minus	Spo0E family sporulation regulatory protein-aspartic acid phosphatase		75164333	protein-coding		WP_007884320.1	53	LK408_RS19060
NZ_JAJFOJ010000002.1	1318324	1318890		minus	zinc dependent phospholipase C family protein		75164334	protein-coding		WP_227970726.1	188	LK408_RS19065
NZ_JAJFOJ010000002.1	1319105	1319437		minus	DUF1540 domain-containing protein		75164335	protein-coding		WP_007884324.1	110	LK408_RS19070
NZ_JAJFOJ010000002.1	1319882	1321657		minus	threonine--tRNA ligase	thrS	75164336	protein-coding		WP_044926879.1	591	LK408_RS19075
NZ_JAJFOJ010000002.1	1322063	1322563		minus	SEC-C metal-binding domain-containing protein		75164337	protein-coding		WP_007882553.1	166	LK408_RS19080
NZ_JAJFOJ010000002.1	1322863	1324605		plus	IS1634 family transposase		75164338	protein-coding		WP_007888265.1	580	LK408_RS19085
NZ_JAJFOJ010000002.1	1324991	1326718		plus	IS1634 family transposase		75164339	protein-coding		WP_044928048.1	575	LK408_RS19090
NZ_JAJFOJ010000002.1	1326977	1328293		plus	IS30 family transposase		75164341	protein-coding		WP_321576000.1	438	LK408_RS19100
NZ_JAJFOJ010000002.1	1328705	1330213		minus	hypothetical protein		75164342	protein-coding		WP_044926885.1	502	LK408_RS19105
NZ_JAJFOJ010000002.1	1330840	1331673		minus	PD-(D/E)XK nuclease family transposase		75164343	protein-coding		WP_007882561.1	277	LK408_RS19110
NZ_JAJFOJ010000002.1	1331995	1332120		minus	nitroreductase family protein		75164344	protein-coding		WP_007882565.1	41	LK408_RS19115
NZ_JAJFOJ010000002.1	1332154	1332831		minus	hypothetical protein		75164345	protein-coding		WP_172727032.1	225	LK408_RS19120
NZ_JAJFOJ010000002.1	1333013	1333237		plus	hypothetical protein		75164346	protein-coding		WP_007882574.1	74	LK408_RS19125
NZ_JAJFOJ010000002.1	1333294	1333875		minus	DUF4340 domain-containing protein		75164347	protein-coding		WP_007882575.1	193	LK408_RS19130
NZ_JAJFOJ010000002.1	1333918	1336041		minus	Gldg family protein		75164348	protein-coding		WP_227970727.1	707	LK408_RS19135
NZ_JAJFOJ010000002.1	1336041	1337060		minus	ABC transporter ATP-binding protein		75164349	protein-coding		WP_055302126.1	339	LK408_RS19140
NZ_JAJFOJ010000002.1	1337239	1337847		minus	HAD family hydrolase		75164350	protein-coding		WP_007882593.1	202	LK408_RS19145
NZ_JAJFOJ010000002.1	1337913	1339193		minus	adenylosuccinate synthase		75164351	protein-coding		WP_044926888.1	426	LK408_RS19150
NZ_JAJFOJ010000002.1	1339337	1339978		minus	VanZ family protein		75164352	protein-coding		WP_007882603.1	213	LK408_RS19155
NZ_JAJFOJ010000002.1	1340098	1340985		minus	LysR family transcriptional regulator		75164353	protein-coding		WP_007882611.1	295	LK408_RS19160
NZ_JAJFOJ010000002.1	1341226	1342575		plus	MATE family efflux transporter		75164354	protein-coding		WP_021923737.1	449	LK408_RS19165
NZ_JAJFOJ010000002.1	1342572	1344950		minus	HAD-IC family P-type ATPase		75164355	protein-coding		WP_227970729.1	792	LK408_RS19170
NZ_JAJFOJ010000002.1	1345033	1346106		minus	C39 family peptidase		75164356	protein-coding		WP_007882614.1	357	LK408_RS19175
NZ_JAJFOJ010000002.1	1346290	1347675		minus	NADPH-dependent glutamate synthase	gltA	75164357	protein-coding		WP_007882615.1	461	LK408_RS19180
NZ_JAJFOJ010000002.1	1347742	1348623		minus	sulfide/dihydroorotate dehydrogenase-like FAD/NAD-binding protein		75164358	protein-coding		WP_007882616.1	293	LK408_RS19185
NZ_JAJFOJ010000002.1	1348841	1349653		minus	ABC transporter ATP-binding protein		75164359	protein-coding		WP_055169047.1	270	LK408_RS19190
NZ_JAJFOJ010000002.1	1349671	1350633		minus	ABC transporter permease		75164360	protein-coding		WP_007882619.1	320	LK408_RS19195
NZ_JAJFOJ010000002.1	1350637	1351746		minus	ABC transporter substrate-binding protein		75164361	protein-coding		WP_007882623.1	369	LK408_RS19200
NZ_JAJFOJ010000002.1	1352183	1353124		minus	TIGR03943 family putative permease subunit		75164362	protein-coding		WP_007882627.1	313	LK408_RS19205
NZ_JAJFOJ010000002.1	1353298	1354755		plus	DDE-type integrase/transposase/recombinase		75164363	protein-coding		WP_227970417.1	485	LK408_RS19210
NZ_JAJFOJ010000002.1	1355021	1356184		minus	CobW family GTP-binding protein		75164364	protein-coding		WP_007889617.1	387	LK408_RS19215
NZ_JAJFOJ010000002.1	1356373	1357020		minus	potassium channel family protein		75164365	protein-coding		WP_007889614.1	215	LK408_RS19220
NZ_JAJFOJ010000002.1	1357035	1358372		minus	TrkH family potassium uptake protein		75164366	protein-coding		WP_007889604.1	445	LK408_RS19225
NZ_JAJFOJ010000002.1	1358405	1360147		minus	ABC transporter ATP-binding protein		75164367	protein-coding		WP_007889602.1	580	LK408_RS19230
NZ_JAJFOJ010000002.1	1360282	1361637		minus	MATE family efflux transporter		75164368	protein-coding		WP_007889597.1	451	LK408_RS19235
NZ_JAJFOJ010000002.1	1361777	1362151		minus	serine/threonine-protein kinase		75164369	protein-coding		WP_007889593.1	124	LK408_RS19240
NZ_JAJFOJ010000002.1	1362181	1362384		minus	uncharacterized gene		97128134	pseudogene				LK408_RS20740
NZ_JAJFOJ010000002.1	1362631	1363869		minus	hypothetical protein		75164371	protein-coding		WP_007889592.1	412	LK408_RS19250
NZ_JAJFOJ010000002.1	1363977	1364261		minus	winged helix-turn-helix domain-containing protein		75164372	protein-coding		WP_021923725.1	94	LK408_RS19255
NZ_JAJFOJ010000002.1	1364397	1365920		minus	recombinase family protein		75164373	protein-coding		WP_007889590.1	507	LK408_RS19260
NZ_JAJFOJ010000002.1	1365913	1367634		minus	recombinase family protein		75164374	protein-coding		WP_007889589.1	573	LK408_RS19265
NZ_JAJFOJ010000002.1	1367636	1369333		minus	recombinase family protein		75164375	protein-coding		WP_007889587.1	565	LK408_RS19270
NZ_JAJFOJ010000002.1	1369460	1369708		minus	DUF6870 family protein		75164376	protein-coding		WP_021923722.1	82	LK408_RS19275
NZ_JAJFOJ010000002.1	1369791	1370177		minus	type II toxin-antitoxin system PemK/MazF family toxin		75164377	protein-coding		WP_007889583.1	128	LK408_RS19280
NZ_JAJFOJ010000002.1	1370183	1370350		minus	hypothetical protein		75164378	protein-coding		WP_156337705.1	55	LK408_RS19285
NZ_JAJFOJ010000002.1	1370322	1370642		minus	hypothetical protein		75164379	protein-coding		WP_007889577.1	106	LK408_RS19290
NZ_JAJFOJ010000002.1	1370651	1371073		minus	hypothetical protein		75164380	protein-coding		WP_007889575.1	140	LK408_RS19295
NZ_JAJFOJ010000002.1	1371725	1372048		minus	helix-turn-helix domain-containing protein		75164381	protein-coding		WP_005602820.1	107	LK408_RS19300
NZ_JAJFOJ010000002.1	1372241	1372453		minus	helix-turn-helix domain-containing protein		75164382	protein-coding		WP_014081251.1	70	LK408_RS19305
NZ_JAJFOJ010000002.1	1372702	1372935		plus	hypothetical protein		75164383	protein-coding		WP_005602824.1	77	LK408_RS19310
NZ_JAJFOJ010000002.1	1372960	1373304		minus	helix-turn-helix domain-containing protein		75164384	protein-coding		WP_005602826.1	114	LK408_RS19315
NZ_JAJFOJ010000002.1	1373565	1374179		minus	hypothetical protein		75164385	protein-coding		WP_005602828.1	204	LK408_RS19320
NZ_JAJFOJ010000002.1	1374186	1374449		minus	hypothetical protein		75164386	protein-coding		WP_005602830.1	87	LK408_RS19325
NZ_JAJFOJ010000002.1	1374938	1375711		minus	hypothetical protein		75164387	protein-coding		WP_005602834.1	257	LK408_RS19330
NZ_JAJFOJ010000002.1	1375764	1376303		minus	hypothetical protein		75164388	protein-coding		WP_015521442.1	179	LK408_RS19335
NZ_JAJFOJ010000002.1	1376369	1376896		minus	hypothetical protein		75164389	protein-coding		WP_005602838.1	175	LK408_RS19340
NZ_JAJFOJ010000002.1	1376949	1377437		minus	hypothetical protein		75164390	protein-coding		WP_006859337.1	162	LK408_RS19345
NZ_JAJFOJ010000002.1	1377582	1377731		minus	AgrD family cyclic lactone autoinducer peptide		75164391	protein-coding		WP_005602841.1	49	LK408_RS19350
NZ_JAJFOJ010000002.1	1377728	1378309		minus	accessory gene regulator B family protein		75164392	protein-coding		WP_005602844.1	193	LK408_RS19355
NZ_JAJFOJ010000002.1	1378447	1379751		minus	sensor histidine kinase		75164393	protein-coding		WP_005602847.1	434	LK408_RS19360
NZ_JAJFOJ010000002.1	1379752	1380477		minus	LytR/AlgR family response regulator transcription factor		75164394	protein-coding		WP_015561011.1	241	LK408_RS19365
NZ_JAJFOJ010000002.1	1380667	1381251		minus	accessory gene regulator B family protein		75164395	protein-coding		WP_118375753.1	194	LK408_RS19370
NZ_JAJFOJ010000002.1	1381266	1381430		minus	cyclic lactone autoinducer peptide		75164396	protein-coding		WP_006859755.1	54	LK408_RS19375
NZ_JAJFOJ010000002.1	1381534	1382496		minus	sensor histidine kinase		75164397	protein-coding		WP_007889037.1	320	LK408_RS19380
NZ_JAJFOJ010000002.1	1382466	1382819		minus	hypothetical protein		75164398	protein-coding		WP_007889039.1	117	LK408_RS19385
NZ_JAJFOJ010000002.1	1383107	1383244		minus	hypothetical protein		75164399	protein-coding		WP_007889044.1	45	LK408_RS19390
NZ_JAJFOJ010000002.1	1383229	1383972		minus	hypothetical protein		75164400	protein-coding		WP_227970731.1	247	LK408_RS19395
NZ_JAJFOJ010000002.1	1384316	1384921		minus	hypothetical protein		75164401	protein-coding		WP_007889050.1	201	LK408_RS19400
NZ_JAJFOJ010000002.1	1384921	1385598		minus	hypothetical protein		75164402	protein-coding		WP_007889053.1	225	LK408_RS19405
NZ_JAJFOJ010000002.1	1385624	1386286		minus	hypothetical protein		75164403	protein-coding		WP_007889055.1	220	LK408_RS19410
NZ_JAJFOJ010000002.1	1386303	1387034		minus	hypothetical protein		75164404	protein-coding		WP_007889059.1	243	LK408_RS19415
NZ_JAJFOJ010000002.1	1387361	1387726		minus	DUF6033 family protein		75164405	protein-coding		WP_007889064.1	121	LK408_RS19420
NZ_JAJFOJ010000002.1	1387833	1388792		minus	hypothetical protein		75164406	protein-coding		WP_227970733.1	319	LK408_RS19425
NZ_JAJFOJ010000002.1	1388944	1389225		minus	SMI1/KNR4 family protein		75164407	protein-coding		WP_147335114.1	93	LK408_RS19430
NZ_JAJFOJ010000002.1	1389246	1389551		minus	DNA alkylation repair protein		75164408	protein-coding		WP_330370533.1	101	LK408_RS19435
NZ_JAJFOJ010000002.1	1389532	1389867		minus	hypothetical protein		75164409	protein-coding		WP_007889069.1	111	LK408_RS19440
NZ_JAJFOJ010000002.1	1389868	1390014		minus	hypothetical protein		75164410	protein-coding		WP_007889071.1	48	LK408_RS19445
NZ_JAJFOJ010000002.1	1389998	1390699		minus	hypothetical protein		75164411	protein-coding		WP_007889074.1	233	LK408_RS19450
NZ_JAJFOJ010000002.1	1390731	1392134		minus	sensor histidine kinase		75164412	protein-coding		WP_007889076.1	467	LK408_RS19455
NZ_JAJFOJ010000002.1	1392135	1392770		minus	LytR/AlgR family response regulator transcription factor		75164413	protein-coding		WP_227970734.1	211	LK408_RS19460
NZ_JAJFOJ010000002.1	1393022	1393198		minus	hypothetical protein		75164414	protein-coding		WP_156337704.1	58	LK408_RS19465
NZ_JAJFOJ010000002.1	1393445	1394194		plus	ABC transporter ATP-binding protein		75164415	protein-coding		WP_007889080.1	249	LK408_RS19470
NZ_JAJFOJ010000002.1	1394208	1396214		plus	ABC transporter permease		75164416	protein-coding		WP_227970736.1	668	LK408_RS19475
NZ_JAJFOJ010000002.1	1396321	1397886		plus	sensor histidine kinase		75164417	protein-coding		WP_044928301.1	521	LK408_RS19480
NZ_JAJFOJ010000002.1	1397921	1398469		plus	response regulator transcription factor		75164418	protein-coding		WP_330370532.1	182	LK408_RS19485
NZ_JAJFOJ010000002.1	1398652	1399512		minus	alpha/beta fold hydrolase		75164419	protein-coding		WP_007889086.1	286	LK408_RS19490
NZ_JAJFOJ010000002.1	1399694	1400917		minus	CPBP family intramembrane glutamic endopeptidase		75164420	protein-coding		WP_007889087.1	407	LK408_RS19495
NZ_JAJFOJ010000002.1	1401034	1401459		minus	LytTR family DNA-binding domain-containing protein		75164421	protein-coding		WP_181974255.1	141	LK408_RS19500
NZ_JAJFOJ010000002.1	1401752	1402690		minus	nucleotidyl transferase AbiEii/AbiGii toxin family protein		75164422	protein-coding		WP_007889092.1	312	LK408_RS19505
NZ_JAJFOJ010000002.1	1402694	1403443		minus	type IV toxin-antitoxin system AbiEi family antitoxin domain-containing protein		75164423	protein-coding		WP_007889094.1	249	LK408_RS19510
NZ_JAJFOJ010000002.1	1403684	1403866		minus	DUF6440 family protein		75164424	protein-coding		WP_007889097.1	60	LK408_RS19515
NZ_JAJFOJ010000002.1	1403869	1404351		minus	YaiI/YqxD family protein		75164425	protein-coding		WP_044928320.1	160	LK408_RS19520
NZ_JAJFOJ010000002.1	1404351	1404443		minus	hypothetical protein		88554031	protein-coding		WP_334294275.1	30	LK408_RS20660
NZ_JAJFOJ010000002.1	1404632	1405546		minus	IS3 family transposase		75164427	protein-coding		WP_227970739.1	304	LK408_RS19530
NZ_JAJFOJ010000002.1	1405543	1405827		minus	transposase		75164428	protein-coding		WP_007889554.1	94	LK408_RS19535
NZ_JAJFOJ010000002.1	1405957	1406436		minus	uncharacterized gene		75164429	pseudogene				LK408_RS19540
NZ_JAJFOJ010000002.1	1406585	1406725		minus	hypothetical protein		75164430	protein-coding		WP_007888689.1	46	LK408_RS19545
NZ_JAJFOJ010000002.1	1406826	1407113		minus	macro domain-containing protein		75164431	protein-coding		WP_007888690.1	95	LK408_RS19550
NZ_JAJFOJ010000002.1	1407125	1407787		minus	hypothetical protein		75164432	protein-coding		WP_007888691.1	220	LK408_RS19555
NZ_JAJFOJ010000002.1	1407987	1408811		minus	SDR family NAD(P)-dependent oxidoreductase		75164433	protein-coding		WP_021923087.1	274	LK408_RS19560
NZ_JAJFOJ010000002.1	1408857	1409870		minus	NAD-dependent epimerase/dehydratase family protein		75164434	protein-coding		WP_007888697.1	337	LK408_RS19565
NZ_JAJFOJ010000002.1	1410038	1410550		minus	hypothetical protein		75164435	protein-coding		WP_227970741.1	170	LK408_RS19570
NZ_JAJFOJ010000002.1	1410599	1411657		minus	sensor histidine kinase		75164436	protein-coding		WP_007888702.1	352	LK408_RS19575
NZ_JAJFOJ010000002.1	1411677	1412348		minus	response regulator transcription factor		75164437	protein-coding		WP_118111656.1	223	LK408_RS19580
NZ_JAJFOJ010000002.1	1412548	1413183		plus	lactate utilization protein		75164438	protein-coding		WP_007888707.1	211	LK408_RS19585
NZ_JAJFOJ010000002.1	1413310	1414194		minus	N-carbamoylputrescine amidase	aguB	75164439	protein-coding		WP_007888708.1	294	LK408_RS19590
NZ_JAJFOJ010000002.1	1414323	1415420		minus	agmatine deiminase	aguA	75164440	protein-coding		WP_021923094.1	365	LK408_RS19595
NZ_JAJFOJ010000002.1	1415508	1416641		minus	carboxynorspermidine decarboxylase	nspC	75164441	protein-coding		WP_007888718.1	377	LK408_RS19600
NZ_JAJFOJ010000002.1	1416713	1417972		minus	saccharopine dehydrogenase family protein		75164442	protein-coding		WP_007888721.1	419	LK408_RS19605
NZ_JAJFOJ010000002.1	1418108	1418965		minus	polyamine aminopropyltransferase	speE	75164443	protein-coding		WP_007888724.1	285	LK408_RS19610
NZ_JAJFOJ010000002.1	1419025	1420473		minus	aminotransferase class I/II-fold pyridoxal phosphate-dependent enzyme		75164444	protein-coding		WP_021923097.1	482	LK408_RS19615
NZ_JAJFOJ010000002.1	1421101	1421277		minus	30S ribosomal protein S21	rpsU	75164445	protein-coding		WP_007888736.1	58	LK408_RS19620
NZ_JAJFOJ010000002.1	1421439	1424063		minus	alanine--tRNA ligase	alaS	75164446	protein-coding		WP_265336140.1	874	LK408_RS19625
NZ_JAJFOJ010000002.1	1424215	1424373		minus	hypothetical protein		75164447	protein-coding		WP_021923004.1	52	LK408_RS19630
NZ_JAJFOJ010000002.1	1424557	1425312		minus	MBL fold metallo-hydrolase		75164448	protein-coding		WP_007888740.1	251	LK408_RS19635
NZ_JAJFOJ010000002.1	1425303	1426610		minus	amidohydrolase family protein		75164449	protein-coding		WP_118930370.1	435	LK408_RS19640
NZ_JAJFOJ010000002.1	1426762	1428267		minus	stage IV sporulation protein A	spoIVA	75164450	protein-coding		WP_007888749.1	501	LK408_RS19645
NZ_JAJFOJ010000002.1	1428336	1429259		minus	diacylglycerol/lipid kinase family protein		75164451	protein-coding		WP_007888751.1	307	LK408_RS19650
NZ_JAJFOJ010000002.1	1429237	1430382		minus	GGDEF domain-containing protein		75164452	protein-coding		WP_007888754.1	381	LK408_RS19655
NZ_JAJFOJ010000002.1	1430839	1432773		minus	GAP1-N1 domain-containing protein		75164453	protein-coding		WP_227970744.1	644	LK408_RS19660
NZ_JAJFOJ010000002.1	1432763	1433593		minus	TRAFAC clade GTPase domain-containing protein		75164454	protein-coding		WP_118092009.1	276	LK408_RS19665
NZ_JAJFOJ010000002.1	1433586	1434566		minus	TRAFAC clade GTPase domain-containing protein		75164455	protein-coding		WP_007888762.1	326	LK408_RS19670
NZ_JAJFOJ010000002.1	1434577	1435623		minus	GTPase-associated system all-helical protein GASH		75164456	protein-coding		WP_118092007.1	348	LK408_RS19675
NZ_JAJFOJ010000002.1	1435636	1436928		minus	metallophosphoesterase		75164457	protein-coding		WP_007888779.1	430	LK408_RS19680
NZ_JAJFOJ010000002.1	1437071	1438534		minus	recombinase family protein		75164458	protein-coding		WP_007888780.1	487	LK408_RS19685
NZ_JAJFOJ010000002.1	1438772	1441360		plus	SNF2-related protein		75164459	protein-coding		WP_007888782.1	862	LK408_RS19690
NZ_JAJFOJ010000002.1	1441406	1442014		minus	uncharacterized gene		75164460	pseudogene				LK408_RS19695
NZ_JAJFOJ010000002.1	1442503	1443297		minus	aminoglycoside O-phosphotransferase APH(3')-IIIa	aph(3')-IIIa	75164462	protein-coding		WP_001096887.1	264	LK408_RS19705
NZ_JAJFOJ010000002.1	1443390	1443791		minus	uncharacterized gene		75164463	pseudogene				LK408_RS19710
NZ_JAJFOJ010000002.1	1443897	1444913		plus	DNA methyltransferase		75164464	protein-coding		WP_072850737.1	338	LK408_RS19715
NZ_JAJFOJ010000002.1	1444921	1445439		plus	hypothetical protein		75164465	protein-coding		WP_009860794.1	172	LK408_RS19720
NZ_JAJFOJ010000002.1	1445446	1448601		plus	type III restriction-modification system endonuclease		75164466	protein-coding		WP_009860795.1	1051	LK408_RS19725
NZ_JAJFOJ010000002.1	1448621	1450327		minus	MobQ family relaxase	mobQ	75164467	protein-coding		WP_009860797.1	568	LK408_RS19730
NZ_JAJFOJ010000002.1	1450766	1450972		minus	hypothetical protein		75164468	protein-coding		WP_009860798.1	68	LK408_RS19735
NZ_JAJFOJ010000002.1	1450977	1451189		minus	DUF6471 domain-containing protein		75164469	protein-coding		WP_014078521.1	70	LK408_RS19740
NZ_JAJFOJ010000002.1	1451207	1451392		minus	hypothetical protein		75164470	protein-coding		WP_009860800.1	61	LK408_RS19745
NZ_JAJFOJ010000002.1	1451579	1452958		minus	DNA primase family protein		75164471	protein-coding		WP_009860801.1	459	LK408_RS19750
NZ_JAJFOJ010000002.1	1452936	1453556		minus	CHC2 zinc finger domain-containing protein		75164472	protein-coding		WP_009860802.1	206	LK408_RS19755
NZ_JAJFOJ010000002.1	1453625	1455547		minus	recombinase family protein		75164473	protein-coding		WP_014078520.1	640	LK408_RS19760
NZ_JAJFOJ010000002.1	1455549	1455752		minus	transposon-encoded TnpW family protein		75164474	protein-coding		WP_007885061.1	67	LK408_RS19765
NZ_JAJFOJ010000002.1	1455952	1456863		plus	hypothetical protein		75164475	protein-coding		WP_007885060.1	303	LK408_RS19770
NZ_JAJFOJ010000002.1	1456895	1457815		plus	hypothetical protein		75164476	protein-coding		WP_007885059.1	306	LK408_RS19775
NZ_JAJFOJ010000002.1	1457812	1458840		plus	virulence RhuM family protein		75164477	protein-coding		WP_007885054.1	342	LK408_RS19780
NZ_JAJFOJ010000002.1	1458907	1459182		minus	DUF6809 family protein		75164478	protein-coding		WP_007885051.1	91	LK408_RS19785
NZ_JAJFOJ010000002.1	1459196	1459546		minus	TnpV protein		75164479	protein-coding		WP_007885050.1	116	LK408_RS19790
NZ_JAJFOJ010000002.1	1459650	1459808		minus	hypothetical protein		75164480	protein-coding		WP_007885049.1	52	LK408_RS19795
NZ_JAJFOJ010000002.1	1459805	1461523		minus	recombinase family protein		75164481	protein-coding		WP_227970745.1	572	LK408_RS19800
NZ_JAJFOJ010000002.1	1461526	1463205		minus	recombinase family protein		75164482	protein-coding		WP_044927428.1	559	LK408_RS19805
NZ_JAJFOJ010000002.1	1463339	1463608		minus	DUF6870 family protein		75164483	protein-coding		WP_172727065.1	89	LK408_RS19810
NZ_JAJFOJ010000002.1	1463700	1463828		minus	hypothetical protein		76380070	protein-coding		WP_007885041.1	42	LK408_RS20210
NZ_JAJFOJ010000002.1	1463825	1465834		minus	ATP-dependent DNA helicase		75164484	protein-coding		WP_007885040.1	669	LK408_RS19815
NZ_JAJFOJ010000002.1	1466555	1469230		plus	pyridoxal-dependent decarboxylase		75164485	protein-coding		WP_007885031.1	891	LK408_RS19820
NZ_JAJFOJ010000002.1	1469289	1473503		minus	SIR2 family protein		75164486	protein-coding		WP_044927427.1	1404	LK408_RS19825
NZ_JAJFOJ010000002.1	1473739	1474677		minus	tyrosine-type recombinase/integrase		75164487	protein-coding		WP_227970747.1	312	LK408_RS19830
NZ_JAJFOJ010000002.1	1474921	1475337		minus	hypothetical protein		75164488	protein-coding		WP_007885027.1	138	LK408_RS19835
NZ_JAJFOJ010000002.1	1475804	1477093		minus	sensor histidine kinase		75164489	protein-coding		WP_007885021.1	429	LK408_RS19840
NZ_JAJFOJ010000002.1	1477114	1477824		minus	LytR/AlgR family response regulator transcription factor		75164490	protein-coding		WP_007885020.1	236	LK408_RS19845
NZ_JAJFOJ010000002.1	1477888	1478190		minus	helix-turn-helix domain-containing protein		75164491	protein-coding		WP_227970749.1	100	LK408_RS19850
NZ_JAJFOJ010000002.1	1478361	1478780		minus	hypothetical protein		75164492	protein-coding		WP_007885018.1	139	LK408_RS19855
NZ_JAJFOJ010000002.1	1479007	1479333		minus	hypothetical protein		75164493	protein-coding		WP_227970751.1	108	LK408_RS19860
NZ_JAJFOJ010000002.1	1479713	1480084		plus	uncharacterized gene		75164494	pseudogene				LK408_RS19865
NZ_JAJFOJ010000002.1	1480174	1480749		minus	hypothetical protein		75164495	protein-coding		WP_118091994.1	191	LK408_RS19870
NZ_JAJFOJ010000002.1	1480935	1481855		minus	RHS repeat domain-containing protein		76380071	protein-coding		WP_007885006.1	306	LK408_RS20215
NZ_JAJFOJ010000002.1	1481868	1482713		minus	hypothetical protein		75164498	protein-coding		WP_007885005.1	281	LK408_RS19885
NZ_JAJFOJ010000002.1	1482722	1483330		minus	DUF1963 domain-containing protein		75164499	protein-coding		WP_007885004.1	202	LK408_RS19890
NZ_JAJFOJ010000002.1	1483350	1484021		minus	RHS repeat domain-containing protein		76380072	protein-coding		WP_007885000.1	223	LK408_RS20220
NZ_JAJFOJ010000002.1	1484114	1484428		minus	hypothetical protein		75164501	protein-coding		WP_007884999.1	104	LK408_RS19900
NZ_JAJFOJ010000002.1	1484837	1485094		minus	hypothetical protein		75164502	protein-coding		WP_007884998.1	85	LK408_RS19905
NZ_JAJFOJ010000002.1	1485091	1485342		minus	ABC transporter substrate-binding protein		75164503	protein-coding		WP_227970753.1	83	LK408_RS19910
NZ_JAJFOJ010000002.1	1485379	1486770		minus	hypothetical protein		75164504	protein-coding		WP_118091989.1	463	LK408_RS19915
NZ_JAJFOJ010000002.1	1486793	1487302		minus	hypothetical protein		75164505	protein-coding		WP_007884995.1	169	LK408_RS19920
NZ_JAJFOJ010000002.1	1487327	1487749		minus	hypothetical protein		75164506	protein-coding		WP_147402616.1	140	LK408_RS19925
NZ_JAJFOJ010000002.1	1487773	1488357		minus	enolase family protein		75164507	protein-coding		WP_007884986.1	194	LK408_RS19930
NZ_JAJFOJ010000002.1	1488449	1489057		minus	hypothetical protein		75164508	protein-coding		WP_118091988.1	202	LK408_RS19935
NZ_JAJFOJ010000002.1	1489139	1489309		minus	hypothetical protein		75164509	protein-coding		WP_007884979.1	56	LK408_RS19940
NZ_JAJFOJ010000002.1	1489306	1490187		minus	hypothetical protein		75164510	protein-coding		WP_118092033.1	293	LK408_RS19945
NZ_JAJFOJ010000002.1	1490256	1491188		minus	hypothetical protein		75164511	protein-coding		WP_118091987.1	310	LK408_RS19950
NZ_JAJFOJ010000002.1	1491185	1492546		minus	PAAR-like protein		75164512	protein-coding		WP_049887982.1	453	LK408_RS19955
NZ_JAJFOJ010000002.1	1492575	1493150		minus	hypothetical protein		75164513	protein-coding		WP_118091986.1	191	LK408_RS19960
NZ_JAJFOJ010000002.1	1493165	1494436		minus	hypothetical protein		75164514	protein-coding		WP_007884965.1	423	LK408_RS19965
NZ_JAJFOJ010000002.1	1494489	1495874		minus	hypothetical protein		75164515	protein-coding		WP_118091985.1	461	LK408_RS19970
NZ_JAJFOJ010000002.1	1495891	1496397		minus	hypothetical protein		75164516	protein-coding		WP_007884959.1	168	LK408_RS19975
NZ_JAJFOJ010000002.1	1496426	1497199		minus	hypothetical protein		75164517	protein-coding		WP_118091984.1	257	LK408_RS19980
NZ_JAJFOJ010000002.1	1497214	1499805		minus	Hsp70 family protein		75164518	protein-coding		WP_044928153.1	863	LK408_RS19985
NZ_JAJFOJ010000002.1	1499823	1500515		minus	hypothetical protein		75164519	protein-coding		WP_007888297.1	230	LK408_RS19990
NZ_JAJFOJ010000002.1	1500521	1501765		minus	hypothetical protein		75164520	protein-coding		WP_172727130.1	414	LK408_RS19995
NZ_JAJFOJ010000002.1	1501890	1503647		minus	PP2C family protein-serine/threonine phosphatase		75164521	protein-coding		WP_007888295.1	585	LK408_RS20000
NZ_JAJFOJ010000002.1	1503644	1504474		minus	PP2C family protein-serine/threonine phosphatase		75164522	protein-coding		WP_007888294.1	276	LK408_RS20005
NZ_JAJFOJ010000002.1	1504471	1504977		minus	FHA domain-containing protein		75164523	protein-coding		WP_007888293.1	168	LK408_RS20010
NZ_JAJFOJ010000002.1	1504991	1505527		minus	FHA domain-containing protein		75164524	protein-coding		WP_044928149.1	178	LK408_RS20015
NZ_JAJFOJ010000002.1	1505580	1505999		minus	J domain-containing protein		88092483	protein-coding		WP_007888291.1	139	LK408_RS20495
NZ_JAJFOJ010000002.1	1506107	1506532		minus	hypothetical protein		75164526	protein-coding		WP_007888288.1	141	LK408_RS20025
NZ_JAJFOJ010000002.1	1506600	1507030		minus	uncharacterized gene		97128135	pseudogene				LK408_RS20745
NZ_JAJFOJ010000002.1	1507148	1507408		minus	hypothetical protein		75164528	protein-coding		WP_227970757.1	86	LK408_RS20035
NZ_JAJFOJ010000002.1	1508059	1508253		minus	hypothetical protein		75164529	protein-coding		WP_227970763.1	64	LK408_RS20040
NZ_JAJFOJ010000002.1	1508222	1508932		minus	hypothetical protein		75164530	protein-coding		WP_227970764.1	236	LK408_RS20045
NZ_JAJFOJ010000002.1	1508971	1509237		minus	hypothetical protein		75164531	protein-coding		WP_227970765.1	88	LK408_RS20050
NZ_JAJFOJ010000002.1	1509606	1510055		minus	hypothetical protein		75164532	protein-coding		WP_227970766.1	149	LK408_RS20055
NZ_JAJFOJ010000002.1	1510083	1510298		minus	hypothetical protein		75164533	protein-coding		WP_227970768.1	71	LK408_RS20060
NZ_JAJFOJ010000002.1	1510425	1510769		minus	vWA domain-containing protein		75164534	protein-coding		WP_227970770.1	114	LK408_RS20065
NZ_JAJFOJ010000002.1	1510750	1510902		minus	hypothetical protein		75164535	protein-coding		WP_227970592.1	50	LK408_RS20070
